dataset,model,sample_id,sample_index,gt_response,nearfp_response,gt_nearfp_gap,gt_vs_nearfp_auroc,coverage,precision,background_response,pred_area_ratio,fp_area_ratio,RemoveFP,RemoveTP,AddTP,AddFP,entropy,normalized_entropy,iou,raw_range
flickr,original_1.3g_final,10000130166,0,0.7883765697479248,0.7189038991928101,0.06947267055511475,0.6939239501953125,0.8629087725880072,0.8256603547817764,0.5120818614959717,0.6662348533163265,0.06778140943877552,0,0,0,0,5.275714615019669,0.9995452838057145,0.7799756972899652,0.001680279616266489
flickr,original_1.3g_final,10007936344,1,0.8608758449554443,0.7816275954246521,0.07924824953079224,0.79718017578125,0.9748452626567211,0.6360341703339374,0.5971607565879822,0.769889987244898,0.2589485012755102,0,0,0,0,5.276087357842478,0.9996159042538999,0.643244233840354,0.0016545250546187162
flickr,original_1.3g_final,10008553263,2,0.8137784004211426,0.8238111734390259,-0.0100327730178833,0.5892181396484375,0.8814822817631807,0.32542278238672623,0.658391535282135,0.7495216836734694,0.3850247130102041,0,0,0,0,5.276811259841236,0.9997530558782005,0.3685962111857362,0.0014968859031796455
flickr,original_1.3g_final,10009662863,3,0.8750447630882263,0.7846893072128296,0.09035545587539673,0.7578277587890625,0.9875369938052609,0.6116284894576256,0.6707623600959778,0.8752790178571429,0.27804129464285715,0,0,0,0,5.276110403242255,0.9996202704720033,0.6527465584486593,0.0018335687927901745
flickr,original_1.3g_final,10013411946,4,0.7680720090866089,0.7624324560165405,0.005639553070068359,0.573760986328125,0.8166012186865268,0.5092551933794967,0.5520786643028259,0.5900231186224489,0.2064532844387755,0,0,0,0,5.276600579731809,0.9997131400895092,0.5230990753430599,0.001398822758346796
flickr,original_1.3g_final,10016382545,5,0.7128827571868896,0.7590025067329407,-0.046119749546051025,0.42047119140625,0.8433630289532293,0.6447202642421765,0.5165632963180542,0.5852798150510204,0.15407764668367346,0,0,0,0,5.2762887345996194,0.9996540574146672,0.6273317650177264,0.0016446281224489212
flickr,original_1.3g_final,10031203703,6,0.841590166091919,0.7169261574745178,0.12466400861740112,0.833770751953125,0.9720936092475354,0.830364829961257,0.4920143485069275,0.7407525510204082,0.09948979591836735,0,0,0,0,5.277024439318106,0.9997934452010239,0.8400152418279306,0.0011104722507297993
flickr,original_1.3g_final,10035917404,7,0.8182573318481445,0.7741710543632507,0.0440862774848938,0.7021331787109375,0.8458326768552071,0.7566809494277499,0.5639892816543579,0.7069913903061225,0.1520049426020408,0,0,0,0,5.276906704449333,0.9997711389654881,0.681939433971851,0.0012173736467957497
flickr,original_1.3g_final,10045181004,8,0.7633994221687317,0.7260112762451172,0.0373881459236145,0.6396942138671875,0.836653466540696,0.7161711060637346,0.5274754166603088,0.5791214923469388,0.15013153698979592,0,0,0,0,5.275671882439701,0.9995371876231328,0.6421705522040332,0.0018541463650763035
flickr,original_1.3g_final,10060697266,9,0.7772217988967896,0.6772909760475159,0.09993082284927368,0.76287841796875,0.9319250819310251,0.9037049234315824,0.4380022883415222,0.6051698022959183,0.042291135204081634,0,0,0,0,5.2740812036169125,0.9992358150828439,0.86928011404134,0.002094024559482932
flickr,original_1.3g_final,10061269855,10,0.7054218053817749,0.7021568417549133,0.0032649636268615723,0.521209716796875,0.718748585823541,0.9441604248404867,0.3734907805919647,0.5028898278061225,0.02112563775510204,0,0,0,0,5.274631764682896,0.9993401252582624,0.6964758159998831,0.0018002483993768692
flickr,original_1.3g_final,10067897816,11,0.8223742246627808,0.7900528907775879,0.03232133388519287,0.6899871826171875,0.9412226012625966,0.35251270302816695,0.6098294258117676,0.6785514987244898,0.41563695790816324,0,0,0,0,5.2769567120288885,0.9997806134810651,0.3571332926665972,0.0013253376819193363
flickr,original_1.3g_final,10069511285,12,0.8512538075447083,0.820336639881134,0.03091716766357422,0.6604232788085938,0.9600125450838952,0.7909356347381205,0.537761926651001,0.7713050063775511,0.12452168367346939,0,0,0,0,5.275696365419009,0.9995418262073411,0.8027168069650958,0.0016861394979059696
flickr,original_1.3g_final,10079676496,13,0.8364086151123047,0.7606256604194641,0.07578295469284058,0.7537078857421875,0.9693342227189962,0.6991392089043768,0.5350046753883362,0.7663624043367347,0.1530811543367347,0,0,0,0,5.275548600830542,0.9995138304933397,0.7591026527932685,0.00169140356592834
flickr,original_1.3g_final,10080652613,14,0.8112080693244934,0.7183452248573303,0.09286284446716309,0.7784881591796875,0.9705357142857143,0.8579448994787788,0.3896259367465973,0.6691446109693877,0.07364078443877552,0,0,0,0,5.274350936148831,0.9992869190374439,0.8630861423220973,0.0016490686684846878
flickr,original_1.3g_final,10106776154,15,0.6818603277206421,0.7409039735794067,-0.05904364585876465,0.38958740234375,0.7480036831856537,0.8608630693860533,0.4692973792552948,0.573600924744898,0.06253985969387756,0,0,0,0,5.277490396937683,0.9998817262728952,0.6832728927374764,0.0009726895950734615
flickr,original_1.3g_final,10109936483,16,0.8778873682022095,0.8047164678573608,0.07317090034484863,0.73895263671875,0.9993254844248222,0.4904155758177605,0.5600290894508362,0.6622887436224489,0.30506616709183676,0,0,0,0,5.275844048793456,0.9995698065344052,0.5154831567294006,0.0013564135879278183
flickr,original_1.3g_final,10110769444,17,0.7951217889785767,0.7492428421974182,0.04587894678115845,0.68182373046875,0.95826855412814,0.6587725712999943,0.5533580183982849,0.7085857780612245,0.20493861607142858,0,0,0,0,5.275502129427531,0.9995050259473964,0.6744996400287977,0.0019491873681545258
flickr,original_1.3g_final,10111706074,18,0.7440587282180786,0.7533198595046997,-0.009261131286621094,0.553009033203125,0.7715415620959769,0.6644833797281807,0.45149940252304077,0.6085578762755102,0.11473612882653061,0,0,0,0,5.276618538994777,0.9997165426800414,0.6329745749493059,0.0011813375167548656
flickr,original_1.3g_final,10119607346,19,0.7435780167579651,0.7933996915817261,-0.049821674823760986,0.5300445556640625,0.7275628087576649,0.5948078071471226,0.4980083107948303,0.6341079400510204,0.14399314413265307,0,0,0,0,5.277097146175277,0.9998072203578486,0.5694041189655951,0.0009016063995659351
flickr,original_1.3g_final,10119736773,20,0.8141911029815674,0.6934674978256226,0.12072360515594482,0.7736378205128205,0.9644582281260292,0.8856545188769596,0.3204840421676636,0.7907764668367347,0.0011160714285714285,0,0,0,0,5.276196488560885,0.9996365803334193,0.9629781869998904,0.001371479593217373
flickr,original_1.3g_final,10129791115,21,0.812919557094574,0.7195054292678833,0.09341412782669067,0.735687255859375,0.9121520794134821,0.7105050368922879,0.49107053875923157,0.5915377869897959,0.15068957270408162,0,0,0,0,5.275511933729671,0.999506883486077,0.6873584198432229,0.0015229643322527409
flickr,original_1.3g_final,10129813456,22,0.8317071199417114,0.6827523708343506,0.14895474910736084,0.88037109375,0.9909713628361773,0.777366075090924,0.5543020367622375,0.7288145727040817,0.1283282844387755,0,0,0,0,5.277603576954866,0.9999031695390026,0.8093123229562569,0.0009505837224423885
flickr,original_1.3g_final,10163352444,23,0.8190754652023315,0.7179046869277954,0.10117077827453613,0.7574310302734375,0.9587824133827252,0.8121077888519749,0.4834077060222626,0.7018694196428571,0.11226482780612244,0,0,0,0,5.276005896090826,0.999600470380839,0.8064857243567148,0.0014522578567266464
flickr,original_1.3g_final,10165890496,24,0.7456923723220825,0.7606513500213623,-0.014958977699279785,0.5507659912109375,0.729395262550621,0.6593586387434555,0.5094670057296753,0.4872448979591837,0.15886080994897958,0,0,0,0,5.273542935753474,0.9991338339971361,0.5360557338343614,0.0021538075525313616
flickr,original_1.3g_final,10173808724,25,0.8137174844741821,0.7166217565536499,0.09709572792053223,0.774078369140625,0.8788426763110307,0.870212349271186,0.42182204127311707,0.7123525191326531,0.07906170280612244,0,0,0,0,5.275633135609011,0.9995298465869501,0.790263980284052,0.001373825129121542
flickr,original_1.3g_final,10202025415,26,0.7795229554176331,0.689459502696991,0.09006345272064209,0.76971435546875,0.893295989675577,0.939458257529816,0.34383442997932434,0.6901506696428571,0.024972098214285716,0,0,0,0,5.275454316091341,0.9994959671566583,0.86358387640524,0.0015681739896535873
flickr,original_1.3g_final,10221582415,27,0.7640256881713867,0.6900467276573181,0.0739789605140686,0.7280731201171875,0.8590010839656467,0.732904584388606,0.5683366656303406,0.7003547512755102,0.1722138073979592,0,0,0,0,5.2770222314754704,0.9997930268996457,0.66682201250534,0.0015049232169985771
flickr,original_1.3g_final,10234680056,28,0.763022780418396,0.7380841970443726,0.024938583374023438,0.6330413818359375,0.8633065376680658,0.7466621546791362,0.4512774348258972,0.6478396045918368,0.05775669642857143,0,0,0,0,5.275719949341747,0.9995462944548615,0.7826325293434799,0.0015914114192128181
flickr,original_1.3g_final,10246013484,29,0.7957853078842163,0.7073625326156616,0.08842277526855469,0.7513275146484375,0.9563669258603433,0.7430686406460296,0.46727198362350464,0.6663544323979592,0.07555404974489796,0,0,0,0,5.275736576963676,0.9995494447505642,0.8345762370250932,0.0016813608817756176
flickr,original_1.3g_final,10268129763,30,0.8541765213012695,0.8156554698944092,0.03852105140686035,0.6729736328125,0.9801745852514548,0.645396053760366,0.5587154030799866,0.6969467474489796,0.20998086734693877,0,0,0,0,5.2767644769988165,0.9997441923264514,0.6724718431559502,0.0011778599582612514
flickr,original_1.3g_final,10278084464,31,0.772804856300354,0.8041941523551941,-0.03138929605484009,0.44244384765625,0.9388596714778862,0.5657248157248157,0.5728750228881836,0.7138073979591837,0.28164859693877553,0,0,0,0,5.2766610225965245,0.9997245916908133,0.5673484816665967,0.0012384387664496899
flickr,original_1.3g_final,10283938426,32,0.8316484093666077,0.7845934629440308,0.047054946422576904,0.6965179443359375,0.9925278589342503,0.48801200071190665,0.6087315082550049,0.7838608099489796,0.3352200255102041,0,0,0,0,5.276804414750597,0.9997517589964385,0.53082954215468,0.0013148984871804714
flickr,original_1.3g_final,10289643764,33,0.8134734034538269,0.7275195717811584,0.08595383167266846,0.7331085205078125,0.9628491838275494,0.6080294610857199,0.48922184109687805,0.6061264349489796,0.20509805484693877,0,0,0,0,5.274458760389791,0.9993073475896679,0.6269218381841913,0.0017500193789601326
flickr,original_1.3g_final,10304554474,34,0.8146178722381592,0.8733782768249512,-0.05876040458679199,0.397705078125,0.8594332042947922,0.6301850413732158,0.6164689064025879,0.7442402742346939,0.22092235331632654,0,0,0,0,5.275535033568766,0.9995112600183402,0.611771128499753,0.0016205045394599438
flickr,original_1.3g_final,10308472565,35,0.8346070051193237,0.7978261709213257,0.03678083419799805,0.6295623779296875,0.9686132195689512,0.5608578486413653,0.5223804712295532,0.6212332589285714,0.21434550382653061,0,0,0,0,5.274553251335987,0.9993252499946544,0.6069469518122483,0.001807107124477625
flickr,original_1.3g_final,10369815925,36,0.7786380648612976,0.6385907530784607,0.14004731178283691,0.8046417236328125,0.9230368207816969,0.930130283381364,0.34861963987350464,0.6639030612244898,0.02353714923469388,0,0,0,0,5.274323696168903,0.9992817581075121,0.8916659472215028,0.001782150473445654
flickr,original_1.3g_final,10389014583,37,0.7460681200027466,0.7626509666442871,-0.016582846641540527,0.5009765625,0.8259195251155277,0.6261143231465922,0.5868642926216125,0.6997568558673469,0.17942841198979592,0,0,0,0,5.276055234772505,0.9996098181659601,0.6171673217293655,0.001759601291269064
flickr,original_1.3g_final,10409146004,38,0.7680916786193848,0.8552341461181641,-0.0871424674987793,0.3990020751953125,0.820596908684157,0.5072283855558,0.5753245949745178,0.634147799744898,0.30721859056122447,0,0,0,0,5.276836081400788,0.9997577586103604,0.46003762506057067,0.0011124741286039352
flickr,original_1.3g_final,10409351364,39,0.8577759265899658,0.7262305021286011,0.13154542446136475,0.877716064453125,1.0,0.5465927494705369,0.5356059670448303,0.6399075255102041,0.26500717474489793,0,0,0,0,5.273545606978422,0.9991343400916642,0.5689370117029209,0.0022320577409118414
flickr,original_1.3g_final,10413912845,40,0.813618004322052,0.8700047731399536,-0.05638676881790161,0.4005279541015625,0.8798012355627183,0.3343256668481219,0.5785252451896667,0.5857780612244898,0.3778499681122449,0,0,0,0,5.2731290454591235,0.9990554176835332,0.3261583908656399,0.002028984948992729
flickr,original_1.3g_final,10437048305,41,0.7173140048980713,0.7166881561279297,0.0006258487701416016,0.5346832275390625,0.7391304347826086,0.9337839611497571,0.3672473430633545,0.45553651147959184,0.018116230867346938,0,0,0,0,5.275785468968638,0.9995587079076038,0.7165735005287808,0.0015332670882344246
flickr,original_1.3g_final,10440265465,42,0.8332661390304565,0.7750893831253052,0.05817675590515137,0.682098388671875,0.9774801009512716,0.6523288203666515,0.4921877384185791,0.6153140943877551,0.18114237882653061,0,0,0,0,5.276467330471004,0.999687894472578,0.678274340753713,0.0012846500612795353
flickr,original_1.3g_final,10441843213,43,0.8618772029876709,0.7447517514228821,0.11712545156478882,0.840301513671875,0.9849217375196814,0.7134365607556892,0.5027350783348083,0.7426658163265306,0.1717155612244898,0,0,0,0,5.273618395299922,0.9991481306828506,0.7466054453290647,0.002064099535346031
flickr,original_1.3g_final,10446128125,44,0.7736855149269104,0.7236453294754028,0.05004018545150757,0.6661224365234375,0.8815425989279376,0.7417795566502463,0.5035481452941895,0.6473214285714286,0.14196029974489796,0,0,0,0,5.276463480810562,0.9996871651097864,0.6992903478601593,0.0013530543074011803
flickr,original_1.3g_final,10451898725,45,0.9270675182342529,0.8837430477142334,0.04332447052001953,0.564666748046875,1.0,0.05226101573479567,0.7135782837867737,0.7232342155612245,0.6748246173469388,0,0,0,0,5.275203132367912,0.999448377488823,0.053039307538489504,0.0015463135205209255
flickr,original_1.3g_final,10468313544,46,0.8557665348052979,0.7559438943862915,0.09982264041900635,0.8182830810546875,1.0,0.36022793263646924,0.6785300374031067,0.8236607142857143,0.5087292729591837,0,0,0,0,5.27535184693528,0.9994765531873383,0.3683793781780841,0.0020389908459037542
flickr,original_1.3g_final,10476442285,47,0.81003737449646,0.7502905130386353,0.05974686145782471,0.704864501953125,0.9905660377358491,0.6213447762743537,0.5247496366500854,0.5759127869897959,0.2008330676020408,0,0,0,0,5.276957092128553,0.9997806854953522,0.6366344005956813,0.0012631621211767197
flickr,original_1.3g_final,10476446674,48,0.8080295324325562,0.7470002174377441,0.06102931499481201,0.7222747802734375,0.9775183893359118,0.46164133342031444,0.5323513746261597,0.6110092474489796,0.2666015625,0,0,0,0,5.277041343827988,0.9997966479563585,0.5080863743246397,0.0011749789118766785
flickr,original_1.3g_final,10477544895,49,0.7443429231643677,0.7423925399780273,0.001950383186340332,0.5512847900390625,0.8354686887174794,0.5661071001461665,0.4791960120201111,0.4499561543367347,0.17737563775510204,0,0,0,0,5.275999392766619,0.9995992382506889,0.5281841474502025,0.001590060070157051
flickr,original_1.3g_final,10481128583,50,0.7913854122161865,0.7762612104415894,0.015124201774597168,0.5568695068359375,0.929614181438999,0.6054516268444774,0.5269989967346191,0.6456074617346939,0.24065290178571427,0,0,0,0,5.273697224908814,0.9991630658659569,0.591233834745124,0.002038009464740753
flickr,original_1.3g_final,10520382525,51,0.8435310125350952,0.775672435760498,0.06785857677459717,0.6922760009765625,0.977480372160599,0.6003328986203583,0.5047935843467712,0.5807158801020408,0.18478954081632654,0,0,0,0,5.274406910422088,0.9992975240123015,0.6438759547253152,0.0018688528798520565
flickr,original_1.3g_final,10545790805,52,0.7752140164375305,0.7592113018035889,0.01600271463394165,0.593292236328125,0.9258795647239468,0.7369742540585063,0.5332339406013489,0.7500996492346939,0.1444714604591837,0,0,0,0,5.276444737208764,0.9996836139171716,0.7454914397828366,0.0015681986697018147
flickr,original_1.3g_final,10548273474,53,0.8434714078903198,0.795517086982727,0.04795432090759277,0.7022552490234375,0.9522210349564952,0.4214153014693464,0.5533811450004578,0.5900231186224489,0.29358657525510207,0,0,0,0,5.2762278241536045,0.9996425172246661,0.4482448891603492,0.0014632642269134521
flickr,original_1.3g_final,10549911663,54,0.7793982028961182,0.7179871797561646,0.06141102313995361,0.6989288330078125,0.8401387356140627,0.5095202972190351,0.5942306518554688,0.7295519770408163,0.3494897959183674,0,0,0,0,5.275862637016159,0.9995733282886495,0.46937953770462926,0.0015457076951861382
flickr,original_1.3g_final,10555704135,55,0.7818913459777832,0.7391061782836914,0.0427851676940918,0.6641387939453125,0.844669150257229,0.4555317439057059,0.559654712677002,0.5207868303571429,0.2622767857142857,0,0,0,0,5.274879526502054,0.9993870666066708,0.4367856159985322,0.0019197906367480755
flickr,original_1.3g_final,10557361454,56,0.6764966249465942,0.8890262842178345,-0.21252965927124023,0.0941925048828125,0.7207683073229292,0.1838559529642332,0.56914883852005,0.4881218112244898,0.3850845025510204,0,0,0,0,5.272706806803363,0.9989754196760966,0.17610825397446175,0.0021138498559594154
flickr,original_1.3g_final,10610974774,57,0.8008785247802734,0.7689331769943237,0.03194534778594971,0.6100311279296875,0.952235239260943,0.9353619786448344,0.33162352442741394,0.6962093431122449,0.023856026785714284,0,0,0,0,5.273791285822282,0.999180886796259,0.9201374222072034,0.0017982122953981161
flickr,original_1.3g_final,10624261424,58,0.8084250688552856,0.8046016693115234,0.003823399543762207,0.5228118896484375,0.9896364710304463,0.602898361084759,0.5066678524017334,0.6092354910714286,0.1771564094387755,0,0,0,0,5.274348487105149,0.9992864550377318,0.669889502762431,0.0020136614330112934
flickr,original_1.3g_final,10635080206,59,0.8788211941719055,0.7797996401786804,0.0990215539932251,0.82861328125,0.9969565984474241,0.6043421298895751,0.57393878698349,0.7453962053571429,0.2663624043367347,0,0,0,0,5.276229805521259,0.999642892617734,0.6272164719593751,0.001352737657725811
flickr,original_1.3g_final,10654057765,60,0.761589765548706,0.8055472373962402,-0.04395747184753418,0.3715362548828125,0.9284537643025689,0.6829763542280736,0.5078073740005493,0.6085379464285714,0.1334502551020408,0,0,0,0,5.275770795595681,0.9995559278670204,0.7152313338134925,0.0017409618012607098
flickr,original_1.3g_final,10659354545,61,0.7464885115623474,0.8655921816825867,-0.11910367012023926,0.305908203125,0.7943229409027455,0.7537671799966882,0.6174256205558777,0.7221380739795918,0.17558195153061223,0,0,0,0,5.276970059915152,0.999783142392831,0.6323100430615364,0.0011376445181667805
flickr,original_1.3g_final,10666396623,62,0.6956902742385864,0.6715179681777954,0.024172306060791016,0.58514404296875,0.7984376506895554,0.7222052601735944,0.40788212418556213,0.45693160076530615,0.07760682397959184,0,0,0,0,5.273242652613524,0.9990769418757373,0.6722150048717116,0.0021436065435409546
flickr,original_1.3g_final,10667001125,63,0.8914919495582581,0.7932564616203308,0.09823548793792725,0.85723876953125,1.0,0.3037628006668254,0.5477871894836426,0.5857979910714286,0.38536352040816324,0,0,0,0,5.274112030623692,0.9992416556165893,0.31589095862300764,0.0019261189736425877
flickr,original_1.3g_final,10701841844,64,0.7469496726989746,0.8313562870025635,-0.08440661430358887,0.3191680908203125,0.924181672377342,0.4286535470345574,0.5523431897163391,0.5894052933673469,0.25705516581632654,0,0,0,0,5.274762563059738,0.999364906526819,0.4763103513056547,0.0019363174214959145
flickr,original_1.3g_final,10743985374,65,0.6857500076293945,0.6767625212669373,0.008987486362457275,0.548583984375,0.6863039560628165,0.809873417721519,0.4624248445034027,0.3936144770408163,0.06572863520408163,0,0,0,0,5.276756167718202,0.9997426180369274,0.601225379642159,0.00146403256803751
flickr,original_1.3g_final,10751849775,66,0.8811588287353516,0.7832753658294678,0.09788346290588379,0.84954833984375,1.0,0.6099501162340178,0.6139440536499023,0.8230229591836735,0.30179767219387754,0,0,0,0,5.275661879443309,0.9995352924395232,0.6245366524924687,0.00176272913813591
flickr,original_1.3g_final,10761625676,67,0.8545254468917847,0.7610078454017639,0.09351760149002075,0.7640380859375,0.9845686714915565,0.39026280212352027,0.5146847367286682,0.6044124681122449,0.1676299426020408,0,0,0,0,5.27425255946962,0.9992682804352985,0.579262920908379,0.0019558460917323828
flickr,original_1.3g_final,10771238614,68,0.764896810054779,0.6743755340576172,0.09052127599716187,0.737548828125,0.9180478556860943,0.6470159527087214,0.4457569122314453,0.49222735969387754,0.1282684948979592,0,0,0,0,5.274160476085666,0.9992508341708842,0.6702317290552585,0.0019219373352825642
flickr,original_1.3g_final,10795023275,69,0.6814805269241333,0.7267542481422424,-0.04527372121810913,0.4647064208984375,0.6107214634346417,0.5864051669817265,0.4126241207122803,0.25302933673469385,0.0918765943877551,0,0,0,0,5.276965981891905,0.9997823697640591,0.4431415731674653,0.0010945191606879234
flickr,original_1.3g_final,10796050285,70,0.7807251214981079,0.7633035182952881,0.017421603202819824,0.6191558837890625,0.9134725948639325,0.6543794618341571,0.5236226916313171,0.7258450255102041,0.16460060586734693,0,0,0,0,5.274447551741417,0.9993052239813157,0.6938338816268305,0.002120364224538207
flickr,original_1.3g_final,10805310706,71,0.8298708200454712,0.7924416065216064,0.037429213523864746,0.6575469970703125,0.9782961207434202,0.3276745675848815,0.607333779335022,0.7155412946428571,0.43618463010204084,0,0,0,0,5.276124828547113,0.9996230035132102,0.34691771228049484,0.001625813078135252
flickr,original_1.3g_final,10847897294,72,0.8257548213005066,0.7443490028381348,0.08140581846237183,0.7602691650390625,0.9821682991985753,0.6382587813205254,0.5203575491905212,0.6888153698979592,0.15232382015306123,0,0,0,0,5.276371335235151,0.9996697070624797,0.7328007175364581,0.0014708652161061764
flickr,original_1.3g_final,10859255295,73,0.8169267177581787,0.7451369762420654,0.07178974151611328,0.6957550048828125,0.9504306928076943,0.8282674772036475,0.4419819414615631,0.6491350446428571,0.10435267857142858,0,0,0,0,5.273345174427885,0.9990963658217825,0.8024122187355929,0.001951297977939248
flickr,original_1.3g_final,10862172945,74,0.6840037107467651,0.6694800853729248,0.014523625373840332,0.5538482666015625,0.7465852284728578,0.8118635632799939,0.3787563145160675,0.5206074617346939,0.028340242346938774,0,0,0,0,5.275635843317561,0.9995303595937195,0.710993026686335,0.0016458816826343536
flickr,original_1.3g_final,10939270325,75,0.7847704887390137,0.7847556471824646,1.4841556549072266e-05,0.5758514404296875,0.862284502211391,0.5112517392700417,0.6121681332588196,0.7448182397959183,0.34994818239795916,0,0,0,0,5.273585953396282,0.9991419841881769,0.48106604224891103,0.002230679150670767
flickr,original_1.3g_final,10952523225,76,0.8459901213645935,0.7873179316520691,0.058672189712524414,0.6956024169921875,0.9717963772370453,0.7129183549755926,0.4658117890357971,0.6246611926020408,0.13911033163265307,0,0,0,0,5.273853445401567,0.9991926636490366,0.7454918511351694,0.0017937654629349709
flickr,original_1.3g_final,10979853044,77,0.8844867944717407,0.753105878829956,0.13138091564178467,0.916351318359375,1.0,0.6377892488430046,0.45595747232437134,0.5598294005102041,0.17143654336734693,0,0,0,0,5.272088983940453,0.9988583659736292,0.6756104459319318,0.002080710604786873
flickr,original_1.3g_final,10980225216,78,0.9026297330856323,0.8116438984870911,0.09098583459854126,0.8751373291015625,1.0,0.5162725965803077,0.5455338954925537,0.6515664859693877,0.27656648596938777,0,0,0,0,5.272564119433343,0.9989483858999791,0.5487961502820634,0.002153713721781969
flickr,original_1.3g_final,11002352834,79,0.7241556644439697,,,,0.8159739004349927,0.9368323699421965,0.3811759054660797,0.4309829400510204,0.011559311224489796,0,0,0,0,5.275347337483376,0.9994756988194069,0.7973472921914357,0.0016880808398127556
flickr,original_1.3g_final,11036641226,80,0.9326860904693604,0.7910070419311523,0.141679048538208,0.908599853515625,1.0,0.30876369900670747,0.5447350740432739,0.5437460140306123,0.34630102040816324,0,0,0,0,5.273650735444939,0.9991542578981737,0.32651162790697674,0.0019519173074513674
flickr,original_1.3g_final,11050409385,81,0.8310859203338623,0.8009850978851318,0.03010082244873047,0.670501708984375,0.9560808709175739,0.5193808928390389,0.5174689888954163,0.5897441007653061,0.24880420918367346,0,0,0,0,5.2762201242774385,0.9996410583938784,0.5381490948562625,0.0013154475018382072
flickr,original_1.3g_final,11071986404,82,0.8904144763946533,0.8624570369720459,0.027957439422607422,0.7062454223632812,0.9903355704697987,0.25661716114222116,0.5966628789901733,0.5730030293367347,0.4108936543367347,0,0,0,0,5.276592327466129,0.9997115766021252,0.2628709872804361,0.0013167462311685085
flickr,original_1.3g_final,11101358996,83,0.8172523975372314,0.7657296061515808,0.051522791385650635,0.6773529052734375,0.9139156932453022,0.7563235518875133,0.4403769075870514,0.5216039540816326,0.10778061224489796,0,0,0,0,5.274939474142445,0.9993984243819867,0.7313148852846639,0.0016232444904744625
flickr,original_1.3g_final,11154049584,84,0.7963324189186096,0.6613349914550781,0.1349974274635315,0.80633544921875,0.9748299499775032,0.7221677581271323,0.4181804358959198,0.5082310267857143,0.09048150510204081,0,0,0,0,5.274550668556691,0.9993247606571803,0.785950536670721,0.0017145914025604725
flickr,original_1.3g_final,11314266424,85,0.8448842763900757,0.6575316190719604,0.18735265731811523,0.9137725830078125,0.9740394600207685,0.8765790152101057,0.40929725766181946,0.6184630102040817,0.05755739795918367,0,0,0,0,5.27496680108646,0.9994036017882727,0.8827519065390232,0.0015805666334927082
flickr,original_1.3g_final,11650557765,86,0.8071154356002808,0.7479722499847412,0.05914318561553955,0.7068023681640625,0.9033691630727467,0.6167792658137032,0.5435230135917664,0.6666932397959183,0.19218351403061223,0,0,0,0,5.276320242284173,0.9996600269107065,0.6351881782498269,0.0015378734096884727
flickr,original_1.3g_final,11764496003,87,0.8799662590026855,0.7698551416397095,0.11011111736297607,0.7673797607421875,0.9540328910841805,0.7090293389488063,0.5252570509910583,0.7003547512755102,0.1885562818877551,0,0,0,0,5.274559589285657,0.9993264507926817,0.700330264914623,0.0016622892580926418
flickr,original_1.3g_final,11765015695,88,0.7846242189407349,0.7669044733047485,0.017719745635986328,0.6307220458984375,0.8613159745388319,0.7064513266483272,0.47359439730644226,0.6737683354591837,0.13797433035714285,0,0,0,0,5.274839307742118,0.9993794466964315,0.6892342322843167,0.0016722180880606174
flickr,original_1.3g_final,11776645404,89,0.6795051693916321,0.8527973890304565,-0.17329221963882446,0.3054962158203125,0.7264022568868238,0.6835472688091446,0.5517451167106628,0.6381337691326531,0.1741669323979592,0,0,0,0,5.275917704485185,0.9995837614589349,0.5630836913735882,0.0013205143623054028
flickr,original_1.3g_final,12015590114,90,0.739930272102356,0.6464476585388184,0.0934826135635376,0.751800537109375,0.875045651379976,0.7567567567567568,0.43829473853111267,0.4417051977040816,0.08019770408163265,0,0,0,0,5.275415119349134,0.9994885408795238,0.7232115907032901,0.0017651598900556564
flickr,original_1.3g_final,12031178616,91,0.8397989273071289,0.7790663242340088,0.06073260307312012,0.6628875732421875,0.9687353300159609,0.6171790884077043,0.466992050409317,0.666374362244898,0.17028061224489796,0,0,0,0,5.2730374762590495,0.9990380688372148,0.6914159351336863,0.001851232722401619
flickr,original_1.3g_final,12048726756,92,0.8783733248710632,0.7808287143707275,0.0975446105003357,0.81005859375,1.0,0.5804602834345599,0.5273341536521912,0.6694036989795918,0.23772321428571427,0,0,0,0,5.276133817553825,0.999624706584722,0.6204235548696081,0.0012792614288628101
flickr,original_1.3g_final,12066557153,93,0.9319826364517212,0.8250632882118225,0.10691934823989868,0.863128662109375,1.0,0.4686237626815505,0.565524697303772,0.6463050063775511,0.32108976403061223,0,0,0,0,5.2749778980428275,0.9994057042352796,0.48540309186150504,0.0015497193671762943
flickr,original_1.3g_final,12103535156,94,0.7935854196548462,0.7257755994796753,0.0678098201751709,0.713409423828125,0.8374128091312619,0.47275721343166033,0.5682262182235718,0.5567203443877551,0.26484773596938777,0,0,0,0,5.2758585560182745,0.999572555096298,0.4544547300320039,0.0017619864083826542
flickr,original_1.3g_final,12158276143,95,0.8190116882324219,0.7249584794044495,0.09405320882797241,0.7668914794921875,0.9511620939091726,0.4002089111407269,0.5281137228012085,0.5533123405612245,0.3022560586734694,0,0,0,0,5.272526177078195,0.9989411972810123,0.4138560387373126,0.0022021736949682236
flickr,original_1.3g_final,12328837165,96,0.8473501205444336,0.6999446153640747,0.1474055051803589,0.8668975830078125,0.9709915828371998,0.7668623127310461,0.470929354429245,0.6145966198979592,0.12946428571428573,0,0,0,0,5.276555693645632,0.9997046359002151,0.7665391721500113,0.0012036901898682117
flickr,original_1.3g_final,12373955905,97,0.7865212559700012,0.6932764053344727,0.09324485063552856,0.761749267578125,0.9086720487189247,0.8029455498123628,0.3879086375236511,0.5629384566326531,0.10638552295918367,0,0,0,0,5.272393796942199,0.9989161163298502,0.7485766152322799,0.0020759410690516233
flickr,original_1.3g_final,12444360833,98,0.6791859865188599,0.6606771945953369,0.01850879192352295,0.5051040649414062,0.6998757616991067,0.8737505539416023,0.410546213388443,0.40475526147959184,0.04629703443877551,0,0,0,0,5.27528014028821,0.9994629675319103,0.6411344955288591,0.0018592523410916328
flickr,original_1.3g_final,12512072175,99,0.8390120267868042,0.742587685585022,0.09642434120178223,0.8116912841796875,0.9913301391740816,0.6762645914396888,0.5580069422721863,0.7682955994897959,0.2107780612244898,0,0,0,0,5.27436018050879,0.999288670488588,0.7070022237891197,0.0022053495049476624
flickr,original_1.3g_final,12534178685,100,0.8316860795021057,0.7114711999893188,0.12021487951278687,0.8183746337890625,0.954864593781344,0.8611154184111232,0.48915156722068787,0.7711654974489796,0.09572305484693877,0,0,0,0,5.2758766864134365,0.9995759901098081,0.839336994307018,0.0015852614305913448
flickr,original_1.3g_final,12598610153,101,0.7478588819503784,0.7164819240570068,0.03137695789337158,0.6309356689453125,0.7711250429095377,0.8084135161754679,0.412212610244751,0.5261080994897959,0.07290338010204081,0,0,0,0,5.2732120100238085,0.9990711362819422,0.6810979015399345,0.001992336940020323
flickr,original_1.3g_final,12599965145,102,0.8501085042953491,0.7540282011032104,0.09608030319213867,0.773529052734375,0.9587415099268548,0.8752049363579456,0.3727884590625763,0.668586575255102,0.04661591198979592,0,0,0,0,5.2745293419033095,0.9993207200755032,0.8907107969541608,0.0016062436625361443
flickr,original_1.3g_final,12729873904,103,0.8580875992774963,0.7428497076034546,0.11523789167404175,0.828155517578125,0.9904581627134358,0.6618224057821374,0.5620218515396118,0.7720822704081632,0.18947305484693877,0,0,0,0,5.276901903735695,0.999770229414645,0.7244087813974515,0.001292332075536251
flickr,original_1.3g_final,13153991894,104,0.839935302734375,0.8393941521644592,0.0005411505699157715,0.57037353515625,0.9964177053685347,0.3151482228775415,0.6000175476074219,0.6420400191326531,0.3890904017857143,0,0,0,0,5.276590905654773,0.9997113072234839,0.341696957458266,0.001364292111247778
flickr,original_1.3g_final,13234495505,105,0.7080159187316895,0.7578290700912476,-0.049813151359558105,0.5547027587890625,0.7090222652468539,0.6059066843150231,0.5462953448295593,0.6022799744897959,0.20294563137755103,0,0,0,0,5.273942261715495,0.9992094909291664,0.5085119973339258,0.002161097712814808
flickr,original_1.3g_final,13409856383,106,0.8181768655776978,0.7305483222007751,0.08762854337692261,0.7530670166015625,0.9803303024679904,0.8503686057367286,0.37075933814048767,0.6190808354591837,0.04689492984693878,0,0,0,0,5.270135753461389,0.9984883038197789,0.9015973786606595,0.00233274744823575
flickr,original_1.3g_final,13447842855,107,0.8204689025878906,0.76357102394104,0.056897878646850586,0.6579437255859375,0.9626841340881472,0.6498339402184786,0.43918144702911377,0.49806680484693877,0.12324617346938775,0,0,0,0,5.27445851077891,0.9993073002979932,0.7044483484069664,0.0017340262420475483
flickr,original_1.3g_final,13579448834,108,0.7983921766281128,0.7510942816734314,0.047297894954681396,0.66729736328125,0.9528366999493857,0.632923772846751,0.4985024631023407,0.6520647321428571,0.21177455357142858,0,0,0,0,5.27563554771997,0.9995303035893297,0.6399456101857288,0.0015524979680776596
flickr,original_1.3g_final,13660204414,109,0.7273374795913696,0.7037832140922546,0.02355426549911499,0.58087158203125,0.773541842772612,0.8310025426807119,0.4220121204853058,0.43893494897959184,0.06879783163265306,0,0,0,0,5.2757819995437,0.9995580505848357,0.6750516376512246,0.0015581692568957806
flickr,original_1.3g_final,13721325644,110,0.8027142286300659,0.910659670829773,-0.10794544219970703,0.21405029296875,0.9092627599243857,0.6987603420127839,0.579677939414978,0.7202447385204082,0.17731584821428573,0,0,0,0,5.275505163268194,0.9995056007436749,0.6886513314880214,0.0015697549097239971
flickr,original_1.3g_final,13861270725,111,0.7885048985481262,0.7900235652923584,-0.0015186667442321777,0.5373077392578125,0.9542877391920623,0.5734993469248679,0.5339890122413635,0.7018893494897959,0.18064413265306123,0,0,0,0,5.276587877419228,0.9997107334891601,0.6681497899368156,0.0013941279612481594
flickr,original_1.3g_final,14062380939,112,0.7913377285003662,0.7226462960243225,0.0686914324760437,0.7153167724609375,0.9244746463788455,0.522196261682243,0.5140210390090942,0.47767857142857145,0.19294084821428573,0,0,0,0,5.276461873923694,0.9996868606664441,0.5390296948685372,0.0015245955437421799
flickr,original_1.3g_final,14172932360,113,0.8165178298950195,0.8376182317733765,-0.021100401878356934,0.5119171142578125,0.8767849146723717,0.6912139635222593,0.4967230260372162,0.5081114477040817,0.1412627551020408,0,0,0,0,5.27269701234972,0.9989735640033279,0.6481958288888071,0.0022913713473826647
flickr,original_1.3g_final,14174434304,114,0.8332278728485107,0.7675629258155823,0.06566494703292847,0.7451629638671875,0.9462074303405573,0.8367776753981835,0.4570099115371704,0.7570352359693877,0.10622608418367346,0,0,0,0,5.276889844962799,0.9997679447403486,0.8166332665330661,0.0010836622677743435
flickr,original_1.3g_final,14203929291,115,0.8667330741882324,0.756484866142273,0.11024820804595947,0.856597900390625,0.992514822620994,0.6255369335816263,0.5849753618240356,0.8026745854591837,0.2491828762755102,0,0,0,0,5.27530582153444,0.999467833141676,0.6649730114948597,0.0018579463940113783
flickr,original_1.3g_final,14414061986,116,0.8092042207717896,0.754157543182373,0.055046677589416504,0.6751251220703125,0.8962231115557779,0.6588276394660391,0.43451911211013794,0.5419523278061225,0.1268933354591837,0,0,0,0,5.271396234090574,0.9987271164850136,0.6797245513525818,0.0022621455136686563
flickr,original_1.3g_final,14566072101,117,0.708858847618103,0.7280187606811523,-0.019159913063049316,0.5158233642578125,0.7817299506214882,0.8036795854777159,0.45265471935272217,0.5692562181122449,0.08424346301020408,0,0,0,0,5.276420708214373,0.999679061345668,0.6833621100261967,0.0013710418716073036
flickr,original_1.3g_final,14648401332,118,0.7952939867973328,0.6903771162033081,0.10491687059402466,0.80926513671875,0.9389199255121042,0.8433130394059009,0.38004183769226074,0.5957828443877551,0.07959980867346939,0,0,0,0,5.275243408670015,0.9994560083010928,0.8173388665542731,0.0014847381971776485
flickr,original_1.3g_final,14652810592,119,0.8498930931091309,0.7006413340568542,0.1492517590522766,0.9152679443359375,0.9895261652624256,0.7600712483301173,0.4004172384738922,0.6713368941326531,0.09416852678571429,0,0,0,0,5.27252453805927,0.9989408867498794,0.8367266904147195,0.001998008694499731
flickr,original_1.3g_final,14678892718,120,0.841998815536499,0.7699007987976074,0.0720980167388916,0.8128128051757812,0.9973078593139384,0.40173511509130344,0.5338811278343201,0.5697146045918368,0.2983896683673469,0,0,0,0,5.276018954799658,0.9996029445045885,0.43357118586476384,0.0015013134106993675
flickr,original_1.3g_final,14680986811,121,0.7700048685073853,0.7520169019699097,0.017987966537475586,0.537841796875,0.9341400896266718,0.7439728919008999,0.5226795673370361,0.7175542091836735,0.14620535714285715,0,0,0,0,5.276241581881609,0.9996451237857003,0.7438386026297885,0.0015625860542058945
flickr,original_1.3g_final,14742398172,122,0.8730602860450745,0.7451745271682739,0.12788575887680054,0.79351806640625,1.0,0.7109536973047685,0.4719819128513336,0.7498007015306123,0.15449617346938777,0,0,0,0,5.273805132252324,0.9991835101629223,0.7753010913201641,0.001763808773830533
flickr,original_1.3g_final,14778198185,123,0.7809734344482422,0.7518710494041443,0.0291023850440979,0.6296234130859375,0.8564622827804107,0.6442789764919968,0.49435803294181824,0.5366509885204082,0.1592394770408163,0,0,0,0,5.273165289453813,0.9990622845284256,0.6141931600934646,0.002291428856551647
flickr,original_1.3g_final,14899015793,124,0.875715970993042,0.731359601020813,0.144356369972229,0.9368438720703125,1.0,0.7892280337827826,0.4942083954811096,0.8070392219387755,0.16426179846938777,0,0,0,0,5.276435238316074,0.9996818142418513,0.794980224372528,0.001215700525790453
flickr,original_1.3g_final,15135657108,125,0.7667876482009888,0.6240265965461731,0.14276105165481567,0.8906770833333333,0.9383562687636203,0.9649282266658309,0.3640628159046173,0.6358816964285714,0.0055404974489795915,0,0,0,0,5.275905016404298,0.9995813575549455,0.9304722327162825,0.0015007336623966694
flickr,original_1.3g_final,15210828119,126,0.7869376540184021,0.8209943771362305,-0.03405672311782837,0.48675537109375,0.8989451189014687,0.6082482156042334,0.5579327344894409,0.6477997448979592,0.23018973214285715,0,0,0,0,5.276403417832196,0.9996757854823543,0.589407626032257,0.0013357121497392654
flickr,original_1.3g_final,15679023977,127,0.8840556144714355,0.7935760021209717,0.09047961235046387,0.793670654296875,1.0,0.42162101565711296,0.4827115535736084,0.5333426339285714,0.28828523596938777,0,0,0,0,5.274016968649493,0.9992236450237287,0.43820879291595466,0.0015997039154171944
flickr,original_1.3g_final,15799251138,128,0.7774983644485474,0.7600069046020508,0.017491459846496582,0.6055908203125,0.8997400726543906,0.7304240606091422,0.5887588858604431,0.7839205994897959,0.17061941964285715,0,0,0,0,5.276775710609323,0.9997463206641689,0.7095176944163188,0.0014308439567685127
flickr,original_1.3g_final,15994498891,129,0.7189123630523682,0.7083396315574646,0.010572731494903564,0.5394287109375,0.7808990705227877,0.7736281792352719,0.4936176836490631,0.5822106186224489,0.09574298469387756,0,0,0,0,5.277281041142889,0.999842061390961,0.6697288487183286,0.0009698141366243362
flickr,original_1.3g_final,16012165838,130,0.8398970365524292,0.7240678071975708,0.1158292293548584,0.88800048828125,0.9988371052866982,0.806927950280635,0.5435609221458435,0.8273477359693877,0.14178093112244897,0,0,0,0,5.274840838216006,0.9993797366624491,0.8240387690339721,0.002202423522248864
flickr,original_1.3g_final,16101081359,131,0.832008421421051,0.6494053602218628,0.18260306119918823,0.8989105224609375,0.957036082025193,0.8406176353564105,0.4252742826938629,0.6511678890306123,0.0597297512755102,0,0,0,0,5.2747643338832155,0.9993652420298521,0.8665425691344197,0.0017335726879537106
flickr,original_1.3g_final,16369370669,132,0.8613027334213257,0.7659779191017151,0.0953248143196106,0.8217010498046875,0.9531583799950527,0.616595385644875,0.5117660760879517,0.6850087691326531,0.1823780293367347,0,0,0,0,5.276498051008607,0.999693714834504,0.675248124133756,0.0012174081057310104
flickr,original_1.3g_final,16419739420,133,0.7524350881576538,0.742345929145813,0.01008915901184082,0.6230392456054688,0.846397068070352,0.7501592255270365,0.4925328493118286,0.6258370535714286,0.10716278698979592,0,0,0,0,5.27670822006686,0.999733533798627,0.7093515214478221,0.0012772921472787857
flickr,original_1.3g_final,16563757295,134,0.8324868679046631,0.7951852083206177,0.03730165958404541,0.6459808349609375,0.9369934143870314,0.6619594393080823,0.4641706049442291,0.6682477678571429,0.1615314094387755,0,0,0,0,5.275433301629654,0.9994919857233163,0.6981253735098921,0.001424955204129219
flickr,original_1.3g_final,16659090834,135,0.8386690020561218,0.7397012710571289,0.09896773099899292,0.7717132568359375,0.9685366253345715,0.7584481136110873,0.4851088523864746,0.6988799426020408,0.13733657525510204,0,0,0,0,5.275363215875009,0.9994787071647456,0.7742456661281166,0.0015473715029656887
flickr,original_1.3g_final,16804898716,136,0.799095869064331,0.8084827065467834,-0.009386837482452393,0.5106964111328125,0.919384760684049,0.7876152223538591,0.5094137191772461,0.6897122130102041,0.11736686862244898,0,0,0,0,5.276406378712519,0.9996763464554507,0.7670249887438091,0.0013843374326825142
flickr,original_1.3g_final,16950760048,137,0.8209502696990967,0.8087583780288696,0.01219189167022705,0.58038330078125,0.9059579695520554,0.6336729370607911,0.5641151666641235,0.6494539221938775,0.22245695153061223,0,0,0,0,5.273578274161874,0.9991405292682096,0.608143130614048,0.0021662646904587746
flickr,original_1.3g_final,17140316339,138,0.9176427125930786,0.7954487204551697,0.12219399213790894,0.9300079345703125,1.0,0.5942577496811401,0.5606750249862671,0.7187898596938775,0.23718510841836735,0,0,0,0,5.2751720296651,0.9994424847212687,0.6429717851410743,0.0016563043463975191
flickr,original_1.3g_final,17537079145,139,0.7746837139129639,0.6562824249267578,0.11840128898620605,0.86334228515625,0.9799316371837339,0.7661799145887863,0.46996575593948364,0.7233537946428571,0.10297751913265306,0,0,0,0,5.276314282637245,0.9996588977865187,0.8289909077358771,0.0015412680804729462
flickr,original_1.3g_final,19306860381,140,0.725723385810852,0.7162057161331177,0.009517669677734375,0.5535125732421875,0.794954142144415,0.8952494701073243,0.39347440004348755,0.5923748405612245,0.049326371173469385,0,0,0,0,5.274911457537496,0.999393116311443,0.7402219873150105,0.0016581607051193714
flickr,original_1.3g_final,20854461578,141,0.8698545694351196,0.7211655378341675,0.14868903160095215,0.8992767333984375,0.9990410120383595,0.7352685007208073,0.42694342136383057,0.6635841836734694,0.08627630739795919,0,0,0,0,5.274344105198897,0.9992856248348023,0.8490497329541513,0.0017049279995262623
flickr,original_1.3g_final,2401957951,142,0.9027230143547058,0.8495644330978394,0.053158581256866455,0.7677001953125,1.0,0.22447472485587688,0.6997225284576416,0.8366151147959183,0.6229272959183674,0,0,0,0,5.277166321745273,0.9998203264713879,0.2316428624105804,0.0013819648884236813
flickr,original_1.3g_final,2404965389,143,0.7542209625244141,0.9036966562271118,-0.14947569370269775,0.2509613037109375,0.7732515663397462,0.8958857025598933,0.8164050579071045,0.776985012755102,0.0078125,0,0,0,0,5.276850602927356,0.9997605098818855,0.7665986260178661,0.0013732691295444965
flickr,original_1.3g_final,2432219254,144,0.7235407829284668,0.7890493273735046,-0.06550854444503784,0.372222900390625,0.8251928020565553,0.5617004381966297,0.5780038237571716,0.6776745854591837,0.2679966517857143,0,0,0,0,5.276752284077965,0.9997418822362698,0.5219512195121951,0.0012994911521673203
flickr,original_1.3g_final,2462141223,145,0.7194217443466187,0.6476540565490723,0.07176768779754639,0.6774749755859375,0.7723540922239238,0.7911328976034858,0.43462318181991577,0.45738998724489793,0.07320232780612244,0,0,0,0,5.275622633159993,0.9995278567762514,0.6679849895147345,0.0016789361834526062
flickr,original_1.3g_final,2465634368,146,0.7723120450973511,0.7017625570297241,0.07054948806762695,0.7335662841796875,0.9042682445759369,0.7594688435951125,0.4791059195995331,0.7519331951530612,0.04842952806122449,0,0,0,0,5.276133531483383,0.9996246523853609,0.8398622407855206,0.001596592366695404
flickr,original_1.3g_final,2499673064,147,0.8791055679321289,0.832513689994812,0.046591877937316895,0.738555908203125,1.0,0.4440867937110467,0.6175938248634338,0.7770448022959183,0.36951929209183676,0,0,0,0,5.273282740506424,0.9990845369916997,0.4828966267378784,0.0021117168944329023
flickr,original_1.3g_final,2509250774,148,0.8591897487640381,0.7728958129882812,0.08629393577575684,0.736297607421875,0.9794527868326831,0.5820973735192302,0.5154314637184143,0.6275310905612245,0.20912388392857142,0,0,0,0,5.274964699005349,0.9994032035246414,0.6275594056015887,0.0015913695096969604
flickr,original_1.3g_final,2542659118,149,0.7260180711746216,0.887121319770813,-0.1611032485961914,0.311920166015625,0.7618308097148527,0.3108388777414018,0.6272008419036865,0.5661471619897959,0.3690609056122449,0,0,0,0,5.277532903138139,0.9998897795652544,0.2932726638656858,0.0007803086191415787
flickr,original_1.3g_final,2630218696,150,0.7854973077774048,0.8010739684104919,-0.015576660633087158,0.5117034912109375,0.8156712838476184,0.907956898783329,0.41540420055389404,0.6159119897959183,0.05018335459183673,0,0,0,0,5.276433765503059,0.9996815352003545,0.7600390048349743,0.0012337872758507729
flickr,original_1.3g_final,2695985181,151,0.8240514397621155,0.7925170660018921,0.03153437376022339,0.7024993896484375,0.9223142910813801,0.6109022036663256,0.5830907821655273,0.7208027742346939,0.23877949617346939,0,0,0,0,5.276335026077679,0.9996628278717429,0.6148205863119669,0.0015182532370090485
flickr,original_1.3g_final,2698329253,152,0.8097646236419678,0.80983567237854,-7.104873657226562e-05,0.5252838134765625,0.9620518059583443,0.7352348570708979,0.5720451474189758,0.7913145727040817,0.17608019770408162,0,0,0,0,5.276039189957057,0.9996067782897005,0.7451057964726001,0.0016691125929355621
flickr,original_1.3g_final,2766580444,153,0.8892324566841125,0.8377963304519653,0.05143612623214722,0.6301116943359375,1.0,0.21925533106770737,0.5465334057807922,0.5336615114795918,0.40726642219387754,0,0,0,0,5.275595323172158,0.9995226825825103,0.22318102334068274,0.001420942135155201
flickr,original_1.3g_final,2778088729,154,0.8448526859283447,0.7056562900543213,0.13919639587402344,0.8254241943359375,0.9711174242424242,0.6032589513314247,0.47249579429626465,0.5081911670918368,0.18748007015306123,0,0,0,0,5.276933217621128,0.9997761621931948,0.6092803105319444,0.001003975048661232
flickr,original_1.3g_final,2808068937,155,0.770328164100647,0.7455593347549438,0.024768829345703125,0.6015472412109375,0.8759985118070601,0.5614199955116697,0.585210382938385,0.7104591836734694,0.28431919642857145,0,0,0,0,5.276341898159645,0.9996641298673246,0.5392657460424385,0.0016279025003314018
flickr,original_1.3g_final,2811549163,156,0.7654494047164917,0.8851550817489624,-0.1197056770324707,0.23049163818359375,0.8452666666666667,0.6157993151849244,0.7737055420875549,0.8206911670918368,0.23824139030612246,0,0,0,0,5.277455012983937,0.9998750223727281,0.6044238928350097,0.0009591486304998398
flickr,original_1.3g_final,2819123278,157,0.8247141242027283,0.6555567979812622,0.16915732622146606,0.9535064697265625,0.9964506399882301,0.8173384420442888,0.43073785305023193,0.6605947066326531,0.08956473214285714,0,0,0,0,5.274930882322233,0.9993967965620612,0.8551070008206553,0.0017032814212143421
flickr,original_1.3g_final,2858344348,158,0.7962926030158997,,,,0.8845238095238095,0.8388789267450355,0.3341665267944336,0.6001674107142857,0.0,0,0,0,0,5.275536449008438,0.9995115281897922,0.8845238095238095,0.0014185169711709023
flickr,original_1.3g_final,2895192729,159,0.8719179630279541,0.7631992101669312,0.10871875286102295,0.830780029296875,0.9868580467119876,0.8228848042654694,0.42505335807800293,0.7102000956632653,0.0856186224489796,0,0,0,0,5.270902029081635,0.9986334836178165,0.862202293443105,0.0023186909966170788
flickr,original_1.3g_final,2897081671,160,0.7962086200714111,0.6974966526031494,0.09871196746826172,0.7734222412109375,0.9183809118023009,0.8809796292057679,0.36523908376693726,0.6095145089285714,0.042669802295918366,0,0,0,0,5.272647371867524,0.9989641590386008,0.8559175310132312,0.002103694248944521
flickr,original_1.3g_final,2897653916,161,0.9018725156784058,0.8166590929031372,0.08521342277526855,0.777069091796875,1.0,0.3042568274651453,0.5581093430519104,0.5903818558673469,0.38709741709183676,0,0,0,0,5.271032220480524,0.9986581498873643,0.3169573779715853,0.002384818159043789
flickr,original_1.3g_final,2907554899,162,0.8666016459465027,0.8949100375175476,-0.028308391571044922,0.4274444580078125,0.9661936974096683,0.6732077987768428,0.7026371955871582,0.866828762755102,0.24254623724489796,0,0,0,0,5.276372166433932,0.9996698645427231,0.689358446144791,0.0016038643661886454
flickr,original_1.3g_final,2935372113,163,0.8910340666770935,0.7696013450622559,0.12143272161483765,0.8869171142578125,1.0,0.5028579732609959,0.5121214985847473,0.6171476403061225,0.29139429209183676,0,0,0,0,5.275513920827951,0.9995072599648782,0.5157406640722033,0.0014109616167843342
flickr,original_1.3g_final,2961466546,164,0.6950428485870361,0.9184955358505249,-0.22345268726348877,0.139556884765625,0.6383107175712971,0.5963258399806624,0.9208341836929321,0.7420479910714286,0.25498246173469385,0,0,0,0,5.277245963079219,0.9998354154452141,0.46666526545882553,0.000999961979687214
flickr,original_1.3g_final,3012435981,165,0.694423258304596,0.8704291582107544,-0.17600589990615845,0.241790771484375,0.6944450570048736,0.5163136149003148,0.5852735638618469,0.607780612244898,0.2759287308673469,0,0,0,0,5.276081987540001,0.9996148867878494,0.4311650259457535,0.0013395505957305431
flickr,original_1.3g_final,3052033339,166,0.8800482749938965,0.9287890195846558,-0.04874074459075928,0.32955169677734375,1.0,0.3609136574732253,0.7246898412704468,0.8411192602040817,0.4661192602040816,0,0,0,0,5.27688136856251,0.9997663387880651,0.3944070429829104,0.0012659523636102676
flickr,original_1.3g_final,3102685146,167,0.8218823671340942,0.7703616619110107,0.051520705223083496,0.672271728515625,0.9469549348922087,0.44261963278878125,0.5532410740852356,0.6892737563775511,0.2821069834183674,0,0,0,0,5.275669241250405,0.9995366872192072,0.5048729407496578,0.0015320144593715668
flickr,original_1.3g_final,3109408703,168,0.7443876266479492,0.6672191619873047,0.07716846466064453,0.7227630615234375,0.8625615932110594,0.8280228623985809,0.4238887429237366,0.6067243303571429,0.06819993622448979,0,0,0,0,5.27660093709374,0.9997132077958689,0.7721466642161368,0.0012735379859805107
flickr,original_1.3g_final,3202731977,169,0.7689304947853088,0.6841183304786682,0.08481216430664062,0.7580413818359375,0.9072472719785876,0.7408061194468961,0.45239970088005066,0.4741908482142857,0.08330676020408163,0,0,0,0,5.274259093752861,0.9992695184309964,0.7466113181972213,0.0021146091166883707
flickr,original_1.3g_final,3207674548,170,0.8237901926040649,0.805004894733429,0.018785297870635986,0.601776123046875,0.9385040022081148,0.6078950191296886,0.5102270245552063,0.5573780293367347,0.18907445790816327,0,0,0,0,5.275846605083965,0.9995702908532716,0.6159336279979711,0.0014299014583230019
flickr,original_1.3g_final,3230152596,171,0.7731125354766846,0.8593282699584961,-0.08621573448181152,0.3312225341796875,0.852171682626539,0.7877183276693275,0.6058571338653564,0.7565170599489796,0.14620535714285715,0,0,0,0,5.277336508240154,0.9998525702754483,0.7048133132189327,0.001127868890762329
flickr,original_1.3g_final,3403348616,172,0.8161449432373047,0.7275363206863403,0.08860862255096436,0.7219390869140625,0.9579241935886865,0.7313253471692355,0.44930729269981384,0.5224011479591837,0.12442203443877552,0,0,0,0,5.276014033927902,0.9996020121883974,0.7301414995524577,0.0013734837993979454
flickr,original_1.3g_final,3413119417,173,0.8728717565536499,0.7776187658309937,0.09525299072265625,0.84521484375,0.9870864953251436,0.6871060004669625,0.537135124206543,0.6828762755102041,0.2079280931122449,0,0,0,0,5.274734167228797,0.9993595266075154,0.6867051685917629,0.001891927095130086
flickr,original_1.3g_final,3416359816,174,0.9157038927078247,0.8169761896133423,0.09872770309448242,0.8770904541015625,0.9989963618115669,0.4011384816885799,0.6719183921813965,0.7912547831632653,0.45723054846938777,0,0,0,0,5.275633174477941,0.9995298539511194,0.40957720399135894,0.0019495945889502764
flickr,original_1.3g_final,3484198977,175,0.8642371892929077,0.8337795734405518,0.030457615852355957,0.6147613525390625,0.9851669301590253,0.6098557899887741,0.5908458828926086,0.6923828125,0.2585299744897959,0,0,0,0,5.276415993481855,0.9996781680849447,0.6145078020766865,0.0015461505390703678
flickr,original_1.3g_final,3535748358,176,0.7770339846611023,0.7611356973648071,0.015898287296295166,0.6322479248046875,0.8482907602516486,0.7072708313584226,0.5137901306152344,0.6307198660714286,0.1524234693877551,0,0,0,0,5.2750864411690035,0.9994262689886402,0.6576658635482164,0.001682013738900423
flickr,original_1.3g_final,3568893693,177,0.7664832472801208,0.7713202834129333,-0.0048370361328125,0.5175018310546875,0.8882413574373612,0.7895756977727657,0.45299744606018066,0.5655293367346939,0.10845822704081633,0,0,0,0,5.276582737666164,0.999709759703368,0.7306137089936737,0.0011553564108908176
flickr,original_1.3g_final,3668283413,178,0.715187132358551,0.7380533814430237,-0.022866249084472656,0.50885009765625,0.8370132844709116,0.8457171068871884,0.4774397909641266,0.6458864795918368,0.09349091198979592,0,0,0,0,5.2764488030769545,0.9996843842430272,0.7321295010150657,0.0014691133983433247
flickr,original_1.3g_final,3709678770,179,0.7441520690917969,0.7309035658836365,0.0132485032081604,0.601226806640625,0.8430253623188406,0.90454570698656,0.44759923219680786,0.7177136479591837,0.06758211096938775,0,0,0,0,5.276716507018811,0.9997351038577269,0.7750113011824605,0.0012441715225577354
flickr,original_1.3g_final,3719297546,180,0.7134600281715393,0.6956879496574402,0.01777207851409912,0.6069488525390625,0.7980023312834117,0.7322232057239803,0.49360278248786926,0.5403778698979592,0.12179129464285714,0,0,0,0,5.274443549297558,0.9993044656719349,0.6406421426266538,0.0020195499528199434
flickr,original_1.3g_final,3727937033,181,0.8301992416381836,0.7348111867904663,0.09538805484771729,0.7431793212890625,0.9304754326636164,0.6476737745776793,0.45284169912338257,0.5757334183673469,0.1856066645408163,0,0,0,0,5.27227118598477,0.9988928862628007,0.6359403147411713,0.002025471767410636
flickr,original_1.3g_final,3749326537,182,0.8622101545333862,0.9105969667434692,-0.04838681221008301,0.33419036865234375,1.0,0.5244585146433286,0.7037761211395264,0.8152503188775511,0.36900111607142855,0,0,0,0,5.27597659711928,0.9995949193510798,0.536760198656442,0.0015891613438725471
flickr,original_1.3g_final,3790233127,183,0.8594695329666138,0.7156685590744019,0.14380097389221191,0.85406494140625,0.9820404366986293,0.7487084247847374,0.43675553798675537,0.5902224170918368,0.11084980867346939,0,0,0,0,5.2702858345677654,0.9985167384249487,0.7879390913452142,0.002392879454419017
flickr,original_1.3g_final,3801318146,184,0.755120038986206,0.7891836166381836,-0.03406357765197754,0.483856201171875,0.8180214458664822,0.658471390783795,0.6250233054161072,0.7157804528061225,0.21763392857142858,0,0,0,0,5.276933562171882,0.9997762274723287,0.5937484308310319,0.001279391348361969
flickr,original_1.3g_final,3828103578,185,0.8443286418914795,0.782665491104126,0.061663150787353516,0.6843414306640625,0.9969732578428231,0.42970716434403583,0.5293413400650024,0.6492745535714286,0.291015625,0,0,0,0,5.275180207939901,0.9994440341902228,0.48873217309337197,0.0015257769264280796
flickr,original_1.3g_final,3896768873,186,0.7821215987205505,0.676062822341919,0.10605877637863159,0.7446441650390625,0.8900460848204316,0.7973410446675396,0.3777599334716797,0.5479113520408163,0.06305803571428571,0,0,0,0,5.275450388718069,0.9994952230702702,0.7887199784114419,0.0013942397199571133
flickr,original_1.3g_final,3908875350,187,0.7532662153244019,0.7522977590560913,0.0009684562683105469,0.561737060546875,0.8130627867605564,0.5244184206361766,0.5699800252914429,0.6296835140306123,0.2780811543367347,0,0,0,0,5.275877424773121,0.9995761300006086,0.4826180038739933,0.0018572621047496796
flickr,original_1.3g_final,3956341886,188,0.6621906161308289,0.7657735347747803,-0.10358291864395142,0.2909698486328125,0.7530208352091624,0.6706225743336434,0.5470015406608582,0.6213528380102041,0.1921436543367347,0,0,0,0,5.276303809576015,0.9996569135436769,0.5589402911258738,0.0015855338424444199
flickr,original_1.3g_final,4007045926,189,0.9093667268753052,0.7557843923568726,0.15358233451843262,0.946441650390625,1.0,0.4392147587511826,0.5532253384590149,0.58984375,0.29512117346938777,0,0,0,0,5.276113046356398,0.9996207712406138,0.4674722192253749,0.0015007099136710167
flickr,original_1.3g_final,4041216001,190,0.817841649055481,0.8914872407913208,-0.07364559173583984,0.3482818603515625,0.8675849484202316,0.7815441312935811,0.5861610174179077,0.7516940369897959,0.14335538903061223,0,0,0,0,5.276589383643708,0.9997110188608462,0.7160033519960165,0.0011325506493449211
flickr,original_1.3g_final,4180455681,191,0.8488688468933105,0.7518011331558228,0.09706771373748779,0.8450164794921875,1.0,0.39552666794112024,0.5549861788749695,0.6255181760204082,0.33338647959183676,0,0,0,0,5.27645213129261,0.9996850148120598,0.4259831171505044,0.0014455937780439854
flickr,original_1.3g_final,4303617148,192,0.8184975385665894,0.6964812278747559,0.1220163106918335,0.8255767822265625,0.9583632705848542,0.7971612132078291,0.45237869024276733,0.6669523278061225,0.08330676020408163,0,0,0,0,5.275896886284217,0.9995798172094611,0.8332396301849075,0.00145704485476017
flickr,original_1.3g_final,4351373013,193,0.7342989444732666,0.8007277846336365,-0.06642884016036987,0.3555145263671875,0.8808904147516474,0.7495759251115159,0.5121395587921143,0.6344467474489796,0.1491749043367347,0,0,0,0,5.277176256347403,0.9998222086969117,0.6901817866284872,0.001055483240634203
flickr,original_1.3g_final,4407899725,194,0.7047422528266907,0.7524755001068115,-0.04773324728012085,0.45458984375,0.7347313962190479,0.7905230359893572,0.3985764682292938,0.5692761479591837,0.07744738520408163,0,0,0,0,5.27299172083425,0.9990293999416425,0.6522574308905514,0.002106882631778717
flickr,original_1.3g_final,4479260803,195,0.723514974117279,0.7053709626197815,0.01814401149749756,0.6074371337890625,0.7546088355567473,0.4971732697319023,0.46947696805000305,0.4512316645408163,0.12408322704081633,0,0,0,0,5.274991175707616,0.9994082198427733,0.5323984297403396,0.0019359835423529148
flickr,original_1.3g_final,4543136011,196,0.8384860754013062,0.7810984253883362,0.05738765001296997,0.6828765869140625,0.956390743904333,0.4941741028439366,0.47124597430229187,0.6208944515306123,0.18279655612244897,0,0,0,0,5.27275245089759,0.9989840674788015,0.6092522606304043,0.0019052110146731138
flickr,original_1.3g_final,4576746825,197,0.8731894493103027,0.8846166729927063,-0.011427223682403564,0.58917236328125,0.9819379406164771,0.2976818196000125,0.6134282350540161,0.6387715242346939,0.4184072066326531,0,0,0,0,5.27437719370053,0.9992918938349604,0.31067550186418325,0.0019387586507946253
flickr,original_1.3g_final,4646464908,198,0.6932370662689209,0.6579861044883728,0.035250961780548096,0.5770670572916666,0.6901403477800335,0.6491265940488842,0.34813207387924194,0.6001275510204082,0.004524075255102041,0,0,0,0,5.275435587304136,0.9994924187708397,0.6846529711553617,0.001665671356022358
flickr,original_1.3g_final,4657718822,199,0.8636869192123413,0.7418914437294006,0.12179547548294067,0.83367919921875,0.9907747501494832,0.7277119016249451,0.4426840543746948,0.6353236607142857,0.13249362244897958,0,0,0,0,5.271452667083171,0.9987378083695672,0.771671878118555,0.0021535800769925117
flickr,original_1.3g_final,4717096777,200,0.6694296598434448,0.8391419649124146,-0.16971230506896973,0.2318572998046875,0.5953630481667865,0.44363198071514665,0.7961571216583252,0.7440808354591837,0.3400829081632653,0,0,0,0,5.27780284201493,0.9999409226142821,0.3690179128419927,0.0006796307861804962
flickr,original_1.3g_final,4755507106,201,0.8526695370674133,0.7309085726737976,0.12176096439361572,0.8251953125,0.978114023236963,0.6896288958317458,0.42115113139152527,0.523078762755102,0.14405293367346939,0,0,0,0,5.273959531428718,0.9992127628765071,0.703376986748533,0.0016641081310808659
flickr,original_1.3g_final,4758950312,202,0.8380434513092041,0.769519567489624,0.06852388381958008,0.6912689208984375,0.9609469298757933,0.4552665559859804,0.5016469359397888,0.5401985012755102,0.23537149234693877,0,0,0,0,5.274671829820814,0.9993477160630299,0.5005780581303368,0.0017056521028280258
flickr,original_1.3g_final,4767923306,203,0.8382681012153625,0.7310082912445068,0.10725980997085571,0.8302459716796875,0.9679378766584884,0.5916397309338691,0.4322287142276764,0.6844108737244898,0.1416015625,0,0,0,0,5.2737303879882695,0.9991693489957479,0.7231585129291168,0.0017237425781786442
flickr,original_1.3g_final,4876943924,204,0.7512320280075073,0.8026950359344482,-0.05146300792694092,0.4023895263671875,0.901797385620915,0.1460207429357604,0.6552246809005737,0.7532684948979592,0.6294244260204082,0,0,0,0,5.277460921042848,0.9998761417229681,0.1463848071720333,0.0011032428592443466
flickr,original_1.3g_final,4938432980,205,0.9321443438529968,0.8264005184173584,0.10574382543563843,0.9441986083984375,1.0,0.5546370967741936,0.562895655632019,0.6919642857142857,0.2947624362244898,0,0,0,0,5.274173641977044,0.9992533286016095,0.565600493435545,0.0017197651322931051
flickr,original_1.3g_final,4957886467,206,0.8313906192779541,0.7974990606307983,0.03389155864715576,0.606781005859375,0.9650347786690829,0.6003149867374006,0.49054065346717834,0.6010841836734694,0.16460060586734693,0,0,0,0,5.272272196426213,0.998893077702644,0.6700653207749672,0.0021698856726288795
flickr,original_1.3g_final,4965189170,207,0.8658276796340942,0.856728196144104,0.009099483489990234,0.5612335205078125,0.9749092217606071,0.43138787562966824,0.6227805614471436,0.6884167729591837,0.3665098852040816,0,0,0,0,5.274870072152954,0.9993852753706498,0.4425010022420526,0.001849705120548606
flickr,original_1.3g_final,5006362787,208,0.7264951467514038,,,,0.849122619588152,0.9718757642455368,0.3800196349620819,0.6519451530612245,0.009964923469387755,0,0,0,0,5.275627308328513,0.9995287425411167,0.8379325795313777,0.001688187476247549
flickr,original_1.3g_final,5130986168,209,0.8299169540405273,0.7642991542816162,0.06561779975891113,0.7475433349609375,0.9894017899199247,0.6146205865140777,0.5124671459197998,0.6130022321428571,0.21665736607142858,0,0,0,0,5.275673032826852,0.9995374055773125,0.6306124491293615,0.0014485539868474007
flickr,original_1.3g_final,5179649119,210,0.7513270378112793,0.7156285047531128,0.035698533058166504,0.6543731689453125,0.853643443934706,0.6205366837288662,0.5417547225952148,0.6424386160714286,0.22391183035714285,0,0,0,0,5.276652869794258,0.999723047047926,0.5769957452945843,0.001404067501425743
flickr,original_1.3g_final,5194793239,211,0.9105497002601624,0.8017882108688354,0.1087614893913269,0.8859710693359375,1.0,0.38059295525635795,0.5942735075950623,0.7327208227040817,0.42012117346938777,0,0,0,0,5.273877323235395,0.9991971875814195,0.3989592985957659,0.0018776035867631435
flickr,original_1.3g_final,5220919991,212,0.7959110736846924,0.8017529845237732,-0.0058419108390808105,0.5489654541015625,0.8918269230769231,0.7538522323192414,0.5354726314544678,0.7061941964285714,0.1466438137755102,0,0,0,0,5.276473237441569,0.9996890136166183,0.7159474671669793,0.001390240155160427
flickr,original_1.3g_final,5237296528,213,0.6650198698043823,0.864816427230835,-0.19979655742645264,0.1734771728515625,0.6402238484718037,0.5296589646428673,0.7372719049453735,0.6995176977040817,0.327945631377551,0,0,0,0,5.277372044433524,0.9998593030191768,0.4086497774358411,0.0009841243736445904
flickr,original_1.3g_final,5303633386,214,0.8712233304977417,0.7696384191513062,0.10158491134643555,0.8477325439453125,1.0,0.5117004680187207,0.6022398471832275,0.7409518494897959,0.3235411352040816,0,0,0,0,5.275953787898169,0.9995905978797621,0.5395654886834194,0.0018255773466080427
flickr,original_1.3g_final,5344317532,215,0.8597903847694397,0.7428069710731506,0.11698341369628906,0.885406494140625,0.9938114517061886,0.5600534532772726,0.5138428807258606,0.6114676339285714,0.23449457908163265,0,0,0,0,5.276386992173106,0.9996726734508524,0.5913752753303965,0.00125981867313385
flickr,original_1.3g_final,5480070309,216,0.9409553408622742,0.854719877243042,0.08623546361923218,0.9718780517578125,1.0,0.4107312565997888,0.6459536552429199,0.7549426020408163,0.4324976084183674,0,0,0,0,5.273219799908254,0.9990726121658418,0.4175713576403333,0.0022431921679526567
flickr,original_1.3g_final,5490101320,217,0.7448468804359436,0.7511194944381714,-0.006272614002227783,0.5582122802734375,0.8246351451301571,0.8650039738106953,0.4140787124633789,0.5266063456632653,0.0603874362244898,0,0,0,0,5.27507957088661,0.9994249673340083,0.7433691639698827,0.0017184270545840263
flickr,original_1.3g_final,5601291878,218,0.845477819442749,0.7318423390388489,0.11363548040390015,0.8468475341796875,0.9751566511165705,0.50618999856713,0.5507197976112366,0.6954520089285714,0.22602439413265307,0,0,0,0,5.2765105611944785,0.9996960850342209,0.5996876538389719,0.0014241626486182213
flickr,original_1.3g_final,5607310495,219,0.7397258877754211,0.5968143939971924,0.14291149377822876,0.8574066162109375,0.8994495481087514,0.8101403638069077,0.37616440653800964,0.5949258609693877,0.03579400510204082,0,0,0,0,5.275185335090712,0.999445005588372,0.8431300770491231,0.0016662743873894215
flickr,original_1.3g_final,5697766486,220,0.7783932685852051,0.8352547287940979,-0.05686146020889282,0.4144134521484375,0.8693914202126118,0.4465040166617078,0.5854713320732117,0.6698421556122449,0.3601124043367347,0,0,0,0,5.274453003981651,0.999306256971424,0.4247604760759118,0.0018826730083674192
flickr,original_1.3g_final,5801923729,221,0.8324254751205444,0.7473644018173218,0.08506107330322266,0.7841033935546875,0.9911438223938224,0.5939868108983629,0.541368842124939,0.6890545280612245,0.26992984693877553,0,0,0,0,5.276315279071486,0.9996590865725352,0.5993608452019612,0.001400499138981104
flickr,original_1.3g_final,5873098388,222,0.8327287435531616,0.7273781299591064,0.10535061359405518,0.8343658447265625,0.9732761241933849,0.8359594904384666,0.4167422652244568,0.6868024553571429,0.05865353954081633,0,0,0,0,5.2733872898271414,0.9991043450723246,0.8852559768914019,0.0020794023294001818
flickr,original_1.3g_final,5906878321,223,0.8968896865844727,0.8304730653762817,0.06641662120819092,0.7348785400390625,0.9988236644287599,0.43662519440124414,0.6550935506820679,0.7945232780612245,0.384586256377551,0,0,0,0,5.275949106041717,0.9995897108477907,0.47398159241912646,0.0015899031423032284
flickr,original_1.3g_final,5991393107,224,0.7539629340171814,0.8056385517120361,-0.051675617694854736,0.432830810546875,0.8195857643858021,0.7209157559828469,0.5893378257751465,0.7203643176020408,0.18369339923469388,0,0,0,0,5.274249467043921,0.999267694539406,0.635386059667646,0.0021526834461838007
flickr,original_1.3g_final,6067281197,225,0.7624870538711548,0.753506064414978,0.008980989456176758,0.591827392578125,0.8327433792323802,0.6850112811756814,0.5001360774040222,0.6536591198979592,0.1553332270408163,0,0,0,0,5.2752167002151165,0.9994509480747387,0.6460954462449854,0.0017189551144838333
flickr,original_1.3g_final,6098668510,226,0.7442345023155212,0.7322801947593689,0.011954307556152344,0.5898666381835938,0.8440965427266797,0.7769275880365272,0.5390610694885254,0.7136678890306123,0.11168686224489796,0,0,0,0,5.277198283613114,0.9998263820177152,0.7214334798449311,0.001242930069565773
flickr,original_1.3g_final,6158154336,227,0.8573645353317261,0.6858912110328674,0.17147332429885864,0.9224090576171875,0.9862362402694731,0.8794624892210405,0.41416239738464355,0.693359375,0.04966517857142857,0,0,0,0,5.273230077060212,0.9990745592914011,0.9129059688800704,0.002036298392340541
flickr,original_1.3g_final,6185482260,228,0.8457891941070557,0.77843177318573,0.06735742092132568,0.7222137451171875,0.9607536636427076,0.841458048112654,0.5352686047554016,0.8152104591836735,0.0985530931122449,0,0,0,0,5.276841972896774,0.9997588748225624,0.844223693892568,0.0013078665360808372
flickr,original_1.3g_final,6289328021,229,0.8717986345291138,0.8135941624641418,0.058204472064971924,0.720794677734375,0.9790746268656716,0.48431824222556924,0.5694902539253235,0.6748445471938775,0.29139429209183676,0,0,0,0,5.276304624877665,0.9996570680120246,0.5227598737687673,0.0013403231278061867
flickr,original_1.3g_final,6458319057,230,0.7694368362426758,0.7673786878585815,0.0020581483840942383,0.5642852783203125,0.9306372228755608,0.5362538901716695,0.6420012712478638,0.7940848214285714,0.33629623724489793,0,0,0,0,5.276957617614224,0.9997807850547034,0.5364019782592323,0.0014786380343139172
flickr,original_1.3g_final,6669466181,231,0.7277606129646301,0.800183117389679,-0.07242250442504883,0.35810089111328125,0.7710096114351433,0.7353966699314398,0.4550819993019104,0.5087093431122449,0.11130819515306123,0,0,0,0,5.275179796811372,0.9994439562971577,0.627142427583442,0.0018082777969539165
flickr,original_1.3g_final,6755812421,232,0.8376014232635498,0.6767817735671997,0.1608196496963501,0.919952392578125,0.990707633015737,0.8150894870349493,0.3773518204689026,0.5656887755102041,0.08520009566326531,0,0,0,0,5.271159949595227,0.9986823496486331,0.8374083793321871,0.002139359014108777
flickr,original_1.3g_final,6897499873,233,0.8230649828910828,0.7697719931602478,0.05329298973083496,0.664215087890625,0.9578309261958394,0.4692013111349106,0.525851309299469,0.6140983737244898,0.24481823979591838,0,0,0,0,5.275096971763463,0.9994282641318191,0.5280699831981883,0.001718499232083559
flickr,original_1.3g_final,7178293884,234,0.7058316469192505,0.6530736684799194,0.052757978439331055,0.6824798583984375,0.7648487063676475,0.8904559270516718,0.46531012654304504,0.6556919642857143,0.033860809948979595,0,0,0,0,5.277252392251871,0.9998366335264927,0.7323633818309084,0.0010419106110930443
flickr,original_1.3g_final,7387939334,235,0.8155020475387573,0.7815958857536316,0.03390616178512573,0.6586380004882812,0.9713145765976474,0.6036939915631057,0.5541286468505859,0.69921875,0.2334582270408163,0,0,0,0,5.276167999235974,0.9996311827005997,0.6318710004624174,0.0014867298305034637
flickr,original_1.3g_final,7560517176,236,0.8187119364738464,0.8045481443405151,0.014163792133331299,0.55999755859375,0.9670998293045537,0.516467197929838,0.5159981846809387,0.6777543048469388,0.20105229591836735,0,0,0,0,5.272234586693713,0.9988859521028933,0.6217388226131898,0.002214304869994521
flickr,original_1.3g_final,7623513024,237,0.9451156854629517,0.7938694953918457,0.15124619007110596,0.9761505126953125,1.0,0.3692784287279777,0.5058466196060181,0.47285554846938777,0.27596859056122447,0,0,0,0,5.272890083455551,0.9990101435621849,0.38753123825110025,0.0020673091057687998
flickr,original_1.3g_final,7733838448,238,0.817875862121582,0.8985300064086914,-0.08065414428710938,0.31813812255859375,0.9055267290230081,0.6666457239074163,0.6512675285339355,0.7930285395408163,0.22148038903061223,0,0,0,0,5.276988573415161,0.9997866499899947,0.6564827876358057,0.0012356224469840527
flickr,original_1.3g_final,7740990330,239,0.7855576276779175,0.6704244017601013,0.11513322591781616,0.766815185546875,0.8211926708213606,0.6779475646199822,0.5121386647224426,0.6469029017857143,0.09827407525510204,0,0,0,0,5.275926766662469,0.9995854783934597,0.6935671961674231,0.001585895661264658
flickr,original_1.3g_final,7897462346,240,0.813075065612793,0.7872130870819092,0.02586197853088379,0.5679473876953125,0.9496715733546826,0.8479221496572116,0.34333691000938416,0.6133808992346939,0.04065688775510204,0,0,0,0,5.272258836610737,0.9988905465307505,0.8840427514016159,0.00197579525411129
flickr,original_1.3g_final,8250285374,241,0.8813154697418213,0.7045443654060364,0.1767711043357849,0.9596405029296875,1.0,0.8309887459807074,0.4451960623264313,0.5950255102040817,0.08609693877551021,0,0,0,0,5.27464965468016,0.9993435147256043,0.8516992790937178,0.0016771461814641953
flickr,original_1.3g_final,8294094053,242,0.7931506633758545,0.622772216796875,0.1703784465789795,0.9458160400390625,0.9695648920647986,0.829296,0.42627790570259094,0.6228077168367347,0.06275908801020408,0,0,0,0,5.27465930263533,0.9993453426425392,0.8673773344936073,0.0018393532373011112
flickr,original_1.3g_final,8311669586,243,0.7713299989700317,0.8903544545173645,-0.11902445554733276,0.200042724609375,0.9407679432411502,0.5120750611911885,0.6358540654182434,0.7328204719387755,0.3198142538265306,0,0,0,0,5.273420811816956,0.9991106962018431,0.5221357957932976,0.0020929158199578524
flickr,original_1.3g_final,8396975855,244,0.848508358001709,0.7749947309494019,0.07351362705230713,0.7434234619140625,0.9964737674663855,0.4068159190592794,0.6099601984024048,0.7406529017857143,0.39002710459183676,0,0,0,0,5.276769850911365,0.999745210476472,0.43516493005584017,0.001387587282806635
flickr,original_1.3g_final,9060997789,245,0.811066746711731,0.779022753238678,0.03204399347305298,0.6815032958984375,0.876756056064166,0.7532924961715161,0.5503129363059998,0.7157804528061225,0.14805883290816327,0,0,0,0,5.273741309243343,0.9991714181541083,0.7066328862653938,0.002071457915008068
flickr,original_1.3g_final,9309351423,246,0.8649154305458069,0.8020065426826477,0.06290888786315918,0.733978271484375,0.9785229150094842,0.4782010645296334,0.5777760744094849,0.6664939413265306,0.3046077806122449,0,0,0,0,5.275514765122091,0.9995074199261892,0.5056439118474721,0.0017256811261177063
flickr,original_1.3g_final,9456627660,247,0.8467617630958557,0.7097647190093994,0.1369970440864563,0.8746795654296875,0.9982189161580974,0.6685671180969757,0.434918612241745,0.5680404974489796,0.15856186224489796,0,0,0,0,5.27577290894309,0.9995563282651824,0.7045719250892015,0.0012887739576399326
flickr,original_1.3g_final,9636000842,248,0.7665430307388306,0.8297698497772217,-0.06322681903839111,0.38349151611328125,0.8976634447065986,0.7440886264415676,0.6203805208206177,0.7897600446428571,0.12332589285714286,0,0,0,0,5.2755912762427215,0.9995219158448212,0.7553637073945512,0.0020619125571101904
flickr,original_1.3g_final,9761803312,249,0.8406928181648254,0.776958703994751,0.06373411417007446,0.76739501953125,0.9507487359004279,0.5725034399976578,0.529020369052887,0.6807437818877551,0.21601961096938777,0,0,0,0,5.276721715142793,0.9997360905971818,0.6226318973477251,0.0011671343818306923
flickr,cram_c3_stage1,10000130166,0,0.6514215469360352,0.4515222907066345,0.19989925622940063,0.766815185546875,0.6407647095604327,0.971488837275442,0.22454692423343658,0.4204599808673469,0.0,3401,8931,0,0,3.8842281932762486,0.9980492149552579,0.6407647095604327,0.00879480317234993
flickr,cram_c3_stage1,10007936344,1,0.7889217138290405,0.6336994171142578,0.15522229671478271,0.8035812377929688,0.9130891921917156,0.7817616685916163,0.4192711412906647,0.5866948341836735,0.11126833545918367,7410,1782,0,0,3.8860474754350087,0.9985166779981027,0.7475070646701529,0.00832765270024538
flickr,cram_c3_stage1,10008553263,2,0.7762175798416138,0.8545525074005127,-0.07833492755889893,0.533172607421875,0.7843560933448573,0.3737900734536967,0.5617798566818237,0.5806361607142857,0.2557397959183674,6527,1987,0,40,3.8853816031618784,0.998345582669407,0.4076209013325348,0.008649232797324657
flickr,cram_c3_stage1,10009662863,3,0.6392345428466797,0.5457034111022949,0.09353113174438477,0.664093017578125,0.6816602635980956,0.7358614120728658,0.44908657670021057,0.5021723533163265,0.12314652423469388,7772,10949,0,0,3.8874067927756037,0.9988659534621459,0.5554756662023098,0.008021123707294464
flickr,cram_c3_stage1,10013411946,4,0.6504428386688232,0.5483317375183105,0.1021111011505127,0.6328277587890625,0.6293297224102912,0.7823715574708774,0.3327670395374298,0.2959781568877551,0.03822544642857143,8572,6580,267,131,3.8880819373301945,0.9990394312958779,0.5701037756679178,0.006927084177732468
flickr,cram_c3_stage1,10016382545,5,0.6672767400741577,0.6520074009895325,0.015269339084625244,0.507171630859375,0.7373496659242762,0.6154403836859129,0.4550386071205139,0.5360530931122449,0.17305086096938777,2495,3751,329,3447,3.88633471196503,0.9985904831864258,0.5317026948896669,0.009758246131241322
flickr,cram_c3_stage1,10031203703,6,0.7657588720321655,0.5751162767410278,0.1906425952911377,0.8412628173828125,0.8898075529937951,0.9039870724136828,0.36361220479011536,0.6228276466836735,0.044822225765306124,2932,3174,0,189,3.8886700604862092,0.9991905490533706,0.8309459379963527,0.006357599049806595
flickr,cram_c3_stage1,10035917404,7,0.6229044198989868,0.6254879832267761,-0.0025835633277893066,0.53045654296875,0.5879628170789349,0.8472121322193971,0.3949064612388611,0.43893494897959184,0.05685985331632653,4774,8676,0,0,3.8890236846338784,0.9992814124850251,0.5394645541806407,0.005978066474199295
flickr,cram_c3_stage1,10045181004,8,0.691839873790741,0.6966019868850708,-0.004762113094329834,0.526031494140625,0.656119967033188,0.8355946956121039,0.34890472888946533,0.38924984056122447,0.05486686862244898,4783,4747,0,3,3.883714221896305,0.9979171504351687,0.5907371545436447,0.009524333290755749
flickr,cram_c3_stage1,10060697266,9,0.691801130771637,0.5842369794845581,0.10756415128707886,0.6916046142578125,0.7130291555585743,0.9614644868800659,0.2638424038887024,0.43520806760204084,0.011559311224489796,1542,6986,0,0,3.8809844957195825,0.9972157495564982,0.6992556327121946,0.010606209747493267
flickr,cram_c3_stage1,10061269855,10,0.6537509560585022,0.5484840273857117,0.10526692867279053,0.652069091796875,0.6630413467485254,0.9884636142844293,0.2514452338218689,0.4431202168367347,0.0007772640306122449,1021,2467,489,0,3.881464414310882,0.9973390642407688,0.6622621325578942,0.009925272315740585
flickr,cram_c3_stage1,10067897816,11,0.7033243179321289,0.7891228199005127,-0.08579850196838379,0.406890869140625,0.6257303062384817,0.40846728780587693,0.4641738831996918,0.38930963010204084,0.21023995535714285,10348,4207,0,42,3.8869424558536108,0.9987466424748892,0.3424390034548615,0.007739579305052757
flickr,cram_c3_stage1,10069511285,12,0.7887580990791321,0.7154093980789185,0.07334870100021362,0.6889190673828125,0.8539909048141759,0.8481653376526289,0.381754994392395,0.6398278061224489,0.07154815051020408,2683,4011,72,25,3.884813590533154,0.9981996322952336,0.767568710359408,0.008694149553775787
flickr,cram_c3_stage1,10079676496,13,0.7285752892494202,0.5825649499893188,0.14601033926010132,0.7739105224609375,0.8723791667417837,0.8311291264470475,0.3965359926223755,0.5801777742346939,0.033681441326530615,5991,3351,0,0,3.886464055182792,0.998623717819028,0.8222739553773216,0.008773204870522022
flickr,cram_c3_stage1,10080652613,14,0.7253444194793701,0.43163153529167175,0.29371288418769836,0.89385986328125,0.7730626684636118,0.9622756248951518,0.22341500222682953,0.47520727040816324,0.01349250637755102,3018,6713,0,0,3.8837693737990264,0.9979313216708622,0.7558223803406133,0.008626284077763557
flickr,cram_c3_stage1,10106776154,15,0.6464408040046692,0.590779185295105,0.05566161870956421,0.6165924072265625,0.657146738720244,0.8151213301378071,0.4060114324092865,0.5322066326530612,0.07497608418367346,1745,4201,1500,2369,3.8890702444744365,0.999293375997467,0.5901234902604005,0.005980700254440308
flickr,cram_c3_stage1,10109936483,16,0.7460525631904602,0.593765377998352,0.15228718519210815,0.7556610107421875,0.8925067451557518,0.7396209156969358,0.3444925844669342,0.39219945790816324,0.080078125,11289,2263,0,0,3.8851201812589133,0.9982784105281105,0.7160779297451539,0.008400391787290573
flickr,cram_c3_stage1,10110769444,17,0.6984928846359253,0.7471091747283936,-0.04861629009246826,0.4859161376953125,0.770927092709271,0.6564132933881418,0.47203293442726135,0.5721061862244898,0.1795280612244898,2004,5573,0,729,3.8865898726747052,0.9986560465192957,0.5633183856502242,0.007540816441178322
flickr,cram_c3_stage1,10111706074,18,0.6011809706687927,0.5264829993247986,0.07469797134399414,0.70068359375,0.5985246026313789,0.8368779242875373,0.30967283248901367,0.3748405612244898,0.003308354591836735,5591,6136,0,0,3.886521739369669,0.9986385397230366,0.594770253929867,0.008040374144911766
flickr,cram_c3_stage1,10119607346,19,0.5513275861740112,0.630713939666748,-0.07938635349273682,0.4042510986328125,0.4325202314360956,0.5922250881718166,0.40968137979507446,0.3786073022959184,0.07914142219387756,3372,9566,0,118,3.8864975585642454,0.9986323264851245,0.37523555407320935,0.008435621857643127
flickr,cram_c3_stage1,10119736773,20,0.6623599529266357,0.38379785418510437,0.27856209874153137,0.8856169871794872,0.7472280162476671,0.9514590249868949,0.2255849689245224,0.5702925701530612,0.0,56,11007,0,0,3.8887554398908906,0.9992124872206397,0.7472280162476671,0.006529446691274643
flickr,cram_c3_stage1,10129791115,21,0.760579526424408,0.6130792498588562,0.14750027656555176,0.724273681640625,0.8098791063820584,0.7717736284571947,0.39748522639274597,0.4835180165816326,0.10273836096938775,2406,3045,31,0,3.886299690437393,0.9985814844339258,0.6622221436276503,0.007764710113406181
flickr,cram_c3_stage1,10129813456,22,0.6995732188224792,0.4779559373855591,0.22161728143692017,0.8510894775390625,0.738274101057989,0.9474991052254832,0.3420256972312927,0.4454719387755102,0.017199457908163265,5576,8641,0,0,3.8894888467739905,0.9994009355113935,0.7167126347315521,0.005888123065233231
flickr,cram_c3_stage1,10163352444,23,0.6907027363777161,0.43145081400871277,0.2592519223690033,0.882965087890625,0.7616118272180225,0.9785286643407848,0.2672923505306244,0.462711256377551,0.00701530612244898,5281,6719,0,0,3.8856294906804543,0.9984092771618521,0.7527293209416365,0.008468883112072945
flickr,cram_c3_stage1,10165890496,24,0.6379152536392212,0.5835886001586914,0.054326653480529785,0.6107330322265625,0.5777244858713604,0.8512,0.27483198046684265,0.2989477040816326,0.040338010204081634,5947,3501,0,0,3.8767647402058536,0.9961314868746427,0.5292544923210843,0.01216441672295332
flickr,cram_c3_stage1,10173808724,25,0.7128711938858032,0.5072159767150879,0.20565521717071533,0.7950592041015625,0.7693405289330922,0.9642161549629944,0.2739585041999817,0.5627989477040817,0.010642538265306123,3433,4071,0,0,3.8836574535007635,0.9979025638429848,0.7579051383399209,0.008689487352967262
flickr,cram_c3_stage1,10202025415,26,0.6370813250541687,0.6162748336791992,0.020806491374969482,0.5467071533203125,0.5323942501750484,0.945758743475928,0.2774454653263092,0.40858179209183676,0.01580436862244898,727,13672,4,267,3.887522521133136,0.9988956897676964,0.5210486005670291,0.007901182398200035
flickr,cram_c3_stage1,10221582415,27,0.7008020877838135,0.7581766843795776,-0.05737459659576416,0.4470672607421875,0.7021762694905361,0.7294113571007865,0.516423761844635,0.5752351721938775,0.14540816326530612,3186,5030,97,1841,3.889595831818454,0.9994284252298976,0.5647491181243881,0.0056878309696912766
flickr,cram_c3_stage1,10234680056,28,0.6140962839126587,0.6498320698738098,-0.03573578596115112,0.46600341796875,0.6275698940029878,0.8119793823921948,0.2619818150997162,0.4330556441326531,0.02796157525510204,1495,9656,374,0,3.884856776821948,0.9982107289763459,0.5977402852593421,0.008747993037104607
flickr,cram_c3_stage1,10246013484,29,0.672641932964325,0.4882752299308777,0.18436670303344727,0.7959747314453125,0.6194857186850412,0.878822629969419,0.2982109487056732,0.36495535714285715,0.006397480867346939,3470,11653,0,0,3.885694284366463,0.99842592584577,0.6119244077721586,0.009365319274365902
flickr,cram_c3_stage1,10268129763,30,0.7213226556777954,0.4946620464324951,0.2266606092453003,0.851287841796875,0.8175974984799792,0.8716144265938238,0.29974719882011414,0.43046476403061223,0.03828523596938776,8615,4756,0,0,3.885659244589233,0.9984169224040522,0.7546398364532809,0.008072372525930405
flickr,cram_c3_stage1,10278084464,31,0.7597804069519043,0.7465671896934509,0.01321321725845337,0.502166748046875,0.948474387785835,0.6267452541334966,0.5093284249305725,0.6509088010204082,0.21360809948979592,3980,1028,1286,566,3.886583721810225,0.9986544660597655,0.6337404603786436,0.0089622363448143
flickr,cram_c3_stage1,10283938426,32,0.7378226518630981,0.7412053346633911,-0.0033826828002929688,0.5218353271484375,0.8167386301936551,0.45154235398381887,0.6341899037361145,0.6971261160714286,0.32589285714285715,2900,3884,0,2432,3.8891732079311105,0.9993198323723218,0.442540732127597,0.007000669836997986
flickr,cram_c3_stage1,10289643764,33,0.69706130027771,0.6102292537689209,0.08683204650878906,0.6949005126953125,0.7930540730519903,0.7374358477776702,0.4068674147129059,0.4116310586734694,0.09823421556122448,5362,4397,0,0,3.8831306046175253,0.9977671904590971,0.6310882761192483,0.010896068997681141
flickr,cram_c3_stage1,10304554474,34,0.6190440654754639,0.6018533706665039,0.01719069480895996,0.59112548828125,0.5905339273975604,0.7930358018636586,0.3104829788208008,0.4063695790816326,0.05406967474489796,8372,8581,0,0,3.8842236590540224,0.9980480498906149,0.5372985545771722,0.008833775296807289
flickr,cram_c3_stage1,10308472565,35,0.7882747054100037,0.7110572457313538,0.0772174596786499,0.646240234375,0.8678043104881157,0.6288846061190074,0.4340498745441437,0.49637276785714285,0.14369419642857142,3967,2796,76,422,3.8842471784039647,0.9980540931680895,0.6200958074349737,0.00939022097736597
flickr,cram_c3_stage1,10369815925,36,0.7201266884803772,0.674723207950592,0.045403480529785156,0.5992431640625,0.7804009771210677,0.9010284102634656,0.3277488350868225,0.5794403698979592,0.037806919642857144,120,5089,135,836,3.882311057538555,0.9975566085164086,0.7386578316650219,0.010926018469035625
flickr,cram_c3_stage1,10389014583,37,0.6493023633956909,0.5653117299079895,0.08399063348770142,0.6504974365234375,0.6726903858436337,0.7792236051875707,0.349794864654541,0.4579480229591837,0.04203204719387755,6894,5239,0,0,3.8858999497424436,0.9984787713936697,0.623302931142519,0.008468860760331154
flickr,cram_c3_stage1,10409146004,38,0.7029086947441101,0.7290453910827637,-0.026136696338653564,0.50537109375,0.6666412446613789,0.686250392546844,0.3957081437110901,0.3807796556122449,0.11561304209183673,9614,3099,0,0,3.887819148995611,0.9989719080511097,0.5148023086889945,0.006674131378531456
flickr,cram_c3_stage1,10409351364,39,0.8051093816757202,0.5735750198364258,0.23153436183929443,0.89208984375,0.9200284900284901,0.7946894379368048,0.3473961651325226,0.40493463010204084,0.06662547831632654,9954,1836,0,0,3.8861128304166304,0.9985334709064633,0.772818647393864,0.007735107094049454
flickr,cram_c3_stage1,10413912845,40,0.7297163009643555,0.7580400705337524,-0.028323769569396973,0.475982666015625,0.7625123108604173,0.4597300944669366,0.40072575211524963,0.3692004145408163,0.18949298469387754,9451,1416,0,0,3.8849001800443457,0.9982218813983676,0.4118827682932727,0.00863288901746273
flickr,cram_c3_stage1,10437048305,41,0.6559744477272034,0.6904804706573486,-0.034506022930145264,0.5048065185546875,0.6006268072654234,0.9064018813692187,0.28067106008529663,0.3813576211734694,0.026068239795918366,181,4228,107,580,3.8816441050989683,0.9973852356398372,0.5745995461246667,0.010324730537831783
flickr,cram_c3_stage1,10440265465,42,0.7571053504943848,0.6402058601379395,0.11689949035644531,0.7827301025390625,0.875752281110464,0.6534839924670434,0.47654712200164795,0.5503029336734694,0.16402264030612246,3901,2403,0,3042,3.888834991239919,0.9992329278738392,0.6257889990982868,0.007261509075760841
flickr,cram_c3_stage1,10441843213,43,0.8167734146118164,0.6531559228897095,0.16361749172210693,0.826141357421875,0.899898119848106,0.7945602041150109,0.39763695001602173,0.6092753507653061,0.08884725765306123,4200,2535,0,42,3.8828357529556374,0.9976914285689524,0.772340662310615,0.009881269186735153
flickr,cram_c3_stage1,10446128125,44,0.6583379507064819,0.4994477927684784,0.15889015793800354,0.770172119140625,0.7025118457401072,0.9488978946327963,0.30449384450912476,0.4032605229591837,0.00821109693877551,6711,5764,229,0,3.8845191668040404,0.9981239803620607,0.6920789402541228,0.009516456164419651
flickr,cram_c3_stage1,10451898725,45,0.9191406965255737,0.8331334590911865,0.08600723743438721,0.8428192138671875,1.0,0.05734631550300868,0.621658205986023,0.6590999681122449,0.6106903698979592,3689,0,0,471,3.888427177351945,0.9991281404333267,0.058284801081795415,0.005972160026431084
flickr,cram_c3_stage1,10468313544,46,0.7017999887466431,0.5977421402931213,0.10405784845352173,0.6676177978515625,0.7462636439966415,0.5308423718285632,0.4500911831855774,0.4171117665816326,0.19236288265306123,15874,4525,0,0,3.884002294167799,0.9979911703665705,0.45273946086921085,0.010256797075271606
flickr,cram_c3_stage1,10476442285,47,0.7416918873786926,0.6456443071365356,0.09604758024215698,0.718902587890625,0.8432914046121593,0.748628660985405,0.3471429646015167,0.4069276147959184,0.09337133290816327,5577,3122,35,185,3.8859178725002237,0.9984833766314266,0.6700933760028057,0.00821773149073124
flickr,cram_c3_stage1,10476446674,48,0.7753201127052307,0.6362638473510742,0.1390562653541565,0.7333984375,0.848741237006596,0.7065604875804968,0.3081255853176117,0.3466198979591837,0.05839445153061224,10447,2819,0,0,3.8843160092108606,0.9980717791868733,0.7058908004710343,0.008510028943419456
flickr,cram_c3_stage1,10477544895,49,0.7382169365882874,0.7331203818321228,0.005096554756164551,0.5523834228515625,0.8080468035037259,0.6397629644964289,0.4173620343208313,0.3850845025510204,0.12065529336734694,4606,548,139,1760,3.885231038463843,0.998306895195037,0.5789387411015362,0.009694943204522133
flickr,cram_c3_stage1,10481128583,50,0.6652679443359375,0.6153666973114014,0.04990124702453613,0.5780181884765625,0.6499905204284766,0.7965092640994366,0.3583276867866516,0.34313217474489793,0.06540975765306123,8793,6384,0,0,3.88713167896348,0.9987952631961392,0.5624897456931911,0.007689330726861954
flickr,cram_c3_stage1,10520382525,51,0.8029589056968689,0.6732195019721985,0.1297394037246704,0.7652435302734375,0.8795786650275209,0.6679326147840109,0.4043384790420532,0.4696667729591837,0.1136001275510204,3649,2000,0,77,3.8825985869210484,0.9976304889529316,0.6670975397851285,0.010125561617314816
flickr,cram_c3_stage1,10545790805,52,0.6280163526535034,0.529466450214386,0.09854990243911743,0.6682891845703125,0.5671606916349556,0.9186310553633218,0.30573228001594543,0.36862244897959184,0.01273517219387755,6610,12531,0,0,3.8881646352717643,0.999060680463423,0.555315880641893,0.006889700889587402
flickr,cram_c3_stage1,10548273474,53,0.8370311260223389,0.8043283224105835,0.03270280361175537,0.651763916015625,0.9482521752404213,0.4543758914530227,0.5155155062675476,0.5449418048469388,0.25035873724489793,3845,158,65,1676,3.886143867668001,0.9985414459024788,0.48410224438902744,0.008894120343029499
flickr,cram_c3_stage1,10549911663,54,0.7813407778739929,0.887641191482544,-0.10630041360855103,0.3449249267578125,0.8057476182968852,0.6145389583619624,0.5421764850616455,0.5801179846938775,0.21556122448979592,6914,925,147,194,3.886431450553228,0.9986153400864848,0.5417897112050035,0.007951386272907257
flickr,cram_c3_stage1,10555704135,55,0.6732118725776672,0.5682042837142944,0.1050075888633728,0.6576995849609375,0.684832357637041,0.7279378488459798,0.29136455059051514,0.2642299107142857,0.06088568239795918,10105,2768,0,0,3.8850298481739243,0.998255199516792,0.562822568887593,0.00915047712624073
flickr,cram_c3_stage1,10557361454,56,0.666533350944519,0.867393970489502,-0.2008606195449829,0.201080322265625,0.6267306922769108,0.23124852350578787,0.42751750349998474,0.3374521683673469,0.24744897959183673,6906,654,0,0,3.881626843074445,0.997380800176943,0.20979451871299595,0.010162675753235817
flickr,cram_c3_stage1,10610974774,57,0.6481095552444458,0.5614438056945801,0.08666574954986572,0.646087646484375,0.6530862038817975,0.9834554790011849,0.21133995056152344,0.45414142219387754,0.0047831632653061226,957,11189,0,0,3.883154550442023,0.997773343318855,0.6485500955026915,0.009777270257472992
flickr,cram_c3_stage1,10624261424,58,0.724431574344635,0.6418508291244507,0.08258074522018433,0.639251708984375,0.8028781614133061,0.7616524884111864,0.35666993260383606,0.39124282525510207,0.06774154974489796,5577,5448,0,87,3.8836394795394016,0.99789794544851,0.6789574062301335,0.00981393177062273
flickr,cram_c3_stage1,10635080206,59,0.8148545026779175,0.6793942451477051,0.1354602575302124,0.78363037109375,0.9530037050105857,0.6895544775643071,0.5006504058837891,0.6244818239795918,0.17631935586734693,4518,1549,0,0,3.885746346087873,0.9984393030619368,0.6855071544147974,0.009382556192576885
flickr,cram_c3_stage1,10654057765,60,0.6716898083686829,0.6955938339233398,-0.023904025554656982,0.450103759765625,0.6147322024843062,0.7411831016157604,0.3635092079639435,0.371273118622449,0.05953045280612245,3709,8196,0,0,3.8868054709796955,0.9987114443250719,0.5425770198050928,0.00868074968457222
flickr,cram_c3_stage1,10659354545,61,0.6274207830429077,0.8361484408378601,-0.2087276577949524,0.2123565673828125,0.586042926942764,0.7131405719139298,0.6196222305297852,0.5631377551020408,0.15935905612244897,973,7284,120,159,3.888506207531517,0.9991484471724662,0.4754719207173195,0.0065553877502679825
flickr,cram_c3_stage1,10666396623,62,0.6592719554901123,0.5843448638916016,0.07492709159851074,0.6230926513671875,0.7039492718680683,0.8168820994907952,0.275852769613266,0.35616629464285715,0.028778698979591837,2450,2945,339,0,3.8801798107134555,0.9970089864111089,0.6581237039040664,0.011167563498020172
flickr,cram_c3_stage1,10667001125,63,0.8394277095794678,0.7080449461936951,0.1313827633857727,0.9000091552734375,1.0,0.44776830491474423,0.44079041481018066,0.3974011479591837,0.19696667729591838,9717,0,0,264,3.8844884395087003,0.9981160850089904,0.47462988065810807,0.009744687005877495
flickr,cram_c3_stage1,10701841844,64,0.7318337559700012,0.7933298349380493,-0.061496078968048096,0.4189605712890625,0.8812787052562514,0.5088394999368607,0.4356445372104645,0.4734733737244898,0.1643016581632653,4891,1163,0,237,3.885020225232243,0.9982527269099026,0.5504530759072902,0.008842350915074348
flickr,cram_c3_stage1,10743985374,65,0.6645530462265015,0.6719750165939331,-0.007421970367431641,0.4885406494140625,0.6073543293572471,0.7690844879108938,0.3805587589740753,0.36680883290816324,0.07467713647959184,677,2361,567,1126,3.888064436206539,0.9990349343966598,0.5232321738809005,0.007340775802731514
flickr,cram_c3_stage1,10751849775,66,0.78798508644104,0.6401457786560059,0.14783930778503418,0.7380218505859375,0.9483097445262719,0.7690685469590135,0.5089595913887024,0.6190011160714286,0.12773038903061223,8769,1503,0,35,3.8874941685642797,0.9988884045986278,0.7559617058311575,0.009068450890481472
flickr,cram_c3_stage1,10761625676,67,0.7606161236763,0.5611398220062256,0.19947630167007446,0.8745269775390625,0.856126778138258,0.490421729807005,0.3023099899291992,0.4182278380102041,0.03872369260204082,6468,2906,32,0,3.879363748596892,0.9967992999266226,0.7370022916069894,0.011430362239480019
flickr,cram_c3_stage1,10771238614,68,0.705157995223999,0.5658552050590515,0.1393027901649475,0.729034423828125,0.8175968747307041,0.8496417910447761,0.2766198515892029,0.3338249362244898,0.025370695153061226,5163,2785,0,0,3.8812900535923864,0.9972942623986641,0.761877994593003,0.010512048378586769
flickr,cram_c3_stage1,10795023275,69,0.7937785387039185,0.8013588190078735,-0.007580280303955078,0.470184326171875,0.9711660719412657,0.5284796000357112,0.3962697684764862,0.446468431122449,0.1906688456632653,131,0,4749,5088,3.883311093418006,0.9978135669067888,0.5441342065954269,0.009408432990312576
flickr,cram_c3_stage1,10796050285,70,0.7408718466758728,0.6389142870903015,0.10195755958557129,0.72552490234375,0.8371023380605596,0.8001758628269949,0.34840837121009827,0.5439652423469388,0.05082110969387755,5759,3579,162,50,3.8810003936076187,0.9972198345056527,0.7625698324022346,0.01064951904118061
flickr,cram_c3_stage1,10805310706,71,0.7303838729858398,0.6507178544998169,0.07966601848602295,0.65283203125,0.861045278782587,0.5578632616777113,0.3986278176307678,0.36991788903061223,0.13594148596938777,15065,2277,0,0,3.8839672677525274,0.9979821703581968,0.5494123577322049,0.010031241923570633
flickr,cram_c3_stage1,10847897294,72,0.7167601585388184,0.6727757453918457,0.043984413146972656,0.6593475341796875,0.8467052537845058,0.7574381646552755,0.37929555773735046,0.5003786670918368,0.07936065051020408,3671,5794,0,10,3.889556315441658,0.9994182715296316,0.7191967324710687,0.0053296517580747604
flickr,cram_c3_stage1,10859255295,73,0.6000613570213318,0.5565429925918579,0.04351836442947388,0.59661865234375,0.6101041061142525,0.8996571250454569,0.23689940571784973,0.3836296237244898,0.034279336734693876,3516,9806,0,0,3.88120577735719,0.9972726076898799,0.5752462256473285,0.009392106905579567
flickr,cram_c3_stage1,10862172945,74,0.6254055500030518,0.5622594356536865,0.06314611434936523,0.61700439453125,0.6077413222558614,0.8744111837106823,0.2918163537979126,0.3934749681122449,0.007892219387755101,1110,5575,222,84,3.8822967048465653,0.9975529206040976,0.5993854593431012,0.010932697914540768
flickr,cram_c3_stage1,10939270325,75,0.6765455007553101,0.5999422073364258,0.07660329341888428,0.640167236328125,0.6716310136293889,0.5686446830461197,0.4638908803462982,0.5215840242346939,0.21368781887755103,6837,4364,0,0,3.883073643404729,0.9977525543226794,0.45261557177615575,0.010169390588998795
flickr,cram_c3_stage1,10952523225,76,0.7328290939331055,0.565855085849762,0.1669740080833435,0.802947998046875,0.8199056255028595,0.8834762641173438,0.32117465138435364,0.4252830038265306,0.03830516581632653,5058,4946,0,0,3.884031590334122,0.997998697992226,0.7566575023579699,0.009478701278567314
flickr,cram_c3_stage1,10979853044,77,0.797662079334259,0.6103564500808716,0.18730562925338745,0.8742218017578125,0.9570483659401078,0.8122986545385635,0.3104477822780609,0.42067920918367346,0.05994897959183673,5594,1388,0,0,3.8826783130264464,0.9976509745096355,0.8194613711855091,0.009303895756602287
flickr,cram_c3_stage1,10980225216,78,0.7502052187919617,0.5643395185470581,0.18586570024490356,0.83367919921875,0.8573332938353526,0.7603247162673392,0.31576108932495117,0.37930484693877553,0.0634765625,10692,2969,0,0,3.8824676007543717,0.9975968321659674,0.7212350786253645,0.010068655014038086
flickr,cram_c3_stage1,11002352834,79,0.6975002288818359,,,,0.7387828258417916,0.9259212518929834,0.30837106704711914,0.39481026785714285,0.012177136479591837,411,2745,899,442,3.8859793271384295,0.9984991673497791,0.7210385628365895,0.00836070254445076
flickr,cram_c3_stage1,11036641226,80,0.8187246322631836,0.5995965003967285,0.21912813186645508,0.880859375,0.9716286799620133,0.4881030472896416,0.36965832114219666,0.33420360331632654,0.14610570790816327,10271,469,0,226,3.882778666522737,0.9976767602573329,0.5195176134560457,0.010501217097043991
flickr,cram_c3_stage1,11050409385,81,0.7074117660522461,0.45236635208129883,0.25504541397094727,0.8373260498046875,0.7553654743390358,0.8389180599696007,0.27919116616249084,0.28846460459183676,0.023198341836734693,11582,3806,9,262,3.8860309557152717,0.9985124332698081,0.7043622019838738,0.008264828473329544
flickr,cram_c3_stage1,11071986404,82,0.8259050846099854,0.7703429460525513,0.05556213855743408,0.6409454345703125,0.9761744966442953,0.3238988108493297,0.47223252058029175,0.44748485331632654,0.28828523596938777,8106,223,77,1954,3.8856960701859586,0.9984263847106093,0.3318503308236368,0.008508699014782906
flickr,cram_c3_stage1,11101358996,83,0.7492513656616211,0.6378862857818604,0.11136507987976074,0.7310028076171875,0.795512258183665,0.8818260914069297,0.29875388741493225,0.3894092793367347,0.037228954081632654,3540,3096,3,0,3.879804735690785,0.9969126111949017,0.7323500658817529,0.010918098501861095
flickr,cram_c3_stage1,11154049584,84,0.7659153342247009,0.5857352614402771,0.18018007278442383,0.8297119140625,0.8869862107296933,0.7775998886259223,0.3290922939777374,0.42946827168367346,0.06108498086734694,1952,2577,100,477,3.881856950245372,0.9974399260237963,0.763168082344636,0.010254141874611378
flickr,cram_c3_stage1,11314266424,85,0.7617576122283936,0.565581202507019,0.1961764097213745,0.858245849609375,0.8898377913846814,0.9501242592238578,0.2544579803943634,0.5212651466836735,0.019770408163265307,1896,3064,83,0,3.882772051349288,0.9976750604939979,0.85931394584875,0.00909923855215311
flickr,cram_c3_stage1,11650557765,86,0.7147585153579712,0.6011871099472046,0.1135714054107666,0.72998046875,0.7271831695089648,0.7532882801161103,0.4022906720638275,0.43941326530612246,0.06263950892857142,6786,4904,0,286,3.8860270692204297,0.9985114346381797,0.6392187048975272,0.008290838450193405
flickr,cram_c3_stage1,11764496003,87,0.7215490341186523,0.6598764657974243,0.06167256832122803,0.6346435546875,0.7215553385790592,0.7551997755780868,0.3995601236820221,0.4973094706632653,0.11639030612244898,3692,6567,0,71,3.882978632322997,0.997728141303975,0.5896922378858761,0.009639665484428406
flickr,cram_c3_stage1,11765015695,88,0.6553364992141724,0.4219428300857544,0.23339366912841797,0.7674713134765625,0.6464648286059469,0.9465860484765274,0.2411925345659256,0.37741151147959184,0.0021723533163265306,6814,8056,0,0,3.88615824733357,0.9985451407456287,0.643933542882802,0.007445061579346657
flickr,cram_c3_stage1,11776645404,89,0.6066794395446777,0.8170527219772339,-0.21037328243255615,0.254180908203125,0.5956687686691006,0.6784931196128837,0.5032224059104919,0.5271843112244898,0.14502949617346939,1462,4105,0,0,3.887367709624557,0.9988559110788772,0.4797898788996712,0.006976606324315071
flickr,cram_c3_stage1,12015590114,90,0.6865243911743164,0.5555542707443237,0.13097012042999268,0.71807861328125,0.7228048207857255,0.8393820054528931,0.3206331431865692,0.3289421237244898,0.03286431760204082,3065,3298,15,690,3.884617788693027,0.9981493211746966,0.6655457340507303,0.009407293051481247
flickr,cram_c3_stage1,12031178616,91,0.6748800277709961,0.6383132338523865,0.03656679391860962,0.5511474609375,0.6933386536475449,0.681438590015687,0.3858032524585724,0.4319595025510204,0.11866230867346939,2590,9172,0,0,3.8834280969553974,0.9978436308687472,0.5418806868212503,0.009426026605069637
flickr,cram_c3_stage1,12048726756,92,0.8083232045173645,0.6518837213516235,0.15643948316574097,0.8448028564453125,0.987125894391301,0.7153663160242352,0.3974331021308899,0.5361726721938775,0.11369977678571429,6899,462,0,676,3.8869941987554366,0.9987599377706281,0.7636648612185782,0.0075509753078222275
flickr,cram_c3_stage1,12066557153,93,0.8961776494979858,0.7914811372756958,0.10469651222229004,0.9162139892578125,1.0,0.5021311746241534,0.5273881554603577,0.6031768176020408,0.27796157525510207,3065,0,0,901,3.8842183840078426,0.9980466944718711,0.5214452374416689,0.009801776148378849
flickr,cram_c3_stage1,12103535156,94,0.7408425211906433,0.5736624002456665,0.1671801209449768,0.777984619140625,0.7895053899809765,0.6775413582934262,0.34131506085395813,0.36623086734693877,0.0975765306122449,8393,1198,33,0,3.8805806080671736,0.9971119709589599,0.6024629826768605,0.010823849588632584
flickr,cram_c3_stage1,12158276143,95,0.7424043416976929,0.6849126219749451,0.0574917197227478,0.5924224853515625,0.8487779822796729,0.5349050496331463,0.39464685320854187,0.36941964285714285,0.1481983418367347,7730,1497,0,0,3.882178635152281,0.9975225826940093,0.5186347587289133,0.010166170075535774
flickr,cram_c3_stage1,12328837165,96,0.7100991010665894,0.5603563189506531,0.14974278211593628,0.7669525146484375,0.7473619380004106,0.6654480312945563,0.5050967931747437,0.5451411033163265,0.17321029974489796,4052,5680,0,6247,3.8898300414068627,0.9994886051895228,0.5508079646553289,0.005290556699037552
flickr,cram_c3_stage1,12373955905,97,0.6033483147621155,0.5492166876792908,0.05413162708282471,0.5875396728515625,0.5391534285542579,0.9081522472668376,0.2922719419002533,0.29532047193877553,0.02712452168367347,3977,9451,0,0,3.8840477273017324,0.9980028443726789,0.5112744818677457,0.0100336205214262
flickr,cram_c3_stage1,12444360833,98,0.6238604784011841,0.5348013639450073,0.08905911445617676,0.6462860107421875,0.5512236486619733,0.9314228590469843,0.3101130425930023,0.29904735331632654,0.01789700255102041,1899,4240,361,474,3.8815813503163508,0.9973691108504557,0.5323683458718217,0.012163640931248665
flickr,cram_c3_stage1,12512072175,99,0.6801435947418213,0.464237242937088,0.21590635180473328,0.7996978759765625,0.7122214617081147,0.8956579954093343,0.3197205662727356,0.41677295918367346,0.029675542091836735,9087,8551,0,0,3.88464196361739,0.9981555329014751,0.674056213337172,0.009596137329936028
flickr,cram_c3_stage1,12534178685,100,0.6536521911621094,0.4629855751991272,0.19066661596298218,0.765655517578125,0.6788794956297464,0.9979148237078226,0.2642120122909546,0.47311463647959184,0.0,4803,10152,0,0,3.885397692364522,0.9983497167766913,0.6788794956297464,0.008352788165211678
flickr,cram_c3_stage1,12598610153,101,0.6950088143348694,0.5788203477859497,0.11618846654891968,0.6954345703125,0.6665522412329039,0.8898456343463579,0.2638160288333893,0.4131457270408163,0.03380102040816327,2005,4187,481,43,3.87939833162101,0.9968081860060067,0.6280621712262304,0.011073325760662556
flickr,cram_c3_stage1,12599965145,102,0.7088014483451843,0.4563225507736206,0.2524788975715637,0.84832763671875,0.7282850052246604,0.9683904302896097,0.20748671889305115,0.45900430484693877,0.004105548469387755,2133,8383,0,0,3.881949889729556,0.9974638067472277,0.7234187479727539,0.009666342288255692
flickr,cram_c3_stage1,12729873904,103,0.6714921593666077,0.40505823493003845,0.2664339244365692,0.94403076171875,0.6700339952097659,0.9798045418596769,0.27436745166778564,0.3527981505102041,0.0,9507,11531,0,0,3.887666016467349,0.9989325607748913,0.6700339952097659,0.007510758936405182
flickr,cram_c3_stage1,13153991894,104,0.7942979335784912,0.7717838883399963,0.022514045238494873,0.56573486328125,1.0,0.4332426226719959,0.46830829977989197,0.46871014030612246,0.21432557397959184,9097,0,72,328,3.888803217633171,0.9992247636719197,0.4865110060640787,0.006468081846833229
flickr,cram_c3_stage1,13234495505,105,0.5105264186859131,0.6608118414878845,-0.15028542280197144,0.3589630126953125,0.38524685382381413,0.5487892327210546,0.4345557689666748,0.36130819515306123,0.1335499043367347,3567,8609,0,85,3.8846409472572243,0.9981552717485729,0.30587837422369796,0.009778875857591629
flickr,cram_c3_stage1,13409856383,106,0.7084982395172119,0.5342451333999634,0.17425310611724854,0.785369873046875,0.8127853033958062,0.95451970013947,0.27211064100265503,0.4572704081632653,0.009964923469387755,1853,6266,0,0,3.8832313852443043,0.9977930859576194,0.7979777737292767,0.009554196149110794
flickr,cram_c3_stage1,13447842855,107,0.8043529987335205,0.5527182221412659,0.25163477659225464,0.9739837646484375,0.9569637511485225,0.769580969633408,0.37496381998062134,0.41806839923469385,0.05054209183673469,5083,931,565,1435,3.885458870525689,0.9983654364544977,0.8319033263765427,0.00914094876497984
flickr,cram_c3_stage1,13579448834,108,0.6012454628944397,0.5418548583984375,0.0593906044960022,0.6158599853515625,0.5575392260617494,0.9004904875148633,0.34238892793655396,0.26817602040816324,0.020846619897959183,9580,9682,0,0,3.8871101497229197,0.998789731275621,0.5319373106808903,0.008462117984890938
flickr,cram_c3_stage1,13660204414,109,0.6001005172729492,0.688310980796814,-0.08821046352386475,0.4149017333984375,0.5394970414201183,0.8402672635112896,0.31988680362701416,0.30275430484693877,0.04322783801020408,1723,5692,142,440,3.886957931558319,0.9987506189443875,0.4941925742382593,0.007668169215321541
flickr,cram_c3_stage1,13721325644,110,0.7144898176193237,0.7659178972244263,-0.05142807960510254,0.4221649169921875,0.7885678278872986,0.7612534325141646,0.42566978931427,0.5733617665816326,0.11114875637755102,3320,4052,2,0,3.886694627479058,0.9986829631794518,0.6566965021964347,0.008241357281804085
flickr,cram_c3_stage1,13861270725,111,0.658846378326416,0.7101849317550659,-0.0513385534286499,0.448577880859375,0.7175053153791637,0.6235782039173818,0.4576357901096344,0.4853515625,0.12326610331632654,3144,7986,0,265,3.887863398130791,0.9989832778297197,0.5552468007312614,0.008010391145944595
flickr,cram_c3_stage1,14062380939,112,0.6869907379150391,0.6395968198776245,0.04739391803741455,0.5732269287109375,0.6470436163533626,0.5662938780787381,0.37733036279678345,0.3082948022959184,0.10630580357142858,5390,4152,0,1043,3.8864227131039146,0.9986130950061255,0.46416743939594646,0.008284395560622215
flickr,cram_c3_stage1,14172932360,113,0.6746122241020203,0.6266595721244812,0.04795265197753906,0.6334075927734375,0.649360664709687,0.8287192837640485,0.23096434772014618,0.31387515943877553,0.04352678571428571,4904,4842,0,0,3.8753378295792955,0.9957648433717937,0.5857155679217341,0.012401996180415154
flickr,cram_c3_stage1,14174434304,114,0.7799732089042664,0.5843936800956726,0.19557952880859375,0.8707427978515625,0.838949749940462,0.9398699349674837,0.3326666057109833,0.5975964604591837,0.021783322704081634,4237,3770,7,0,3.8863056226697723,0.9985830087161189,0.8125126135216952,0.008220560848712921
flickr,cram_c3_stage1,14203929291,115,0.7307960987091064,0.6679179668426514,0.06287813186645508,0.6198272705078125,0.7866921425335356,0.6666555384923549,0.4809005856513977,0.5969786352040817,0.17191485969387754,4148,6444,0,271,3.886216459145296,0.9985600982224049,0.5871594701480469,0.008708427660167217
flickr,cram_c3_stage1,14414061986,116,0.7837541103363037,0.5372805595397949,0.2464735507965088,0.8987274169921875,0.8936468234117059,0.8355081614517562,0.27542224526405334,0.42612005739795916,0.02702487244897959,5011,1789,988,0,3.8817358442752785,0.9974088079451552,0.836878103625972,0.009722542949020863
flickr,cram_c3_stage1,14566072101,117,0.5988842248916626,0.556489109992981,0.04239511489868164,0.6181488037109375,0.5957772858845565,0.9071817474721287,0.3428279757499695,0.3843470982142857,0.028160873724489797,3033,6554,90,219,3.887372172310794,0.9988570577624071,0.5684254987328612,0.008113536983728409
flickr,cram_c3_stage1,14648401332,118,0.7424837350845337,0.4764009714126587,0.266082763671875,0.9239883422851562,0.8329236499068902,0.9536886993603412,0.3269273340702057,0.4673549107142857,0.01233657525510204,3623,4270,1201,248,3.8840171391586726,0.9979949847746716,0.814154137391241,0.009537036530673504
flickr,cram_c3_stage1,14652810592,119,0.669263482093811,0.5076029300689697,0.1616605520248413,0.7942657470703125,0.6811664218907011,0.9104504597582395,0.23189067840576172,0.3858019770408163,0.006477200255102041,4400,9927,0,0,3.8836902485398297,0.9979109905010918,0.6727165158975533,0.009442463517189026
flickr,cram_c3_stage1,14678892718,120,0.7105308771133423,0.603541910648346,0.10698896646499634,0.718475341796875,0.7855840208423795,0.6128726287262872,0.34194716811180115,0.29416454081632654,0.08225047831632654,10845,2981,0,0,3.885224141929491,0.9983051231362512,0.578314793504667,0.009250300005078316
flickr,cram_c3_stage1,14680986811,121,0.6362543106079102,0.6118383407592773,0.024415969848632812,0.60443115234375,0.6823309909501474,0.7751782884310618,0.42683959007263184,0.5030293367346939,0.09978874362244898,2459,8435,0,130,3.8865913279857,0.9986564204602497,0.5808975253477429,0.00863749347627163
flickr,cram_c3_stage1,14742398172,122,0.7024477124214172,0.4492817521095276,0.25316596031188965,0.7998199462890625,0.8065239742031965,0.9170031880977684,0.22555211186408997,0.46884964923469385,0.027303890306122448,6382,7715,0,0,3.882109711218571,0.9975048727463677,0.7672268160398329,0.009680173359811306
flickr,cram_c3_stage1,14778198185,123,0.6827424168586731,0.43776437640190125,0.24497804045677185,0.8455123901367188,0.7064326619273301,0.9455825018172206,0.20144404470920563,0.3015983737244898,0.0007772640306122449,7951,3843,0,0,3.876426503349047,0.996044577194622,0.7050751416605076,0.012144061736762524
flickr,cram_c3_stage1,14899015793,124,0.76959228515625,0.45880234241485596,0.31078994274139404,0.973907470703125,0.8556431678087549,0.9973921289710763,0.27249881625175476,0.5464166135204082,0.0,8242,4835,0,0,3.887263676166306,0.998829179768004,0.8556431678087549,0.006812674924731255
flickr,cram_c3_stage1,15135657108,125,0.660689651966095,0.47778746485710144,0.18290218710899353,0.8310416666666667,0.6769990399122205,0.9794082631509325,0.27358025312423706,0.4519889987244898,0.001096141581632653,278,9383,379,55,3.8859767906415588,0.9984985155990104,0.6758660560787476,0.009203636087477207
flickr,cram_c3_stage1,15210828119,126,0.6440949440002441,0.5691056251525879,0.07498931884765625,0.629058837890625,0.6911971991088074,0.767558697298662,0.340325266122818,0.394710618622449,0.07955994897959184,7558,5141,0,0,3.8846982278001625,0.9981699899366059,0.5850105830286704,0.009523654356598854
flickr,cram_c3_stage1,15679023977,127,0.8424012064933777,0.6875227689743042,0.1548784375190735,0.8828582763671875,0.9883452982362847,0.5316567342073898,0.38275283575057983,0.4180285395408163,0.17783402423469388,5816,244,0,274,3.8802665237506795,0.9970312672541546,0.5518905275660695,0.010887290351092815
flickr,cram_c3_stage1,15799251138,128,0.5858712196350098,0.6487249135971069,-0.06285369396209717,0.508880615234375,0.6072122009269698,0.8136251101506441,0.42148667573928833,0.47494818239795916,0.06244021045918367,5544,10075,0,116,3.886254384580669,0.9985698431315908,0.552958790817054,0.008741291239857674
flickr,cram_c3_stage1,15994498891,129,0.6724665760993958,0.5372576713562012,0.13520890474319458,0.7119903564453125,0.6527072319546664,0.8569225185991654,0.3456701338291168,0.4393335459183674,0.04647640306122449,2628,5764,1067,156,3.88801755209724,0.9990228875636338,0.6040354299235763,0.007105126976966858
flickr,cram_c3_stage1,16012165838,130,0.7198697924613953,0.5650971531867981,0.15477263927459717,0.85516357421875,0.8318424426752542,0.9451012941256183,0.38448020815849304,0.5882892219387755,0.022181919642857144,6001,5994,0,0,3.8856351153852478,0.9984107224250869,0.8051226551226551,0.010397039353847504
flickr,cram_c3_stage1,16101081359,131,0.7037755250930786,0.5375683307647705,0.1662071943283081,0.7981414794921875,0.763959788839138,0.9318471608296498,0.27331534028053284,0.4689094387755102,0.011599170918367346,2444,6730,0,29,3.8819508496184794,0.997464053389891,0.7487747818514028,0.010182938538491726
flickr,cram_c3_stage1,16369370669,132,0.7753138542175293,0.7279573678970337,0.047356486320495605,0.6843414306640625,0.8856281904247904,0.6649164274860713,0.40099790692329407,0.5902224170918368,0.1327327806122449,2784,2265,0,293,3.885028365692745,0.9982548185944817,0.6814964785685858,0.008182398043572903
flickr,cram_c3_stage1,16419739420,133,0.6510719060897827,0.8477730751037598,-0.19670116901397705,0.239166259765625,0.6823203923611735,0.6189094938565329,0.5952569246292114,0.6115074936224489,0.19321986607142858,34,5037,0,4352,3.887613690238493,0.9989191155937556,0.5060423967063276,0.0077901314944028854
flickr,cram_c3_stage1,16563757295,134,0.7134933471679688,0.8662905693054199,-0.15279722213745117,0.309661865234375,0.6917004390408645,0.5905355726951632,0.5091161131858826,0.5529735331632653,0.18379304846938777,264,6901,0,1381,3.8838970004069666,0.9979641152219936,0.4978729869340626,0.009492584504187107
flickr,cram_c3_stage1,16659090834,135,0.7564631700515747,0.6938468217849731,0.06261634826660156,0.6564178466796875,0.808069772946596,0.7639869168531589,0.46798422932624817,0.5788624043367347,0.12109375,1674,5207,0,859,3.8865389681623435,0.9986429666470348,0.6616671387890806,0.008488217368721962
flickr,cram_c3_stage1,16804898716,136,0.6589561700820923,0.6464663743972778,0.012489795684814453,0.532806396484375,0.62751711808952,0.8462133272685922,0.34212207794189453,0.4381576849489796,0.05528539540816327,3115,9507,0,0,3.8863993300567783,0.998607086751544,0.5738256068597514,0.008219262585043907
flickr,cram_c3_stage1,16950760048,137,0.7166992425918579,0.673427939414978,0.04327130317687988,0.6093292236328125,0.7033519062870179,0.7033827658827659,0.3974207937717438,0.45424107142857145,0.12386399872448979,4952,4848,0,5,3.882184748316678,0.9975241534665343,0.5526578874793161,0.010531418956816196
flickr,cram_c3_stage1,17140316339,138,0.7752492427825928,0.5826448202133179,0.1926044225692749,0.9114837646484375,0.9553015280531902,0.8073541009463723,0.311785489320755,0.5054209183673469,0.05528539540816327,9127,1579,0,0,3.8819538979303445,0.9974648366510982,0.8458265341953608,0.00981964636594057
flickr,cram_c3_stage1,17537079145,139,0.8086503744125366,0.7460504770278931,0.06259989738464355,0.696319580078125,0.9558813165127916,0.7597468070804392,0.48464033007621765,0.7115752551020408,0.11212531887755102,1094,1058,8,1553,3.8864664145478303,0.9986243240559192,0.7977296788613104,0.009127548895776272
flickr,cram_c3_stage1,19306860381,140,0.6268994808197021,0.49494659900665283,0.13195288181304932,0.6945037841796875,0.603680578376602,0.9713502860164399,0.2697337865829468,0.4146006058673469,0.006158322704081632,2166,6754,0,0,3.88436643545055,0.9980847361673674,0.598158782783731,0.009613108821213245
flickr,cram_c3_stage1,20854461578,141,0.789810299873352,0.5422312021255493,0.24757909774780273,0.8893585205078125,0.8999387880024485,0.8327543236915641,0.2798788249492645,0.5277822066326531,0.020926339285714284,3386,3535,0,107,3.883921948882282,0.9979705257120483,0.8629622383095285,0.008636918850243092
flickr,cram_c3_stage1,2401957951,142,0.7669594287872314,0.7379171848297119,0.02904224395751953,0.584564208984375,0.9983020269553221,0.30589880332986474,0.5683329105377197,0.6128826530612245,0.3998325892857143,11520,32,0,326,3.888225464755902,0.9990763105489558,0.31904358148210954,0.00794657040387392
flickr,cram_c3_stage1,2404965389,143,0.5343468189239502,0.7063292264938354,-0.17198240756988525,0.2900848388671875,0.36252739710863646,0.9182414624572421,0.6042256951332092,0.3554089604591837,0.005779655612244898,102,21051,0,0,3.888884520673711,0.9992456544208013,0.360214698959502,0.006805263459682465
flickr,cram_c3_stage1,2432219254,144,0.6076319813728333,0.6601746678352356,-0.052542686462402344,0.4388427734375,0.5644941781339785,0.6199819683021733,0.4290863573551178,0.4200015943877551,0.14325573979591838,6259,6670,0,0,3.8858966642663892,0.9984779271933206,0.43072840259119455,0.00854664295911789
flickr,cram_c3_stage1,2462141223,145,0.6225206255912781,0.573168158531189,0.04935246706008911,0.6085586547851562,0.6402075889059043,0.8551622251264276,0.3000989258289337,0.3507453762755102,0.032146843112244895,2371,3365,74,311,3.8839634470971056,0.9979811886439528,0.5991003542852593,0.008883049711585045
flickr,cram_c3_stage1,2465634368,146,0.6631395816802979,0.6820605993270874,-0.01892101764678955,0.4894866943359375,0.669854043392505,0.8408334653779116,0.41010311245918274,0.5031090561224489,0.02556999362244898,1257,11338,0,110,3.8866645055489424,0.9986752233744741,0.6437876283344202,0.009046179242432117
flickr,cram_c3_stage1,2499673064,147,0.689742922782898,0.6166278123855591,0.07311511039733887,0.5883331298828125,0.7830431141528776,0.5173821789734784,0.45898136496543884,0.5222616390306123,0.21257174744897958,7875,4909,0,0,3.887077793873591,0.9987814174669529,0.4845517413913261,0.008467702195048332
flickr,cram_c3_stage1,2509250774,148,0.7605390548706055,0.591050386428833,0.16948866844177246,0.7943267822265625,0.8573451611179393,0.6993984044640132,0.38137587904930115,0.45717075892857145,0.10487085459183673,6337,3331,14,1106,3.8801847012555375,0.9970102430318436,0.6691762252346194,0.011789729818701744
flickr,cram_c3_stage1,2542659118,149,0.673569917678833,0.8117297291755676,-0.13815981149673462,0.26593017578125,0.758465985073983,0.33530398962544816,0.5535315275192261,0.5225207270408163,0.3286232461734694,3955,621,461,1926,3.8874235821014866,0.9988702674655162,0.31307537527377627,0.007992174476385117
flickr,cram_c3_stage1,2630218696,150,0.7235214114189148,0.6068845987319946,0.11663681268692017,0.723419189453125,0.7171262045609802,0.9326137910176924,0.2741740345954895,0.5271843112244898,0.031369579081632654,944,3638,130,0,3.887147440006772,0.9987993129831501,0.6857496282088702,0.007288433611392975
flickr,cram_c3_stage1,2695985181,151,0.6186380982398987,0.5218478441238403,0.09679025411605835,0.6945648193359375,0.5848135083801215,0.9072335189742261,0.3136613965034485,0.30775669642857145,0.013751594387755101,11291,9434,0,0,3.885373562041634,0.9983435165102248,0.5684404860927958,0.010170387104153633
flickr,cram_c3_stage1,2698329253,152,0.6323567032814026,0.4562212824821472,0.17613542079925537,0.7501449584960938,0.611636567360928,0.9028311524055066,0.3189612329006195,0.40969786352040816,0.027881855867346938,7436,11712,0,0,3.8875307192135287,0.9988977962576586,0.5846800869483035,0.008120127022266388
flickr,cram_c3_stage1,2766580444,153,0.8575350642204285,0.7582293748855591,0.09930568933486938,0.80419921875,1.0,0.37933708082961815,0.4114530384540558,0.30845424107142855,0.18205915178571427,11471,0,0,171,3.8863103481252943,0.9985842229179988,0.3912435025989604,0.008611975237727165
flickr,cram_c3_stage1,2778088729,154,0.7128242254257202,0.6338609457015991,0.0789632797241211,0.6777191162109375,0.8187815656565657,0.6751431546069755,0.4030572175979614,0.38285235969387754,0.11411830357142858,4966,2608,0,1285,3.8842768448517333,0.9980617159372556,0.6013864416210702,0.009931357577443123
flickr,cram_c3_stage1,2808068937,155,0.6459025144577026,0.5636579990386963,0.08224451541900635,0.6228485107421875,0.6229619416540827,0.7790093048713739,0.334360808134079,0.36411830357142855,0.06963488520408163,10772,6606,0,0,3.8881096650096496,0.9990465559001328,0.5403276323532203,0.006265018135309219
flickr,cram_c3_stage1,2811549163,156,0.6278306245803833,0.5346680879592896,0.09316253662109375,0.6437530517578125,0.6017,0.8446492910954096,0.48979562520980835,0.42592075892857145,0.06208147321428571,8839,10969,0,0,3.889832217556992,0.9994891643494949,0.54510040767024,0.00617348775267601
flickr,cram_c3_stage1,2819123278,157,0.7371300458908081,0.5015912652015686,0.2355387806892395,0.933135986328125,0.8557635721641901,0.9721920441250209,0.2639915645122528,0.47696109693877553,0.005500637755102041,4218,4996,0,0,3.880654800048679,0.9971310345271163,0.8471635595688902,0.011200596578419209
flickr,cram_c3_stage1,2858344348,158,0.5734541416168213,,,,0.5366946778711484,0.9061779485663612,0.18324655294418335,0.33711336096938777,0.0,0,13199,0,0,3.8872694889427732,0.9988306733560995,0.5366946778711484,0.007325990125536919
flickr,cram_c3_stage1,2895192729,159,0.7642056941986084,0.5978771448135376,0.1663285493850708,0.8160400390625,0.8216833815709766,0.8941441441441441,0.28292253613471985,0.5442044005102041,0.03294403698979592,2643,5686,0,0,3.883616559187318,0.9978920560830389,0.7783817387700449,0.008881615474820137
flickr,cram_c3_stage1,2897081671,160,0.6588094830513,0.45399367809295654,0.2048158049583435,0.8173065185546875,0.6489305496378356,0.9869362363919129,0.2441055029630661,0.3844467474489796,0.0,2141,9152,0,0,3.8862237622830884,0.9985619747576077,0.6489305496378356,0.008248787373304367
flickr,cram_c3_stage1,2897653916,161,0.7951077222824097,0.5983477830886841,0.19675993919372559,0.835113525390625,0.9380894263841119,0.5671451569627046,0.3494458794593811,0.2971141581632653,0.1129623724489796,13768,960,0,13,3.879717316700626,0.9968901489578345,0.5759144472447381,0.011753345839679241
flickr,cram_c3_stage1,2907554899,162,0.6791043281555176,0.7107584476470947,-0.03165411949157715,0.4822845458984375,0.7340372875763076,0.7488890385133316,0.4870128333568573,0.5919961734693877,0.1288464604591837,5705,8085,0,0,3.8864030932586884,0.9986080537031559,0.6049768833288006,0.0081291189417243
flickr,cram_c3_stage1,2935372113,163,0.8420844078063965,0.6816842555999756,0.1604001522064209,0.8795013427734375,0.9775230388851427,0.6569486404833836,0.4349205195903778,0.46177455357142855,0.14431202168367346,7413,416,0,33,3.881956879623604,0.99746560279471,0.6672438356164384,0.011244353838264942
flickr,cram_c3_stage1,2961466546,164,0.6378824710845947,0.7528006434440613,-0.11491817235946655,0.3286590576171875,0.5655186292548298,0.6047405312346287,0.7309296131134033,0.6482780612244898,0.21446508290816327,2033,3682,1010,0,3.8895242553796767,0.9994100337232774,0.4319025139971457,0.0068378206342458725
flickr,cram_c3_stage1,3012435981,165,0.6738245487213135,0.8641818165779114,-0.1903572678565979,0.199462890625,0.679008534191898,0.5301115625645617,0.5704952478408813,0.5788026147959183,0.254703443877551,1956,1893,1504,891,3.886791631975482,0.9987078884044092,0.4342448559380597,0.007666449993848801
flickr,cram_c3_stage1,3052033339,166,0.8443152904510498,0.8993864059448242,-0.055071115493774414,0.3056182861328125,1.0,0.399527868852459,0.6303377747535706,0.7598254145408163,0.3848254145408163,4079,0,0,0,3.887244675958078,0.9988242976802475,0.44098317940997656,0.007869348861277103
flickr,cram_c3_stage1,3102685146,167,0.7307713031768799,0.5200859904289246,0.21068531274795532,0.8342437744140625,0.838204818904457,0.6725567081947684,0.3285715878009796,0.4015266262755102,0.045021524234693876,11896,2581,39,0,3.885436950023835,0.9983598039997144,0.7354337973893457,0.008634539321064949
flickr,cram_c3_stage1,3109408703,168,0.6624367237091064,0.4797193109989166,0.18271741271018982,0.794647216796875,0.7202641664385436,0.9609660336011687,0.28661617636680603,0.43654336734693877,0.0042251275510204085,3210,5329,0,0,3.886317859128077,0.9985861528639386,0.7150767767359696,0.007945876568555832
flickr,cram_c3_stage1,3202731977,169,0.6922455430030823,0.420360803604126,0.2718847393989563,0.902252197265625,0.7107525221330039,0.9277411986025262,0.22422295808792114,0.2966358418367347,0.004245057397959184,3972,4955,13,5,3.8817152747627404,0.9974035226259569,0.703044651494323,0.010395724326372147
flickr,cram_c3_stage1,3207674548,170,0.8264132738113403,0.6306238770484924,0.1957893967628479,0.8840789794921875,0.9641457355782501,0.6592993846966895,0.43226107954978943,0.527961575255102,0.1472217793367347,5488,381,1005,3388,3.8862437117441266,0.998567100755087,0.6848678535016861,0.008070683106780052
flickr,cram_c3_stage1,3230152596,171,0.8172891139984131,0.7577615976333618,0.05952751636505127,0.6888885498046875,0.9658572731418149,0.8583658375968796,0.4871951937675476,0.7868702168367347,0.09843351403061225,2397,836,4756,0,3.8891034553458717,0.9993019095033566,0.8466784920178879,0.007067185826599598
flickr,cram_c3_stage1,3403348616,172,0.7400906085968018,0.559623658657074,0.18046694993972778,0.7719268798828125,0.7386252904579866,0.8409284860897764,0.3310461938381195,0.35030691964285715,0.0458984375,4005,4936,241,65,3.884647110486342,0.9981568553851865,0.6623944072240023,0.009044747799634933
flickr,cram_c3_stage1,3413119417,173,0.6706024408340454,0.46209996938705444,0.20850247144699097,0.881439208984375,0.7001802859418892,0.9965984364743092,0.2857852280139923,0.33396444515306123,0.0,10433,7074,0,0,3.8857466741203854,0.998439387349619,0.7001802859418892,0.009239576756954193
flickr,cram_c3_stage1,3416359816,174,0.8517407178878784,0.6700664758682251,0.18167424201965332,0.86004638671875,0.9925354409735291,0.5929326238477104,0.4645184278488159,0.5318478954081632,0.201171875,12848,168,0,0,3.8836648906672653,0.9979044748167534,0.6077354432324473,0.009863474406301975
flickr,cram_c3_stage1,3484198977,175,0.7446202039718628,0.7610489130020142,-0.016428709030151367,0.49603271484375,0.773179577792244,0.7029975056018264,0.4521350860595703,0.47140066964285715,0.1329719387755102,6423,4788,0,123,3.885295742327014,0.9983235207990513,0.5901057562637518,0.008970736525952816
flickr,cram_c3_stage1,3535748358,176,0.7522879838943481,0.5724436044692993,0.17984437942504883,0.78948974609375,0.8338133858864549,0.8752088471636567,0.32492613792419434,0.5009964923469388,0.038763552295918366,5842,2369,1563,139,3.8832473989657075,0.9977972006700615,0.7765698351628958,0.009582160972058773
flickr,cram_c3_stage1,3568893693,177,0.7858607769012451,0.7325220704078674,0.053338706493377686,0.619140625,0.9205320329844593,0.7834632385194183,0.4579227864742279,0.5906608737244898,0.11405851403061225,1331,416,1396,1612,3.886356699621353,0.9985961328964943,0.750298898116134,0.008479421958327293
flickr,cram_c3_stage1,3668283413,178,0.7086813449859619,0.6723549962043762,0.03632634878158569,0.6456146240234375,0.7680409222782104,0.8264977488579973,0.501954972743988,0.6064453125,0.09775589923469388,1564,2901,708,1778,3.887751858465869,0.9989546178052638,0.6679814077025232,0.008542163297533989
flickr,cram_c3_stage1,3709678770,179,0.6522019505500793,0.5556425452232361,0.09655940532684326,0.6708831787109375,0.6420548654244307,0.9529461473457786,0.3532108664512634,0.5188536352040817,0.0244140625,2166,7812,0,0,3.8867345972065515,0.9986932333678038,0.6223253480496677,0.0079006627202034
flickr,cram_c3_stage1,3719297546,180,0.6339336037635803,0.6033754348754883,0.03055816888809204,0.611480712890625,0.6769564693114675,0.8829357798165137,0.3351588845252991,0.38016183035714285,0.033900669642857144,4421,3640,11,11,3.884747296607437,0.998182598125966,0.6336343115124153,0.008962970227003098
flickr,cram_c3_stage1,3727937033,181,0.756639838218689,0.490716814994812,0.26592302322387695,0.8604278564453125,0.8502337378157947,0.8376531112199902,0.3189828395843506,0.40676817602040816,0.05213647959183673,6922,2680,899,225,3.883661727303208,0.9979036619929806,0.7523543390248196,0.009060721844434738
flickr,cram_c3_stage1,3749326537,182,0.7836575508117676,0.8208087086677551,-0.03715115785598755,0.4113311767578125,0.9497984011932785,0.6008285663737689,0.4991479218006134,0.6759008290816326,0.25306919642857145,5817,1175,0,0,3.884399318056454,0.9980931853257009,0.5966502203417127,0.009049852378666401
flickr,cram_c3_stage1,3790233127,183,0.7573179006576538,0.6302393674850464,0.12707853317260742,0.748504638671875,0.872179285603561,0.8244369086494181,0.3224247992038727,0.47604432397959184,0.06517059948979592,2367,3437,0,75,3.884190599801457,0.9980395553430683,0.7618430469853184,0.008306175470352173
flickr,cram_c3_stage1,3801318146,184,0.7315472364425659,0.6728102564811707,0.058736979961395264,0.6962127685546875,0.8439294361812522,0.7334656084656085,0.5520341992378235,0.6629464285714286,0.14309630102040816,4667,1420,2509,927,3.888603488889842,0.9991734435368597,0.6760321418675533,0.00807076133787632
flickr,cram_c3_stage1,3828103578,185,0.7362573146820068,0.6459175944328308,0.09033972024917603,0.696624755859375,0.90047359612577,0.5405497841049977,0.39309555292129517,0.46617904974489793,0.15768494897959184,6690,2497,0,0,3.8841904932471714,0.9980395279640328,0.5759446101988294,0.009393880143761635
flickr,cram_c3_stage1,3896768873,186,0.7343709468841553,0.554816484451294,0.17955446243286133,0.8331756591796875,0.8319020646811621,0.8532253362761837,0.29241934418678284,0.4785754145408163,0.027543048469387755,2367,3407,1710,585,3.884382010740392,0.9980887382251834,0.7877011207012553,0.008814014494419098
flickr,cram_c3_stage1,3908875350,187,0.6675407886505127,0.6021192669868469,0.06542152166366577,0.6206207275390625,0.6764727531466987,0.770527080655078,0.3805563151836395,0.3565648915816326,0.07256457270408163,10312,3392,0,0,3.8839006459339727,0.9979650519371364,0.5739295156019067,0.010633548721671104
flickr,cram_c3_stage1,3956341886,188,0.6347053050994873,0.6973004341125488,-0.06259512901306152,0.4347991943359375,0.6053375592011669,0.7613471643413662,0.418503999710083,0.43997130102040816,0.0996890943877551,4740,6508,2046,101,3.8874616856235655,0.9988800581339337,0.5129320210574502,0.007623493671417236
flickr,cram_c3_stage1,4007045926,189,0.8232613205909729,0.5920014977455139,0.23125982284545898,0.8784332275390625,0.9436879759981537,0.6148872180451128,0.42627280950546265,0.39760044642857145,0.12721221301020408,9509,1221,0,1084,3.8884210776220622,0.9991265731127887,0.6329068207615313,0.00669843889772892
flickr,cram_c3_stage1,4041216001,190,0.7153037786483765,0.808777928352356,-0.09347414970397949,0.4372100830078125,0.6999838123408827,0.7497320471596999,0.5524513125419617,0.6322146045918368,0.13950892857142858,654,5802,0,461,3.8881729049350615,0.9990628053465532,0.5804058423730675,0.0064516812562942505
flickr,cram_c3_stage1,4180455681,191,0.8462787866592407,0.778246283531189,0.06803250312805176,0.70318603515625,1.0,0.44099467140319715,0.5057709217071533,0.5610251913265306,0.26889349489795916,4638,0,0,1402,3.8872745558246673,0.9988319752872028,0.4791940091098587,0.007554581388831139
flickr,cram_c3_stage1,4303617148,192,0.7519074082374573,0.5784521698951721,0.17345523834228516,0.8056488037109375,0.8655338410691191,0.8827538196607189,0.3218703866004944,0.5439453125,0.03736846301020408,2381,3867,0,76,3.883321672197822,0.9978162851154946,0.8109117835145232,0.009392860345542431
flickr,cram_c3_stage1,4351373013,193,0.6023794412612915,0.5865919589996338,0.015787482261657715,0.584747314453125,0.5894752385698728,0.8099005883546359,0.3972533345222473,0.39293686224489793,0.07170758928571429,5153,8248,17,1266,3.887517000812254,0.9988942713258211,0.5203591155719942,0.00856122188270092
flickr,cram_c3_stage1,4407899725,194,0.60857093334198,0.40216493606567383,0.20640599727630615,0.769989013671875,0.5859662252302086,0.9515719947159842,0.18593858182430267,0.37717235331632654,0.00047831632653061223,3862,5777,0,0,3.8798322400442937,0.9969196784157397,0.5855089898234548,0.011461073532700539
flickr,cram_c3_stage1,4479260803,195,0.6925437450408936,0.6741050481796265,0.01843869686126709,0.59814453125,0.7012804183146746,0.5642699174712767,0.34901803731918335,0.36947943239795916,0.07216597576530612,2909,1645,148,304,3.8827473441720497,0.9976687120052842,0.5643003560254612,0.010288859717547894
flickr,cram_c3_stage1,4543136011,196,0.6825509071350098,0.6402990818023682,0.0422518253326416,0.58294677734375,0.6803851529740643,0.5467774948829315,0.33455130457878113,0.39921476403061223,0.10437260841836735,3935,7188,0,0,3.8817460997397792,0.9974114430782588,0.5133703625582976,0.01054021529853344
flickr,cram_c3_stage1,4576746825,197,0.7717388868331909,0.7536369562149048,0.018101930618286133,0.6155548095703125,0.8174239695363557,0.4817724129564479,0.3880463242530823,0.3285634566326531,0.15029097576530612,13453,2112,0,0,3.8799076779813366,0.9969390621311387,0.4602346805736636,0.011816753074526787
flickr,cram_c3_stage1,4646464908,198,0.5270193219184875,0.6425965428352356,-0.11557722091674805,0.40771484375,0.5190043251831583,0.705926139365125,0.42554786801338196,0.41499920280612246,0.02130500637755102,166,10994,863,1008,3.883011176543192,0.9977365035143808,0.5001275879080687,0.00917012058198452
flickr,cram_c3_stage1,4657718822,199,0.7667785286903381,0.5492677688598633,0.21751075983047485,0.8675537109375,0.8928632442128641,0.8713166340182553,0.3647439479827881,0.47817681760204084,0.03533561862244898,5070,3085,75,195,3.8844574407644714,0.998108119907353,0.830011513876206,0.009628129191696644
flickr,cram_c3_stage1,4717096777,200,0.6714438796043396,0.8196885585784912,-0.1482446789741516,0.3604888916015625,0.6413551401869159,0.4715248414376321,0.7717819809913635,0.7541454081632653,0.32421875,1635,2949,4250,839,3.889897434292311,0.9995059217355824,0.4047019597169298,0.004967235028743744
flickr,cram_c3_stage1,4755507106,201,0.6781872510910034,0.6609208583831787,0.017266392707824707,0.5737762451171875,0.6961361794109701,0.7863508729092907,0.32174238562583923,0.3264907525510204,0.061842315051020405,4125,5739,0,0,3.8841781123089634,0.9980363466922219,0.5961680858941133,0.009501101449131966
flickr,cram_c3_stage1,4758950312,202,0.7624486684799194,0.5892338752746582,0.17321479320526123,0.8224029541015625,0.8740411945644979,0.6673405077590819,0.352374404668808,0.3352000956632653,0.06391501913265306,9055,1735,52,452,3.8856542810914103,0.9984156470374006,0.6993800043617784,0.00886911153793335
flickr,cram_c3_stage1,4767923306,203,0.7652255296707153,0.6406189203262329,0.12460660934448242,0.812164306640625,0.9165098496939091,0.645224040783472,0.3921593427658081,0.5942283163265306,0.09311224489795919,2468,2092,0,35,3.8845652280770073,0.9981358157679734,0.7496541646371164,0.009554288350045681
flickr,cram_c3_stage1,4876943924,204,0.8112411499023438,0.7636191844940186,0.047621965408325195,0.5328216552734375,0.9810457516339869,0.2358764830674943,0.5122430324554443,0.5072943239795918,0.37535873724489793,12748,161,567,0,3.8871038716061634,0.9987881181187238,0.24060270898453154,0.00742492638528347
flickr,cram_c3_stage1,4938432980,205,0.8456827402114868,0.7029472589492798,0.14273548126220703,0.8593673706054688,1.0,0.6961535680717229,0.3807257115840912,0.5512994260204082,0.15409757653061223,7076,0,0,18,3.8827357894443066,0.9976657430275673,0.713512912668124,0.008980389684438705
flickr,cram_c3_stage1,4957886467,206,0.7479249835014343,0.6559988260269165,0.09192615747451782,0.6733551025390625,0.8504117474615569,0.6858530714009371,0.3482225239276886,0.4636280293367347,0.09671954719387756,3406,3636,145,0,3.8815591245579757,0.9973633999602622,0.6756442016557623,0.010218348354101181
flickr,cram_c3_stage1,4965189170,207,0.7567965984344482,0.6568458080291748,0.09995079040527344,0.6976165771484375,0.8815466649219798,0.6173936950146628,0.39370402693748474,0.43494897959183676,0.14494977678571427,11117,1601,0,0,3.8874158596474238,0.9988682831873453,0.5973179652000443,0.007061559706926346
flickr,cram_c3_stage1,5006362787,208,0.5903545618057251,,,,0.5174808365161186,1.0,0.1633588820695877,0.38614078443877553,0.0,500,12837,0,0,3.8806891318995715,0.9971398560677484,0.5174808365161186,0.011074704118072987
flickr,cram_c3_stage1,5130986168,209,0.7434792518615723,0.6187291145324707,0.12475013732910156,0.772735595703125,0.8547914376929922,0.69249523001908,0.4102393388748169,0.4700454400510204,0.13010204081632654,4768,2830,0,425,3.886684862216965,0.9986804540034506,0.6371172225472986,0.008011020720005035
flickr,cram_c3_stage1,5179649119,210,0.6660738587379456,0.7122054100036621,-0.04613155126571655,0.416839599609375,0.6332444254774352,0.5888994721593841,0.47202667593955994,0.5021723533163265,0.1913265306122449,3117,5492,89,1482,3.884945185797127,0.9982334455892434,0.44920911223794746,0.00913369283080101
flickr,cram_c3_stage1,5194793239,211,0.8058280348777771,0.6088428497314453,0.1969851851463318,0.899200439453125,0.9485438627836341,0.553759178905207,0.453422486782074,0.47767857142857145,0.18299585459183673,12273,899,0,375,3.886798177664547,0.9987095703137893,0.5727200155343157,0.008304059505462646
flickr,cram_c3_stage1,5220919991,212,0.724330484867096,0.7523758411407471,-0.028045356273651123,0.5263671875,0.7637553418803419,0.769795066796783,0.4356645941734314,0.5922552614795918,0.11118861607142858,1779,3959,21,0,3.887796100259725,0.9989659856975269,0.6438321465762292,0.007193263620138168
flickr,cram_c3_stage1,5237296528,213,0.7939046621322632,0.8514350652694702,-0.05753040313720703,0.4092254638671875,0.85530779164873,0.6934331025240116,0.5823991298675537,0.7138073979591837,0.2167370854591837,5580,0,6297,0,3.8862092262246573,0.9985582397294415,0.6222611963670529,0.008814575150609016
flickr,cram_c3_stage1,5303633386,214,0.8338218927383423,0.6622684597969055,0.17155343294143677,0.7977752685546875,0.9688814129520605,0.6938191673567718,0.42310282588005066,0.5294563137755102,0.13068000637755103,9677,935,0,0,3.884599888228147,0.9981447216650818,0.7205347719010203,0.008929588831961155
flickr,cram_c3_stage1,5344317532,215,0.8237420320510864,0.6847542524337769,0.13898777961730957,0.8347320556640625,0.9878253325621746,0.6263339323040815,0.4512786567211151,0.5434669961734694,0.16926419005102042,3559,139,0,286,3.8852723651167533,0.9983175140442502,0.6624326106349144,0.009048879146575928
flickr,cram_c3_stage1,5480070309,216,0.864348292350769,0.6817817687988281,0.18256652355194092,0.924102783203125,0.9987466658096861,0.5274251578304257,0.4990924596786499,0.5871731505102041,0.2651267538265306,8627,20,0,229,3.8824927203647395,0.9976032866290319,0.5383989051158117,0.010746940970420837
flickr,cram_c3_stage1,5490101320,217,0.6074423789978027,0.5661282539367676,0.041314125061035156,0.5612335205078125,0.6135514945970811,0.8911801697935227,0.31837332248687744,0.3803013392857143,0.03186782525510204,1699,6834,924,268,3.8871022663992467,0.998787705662137,0.5800856202350293,0.008354151621460915
flickr,cram_c3_stage1,5601291878,218,0.7566310167312622,0.6402798891067505,0.11635112762451172,0.7408447265625,0.913572749606647,0.6318200908709098,0.4288194179534912,0.5219826211734694,0.08474170918367346,7477,1615,0,388,3.888315764804428,0.9990995130715825,0.739889562048691,0.007582990452647209
flickr,cram_c3_stage1,5607310495,219,0.648984432220459,0.5021524429321289,0.14683198928833008,0.8138427734375,0.6535500427715997,0.8857301275265891,0.27258971333503723,0.3953882334183674,0.0,1796,8228,12,0,3.8845891241751738,0.9981419558505917,0.6535500427715997,0.009907779283821583
flickr,cram_c3_stage1,5697766486,220,0.6542789340019226,0.6896905899047852,-0.03541165590286255,0.5253753662109375,0.6926396894823741,0.6122177274822059,0.3853950500488281,0.3892099808673469,0.1426379145408163,10912,3169,0,0,3.8845825921589445,0.9981402774544355,0.48962876507565983,0.008626338094472885
flickr,cram_c3_stage1,5801923729,221,0.7461106777191162,0.5328800678253174,0.21323060989379883,0.847991943359375,0.7949565637065638,0.7553654957351188,0.3898683786392212,0.43459024234693877,0.10128348214285714,8682,4306,0,220,3.8874944650981855,0.9988884807927692,0.6383807456786296,0.007295601069927216
flickr,cram_c3_stage1,5873098388,222,0.6969040036201477,0.49094587564468384,0.20595812797546387,0.8722991943359375,0.7559377005979931,0.9555024127770423,0.1981600672006607,0.46669722576530615,0.00023915816326530612,2931,8113,0,0,3.8822672508357496,0.9975453524204305,0.7556313532133329,0.009666354395449162
flickr,cram_c3_stage1,5906878321,223,0.7803412675857544,0.6527179479598999,0.1276233196258545,0.725250244140625,0.9065817409766455,0.5188335358444714,0.5172959566116333,0.6068837691326531,0.24846540178571427,6835,2585,0,5,3.887734708126553,0.9989502110397911,0.5285007024821035,0.007688423618674278
flickr,cram_c3_stage1,5991393107,224,0.6118614077568054,0.5096187591552734,0.10224264860153198,0.6671600341796875,0.5612782486986334,0.9154098697034985,0.2831214368343353,0.3885124362244898,0.02800143494897959,7812,8839,0,0,3.878647070656229,0.9966151501237627,0.5375242857358014,0.012365631759166718
flickr,cram_c3_stage1,6067281197,225,0.7564167976379395,0.5550144910812378,0.20140230655670166,0.8368072509765625,0.8278878407679905,0.89695606778572,0.31691449880599976,0.49629304846938777,0.024693080357142856,6555,2823,1482,0,3.8847934843350838,0.9981944660243038,0.7915374665556284,0.00889754667878151
flickr,cram_c3_stage1,6098668510,226,0.7042979001998901,0.6637905836105347,0.04050731658935547,0.6333465576171875,0.7222652042658414,0.8389307865802086,0.43150341510772705,0.5655293367346939,0.05227598852040816,3138,4501,49,157,3.884999933605504,0.9982475129932301,0.6690226937399002,0.010721263475716114
flickr,cram_c3_stage1,6158154336,227,0.7319263219833374,0.4760408401489258,0.2558854818344116,0.8829498291015625,0.7769916353731848,0.9649333493455026,0.2305395007133484,0.497867506377551,0.0,2492,7317,0,0,3.8799517716070193,0.9969503919517124,0.7769916353731848,0.010768027976155281
flickr,cram_c3_stage1,6185482260,228,0.6922973990440369,0.48987632989883423,0.20242106914520264,0.78118896484375,0.6868387997208654,0.9632036326626477,0.27184921503067017,0.5091278698979592,0.00958625637755102,4464,10894,0,0,3.8874128988381664,0.9988675224098605,0.6777392166584035,0.00693921186029911
flickr,cram_c3_stage1,6289328021,229,0.7400009036064148,0.7334959506988525,0.006504952907562256,0.575897216796875,0.7985671641791044,0.6201492883304743,0.3908179998397827,0.429866868622449,0.12894610969387754,8151,4141,0,0,3.883547752729661,0.9978743763207716,0.5760551248923342,0.009251540526747704
flickr,cram_c3_stage1,6458319057,230,0.7606463432312012,0.6549124717712402,0.10573387145996094,0.69793701171875,0.9058974694019775,0.6977723353574664,0.47717705368995667,0.5940489477040817,0.15184550382653061,9359,1016,234,104,3.8874554468860048,0.9988784550954881,0.680178559748839,0.008292476646602154
flickr,cram_c3_stage1,6669466181,231,0.6722208261489868,0.7348898649215698,-0.06266903877258301,0.4366912841796875,0.6675839973712314,0.7714909574215598,0.36089956760406494,0.4198620854591837,0.08539939413265306,2259,4096,938,959,3.8864926854311554,0.9986310743376159,0.5676714051203241,0.007557623088359833
flickr,cram_c3_stage1,6755812421,232,0.7169700860977173,0.5861331224441528,0.13083696365356445,0.775848388671875,0.8142168932662456,0.9096737154339297,0.28476154804229736,0.4165736607142857,0.030074139030612245,2989,4716,0,223,3.881542373003941,0.9973590956623369,0.7647969752428454,0.01060054823756218
flickr,cram_c3_stage1,6897499873,233,0.755373477935791,0.6267027258872986,0.12867075204849243,0.7642822265625,0.8724327547369816,0.6372677119628339,0.3671928346157074,0.41183035714285715,0.0807358099489796,8242,2171,255,9,3.8825599770016845,0.9976205681661515,0.6878297205536693,0.010598228313028812
flickr,cram_c3_stage1,7178293884,234,0.6652969717979431,0.7890176773071289,-0.12372070550918579,0.3472442626953125,0.6729107380622927,0.7682414307004471,0.6458960175514221,0.6686463647959183,0.11730707908163265,234,4144,607,4421,3.8880794356612705,0.9990387884941213,0.5832786440064269,0.00746369082480669
flickr,cram_c3_stage1,7387939334,235,0.7306381464004517,0.7373912334442139,-0.006753087043762207,0.48712158203125,0.8258008300658091,0.5860509015166309,0.5603339672088623,0.6123644770408163,0.22098214285714285,1996,3737,5,1370,3.887176775229802,0.9988068506443941,0.5474333834952194,0.009521925821900368
flickr,cram_c3_stage1,7560517176,236,0.7444372773170471,0.6956899166107178,0.048747360706329346,0.5546722412109375,0.8121248829910247,0.5616313164007464,0.3905775845050812,0.5233777104591837,0.13347018494897958,3495,4355,0,104,3.882284946085121,0.9975498992000904,0.5933301150535039,0.009373855777084827
flickr,cram_c3_stage1,7623513024,237,0.8107093572616577,0.6265848875045776,0.18412446975708008,0.815093994140625,0.9124008446042344,0.5307396096135971,0.3396010994911194,0.30018335459183676,0.13024154974489796,7313,1352,0,1,3.8793153799764313,0.9967868716496838,0.5226032098846142,0.011816863901913166
flickr,cram_c3_stage1,7733838448,238,0.7998331785202026,0.7944347262382507,0.005398452281951904,0.614532470703125,0.8864613914112105,0.6927016645326505,0.5542100071907043,0.7471301020408163,0.18751992984693877,1710,843,244,6,3.887520265640558,0.9988951102207478,0.6709557398651267,0.00751565583050251
flickr,cram_c3_stage1,7740990330,239,0.6562004089355469,0.43768760561943054,0.21851280331611633,0.84552001953125,0.6742918983468299,0.888785046728972,0.29998400807380676,0.40517378826530615,0.0003985969387755102,4911,7218,0,0,3.884561865820668,0.9981349518389937,0.6737890144311445,0.009897799231112003
flickr,cram_c3_stage1,7897462346,240,0.7357958555221558,0.5720418691635132,0.16375398635864258,0.745697021484375,0.7873869611892502,0.915813087276729,0.26208528876304626,0.4708625637755102,0.009566326530612245,1560,5591,0,0,3.881791406948502,0.9974230847279889,0.7738693467336684,0.0100760068744421
flickr,cram_c3_stage1,8250285374,241,0.660692036151886,0.42451831698417664,0.23617371916770935,0.8422698974609375,0.648770656993148,0.9892446684284925,0.2344832569360733,0.3242785395408163,0.0018734056122448979,4226,9359,0,0,3.887267496993918,0.9988301615264922,0.6463218760038548,0.0072922855615615845
flickr,cram_c3_stage1,8294094053,242,0.644157886505127,0.44983959197998047,0.19431829452514648,0.8063812255859375,0.5964682554528788,0.960711057547454,0.2500663101673126,0.3307358099489796,0.0,3149,11506,0,0,3.884809914541657,0.9981986877522652,0.5964682554528788,0.009371738880872726
flickr,cram_c3_stage1,8311669586,243,0.7136073112487793,0.7583698034286499,-0.044762492179870605,0.41845703125,0.7693172449973769,0.5846559842041312,0.4253638684749603,0.5248724489795918,0.18271683673469388,6879,3608,53,0,3.8855113649952857,0.9983789248649524,0.5276278591621691,0.008308084681630135
flickr,cram_c3_stage1,8396975855,244,0.79352867603302,0.6709979176521301,0.12253075838088989,0.74835205078125,0.9665502240970208,0.6321450125010777,0.4498235881328583,0.4623325892857143,0.12968351403061223,13063,902,0,0,3.8868442405060852,0.998721406122745,0.6764380275842982,0.008440342731773853
flickr,cram_c3_stage1,9060997789,245,0.6337661743164062,0.5527174472808838,0.08104872703552246,0.68682861328125,0.681455075751438,0.8979417542061662,0.3036210834980011,0.4667171556122449,0.029536033163265307,5947,6550,0,0,3.882927639026708,0.9977150386187575,0.65022650319269,0.010284899733960629
flickr,cram_c3_stage1,9309351423,246,0.7179158926010132,0.5924156308174133,0.12550026178359985,0.7061614990234375,0.718564523037386,0.6659200453643322,0.339740127325058,0.35146285076530615,0.08129384566326531,11205,4602,0,0,3.8871767575297436,0.9988068460963788,0.5750416217804328,0.007128585129976273
flickr,cram_c3_stage1,9456627660,247,0.7207568883895874,0.5109489560127258,0.20980793237686157,0.844512939453125,0.7495481809371644,0.823700420240631,0.29822853207588196,0.3462013711734694,0.0476921237244898,5565,5568,0,2,3.8847514029508976,0.9981836532475149,0.6660537646921914,0.008970201015472412
flickr,cram_c3_stage1,9636000842,248,0.6670974493026733,0.7353495955467224,-0.06825214624404907,0.4239501953125,0.6790623335109217,0.8070883236241271,0.45921841263771057,0.5508011798469388,0.07196667729591837,2577,9413,0,0,3.8836626985743354,0.9979039115602919,0.611805203176214,0.009711884893476963
flickr,cram_c3_stage1,9761803312,249,0.7645110487937927,0.594995379447937,0.1695156693458557,0.7828521728515625,0.8165840140023337,0.7111915650406504,0.33471038937568665,0.47066326530612246,0.06806042729591837,7792,3137,20,368,3.8860277365277387,0.9985116061022397,0.7003085518909228,0.007774895057082176
flickr,cram_c3_stage2,10000130166,0,0.6996071338653564,0.5206674337387085,0.17893970012664795,0.76239013671875,0.7151409991871444,0.9566917607695525,0.3218071162700653,0.47652264030612246,0.0,3401,6118,0,0,5.270456669364245,0.9985491050572615,0.7151409991871444,0.0024777085054665804
flickr,cram_c3_stage2,10007936344,1,0.7978537082672119,0.6755682229995728,0.12228548526763916,0.777374267578125,0.9469131883827964,0.7673461513729021,0.4869607985019684,0.6198580994897959,0.12547831632653061,6697,831,0,0,5.2729763677181,0.9990264911158323,0.7576507936507937,0.0023476649075746536
flickr,cram_c3_stage2,10008553263,2,0.7654159069061279,0.7693880200386047,-0.003972113132476807,0.628448486328125,0.8110054739268222,0.3745966266342859,0.5571808815002441,0.5990712691326531,0.26632254464285715,5956,1593,0,0,5.272788052715924,0.9989908126559401,0.41325650530333613,0.00240014074370265
flickr,cram_c3_stage2,10009662863,3,0.674601137638092,0.5527037978172302,0.12189733982086182,0.715850830078125,0.7380930497601147,0.7757534775888717,0.4535904824733734,0.5157844387755102,0.10395408163265306,8735,9303,0,0,5.273515911880383,0.9991287140111496,0.6193296623633027,0.002218487672507763
flickr,cram_c3_stage2,10013411946,4,0.6829104423522949,0.622261643409729,0.06064879894256592,0.6213226318359375,0.7106025727826676,0.6833072916666667,0.3992016315460205,0.3826530612244898,0.07190688775510204,6802,4177,523,51,5.2743488189576215,0.9992865179110292,0.5944360118710496,0.0019859010353684425
flickr,cram_c3_stage2,10016382545,5,0.7298048734664917,0.6960779428482056,0.03372693061828613,0.5512237548828125,0.8507795100222717,0.617763115337344,0.5115137100219727,0.6161910076530612,0.19007095025510204,1645,1072,817,3451,5.27266911941083,0.9989682793627525,0.5971175790164754,0.0025306500028818846
flickr,cram_c3_stage2,10031203703,6,0.7953217029571533,0.5601052045822144,0.23521649837493896,0.8697662353515625,0.9059025481117515,0.9234115645166469,0.40229323506355286,0.6207549426020408,0.03142936862244898,3676,2606,0,261,5.274806884757842,0.9993733037862507,0.8630348676708876,0.0017190715298056602
flickr,cram_c3_stage2,10035917404,7,0.7024328112602234,0.6733675003051758,0.029065310955047607,0.5878143310546875,0.6989916495982353,0.8306185875833146,0.4488387703895569,0.5322464923469388,0.07663026147959184,3782,4986,0,0,5.274807872103285,0.9993734908502889,0.6234541877459246,0.0017565079033374786
flickr,cram_c3_stage2,10045181004,8,0.7140322327613831,0.6950404047966003,0.018991827964782715,0.5721435546875,0.7200434197037007,0.825117479038054,0.42561623454093933,0.43259725765306123,0.06584821428571429,4229,3123,0,0,5.272319643768125,0.998902067151524,0.6356135214266703,0.002427576342597604
flickr,cram_c3_stage2,10060697266,9,0.7275571823120117,0.600029468536377,0.12752771377563477,0.7637939453125,0.8057937545635157,0.9640027627676431,0.34221309423446655,0.4905333227040816,0.011419802295918368,1549,4203,0,0,5.267913837422247,0.9980673360722792,0.7904125789096723,0.002919516060501337
flickr,cram_c3_stage2,10061269855,10,0.7040665149688721,0.6477912664413452,0.056275248527526855,0.577880859375,0.7187184167257478,0.9607210549663265,0.36771029233932495,0.4942004145408163,0.012934470663265306,411,829,804,0,5.269869689897623,0.9984378949937219,0.7049163350150168,0.0026765333022922277
flickr,cram_c3_stage2,10067897816,11,0.7984317541122437,0.8358094096183777,-0.03737765550613403,0.503326416015625,0.7953181978590754,0.343221199404359,0.5929966568946838,0.5888871173469388,0.3636997767857143,3369,1893,0,763,5.274514374328069,0.9993178842948871,0.3271398848405671,0.002090828027576208
flickr,cram_c3_stage2,10069511285,12,0.8254510164260864,0.7554866075515747,0.06996440887451172,0.7039642333984375,0.9130155245413204,0.8318284424379232,0.44967612624168396,0.6974848533163265,0.08729272959183673,1916,2594,758,48,5.271948807703725,0.9988318079608202,0.8027436922652695,0.0022786655463278294
flickr,cram_c3_stage2,10079676496,13,0.7824456691741943,0.6421326398849487,0.1403130292892456,0.7918853759765625,0.9411563215489733,0.7889526975970984,0.46692055463790894,0.6593789859693877,0.06851881377551021,4243,1125,0,0,5.272218620189708,0.9988829270636443,0.8373566444783062,0.0025252033956348896
flickr,cram_c3_stage2,10080652613,14,0.765485405921936,0.4853731095790863,0.28011229634284973,0.896575927734375,0.8344508086253369,0.958975451095795,0.31687217950820923,0.5147082270408163,0.01580436862244898,2902,4869,22,0,5.2701220932384025,0.9984857157322006,0.8127358645358186,0.002396467374637723
flickr,cram_c3_stage2,10106776154,15,0.703726053237915,0.6375110149383545,0.06621503829956055,0.621185302734375,0.742554379820973,0.7938546945098925,0.49587172269821167,0.6174864477040817,0.1024593431122449,1533,1903,2102,3536,5.275995127074532,0.9995984300658801,0.6427890080884371,0.0015869862399995327
flickr,cram_c3_stage2,10109936483,16,0.8371037244796753,0.6683721542358398,0.16873157024383545,0.81671142578125,0.9739698307579102,0.6945124617402711,0.44764748215675354,0.4557955994897959,0.11128826530612244,9723,638,0,0,5.272169645526846,0.9988736482461074,0.7255390096839028,0.002135821618139744
flickr,cram_c3_stage2,10110769444,17,0.767079770565033,0.784282922744751,-0.017203152179718018,0.5047454833984375,0.8663366336633663,0.6522609659931,0.5308723449707031,0.6470025510204082,0.19923867984693877,1019,2804,0,733,5.273168708693882,0.9990629323430886,0.6148552513139174,0.002255353843793273
flickr,cram_c3_stage2,10111706074,18,0.6262533068656921,0.5561262965202332,0.07012701034545898,0.709625244140625,0.628051562856491,0.820451045650986,0.3511088490486145,0.4012077487244898,0.007971938775510204,5357,5047,0,0,5.273174995654982,0.9990641234807401,0.6186418458311485,0.002102444414049387
flickr,cram_c3_stage2,10119607346,19,0.6737357378005981,0.7052024602890015,-0.03146672248840332,0.4713897705078125,0.6219748957192012,0.6083057602647015,0.5055410861968994,0.5300542091836735,0.11363998724489796,2216,3760,62,693,5.274401262395195,0.9992964539281411,0.5101455216232834,0.00194582249969244
flickr,cram_c3_stage2,10119736773,20,0.7398436069488525,0.41238707304000854,0.327456533908844,0.9432091346153846,0.8655176199363267,0.9406711409395974,0.319982647895813,0.6681481186224489,0.00025908801020408165,56,6154,44,13,5.275153026542578,0.9994388843594447,0.8652089220554747,0.0016719144769012928
flickr,cram_c3_stage2,10129791115,21,0.7478331327438354,0.5878063440322876,0.16002678871154785,0.7500152587890625,0.8101818810960445,0.7832650330350422,0.3830450177192688,0.47660235969387754,0.09522480867346939,2783,2984,0,0,5.27172737796916,0.998789855531049,0.6714221704453804,0.0021267866250127554
flickr,cram_c3_stage2,10129813456,22,0.7250964641571045,0.5109255313873291,0.2141709327697754,0.8785858154296875,0.7964547783800743,0.9407683439018365,0.37771445512771606,0.48401626275510207,0.0205078125,5410,6873,0,0,5.2758885730558385,0.9995782421719874,0.7688748296343659,0.0015522637404501438
flickr,cram_c3_stage2,10163352444,23,0.7141386270523071,0.48865756392478943,0.2254810631275177,0.86846923828125,0.8100035200053638,0.964435396958448,0.3199141025543213,0.49930245535714285,0.01309390943877551,4976,5188,0,0,5.271832855153841,0.9988098394062566,0.7925475210339002,0.002280716085806489
flickr,cram_c3_stage2,10165890496,24,0.645321249961853,0.5756670236587524,0.06965422630310059,0.622100830078125,0.5694441302232981,0.8553660028546184,0.3241867125034332,0.2932278380102041,0.0382453762755102,6052,3683,0,0,5.2662571883549205,0.9977534647045115,0.5239492912008993,0.0031399133149534464
flickr,cram_c3_stage2,10173808724,25,0.703607439994812,0.4866623878479004,0.21694505214691162,0.811309814453125,0.7705272377938517,0.977787737540337,0.29139500856399536,0.5558434311224489,0.00470344387755102,3731,4122,0,0,5.270395292373758,0.9985374764750025,0.7654232626024475,0.002262354828417301
flickr,cram_c3_stage2,10202025415,26,0.7203142046928406,0.5963292121887207,0.12398499250411987,0.7537384033203125,0.7906146601315266,0.9557207820227702,0.3673790991306305,0.6004264987244898,0.014449139030612245,700,5036,1062,172,5.2739759388914305,0.9992158714604943,0.7751827372218558,0.002158776391297579
flickr,cram_c3_stage2,10221582415,27,0.7780877351760864,0.7011599540710449,0.0769277811050415,0.6945037841796875,0.8444592679062787,0.7920850930705459,0.5032556653022766,0.6370575573979592,0.11955915178571429,3567,1384,850,925,5.2763829704934775,0.9996719114970322,0.7036671622917332,0.0013835220597684383
flickr,cram_c3_stage2,10234680056,28,0.6396717429161072,0.6082389950752258,0.03143274784088135,0.5798187255859375,0.6809774489578146,0.8161394833319123,0.3038346469402313,0.4675143494897959,0.023098692602040817,1739,7686,377,0,5.271960882585123,0.998834095687059,0.6540156458169645,0.0023496728390455246
flickr,cram_c3_stage2,10246013484,29,0.7138292193412781,0.5528790354728699,0.1609501838684082,0.7998809814453125,0.7499037647239972,0.8465583173996176,0.3919447958469391,0.45862563775510207,0.01887356505102041,2844,7579,0,0,5.27209247360441,0.998859027130914,0.7235283194057567,0.002715154318138957
flickr,cram_c3_stage2,10268129763,30,0.8149689435958862,0.6548817157745361,0.1600872278213501,0.8402252197265625,0.9685355684877964,0.7666116668385411,0.48066526651382446,0.5797791772959183,0.10072544642857142,5557,502,105,75,5.272853809548009,0.9990032710499557,0.794212962962963,0.0023601134307682514
flickr,cram_c3_stage2,10278084464,31,0.7919060587882996,0.7673243284225464,0.024581730365753174,0.5605010986328125,0.9796121678289276,0.6154372380065207,0.5419019460678101,0.6846301020408163,0.2337970344387755,2932,154,1091,531,5.273485908820624,0.9991230295837173,0.634641651031895,0.0023118299432098866
flickr,cram_c3_stage2,10283938426,32,0.7810415625572205,0.7307900786399841,0.05025148391723633,0.66094970703125,0.8611319388784032,0.4543420729544648,0.6214650869369507,0.7304886798469388,0.34121890943877553,2179,2979,0,2480,5.275725049401406,0.9995472607202779,0.4567533838917155,0.0017871423624455929
flickr,cram_c3_stage2,10289643764,33,0.7482456564903259,0.6304311156272888,0.11781454086303711,0.7259521484375,0.8529327536382807,0.7317193013802653,0.44036346673965454,0.4461694834183674,0.109375,4803,3223,0,0,5.2689409869047985,0.9982619414472789,0.6633729523963796,0.0028922385536134243
flickr,cram_c3_stage2,10304554474,34,0.74444580078125,0.7669299840927124,-0.022484183311462402,0.5047149658203125,0.7739390840698269,0.7185921128479875,0.4807361662387848,0.5877511160714286,0.11650988520408163,5239,2613,0,0,5.27168388521703,0.9987816153250402,0.6377753701697364,0.0022770711220800877
flickr,cram_c3_stage2,10308472565,35,0.8127131462097168,0.7203785181045532,0.09233462810516357,0.696868896484375,0.9207712338633719,0.5889920612418486,0.4862518608570099,0.5623405612244898,0.1839325573979592,2724,1507,78,1198,5.2696947618367265,0.9984047528450211,0.6092455458611336,0.002718193456530571
flickr,cram_c3_stage2,10369815925,36,0.7329748868942261,0.6040265560150146,0.12894833087921143,0.781402587890625,0.8269929694947569,0.9436569447277178,0.3396095037460327,0.586296237244898,0.015904017857142856,394,3548,37,11,5.267957292337324,0.9980755691096196,0.8077896758424024,0.0030512118246406317
flickr,cram_c3_stage2,10389014583,37,0.7139630913734436,0.6584932208061218,0.05546987056732178,0.6398162841796875,0.7555697486568734,0.7203596246149437,0.4402160048484802,0.5564014668367347,0.08693399234693877,4641,2681,129,0,5.271883167521292,0.998819371667433,0.6491817037347881,0.0024326923303306103
flickr,cram_c3_stage2,10409146004,38,0.7553861737251282,0.801195502281189,-0.04580932855606079,0.4728851318359375,0.7612365263371975,0.6598501542529749,0.4569781422615051,0.4522082270408163,0.14921476403061223,7928,1206,5,0,5.274255906021328,0.999268914478309,0.5513533419259805,0.0017682956531643867
flickr,cram_c3_stage2,10409351364,39,0.7954513430595398,0.5830709934234619,0.21238034963607788,0.9248199462890625,0.9546153846153846,0.8254582183681514,0.39209675788879395,0.40449617346938777,0.05229591836734694,10673,1139,0,0,5.272635772980377,0.9989619614949898,0.8304500842668782,0.002212482737377286
flickr,cram_c3_stage2,10413912845,40,0.7991266250610352,0.8067793846130371,-0.007652759552001953,0.5534515380859375,0.826797385620915,0.3987606874514207,0.4768708348274231,0.46153539540816324,0.2663424744897959,5595,639,0,0,5.2713527215976255,0.9987188725388779,0.37641136428484084,0.0022155451588332653
flickr,cram_c3_stage2,10437048305,41,0.6793771386146545,0.6752698421478271,0.004107296466827393,0.5500946044921875,0.640122591034232,0.9143952510511996,0.33326637744903564,0.4028818558673469,0.024135044642857144,128,3105,161,430,5.268866077152881,0.9982477489265107,0.6143581221437474,0.0027867129538208246
flickr,cram_c3_stage2,10440265465,42,0.8272422552108765,0.6965588927268982,0.13068336248397827,0.8560028076171875,0.9781353135313532,0.5797733091683208,0.547209620475769,0.6927814094387755,0.25880899234693877,1757,134,124,5654,5.275060865252476,0.9994214233348075,0.5999851146174456,0.001989468466490507
flickr,cram_c3_stage2,10441843213,43,0.840152382850647,0.6926579475402832,0.14749443531036377,0.83123779296875,0.9352412707233491,0.7745850081310791,0.4611102044582367,0.6495336415816326,0.1083984375,3177,1496,0,0,5.269825529217126,0.9984295282409421,0.7783944621741209,0.0026795307639986277
flickr,cram_c3_stage2,10446128125,44,0.7155512571334839,0.5714841485023499,0.14406710863113403,0.77520751953125,0.7949543550246062,0.8901384791871517,0.42415839433670044,0.4864477040816326,0.0330436862244898,5465,3610,1003,0,5.272111411784332,0.9988626151886097,0.7494868654811391,0.0025426680222153664
flickr,cram_c3_stage2,10451898725,45,0.921525239944458,0.8564860224723816,0.06503921747207642,0.707611083984375,1.0,0.05329193244724197,0.6796615719795227,0.7092434630102041,0.6608338647959183,1283,0,0,581,5.274918874362843,0.9993945215149722,0.05410147056725955,0.001799446763470769
flickr,cram_c3_stage2,10468313544,46,0.7557049989700317,0.6360222101211548,0.11968278884887695,0.7248077392578125,0.8611586901763224,0.4663017385611406,0.5288335084915161,0.5479512117346939,0.2858139349489796,11185,2649,0,0,5.271313551079363,0.9987114512301736,0.4386301041791402,0.0027581267058849335
flickr,cram_c3_stage2,10476442285,47,0.8421638011932373,0.7077944874763489,0.13436931371688843,0.806304931640625,0.945382323733863,0.6903831433060714,0.439836323261261,0.4946787308673469,0.14116310586734693,3905,1184,102,911,5.273151439675851,0.9990596605274601,0.6797572295608711,0.002007418777793646
flickr,cram_c3_stage2,10476446674,48,0.7837153077125549,0.6398712396621704,0.14384406805038452,0.76239013671875,0.8730876817349864,0.6986293799049409,0.36330464482307434,0.3606106505102041,0.06457270408163265,10137,2427,0,0,5.271638265943436,0.998772972224892,0.7134351101955583,0.002242589835077524
flickr,cram_c3_stage2,10477544895,49,0.7548669576644897,0.7344517707824707,0.020415186882019043,0.57415771484375,0.8578899202510132,0.6322381732344157,0.46310287714004517,0.41370376275510207,0.13327088647959184,3437,17,411,1224,5.27255949500781,0.9989475097489608,0.5969524675915396,0.002582487417384982
flickr,cram_c3_stage2,10481128583,50,0.6828560829162598,0.6421968936920166,0.040659189224243164,0.5756378173828125,0.6898758176130438,0.747406798808668,0.38530465960502625,0.3881138392857143,0.09378985969387756,7369,5551,0,0,5.27345483682444,0.9991171426338896,0.56405983568439,0.00201174383983016
flickr,cram_c3_stage2,10520382525,51,0.8049883246421814,0.664777398109436,0.14021092653274536,0.7840423583984375,0.8922913581626666,0.6549362208276936,0.4576570689678192,0.4859095982142857,0.12635522959183673,3136,1825,0,204,5.270193755892997,0.9984992930527442,0.6588681892265479,0.002774324966594577
flickr,cram_c3_stage2,10545790805,52,0.7218778133392334,0.6282471418380737,0.09363067150115967,0.6979827880859375,0.7899726283463515,0.8308815784854123,0.4306662380695343,0.5676618303571429,0.05833466198979592,4338,5110,278,16,5.275211671591212,0.999449995343654,0.7196594191880796,0.00176311656832695
flickr,cram_c3_stage2,10548273474,53,0.8220049142837524,0.7788999676704407,0.04310494661331177,0.687744140625,0.9821782933903221,0.4123990514036662,0.5631799101829529,0.6218909438775511,0.3178013392857143,2341,17,401,3556,5.2738421093479735,0.9991905159022888,0.4430081244836133,0.0024354190099984407
flickr,cram_c3_stage2,10549911663,54,0.7341119050979614,0.7651858925819397,-0.03107398748397827,0.5092010498046875,0.7882480124321525,0.6382718751139804,0.49425914883613586,0.5464166135204082,0.18907445790816327,8177,1278,138,128,5.273251807208947,0.9990786763199496,0.5522524654832347,0.0021830990444868803
flickr,cram_c3_stage2,10555704135,55,0.7259145379066467,0.6150665283203125,0.11084800958633423,0.6922607421875,0.7841405002660989,0.6934299698795181,0.3990183472633362,0.31760204081632654,0.08492107780612244,8899,1318,22,0,5.273136234457457,0.9990567797225941,0.6020922439861607,0.002321221400052309
flickr,cram_c3_stage2,10557361454,56,0.6844204068183899,0.863119900226593,-0.17869949340820312,0.2093658447265625,0.6700280112044817,0.2366576209859792,0.4714620113372803,0.35251913265306123,0.25661670918367346,6446,358,0,0,5.268704479941645,0.9982171324617939,0.2188929850707245,0.0028137811459600925
flickr,cram_c3_stage2,10610974774,57,0.6759270429611206,0.57286137342453,0.10306566953659058,0.680389404296875,0.7086029026053506,0.9846122696902206,0.25265154242515564,0.49216757015306123,0.0049824617346938774,947,9291,0,0,5.270219076026514,0.9985040902455208,0.703477606758477,0.002450046595185995
flickr,cram_c3_stage2,10624261424,58,0.7453392148017883,0.6513352990150452,0.09400391578674316,0.6980743408203125,0.8885517907963271,0.7305416979382808,0.4417891502380371,0.4514309630102041,0.08727279974489796,4836,3408,0,326,5.271912338714783,0.9988248984881586,0.7193939657421093,0.0026836092583835125
flickr,cram_c3_stage2,10635080206,59,0.8312146663665771,0.710351824760437,0.12086284160614014,0.7918853759765625,0.9670298165137615,0.6582352587966854,0.5474647283554077,0.6638233418367347,0.20517777423469388,3130,1023,0,60,5.272888137253712,0.9990097748316884,0.6650438317104984,0.0024650830309838057
flickr,cram_c3_stage2,10654057765,60,0.6958727836608887,0.6788181066513062,0.01705467700958252,0.5283966064453125,0.7173767864298116,0.746490618485059,0.4234599769115448,0.4301857461734694,0.06636639030612244,3403,5664,81,37,5.273017112328382,0.9990342106545147,0.6247528207514249,0.002552441554144025
flickr,cram_c3_stage2,10659354545,61,0.7380247116088867,0.8180669546127319,-0.08004224300384521,0.446746826171875,0.739413680781759,0.7357971811420138,0.6388359069824219,0.6886360012755102,0.17970742984693877,515,2530,642,722,5.27569562228444,0.9995416854118835,0.5857929540793991,0.0017104879952967167
flickr,cram_c3_stage2,10666396623,62,0.6586834192276001,0.6079579591751099,0.050725460052490234,0.5859375,0.7127977625614813,0.8149291581674845,0.3384336233139038,0.361507493622449,0.03075175382653061,2351,2484,47,0,5.268006229228423,0.9980848407708581,0.663435213859342,0.0030175333376973867
flickr,cram_c3_stage2,10667001125,63,0.87237548828125,0.7372650504112244,0.13511043787002563,0.9191131591796875,1.0,0.3698326567807141,0.5057361125946045,0.4811463647959184,0.2807118941326531,5388,0,0,137,5.271337914313788,0.998716067127326,0.3879679318660786,0.00266607035882771
flickr,cram_c3_stage2,10701841844,64,0.7860686182975769,0.8362236022949219,-0.05015498399734497,0.414459228515625,0.934861850258803,0.4497895475271834,0.5468949675559998,0.5681999362244898,0.23003029336734693,2227,72,364,871,5.272550206114371,0.9989457498604327,0.5076804307375589,0.0024836489465087652
flickr,cram_c3_stage2,10743985374,65,0.6971026659011841,0.6602281332015991,0.03687453269958496,0.5830230712890625,0.6952716038788295,0.8266925156879751,0.4189711809158325,0.39064492984693877,0.058274872448979595,939,768,993,565,5.2743614287987555,0.9992889069915907,0.6177659168890584,0.002077984157949686
flickr,cram_c3_stage2,10751849775,66,0.8625437021255493,0.7001488208770752,0.16239488124847412,0.7997283935546875,0.9932707386307243,0.6971022568960713,0.5708597898483276,0.7152822066326531,0.19884008290816327,6072,240,0,906,5.273101047275775,0.9990501131031752,0.7114643613769177,0.002511166501790285
flickr,cram_c3_stage2,10761625676,67,0.7905988693237305,0.6025872826576233,0.18801158666610718,0.890716552734375,0.9069129024207636,0.4809422975119111,0.36908650398254395,0.45176977040816324,0.050701530612244895,5867,1877,85,0,5.2670701235309,0.9979074846962064,0.7485066941297631,0.002957433694973588
flickr,cram_c3_stage2,10771238614,68,0.7059093117713928,0.5627513527870178,0.143157958984375,0.7356414794921875,0.8140062620285525,0.8557709730023555,0.30852994322776794,0.32997847576530615,0.020846619897959183,5390,2751,0,0,5.268937543726462,0.9982612890972338,0.7678634331391411,0.0026474548503756523
flickr,cram_c3_stage2,10795023275,69,0.7936587333679199,0.7524406313896179,0.041218101978302,0.612701416015625,0.9584512530248964,0.5783585783585784,0.41940557956695557,0.40262276785714285,0.15060985331632654,158,0,4559,3105,5.270267738990968,0.9985133100081813,0.5916698316242562,0.002641077386215329
flickr,cram_c3_stage2,10796050285,70,0.7766250371932983,0.6939008235931396,0.08272421360015869,0.7133941650390625,0.8987159831353009,0.7283189414176555,0.457006573677063,0.6416214923469388,0.09632095025510204,3487,1136,336,61,5.269832385888993,0.9984308273169019,0.7582543737670989,0.0028556170873343945
flickr,cram_c3_stage2,10805310706,71,0.7503092288970947,0.6681339740753174,0.08217525482177734,0.6713714599609375,0.899879422893019,0.5542097715866025,0.4464167356491089,0.3891501913265306,0.14329559948979592,14696,1681,0,0,5.271005808764745,0.9986531458816758,0.5631651531315864,0.002755139023065567
flickr,cram_c3_stage2,10847897294,72,0.7673836946487427,0.6623082160949707,0.10507547855377197,0.787841796875,0.9126892252894034,0.7190360938650953,0.4557718336582184,0.5681800063775511,0.09386957908163265,3113,3120,0,180,5.27543138071119,0.9994916217830482,0.7544718439455281,0.001748190727084875
flickr,cram_c3_stage2,10859255295,73,0.6668975949287415,0.6171047687530518,0.0497928261756897,0.6045989990234375,0.6757913650055488,0.8971516767223235,0.31279459595680237,0.42612005739795916,0.03910235969387755,3274,7916,0,0,5.268772452608966,0.9982300106714784,0.6320992536206811,0.0023949770256876945
flickr,cram_c3_stage2,10862172945,74,0.6715078949928284,0.6080416440963745,0.06346625089645386,0.6341552734375,0.7193902696613391,0.8362319433645701,0.37614375352859497,0.48702566964285715,0.0166812818877551,733,1640,540,148,5.2693964401986815,0.9983482323528935,0.6987997127517697,0.0030080177821218967
flickr,cram_c3_stage2,10939270325,75,0.7019214630126953,0.6080326437950134,0.09388881921768188,0.672943115234375,0.705208051268165,0.592499905206082,0.48734867572784424,0.5256098533163265,0.2030452806122449,7371,3628,0,0,5.269617728261014,0.9983901579412181,0.4830890991158103,0.00291711394675076
flickr,cram_c3_stage2,10952523225,76,0.8114356398582458,0.6338057518005371,0.17762988805770874,0.86663818359375,0.9617500597995086,0.8208002375473239,0.42691662907600403,0.5369499362244898,0.06110491071428571,3914,643,156,0,5.270636004035007,0.9985830820892776,0.8485964811297224,0.0026161789428442717
flickr,cram_c3_stage2,10979853044,77,0.8592740297317505,0.6594513654708862,0.19982266426086426,0.9279022216796875,0.9945019675699813,0.7305941690244803,0.4061809182167053,0.4860291772959184,0.1015625,3506,197,0,0,5.269915661963419,0.9984466049344422,0.7742650413923473,0.0024486095644533634
flickr,cram_c3_stage2,10980225216,78,0.7938731908798218,0.651637613773346,0.14223557710647583,0.83843994140625,0.9611339870249134,0.6682250689953454,0.4418617784976959,0.4838368941326531,0.12585698341836735,7562,854,0,0,5.270277695319855,0.9985151963500913,0.6994416539116562,0.002773217624053359
flickr,cram_c3_stage2,11002352834,79,0.7175061106681824,,,,0.8119260512324794,0.9178808851652855,0.3806982934474945,0.43769929846938777,0.014229910714285714,241,1110,1313,375,5.272771270910832,0.9989876331484501,0.7892295043457834,0.0024255351163446903
flickr,cram_c3_stage2,11036641226,80,0.8670925498008728,0.6739354133605957,0.1931571364402771,0.87255859375,0.9865859449192782,0.4212366953877344,0.45842424035072327,0.39321588010204084,0.2002750318877551,8004,226,0,677,5.268871390204005,0.998248755545629,0.44989985384074055,0.002897789003327489
flickr,cram_c3_stage2,11050409385,81,0.7601290941238403,0.5219261646270752,0.23820292949676514,0.865509033203125,0.8257853810264386,0.8262479770944853,0.3514266908168793,0.3201929209183674,0.029296875,11268,2529,18,254,5.272900698294482,0.9990121546664552,0.7565973211741237,0.0021140454337000847
flickr,cram_c3_stage2,11071986404,82,0.8478066325187683,0.7520556449890137,0.09575098752975464,0.7530059814453125,0.9885906040268456,0.31388510057961133,0.5067125558853149,0.46763392857142855,0.3057437818877551,7692,113,102,2416,5.2726182530164385,0.9989586421347505,0.32315387653020927,0.002340056700631976
flickr,cram_c3_stage2,11101358996,83,0.7526502013206482,0.637688398361206,0.11496180295944214,0.7357177734375,0.8198901149637564,0.8702768929184024,0.330584317445755,0.4066685267857143,0.04237085459183673,3282,2485,0,0,5.267930039499573,0.9980704057436243,0.7466050031532478,0.0027495676185935736
flickr,cram_c3_stage2,11154049584,84,0.7840965986251831,0.6134024262428284,0.17069417238235474,0.841796875,0.93526189026811,0.7600989460098946,0.39912793040275574,0.46326929209183676,0.06790098852040816,1343,1384,261,210,5.269192549860984,0.9983096029651554,0.7923627149808283,0.002811230719089508
flickr,cram_c3_stage2,11314266424,85,0.7850768566131592,0.5836249589920044,0.20145189762115479,0.8854827880859375,0.9208830164357074,0.9401732836148278,0.327025443315506,0.5451610331632653,0.024374202806122448,1665,2164,151,0,5.2704286214508596,0.9985437910549716,0.8822469982847342,0.002331336261704564
flickr,cram_c3_stage2,11650557765,86,0.7486439347267151,0.6406084895133972,0.10803544521331787,0.7500762939453125,0.8017469734451279,0.6869302622200548,0.47874125838279724,0.5312699298469388,0.11459661989795919,4500,2902,0,607,5.27303675512252,0.9990379322095407,0.6404973854037321,0.002327732043340802
flickr,cram_c3_stage2,11764496003,87,0.7499958276748657,0.663439154624939,0.08655667304992676,0.678680419921875,0.7634828556659583,0.767996764626584,0.4385817348957062,0.5174386160714286,0.11467633928571429,3707,5471,0,0,5.269505580164795,0.9983689101844981,0.6256412670024003,0.0026458422653377056
flickr,cram_c3_stage2,11765015695,88,0.707360029220581,0.5327635407447815,0.17459648847579956,0.748046875,0.733342950393999,0.8986829893490078,0.33300483226776123,0.45095264668367346,0.016980229591836735,6071,5109,0,0,5.2728086155978,0.9989947085322526,0.7114816045905425,0.002038830891251564
flickr,cram_c3_stage2,11776645404,89,0.6436663866043091,0.83024001121521,-0.18657362461090088,0.2454833984375,0.6827746432127447,0.6918911646991558,0.5598078370094299,0.5925741390306123,0.15710698341836735,926,1637,207,70,5.273501994124338,0.9991260771309483,0.5411832794044142,0.002029804280027747
flickr,cram_c3_stage2,12015590114,90,0.7058110237121582,0.5858940482139587,0.11991697549819946,0.7340545654296875,0.771143110554599,0.8115802767406106,0.38603901863098145,0.3629623724489796,0.04721380739795918,2689,2296,0,1034,5.271286563375687,0.998706338096902,0.6863159361069836,0.0025806997437030077
flickr,cram_c3_stage2,12031178616,91,0.7244972586631775,0.6774864792823792,0.04701077938079834,0.5780487060546875,0.7676978687447188,0.6760438197602315,0.4429718852043152,0.4821029974489796,0.12900589923469388,2071,7175,0,0,5.270085343191336,0.9984787530098197,0.5887848784878488,0.0025223116390407085
flickr,cram_c3_stage2,12048726756,92,0.8496931791305542,0.6758542060852051,0.17383897304534912,0.894256591796875,0.9976406021593619,0.6537983193277311,0.4796654284000397,0.5929129464285714,0.16306600765306123,5823,92,0,2077,5.27348470204001,0.9991228009451424,0.7027295554311108,0.0020930611062794924
flickr,cram_c3_stage2,12066557153,93,0.9213523268699646,0.8000989556312561,0.1212533712387085,0.955535888671875,1.0,0.47373671249103777,0.5742635130882263,0.6393295599489796,0.31411431760204084,2654,0,0,2304,5.271157227079197,0.998681833836415,0.4908908844240584,0.002650192007422447
flickr,cram_c3_stage2,12103535156,94,0.6994588375091553,0.5331637859344482,0.16629505157470703,0.7692108154296875,0.7182942295497781,0.7164769133459835,0.37404975295066833,0.31509088010204084,0.07591278698979592,9480,2644,0,0,5.269883956096545,0.998440597890465,0.5785535522753971,0.0028626604471355677
flickr,cram_c3_stage2,12158276143,95,0.7037286758422852,0.5962034463882446,0.10752522945404053,0.674896240234375,0.781064075675213,0.5490762472167058,0.3926542103290558,0.3311742665816326,0.12812898596938777,8737,2409,0,0,5.269474549047732,0.9983630309796938,0.5037961403605643,0.0028263337444514036
flickr,cram_c3_stage2,12328837165,96,0.7521073222160339,0.6022519469261169,0.149855375289917,0.7909698486328125,0.8229726955450626,0.6871271854645183,0.5177794098854065,0.5813536352040817,0.17167570153061223,2881,3786,0,4999,5.276052611546122,0.9996093211653164,0.6079498923230914,0.00164487911388278
flickr,cram_c3_stage2,12373955905,97,0.6494300365447998,0.5718843936920166,0.0775456428527832,0.6507110595703125,0.6277769987379554,0.9166374166374166,0.3159099817276001,0.34068080357142855,0.0284000318877551,3913,7239,0,0,5.27040734984047,0.9985397609018273,0.5938714017699785,0.0025668172165751457
flickr,cram_c3_stage2,12444360833,98,0.6847348213195801,0.5796704888343811,0.10506433248519897,0.673309326171875,0.6726222169634581,0.8982408090171705,0.4109637439250946,0.37838807397959184,0.03372130102040816,1703,1815,1123,1072,5.26922060927287,0.9983149191459696,0.6305436932689997,0.0032658465206623077
flickr,cram_c3_stage2,12512072175,99,0.7483323216438293,0.5411640405654907,0.20716828107833862,0.8195343017578125,0.8262795649859305,0.8469228670538255,0.40141740441322327,0.5113400829081632,0.05709901147959184,7711,5182,0,0,5.271099876683835,0.9986709681392741,0.7451050989267222,0.0025447532534599304
flickr,cram_c3_stage2,12534178685,100,0.7126075625419617,0.5045040845870972,0.2081034779548645,0.8116607666015625,0.7801690786645651,0.9931054609127057,0.3034156858921051,0.5463368941326531,0.0010363520408163266,4751,6530,0,0,5.272091126819335,0.9988587719668712,0.7790082124359745,0.002070674207061529
flickr,cram_c3_stage2,12598610153,101,0.7283042669296265,0.5806896090507507,0.14761465787887573,0.75537109375,0.7350629641005257,0.8952383048013026,0.3194628059864044,0.4528659119897959,0.031190210459183673,2093,2358,776,0,5.2681019947994026,0.9981029846682842,0.6957198310504625,0.0027172451373189688
flickr,cram_c3_stage2,12599965145,102,0.7363756895065308,0.5102198719978333,0.2261558175086975,0.848541259765625,0.7689557210031348,0.9599877700774562,0.2565862536430359,0.48887914540816324,0.006975446428571429,1989,7028,0,0,5.269039076383182,0.9982805256358985,0.760266675276038,0.0024627300444990396
flickr,cram_c3_stage2,12729873904,103,0.7225587368011475,0.4875275492668152,0.23503118753433228,0.9322357177734375,0.7831260140616549,0.9279077218840115,0.3653433322906494,0.43540736607142855,0.0029496173469387753,9359,7534,0,0,5.274055032981362,0.9992308567525992,0.7786740416378581,0.0020542326383292675
flickr,cram_c3_stage2,13153991894,104,0.8777267336845398,0.791319727897644,0.08640700578689575,0.815643310546875,1.0,0.341065809734217,0.5669326782226562,0.5953842474489796,0.340999681122449,4312,0,72,1899,5.275668145983145,0.9995364797081296,0.37323711491263417,0.0017040646634995937
flickr,cram_c3_stage2,13234495505,105,0.6170579791069031,0.7382274866104126,-0.12116950750350952,0.39404296875,0.5179477250726041,0.5566838688197103,0.5188531279563904,0.47887436224489793,0.18000637755102042,1579,5041,0,428,5.2715917245376085,0.9987641544161037,0.38373927761999027,0.002499682130292058
flickr,cram_c3_stage2,13409856383,106,0.7356711030006409,0.5392264723777771,0.19644463062286377,0.8351593017578125,0.8644089812581184,0.95246176494643,0.2841208279132843,0.4873644770408163,0.009307238520408163,1886,4723,0,0,5.268584084423942,0.9981943221354793,0.8496826207500365,0.002529590856283903
flickr,cram_c3_stage2,13447842855,107,0.8387047052383423,0.6183224320411682,0.22038227319717407,0.9682464599609375,0.9887074305699636,0.6359961868446139,0.4475803077220917,0.5226602359693877,0.13895089285714285,2938,249,695,3726,5.271484018294687,0.9987437482199758,0.6995784661200009,0.0024661440402269363
flickr,cram_c3_stage2,13579448834,108,0.6707894206047058,0.6369858980178833,0.03380352258682251,0.6058807373046875,0.7206322182855566,0.7555721729062138,0.40568581223487854,0.41310586734693877,0.08573820153061225,6324,5666,0,0,5.273867054235351,0.9991952420003349,0.6015555982331476,0.002110135741531849
flickr,cram_c3_stage2,13660204414,109,0.6570521593093872,0.704556405544281,-0.0475042462348938,0.4610443115234375,0.6252113271344041,0.8048588062462593,0.3957594633102417,0.3662906568877551,0.06602758290816327,916,3648,142,777,5.273469109817963,0.9991198468179486,0.5484187891595299,0.0021244753152132034
flickr,cram_c3_stage2,13721325644,110,0.8050493001937866,0.8139324188232422,-0.008883118629455566,0.5182952880859375,0.9198847781078405,0.7358362856073044,0.5131626725196838,0.6919443558673469,0.14708227040816327,1794,998,1095,277,5.273012530642578,0.9990333426010336,0.726761965720788,0.0022081811912357807
flickr,cram_c3_stage2,13861270725,111,0.7267184853553772,0.7356217503547668,-0.008903264999389648,0.521209716796875,0.7910465390975667,0.5913152504061595,0.5242224931716919,0.5642936862244898,0.16264748086734693,2086,6001,0,1183,5.274398484255789,0.9992959275774298,0.5709097728977699,0.0020608711056411266
flickr,cram_c3_stage2,14062380939,112,0.7155225276947021,0.6719182133674622,0.04360431432723999,0.58856201171875,0.7329837131144514,0.5155600581878637,0.47846120595932007,0.383609693877551,0.15674824617346939,4754,2904,0,2938,5.274242710401587,0.9992664144152007,0.46363912444226413,0.002170235151425004
flickr,cram_c3_stage2,14172932360,113,0.7110600471496582,0.6690395474433899,0.04202049970626831,0.5933990478515625,0.6682422011045326,0.805602207293666,0.2964326739311218,0.3322704081632653,0.053810586734693876,4388,4435,0,0,5.264470037807705,0.9974148683187566,0.5891047852976008,0.003024908946827054
flickr,cram_c3_stage2,14174434304,114,0.8158499598503113,0.6010541915893555,0.2147957682609558,0.9077911376953125,0.9142057632769707,0.9361948602261988,0.35005825757980347,0.6537587691326531,0.026426977040816327,4004,1449,271,0,5.272984742500515,0.9990280778154317,0.879489088722149,0.002011639764532447
flickr,cram_c3_stage2,14203929291,115,0.7644124031066895,0.6759978532791138,0.08841454982757568,0.67303466796875,0.8724171213583627,0.6784827966543092,0.5233445167541504,0.6504902742346939,0.17916932397959184,3751,4123,0,238,5.2729629357253955,0.9990239462691263,0.6442462943837549,0.002386620966717601
flickr,cram_c3_stage2,14414061986,116,0.7518100142478943,0.5363842248916626,0.2154257893562317,0.87158203125,0.8480740370185093,0.8304594885862643,0.31315943598747253,0.40684789540816324,0.028659119897959183,4929,2244,394,0,5.268147372985649,0.9981115820916402,0.7911610976292701,0.0027462902944535017
flickr,cram_c3_stage2,14566072101,117,0.6835200786590576,0.6337870359420776,0.04973304271697998,0.657012939453125,0.7227481695896475,0.8281048811892777,0.40167516469955444,0.5107820471938775,0.07411910076530612,1732,2873,447,1224,5.273800732046002,0.9991826764928324,0.6415034457743924,0.0020122830756008625
flickr,cram_c3_stage2,14648401332,118,0.7600458860397339,0.5018815994262695,0.25816428661346436,0.9368133544921875,0.8836685288640596,0.9528714859437751,0.35418975353240967,0.4962531887755102,0.014588647959183673,3654,2746,1014,392,5.269744051696773,0.998414091380318,0.8602168080632296,0.0026047525461763144
flickr,cram_c3_stage2,14652810592,119,0.6983959078788757,0.5165581107139587,0.181837797164917,0.8425445556640625,0.7431591559094072,0.9094499361490801,0.2693541944026947,0.4213767538265306,0.0038863201530612247,4530,8012,0,0,5.269935622474566,0.9984503866846381,0.7376002148145306,0.002466840436682105
flickr,cram_c3_stage2,14678892718,120,0.7934622764587402,0.6789048910140991,0.11455738544464111,0.8422393798828125,0.9991315675206253,0.5352905597171173,0.44457191228866577,0.42835220025510207,0.1561902104591837,7338,0,42,203,5.273217270937513,0.999072133023022,0.5945121951219512,0.002287376904860139
flickr,cram_c3_stage2,14680986811,121,0.7331082820892334,0.7116343975067139,0.02147388458251953,0.6139984130859375,0.8102146506477881,0.7321935077213994,0.5092998743057251,0.6323740433673469,0.14893574617346939,771,4470,59,908,5.273758032555859,0.9991745865795018,0.6427138806279826,0.0021790771279484034
flickr,cram_c3_stage2,14742398172,122,0.7290185689926147,0.49346470832824707,0.23555386066436768,0.8200225830078125,0.8594635012618002,0.9146375427707488,0.2771574556827545,0.5009167729591837,0.0284000318877551,6327,6161,0,0,5.268732184013665,0.9982223813193516,0.8159907711420712,0.002551612677052617
flickr,cram_c3_stage2,14778198185,123,0.7115508913993835,0.5161975622177124,0.19535332918167114,0.815277099609375,0.7401263823064771,0.909763941986771,0.31613123416900635,0.3284239477040816,0.009506536989795918,7513,2935,0,0,5.2657210691869745,0.99765189071407,0.7230984420971398,0.003206111490726471
flickr,cram_c3_stage2,14899015793,124,0.8071285486221313,0.5213828682899475,0.28574568033218384,0.98760986328125,0.9510622985700429,0.9920362936127158,0.3560042083263397,0.6106305803571429,0.002291932397959184,8127,1728,0,0,5.273807959416141,0.9991840458018766,0.9476523040468916,0.0018533242400735617
flickr,cram_c3_stage2,15135657108,125,0.7369028329849243,0.499815970659256,0.23708686232566833,0.9436979166666667,0.8214084335329707,0.9706464973887988,0.3530179560184479,0.553352200255102,0.004185267857142857,278,4533,460,210,5.2725406635713785,0.9989439419150566,0.81618437589909,0.0023779054172337055
flickr,cram_c3_stage2,15210828119,126,0.7055818438529968,0.6538430452346802,0.05173879861831665,0.6389617919921875,0.8171690992588551,0.7316100142479137,0.44072601199150085,0.4895766900510204,0.11479591836734694,5790,2213,64,0,5.271786345225262,0.9988010275611979,0.6475696321118438,0.0025869763921946287
flickr,cram_c3_stage2,15679023977,127,0.87774658203125,0.7415809631347656,0.13616561889648438,0.8773651123046875,0.9988921386156164,0.4780497115710892,0.4717252254486084,0.46986607142857145,0.22530691964285715,3711,25,0,551,5.266952491130198,0.9978851978744345,0.4989596245794227,0.003018544986844063
flickr,cram_c3_stage2,15799251138,128,0.7047373652458191,0.7119040489196777,-0.007166683673858643,0.597198486328125,0.7728767380683953,0.763126159554731,0.5119653940200806,0.64453125,0.1165298150510204,2978,4352,72,264,5.274200551030765,0.9992584268337356,0.653259747478758,0.0020328396931290627
flickr,cram_c3_stage2,15994498891,129,0.7583351135253906,0.5634990930557251,0.19483602046966553,0.8365478515625,0.8077640717321447,0.8595933225474335,0.3825318217277527,0.5420121173469388,0.04538026147959184,2675,1975,2485,148,5.274558310419452,0.999326208496656,0.7488468191428023,0.0017385734245181084
flickr,cram_c3_stage2,16012165838,130,0.7717865705490112,0.6300729513168335,0.14171361923217773,0.8707122802734375,0.9490115394936935,0.8785193772772442,0.46300292015075684,0.7220184948979592,0.07248485331632654,3477,1808,0,0,5.2721096564171,0.9988622826139414,0.8561629095604455,0.0028465120121836662
flickr,cram_c3_stage2,16101081359,131,0.7319756746292114,0.544569730758667,0.18740594387054443,0.829315185546875,0.8051988779901389,0.9294505671305607,0.3241738975048065,0.49549585459183676,0.012177136479591837,2386,5425,0,0,5.269376722505646,0.9983444966074032,0.7884133130896126,0.0025448144879192114
flickr,cram_c3_stage2,16369370669,132,0.8228306770324707,0.7225195169448853,0.10031116008758545,0.7962646484375,0.9335717016348467,0.6302182955338981,0.500990092754364,0.6564293686224489,0.16749043367346939,1644,733,46,897,5.272818411325101,0.9989965644463306,0.677497266511089,0.002335804281756282
flickr,cram_c3_stage2,16419739420,133,0.7293413281440735,0.837571918964386,-0.1082305908203125,0.342498779296875,0.8008012503817616,0.6182557075092235,0.6384480595588684,0.7184510522959183,0.22568558673469388,18,1698,398,5965,5.274779090145435,0.999368037774767,0.5692048371237757,0.002181275049224496
flickr,cram_c3_stage2,16563757295,134,0.7541148066520691,0.8255243301391602,-0.07140952348709106,0.3992767333984375,0.8292384329618372,0.613020004369129,0.5547862648963928,0.6386120854591837,0.19963727678571427,188,3512,113,2100,5.2708281853120615,0.9986194930597591,0.582791870642338,0.0028069501277059317
flickr,cram_c3_stage2,16659090834,135,0.7757095098495483,0.6824362277984619,0.09327328205108643,0.70184326171875,0.8323592068607636,0.770633850303439,0.48104724287986755,0.5911192602040817,0.11959901147959184,1613,4517,0,723,5.272210169357244,0.9988813259554817,0.6830835437741882,0.0024450833443552256
flickr,cram_c3_stage2,16804898716,136,0.6669912934303284,0.6293745040893555,0.0376167893409729,0.5877532958984375,0.6530003035720309,0.8620697332680234,0.3920379877090454,0.4475645727040816,0.048150510204081634,3473,8677,0,0,5.273158949027021,0.999061083261079,0.6037956523095156,0.0022189337760210037
flickr,cram_c3_stage2,16950760048,137,0.7733801603317261,0.7035746574401855,0.06980550289154053,0.65350341796875,0.7911858904049489,0.6929831303078047,0.4566359221935272,0.5186344068877551,0.14373405612244897,3964,2750,136,14,5.268778756001392,0.9982312049222354,0.6010164972504582,0.0028866310603916645
flickr,cram_c3_stage2,17140316339,138,0.8266922235488892,0.6238314509391785,0.2028607726097107,0.9406585693359375,0.9902017963373382,0.755168487350105,0.3985633850097656,0.5600884885204082,0.08547911352040816,7612,351,0,0,5.268848135309383,0.9982443496362989,0.8250879614330424,0.0026132429484277964
flickr,cram_c3_stage2,17537079145,139,0.8052101731300354,0.6655912399291992,0.13961893320083618,0.8437347412109375,0.9584008739164142,0.7880592257765415,0.48198068141937256,0.6878188775510204,0.08677455357142858,1286,970,0,473,5.272577266702983,0.9989508768026004,0.8309147012098252,0.002592514967545867
flickr,cram_c3_stage2,19306860381,140,0.6571922302246094,0.5021148920059204,0.15507733821868896,0.737060546875,0.6606966809069996,0.9790818133522224,0.2928130030632019,0.45017538265306123,0.003527582908163265,2298,4837,0,0,5.270968101673317,0.9986460018361477,0.657221396731055,0.0023995134979486465
flickr,cram_c3_stage2,20854461578,141,0.8085463643074036,0.6175721883773804,0.1909741759300232,0.8579559326171875,0.9336053866557845,0.802905874921036,0.3755217492580414,0.5678810586734694,0.042271205357142856,2559,2594,0,351,5.2704589622865345,0.9985495394779661,0.8592353338841734,0.002451084554195404
flickr,cram_c3_stage2,2401957951,142,0.905148983001709,0.8483844995498657,0.05676448345184326,0.7764968872070312,1.0,0.22860816613697565,0.7051761746406555,0.8214883609693877,0.6078005420918368,2455,0,0,1696,5.275138052869953,0.9994360474236083,0.23604709418837674,0.0022254788782447577
flickr,cram_c3_stage2,2404965389,143,0.6620646715164185,0.8010757565498352,-0.13901108503341675,0.3267364501953125,0.654730013947619,0.9277669720165642,0.7001919150352478,0.6352838010204082,0.00661670918367347,60,7809,759,0,5.275410833606493,0.9994877288959051,0.6499527482912464,0.0018110410310328007
flickr,cram_c3_stage2,2432219254,144,0.7414330244064331,0.7414906024932861,-5.7578086853027344e-05,0.5107574462890625,0.8520230714393726,0.6299674163046256,0.5522841811180115,0.6238839285714286,0.20461973852040816,3740,499,980,560,5.273745695593821,0.9991722491990477,0.5902132435465769,0.0023117458913475275
flickr,cram_c3_stage2,2462141223,145,0.6742305159568787,0.6100556254386902,0.06417489051818848,0.6517791748046875,0.7151182576144292,0.831404549950544,0.36646702885627747,0.40298150510204084,0.047951211734693876,1741,1759,296,474,5.270278364927198,0.9985153232149638,0.6487226981554373,0.002506934804841876
flickr,cram_c3_stage2,2465634368,146,0.7130264043807983,0.7075287103652954,0.00549769401550293,0.5233612060546875,0.7938303747534516,0.7972394776876268,0.48489195108413696,0.6288265306122449,0.041294642857142856,704,5819,0,346,5.273207618009826,0.999070304163986,0.7451087841940787,0.002531033707782626
flickr,cram_c3_stage2,2499673064,147,0.7954888343811035,0.7118244767189026,0.08366435766220093,0.6569442749023438,0.9410609604666609,0.5091397681467362,0.5317448377609253,0.6378148915816326,0.2617984693877551,5518,1581,0,113,5.273060255180788,0.999042384567965,0.5350979458465378,0.0021825518924742937
flickr,cram_c3_stage2,2509250774,148,0.7850018739700317,0.6280417442321777,0.156960129737854,0.7921295166015625,0.8949126275851013,0.6709603750150246,0.3960954248905182,0.49742904974489793,0.12478077168367346,5554,2296,0,1322,5.267160473581821,0.997924602560587,0.6705573796748618,0.0028050176333636045
flickr,cram_c3_stage2,2542659118,149,0.7975174188613892,0.8579139709472656,-0.060396552085876465,0.3772430419921875,0.942409732108192,0.3086813994235008,0.6465173363685608,0.7052375637755102,0.4528260522959184,1210,0,2776,5413,5.2749822231740175,0.9994065236815155,0.31834807571805374,0.0021635936573147774
flickr,cram_c3_stage2,2630218696,150,0.7590713500976562,0.6356041431427002,0.12346720695495605,0.7664337158203125,0.8091016118951759,0.9363666947014297,0.358937531709671,0.592414700255102,0.032904177295918366,867,1218,906,0,5.273792418823341,0.999181101456442,0.7720483197647809,0.002008372452110052
flickr,cram_c3_stage2,2695985181,151,0.6837335228919983,0.612129807472229,0.07160371541976929,0.6978759765625,0.7396005092776189,0.8367178276269185,0.4107579290866852,0.42201450892857145,0.04332748724489796,9807,5185,0,0,5.272575867534579,0.9989506117139287,0.6780650222928108,0.0025063701905310154
flickr,cram_c3_stage2,2698329253,152,0.766538143157959,0.618519127368927,0.14801901578903198,0.7548065185546875,0.8945920116003163,0.8284907675873646,0.4792015552520752,0.6530014349489796,0.08254942602040816,4704,2313,66,11,5.274709064417752,0.9993547705890001,0.7871455083222177,0.0020356602035462856
flickr,cram_c3_stage2,2766580444,153,0.9113214015960693,0.8138459324836731,0.09747546911239624,0.903656005859375,1.0,0.25292951921419954,0.5337240695953369,0.46261160714285715,0.33621651785714285,5857,0,0,2292,5.272818097077324,0.9989965049084468,0.25816806648784135,0.002457963302731514
flickr,cram_c3_stage2,2778088729,154,0.7495865225791931,0.6421595811843872,0.10742694139480591,0.7389678955078125,0.8710227272727272,0.6888167748377434,0.4557834565639496,0.39919483418367346,0.11260363520408163,4571,1712,0,814,5.271723379452945,0.998789097965806,0.6420195439739413,0.002740028779953718
flickr,cram_c3_stage2,2808068937,155,0.6792418956756592,0.6123572587966919,0.06688463687896729,0.6259002685546875,0.6799072067931631,0.7515361168900285,0.414736807346344,0.411930006377551,0.09165736607142858,9667,5312,0,0,5.274902858482863,0.9993914871208726,0.565976207392833,0.0016302396543323994
flickr,cram_c3_stage2,2811549163,156,0.6874118447303772,0.6231926679611206,0.06421917676925659,0.6357879638671875,0.7066833333333333,0.6931665849272519,0.5596386194229126,0.6095543686224489,0.16591597576530612,3629,7060,95,0,5.276553331927464,0.9997041884453339,0.5531767775603392,0.0015788706950843334
flickr,cram_c3_stage2,2819123278,157,0.742160975933075,0.5065549612045288,0.23560601472854614,0.9573974609375,0.8815653964984552,0.9772087903127166,0.2812773883342743,0.4888193558673469,0.002690529336734694,4359,4260,0,0,5.267932994269257,0.9980709655589892,0.8772096768290452,0.002741896780207753
flickr,cram_c3_stage2,2858344348,158,0.6885861158370972,,,,0.6936274509803921,0.857872856400485,0.33298566937446594,0.4602200255102041,0.0,0,7022,0,0,5.274180705140881,0.9992546667998665,0.6936274509803921,0.001971751917153597
flickr,cram_c3_stage2,2895192729,159,0.8026039600372314,0.6316733360290527,0.1709306240081787,0.844482421875,0.887174395907653,0.8757100621200545,0.3423449397087097,0.5999481823979592,0.04352678571428571,2112,3420,0,0,5.2695930654217715,0.9983854852804604,0.8264311242084144,0.002404888393357396
flickr,cram_c3_stage2,2897081671,160,0.7182832956314087,0.5505214333534241,0.16776186227798462,0.7888336181640625,0.7861440136344269,0.965323120709861,0.3247203230857849,0.47616390306122447,0.0024314413265306123,2019,4672,0,0,5.2720859126923125,0.9988577840900706,0.7828883721719649,0.0023010356817394495
flickr,cram_c3_stage2,2897653916,161,0.8280541300773621,0.6469910740852356,0.18106305599212646,0.8324432373046875,0.9768667480306225,0.4905560508134611,0.391598105430603,0.35770089285714285,0.16232860331632654,11278,397,0,0,5.26636936361977,0.9977747176086433,0.5131425574076233,0.0029149188194423914
flickr,cram_c3_stage2,2907554899,162,0.6994297504425049,0.7234593033790588,-0.024029552936553955,0.4825286865234375,0.7665401748886322,0.7521207019361523,0.513447105884552,0.6155532525510204,0.12802933673469388,5746,6862,0,0,5.273283089480103,0.9990846031088081,0.6324702551117646,0.0021704852115362883
flickr,cram_c3_stage2,2935372113,163,0.8799623250961304,0.7293339967727661,0.15062832832336426,0.90667724609375,0.9959220370548759,0.5906684441058846,0.5083343386650085,0.5232581313775511,0.1993781887755102,5027,94,0,410,5.2698215398805806,0.9984287724148938,0.6063615569588082,0.0029016798362135887
flickr,cram_c3_stage2,2961466546,164,0.7094134092330933,0.8376902937889099,-0.12827688455581665,0.281646728515625,0.703139374425023,0.6243586143517218,0.8231512308120728,0.7807118941326531,0.24906329719387754,297,913,3150,0,5.276024926405876,0.9996040758946027,0.5172902434381675,0.0018586581572890282
flickr,cram_c3_stage2,3012435981,165,0.6883218884468079,0.837881326675415,-0.14955943822860718,0.240386962890625,0.7394535470924206,0.5595941390474283,0.5770270824432373,0.5971181441326531,0.24645248724489796,2232,1240,2184,753,5.272832151891658,0.9989991677559295,0.47848856290757574,0.002305875066667795
flickr,cram_c3_stage2,3052033339,166,0.8493422865867615,0.912935733795166,-0.06359344720840454,0.268585205078125,1.0,0.3930534410239207,0.6651622653007507,0.7723413584183674,0.3973413584183674,3451,0,0,0,5.273682460511014,0.999160268579662,0.43310870368790694,0.002313927048817277
flickr,cram_c3_stage2,3102685146,167,0.7755270004272461,0.6095724701881409,0.16595453023910522,0.8245086669921875,0.9099316445516686,0.6040118260583912,0.412118524312973,0.4853515625,0.09650031887755102,9313,967,48,0,5.271520133393655,0.9987505906440799,0.700202308699274,0.0024017796386033297
flickr,cram_c3_stage2,3109408703,168,0.7466235160827637,0.5741419792175293,0.17248153686523438,0.841094970703125,0.85068779085683,0.8862923351158646,0.3694242238998413,0.5590322066326531,0.030711894132653062,2106,724,212,225,5.272330404337039,0.9989041058660288,0.8080773606370876,0.0022030104883015156
flickr,cram_c3_stage2,3202731977,169,0.7328459024429321,0.4951009452342987,0.23774495720863342,0.90509033203125,0.7881408276714021,0.8973277074542897,0.32785820960998535,0.3400829081632653,0.012177136479591837,3599,3182,22,30,5.26988900869085,0.9984415551630199,0.76410998552822,0.0026359085459262133
flickr,cram_c3_stage2,3207674548,170,0.8278011083602905,0.6522915959358215,0.175509512424469,0.9140777587890625,0.990339497653878,0.6083624402319509,0.49621596932411194,0.5877112563775511,0.19638871173469388,4676,36,1191,5043,5.272794739589476,0.998992079561641,0.6414244341950016,0.002397823380306363
flickr,cram_c3_stage2,3230152596,171,0.8672260046005249,0.7938565015792847,0.07336950302124023,0.7561187744140625,0.9913503191974464,0.8422397094430992,0.5451222062110901,0.8231026785714286,0.11597177933673469,1517,156,5014,0,5.275345649042809,0.9994753789247709,0.8503312391522233,0.001934136962518096
flickr,cram_c3_stage2,3403348616,172,0.7760962247848511,0.6012718677520752,0.17482435703277588,0.8101348876953125,0.8078354945906104,0.7974546172059984,0.41963502764701843,0.40401785714285715,0.06670519770408163,3494,3577,533,598,5.271871715628268,0.9988172019735624,0.6920821114369502,0.0024943288881331682
flickr,cram_c3_stage2,3413119417,173,0.7921918630599976,0.6363548040390015,0.1558370590209961,0.8692779541015625,0.9252651880424301,0.8736194133248881,0.421490341424942,0.5034478635204082,0.05943080357142857,7451,1552,0,0,5.273371311391493,0.9991013177724875,0.822438788059479,0.00216997810639441
flickr,cram_c3_stage2,3416359816,174,0.8746222257614136,0.721699595451355,0.1529226303100586,0.8580780029296875,0.9947936268975035,0.5160251195783034,0.5575554370880127,0.6125039859693877,0.28037308673469385,8874,95,0,0,5.27206763681456,0.9988543215131976,0.5284571809396867,0.002596390899270773
flickr,cram_c3_stage2,3484198977,175,0.7619478702545166,0.7194857597351074,0.04246211051940918,0.6011810302734375,0.8539709848414396,0.7591873010623785,0.4537038803100586,0.4821229272959184,0.10801977040816327,7552,2998,0,0,5.27212968425529,0.9988660771200262,0.6820730892074575,0.002422475256025791
flickr,cram_c3_stage2,3535748358,176,0.7731941938400269,0.6056429147720337,0.16755127906799316,0.8000335693359375,0.8862843932388388,0.8555462061900929,0.40079885721206665,0.5447624362244898,0.049306441326530615,5328,1803,2664,154,5.270468114106647,0.9985512733963637,0.8103083853083853,0.00260186311788857
flickr,cram_c3_stage2,3568893693,177,0.8158120512962341,0.7518309354782104,0.06398111581802368,0.6545867919921875,0.9722882968601332,0.7475766628055843,0.505368173122406,0.6538185586734694,0.1467235331632653,965,111,2621,2885,5.273561531892572,0.9991373572512332,0.7526238261830234,0.0021571307443082333
flickr,cram_c3_stage2,3668283413,178,0.795777440071106,0.7542973756790161,0.041480064392089844,0.6764678955078125,0.894502977553825,0.7481800301412552,0.6021080613136292,0.7802335778061225,0.18494897959183673,239,495,2647,4828,5.2744606186692975,0.9993076996622593,0.6969779892920881,0.0023284105118364096
flickr,cram_c3_stage2,3709678770,179,0.7374290227890015,0.6517730951309204,0.08565592765808105,0.6982574462890625,0.8009575569358178,0.9141903467832457,0.48957034945487976,0.6747050382653061,0.057896205357142856,601,2900,1228,115,5.2737506409341695,0.9991731861510974,0.7449512576724034,0.00228346255607903
flickr,cram_c3_stage2,3719297546,180,0.7006911039352417,0.6383329629898071,0.06235814094543457,0.6486968994140625,0.7534466819405925,0.8386649366918706,0.4336951673030853,0.44545200892857145,0.058912627551020405,3156,1618,10,1,5.272158189173432,0.9988714777071642,0.673432728579127,0.002432645298540592
flickr,cram_c3_stage2,3727937033,181,0.7847834825515747,0.570805549621582,0.21397793292999268,0.8358001708984375,0.8892977919236125,0.7596754322613535,0.3855642080307007,0.46912866709183676,0.09847337372448979,5351,1469,492,979,5.2687587163290015,0.9982274081740241,0.7138807936444569,0.0026360598858445883
flickr,cram_c3_stage2,3749326537,182,0.7980296611785889,0.8580251336097717,-0.05999547243118286,0.3418121337890625,0.9825436408977556,0.6025153637273117,0.545031726360321,0.6972456951530612,0.2592873086734694,5505,416,0,0,5.270365806772814,0.9985318900861406,0.6116325968053158,0.002642260165885091
flickr,cram_c3_stage2,3790233127,183,0.745199978351593,0.5767214894294739,0.16847848892211914,0.7983856201171875,0.8678831631862169,0.8617194371152155,0.32898083329200745,0.4532047193877551,0.0450813137755102,3300,3575,0,0,5.2702835571440865,0.9985163069406355,0.788852881383225,0.002331474330276251
flickr,cram_c3_stage2,3801318146,184,0.787935197353363,0.7315779328346252,0.05635726451873779,0.676605224609375,0.8873746108612937,0.6630825299180646,0.6070564985275269,0.7710658482142857,0.22423070790816327,2072,487,2930,2403,5.275088733255027,0.9994267032509045,0.6387789148676577,0.0019907737150788307
flickr,cram_c3_stage2,3828103578,185,0.7992843389511108,0.7141485810279846,0.08513575792312622,0.7151641845703125,0.9685218815653598,0.49093895527237286,0.4680672585964203,0.5520766900510204,0.20974170918367346,4078,799,0,0,5.2705441379592255,0.9985656769964154,0.5536015957338544,0.0024667130783200264
flickr,cram_c3_stage2,3896768873,186,0.7706546783447266,0.5955595970153809,0.1750950813293457,0.8332672119140625,0.8802809752928518,0.8499627553220684,0.35987594723701477,0.5083506058673469,0.029595822704081634,2078,2051,1745,399,5.272017779069712,0.9988448753855427,0.8302219158672717,0.0021877295803278685
flickr,cram_c3_stage2,3908875350,187,0.7406164407730103,0.6786544322967529,0.061962008476257324,0.6449127197265625,0.7958878229506587,0.6691006600660065,0.4789125323295593,0.4830994897959184,0.14227917729591838,6873,964,423,59,5.2713550131201075,0.9987193066943728,0.5894067411647134,0.00267221312969923
flickr,cram_c3_stage2,3956341886,188,0.7467025518417358,0.7560914754867554,-0.009388923645019531,0.5431365966796875,0.8053699735282995,0.7160262568043548,0.5040757060050964,0.6224091198979592,0.16499920280612246,2152,1801,3216,790,5.274154399509529,0.9992496828931023,0.6203859118589521,0.0018474254757165909
flickr,cram_c3_stage2,4007045926,189,0.859721302986145,0.6518976092338562,0.20782369375228882,0.8999786376953125,0.9871913224094161,0.5541760234928312,0.4796798527240753,0.4614955357142857,0.17340959821428573,6983,333,0,876,5.27515301888857,0.9994388829093042,0.5913594470046083,0.0017286846414208412
flickr,cram_c3_stage2,4041216001,190,0.7055741548538208,0.7806761860847473,-0.07510203123092651,0.4674530029296875,0.70798934557709,0.7586413523401034,0.5313624739646912,0.6319355867346939,0.13416772959183673,725,5548,0,264,5.274799610542116,0.999371925601767,0.5909085326160384,0.0015557925216853619
flickr,cram_c3_stage2,4180455681,191,0.8536851406097412,0.7750768661499023,0.07860827445983887,0.74481201171875,1.0,0.4122745840390555,0.5475124716758728,0.6001076211734694,0.30797592474489793,3020,0,0,1745,5.274218573959619,0.999261841486508,0.4454731402734417,0.001981587614864111
flickr,cram_c3_stage2,4303617148,192,0.7707778215408325,0.6027824282646179,0.1679953932762146,0.8300628662109375,0.9098828854720505,0.857396750169262,0.4006381034851074,0.5887276785714286,0.04954559948979592,1911,2231,0,217,5.270773976870315,0.9986092226421485,0.8352846118329925,0.002563818357884884
flickr,cram_c3_stage2,4351373013,193,0.7226399779319763,0.6828390955924988,0.03980088233947754,0.6357421875,0.7900215958801705,0.7109800664451827,0.5124720335006714,0.5998883928571429,0.16794882015306123,1629,3012,336,2571,5.274144684647567,0.9992478422999002,0.602567892891836,0.0021713185124099255
flickr,cram_c3_stage2,4407899725,194,0.6628744006156921,0.5490190386772156,0.11385536193847656,0.6883087158203125,0.6713630299677871,0.9125608137992038,0.28765541315078735,0.4506138392857143,0.003966039540816327,3691,2292,25,4,5.2670103677126985,0.9978961632638278,0.6670438380964697,0.0030432813800871372
flickr,cram_c3_stage2,4479260803,195,0.7267974019050598,0.6720349788665771,0.054762423038482666,0.645294189453125,0.7447543071663203,0.5462434851017799,0.425842821598053,0.4053332270408163,0.09020248724489796,2478,1063,460,778,5.270700454967622,0.9985952930655024,0.5713881602633338,0.0027353838086128235
flickr,cram_c3_stage2,4543136011,196,0.7306044697761536,0.661529541015625,0.06907492876052856,0.6374359130859375,0.7783506755707408,0.5541329441422317,0.3817445933818817,0.4506337691326531,0.10947464923469388,3679,4864,0,0,5.266856743300142,0.9978670573382322,0.580324679836039,0.0029112733900547028
flickr,cram_c3_stage2,4576746825,197,0.7952467203140259,0.7418539524078369,0.053392767906188965,0.667755126953125,0.8788658467555189,0.4720563847429519,0.4421865940093994,0.360530931122449,0.16922433035714285,12503,1458,0,0,5.268176496442711,0.998117099868146,0.4690100233420294,0.0030864612199366093
flickr,cram_c3_stage2,4646464908,198,0.6038340926170349,0.6764612793922424,-0.07262718677520752,0.4263671875,0.5676229146438344,0.6838735749532074,0.4606877565383911,0.4685108418367347,0.021524234693877552,140,8662,1205,993,5.270181755157619,0.9984970193743282,0.5467732335685741,0.0024766013957560062
flickr,cram_c3_stage2,4657718822,199,0.7958987355232239,0.5991571545600891,0.19674158096313477,0.863037109375,0.938925429230375,0.8370711647565016,0.42089253664016724,0.5234175701530612,0.05428890306122449,3924,1724,33,0,5.270633686309172,0.9985826429692539,0.8410742979569975,0.002648672554641962
flickr,cram_c3_stage2,4717096777,200,0.6901484727859497,0.8040449619293213,-0.11389648914337158,0.381500244140625,0.6809309849029476,0.49895959542748775,0.7420611381530762,0.7566565688775511,0.3054049744897959,2130,2095,4466,390,5.276347035956432,0.9996651032824773,0.4390761171889486,0.0014462261460721493
flickr,cram_c3_stage2,4755507106,201,0.7504845857620239,0.7201070785522461,0.030377507209777832,0.6060791015625,0.7901107808700352,0.7285728523021726,0.40419211983680725,0.3999521683673469,0.0996890943877551,2234,3952,0,8,5.270611026827243,0.9985783498677598,0.6219849406559748,0.0024398646783083677
flickr,cram_c3_stage2,4758950312,202,0.7965322732925415,0.6199578642845154,0.17657440900802612,0.8419342041015625,0.9512907370634271,0.6642379424718612,0.40683513879776,0.3665298150510204,0.06616709183673469,8490,422,198,0,5.27264585364847,0.9989638713944036,0.7558704328187359,0.002233169972896576
flickr,cram_c3_stage2,4767923306,203,0.7768868207931519,0.6707355380058289,0.106151282787323,0.773040771484375,0.916176365498678,0.6287928328537797,0.4209977388381958,0.6095344387755102,0.10955436862244898,1683,2149,0,75,5.271718681380559,0.9987882078615378,0.7260405851816895,0.0023240032605826855
flickr,cram_c3_stage2,4876943924,204,0.8837119340896606,0.8022831082344055,0.08142882585525513,0.6596527099609375,0.9952614379084967,0.20318911165226675,0.5835906863212585,0.5974370216836735,0.4620336415816326,8618,19,599,219,5.274188286417912,0.9992561031606735,0.2078626761765007,0.0018791374750435352
flickr,cram_c3_stage2,4938432980,205,0.8430105447769165,0.6721646785736084,0.1708458662033081,0.9212646484375,0.999766318741237,0.7047551065231715,0.42335739731788635,0.5444435586734694,0.14742107780612246,7393,9,0,0,5.269824887168053,0.9984294065973033,0.7223118481278608,0.002483807969838381
flickr,cram_c3_stage2,4957886467,206,0.7820782661437988,0.710843563079834,0.07123470306396484,0.6559906005859375,0.895690643072249,0.6494492753623189,0.4260178208351135,0.5156847895408163,0.12444196428571429,2065,2331,61,50,5.268883871170242,0.9982511202093476,0.6720321529263562,0.002703330246731639
flickr,cram_c3_stage2,4965189170,207,0.8547574877738953,0.7371305227279663,0.11762696504592896,0.797607421875,0.9821060551539141,0.5598821379284622,0.4970513582229614,0.5343391262755102,0.2101203762755102,7888,7,123,41,5.273154527328436,0.9990602455190308,0.5812022069499564,0.0021303058601915836
flickr,cram_c3_stage2,5006362787,208,0.6717494130134583,,,,0.6546833684997729,1.0,0.2820433974266052,0.4885204081632653,0.0,500,7771,71,0,5.269504623863305,0.9983687290020966,0.6546833684997729,0.0027867311146110296
flickr,cram_c3_stage2,5130986168,209,0.7764633893966675,0.6922027468681335,0.08426064252853394,0.7285614013671875,0.9667399382425289,0.6622270820636001,0.45953723788261414,0.5559032206632653,0.16922433035714285,3021,487,2,641,5.272751050676042,0.9989838021905996,0.6693057467932458,0.0022834299597889185
flickr,cram_c3_stage2,5179649119,210,0.700376033782959,0.6959805488586426,0.004395484924316406,0.4919891357421875,0.7329777019097408,0.6007309992655031,0.5209625959396362,0.5698142538265306,0.21205357142857142,2077,3305,256,1482,5.27260296172652,0.9989557450226364,0.504086873578399,0.0026053818874061108
flickr,cram_c3_stage2,5194793239,211,0.8435514569282532,0.6631536483764648,0.18039780855178833,0.9098358154296875,0.9855279614078971,0.4789358524641406,0.5107982754707336,0.5738400829081632,0.26694036989795916,8032,286,0,346,5.272564434605356,0.9989484456129701,0.5035327624924689,0.0023919318336993456
flickr,cram_c3_stage2,5220919991,212,0.7533351182937622,0.7479540109634399,0.005381107330322266,0.582000732421875,0.8188434829059829,0.7799402149716975,0.4846489727497101,0.6267139668367347,0.11114875637755102,1781,2259,52,0,5.274312453375358,0.9992796280299615,0.6903093247769427,0.0019901932682842016
flickr,cram_c3_stage2,5237296528,213,0.8114863038063049,0.8785502910614014,-0.06706398725509644,0.3554229736328125,0.8988204907447267,0.6890229414715278,0.6222488284111023,0.7549226721938775,0.23206313775510204,4823,0,7591,12,5.2731581843604936,0.9990609383861423,0.6415569730712978,0.0024005393497645855
flickr,cram_c3_stage2,5303633386,214,0.8499021530151367,0.6916178464889526,0.15828430652618408,0.876678466796875,0.9938235912531539,0.631943980212581,0.5056602954864502,0.5962611607142857,0.18329480229591838,7037,223,0,0,5.27202068582487,0.9988454261039992,0.669944367669466,0.002576783997938037
flickr,cram_c3_stage2,5344317532,215,0.8078898787498474,0.6463544368743896,0.16153544187545776,0.864837646484375,0.9729901677270099,0.6653351789598576,0.43373599648475647,0.5039261798469388,0.1361407844387755,5040,461,0,105,5.272494986031649,0.9989352877757137,0.6974420629327143,0.002160297241061926
flickr,cram_c3_stage2,5480070309,216,0.8684015274047852,0.7135146856307983,0.15488684177398682,0.8890533447265625,1.0,0.49935808967487244,0.5561809539794922,0.6209542410714286,0.2985092474489796,7348,0,0,625,5.268775851640635,0.9982306546574259,0.5095050185843172,0.00325462082400918
flickr,cram_c3_stage2,5490101320,217,0.7078585624694824,0.6406269073486328,0.06723165512084961,0.632537841796875,0.8105821442101275,0.8621728451914958,0.4223078787326813,0.5193319515306123,0.05622209821428571,1028,2627,2471,819,5.273906029857484,0.9992026263837083,0.735702005730659,0.0022674466017633677
flickr,cram_c3_stage2,5601291878,218,0.844520092010498,0.7151775360107422,0.12934255599975586,0.8278045654296875,0.9902558864934993,0.5353050017906171,0.5423606038093567,0.6678093112244898,0.18891501913265307,3750,38,513,1888,5.274926831314515,0.9993960290516942,0.6500679532481652,0.0020318275783210993
flickr,cram_c3_stage2,5607310495,219,0.6848630905151367,0.5191782116889954,0.16568487882614136,0.84228515625,0.7153828987986759,0.8640447419253403,0.33116060495376587,0.4436583227040816,0.0010562818877551021,1743,5974,127,0,5.2712871482875014,0.9987064489152249,0.7139755011135858,0.002609990071505308
flickr,cram_c3_stage2,5697766486,220,0.6543995141983032,0.6560428142547607,-0.0016433000564575195,0.52777099609375,0.6756365321669612,0.645764119601329,0.420494019985199,0.3599330357142857,0.11999760841836735,12048,3502,0,0,5.2710631406977395,0.9986640080809072,0.5009127026736819,0.002596355741843581
flickr,cram_c3_stage2,5801923729,221,0.8075021505355835,0.6318227648735046,0.17567938566207886,0.8047027587890625,0.8974903474903475,0.7090673377564249,0.4534374475479126,0.5226801658163265,0.14572704081632654,6362,2116,0,130,5.274169304855377,0.9992525068836389,0.663384703196347,0.0018162401393055916
flickr,cram_c3_stage2,5873098388,222,0.7740854024887085,0.5651392936706543,0.2089461088180542,0.91259765625,0.8861448021892632,0.9268525389589738,0.31384995579719543,0.5639947385204082,0.007912149234693877,2546,3616,0,0,5.2690457934906085,0.9982817982697575,0.8744165888785171,0.0026272183749824762
flickr,cram_c3_stage2,5906878321,223,0.8373483419418335,0.7118823528289795,0.125465989112854,0.749359130859375,0.9567911860905491,0.48204683434518647,0.5760475993156433,0.6893734056122449,0.30375079719387754,4062,1220,0,6,5.273266371903604,0.9990814357701696,0.5104077384596547,0.0023267706856131554
flickr,cram_c3_stage2,5991393107,224,0.6626978516578674,0.5885018110275269,0.07419604063034058,0.6426239013671875,0.6415934074574992,0.8954172336596287,0.379090279340744,0.4540218431122449,0.04099569515306122,7160,6204,0,0,5.267676980153976,0.9980224607174292,0.6026055745114548,0.0030743505340069532
flickr,cram_c3_stage2,6067281197,225,0.7887582778930664,0.6348907947540283,0.15386748313903809,0.8189239501953125,0.8743305102021905,0.8091171022844207,0.4253530204296112,0.5810347576530612,0.06696428571428571,4434,745,1535,0,5.271745277539008,0.9987932468120279,0.7775012772128743,0.002426620339974761
flickr,cram_c3_stage2,6098668510,226,0.7181322574615479,0.6523067951202393,0.0658254623413086,0.7105712890625,0.7945053778121635,0.8363621846055573,0.4708934724330902,0.6240035076530612,0.060227997448979595,2839,2474,557,257,5.272509817594136,0.9989380977871372,0.727776774175618,0.002874579280614853
flickr,cram_c3_stage2,6158154336,227,0.7602366209030151,0.4878448247909546,0.27239179611206055,0.9347076416015625,0.8342063274614405,0.9663206631319543,0.28094908595085144,0.5337611607142857,0.0,2492,5516,0,0,5.2668569454882626,0.9978670956451151,0.8342063274614405,0.0027979747392237186
flickr,cram_c3_stage2,6185482260,228,0.7418596148490906,0.5377016067504883,0.2041580080986023,0.8165283203125,0.7737334263782275,0.9596994772011218,0.3357571065425873,0.5756337691326531,0.01309390943877551,4288,7733,0,0,5.274293003317389,0.9992759429910367,0.7597993531056412,0.001753778662532568
flickr,cram_c3_stage2,6289328021,229,0.7604390382766724,0.6894567012786865,0.07098233699798584,0.6563873291015625,0.849044776119403,0.6617113344500279,0.41841602325439453,0.42833227040816324,0.11126833545918367,9038,3331,0,0,5.27098956556279,0.998650068418793,0.636793086463977,0.00246983440592885
flickr,cram_c3_stage2,6458319057,230,0.7268693447113037,0.626220703125,0.10064864158630371,0.713104248046875,0.8844026307766018,0.7317117117117117,0.4756408631801605,0.5530532525510204,0.12535873724489796,10621,1608,98,37,5.273727252753101,0.9991687549891053,0.6942117679236897,0.002368662040680647
flickr,cram_c3_stage2,6669466181,231,0.7111252546310425,0.786901593208313,-0.07577633857727051,0.3876800537109375,0.7557298940277664,0.7045376220562894,0.4446184039115906,0.5204679528061225,0.1416015625,155,2307,1377,1675,5.272475563066335,0.9989316078698063,0.5850052462560809,0.002281508408486843
flickr,cram_c3_stage2,6755812421,232,0.7725387811660767,0.6106356978416443,0.16190308332443237,0.8585357666015625,0.9165185740284766,0.8851164137132459,0.32272088527679443,0.4819236288265306,0.04585857780612245,2169,2229,0,195,5.267703880787677,0.9980275573542849,0.8343111076461301,0.0026551629416644573
flickr,cram_c3_stage2,6897499873,233,0.7830068469047546,0.6479439735412598,0.13506287336349487,0.7865753173828125,0.9125149065853981,0.614230288976097,0.4298505187034607,0.44690688775510207,0.09891183035714286,7412,1464,396,91,5.269730149632319,0.9984114574730705,0.68671785411577,0.002817576052621007
flickr,cram_c3_stage2,7178293884,234,0.6597846746444702,0.7244818210601807,-0.06469714641571045,0.4284210205078125,0.697830457144349,0.7954822773131752,0.6068544387817383,0.6696627869897959,0.09956951530612244,295,3505,909,3592,5.275220139283801,0.9994515996461628,0.617312178110349,0.0019389104563742876
flickr,cram_c3_stage2,7387939334,235,0.7695690393447876,0.764504075050354,0.005064964294433594,0.5025177001953125,0.8873449359106648,0.5778925990084224,0.5943095684051514,0.6672911352040817,0.24663185586734693,1354,2377,114,2015,5.27371099424156,0.9991656746256439,0.5660830005412443,0.0025725257582962513
flickr,cram_c3_stage2,7560517176,236,0.7338936924934387,0.6877103447914124,0.04618334770202637,0.5673370361328125,0.8184020703705743,0.5670952726162769,0.4093440771102905,0.5223413584183674,0.12551817602040816,3790,4008,0,0,5.268255981206952,0.998132159178027,0.6076699783310847,0.002627970650792122
flickr,cram_c3_stage2,7623513024,237,0.8305424451828003,0.635654091835022,0.19488835334777832,0.842987060546875,0.9496661530559836,0.5675648021828104,0.37406063079833984,0.292171556122449,0.11216517857142858,8219,847,0,0,5.265607247981004,0.9976303259673149,0.5782341290524341,0.0032673883251845837
flickr,cram_c3_stage2,7733838448,238,0.8236908912658691,0.8256057500839233,-0.0019148588180541992,0.5996246337890625,0.905799822489247,0.7070964131535469,0.5594700574874878,0.7478874362244898,0.17701690051020408,2231,525,491,0,5.2737500943625,0.9991730825967594,0.6950571039396479,0.0020270629320293665
flickr,cram_c3_stage2,7740990330,239,0.7145696878433228,0.49542802572250366,0.2191416621208191,0.857574462890625,0.7441504646042467,0.8282522013623526,0.3646045923233032,0.47983099489795916,0.005879304846938775,4636,3804,57,0,5.271546268217893,0.9987555421894565,0.7360475417097299,0.0024862908758223057
flickr,cram_c3_stage2,7897462346,240,0.7764252424240112,0.6252536773681641,0.15117156505584717,0.7601776123046875,0.8650630469986718,0.8990733736762481,0.3294309973716736,0.5269451530612245,0.014668367346938776,1304,3033,0,0,5.268115935519052,0.9981056258992066,0.8424979178111321,0.0026941965334117413
flickr,cram_c3_stage2,8250285374,241,0.7467985153198242,0.5307247638702393,0.21607375144958496,0.849334716796875,0.7856307940346634,0.9367310649750096,0.3410320580005646,0.41470025510204084,0.019252232142857144,3354,5694,0,0,5.273936216153653,0.9992083455274022,0.7561879267535692,0.0018748287111520767
flickr,cram_c3_stage2,8294094053,242,0.6806102991104126,0.4813753068447113,0.1992349922657013,0.8333587646484375,0.6829473605447267,0.9576884738471224,0.2805213928222656,0.3798828125,0.0,3149,9040,0,0,5.27099402180406,0.9986509127053532,0.6829473605447267,0.002382782055065036
flickr,cram_c3_stage2,8311669586,243,0.7259606122970581,0.7538326978683472,-0.027872085571289062,0.4319305419921875,0.7982212895650653,0.5941021159495742,0.46239203214645386,0.5359335140306123,0.18223852040816327,6903,2976,0,0,5.271882966420044,0.9988193335664707,0.547901983984087,0.0023832747247070074
flickr,cram_c3_stage2,8396975855,244,0.7873716354370117,0.646938681602478,0.1404329538345337,0.8029632568359375,0.9695821249670445,0.6388925081433224,0.4685288071632385,0.45888472576530615,0.1241031568877551,13343,795,0,0,5.273459292539751,0.9991179868208009,0.6874386653581943,0.0022680966649204493
flickr,cram_c3_stage2,9060997789,245,0.716382622718811,0.6089220643043518,0.10746055841445923,0.7132568359375,0.7857409057765535,0.8873193046660567,0.3685219883918762,0.5445830676020408,0.04195232780612245,5324,3266,0,0,5.269752360804818,0.9984156656371466,0.7355631399317406,0.002524659503251314
flickr,cram_c3_stage2,9309351423,246,0.7647650837898254,0.6253942251205444,0.139370858669281,0.75799560546875,0.828550449733831,0.6599892771847736,0.3891882598400116,0.40890066964285715,0.09927056760204081,10303,2622,0,0,5.273532888198179,0.9991319303713259,0.635012192834365,0.0019020210020244122
flickr,cram_c3_stage2,9456627660,247,0.7435175180435181,0.5299206972122192,0.21359682083129883,0.84698486328125,0.7975588674402159,0.7857658959537572,0.32740822434425354,0.3861607142857143,0.06800063775510204,4653,4582,0,109,5.270952657518506,0.998643075762008,0.6766215585627625,0.0023224279284477234
flickr,cram_c3_stage2,9636000842,248,0.7174606919288635,0.7354168891906738,-0.017956197261810303,0.493927001953125,0.7819925412892914,0.7984116623150566,0.5090359449386597,0.6411830357142857,0.07611208545918367,2369,5086,0,0,5.270724383524174,0.9985998266078933,0.7005440933822427,0.0028150160796940327
flickr,cram_c3_stage2,9761803312,249,0.8265880942344666,0.6526321172714233,0.1739559769630432,0.84490966796875,0.9242998833138857,0.6986256063501396,0.4376829266548157,0.5423309948979592,0.08892697704081633,6917,715,147,540,5.272555207169806,0.9989466973683514,0.7595285657211346,0.0022026640363037586
flickr,short_step000,10000130166,0,0.6713462471961975,0.48875555396080017,0.18259069323539734,0.73931884765625,0.6665259801163009,0.9659070315331642,0.2256385236978531,0.4398915816326531,0.0,3401,7956,0,0,5.271379545423038,0.998723954623513,0.6665259801163009,0.0020113633945584297
flickr,short_step000,10007936344,1,0.8055248260498047,0.6398832201957703,0.16564160585403442,0.7955474853515625,0.916342644024758,0.7821294320837143,0.41613316535949707,0.588508450255102,0.1116470025510204,7391,1710,0,0,5.273265424592433,0.999081256291088,0.7497078491203012,0.0018591242842376232
flickr,short_step000,10008553263,2,0.7702264785766602,0.8354746103286743,-0.06524813175201416,0.5676422119140625,0.7754249495822529,0.38061231704730253,0.547550618648529,0.5637356505102041,0.24426020408163265,7069,2259,0,6,5.272529025652053,0.9989417369763472,0.4118592195868401,0.002035717945545912
flickr,short_step000,10009662863,3,0.6376512050628662,0.5403372049331665,0.09731400012969971,0.6710968017578125,0.6884064631164868,0.7504107722518335,0.4441510736942291,0.4973094706632653,0.11505500637755102,8178,10787,0,0,5.274317717198575,0.9992806253222821,0.5678802674875278,0.0019105887040495872
flickr,short_step000,10013411946,4,0.6536640524864197,0.5420676469802856,0.11159640550613403,0.647003173828125,0.6406499661475965,0.8303847233923055,0.31711581349372864,0.2838807397959184,0.021364795918367346,9372,6320,246,85,5.274654716334058,0.9993444737146041,0.6054928459904272,0.0016709030605852604
flickr,short_step000,10016382545,5,0.6818535327911377,0.6659754514694214,0.01587808132171631,0.51031494140625,0.7834298440979955,0.619754043482857,0.4479866921901703,0.5655891262755102,0.17769451530612246,2266,2543,370,3451,5.272780645727489,0.9989894093161278,0.5607345533380093,0.002273795660585165
flickr,short_step000,10031203703,6,0.781587541103363,0.5758723020553589,0.20571523904800415,0.8605194091796875,0.9071151847302277,0.9059452658068575,0.35762500762939453,0.6335698341836735,0.04358657525510204,2929,2573,0,124,5.275245977745392,0.9994564950422008,0.8486562942008486,0.0014931331388652325
flickr,short_step000,10035917404,7,0.6290934085845947,0.618293821811676,0.010799586772918701,0.5480804443359375,0.5957145107925004,0.8730085430616485,0.37941619753837585,0.4315808354591837,0.043865593112244895,5426,8393,0,0,5.275802039206602,0.9995618473312492,0.5570780292314946,0.001367185264825821
flickr,short_step000,10045181004,8,0.6943737864494324,0.730299711227417,-0.03592592477798462,0.484588623046875,0.6621705831507427,0.8194686302801134,0.34817782044410706,0.400569993622449,0.0631576849489796,4368,4595,0,4,5.270410783786478,0.9985404115027009,0.5873406436658644,0.0022696168161928654
flickr,short_step000,10060697266,9,0.7007784843444824,0.589876651763916,0.1109018325805664,0.6901397705078125,0.7184799035506274,0.9522009181744532,0.2534259557723999,0.4428013392857143,0.016003667091836735,1445,6828,0,126,5.267963854734459,0.9980768124318206,0.6994065821445692,0.0024609901010990143
flickr,short_step000,10061269855,10,0.6527012586593628,0.5684882402420044,0.0842130184173584,0.6244964599609375,0.6643687870514232,0.9840691750826704,0.24127504229545593,0.4459901147959184,0.002192283163265306,950,2324,419,0,5.268447939574447,0.9981685279157085,0.662171304857697,0.002339072758331895
flickr,short_step000,10067897816,11,0.7253052592277527,0.8119946122169495,-0.08668935298919678,0.3898162841796875,0.6560012547543427,0.4166874221668742,0.46799272298812866,0.4000916772959184,0.21277104591836735,10271,3793,0,92,5.273715983939514,0.9991666199817562,0.3570590118450539,0.0018280791118741035
flickr,short_step000,10069511285,12,0.7920119762420654,0.6823211908340454,0.10969078540802002,0.7436676025390625,0.8641681041241963,0.8684716487534276,0.35027962923049927,0.6323142538265306,0.05709901147959184,3383,3858,267,0,5.271534855128609,0.9987533798474042,0.7929208633093525,0.002083446830511093
flickr,short_step000,10079676496,13,0.738411545753479,0.5992814302444458,0.1391301155090332,0.7678070068359375,0.887648957075123,0.8227833294341766,0.4047013223171234,0.596320950255102,0.04107541454081633,5620,2912,0,0,5.27335933954282,0.9990990495669925,0.8262489302075817,0.00204262463375926
flickr,short_step000,10080652613,14,0.7529882192611694,0.461861789226532,0.29112643003463745,0.8967742919921875,0.8240566037735849,0.9619665683382498,0.22922654449939728,0.5067163584183674,0.014389349489795918,2973,5177,0,0,5.270507444373449,0.9985587249712805,0.8044865469377015,0.0020602792501449585
flickr,short_step000,10106776154,15,0.6287409067153931,0.583930492401123,0.04481041431427002,0.60186767578125,0.6302323124065995,0.8205778301886792,0.3891763389110565,0.5070153061224489,0.06792091836734694,1777,4792,1181,2047,5.27574681958551,0.9995513853339912,0.5714383477273038,0.0013926574029028416
flickr,short_step000,10109936483,16,0.7802033424377441,0.6276090145111084,0.15259432792663574,0.7494659423828125,0.9158081922982585,0.7057795000236283,0.3547205626964569,0.42173549107142855,0.10048628826530612,10265,1805,0,0,5.271766117548638,0.9987971951934056,0.6995316159250585,0.0019484623335301876
flickr,short_step000,10110769444,17,0.6931621432304382,0.7497375011444092,-0.05657535791397095,0.4851531982421875,0.7668562310776532,0.672847040241232,0.4523007571697235,0.5551857461734694,0.1640027104591837,2314,5643,0,260,5.273740389101119,0.9991712438224987,0.5737045085855957,0.0017293835990130901
flickr,short_step000,10111706074,18,0.585689902305603,0.5093588829040527,0.07633101940155029,0.6873626708984375,0.5577230207620352,0.8398900532554544,0.2900511920452118,0.34803491709183676,0.002551020408163265,5629,7443,0,0,5.273399914565366,0.9991067369753127,0.5550215696662378,0.0018551787361502647
flickr,short_step000,10119607346,19,0.5406380295753479,0.6058234572410583,-0.06518542766571045,0.4239501953125,0.40030371181977203,0.5836930321206346,0.3895798325538635,0.3555285395408163,0.07302295918367346,3624,10417,0,63,5.273631181190833,0.999150553118083,0.3508786709575239,0.0019619353115558624
flickr,short_step000,10119736773,20,0.669613242149353,0.3572476804256439,0.3123655617237091,0.9186698717948718,0.755269513667801,0.961127409891031,0.21200960874557495,0.5706313775510204,0.0,56,10990,0,0,5.275514236276919,0.9995073197303416,0.755269513667801,0.0015141656622290611
flickr,short_step000,10129791115,21,0.773597002029419,0.6184462308883667,0.15515077114105225,0.733154296875,0.8353554358874543,0.7597560975609756,0.3810068964958191,0.5066167091836735,0.11328125,1877,2438,54,0,5.272567320825807,0.9989489924408883,0.670508792334265,0.001850144937634468
flickr,short_step000,10129813456,22,0.7095195055007935,0.48036766052246094,0.22915184497833252,0.8660430908203125,0.750980426332944,0.9502028934368384,0.3418694734573364,0.4518494897959184,0.015425701530612245,5665,8232,0,0,5.276165123379521,0.9996306378362609,0.731250318222705,0.001353621482849121
flickr,short_step000,10163352444,23,0.6903291344642639,0.43506333231925964,0.2552658021450043,0.8681640625,0.7623325902210899,0.973458904109589,0.25756725668907166,0.4655612244897959,0.00860969387755102,5201,6656,0,0,5.272472912620309,0.9989311057120858,0.7514498620359202,0.0019724322482943535
flickr,short_step000,10165890496,24,0.6122667789459229,0.5575088262557983,0.05475795269012451,0.6067352294921875,0.5493314630890704,0.8558688755727881,0.25708621740341187,0.2827048788265306,0.03693000637755102,6118,4145,0,0,5.264092212329809,0.9973432849026527,0.5068361617300186,0.0029132398776710033
flickr,short_step000,10173808724,25,0.716162919998169,0.48302367329597473,0.2331392467021942,0.8080596923828125,0.7741862567811935,0.9695339867662149,0.2425089180469513,0.5632374043367347,0.007832429846938776,3574,3920,12,0,5.270571646939837,0.9985708888916446,0.7656839457873411,0.0020498628728091717
flickr,short_step000,10202025415,26,0.6402947902679443,0.5543796420097351,0.08591514825820923,0.6407318115234375,0.5500912997515,0.9600565486174343,0.23153582215309143,0.41587611607142855,0.01034359056122449,811,13028,0,77,5.274399220034852,0.9992960669793016,0.5423620981387479,0.0017940821126103401
flickr,short_step000,10221582415,27,0.7116429805755615,0.7519788146018982,-0.04033583402633667,0.48248291015625,0.7059784874510131,0.736269087620439,0.5032853484153748,0.5729631696428571,0.14080436862244897,3476,4862,46,1900,5.276240470483213,0.999644913218392,0.5713475943046089,0.0012667891569435596
flickr,short_step000,10234680056,28,0.6092067956924438,0.6157348155975342,-0.006528019905090332,0.516998291015625,0.6240129472860496,0.8162804764563558,0.24641631543636322,0.42833227040816324,0.02477279974489796,1655,9783,424,0,5.2716773409142625,0.9987803754310269,0.5975917157747727,0.002064791042357683
flickr,short_step000,10246013484,29,0.6632325053215027,0.487973690032959,0.1752588152885437,0.776458740234375,0.6194279775194396,0.8720262287974855,0.2869248688220978,0.36776546556122447,0.008549904336734694,3362,11620,0,0,5.2725847436333115,0.998952293393715,0.6093649411140986,0.0022152047604322433
flickr,short_step000,10268129763,30,0.7126991748809814,0.472576379776001,0.24012279510498047,0.84063720703125,0.8006601233388344,0.8777375737954676,0.2794645428657532,0.41860650510204084,0.03649154974489796,8705,5261,0,0,5.272458980598509,0.9989284661290719,0.7416824234622038,0.0018702959641814232
flickr,short_step000,10278084464,31,0.7695106267929077,0.7646325826644897,0.004878044128417969,0.47784423828125,0.9542895535528114,0.6172266011328558,0.5163280963897705,0.6649992028061225,0.22666214923469388,3350,664,974,591,5.273301569801017,0.9990881044198079,0.6249525861414982,0.0020960101392120123
flickr,short_step000,10283938426,32,0.7751708626747131,0.7857744693756104,-0.010603606700897217,0.49078369140625,0.8499366548594772,0.4375366022467125,0.6643134355545044,0.7486846301020408,0.36328125,1734,3173,0,3142,5.276067349098935,0.9996121133655175,0.43753077875234586,0.0015538553707301617
flickr,short_step000,10289643764,33,0.713288426399231,0.6271556615829468,0.08613276481628418,0.693145751953125,0.8087527010491786,0.7182658959537572,0.40410229563713074,0.4309829400510204,0.11130819515306123,4706,4082,0,0,5.270266428543755,0.9985130617287676,0.6265504931324499,0.0024870678316801786
flickr,short_step000,10304554474,34,0.6416640281677246,0.6256644129753113,0.01599961519241333,0.5919189453125,0.6196223796654736,0.7879301537175498,0.31619465351104736,0.4291493941326531,0.05863360969387755,8143,7667,0,0,5.271354592389802,0.9987192269821398,0.5595073209339138,0.002069692127406597
flickr,short_step000,10308472565,35,0.7933651208877563,0.7165585160255432,0.07680660486221313,0.654083251953125,0.8594936007535043,0.6170889852420541,0.438358336687088,0.5010164221938775,0.15108816964285715,3693,2954,96,519,5.271004372583312,0.9986528737804569,0.6052672649239172,0.0022535345051437616
flickr,short_step000,10369815925,36,0.7298994064331055,0.6195003986358643,0.11039900779724121,0.711639404296875,0.7782560772163966,0.9309896297352197,0.27787095308303833,0.5592514349489796,0.02210220025510204,276,5179,0,204,5.269242114100695,0.9983189934848602,0.7533667849006546,0.0024962169118225574
flickr,short_step000,10389014583,37,0.6400716304779053,0.5641162395477295,0.07595539093017578,0.6298980712890625,0.6421459969192621,0.7756398620439281,0.3396576941013336,0.43917410714285715,0.04239078443877551,6876,6199,0,0,5.27281307089944,0.9989955526407891,0.5946284441970499,0.001989123411476612
flickr,short_step000,10409146004,38,0.704534113407135,0.7555176615715027,-0.050983548164367676,0.47418212890625,0.6759202765914175,0.6872415219189413,0.39213863015174866,0.38552295918367346,0.11666932397959184,9561,2914,0,0,5.274630744133237,0.9993399319033005,0.5208839432646344,0.0015560397878289223
flickr,short_step000,10409351364,39,0.8084126710891724,0.5741268396377563,0.23428583145141602,0.8926162719726562,0.9196581196581196,0.8133440838540617,0.3313930928707123,0.39548788265306123,0.05670041454081633,10452,1812,0,0,5.272743753908812,0.998982419733472,0.7913704339298848,0.0018174652941524982
flickr,short_step000,10413912845,40,0.7348755598068237,0.7570416927337646,-0.022166132926940918,0.4949493408203125,0.7480526457158205,0.45491669389088535,0.39563602209091187,0.366031568877551,0.18981186224489796,9435,1591,0,0,5.271727993327085,0.9987899721177405,0.4037597255110424,0.0020304732024669647
flickr,short_step000,10437048305,41,0.6670591831207275,0.7010807991027832,-0.034021615982055664,0.5244598388671875,0.6273786643118107,0.9143744006460405,0.2569361925125122,0.39487005739795916,0.02383609693877551,139,3520,189,426,5.267736309256321,0.998033701303543,0.602427466954859,0.0024608641397207975
flickr,short_step000,10440265465,42,0.7808622121810913,0.6611064076423645,0.1197558045387268,0.779296875,0.9066443409046787,0.644155172413793,0.48095524311065674,0.5779655612244898,0.17759486607142858,3122,1696,0,2944,5.275620667170383,0.9995274842967323,0.6329154667118414,0.0016488758847117424
flickr,short_step000,10441843213,43,0.8320754170417786,0.6706280708312988,0.16144734621047974,0.8095245361328125,0.900879874039085,0.7839136041263701,0.39430472254753113,0.6182238520408163,0.0989516900510204,3750,2593,0,99,5.2696330619011995,0.9983930630770811,0.7609168426816866,0.002292824909090996
flickr,short_step000,10446128125,44,0.669590950012207,0.5086570978164673,0.16093385219573975,0.7594146728515625,0.7123543294121951,0.9419420388020707,0.3018548786640167,0.411930006377551,0.011658960459183673,6538,5590,317,0,5.271430869023604,0.9987336784745242,0.6974261610932995,0.002208264544606209
flickr,short_step000,10451898725,45,0.9299761652946472,0.8390541076660156,0.09092205762863159,0.7855224609375,1.0,0.05638807123955639,0.6428739428520203,0.6703005420918368,0.6218909438775511,2704,0,0,48,5.274946467707794,0.9993997493940034,0.05729520702104198,0.0013841167092323303
flickr,short_step000,10468313544,46,0.703705370426178,0.6132940649986267,0.09041130542755127,0.6546173095703125,0.7429051217464315,0.5248422151568357,0.442282497882843,0.4199816645408163,0.19559151785714285,15712,4543,0,0,5.270772062056519,0.9986088598584806,0.4477460882942331,0.0024200244806706905
flickr,short_step000,10476442285,47,0.7874583005905151,0.6771503686904907,0.11030793190002441,0.73638916015625,0.8766412887564824,0.717219589257504,0.35027506947517395,0.44154575892857145,0.11507493622448979,5023,2520,81,720,5.272801101690249,0.9989932849353746,0.6648535564853556,0.0017984653823077679
flickr,short_step000,10476446674,48,0.7680346965789795,0.6145963668823242,0.15343832969665527,0.7429656982421875,0.8503988672859758,0.7026479484106603,0.29864341020584106,0.34923070790816324,0.06214126275510204,10259,2876,0,0,5.271478850356939,0.9987427690942687,0.6997130111101639,0.0019982103258371353
flickr,short_step000,10477544895,49,0.7474449276924133,0.7336162328720093,0.013828694820404053,0.5713348388671875,0.8167407504248921,0.6494697993554424,0.4134455919265747,0.38341039540816324,0.1158920599489796,4658,377,123,1573,5.2722837841404715,0.9988952731294217,0.5917917870506323,0.0022836399730294943
flickr,short_step000,10481128583,50,0.6580592393875122,0.6118916869163513,0.04616755247116089,0.5725555419921875,0.6461749928903213,0.7924319925598698,0.3431326150894165,0.34287308673469385,0.06698421556122448,8714,6476,0,0,5.273824606711252,0.9991871998248917,0.5573817408724805,0.001796820666640997
flickr,short_step000,10520382525,51,0.7903315424919128,0.651520311832428,0.13881123065948486,0.76947021484375,0.8691570506551927,0.6889617292700213,0.37687212228775024,0.4499362244897959,0.10034677933673469,4248,2325,0,11,5.269671594604332,0.998400363544316,0.6783105470879397,0.0023703996557742357
flickr,short_step000,10545790805,52,0.6326658129692078,0.49473583698272705,0.1379299759864807,0.7313995361328125,0.584651845917618,0.9438995473162319,0.28596144914627075,0.3698182397959184,0.004803093112244898,7008,12073,0,0,5.275041024449667,0.9994176642647438,0.5799860922547104,0.001608806662261486
flickr,short_step000,10548273474,53,0.8558025360107422,0.8082030415534973,0.04759949445724487,0.69573974609375,0.9682872843840635,0.46069068196673685,0.5111671686172485,0.548828125,0.24898357780612246,4186,105,276,1948,5.272669519201244,0.9989683551076803,0.49566321547177183,0.002137980656698346
flickr,short_step000,10549911663,54,0.7780769467353821,0.8806279301643372,-0.10255098342895508,0.355560302734375,0.8028873223576045,0.6249386438538672,0.5252185463905334,0.5684390943877551,0.20493861607142858,7290,986,155,37,5.273551557416987,0.999135467471221,0.5487247371742577,0.0018534837290644646
flickr,short_step000,10555704135,55,0.6556666493415833,0.5482706427574158,0.10739600658416748,0.651824951171875,0.6368635799183963,0.7251939237233355,0.2858123779296875,0.24665178571428573,0.05757732780612245,10271,3484,0,0,5.272227315845349,0.9988845745563955,0.5285163265907017,0.0021562338806688786
flickr,short_step000,10557361454,56,0.667959988117218,0.869219958782196,-0.20125997066497803,0.2001190185546875,0.641296518607443,0.23193817297672803,0.4184262454509735,0.34426817602040816,0.25185347576530615,6685,533,0,0,5.267768543595875,0.9980398084727947,0.21215811909237733,0.0024626124650239944
flickr,short_step000,10610974774,57,0.6433459520339966,0.5412067770957947,0.1021391749382019,0.669586181640625,0.6472722503934254,0.9853378288452154,0.18252575397491455,0.44923867984693877,0.004344706632653061,979,11413,0,0,5.2697792731084,0.9984207644849965,0.6431860303486621,0.0023313609417527914
flickr,short_step000,10624261424,58,0.7180123329162598,0.6316061615943909,0.0864061713218689,0.6378021240234375,0.7968372442678409,0.771083398285269,0.3433198034763336,0.3835499043367347,0.06345663265306123,5744,5619,0,39,5.270598626079559,0.998576000402376,0.6804925024074838,0.0023375595919787884
flickr,short_step000,10635080206,59,0.8217140436172485,0.690485954284668,0.13122808933258057,0.7696380615234375,0.9498279816513762,0.68067452666182,0.5060629844665527,0.6305205676020408,0.18411192602040816,4127,1637,0,0,5.2727906918782175,0.9989913126758266,0.6748511438420558,0.0021794713102281094
flickr,short_step000,10654057765,60,0.6707209348678589,0.7152881026268005,-0.04456716775894165,0.422119140625,0.6007746761052492,0.7290507320762872,0.36091092228889465,0.3688815369897959,0.0625797193877551,3556,8469,0,0,5.273546686287381,0.9991345445792568,0.5270887855943127,0.002031116746366024
flickr,short_step000,10659354545,61,0.6462358236312866,0.8516871333122253,-0.20545130968093872,0.2264251708984375,0.6041327361563518,0.7135128636691512,0.6390214562416077,0.5802176339285714,0.16402264030612246,845,6626,85,265,5.275371229483761,0.9994802254358082,0.48745717369878444,0.0014866511337459087
flickr,short_step000,10666396623,62,0.652668833732605,0.6029654741287231,0.049703359603881836,0.5935516357421875,0.7083855723792073,0.8068156854130053,0.2628431022167206,0.36288265306122447,0.03413982780612245,2181,2750,212,0,5.26721708804481,0.9979353288268097,0.6543361097501225,0.0026133765932172537
flickr,short_step000,10667001125,63,0.8508024215698242,0.7111805081367493,0.13962191343307495,0.9125823974609375,1.0,0.4549785976355483,0.429847776889801,0.3911033163265306,0.1906688456632653,9802,0,0,33,5.271339531388852,0.9987163735009401,0.4827390446324782,0.002259744331240654
flickr,short_step000,10701841844,64,0.742129921913147,0.808673620223999,-0.06654369831085205,0.4060516357421875,0.8875847488517897,0.5040990394170255,0.4441719651222229,0.48134566326530615,0.16810825892857142,4603,959,0,140,5.272131392758473,0.9988664008157572,0.5496117732033226,0.0020912443287670612
flickr,short_step000,10743985374,65,0.6760378479957581,0.6771140098571777,-0.0010761618614196777,0.507659912109375,0.6258903286707286,0.7613256784968685,0.3822299540042877,0.38185586734693877,0.08161272321428571,625,2105,718,1422,5.274725520886693,0.9993578884577854,0.5323528338381811,0.001707062590867281
flickr,short_step000,10751849775,66,0.7804116606712341,0.6284554600715637,0.1519562005996704,0.731842041015625,0.9332830458344086,0.7744103307418633,0.4986690878868103,0.6049904336734694,0.12183115433673469,9038,1910,0,8,5.274357851044257,0.9992882291445317,0.7510183218056643,0.002111088717356324
flickr,short_step000,10761625676,67,0.7757306098937988,0.5829656720161438,0.19276493787765503,0.8690338134765625,0.8754679311205391,0.4774521368296888,0.3062940835952759,0.4392936862244898,0.05117984693877551,5843,2501,59,0,5.265934249171204,0.9976922801330185,0.7213654122969361,0.002744735684245825
flickr,short_step000,10771238614,68,0.6962500214576721,0.5538661479949951,0.142383873462677,0.7183074951171875,0.7996150863183293,0.8482752315943443,0.2541921138763428,0.32700892857142855,0.025410554846938774,5161,3129,0,0,5.2682687388728295,0.9981345762656997,0.7450418863581618,0.002458836417645216
flickr,short_step000,10795023275,69,0.8142770528793335,0.8333460092544556,-0.01906895637512207,0.4309539794921875,0.9758828596037898,0.5223261327713382,0.39929571747779846,0.453922193877551,0.19696667729591838,58,0,4807,5331,5.270086614826962,0.9984789939359283,0.5389494189865676,0.0022097844630479813
flickr,short_step000,10796050285,70,0.7741560935974121,0.6547768115997314,0.11937928199768066,0.753082275390625,0.8710425450364124,0.7789641461575375,0.3496653139591217,0.5814333545918368,0.05921157525510204,5347,2153,195,59,5.267006706990907,0.9978954696976535,0.7819930491036097,0.0025842522736638784
flickr,short_step000,10805310706,71,0.7392839789390564,0.6627591848373413,0.07652479410171509,0.6461639404296875,0.8691114714564883,0.5475142752370475,0.4005807340145111,0.3804408482142857,0.14471061862244897,14625,2189,0,0,5.271062165282816,0.998663823277244,0.5419075519145516,0.0023421635851264
flickr,short_step000,10847897294,72,0.7160785794258118,0.6663812398910522,0.04969733953475952,0.6572265625,0.8429875333926982,0.7528829330364244,0.38018956780433655,0.5011957908163265,0.08276865433673469,3571,5924,0,81,5.276183707005082,0.9996341587195234,0.7114380190132642,0.0012354189530014992
flickr,short_step000,10859255295,73,0.6227072477340698,0.5880367159843445,0.03467053174972534,0.5919036865234375,0.6400324120558756,0.8997573176167599,0.2407398521900177,0.4024035395408163,0.03587372448979592,3436,8944,0,0,5.268285133874086,0.9981376824887196,0.6018651957130315,0.002203132025897503
flickr,short_step000,10862172945,74,0.6258336305618286,0.5660972595214844,0.05973637104034424,0.6051788330078125,0.6107688516510597,0.8627299850820487,0.2802676260471344,0.40078922193877553,0.008988360969387755,1073,5348,307,102,5.2691214666575235,0.9982961354283455,0.6012232733825414,0.0025928823743015528
flickr,short_step000,10939270325,75,0.6732090711593628,0.5978025197982788,0.07540655136108398,0.6369171142578125,0.6621987544002166,0.5812240047534165,0.45338788628578186,0.5031289859693877,0.19971699617346939,7538,4589,0,0,5.270304259675028,0.9985202292750821,0.4559806084713633,0.0024291593581438065
flickr,short_step000,10952523225,76,0.7450047731399536,0.5868790149688721,0.15812575817108154,0.7889862060546875,0.8342140170048057,0.8733154252413039,0.31004250049591064,0.4377391581632653,0.04221141581632653,4862,4517,0,0,5.2709321997155,0.9986391997941053,0.7638532146626048,0.002172196749597788
flickr,short_step000,10979853044,77,0.8225365877151489,0.6080449819564819,0.214491605758667,0.91009521484375,0.9699701375903548,0.8002901353965184,0.30802926421165466,0.43275669642857145,0.06415417729591837,5383,993,0,0,5.2698504094096545,0.9984342420817991,0.8222337883555324,0.0021713762544095516
flickr,short_step000,10980225216,78,0.7550828456878662,0.5576420426368713,0.19744080305099487,0.842987060546875,0.8635542257902065,0.762915467155195,0.2934214174747467,0.38075972576530615,0.06297831632653061,10717,2871,0,0,5.269604331339691,0.9983876197391918,0.7273748035032562,0.00230618380010128
flickr,short_step000,11002352834,79,0.6899147033691406,,,,0.7244643144836475,0.9251620203682749,0.30117422342300415,0.38747608418367346,0.011698820153061224,409,3001,811,416,5.2730065268199695,0.9990322051072509,0.7077316545347236,0.001963299233466387
flickr,short_step000,11036641226,80,0.8331243991851807,0.6205442547798157,0.212580144405365,0.8665008544921875,0.9754273504273504,0.4816247582205029,0.3708466589450836,0.340023118622449,0.15082908163265307,9985,414,0,177,5.2697161675576645,0.9984088084069631,0.5138194097048524,0.002465889323502779
flickr,short_step000,11050409385,81,0.7284183502197266,0.4623904824256897,0.26602786779403687,0.8475189208984375,0.7778538102643857,0.8370598473691258,0.2636883556842804,0.29771205357142855,0.02489237882653061,11458,3419,1,223,5.272536326415712,0.9989431201906444,0.7217732625259755,0.0019228095188736916
flickr,short_step000,11071986404,82,0.8441923260688782,0.7794821262359619,0.06471019983291626,0.6550750732421875,0.9834228187919463,0.3168764326802474,0.48221060633659363,0.46079799107142855,0.30000398596938777,7686,157,91,2122,5.272579592416697,0.9989513174360205,0.32557881171399367,0.002016850747168064
flickr,short_step000,11101358996,83,0.7542231678962708,0.6450868844985962,0.10913628339767456,0.7238922119140625,0.8176046908906228,0.879619511225909,0.28614911437034607,0.40122767857142855,0.03754783163265306,3524,2516,0,0,5.266246476598149,0.9977514352380329,0.7521768678588115,0.0026715253479778767
flickr,short_step000,11154049584,84,0.7841074466705322,0.5910258889198303,0.1930815577507019,0.831146240234375,0.903845644866739,0.7806784930504755,0.32377347350120544,0.43590561224489793,0.058912627551020405,1735,2175,130,151,5.268508154150137,0.9981799362650109,0.7815539535415952,0.0024407703895121813
flickr,short_step000,11314266424,85,0.7668273448944092,0.5546016693115234,0.21222567558288574,0.8730621337890625,0.8923622300999033,0.9538043478260869,0.25029298663139343,0.5207270408163265,0.017279177295918366,2021,2946,63,0,5.270022991662101,0.9984669397898992,0.8654928110022921,0.00214109243825078
flickr,short_step000,11650557765,86,0.7070382833480835,0.6040524244308472,0.10298585891723633,0.7197418212890625,0.7230018170275181,0.754604030525979,0.3837120532989502,0.43612484056122447,0.06092554209183673,6824,4983,0,238,5.272764285517063,0.9989863096846339,0.6376537369914853,0.001964045222848654
flickr,short_step000,11764496003,87,0.7277042865753174,0.6493897438049316,0.07831454277038574,0.6553497314453125,0.7310129611548255,0.7665421986669879,0.3895164728164673,0.49637276785714285,0.11063058035714286,3910,6325,0,0,5.26982820675936,0.9984300355323534,0.6028736085892477,0.0022809363435953856
flickr,short_step000,11765015695,88,0.6467036604881287,0.44168853759765625,0.2050151228904724,0.7397003173828125,0.6495122347043656,0.9377277933978965,0.22908972203731537,0.38277264030612246,0.00350765306122449,6747,7854,0,0,5.272666803136113,0.9989678405176599,0.6454156139690731,0.0017841644585132599
flickr,short_step000,11776645404,89,0.6107296943664551,0.811120331287384,-0.20039063692092896,0.2703094482421875,0.6040823099900432,0.6833746339265601,0.501488447189331,0.5308115433673469,0.14343510841836735,1542,3847,4,0,5.274161402939983,0.9992510097741776,0.4876095051839151,0.0016575837507843971
flickr,short_step000,12015590114,90,0.690809965133667,0.5713397264480591,0.11947023868560791,0.6973876953125,0.7200135649814786,0.8294068153134203,0.31159067153930664,0.3316127232142857,0.03714923469387755,2894,3369,5,734,5.271604606658314,0.998766595083186,0.6561979934382578,0.0021995417773723602
flickr,short_step000,12031178616,91,0.676139235496521,0.6364160180091858,0.039723217487335205,0.563995361328125,0.695920570838419,0.6816488872540004,0.3746475279331207,0.4334343112244898,0.11981823979591837,2532,9156,0,0,5.2700661033886735,0.9984751078061997,0.5427436479461082,0.002276413142681122
flickr,short_step000,12048726756,92,0.825387179851532,0.6550977230072021,0.17028945684432983,0.859954833984375,0.9885364039699434,0.7124953789279113,0.39690539240837097,0.5391023596938775,0.11571269132653061,6840,416,0,718,5.273895892425969,0.9992007057298065,0.7617033889931825,0.0017122486606240273
flickr,short_step000,12066557153,93,0.9072285890579224,0.7927477359771729,0.11448085308074951,0.9352874755859375,1.0,0.5015346028183888,0.5226523876190186,0.6038942920918368,0.27867904974489793,3048,0,0,920,5.271407435819245,0.9987292387823478,0.5208019191226868,0.002266380935907364
flickr,short_step000,12103535156,94,0.741716206073761,0.5757780075073242,0.16593819856643677,0.7737274169921875,0.7909321496512365,0.6805434308162375,0.3373466432094574,0.36527423469387754,0.09492586096938775,8526,1080,0,0,5.268184167990072,0.9981185533317133,0.6074611600837676,0.0025374104734510183
flickr,short_step000,12158276143,95,0.7392983436584473,0.6776573657989502,0.06164097785949707,0.6000213623046875,0.8359799683259855,0.5225825440145556,0.38687214255332947,0.37242904974489793,0.15409757653061223,7434,1642,0,0,5.2688877229825355,0.9982518499798323,0.5030262446235867,0.0024650085251778364
flickr,short_step000,12328837165,96,0.7410311698913574,0.5984022617340088,0.14262890815734863,0.764251708984375,0.8097310613836994,0.6658450941994732,0.5142504572868347,0.5902822066326531,0.18724091198979592,3344,4119,0,6243,5.2768183077790205,0.9997543911917053,0.5843259259259259,0.0011559538543224335
flickr,short_step000,12373955905,97,0.6056227087974548,0.5655150413513184,0.040107667446136475,0.5656585693359375,0.5460846571445742,0.8961209730440499,0.2734963595867157,0.30313297193877553,0.03148915816326531,3764,9278,0,6,5.270764195124309,0.998607369376989,0.5135741065204695,0.0024038339033722878
flickr,short_step000,12444360833,98,0.6309061050415039,0.5126063227653503,0.11829978227615356,0.6826629638671875,0.5700368770829636,0.9333548595414918,0.29747337102890015,0.30861367984693877,0.017518335459183673,1896,3936,556,452,5.268644834967528,0.9982058320301118,0.550936779308899,0.0028544925153255463
flickr,short_step000,12512072175,99,0.7093338966369629,0.48620036244392395,0.22313353419303894,0.80950927734375,0.7519012852688417,0.8833370560643288,0.317579984664917,0.4461296237244898,0.035813934948979595,8779,7386,0,0,5.271527822865382,0.998752047503626,0.703808506851753,0.002196462359279394
flickr,short_step000,12534178685,100,0.6690545082092285,0.4411194324493408,0.2279350757598877,0.79736328125,0.696446482304055,0.9979263335112717,0.24989478290081024,0.4853515625,0.0,4803,9538,0,0,5.2723650005919565,0.9989106605275228,0.696446482304055,0.0019328235648572445
flickr,short_step000,12598610153,101,0.7118557691574097,0.5963985919952393,0.11545717716217041,0.6958160400390625,0.6924967027407902,0.8817345295606165,0.26579347252845764,0.4331752232142857,0.036810427295918366,1940,3422,570,129,5.266130980063165,0.9977295530807778,0.6491709432108802,0.0026523838751018047
flickr,short_step000,12599965145,102,0.7207797765731812,0.47795701026916504,0.2428227663040161,0.8383331298828125,0.7360240334378265,0.96502119279017,0.2053280472755432,0.4655014349489796,0.00510204081632653,2083,8107,0,0,5.269041631208861,0.998281009677236,0.7299222797927462,0.002267334843054414
flickr,short_step000,12729873904,103,0.6829370260238647,0.4042721390724182,0.27866488695144653,0.959381103515625,0.688132581318087,0.9674143268343018,0.2708882987499237,0.36696827168367346,0.0,9507,10820,0,0,5.274372771196635,0.999291055940337,0.688132581318087,0.0017455252818763256
flickr,short_step000,13153991894,104,0.8035171031951904,0.7691524028778076,0.03436470031738281,0.601959228515625,1.0,0.4368836291913215,0.4640692174434662,0.46480389030612246,0.21041932397959184,9207,0,72,242,5.275556422214157,0.9995153123451219,0.4911071480214007,0.0015177135355770588
flickr,short_step000,13234495505,105,0.4981314539909363,0.6737387180328369,-0.17560726404190063,0.3459930419921875,0.383891577928364,0.5634555271383916,0.4297253489494324,0.3506656568877551,0.1229671556122449,4013,8612,0,0,5.271787765416896,0.9988012966329641,0.3098609157680888,0.0022527980618178844
flickr,short_step000,13409856383,106,0.7015930414199829,0.5252959728240967,0.17629706859588623,0.7870025634765625,0.8017999628873631,0.9546840477242599,0.25084105134010315,0.4510124362244898,0.008908641581632654,1906,6527,0,0,5.270062276213985,0.9984743827035949,0.788715683411215,0.002251584082841873
flickr,short_step000,13447842855,107,0.8041822910308838,0.5460806488990784,0.2581016421318054,0.9644775390625,0.9429443670529654,0.7730100106910293,0.36676087975502014,0.41011639030612246,0.04918686224489796,5017,1257,560,1301,5.272507330397534,0.9989376265589123,0.8225985778926955,0.002116223331540823
flickr,short_step000,13579448834,108,0.6194390654563904,0.5502614974975586,0.06917756795883179,0.6299285888671875,0.5814659734045,0.8948449228154652,0.3279634118080139,0.28144929846938777,0.021922831632653062,9526,9070,0,0,5.273867294477915,0.9991952875170732,0.5534533350851837,0.0019586156122386456
flickr,short_step000,13660204414,109,0.5948113203048706,0.6743078231811523,-0.07949650287628174,0.4233551025390625,0.5278951817413355,0.8479293957909029,0.31073909997940063,0.29356664540816324,0.04009885204081633,1792,5996,142,352,5.274039092168889,0.9992278365809085,0.48652228108445,0.001799008809030056
flickr,short_step000,13721325644,110,0.7238333225250244,0.7783621549606323,-0.05452883243560791,0.4200592041015625,0.7915203888738861,0.7511789229086933,0.4228071868419647,0.5832270408163265,0.11822385204081633,2965,3917,7,0,5.2736043485180755,0.9991454693572157,0.6522126125591539,0.001866909209638834
flickr,short_step000,13861270725,111,0.6742834448814392,0.7221081256866455,-0.0478246808052063,0.455841064453125,0.7274273564847625,0.6037883838581906,0.46785107254981995,0.5081911670918368,0.1396484375,2715,7662,0,658,5.2747386331086386,0.9993603727202147,0.5465000709924748,0.0018100757151842117
flickr,short_step000,14062380939,112,0.6992930173873901,0.6438844799995422,0.0554085373878479,0.5840606689453125,0.6474867969125088,0.5624278198383165,0.36834093928337097,0.3106265943877551,0.10829878826530612,5425,4135,0,1178,5.2732934019558675,0.999086556926872,0.46203715904598763,0.0019462332129478455
flickr,short_step000,14172932360,113,0.6970909833908081,0.6443785429000854,0.052712440490722656,0.6490631103515625,0.655704263893726,0.8030099926882769,0.2318754941225052,0.3270886479591837,0.0538703762755102,4385,4698,0,0,5.2619911643611115,0.9969452170120616,0.5779756161740198,0.0028711522463709116
flickr,short_step000,14174434304,114,0.7770447731018066,0.6042028665542603,0.1728419065475464,0.8374176025390625,0.8140777566087164,0.9314202997275204,0.32665690779685974,0.5851403061224489,0.02564971301020408,4043,4582,0,0,5.273264659619334,0.9990811113580679,0.7840391066257634,0.0019080336205661297
flickr,short_step000,14203929291,115,0.7511696815490723,0.6836041212081909,0.06756556034088135,0.631591796875,0.8211042606417555,0.6734466380173835,0.46480998396873474,0.6168088329081632,0.17225366709183673,4139,5466,0,279,5.272737415589432,0.9989812188653991,0.6125372871144549,0.00202207756228745
flickr,short_step000,14414061986,116,0.7876597046852112,0.545450747013092,0.24220895767211914,0.878204345703125,0.8856928464232116,0.8236416077409751,0.2588154375553131,0.4284119897959184,0.032126913265306124,4755,1695,753,0,5.268951235219047,0.9982638831091999,0.819600037033608,0.002226217184215784
flickr,short_step000,14566072101,117,0.6176177263259888,0.5543712377548218,0.06324648857116699,0.636474609375,0.6146262557466372,0.9238112299738956,0.3262452781200409,0.38936941964285715,0.021185427295918366,3404,6080,218,240,5.274301984286368,0.9992776445397068,0.5931543315367425,0.0018531992100179195
flickr,short_step000,14648401332,118,0.7477709054946899,0.45941704511642456,0.2883538603782654,0.9353485107421875,0.837243947858473,0.9525827365566337,0.32060104608535767,0.47032445790816324,0.014229910714285714,3670,4521,1506,390,5.270880796721932,0.9986294609011697,0.8155565230010158,0.002261537127196789
flickr,short_step000,14652810592,119,0.6876620054244995,0.49859943985939026,0.18906256556510925,0.835693359375,0.7201630980907475,0.9071369456209533,0.1975587010383606,0.40937898596938777,0.006118463010204082,4418,8726,0,0,5.269805822008301,0.9984257944818071,0.7117184217562355,0.002242099028080702
flickr,short_step000,14678892718,120,0.7245316505432129,0.6136483550071716,0.11088329553604126,0.710235595703125,0.8391228831958315,0.6128305955476628,0.32978981733322144,0.31423389668367346,0.08795041454081633,10599,2260,0,40,5.271681202158232,0.9987811069884521,0.6066361125062782,0.0021816054359078407
flickr,short_step000,14680986811,121,0.6543435454368591,0.6354762315750122,0.018867313861846924,0.6033935546875,0.7028893267537359,0.7646924915582198,0.4234057068824768,0.5252909757653061,0.10835857780612244,2011,7748,0,112,5.273438896277812,0.9991141225125665,0.5908564560338888,0.0019920249469578266
flickr,short_step000,14742398172,122,0.7103433012962341,0.4587354063987732,0.25160789489746094,0.7996978759765625,0.8326385643518086,0.9115131175050137,0.21723401546478271,0.48694595025510207,0.02796157525510204,6349,6840,0,0,5.269037796407448,0.9982802831296599,0.7911404770785598,0.0023007108829915524
flickr,short_step000,14778198185,123,0.6790814995765686,0.44258633255958557,0.23649516701698303,0.82208251953125,0.7002616508688784,0.937198546415593,0.20475125312805176,0.3016382334183674,0.002690529336734694,7855,3937,0,0,5.263725904043088,0.9972738835519109,0.6956255210632142,0.0029195279348641634
flickr,short_step000,14899015793,124,0.7880178093910217,0.4796637296676636,0.30835407972335815,0.965057373046875,0.880675240151444,0.9878040220405012,0.2853725552558899,0.5678611288265306,0.004763233418367347,8003,3998,0,0,5.273751362611673,0.9991733228812654,0.8741381452264115,0.001650787889957428
flickr,short_step000,15135657108,125,0.6675993800163269,0.43969929218292236,0.22790008783340454,0.87328125,0.685426477087429,0.9853869073700815,0.2642973065376282,0.4548389668367347,0.0,278,9119,313,0,5.2728725745413385,0.9990068262954442,0.685426477087429,0.0021271859295666218
flickr,short_step000,15210828119,126,0.6516915559768677,0.5749670267105103,0.07672452926635742,0.630859375,0.6999499840858455,0.768470447284345,0.3302499055862427,0.399234693877551,0.08027742346938775,7522,4950,0,0,5.271408563012184,0.9987294523421151,0.5915990930402367,0.0022480562329292297
flickr,short_step000,15679023977,127,0.8628884553909302,0.707039475440979,0.15584897994995117,0.8760986328125,0.9914029956571834,0.5232726762408195,0.3889906108379364,0.4260403380102041,0.1846500318877551,5468,184,0,268,5.267169284005199,0.9979262717974161,0.5443838816429822,0.0025711420457810163
flickr,short_step000,15799251138,128,0.5836499929428101,0.6338489651679993,-0.05019897222518921,0.521514892578125,0.5984592258549417,0.8236713934744192,0.4076243042945862,0.4623923788265306,0.054607780612244895,5821,10312,0,0,5.273411937558215,0.9991090148706646,0.5511652053530226,0.002003018744289875
flickr,short_step000,15994498891,129,0.6815448999404907,0.5348941087722778,0.1466507911682129,0.74151611328125,0.6687744030959538,0.8469718186591983,0.3385537564754486,0.45543686224489793,0.050661670918367346,2646,5450,1351,384,5.274868394044086,0.9993849574334741,0.6147762284407458,0.0016299202106893063
flickr,short_step000,16012165838,130,0.7381827235221863,0.5375689268112183,0.20061379671096802,0.8936614990234375,0.8503593046485971,0.9603158568205543,0.3633953928947449,0.5918566645408163,0.01327327806122449,6448,5368,0,0,5.272245797747839,0.9988880761670431,0.8338011285559747,0.002398601733148098
flickr,short_step000,16101081359,131,0.7099003791809082,0.5129111409187317,0.1969892382621765,0.8216705322265625,0.767339756433263,0.9379232505643341,0.23711636662483215,0.4679328762755102,0.007732780612244898,2609,6585,0,0,5.268880243347735,0.9982504328763241,0.7571038110463617,0.002330187940970063
flickr,short_step000,16369370669,132,0.7865239381790161,0.7263317704200745,0.06019216775894165,0.6980056762695312,0.8905304819087454,0.6680781429246238,0.3929951786994934,0.5906808035714286,0.13163663903061223,2821,2187,0,275,5.272203808622045,0.998880120840472,0.6865757034622653,0.0018771281465888023
flickr,short_step000,16419739420,133,0.6529413461685181,0.8659515976905823,-0.2130102515220642,0.2102508544921875,0.6868656019258753,0.6236217133163698,0.5923184752464294,0.6109295280612245,0.18879544005102042,32,4847,3,4128,5.274552314390223,0.9993250724794196,0.5124448793041054,0.0018318817019462585
flickr,short_step000,16563757295,134,0.7190805673599243,0.8768139481544495,-0.15773338079452515,0.2837982177734375,0.7015999662276258,0.6006758710423594,0.5004512071609497,0.5514190051020408,0.17799346301020408,252,6688,0,1078,5.270701631154029,0.9985955159076502,0.5095036635089978,0.0022781542502343655
flickr,short_step000,16659090834,135,0.7536829710006714,0.6831060647964478,0.07057690620422363,0.670135498046875,0.8050290417144625,0.7666816952209198,0.45801645517349243,0.5746572066326531,0.11836336096938775,1741,5281,0,789,5.2733786754019425,0.9991027129696223,0.6618811658857169,0.0019903751090168953
flickr,short_step000,16804898716,136,0.6847550868988037,0.6701333522796631,0.014621734619140625,0.5353240966796875,0.660336627652039,0.8495486894636348,0.33955711126327515,0.45926339285714285,0.05658083545918367,3050,8513,0,0,5.273232904324322,0.9990750949493571,0.6026288247244967,0.0019073965959250927
flickr,short_step000,16950760048,137,0.717249870300293,0.6825319528579712,0.03471791744232178,0.594879150390625,0.7079805203351907,0.7042112153611172,0.3953183889389038,0.45669244260204084,0.12274792729591837,5003,4669,0,0,5.269023999884943,0.9982776692185578,0.557370820668693,0.0025451139081269503
flickr,short_step000,17140316339,138,0.782253623008728,0.5616433620452881,0.22061026096343994,0.9466705322265625,0.9642832147439636,0.8267792135056207,0.295474648475647,0.49818638392857145,0.04253029336734694,9767,1302,0,0,5.269293135467066,0.9983286600740999,0.8769651836293043,0.002276703016832471
flickr,short_step000,17537079145,139,0.8149499893188477,0.7180530428886414,0.0968969464302063,0.779541015625,0.9570089505955317,0.767218486920165,0.46516287326812744,0.7054767219387755,0.10491071428571429,1108,994,0,1205,5.273364249062846,0.9990999797324669,0.8072647286130432,0.002128953579813242
flickr,short_step000,19306860381,140,0.643956184387207,0.5024966597557068,0.14145952463150024,0.708984375,0.6390374331550802,0.9642744443943561,0.26804062724113464,0.44210379464285715,0.009008290816326531,2023,5541,24,0,5.271020147213777,0.9986558624670397,0.6305232129697863,0.00227872421965003
flickr,short_step000,20854461578,141,0.7929532527923584,0.546445369720459,0.24650788307189941,0.8882904052734375,0.9036319118547236,0.8310876745233449,0.272288978099823,0.5310108418367347,0.022341358418367346,3304,3444,0,96,5.270965498682999,0.9986455086694612,0.8641028642784672,0.0020258454605937004
flickr,short_step000,2401957951,142,0.8003602623939514,0.7619060277938843,0.03845423460006714,0.6365203857421875,1.0,0.28941306551184004,0.5881895422935486,0.6488958864795918,0.43520806760204084,10495,0,0,1076,5.275083649839246,0.9994257401388638,0.3014395393474088,0.0017935349605977535
flickr,short_step000,2404965389,143,0.5525071620941162,0.7479850649833679,-0.1954779028892517,0.28365325927734375,0.38769952843764527,0.909147544387914,0.6438171863555908,0.38388871173469385,0.006018813775510204,90,19634,0,0,5.275516890603196,0.9995078226232207,0.3851245849002661,0.0015423488803207874
flickr,short_step000,2432219254,144,0.5905854105949402,0.6515514850616455,-0.06096607446670532,0.43451690673828125,0.5330409798880992,0.6214426031330278,0.4180794656276703,0.3956672512755102,0.13422751913265307,6712,7438,0,0,5.272948455835108,0.9990212028860771,0.4128946972105554,0.0019836793653666973
flickr,short_step000,2462141223,145,0.6250942349433899,0.5836755633354187,0.04141867160797119,0.5977630615234375,0.6448443083205717,0.8491009914300117,0.2878898084163666,0.35580755739795916,0.03569435586734694,2087,3254,39,205,5.2708319983038106,0.9986202154752417,0.5991936440175502,0.002093141432851553
flickr,short_step000,2465634368,146,0.6669237613677979,0.6911879777908325,-0.024264216423034668,0.486419677734375,0.6699329388560158,0.8442098146822556,0.4150230884552002,0.5011559311224489,0.027682557397959183,1176,11542,0,135,5.273326686918929,0.9990928631489249,0.6418000695357732,0.0021508068311959505
flickr,short_step000,2499673064,147,0.7036409378051758,0.6195027828216553,0.08413815498352051,0.6245574951171875,0.8042680989921742,0.5446669534947393,0.4292981028556824,0.5095463966836735,0.19046954719387754,8984,4438,0,0,5.273644052930299,0.9991529918183192,0.518225629384292,0.0019501508213579655
flickr,short_step000,2509250774,148,0.7800619602203369,0.6156771183013916,0.1643848419189453,0.7857666015625,0.8779190936781917,0.679987582781457,0.3787899613380432,0.4815051020408163,0.11810427295918367,5747,2760,0,1180,5.266713664482522,0.9978399493978296,0.6667681318235318,0.0027501005679368973
flickr,short_step000,2542659118,149,0.6672952175140381,0.8105674982070923,-0.1432722806930542,0.2665252685546875,0.7340494370389543,0.33493425714510666,0.5428662300109863,0.5062579719387755,0.31873804209183676,4443,718,238,1918,5.274061643039504,0.9992321091047303,0.30844526619174506,0.001897697802633047
flickr,short_step000,2630218696,150,0.7277684211730957,0.6093173027038574,0.11845111846923828,0.7241363525390625,0.7092920161044171,0.9302325581395349,0.26123982667922974,0.5227598852040817,0.03216677295918367,904,4070,300,0,5.27381710576498,0.9991857786836781,0.6775048938621944,0.0016998453065752983
flickr,short_step000,2695985181,151,0.62730473279953,0.5232065916061401,0.10409814119338989,0.6964569091796875,0.5946859802550563,0.9077354402956543,0.3092363178730011,0.31277901785714285,0.014429209183673469,11257,9216,0,0,5.27248224223133,0.9989328733150318,0.5772402196154703,0.002294527366757393
flickr,short_step000,2698329253,152,0.6492347717285156,0.47378993034362793,0.1754448413848877,0.7459259033203125,0.6273233588188769,0.8993857784077487,0.3254135251045227,0.4218152104591837,0.030153858418367346,7322,11218,0,0,5.274355150341233,0.9992877174650404,0.5975295853344634,0.001853038091212511
flickr,short_step000,2766580444,153,0.8565249443054199,0.7528144717216492,0.10371047258377075,0.81787109375,1.0,0.3816550737827472,0.39891186356544495,0.3065808354591837,0.18018574617346939,11530,0,0,136,5.273091758487855,0.9990483532346388,0.3937097639484979,0.002023573499172926
flickr,short_step000,2778088729,154,0.7177812457084656,0.6293836832046509,0.0883975625038147,0.6851959228515625,0.8182449494949495,0.6796182685753238,0.3962439000606537,0.38008211096938777,0.1116470025510204,5185,2623,0,1380,5.271462777609624,0.9987397239259933,0.6044678668034699,0.00230948394164443
flickr,short_step000,2808068937,155,0.6353458166122437,0.5430576801300049,0.09228813648223877,0.633544921875,0.6202700632481999,0.7954979229819243,0.31245145201683044,0.3550302933673469,0.06267936862244898,11121,6713,0,0,5.274892059139238,0.9993894410600491,0.5452167054614009,0.0014446331188082695
flickr,short_step000,2811549163,156,0.631569504737854,0.5350049734115601,0.09656453132629395,0.6566162109375,0.6231333333333333,0.857680308313452,0.4863896369934082,0.434390943877551,0.0545280612244898,9218,10165,0,0,5.2765280293881665,0.9996993945859862,0.5710532746823069,0.001403680071234703
flickr,short_step000,2819123278,157,0.7442855834960938,0.47654837369918823,0.2677372097969055,0.9558563232421875,0.8592761512431956,0.9779396374900582,0.25283193588256836,0.47610411352040816,0.0023716517857142855,4375,4882,0,0,5.26763269171938,0.9980140697601547,0.8555315486871499,0.0026454187463968992
flickr,short_step000,2858344348,158,0.6029989123344421,,,,0.568172268907563,0.899152213664321,0.1792413741350174,0.3596739477040816,0.0,0,12067,0,0,5.274054679281882,0.9992307897401329,0.568172268907563,0.001723388209939003
flickr,short_step000,2895192729,159,0.7712550163269043,0.5989382266998291,0.1723167896270752,0.82049560546875,0.8260584236386889,0.8963445807770961,0.261869877576828,0.5457589285714286,0.03188775510204082,2696,5555,0,0,5.270146513207088,0.9984903423783161,0.7838506738200166,0.0021178286988288164
flickr,short_step000,2897081671,160,0.6486095190048218,0.44755297899246216,0.20105654001235962,0.7865753173828125,0.6358244567533021,0.9864879158072876,0.209071546792984,0.37685347576530615,0.0,2141,9533,0,0,5.272812464519394,0.9989954377550608,0.6358244567533021,0.0018857656978070736
flickr,short_step000,2897653916,161,0.8202308416366577,0.6200416088104248,0.2001892328262329,0.8458404541015625,0.9658271385776102,0.5417600199153597,0.3487238883972168,0.3202327806122449,0.12771045918367346,13048,540,0,33,5.2662437492002745,0.9977509185008927,0.564489981194475,0.002760649425908923
flickr,short_step000,2907554899,162,0.6838479042053223,0.7162274122238159,-0.03237950801849365,0.4914398193359375,0.7405543639663422,0.7430061248137726,0.4928853511810303,0.6019810267857143,0.1325733418367347,5518,7771,0,0,5.273247979777691,0.9990779511687351,0.6072597884027383,0.0019491638522595167
flickr,short_step000,2935372113,163,0.852486252784729,0.6815447211265564,0.1709415316581726,0.8778533935546875,0.9777799184407411,0.6625832281648462,0.41652047634124756,0.45796795280612246,0.14040577168367346,7576,411,0,0,5.269364674417497,0.9983422139574559,0.6732031923595605,0.0025201092939823866
flickr,short_step000,2961466546,164,0.6458771824836731,0.782917857170105,-0.13704067468643188,0.2948455810546875,0.577665018399264,0.5993944456045104,0.7619768381118774,0.6681082589285714,0.22490832270408162,1509,3503,1302,0,5.276318215786552,0.9996596429672434,0.4361609759274132,0.0015219883061945438
flickr,short_step000,3012435981,165,0.6695166826248169,0.8610303997993469,-0.19151371717453003,0.2005157470703125,0.6739365338390633,0.5291764787366672,0.5679747462272644,0.5754942602040817,0.25390625,2044,2100,1585,939,5.273762469775205,0.9991754272621379,0.43148799186750814,0.001802734099328518
flickr,short_step000,3052033339,166,0.8635467290878296,0.91438227891922,-0.05083554983139038,0.32135009765625,1.0,0.3999684898773731,0.6313515305519104,0.7589883609693877,0.38398836096938777,4121,0,0,0,5.2739185434032505,0.9992049972199963,0.4415200440592481,0.001841400982812047
flickr,short_step000,3102685146,167,0.7324317097663879,0.5178596377372742,0.21457207202911377,0.8294525146484375,0.8351118121926324,0.6707741230249429,0.32408827543258667,0.4011080994897959,0.04595822704081633,11849,2610,0,0,5.272414873226648,0.998920109476231,0.7308556424762472,0.0020188912749290466
flickr,short_step000,3109408703,168,0.6445006132125854,0.461875319480896,0.18262529373168945,0.7867279052734375,0.6975431152477416,0.9575367560712105,0.27526095509529114,0.42428651147959184,0.004743303571428571,3184,5970,0,0,5.273044226684833,0.9990393477836227,0.6919082207589438,0.001887824386358261
flickr,short_step000,3202731977,169,0.6842538118362427,0.418865442276001,0.2653883695602417,0.89080810546875,0.7049619106444307,0.9306244479173744,0.21315088868141174,0.29330755739795916,0.005361128826530612,3911,5165,0,0,5.268853357795173,0.9982453390967649,0.6953343148702849,0.002461251337081194
flickr,short_step000,3207674548,170,0.8208072185516357,0.6189579963684082,0.20184922218322754,0.8928375244140625,0.9581838255589291,0.6653442195645507,0.4187096953392029,0.5199298469387755,0.14215959821428573,5541,484,959,3187,5.273280702505506,0.9990841508688036,0.6874801964512041,0.001889641396701336
flickr,short_step000,3230152596,171,0.832294225692749,0.7281387448310852,0.10415548086166382,0.82708740234375,0.9745354537163703,0.8622563481856923,0.47807082533836365,0.7903579400510204,0.09600207270408163,2519,758,4975,0,5.275751079490998,0.9995521924224618,0.8568976318757048,0.0016341162845492363
flickr,short_step000,3403348616,172,0.7435428500175476,0.5587679743766785,0.18477487564086914,0.7884063720703125,0.7548409664442945,0.8455832960143305,0.30076009035110474,0.3560267857142857,0.04314811862244898,4135,4620,350,57,5.271502375490962,0.9987472262035856,0.6811489639934164,0.0020943786948919296
flickr,short_step000,3413119417,173,0.718650221824646,0.5157678723335266,0.20288234949111938,0.8670501708984375,0.7978281833046832,0.9746465888137676,0.29890382289886475,0.3891103316326531,0.007971938775510204,10033,4707,0,0,5.272932597359887,0.9990181983141334,0.7846686734567647,0.002042300533503294
flickr,short_step000,3416359816,174,0.8757001161575317,0.6909235715866089,0.18477654457092285,0.8562774658203125,0.9937586250156818,0.5723033017845531,0.4793473184108734,0.5516980229591837,0.22000558035714285,11903,117,0,0,5.270606560271361,0.9985775036269768,0.5871724546903376,0.0023183708544820547
flickr,short_step000,3484198977,175,0.7442251443862915,0.7572504878044128,-0.013025343418121338,0.493896484375,0.7780851855296197,0.7141912078531797,0.44042283296585083,0.4669563137755102,0.12629544005102042,6666,4676,0,31,5.272205322031457,0.9988804075734268,0.600994864059189,0.002108029555529356
flickr,short_step000,3535748358,176,0.7735378742218018,0.5797863602638245,0.1937515139579773,0.801849365234375,0.8652126127491852,0.8631843617664852,0.32685595750808716,0.5271045918367347,0.044244260204081634,5615,2014,2243,187,5.270125334040351,0.9984863297396933,0.7980668391246591,0.0022569920402020216
flickr,short_step000,3568893693,177,0.7779752016067505,0.7358179092407227,0.04215729236602783,0.58892822265625,0.9132572153504599,0.795551871805498,0.4534718692302704,0.5770886479591837,0.10389429209183673,1335,579,1388,1106,5.273292644199323,0.9990864133611116,0.7568420015113184,0.0020121450070291758
flickr,short_step000,3668283413,178,0.7012877464294434,0.672485888004303,0.02880185842514038,0.631988525390625,0.7511986562834021,0.8248826291079813,0.5023175477981567,0.5943080357142857,0.0966796875,1543,3417,669,1703,5.274592904802889,0.9993327628035763,0.6542717310352165,0.0020139655098319054
flickr,short_step000,3709678770,179,0.6514454483985901,0.5354710817337036,0.11597436666488647,0.691009521484375,0.6422101449275363,0.9615980779663644,0.33555740118026733,0.5143096301020408,0.01975047831632653,2400,7806,0,0,5.273783599243475,0.9991794304848101,0.6261512452373142,0.0018173614516854286
flickr,short_step000,3719297546,180,0.6338622570037842,0.597604513168335,0.03625774383544922,0.610107421875,0.6721130270509265,0.8906258322237017,0.32458120584487915,0.3741828762755102,0.03067203443877551,4586,3767,0,14,5.2716292738214445,0.9987712685631543,0.6329585888409418,0.0021046590991318226
flickr,short_step000,3727937033,181,0.7599848508834839,0.49790751934051514,0.26207733154296875,0.8514862060546875,0.8492888402625821,0.8355758880516685,0.3122605085372925,0.40732621173469385,0.05444834183673469,6746,2642,773,165,5.2705084379284255,0.9985589132117868,0.7477014010507881,0.002146878745406866
flickr,short_step000,3749326537,182,0.7967936396598816,0.8314937353134155,-0.034700095653533936,0.4106597900390625,0.974176707763302,0.6064329861010359,0.4964776933193207,0.6868423150510204,0.25312898596938777,5814,629,0,0,5.270921128517724,0.9986371022273621,0.611910582792897,0.0021793616469949484
flickr,short_step000,3790233127,183,0.7726008892059326,0.6436284780502319,0.12897241115570068,0.7600250244140625,0.8894080651947649,0.8229448405868371,0.3056308329105377,0.486328125,0.06363600127551021,2369,2844,0,0,5.270799218433341,0.9986140049488348,0.7792134722464739,0.0019631548784673214
flickr,short_step000,3801318146,184,0.7690398693084717,0.7136175632476807,0.055422306060791016,0.7053070068359375,0.8774991352473193,0.6772518554113941,0.5798038840293884,0.7465322066326531,0.20188934948979592,3255,833,3166,2465,5.275147634408283,0.999437862757103,0.6498078893442623,0.0018818906974047422
flickr,short_step000,3828103578,185,0.7578521966934204,0.6657998561859131,0.09205234050750732,0.714508056640625,0.9293166684471033,0.5231318152661962,0.3998946249485016,0.4971301020408163,0.17564174107142858,5789,1845,0,0,5.2707713727869026,0.9986087292683625,0.5709597672230852,0.0022197007201611996
flickr,short_step000,3896768873,186,0.7689088582992554,0.582956075668335,0.1859527826309204,0.839752197265625,0.8698256085429482,0.8201883686205445,0.30214789509773254,0.5205476721938775,0.04173309948979592,1995,2703,2400,925,5.270834618300458,0.9986207118639745,0.8016652633548508,0.0020778453908860683
flickr,short_step000,3908875350,187,0.68221116065979,0.6182522177696228,0.06395894289016724,0.6204376220703125,0.6938440022572809,0.7720174720174721,0.37844404578208923,0.36501514668367346,0.07150829081632654,10365,2918,3,0,5.270854234158932,0.9986244283157268,0.5899693321928525,0.0024943440221250057
flickr,short_step000,3956341886,188,0.6306219696998596,0.6908705234527588,-0.06024855375289917,0.4449462890625,0.6030325403828493,0.767874340747535,0.4106088876724243,0.4345703125,0.09526466836734694,4962,6592,2081,101,5.274324350027685,0.9992818819886371,0.5144643652732328,0.0017985873855650425
flickr,short_step000,4007045926,189,0.8303674459457397,0.5918446779251099,0.23852276802062988,0.8768157958984375,0.9436879759981537,0.6175804259175351,0.41210466623306274,0.39586654974489793,0.12627551020408162,9431,1261,0,959,5.275015304350276,0.9994127912937965,0.6344453064391001,0.0015374915674328804
flickr,short_step000,4041216001,190,0.7169185280799866,0.810566782951355,-0.09364825487136841,0.4429779052734375,0.7007490471355201,0.7495828479677612,0.5497516989707947,0.6330317283163265,0.13984773596938777,673,5778,0,497,5.275000608099958,0.9994100069188318,0.5807993950260407,0.0014837239868938923
flickr,short_step000,4180455681,191,0.8847483992576599,0.8036566972732544,0.08109170198440552,0.713043212890625,1.0,0.43570124947353644,0.5067217350006104,0.5678411989795918,0.2757095025510204,4275,0,0,1381,5.274333536533046,0.9992836224785571,0.4729503200243828,0.0016278838738799095
flickr,short_step000,4303617148,192,0.7547305226325989,0.561268150806427,0.19346237182617188,0.8316192626953125,0.8797959476936341,0.8962160579667716,0.308389812707901,0.5446029974489796,0.028619260204081634,2744,3395,0,0,5.270284631631996,0.9985165105148242,0.8366356928122438,0.0022506907116621733
flickr,short_step000,4351373013,193,0.6201391816139221,0.6025220155715942,0.01761716604232788,0.5834197998046875,0.6048876829650959,0.7919143589000048,0.40668368339538574,0.4123684630102041,0.08280851403061225,4688,7827,14,1358,5.274383063300725,0.999293005898751,0.5244450845775921,0.001934134867042303
flickr,short_step000,4407899725,194,0.5917516350746155,0.3804871439933777,0.2112644910812378,0.7540283203125,0.5782383756873719,0.958625525946704,0.1504736691713333,0.3694595025510204,9.964923469387755e-05,3881,6145,0,0,5.266847420887484,0.9978652910990995,0.5781443164812284,0.002624884247779846
flickr,short_step000,4479260803,195,0.6931600570678711,0.6877121329307556,0.0054479241371154785,0.5927886962890625,0.7002748541932023,0.5579830137278992,0.34745460748672485,0.3731066645408163,0.07525510204081633,2621,1559,89,171,5.269923923361528,0.9984481701520704,0.5588188091799069,0.002417344134300947
flickr,short_step000,4543136011,196,0.6738129258155823,0.6348362565040588,0.03897666931152344,0.5701904296875,0.6488585184034787,0.5472024308466052,0.3152868151664734,0.3804209183673469,0.10249920280612244,4029,8037,0,0,5.2689428120622,0.9982622872445036,0.4917492526070479,0.0024075936526060104
flickr,short_step000,4576746825,197,0.77988600730896,0.7667001485824585,0.013185858726501465,0.6260833740234375,0.8115576596511089,0.45931383970177075,0.3939897119998932,0.34215561224489793,0.16505899234693877,12712,2171,0,0,5.266622604055813,0.9978226969445224,0.4381198433202767,0.0027986234053969383
flickr,short_step000,4646464908,198,0.536117434501648,0.6521994471549988,-0.11608201265335083,0.41385091145833336,0.5363756730514608,0.6969537092260403,0.4500064253807068,0.4344108737244898,0.022879464285714284,166,10341,1105,1087,5.269440178385146,0.9983565190592818,0.5154815832781935,0.0021681152284145355
flickr,short_step000,4657718822,199,0.7687528133392334,0.5498080253601074,0.21894478797912598,0.868682861328125,0.8910694456308191,0.8813204916994044,0.34044986963272095,0.4717992665816326,0.03093112244897959,5096,3153,44,0,5.271119190398009,0.9986746273462866,0.8356765200672915,0.002253358718007803
flickr,short_step000,4717096777,200,0.6562185287475586,0.8227931261062622,-0.1665745973587036,0.3295440673828125,0.6274083393242271,0.4612955230191871,0.7796139121055603,0.7541055484693877,0.3319116709183674,1370,3224,4137,960,5.276498266077109,0.9996937555817245,0.3924652606016999,0.0011521507985889912
flickr,short_step000,4755507106,201,0.7028256058692932,0.6727683544158936,0.030057251453399658,0.59503173828125,0.7263982707376385,0.7833333333333333,0.3184540867805481,0.34199617346938777,0.06590800382653061,3921,5165,0,0,5.270958630865063,0.9986442074817493,0.6162662754447094,0.002224850468337536
flickr,short_step000,4758950312,202,0.7805376052856445,0.5963204503059387,0.1842171549797058,0.8409271240234375,0.9283962153953977,0.6806348481388445,0.34030795097351074,0.34909119897959184,0.05921157525510204,9026,858,108,187,5.2724596167359525,0.9989285866526839,0.7539604743083004,0.0020305938087403774
flickr,short_step000,4767923306,203,0.7831937074661255,0.6520144939422607,0.13117921352386475,0.8209991455078125,0.924680212477073,0.6463369963369964,0.3793370723724365,0.5984933035714286,0.09163743622448979,2507,1804,0,0,5.271160111517133,0.998682380326615,0.7585243371045587,0.002218491630628705
flickr,short_step000,4876943924,204,0.8281710743904114,0.7539511919021606,0.07421988248825073,0.55810546875,0.9787581699346405,0.2389119336311423,0.5125553607940674,0.4996811224489796,0.36830357142857145,13102,189,567,0,5.274405128961982,0.9992971864940359,0.2434959349593496,0.0016856566071510315
flickr,short_step000,4938432980,205,0.85652756690979,0.6866812705993652,0.1698462963104248,0.895233154296875,1.0,0.7053329426415648,0.36057689785957336,0.5441246811224489,0.14692283163265307,7418,0,0,0,5.269711571267819,0.998407937586577,0.7231589620338729,0.0020896592177450657
flickr,short_step000,4957886467,206,0.7639942765235901,0.6782695055007935,0.08572477102279663,0.670440673828125,0.852437171867921,0.6695553880934438,0.3420429229736328,0.47604432397959184,0.10811941964285714,2857,3465,25,23,5.267677392124061,0.998022538769937,0.6612366402745333,0.0024642236530780792
flickr,short_step000,4965189170,207,0.7931538224220276,0.6769049167633057,0.11624890565872192,0.7099609375,0.8791259118715038,0.5886966046002191,0.40061426162719727,0.454898756377551,0.16477997448979592,10122,1595,0,0,5.274311400925255,0.9992794286310906,0.5705126844284046,0.0015512569807469845
flickr,short_step000,5006362787,208,0.597854733467102,,,,0.541011190940413,1.0,0.15700210630893707,0.40369897959183676,0.0,500,11956,0,0,5.26782246232459,0.9980500240009134,0.541011190940413,0.0026101996190845966
flickr,short_step000,5130986168,209,0.7642029523849487,0.6569830179214478,0.10721993446350098,0.7595672607421875,0.8995656042288167,0.6960677114971854,0.3906523287296295,0.4921277104591837,0.1330516581632653,4439,1870,0,244,5.273257140687074,0.9990796868092003,0.6666408098359384,0.0018814532086253166
flickr,short_step000,5179649119,210,0.663866400718689,0.7208691239356995,-0.0570027232170105,0.41412353515625,0.6035847647498133,0.5745419831823536,0.47784554958343506,0.49061304209183676,0.19421635841836735,2972,6128,0,1482,5.271656528902528,0.9987764323541751,0.4262979428829779,0.002188790589570999
flickr,short_step000,5194793239,211,0.8204542398452759,0.6202456951141357,0.20020854473114014,0.906280517578125,0.9542969447918528,0.5639650293533809,0.43990832567214966,0.47187898596938777,0.1748046875,12354,779,0,45,5.273542717083197,0.9991337925675177,0.5865969644386847,0.0019134944304823875
flickr,short_step000,5220919991,212,0.7349247932434082,0.7496927976608276,-0.014768004417419434,0.5493316650390625,0.7750233707264957,0.7853010825439783,0.4225521385669708,0.5891262755102041,0.10146285076530612,2267,3615,8,0,5.274541167006958,0.9993229604784524,0.6624290157806124,0.001685182098299265
flickr,short_step000,5237296528,213,0.8129863739013672,0.8634430170059204,-0.05045664310455322,0.41986083984375,0.8852001721911321,0.701241304051289,0.5796484351158142,0.7305285395408163,0.21568080357142858,5633,0,7189,0,5.27306124282109,0.9990425716878678,0.6448650886237911,0.0020793830044567585
flickr,short_step000,5303633386,214,0.8396214246749878,0.6536548733711243,0.18596655130386353,0.8213653564453125,0.9642031118587048,0.6834711975557046,0.42004120349884033,0.5348772321428571,0.1380341198979592,9308,1032,0,0,5.271380681231367,0.998724169815566,0.706859344894027,0.002132735215127468
flickr,short_step000,5344317532,215,0.8308361768722534,0.6841716766357422,0.14666450023651123,0.8367462158203125,0.9882012724117988,0.6317852388699896,0.4491593837738037,0.5389827806122449,0.16474011479591838,3825,137,0,325,5.272256426926074,0.9988900899880607,0.668570981374237,0.0021130687091499567
flickr,short_step000,5480070309,216,0.8726147413253784,0.6970204710960388,0.1755942702293396,0.9020843505859375,1.0,0.5302828902522154,0.492735356092453,0.5847417091836735,0.26229671556122447,8618,0,0,78,5.269558056829888,0.998378852496949,0.5417399327982729,0.002499891445040703
flickr,short_step000,5490101320,217,0.628872275352478,0.5805678367614746,0.04830443859100342,0.5730361938476562,0.6406111882813487,0.9003346686273516,0.30857089161872864,0.39303651147959184,0.030253507653061226,1541,6014,824,29,5.273873732710632,0.999196507314886,0.607347483281739,0.001923197414726019
flickr,short_step000,5601291878,218,0.7811093330383301,0.6436043977737427,0.1375049352645874,0.7804718017578125,0.9334474287133906,0.626779359430605,0.4371502101421356,0.5376275510204082,0.09091996173469388,7192,1140,0,413,5.275036369219251,0.9994167822773833,0.7456505920486869,0.0017478433437645435
flickr,short_step000,5607310495,219,0.6558244228363037,0.4711630940437317,0.18466132879257202,0.8817291259765625,0.6734667311340052,0.8892353778912734,0.25137051939964294,0.4058314732142857,0.0,1796,7773,81,0,5.271098166672578,0.998670644157821,0.6734667311340052,0.0023841853253543377
flickr,short_step000,5697766486,220,0.6435030698776245,0.6876780390739441,-0.04417496919631958,0.5025787353515625,0.6812559742780175,0.6408446866485014,0.3613136112689972,0.3657126913265306,0.12348533163265306,11873,3387,0,0,5.2713911322214,0.9987261498767637,0.5013108813812214,0.002053880598396063
flickr,short_step000,5801923729,221,0.7687304019927979,0.5603252053260803,0.20840519666671753,0.830841064453125,0.8111969111969112,0.7374840945987451,0.3902893364429474,0.4542211415816326,0.11356026785714286,8073,3937,0,227,5.274563899265,0.9993272673682245,0.6362328715269892,0.00161296920850873
flickr,short_step000,5873098388,222,0.7144721746444702,0.49654266238212585,0.21792951226234436,0.8790283203125,0.7819689854386973,0.9507291024851099,0.1790560632944107,0.4851921237244898,0.0009964923469387755,2893,7223,0,0,5.2683170557605905,0.9981437304601195,0.7806502748827954,0.0023367246612906456
flickr,short_step000,5906878321,223,0.7799988985061646,0.6520970463752747,0.1279018521308899,0.7281494140625,0.9091639410110748,0.5392967766091425,0.5010364651679993,0.5855189732142857,0.22781808035714285,7866,2621,0,0,5.27442830574176,0.9993015776036033,0.5490331970337514,0.0017920006066560745
flickr,short_step000,5991393107,224,0.6091034412384033,0.5153192281723022,0.09378421306610107,0.657501220703125,0.5590450878324186,0.9095281956810971,0.2813932001590729,0.389469068877551,0.030074139030612245,7708,8895,0,0,5.26526333327508,0.9975651673400155,0.5337136851587718,0.0030325930565595627
flickr,short_step000,6067281197,225,0.763279914855957,0.5602854490280151,0.2029944658279419,0.823150634765625,0.8274801237976982,0.8924645212872276,0.3138613998889923,0.4985451211734694,0.029974489795918366,6290,3180,1687,0,5.271592542310432,0.9987643093526438,0.7837871048150684,0.002097269520163536
flickr,short_step000,6098668510,226,0.7099523544311523,0.6448242664337158,0.06512808799743652,0.669830322265625,0.7357362824071967,0.8461686091143834,0.4208167791366577,0.5711495535714286,0.04936623086734694,3293,4133,109,166,5.272050267575931,0.9988510307096152,0.684308551916809,0.0025312176439911127
flickr,short_step000,6158154336,227,0.7529098987579346,0.4737922251224518,0.2791176736354828,0.91552734375,0.799571292729705,0.9647816109836257,0.21522511541843414,0.5124162946428571,0.0003985969387755102,2472,6607,0,0,5.266414192016681,0.9977832108680372,0.7990561631259362,0.0025536587927490473
flickr,short_step000,6185482260,228,0.7042831182479858,0.46981924772262573,0.2344638705253601,0.804351806640625,0.695910676901605,0.9728031840174809,0.2576581537723541,0.5107621173469388,0.005042251275510204,4692,10584,0,0,5.274146841901156,0.999248251016597,0.6910305449304285,0.0016228621825575829
flickr,short_step000,6289328021,229,0.7374585866928101,0.7283225059509277,0.009136080741882324,0.584075927734375,0.799134328358209,0.6194409736683789,0.38300588726997375,0.4306640625,0.1281688456632653,8190,4062,0,0,5.270344465974055,0.9985278468244577,0.5774341055174497,0.002217608503997326
flickr,short_step000,6458319057,230,0.7635185718536377,0.653741717338562,0.10977685451507568,0.7012939453125,0.9031752254018032,0.7058102726437251,0.4777691960334778,0.5855189732142857,0.14588647959183673,9700,1180,269,146,5.274259369663893,0.9992695707055395,0.6848310710393342,0.0019489831756800413
flickr,short_step000,6669466181,231,0.6617431640625,0.7274483442306519,-0.06570518016815186,0.439178466796875,0.6551178838412881,0.7774555203509627,0.34365731477737427,0.4088608099489796,0.08093510841836735,2283,4293,807,759,5.273498385867837,0.9991253935049315,0.5614637237300666,0.0017329268157482147
flickr,short_step000,6755812421,232,0.7384640574455261,0.5716319680213928,0.1668320894241333,0.8280181884765625,0.839931484851729,0.9169510541816652,0.268392950296402,0.4263193558673469,0.027861926020408163,3019,4116,0,142,5.268670809546735,0.9982107532152098,0.7924890406254419,0.002417011419311166
flickr,short_step000,6897499873,233,0.7735704779624939,0.6389113664627075,0.13465911149978638,0.7812957763671875,0.8962501656287266,0.6365219027901943,0.37115246057510376,0.4235690369897959,0.08197146045918367,8174,1697,308,3,5.269291260987746,0.9983283049322659,0.7043265476128495,0.0025458515156060457
flickr,short_step000,7178293884,234,0.6649014949798584,0.8118497729301453,-0.14694827795028687,0.32220458984375,0.6764744275905281,0.7565476364273409,0.6705262064933777,0.6825773278061225,0.12820870535714285,197,3919,534,4931,5.274877587047245,0.9993866991544772,0.5791979613733905,0.001724983099848032
flickr,short_step000,7387939334,235,0.7223726511001587,0.7233947515487671,-0.0010221004486083984,0.4957427978515625,0.800852995803811,0.5805325620823776,0.5525423288345337,0.5995097257653061,0.21960698341836735,2045,4313,5,1350,5.274063532522186,0.9992324670891252,0.532011150207924,0.002230898942798376
flickr,short_step000,7560517176,236,0.7570111155509949,0.7036644220352173,0.05334669351577759,0.5650177001953125,0.8352238312868234,0.5626924361019401,0.390043169260025,0.5372488839285714,0.13440688775510204,3466,3706,0,122,5.268842159933086,0.9982432175319997,0.6090544067456334,0.0022789614740759134
flickr,short_step000,7623513024,237,0.8174147605895996,0.6300457119941711,0.18736904859542847,0.815277099609375,0.9274096901215545,0.5552859974031299,0.3301263451576233,0.29163345025510207,0.11832350127551021,7910,1183,0,0,5.266494888348327,0.9977984997234062,0.5528115113787121,0.002819197718054056
flickr,short_step000,7733838448,238,0.8049291372299194,0.7923879027366638,0.012541234493255615,0.6394195556640625,0.8891752577319587,0.6963268906889085,0.5416831374168396,0.7455157844387755,0.1845105229591837,1869,871,342,14,5.274297343231366,0.9992767652380429,0.675645880888151,0.0017754852306097746
flickr,short_step000,7740990330,239,0.6651139259338379,0.45001721382141113,0.21509671211242676,0.8303985595703125,0.6892189424189274,0.8726611226611226,0.30064547061920166,0.4217952806122449,0.0037468112244897957,4743,6553,1,0,5.271619091382618,0.9987693393820957,0.6844172688530665,0.002306954003870487
flickr,short_step000,7897462346,240,0.7411255836486816,0.5780782103538513,0.16304737329483032,0.74591064453125,0.7860041121563347,0.9114271246518694,0.25631409883499146,0.47229751275510207,0.010144292091836735,1531,5548,0,0,5.268975839206851,0.9982685446198704,0.7717098093859979,0.0023712338879704475
flickr,short_step000,8250285374,241,0.7030311822891235,0.46762746572494507,0.23540371656417847,0.8529510498046875,0.709391374445788,0.9738822487826472,0.2328796237707138,0.360172193877551,0.004384566326530612,4100,7684,0,0,5.2738176410423545,0.999185880098181,0.7031562125449461,0.0016844202764332294
flickr,short_step000,8294094053,242,0.665396511554718,0.4591246247291565,0.20627188682556152,0.8264923095703125,0.6355269557409555,0.9533617689976428,0.2251080721616745,0.35511001275510207,0.0003786670918367347,3130,10302,0,0,5.271443015131613,0.9987359796954702,0.6350755196650217,0.002155774272978306
flickr,short_step000,8311669586,243,0.721642017364502,0.7745048999786377,-0.05286288261413574,0.4010467529296875,0.7781108696195258,0.5803644629947082,0.43119555711746216,0.534797512755102,0.18883529974489796,6572,3429,65,0,5.272200527665468,0.9988794992252195,0.5281032231811322,0.0020076828077435493
flickr,short_step000,8396975855,244,0.8100962042808533,0.6913999915122986,0.11869621276855469,0.735443115234375,0.9626285262325336,0.5921105975837185,0.4608312249183655,0.49158960459183676,0.16103316326530612,11490,1007,0,0,5.273603080750052,0.999145229163869,0.628118011353862,0.001935930922627449
flickr,short_step000,9060997789,245,0.6419346332550049,0.5646873712539673,0.0772472620010376,0.673492431640625,0.68351292230414,0.8897114654517844,0.2970229685306549,0.47245695153061223,0.03394052933673469,5726,6483,0,0,5.270006792918972,0.9984638707502563,0.6477633942967707,0.0023300957400351763
flickr,short_step000,9309351423,246,0.7206916809082031,0.6065140962600708,0.11417758464813232,0.6899261474609375,0.7318117848620205,0.6509197779470992,0.33609092235565186,0.36619100765306123,0.09167729591836735,10684,4384,0,0,5.273719479877349,0.9991672823276999,0.5710738671632526,0.0016991980373859406
flickr,short_step000,9456627660,247,0.7387892603874207,0.5292627811431885,0.20952647924423218,0.8281402587890625,0.7729641949762959,0.7861214704315397,0.29513320326805115,0.3740832270408163,0.06554926658163265,4797,5065,0,130,5.27178615508433,0.9988009915367944,0.6593605469535492,0.002019026316702366
flickr,short_step000,9636000842,248,0.673244059085846,0.7525167465209961,-0.07927268743515015,0.41424560546875,0.6682395920541898,0.7975148057987864,0.4672859311103821,0.5485291772959183,0.07571348852040816,2389,9715,0,0,5.270418762392929,0.9985419231421717,0.5989657948235165,0.002277220133692026
flickr,short_step000,9761803312,249,0.7892495393753052,0.625336229801178,0.1639133095741272,0.776702880859375,0.8448560871256321,0.7068130974171243,0.34460118412971497,0.4899752869897959,0.07306281887755102,7534,2433,34,361,5.2729923570745,0.9990295204847324,0.7170504250226953,0.0017941547557711601
flickr,short_step016,10000130166,0,0.6795896291732788,0.4975610375404358,0.18202859163284302,0.7415313720703125,0.6782811229913087,0.9609984053862509,0.24119962751865387,0.4499362244897959,0.0001793686224489796,3392,7461,0,0,5.271673474578086,0.9987796429088243,0.6780903266135334,0.0019966214895248413
flickr,short_step016,10007936344,1,0.8044640421867371,0.6411287784576416,0.16333526372909546,0.79595947265625,0.9187232185367402,0.783418479547992,0.41977056860923767,0.5890664859693877,0.1110092474489796,7423,1650,0,0,5.273381533679816,0.9991032545034954,0.7524371222460519,0.0018645534291863441
flickr,short_step016,10008553263,2,0.7741000652313232,0.8388952016830444,-0.06479513645172119,0.563690185546875,0.7856885623739557,0.378543915050144,0.5563563704490662,0.5743183992346939,0.2512755102040816,6728,2080,0,17,5.272661422387894,0.9989668210725422,0.411765816095425,0.0020466982387006283
flickr,short_step016,10009662863,3,0.6426017880439758,0.5440301895141602,0.09857159852981567,0.6741485595703125,0.6969357180934174,0.7503562381253959,0.4480701684951782,0.5035076530612245,0.11643016581632654,8109,10545,0,0,5.274388154408972,0.9992939704682187,0.5737156692138912,0.0018898602575063705
flickr,short_step016,10013411946,4,0.6601109504699707,0.5607885718345642,0.0993223786354065,0.6298370361328125,0.6487203791469194,0.798946034287239,0.3319062888622284,0.2987683354591837,0.03164859693877551,8878,6129,286,107,5.2747390941774235,0.9993604600750402,0.5973417121767537,0.0016635269857943058
flickr,short_step016,10016382545,5,0.6838034391403198,0.667448103427887,0.01635533571243286,0.5126800537109375,0.7897327394209354,0.6198909129051432,0.4543245732784271,0.5700135522959183,0.1786511479591837,2218,2360,361,3451,5.272908807835502,0.9990136911129979,0.5643821226204877,0.002280088374391198
flickr,short_step016,10031203703,6,0.7786401510238647,0.5697927474975586,0.20884740352630615,0.8621978759765625,0.9044379350530726,0.9090477396479676,0.35608944296836853,0.6295440051020408,0.04161352040816327,3029,2676,0,125,5.275354021836301,0.9994769652475457,0.8486272423678222,0.0014684628695249557
flickr,short_step016,10035917404,7,0.6246626973152161,0.6246798038482666,-1.710653305053711e-05,0.529693603515625,0.5921695289112967,0.8677332963937757,0.38562440872192383,0.43162069515306123,0.046018016581632654,5318,8499,0,0,5.275817297030412,0.999564738102821,0.5520062272353425,0.0013649803586304188
flickr,short_step016,10045181004,8,0.6979846954345703,0.7351596355438232,-0.03717494010925293,0.4844512939453125,0.6671558083904557,0.8142142191256563,0.35943132638931274,0.4061902104591837,0.06620695153061225,4221,4466,0,10,5.270771918757331,0.9986088327087885,0.5885513645794541,0.0022484685759991407
flickr,short_step016,10060697266,9,0.7062605619430542,0.5969701409339905,0.10929042100906372,0.692840576171875,0.7295172437214515,0.953482178525456,0.26025208830833435,0.44899952168367346,0.015644929846938774,1444,6499,0,107,5.268176428789525,0.9981170870504658,0.7105737582904682,0.002448870800435543
flickr,short_step016,10061269855,10,0.6570684909820557,0.5928646326065063,0.06420385837554932,0.600830078125,0.6681399242755646,0.9794135857067044,0.2538812756538391,0.45065369897959184,0.004105548469387755,854,2213,446,0,5.268869250521837,0.9982483501580415,0.6640131924143617,0.0023177512921392918
flickr,short_step016,10067897816,11,0.7212691307067871,0.8146872520446777,-0.09341812133789062,0.37841796875,0.6521977806532565,0.4096596226786858,0.47176483273506165,0.4045958227040816,0.21815210459183673,10006,3837,0,97,5.273836314806463,0.999189418059236,0.35094419242536135,0.001809131819754839
flickr,short_step016,10069511285,12,0.7944328784942627,0.6947261691093445,0.09970670938491821,0.7302093505859375,0.8657205582562333,0.8630139127716117,0.35850656032562256,0.6374561543367347,0.060845822704081634,3195,3766,245,0,5.271715526230521,0.9987876100817922,0.7900709828839659,0.0020584617741405964
flickr,short_step016,10079676496,13,0.7403132319450378,0.6018979549407959,0.13841527700424194,0.765899658203125,0.889397681587914,0.8229465536798559,0.4091816544532776,0.5973772321428571,0.04083625637755102,5632,2847,0,0,5.273504405205417,0.999126533938205,0.828210250642134,0.002034007804468274
flickr,short_step016,10080652613,14,0.7539588212966919,0.45936694741249084,0.29459187388420105,0.9014129638671875,0.8289757412398921,0.9628991859737007,0.2297729253768921,0.5092474489795918,0.014090401785714286,2988,5035,0,0,5.270786298594864,0.9986115571356835,0.8096883535722513,0.0020249951630830765
flickr,short_step016,10106776154,15,0.6295497417449951,0.5761908292770386,0.05335891246795654,0.6096038818359375,0.6319229550017359,0.8213584994506357,0.3901509940624237,0.5078922193877551,0.06772161989795919,1797,4768,1211,2057,5.275801834043384,0.9995618084606995,0.5731281573867448,0.0014009536243975163
flickr,short_step016,10109936483,16,0.7834407687187195,0.629718542098999,0.15372222661972046,0.75531005859375,0.9214189354917832,0.7051384326607226,0.3591359257698059,0.42470503826530615,0.10134327168367346,10222,1699,0,0,5.272016060701349,0.998844549820739,0.7024026550740896,0.0019230600446462631
flickr,short_step016,10110769444,17,0.7005830407142639,0.7464057803153992,-0.045822739601135254,0.498046875,0.7793347516569838,0.6731156577970953,0.4544152617454529,0.5639947385204082,0.16541772959183673,2246,5272,0,263,5.27377014862083,0.9991768821084459,0.5817757009345794,0.0017504976131021976
flickr,short_step016,10111706074,18,0.588664174079895,0.5162513852119446,0.07241278886795044,0.6828155517578125,0.5612784242147691,0.8374751773049646,0.29839223623275757,0.3512635522959184,0.0030691964285714285,5603,7307,0,0,5.273487374327349,0.9991233072409529,0.5580107364282474,0.0018542562611401081
flickr,short_step016,10119607346,19,0.5416135787963867,0.6073315143585205,-0.06571793556213379,0.42071533203125,0.39701670415008744,0.5811807079745624,0.3930260241031647,0.35413345025510207,0.07278380102040816,3617,10475,0,44,5.273638072565893,0.999151858768965,0.34813828442361827,0.001996304839849472
flickr,short_step016,10119736773,20,0.6745166182518005,0.365584135055542,0.30893248319625854,0.9135616987179487,0.7630365572510703,0.9594837106570955,0.2206486463546753,0.5774872448979592,0.0,56,10646,0,0,5.275568970689486,0.9995176897992205,0.7630365572510703,0.001500105019658804
flickr,short_step016,10129791115,21,0.7776026725769043,0.6233698129653931,0.15423285961151123,0.737030029296875,0.8432492052163758,0.7603845703810601,0.3907737135887146,0.5109813456632653,0.11385921556122448,1848,2286,92,0,5.272892185560018,0.9990105418302413,0.6761640509841325,0.001828834880143404
flickr,short_step016,10129813456,22,0.7130911946296692,0.488653302192688,0.2244378924369812,0.864166259765625,0.7594687396510553,0.940979570681985,0.35248565673828125,0.4614357461734694,0.019331951530612245,5469,7947,0,0,5.276235511463921,0.9996439736747079,0.7346281590882269,0.0013481052592396736
flickr,short_step016,10163352444,23,0.6942012310028076,0.44747117161750793,0.24673005938529968,0.8646392822265625,0.7719036524246132,0.9706799881961131,0.2682770788669586,0.47275589923469385,0.009845344387755101,5139,6357,0,0,5.272655546840886,0.998965707882059,0.759328573548568,0.001969690900295973
flickr,short_step016,10165890496,24,0.6165144443511963,0.5568426847457886,0.059671759605407715,0.61590576171875,0.5568878532159905,0.8609051482932288,0.2594947814941406,0.2849170918367347,0.03579400510204082,6175,3977,0,0,5.264294280922831,0.9973815691397465,0.5150335823237713,0.002901115920394659
flickr,short_step016,10173808724,25,0.7189673185348511,0.4940575957298279,0.2249097228050232,0.8058700561523438,0.7788341998191681,0.9664294229016198,0.2536896765232086,0.5684390943877551,0.009466677295918368,3492,3742,13,0,5.270892930587165,0.9986317598025798,0.7685198092954526,0.002029344206675887
flickr,short_step016,10202025415,26,0.6515488624572754,0.5712641477584839,0.0802847146987915,0.6371002197265625,0.5781676894984692,0.9586596248406484,0.25013333559036255,0.4377391581632653,0.011639030612244899,786,11996,0,117,5.274507722451814,0.9993166240198297,0.5690426322545774,0.0018036998808383942
flickr,short_step016,10221582415,27,0.7070386409759521,0.7595711946487427,-0.05253255367279053,0.453948974609375,0.7104977903777203,0.7283154979657425,0.5162080526351929,0.5829280931122449,0.14764030612244897,3318,4681,22,2085,5.276300233498988,0.9996562360144345,0.5697302790815849,0.0012820465490221977
flickr,short_step016,10234680056,28,0.62236487865448,0.6360113620758057,-0.013646483421325684,0.5055389404296875,0.6401081311801949,0.8107036669970268,0.25875982642173767,0.44240274234693877,0.027543048469387755,1516,9210,418,0,5.271901668118194,0.9988228768199536,0.6101166259831842,0.002035935875028372
flickr,short_step016,10246013484,29,0.6646181344985962,0.49298566579818726,0.17163246870040894,0.77447509765625,0.6228924474555393,0.8727885652642934,0.2913486957550049,0.36949936224489793,0.009048150510204082,3337,11558,0,0,5.272788476872169,0.998990893017257,0.6121935532687651,0.0021919747814536095
flickr,short_step016,10268129763,30,0.7202670574188232,0.4822283387184143,0.23803871870040894,0.8393096923828125,0.8105185442543212,0.865670949487453,0.28554248809814453,0.42966757015306123,0.04175302933673469,8441,4970,0,0,5.272502922846336,0.9989367914972503,0.7429242466462322,0.001857483759522438
flickr,short_step016,10278084464,31,0.7639292478561401,0.7637535333633423,0.00017571449279785156,0.4656524658203125,0.9537335217663276,0.6177927184320317,0.5181208848953247,0.6640027104591837,0.22586495535714285,3387,697,997,588,5.273385223362466,0.9991039535566397,0.6253474912272706,0.002124838763847947
flickr,short_step016,10283938426,32,0.7724283933639526,0.7872623801231384,-0.014833986759185791,0.4809722900390625,0.8412234661426687,0.43396377410835757,0.6685203313827515,0.7471101721938775,0.365055006377551,1654,3341,0,3151,5.276118987921285,0.9996218969389492,0.43202188259351226,0.0015477431006729603
flickr,short_step016,10289643764,33,0.7151954174041748,0.6325621008872986,0.08263331651687622,0.690582275390625,0.8089609747207831,0.709623641180232,0.412832647562027,0.436344068877551,0.11650988520408163,4445,4074,0,0,5.270588556205084,0.9985740925479383,0.6201824242061353,0.0024694777093827724
flickr,short_step016,10304554474,34,0.6352821588516235,0.6246066093444824,0.010675549507141113,0.5845184326171875,0.6166824921481265,0.7864561501560244,0.3177248537540436,0.427913743622449,0.05953045280612245,8098,7774,0,0,5.271522305706622,0.9987510022139504,0.5560275280713886,0.0020521855913102627
flickr,short_step016,10308472565,35,0.7944760322570801,0.7165601253509521,0.07791590690612793,0.6556396484375,0.8642307053022328,0.6134620678805993,0.4440053105354309,0.5067562181122449,0.15479512117346939,3600,2857,101,612,5.2713418475289116,0.9987168123205205,0.6042183142237372,0.002233856590464711
flickr,short_step016,10369815925,36,0.7329087853431702,0.6287111639976501,0.10419762134552002,0.7069549560546875,0.7877591754051477,0.9260225521781762,0.2903019189834595,0.5691167091836735,0.02467315051020408,247,4860,47,304,5.269582672670234,0.9983835162532209,0.7597397000517152,0.0024892310611903667
flickr,short_step016,10389014583,37,0.6425578594207764,0.5785414576530457,0.06401640176773071,0.6149444580078125,0.6446631851824022,0.7680153970101155,0.3516635000705719,0.44527264030612246,0.04635682397959184,6677,6092,0,0,5.272975113275887,0.999026253447215,0.5928549217427357,0.001982574351131916
flickr,short_step016,10409146004,38,0.7095339298248291,0.7571799755096436,-0.04764604568481445,0.477294921875,0.6849196664632906,0.6861057349495773,0.3975850045681,0.3913026147959184,0.11886160714285714,9451,2734,0,0,5.274696365626868,0.9993523646558775,0.5255539950062422,0.0015575634315609932
flickr,short_step016,10409351364,39,0.8151599168777466,0.5841196179389954,0.23104029893875122,0.8928680419921875,0.9289173789173789,0.8045849373210937,0.34126919507980347,0.4038185586734694,0.06146364795918367,10213,1633,0,0,5.27291727267977,0.9990152948758593,0.7900794804691286,0.0017984313890337944
flickr,short_step016,10413912845,40,0.7367581129074097,0.7617950439453125,-0.025036931037902832,0.49249267578125,0.7472020771779031,0.44877930737793076,0.4024209678173065,0.3706154336734694,0.19459502551020408,9195,1601,0,0,5.27193733743851,0.9988296347861251,0.39867673052118663,0.00200481154024601
flickr,short_step016,10437048305,41,0.6751042604446411,0.7032430171966553,-0.02813875675201416,0.534393310546875,0.6355860301629352,0.91030155738518,0.26905521750450134,0.40182557397959184,0.025729432397959183,128,3322,245,510,5.268158633989271,0.998113715619301,0.6083865086599818,0.002435417613014579
flickr,short_step016,10440265465,42,0.783531665802002,0.6638140678405762,0.11971759796142578,0.78216552734375,0.9104057464569987,0.6238733495194067,0.49537569284439087,0.5992307079081632,0.19694674744897958,2881,1600,0,3674,5.275744320476308,0.9995509118487861,0.6152988256904809,0.001639355905354023
flickr,short_step016,10441843213,43,0.8337470293045044,0.6797653436660767,0.15398168563842773,0.80255126953125,0.904584606835232,0.7804698737414096,0.4030286371707916,0.6235052614795918,0.10158242984693877,3630,2460,0,111,5.2699270751361205,0.9984487672922987,0.76090309914458,0.002282191766425967
flickr,short_step016,10446128125,44,0.6753576993942261,0.5140706300735474,0.1612870693206787,0.76275634765625,0.7215565028082179,0.9350196766393248,0.31182971596717834,0.4203404017857143,0.012715242346938776,6485,5226,322,0,5.271707968867804,0.9987861782518292,0.7050968053345729,0.0021868981420993805
flickr,short_step016,10451898725,45,0.9321960210800171,0.8437897562980652,0.0884062647819519,0.8037261962890625,1.0,0.05600507929008062,0.6444927453994751,0.6748844068877551,0.6264748086734694,2499,0,0,73,5.275052320526423,0.9994198044374162,0.05689983648610132,0.001384166069328785
flickr,short_step016,10468313544,46,0.7110493779182434,0.6237719655036926,0.08727741241455078,0.6527252197265625,0.7509655751469353,0.5140702593341917,0.4516846835613251,0.4334343112244898,0.20659279336734693,15160,4420,0,0,5.270918076878549,0.9986365240589493,0.44271091135882157,0.0023921960964798927
flickr,short_step016,10476442285,47,0.7898393273353577,0.6807692050933838,0.10907012224197388,0.7418975830078125,0.8849994483063004,0.7110909171505829,0.3614676296710968,0.44959741709183676,0.11981823979591837,4834,2361,88,769,5.273085790479776,0.999047222526334,0.6645745297870578,0.001788079272955656
flickr,short_step016,10476446674,48,0.7758283019065857,0.6258891224861145,0.1499391794204712,0.7453155517578125,0.8599993093207169,0.6947218657590805,0.3124656081199646,0.35720264668367346,0.06628667091836735,10051,2684,0,0,5.271793733861031,0.9988024274238849,0.6993456710382207,0.0019761985167860985
flickr,short_step016,10477544895,49,0.75490802526474,0.7382957935333252,0.016612231731414795,0.5775604248046875,0.8214472480062753,0.6392888029709518,0.41944679617881775,0.3917610012755102,0.12252869897959184,4468,322,154,1716,5.272418518163738,0.9989208000518106,0.5859600857968852,0.0022552849259227514
flickr,short_step016,10481128583,50,0.6602230072021484,0.6121514439582825,0.04807156324386597,0.5745849609375,0.6489003697032895,0.7901708415098696,0.34840404987335205,0.34530452806122447,0.06825972576530612,8650,6418,0,0,5.274022133950933,0.9992246236499567,0.55827182644864,0.0017685075290501118
flickr,short_step016,10520382525,51,0.7939300537109375,0.6540457010269165,0.139884352684021,0.774566650390625,0.8736553882260903,0.6874422899353647,0.3818552494049072,0.45326450892857145,0.10162228954081633,4184,2222,0,11,5.2697527645011935,0.9984157421221042,0.679923459957816,0.002379082143306732
flickr,short_step016,10545790805,52,0.6482499837875366,0.5114494562149048,0.13680052757263184,0.72698974609375,0.6006575872888711,0.9289401682928088,0.29826685786247253,0.3860610650510204,0.00821109693877551,6837,11429,0,0,5.275128376718163,0.9994342141644968,0.5925090549884755,0.0015637348406016827
flickr,short_step016,10548273474,53,0.8570752143859863,0.8125364184379578,0.044538795948028564,0.691925048828125,0.9694321477637002,0.4542739628040057,0.5191695094108582,0.5572385204081632,0.257015306122449,3827,89,279,1992,5.272875226080464,0.999007328660265,0.4885568120624663,0.0021116354037076235
flickr,short_step016,10549911663,54,0.7768411636352539,0.8856824636459351,-0.10884130001068115,0.3363800048828125,0.8036305488615121,0.6204486176317162,0.5293703675270081,0.5730827487244898,0.20910395408163265,7112,974,167,68,5.27364631200046,0.9991534198253458,0.5457214957559073,0.0018413551151752472
flickr,short_step016,10555704135,55,0.6558437347412109,0.5452395677566528,0.1106041669845581,0.6573486328125,0.6379989356040447,0.7315703824247356,0.2850647568702698,0.24493781887755103,0.05584343112244898,10358,3483,0,0,5.272206175548824,0.9988805692821849,0.5321850306312705,0.002169698942452669
flickr,short_step016,10557361454,56,0.6730965375900269,0.8708269596099854,-0.1977304220199585,0.200408935546875,0.6499399759903962,0.2318166248001827,0.4248424768447876,0.34909119897959184,0.25550063775510207,6502,474,0,0,5.268106996543606,0.998103932306698,0.21295397928412219,0.0024406583979725838
flickr,short_step016,10610974774,57,0.6435875296592712,0.5396531820297241,0.10393434762954712,0.673095703125,0.6475491053214432,0.9855406724030871,0.19116637110710144,0.4493383290816326,0.0042849170918367345,982,11405,0,0,5.270139113010206,0.9984889403252423,0.6435170436444727,0.0023112650960683823
flickr,short_step016,10624261424,58,0.7158749103546143,0.6377682685852051,0.07810664176940918,0.624114990234375,0.7966761531439618,0.7661898368105763,0.34941425919532776,0.385921556122449,0.06634646045918367,5624,5645,0,64,5.270589532192483,0.9985742774600636,0.6758609693877551,0.0023657220881432295
flickr,short_step016,10635080206,59,0.8239432573318481,0.6950758695602417,0.12886738777160645,0.767578125,0.9509086097388849,0.674773082942097,0.5114173889160156,0.6367586096938775,0.1897919323979592,3843,1609,0,1,5.272923958573008,0.9990165615958283,0.6696381425687219,0.0021672325674444437
flickr,short_step016,10654057765,60,0.6756390333175659,0.7213641405105591,-0.045725107192993164,0.417816162109375,0.6086995236187169,0.7261911085143676,0.3690114915370941,0.37521922831632654,0.06471221301020408,3449,8258,0,0,5.273764148686632,0.9991757453513677,0.5318188890617707,0.0020078779198229313
flickr,short_step016,10659354545,61,0.6455137729644775,0.8492035865783691,-0.2036898136138916,0.2274627685546875,0.6028239879013495,0.712187328202309,0.6394073367118835,0.5800382653061225,0.1647999043367347,869,6658,69,328,5.275362270953851,0.9994785281384798,0.48595643917192227,0.0014945794828236103
flickr,short_step016,10666396623,62,0.658441424369812,0.6090460419654846,0.04939538240432739,0.5951385498046875,0.7179814832674317,0.8030580874817971,0.2722274661064148,0.36951929209183676,0.03569435586734694,2103,2532,249,0,5.267588676789667,0.9980057306215503,0.660903724088952,0.0025944316294044256
flickr,short_step016,10667001125,63,0.8548980951309204,0.7171694040298462,0.13772869110107422,0.919403076171875,1.0,0.44013112491373363,0.4398846924304962,0.404296875,0.2038624043367347,9159,0,0,52,5.271517077517006,0.9987500116728286,0.46605767975988516,0.0022554988972842693
flickr,short_step016,10701841844,64,0.7431521415710449,0.8119786977767944,-0.06882655620574951,0.402130126953125,0.8887511846613692,0.49797802377353867,0.4527294635772705,0.48790258290816324,0.17410714285714285,4356,931,0,194,5.272271127516918,0.9988928751853885,0.542956397808756,0.0020859003998339176
flickr,short_step016,10743985374,65,0.6748499870300293,0.6746335029602051,0.00021648406982421875,0.509490966796875,0.6221359306616322,0.7561668839634942,0.38764142990112305,0.3821548150510204,0.08362563775510204,630,2247,774,1528,5.274840988856017,0.9993797652029451,0.527216202458003,0.001695503480732441
flickr,short_step016,10751849775,66,0.7861889004707336,0.6348622441291809,0.15132665634155273,0.7328033447265625,0.9463445620025012,0.7715487943032853,0.5049242973327637,0.6157326211734694,0.12569754464285715,8864,1565,0,28,5.2744465937655,0.9993050424816744,0.7568382784842279,0.002097547287121415
flickr,short_step016,10761625676,67,0.7764328122138977,0.5918024778366089,0.18463033437728882,0.8596343994140625,0.8809167290574828,0.4748867662227006,0.3138847351074219,0.4444156568877551,0.05426897321428571,5688,2395,55,0,5.266484939961009,0.9977966148861185,0.7182243624525231,0.0027085088659077883
flickr,short_step016,10771238614,68,0.7003370523452759,0.5604983568191528,0.13983869552612305,0.7200469970703125,0.8051015425272169,0.8433024431339511,0.26424115896224976,0.33119419642857145,0.026486766581632654,5107,2973,0,0,5.268677227725512,0.9982119692135712,0.7479917803101065,0.002435886301100254
flickr,short_step016,10795023275,69,0.8127633333206177,0.8322744369506836,-0.019511103630065918,0.4271697998046875,0.9778516057585825,0.5178548155871237,0.40703198313713074,0.45876514668367346,0.2012515943877551,55,0,4835,5543,5.2705226259752465,0.9985616013017086,0.5348273773470624,0.00218675984069705
flickr,short_step016,10796050285,70,0.7774987816810608,0.6571739315986633,0.12032485008239746,0.7550506591796875,0.8747412801839786,0.7765226267437904,0.3503090441226959,0.5857382015306123,0.06036750637755102,5289,2001,201,59,5.2675178017670445,0.9979923025270131,0.7837494419451217,0.0025197083596140146
flickr,short_step016,10805310706,71,0.7424095869064331,0.6677607297897339,0.07464885711669922,0.6457061767578125,0.8750571701800341,0.5427024239298608,0.408534973859787,0.38643973214285715,0.1486766581632653,14426,2087,0,0,5.271358141115471,0.9987198993293505,0.5400425957763465,0.002321239560842514
flickr,short_step016,10847897294,72,0.7204869985580444,0.667749285697937,0.05273771286010742,0.663238525390625,0.8494879786286732,0.7494500746327284,0.38814985752105713,0.5073740433673469,0.08352598852040816,3521,5652,0,69,5.276226131375752,0.9996421965082812,0.7159018423323703,0.0012486916966736317
flickr,short_step016,10859255295,73,0.6226460933685303,0.5931516885757446,0.029494404792785645,0.5882415771484375,0.6410717116736246,0.8988145221042233,0.248652383685112,0.4034797512755102,0.0362922512755102,3415,8911,0,0,5.268684267724856,0.9982133030230466,0.602423399711973,0.002172588836401701
flickr,short_step016,10862172945,74,0.6293355226516724,0.5691177845001221,0.06021773815155029,0.6044464111328125,0.6157677955361543,0.8594909341064321,0.2927211821079254,0.4055923150510204,0.00958625637755102,1037,5155,325,96,5.269546126027196,0.9983765920680908,0.6055145913386645,0.002560516819357872
flickr,short_step016,10939270325,75,0.6727172136306763,0.5959925055503845,0.07672470808029175,0.637603759765625,0.6622664500406173,0.5757189375809173,0.4577980041503906,0.5079918686224489,0.20452008928571427,7297,4586,0,0,5.2705992182004255,0.9985761125865373,0.4526372609500308,0.0024220715276896954
flickr,short_step016,10952523225,76,0.7511036992073059,0.5887876749038696,0.16231602430343628,0.799652099609375,0.8500663230913084,0.8732130092923517,0.31851187348365784,0.446109693877551,0.04165338010204082,4890,4069,0,0,5.271194331635558,0.9986888637246907,0.7792373472601511,0.0021610762923955917
flickr,short_step016,10979853044,77,0.8257323503494263,0.6144840717315674,0.2112482786178589,0.9062957763671875,0.9712260333231001,0.7932166301969366,0.31603148579597473,0.4371811224489796,0.06766183035714286,5207,947,0,0,5.269984123133131,0.9984595756965668,0.8164989089885267,0.002169037237763405
flickr,short_step016,10980225216,78,0.7565106153488159,0.5644340515136719,0.19207656383514404,0.8410491943359375,0.8676718902746097,0.7582582582582582,0.3004895746707916,0.3849250637755102,0.06533003826530612,10599,2780,0,0,5.269820839598671,0.9984286397383692,0.7265646317565053,0.0022984687238931656
flickr,short_step016,11002352834,79,0.6977343559265137,,,,0.735681488641856,0.9162068619582665,0.3130022883415222,0.39732142857142855,0.01482780612244898,366,2739,886,530,5.2732192534110425,0.9990725086256106,0.714277334584702,0.0019398652948439121
flickr,short_step016,11036641226,80,0.8317179083824158,0.6267923712730408,0.204925537109375,0.8593902587890625,0.9772673314339981,0.47666608766139773,0.3808569610118866,0.34420838647959184,0.15439652423469388,9820,383,0,191,5.270198645101132,0.9985002193698955,0.5090903469173211,0.002446142490953207
flickr,short_step016,11050409385,81,0.7325102686882019,0.47540074586868286,0.25710952281951904,0.8446502685546875,0.7840124416796268,0.8302918505830423,0.2776704728603363,0.30251514668367346,0.0274234693877551,11407,3308,4,299,5.272813671362945,0.9989956664055599,0.7221935705690218,0.0019019963219761848
flickr,short_step016,11071986404,82,0.8461579084396362,0.7833471298217773,0.06281077861785889,0.6495361328125,0.9846308724832215,0.30954088952654235,0.49303770065307617,0.47229751275510207,0.31124441964285715,7215,147,94,2215,5.272791385787146,0.9989914441449161,0.3180084102830884,0.0020007146522402763
flickr,short_step016,11101358996,83,0.757917046546936,0.6550257205963135,0.10289132595062256,0.7165985107421875,0.8205364975298952,0.875080013786991,0.2914828658103943,0.40475526147959184,0.039740114795918366,3414,2449,0,0,5.266586762503488,0.9978159063470006,0.7513634634084472,0.002631865907460451
flickr,short_step016,11154049584,84,0.787708044052124,0.5963568687438965,0.19135117530822754,0.830078125,0.9067040732604611,0.7775659358118844,0.3270583748817444,0.4390345982142857,0.06018813775510204,1693,2097,145,173,5.268847020364662,0.9982441383970985,0.7817356182826369,0.002394957235082984
flickr,short_step016,11314266424,85,0.7711513638496399,0.5657628774642944,0.20538848638534546,0.870635986328125,0.898055645074659,0.9484193011647255,0.26044178009033203,0.5270248724489796,0.019650829081632654,1902,2773,87,0,5.270336745589631,0.998526384108143,0.8674298758343998,0.002118730451911688
flickr,short_step016,11650557765,86,0.702234148979187,0.6008955240249634,0.10133862495422363,0.7187042236328125,0.7172661398016594,0.7544441374228609,0.386422723531723,0.43275669642857145,0.06028778698979592,6822,5120,0,204,5.273011085090874,0.999033068724508,0.6333777958205262,0.0019317138940095901
flickr,short_step016,11764496003,87,0.7302875518798828,0.6548000574111938,0.07548749446868896,0.6512908935546875,0.7349951180288323,0.7637264263547386,0.3963657319545746,0.5009167729591837,0.11310188137755102,3786,6221,0,0,5.270074648856463,0.9984767268441217,0.6037934668071654,0.002266497118398547
flickr,short_step016,11765015695,88,0.6542813777923584,0.45033350586891174,0.20394787192344666,0.7428741455078125,0.6624411706367095,0.936117623076139,0.23840606212615967,0.3910634566326531,0.0040058992346938774,6722,7463,0,0,5.27294781412931,0.9990210813074758,0.6576737857820584,0.0017679664306342602
flickr,short_step016,11776645404,89,0.6118017435073853,0.8143103122711182,-0.2025085687637329,0.265960693359375,0.6041320942582145,0.6813332834256626,0.5076839923858643,0.5324457908163265,0.1449298469387755,1467,3851,15,0,5.2742925231139415,0.9992758520109276,0.4866718357307096,0.0016416655853390694
flickr,short_step016,12015590114,90,0.6931478977203369,0.5789496302604675,0.11419826745986938,0.6929779052734375,0.7241091459278969,0.823679525222552,0.3191700875759125,0.3358179209183674,0.03964046556122449,2826,3283,5,791,5.271807079503509,0.9988049559105395,0.6560313858952543,0.0021797548979520798
flickr,short_step016,12031178616,91,0.6748499274253845,0.6373248100280762,0.03752511739730835,0.5596466064453125,0.695873626889494,0.681039235504916,0.38225024938583374,0.43379304846938777,0.12023676658163265,2511,9159,0,0,5.2704983901608795,0.9985570095457631,0.5422901042619352,0.0022560162469744682
flickr,short_step016,12048726756,92,0.8182315826416016,0.6570067405700684,0.1612248420715332,0.8467254638671875,0.9878439719949734,0.7118121003806779,0.4028262495994568,0.5392418686224489,0.11617107780612244,6856,432,0,757,5.2740097377809745,0.999222275051876,0.7604785690312136,0.001727609895169735
flickr,short_step016,12066557153,93,0.9065465927124023,0.7946168780326843,0.11192971467971802,0.93133544921875,1.0,0.4988183548874155,0.5280721187591553,0.6071827168367347,0.2819674744897959,2949,0,0,986,5.271621856345166,0.9987698632362986,0.5178735730107343,0.0022574446629732847
flickr,short_step016,12103535156,94,0.7421000003814697,0.5780200958251953,0.16407990455627441,0.778228759765625,0.7931832593532023,0.6813650724479791,0.3409481644630432,0.36587213010204084,0.09454719387755102,8545,1031,0,0,5.268480930841909,0.9981747784937259,0.6097543141269377,0.0025411054957658052
flickr,short_step016,12158276143,95,0.7481183409690857,0.6857214570045471,0.062396883964538574,0.6020660400390625,0.8496340367247357,0.5205328578171711,0.39424988627433777,0.3800023915816326,0.15816326530612246,7230,1466,0,0,5.269266925965873,0.9983236943803085,0.5059258315279724,0.002425882499665022
flickr,short_step016,12328837165,96,0.7425317168235779,0.6110336184501648,0.13149809837341309,0.7505035400390625,0.8017450215561487,0.6491738422154992,0.531216561794281,0.5994698660714286,0.20041454081632654,3181,4319,0,6741,5.276874655808803,0.9997650669790689,0.5674493621225771,0.001153694000095129
flickr,short_step016,12373955905,97,0.6068460941314697,0.5745282769203186,0.03231781721115112,0.55316162109375,0.5462449167651595,0.8870527000650618,0.28416937589645386,0.3063217474489796,0.03459821428571429,3664,9274,0,62,5.271041203678191,0.9986598518582851,0.5107227809930512,0.0023859795182943344
flickr,short_step016,12444360833,98,0.6348841786384583,0.5146092176437378,0.12027496099472046,0.6854705810546875,0.5763079532232936,0.9327205412996298,0.3023648262023926,0.31222098214285715,0.017916932397959183,1890,3798,579,466,5.2689824988912175,0.998269806374265,0.5565734092597178,0.002812775317579508
flickr,short_step016,12512072175,99,0.7087607979774475,0.48538804054260254,0.22337275743484497,0.810882568359375,0.7535173777473572,0.8836172300008919,0.32274165749549866,0.4469467474489796,0.03573421556122449,8783,7341,0,0,5.2718188857207755,0.9988071927352448,0.7054216653020541,0.0021779113449156284
flickr,short_step016,12534178685,100,0.6698751449584961,0.4477311968803406,0.22214394807815552,0.794586181640625,0.7027081243731194,0.9979650807862928,0.2572919726371765,0.4896962691326531,0.0,4803,9320,0,0,5.272490709121305,0.998934477465476,0.7027081243731194,0.0019318917766213417
flickr,short_step016,12598610153,101,0.7205638885498047,0.6070796847343445,0.1134842038154602,0.696868896484375,0.7059386800122857,0.8765479181622398,0.278539776802063,0.44419642857142855,0.03952088647959184,1828,3147,712,153,5.266571847385459,0.997813080505011,0.658737250273961,0.002620062790811062
flickr,short_step016,12599965145,102,0.7230522632598877,0.48347601294517517,0.23957625031471252,0.836578369140625,0.7390935214211076,0.9636820368714608,0.21242889761924744,0.4680923150510204,0.0055404974489795915,2061,7999,0,0,5.2693984825132745,0.9983486192930653,0.7324445019739823,0.002240847796201706
flickr,short_step016,12729873904,103,0.6864056587219238,0.40852898359298706,0.27787667512893677,0.9590301513671875,0.6935022792242911,0.9654727331397225,0.2774363160133362,0.37057557397959184,0.0,9507,10639,0,0,5.274506474773834,0.9993163876327747,0.6935022792242911,0.0017253346741199493
flickr,short_step016,13153991894,104,0.8018313646316528,0.775194525718689,0.026636838912963867,0.574859619140625,1.0,0.42837923060752575,0.4717334508895874,0.47403140943877553,0.2196468431122449,8794,0,72,292,5.275596089251393,0.9995228277251008,0.4803866100895804,0.0015226206742227077
flickr,short_step016,13234495505,105,0.4934677183628082,0.6812233924865723,-0.18775567412376404,0.3335418701171875,0.3794966118102614,0.5636034274541377,0.4258314073085785,0.3465601084183674,0.12109375,4107,8724,0,0,5.271699807158168,0.9987846319213376,0.30721607473119966,0.002238522283732891
flickr,short_step016,13409856383,106,0.7064220905303955,0.5309505462646484,0.17547154426574707,0.7876129150390625,0.807830766375951,0.9522705398547554,0.2552002966403961,0.4555564413265306,0.009247448979591837,1889,6316,0,0,5.270385804770759,0.9985356789386449,0.794155204494874,0.0022104461677372456
flickr,short_step016,13447842855,107,0.8063513040542603,0.5556466579437256,0.25070464611053467,0.964599609375,0.9469456711817185,0.765979381443299,0.3741341829299927,0.41563695790816324,0.0525749362244898,4888,1153,563,1342,5.272600136506098,0.9989552097518808,0.8188901704472639,0.00212286040186882
flickr,short_step016,13579448834,108,0.6189501881599426,0.557845950126648,0.06110423803329468,0.6169281005859375,0.5784981364744858,0.849837772069758,0.3368360996246338,0.2948421556122449,0.03599330357142857,8820,9104,0,0,5.274030029006486,0.9992261194597416,0.5341135987085263,0.0019420869648456573
flickr,short_step016,13660204414,109,0.5996922254562378,0.6786333918571472,-0.07894116640090942,0.426025390625,0.5372569737954354,0.8453481412515794,0.31631141901016235,0.2996851084183674,0.04147401147959184,1771,5758,142,400,5.2740568275347455,0.999231196751538,0.4938230837962783,0.0018023252487182617
flickr,short_step016,13721325644,110,0.7299860715866089,0.7850870490074158,-0.055100977420806885,0.4178009033203125,0.8015843010171932,0.7515106505080512,0.43053358793258667,0.5903818558673469,0.11993781887755102,2879,3700,63,0,5.273825912516623,0.9991874472248544,0.6588242257439221,0.0018320651724934578
flickr,short_step016,13861270725,111,0.6736834645271301,0.7284708619117737,-0.054787397384643555,0.4439697265625,0.728797543113631,0.5966194786106599,0.4799770414829254,0.515266262755102,0.1461455676020408,2538,7633,0,807,5.27488129009209,0.9993874007392445,0.5412660537581585,0.0018092188984155655
flickr,short_step016,14062380939,112,0.7002754211425781,0.646323025226593,0.05395239591598511,0.5831146240234375,0.6539129150201278,0.55626767200754,0.37551358342170715,0.31718351403061223,0.11304209183673469,5370,4044,0,1361,5.273266923127464,0.999081540205919,0.4608417271804482,0.001966643612831831
flickr,short_step016,14172932360,113,0.6979090571403503,0.6414109468460083,0.05649811029434204,0.6547393798828125,0.6624707696900344,0.8074101024801407,0.23607836663722992,0.3286631058673469,0.05269451530612245,4444,4560,0,0,5.2625056073321055,0.9970426841957452,0.5854548652332586,0.00286531331948936
flickr,short_step016,14174434304,114,0.7788176536560059,0.6112892627716064,0.16752839088439941,0.8355865478515625,0.8226661109788045,0.9287202580992069,0.3321398198604584,0.5930325255102041,0.027582908163265307,3946,4283,0,0,5.273405951062663,0.9991078806596937,0.7901132204940531,0.0018961071036756039
flickr,short_step016,14203929291,115,0.7544699907302856,0.6959341764450073,0.05853581428527832,0.620330810546875,0.8236649792187839,0.6670335630423686,0.47672054171562195,0.6246811224489796,0.1773357780612245,3977,5326,0,372,5.2730544605468515,0.9990412867074011,0.6098770473870747,0.0019833382684737444
flickr,short_step016,14414061986,116,0.7924826145172119,0.553067684173584,0.23941493034362793,0.880828857421875,0.8957478739369685,0.8180364566677326,0.2676970660686493,0.43624441964285715,0.03493702168367347,4614,1522,832,0,5.2691517229736275,0.9983018678381277,0.8235294117647058,0.002219442743808031
flickr,short_step016,14566072101,117,0.6112725734710693,0.5545074343681335,0.05676513910293579,0.628631591796875,0.6033883875361825,0.9164425364642599,0.332628458738327,0.3853236607142857,0.02369658801020408,3405,6429,238,367,5.274449365828712,0.9993055676811805,0.5799077043922236,0.0018540122546255589
flickr,short_step016,14648401332,118,0.7457989454269409,0.4602908492088318,0.28550809621810913,0.9351806640625,0.8330167597765363,0.942660260462764,0.32683271169662476,0.47287547831632654,0.01865433673469388,3670,4681,1572,612,5.271145827624852,0.99867967407766,0.8049557331030015,0.0022424464114010334
flickr,short_step016,14652810592,119,0.6908973455429077,0.5162330269813538,0.17466431856155396,0.820831298828125,0.7256898817345598,0.8974953396109172,0.21504275500774384,0.41695232780612246,0.008629623724489796,4292,8472,0,0,5.270224334774589,0.9985050865762969,0.7137453909605809,0.0022290623746812344
flickr,short_step016,14678892718,120,0.7269861698150635,0.6199827194213867,0.10700345039367676,0.70477294921875,0.8368215371254885,0.5991419511285208,0.3416216969490051,0.32053172831632654,0.09380978954081633,10337,2238,0,72,5.272107354846923,0.9988618465547943,0.5940081370977685,0.0021377229131758213
flickr,short_step016,14680986811,121,0.6484655141830444,0.6271223425865173,0.0213431715965271,0.603912353515625,0.698686986695496,0.7723400154202005,0.42158132791519165,0.5169802295918368,0.10293765943877552,2253,7893,0,82,5.273593513777255,0.9991434165899835,0.5920447997163079,0.0019816579297184944
flickr,short_step016,14742398172,122,0.7138547897338867,0.46888434886932373,0.244970440864563,0.7982025146484375,0.8372745116366016,0.9090724578851228,0.22681382298469543,0.4909717793367347,0.028459821428571428,6324,6663,0,0,5.269495462376566,0.9983669932522445,0.7948394882078401,0.0022669206373393536
flickr,short_step016,14778198185,123,0.6777136921882629,0.4386487603187561,0.23906493186950684,0.8287811279296875,0.7010268562401264,0.9412700517035663,0.20593662559986115,0.3006616709183674,0.002152423469387755,7882,3959,0,0,5.264012102318713,0.9973281071325077,0.6973089766254174,0.00291352323256433
flickr,short_step016,14899015793,124,0.7893091440200806,0.48087406158447266,0.3084350824356079,0.96673583984375,0.8841797302794205,0.9869891721969961,0.2875223457813263,0.5705915178571429,0.005221619897959184,7980,3884,0,0,5.273896730935546,0.9992008645951647,0.8769901616957885,0.001628001220524311
flickr,short_step016,15135657108,125,0.6712872982025146,0.4492869973182678,0.22200030088424683,0.873203125,0.692131852055045,0.9847998612255519,0.27431586384773254,0.45956234056122447,0.0,278,8916,347,0,5.273101792640637,0.9990502543211878,0.692131852055045,0.002117554657161236
flickr,short_step016,15210828119,126,0.6555819511413574,0.5821380615234375,0.07344388961791992,0.627716064453125,0.706952212067476,0.7626428606464905,0.3398377001285553,0.4063097895408163,0.0839046556122449,7340,4777,0,0,5.271765516859007,0.9987970813857926,0.5933671716978972,0.0022081034258008003
flickr,short_step016,15679023977,127,0.8636233806610107,0.7087464928627014,0.15487688779830933,0.8765716552734375,0.9922892847646902,0.5198736998514116,0.3916551470756531,0.4292091836734694,0.1875,5323,168,0,266,5.267445901211764,0.997978680133427,0.5411048281861679,0.0025403364561498165
flickr,short_step016,15799251138,128,0.5862711668014526,0.6354599595069885,-0.04918879270553589,0.521759033203125,0.5996649129399975,0.8204859028194361,0.41268622875213623,0.46512276785714285,0.05620216836734694,5741,10255,0,0,5.273474579193161,0.9991208830544746,0.551004258747698,0.001994833815842867
flickr,short_step016,15994498891,129,0.6858658194541931,0.5352809429168701,0.150584876537323,0.751220703125,0.6782073874434194,0.8433082706766918,0.343906968832016,0.4638671875,0.05195711096938776,2625,5243,1502,428,5.274966768130666,0.9994035955444155,0.6221630531253962,0.001619766466319561
flickr,short_step016,16012165838,130,0.7429708242416382,0.5427795052528381,0.20019131898880005,0.8920440673828125,0.8559948713361362,0.9558333888259972,0.3726672828197479,0.5985730229591837,0.01594387755102041,6314,5165,0,0,5.272465919851292,0.9989297808509435,0.8360514896467368,0.0023792271967977285
flickr,short_step016,16101081359,131,0.7146583199501038,0.529809296131134,0.18484902381896973,0.8157501220703125,0.7726710455250274,0.9299043864799128,0.2515745162963867,0.47524713010204084,0.0107421875,2458,6369,0,0,5.269227369483573,0.9983161999462439,0.7584266780675503,0.002317482838407159
flickr,short_step016,16369370669,132,0.7856840491294861,0.73374342918396,0.05194061994552612,0.685577392578125,0.8903955564550586,0.6604890905451392,0.39988186955451965,0.5973772321428571,0.13823341836734693,2642,2182,0,427,5.2724332455962175,0.9989235903345973,0.6786822303354416,0.0018420806154608727
flickr,short_step016,16419739420,133,0.6467589139938354,0.8653879165649414,-0.21862900257110596,0.1982421875,0.6801106659720101,0.6177104069444898,0.6004437208175659,0.610710299744898,0.19288105867346939,34,5061,1,4335,5.274607603889494,0.9993355477159084,0.5046321598528373,0.0018449393101036549
flickr,short_step016,16563757295,134,0.7167036533355713,0.8809329271316528,-0.16422927379608154,0.267822265625,0.6985815602836879,0.5932245922208281,0.5115944743156433,0.5559430803571429,0.18405213647959184,241,6765,0,1371,5.270927179404209,0.9986382486379416,0.5026273425872491,0.0022734079975634813
flickr,short_step016,16659090834,135,0.7546674609184265,0.6842694282531738,0.07039803266525269,0.6680755615234375,0.8046648822854646,0.7655383869179601,0.46231725811958313,0.5752551020408163,0.11910076530612244,1734,5288,0,819,5.273500291671294,0.9991257545814861,0.6608496702705128,0.0019886516965925694
flickr,short_step016,16804898716,136,0.6830486059188843,0.6761761903762817,0.006872415542602539,0.522796630859375,0.6566937632812764,0.845742832319722,0.3446737229824066,0.45878507653061223,0.058095503826530615,2974,8613,0,0,5.273391014052137,0.9991050506699171,0.5979055340581045,0.0018805661238729954
flickr,short_step016,16950760048,137,0.7173857688903809,0.6855120658874512,0.03187370300292969,0.589996337890625,0.7082656956083008,0.7002168726957276,0.39917972683906555,0.4594826211734694,0.12519929846938777,4885,4652,0,5,5.269384201874709,0.9983459136605644,0.5552364574376613,0.002515963278710842
flickr,short_step016,17140316339,138,0.7820965051651001,0.565133273601532,0.21696323156356812,0.944183349609375,0.9650297445468331,0.823236745741124,0.3016304671764374,0.5007174744897959,0.04456313775510204,9665,1277,0,0,5.269563694108397,0.9983799205447034,0.8738618839385681,0.002263421658426523
flickr,short_step016,17537079145,139,0.8164380192756653,0.7205432057380676,0.09589481353759766,0.77899169921875,0.9577489604623299,0.7651314678227578,0.46770671010017395,0.7079480229591837,0.10662468112244898,1030,956,0,1213,5.273357655712504,0.9990987305458221,0.8058289848197343,0.00213787448592484
flickr,short_step016,19306860381,140,0.6460685729980469,0.5037147998809814,0.14235377311706543,0.7118072509765625,0.6437875302482597,0.9646150402864816,0.27349522709846497,0.4452327806122449,0.008549904336734694,2046,5377,40,0,5.271281799723612,0.9987054355678016,0.6356409651348003,0.0022524904925376177
flickr,short_step016,20854461578,141,0.795503556728363,0.5528939366340637,0.24260962009429932,0.88787841796875,0.9093654356253825,0.8286787400989178,0.2789990305900574,0.5359335140306123,0.023676658163265307,3258,3264,0,117,5.27122490420198,0.9986946560517612,0.8673179465223991,0.002003651112318039
flickr,short_step016,2401957951,142,0.7957980036735535,0.7634053826332092,0.03239262104034424,0.6123199462890625,1.0,0.28525155899981836,0.595583975315094,0.6583625637755102,0.44467474489795916,10026,0,0,1082,5.275290842471486,0.9994649951845794,0.29692768236962347,0.0017824298702180386
flickr,short_step016,2404965389,143,0.5574224591255188,0.7438952922821045,-0.1864728331565857,0.287261962890625,0.39435232128229536,0.9091721110657411,0.6412736177444458,0.3904655612244898,0.005998883928571429,91,19303,0,0,5.275569998841821,0.9995178845945974,0.391741807785353,0.0015468518249690533
flickr,short_step016,2432219254,144,0.6021386384963989,0.6585835814476013,-0.05644494295120239,0.4385223388671875,0.5460024626817308,0.6207023575638507,0.42744722962379456,0.4057716836734694,0.1380939094387755,6518,7125,0,0,5.2731240511521955,0.9990544714541975,0.4202064872233952,0.001980038359761238
flickr,short_step016,2462141223,145,0.6306371092796326,0.5946035385131836,0.036033570766448975,0.594879150390625,0.6517993874425727,0.8376154813316569,0.2981525659561157,0.3645766900510204,0.040915975765306124,1900,3087,50,280,5.2710341105640754,0.9986585079856007,0.5994483783889519,0.002084059175103903
flickr,short_step016,2465634368,146,0.6744100451469421,0.7004910707473755,-0.02608102560043335,0.484771728515625,0.6806627218934911,0.8356320948432838,0.4269006550312042,0.5144092793367347,0.030293367346938774,1105,11008,0,195,5.27348834184372,0.9991234905481436,0.649506888504103,0.002143644727766514
flickr,short_step016,2499673064,147,0.7038452625274658,0.6237725019454956,0.08007276058197021,0.6150054931640625,0.8064916688324815,0.5361078051215111,0.44170963764190674,0.5191127232142857,0.19921875,8545,4397,0,0,5.273907440814897,0.9992028937059444,0.5113051756650373,0.0019368091598153114
flickr,short_step016,2509250774,148,0.7808070182800293,0.6172909736633301,0.16351604461669922,0.78692626953125,0.882301074119596,0.680789213260762,0.3803519308567047,0.4833386479591837,0.11856265943877552,5730,2691,0,1186,5.266976667257755,0.9978897783220221,0.6694712513178169,0.0027262831572443247
flickr,short_step016,2542659118,149,0.6607452034950256,0.8072218894958496,-0.14647668600082397,0.262359619140625,0.7283982571933911,0.3315725394705836,0.5492592453956604,0.507453762755102,0.3213687818877551,4298,794,242,1905,5.2742142742751215,0.999261026861443,0.3046129422164493,0.0019122147932648659
flickr,short_step016,2630218696,150,0.7312234044075012,0.6199156045913696,0.11130779981613159,0.7196502685546875,0.7176349180971207,0.9283270033467453,0.2706618905067444,0.5299944196428571,0.03366151147959184,832,3868,386,3,5.273936788586022,0.9992084539813495,0.6840493772426883,0.00169667461887002
flickr,short_step016,2695985181,151,0.6356079578399658,0.5303608775138855,0.10524708032608032,0.6978683471679688,0.6106739579637244,0.9041967983188083,0.3174869418144226,0.322444993622449,0.016183035714285716,11169,8819,0,0,5.2726301791583925,0.9989609016805777,0.5906530735843343,0.0022722571156919003
flickr,short_step016,2698329253,152,0.6500183939933777,0.4777131676673889,0.17230522632598877,0.7450408935546875,0.6284273662008963,0.8992690403206791,0.3294179439544678,0.4226124043367347,0.03017378826530612,7321,11179,0,0,5.274480004251086,0.9993113724854245,0.5985623705191788,0.0018490576185286045
flickr,short_step016,2766580444,153,0.8587450981140137,0.7557727098464966,0.10297238826751709,0.8166961669921875,1.0,0.3751437699680511,0.4059458374977112,0.31190210459183676,0.18550701530612246,11288,0,0,161,5.273257429825049,0.9990797415897411,0.3867843731471111,0.002009643241763115
flickr,short_step016,2778088729,154,0.7196882963180542,0.6358269453048706,0.0838613510131836,0.6814117431640625,0.8227588383838383,0.6717437245502809,0.4013217091560364,0.3866589604591837,0.11658960459183673,4972,2541,0,1415,5.2717119393397525,0.998786930503761,0.6008529276164131,0.0022709504701197147
flickr,short_step016,2808068937,155,0.6362460851669312,0.5509592294692993,0.08528685569763184,0.627960205078125,0.6216488302365789,0.788721052923863,0.31942737102508545,0.3588767538265306,0.06548947704081633,10980,6661,0,0,5.275105591155754,0.9994298971755945,0.5434803405720846,0.001405754592269659
flickr,short_step016,2811549163,156,0.6372599601745605,0.5368577241897583,0.10040223598480225,0.6641998291015625,0.6314166666666666,0.862041503595158,0.4886033535003662,0.4379384566326531,0.05325255102040816,9282,9923,0,0,5.276544777812507,0.9997025677691059,0.579777791380999,0.0014188671484589577
flickr,short_step016,2819123278,157,0.7496861219406128,0.4868876039981842,0.2627985179424286,0.9526214599609375,0.8698322789465941,0.9750154607297464,0.2630712389945984,0.4833984375,0.0030891262755102043,4339,4552,0,0,5.268000860115876,0.9980838235302537,0.8649014372965659,0.0026199673302471638
flickr,short_step016,2858344348,158,0.6118463277816772,,,,0.5837885154061625,0.8926066705926441,0.18734599649906158,0.37226961096938777,0.0,0,11435,0,0,5.274109248509086,0.9992411285127303,0.5837885154061625,0.0017123958095908165
flickr,short_step016,2895192729,159,0.7755985260009766,0.6046068072319031,0.1709917187690735,0.8226776123046875,0.8336306118328061,0.8944679160798757,0.27525395154953003,0.5519172512755102,0.03286431760204082,2647,5295,0,0,5.270554385291033,0.9985676184722015,0.7898000829002327,0.0020973614882677794
flickr,short_step016,2897081671,160,0.6608418226242065,0.46186238527297974,0.1989794373512268,0.78887939453125,0.6573498082658713,0.9866973650550013,0.22381962835788727,0.3895288584183674,0.0,2141,8897,0,0,5.273034607261112,0.9990375252723014,0.6573498082658713,0.0018651415593922138
flickr,short_step016,2897653916,161,0.8224753141403198,0.6246885657310486,0.19778674840927124,0.845855712890625,0.9682125818262509,0.5310351122740826,0.3560177981853485,0.32750717474489793,0.13430723852040816,12770,506,0,86,5.266754203812652,0.9978476300438078,0.5539931437277806,0.0027261171489953995
flickr,short_step016,2907554899,162,0.6880844235420227,0.7214363813400269,-0.03335195779800415,0.4893798828125,0.7460980036297641,0.7397755529380972,0.49951279163360596,0.6091358418367347,0.13600127551020408,5346,7584,0,0,5.2733694413662775,0.9991009634745353,0.6089714239543215,0.001934136264026165
flickr,short_step016,2935372113,163,0.8545687794685364,0.6837741136550903,0.17079466581344604,0.883941650390625,0.9807661432745721,0.6589006816809043,0.4207209646701813,0.46193399234693877,0.14335538903061223,7428,360,0,0,5.269590969736534,0.9983850882286014,0.6708691163873575,0.0025029878597706556
flickr,short_step016,2961466546,164,0.6481150388717651,0.7795224189758301,-0.13140738010406494,0.298919677734375,0.5855278288868445,0.6011866107798571,0.7582735419273376,0.6751833545918368,0.22658242984693877,1425,3332,1402,0,5.276352902762726,0.999666214816931,0.44129309037332354,0.0015379656106233597
flickr,short_step016,3012435981,165,0.6711385250091553,0.8572858572006226,-0.18614733219146729,0.20404052734375,0.6811916995611617,0.5312671986791414,0.5686939358711243,0.5794005102040817,0.25448421556122447,2038,1987,1639,962,5.273873494852632,0.9991964622499309,0.4357762573181914,0.0018043513409793377
flickr,short_step016,3052033339,166,0.8670282363891602,0.9152883887290955,-0.0482601523399353,0.3265228271484375,1.0,0.3969457691606077,0.6396942138671875,0.7647680165816326,0.3897680165816326,3831,0,0,0,5.274194640661396,0.9992573070457526,0.43783954698324185,0.0018206802196800709
flickr,short_step016,3102685146,167,0.7358471155166626,0.5242071151733398,0.21164000034332275,0.83056640625,0.8404008536698525,0.6685119574844995,0.33203384280204773,0.4050143494897959,0.04751275510204082,11771,2494,2,0,5.27269973688691,0.9989740801984782,0.7323917086713928,0.001994416117668152
flickr,short_step016,3109408703,168,0.651884913444519,0.46872061491012573,0.1831642985343933,0.7908782958984375,0.7089036408431426,0.9534701767304861,0.28131425380706787,0.4330357142857143,0.0055404974489795915,3144,5571,0,0,5.273094533046795,0.9990488789069895,0.7022235780625042,0.001891634427011013
flickr,short_step016,3202731977,169,0.6825374364852905,0.41401585936546326,0.26852157711982727,0.89825439453125,0.6991970352069179,0.9311763092953113,0.21354390680789948,0.29073660714285715,0.004862882653061225,3936,5269,0,0,5.2692621848192704,0.9983227961151309,0.6905246034973567,0.002424817066639662
flickr,short_step016,3207674548,170,0.8223557472229004,0.6239724159240723,0.19838333129882812,0.892120361328125,0.9632348882141871,0.6619499241274659,0.42711499333381653,0.5253507653061225,0.1456672512755102,5476,431,1002,3298,5.273441688222547,0.9991146514788577,0.6863200125865324,0.0018840311095118523
flickr,short_step016,3230152596,171,0.8355544805526733,0.7302811145782471,0.10527336597442627,0.8323974609375,0.9782119243046056,0.8602812171036143,0.484336256980896,0.7951610331632653,0.09813456632653061,2412,696,5047,0,5.275817937731733,0.9995648594911126,0.8578301509547136,0.001627674326300621
flickr,short_step016,3403348616,172,0.747235119342804,0.5684772729873657,0.17875784635543823,0.7846832275390625,0.7591884666316868,0.8326026196087029,0.3133622109889984,0.36365991709183676,0.047731983418367346,3965,4544,427,117,5.271798439186677,0.9988033189023672,0.6780398545065048,0.0020760241895914078
flickr,short_step016,3413119417,173,0.7191632390022278,0.520995020866394,0.19816821813583374,0.8656005859375,0.8024611127416041,0.9732773963895245,0.30476632714271545,0.3919204400510204,0.008450255102040817,10009,4590,0,0,5.273132468616032,0.9990560662402868,0.7884449021627189,0.0020255628041923046
flickr,short_step016,3416359816,174,0.8759008049964905,0.693202018737793,0.1826987862586975,0.85369873046875,0.9941977167231213,0.5710708366361605,0.48065653443336487,0.5531329719387755,0.22126116071428573,11840,108,0,0,5.2709240808467035,0.9986376615803072,0.5860634521520485,0.002263144124299288
flickr,short_step016,3484198977,175,0.7466225624084473,0.7603602409362793,-0.013737678527832031,0.4941864013671875,0.784873988654329,0.7056942179857018,0.44999635219573975,0.47670200892857145,0.13301179846938777,6362,4524,0,64,5.272534036081,0.9989426862601862,0.5989886444286728,0.002069807145744562
flickr,short_step016,3535748358,176,0.7756742835044861,0.5798782706260681,0.19579601287841797,0.8085479736328125,0.8724323504888957,0.8638546982888021,0.33099108934402466,0.5310905612244898,0.044244260204081634,5622,1923,2352,194,5.270382727768759,0.998535095964951,0.8047262811997483,0.002238033339381218
flickr,short_step016,3568893693,177,0.7821184396743774,0.7354898452758789,0.046628594398498535,0.5991363525390625,0.9171622264509991,0.7855251095039217,0.46083173155784607,0.5869539221938775,0.11122847576530612,1276,557,1493,1415,5.273490658207162,0.9991239294100465,0.7509982145755559,0.001993776299059391
flickr,short_step016,3668283413,178,0.7095717787742615,0.6748753190040588,0.03469645977020264,0.642364501953125,0.7661016949152543,0.8227885466889698,0.5075748562812805,0.6076411033163265,0.10002790178571429,1511,2969,722,1839,5.274738195057614,0.9993602897263707,0.6642834445503655,0.0019973625894635916
flickr,short_step016,3709678770,179,0.6527753472328186,0.5459473133087158,0.10682803392410278,0.682830810546875,0.6443322981366459,0.9555922315191525,0.34535157680511475,0.5192522321428571,0.023058832908163265,2234,7724,0,0,5.273871752733423,0.9991961321852542,0.6255999195919291,0.0018155593425035477
flickr,short_step016,3719297546,180,0.6498386859893799,0.6164158582687378,0.03342282772064209,0.610992431640625,0.6883717191205434,0.8719959266802444,0.3417782783508301,0.391422193877551,0.039341517857142856,4174,3337,0,37,5.271891503326235,0.9988209509822985,0.637768591963654,0.0020773177966475487
flickr,short_step016,3727937033,181,0.7626835107803345,0.501284122467041,0.26139938831329346,0.8528900146484375,0.8562512432862542,0.829359344894027,0.32261908054351807,0.4137436224489796,0.05759725765306122,6649,2559,854,226,5.2709214067022625,0.9986371549326473,0.7486520567005827,0.002122144214808941
flickr,short_step016,3749326537,182,0.8010187149047852,0.8324645757675171,-0.031445860862731934,0.4174652099609375,0.9792341575966625,0.6055923897376766,0.501413881778717,0.6913663903061225,0.2553810586734694,5701,515,0,0,5.271156568624788,0.9986817090845951,0.6130590209382067,0.0021666609682142735
flickr,short_step016,3790233127,183,0.7749048471450806,0.6502217650413513,0.12468308210372925,0.7599716186523438,0.8954314945634121,0.8171658380825351,0.314169317483902,0.4930843431122449,0.06644610969387756,2228,2646,0,0,5.2710245181036885,0.9986566905827957,0.7802219006271105,0.0019586673006415367
flickr,short_step016,3801318146,184,0.768061637878418,0.7171970009803772,0.05086463689804077,0.6978302001953125,0.8802490487720512,0.6751207088661325,0.5836328268051147,0.7512356505102041,0.20489875637755103,3005,763,3181,2366,5.275290193928262,0.9994648723105484,0.6493327549692531,0.0018695476464927197
flickr,short_step016,3828103578,185,0.7591319680213928,0.6684954166412354,0.09063655138015747,0.71185302734375,0.9339458035110209,0.5193869064121351,0.4065572917461395,0.5032087053571429,0.17926897321428573,5607,1722,0,0,5.271122387576831,0.9986752330888725,0.5692705055021379,0.0021930295042693615
flickr,short_step016,3896768873,186,0.7696497440338135,0.5822867751121521,0.18736296892166138,0.8464202880859375,0.8747589175142619,0.8233585569059084,0.30769309401512146,0.521484375,0.03966039540816327,2037,2576,2424,863,5.271149290899871,0.9986803302352546,0.8093619099498469,0.0020641684532165527
flickr,short_step016,3908875350,187,0.6844583749771118,0.6211289763450623,0.06332939863204956,0.61871337890625,0.6971317810437471,0.7672553467271549,0.3845701217651367,0.3690210459183674,0.07391980229591837,10244,2836,1,0,5.271043758070714,0.9986603358175562,0.5897872340425532,0.0024845364969223738
flickr,short_step016,3956341886,188,0.6287751197814941,0.6903302669525146,-0.06155514717102051,0.4394378662109375,0.5890583637967982,0.759449294205052,0.4162803888320923,0.4292091836734694,0.09761639030612244,4844,6902,2004,101,5.274454734400538,0.9993065848193392,0.5007271113016057,0.0017835893668234348
flickr,short_step016,4007045926,189,0.8367123007774353,0.604211688041687,0.2325006127357483,0.87249755859375,0.9508039079929226,0.6009383964603491,0.42294827103614807,0.4098971619897959,0.13767538265306123,8977,1129,0,1077,5.275102463886371,0.9994293046781623,0.6208620083387753,0.0015194648876786232
flickr,short_step016,4041216001,190,0.7180149555206299,0.8085030317306519,-0.09048807621002197,0.44873046875,0.7023089488322811,0.749105292898851,0.5525930523872375,0.6348453443877551,0.14060507015306123,663,5725,0,525,5.27509128892269,0.9994271874517656,0.5815531969340628,0.0014789905399084091
flickr,short_step016,4180455681,191,0.8853784799575806,0.8076813817024231,0.07769709825515747,0.7098388671875,1.0,0.43090700822659583,0.5159125924110413,0.5741589604591837,0.28202726403061223,3956,0,0,1379,5.274400305933565,0.9992962727153991,0.4673066064370412,0.0016472958959639072
flickr,short_step016,4303617148,192,0.7587525248527527,0.5660463571548462,0.1927061676979065,0.8356170654296875,0.8864060928294295,0.8919495354806058,0.3139747679233551,0.5513193558673469,0.030113998724489797,2669,3133,0,0,5.270509940296159,0.9985591978527676,0.8407673697481856,0.0022363190073519945
flickr,short_step016,4351373013,193,0.6241464614868164,0.6038995981216431,0.02024686336517334,0.5894317626953125,0.6156302489986526,0.7940812342269415,0.4106728434562683,0.41854671556122447,0.08316725127551021,4686,7535,14,1374,5.274554552075756,0.9993254964348804,0.5334516897781616,0.0019061402417719364
flickr,short_step016,4407899725,194,0.5985709428787231,0.3916025161743164,0.20696842670440674,0.7531280517578125,0.5866332606644323,0.9560905764437609,0.16118139028549194,0.3758171237244898,0.00015943877551020407,3878,5829,0,0,5.267229023598499,0.9979375901557991,0.5864805959467811,0.002608973765745759
flickr,short_step016,4479260803,195,0.6967285871505737,0.6941015720367432,0.0026270151138305664,0.5894775390625,0.7055708252329557,0.55249343832021,0.3560289442539215,0.37966358418367346,0.07932079081632654,2506,1463,118,260,5.270085752751978,0.9984788306058305,0.556966714293274,0.002418084070086479
flickr,short_step016,4543136011,196,0.6778312921524048,0.6366161108016968,0.04121518135070801,0.57440185546875,0.6556608168970337,0.5459035895313955,0.3186611533164978,0.3853236607142857,0.10355548469387756,3976,7844,0,0,5.2691577606423845,0.9983030117444553,0.49566769201869115,0.0023917844519019127
flickr,short_step016,4576746825,197,0.7826555967330933,0.7699772119522095,0.012678384780883789,0.627105712890625,0.8172695929604281,0.45320168930487387,0.3997268080711365,0.34921077806122447,0.17091836734693877,12418,2111,0,0,5.267047408737319,0.997903181115279,0.43411234112341124,0.0027474425733089447
flickr,short_step016,4646464908,198,0.5410211682319641,0.6510701775550842,-0.11004900932312012,0.416015625,0.5406655485921088,0.6952869596803487,0.4517917037010193,0.43893494897959184,0.02303890306122449,166,10174,1157,1095,5.26971411988751,0.9984084204521182,0.5194633376867887,0.00216582790017128
flickr,short_step016,4657718822,199,0.7716103792190552,0.5542076826095581,0.21740269660949707,0.8686065673828125,0.898009737763731,0.8749531854687695,0.3517625629901886,0.4789341517857143,0.03326291454081633,5015,2931,63,36,5.271450158142902,0.9987373330217525,0.8382569868038113,0.002234003972262144
flickr,short_step016,4717096777,200,0.6637236475944519,0.830184280872345,-0.16646063327789307,0.3274688720703125,0.6362149532710281,0.46313159065337417,0.7859663963317871,0.7616589604591837,0.33456234056122447,1309,3073,4232,1032,5.276523507783673,0.9996985379156057,0.39678749971977495,0.001150461845099926
flickr,short_step016,4755507106,201,0.7038998603820801,0.6748064756393433,0.029093384742736816,0.5942230224609375,0.7273709808159957,0.78137698827354,0.3236156702041626,0.3433115433673469,0.06684470663265306,3874,5146,0,0,5.271246727723126,0.9986987907707954,0.6157646735898257,0.002198209520429373
flickr,short_step016,4758950312,202,0.7874600291252136,0.6078751087188721,0.17958492040634155,0.8387908935546875,0.9390258147412686,0.6582509962334189,0.3560177981853485,0.36509486607142855,0.07045200892857142,8656,645,134,381,5.272707974790077,0.9989756409647175,0.7363294965346686,0.0020102025009691715
flickr,short_step016,4767923306,203,0.7875208854675293,0.6577303409576416,0.1297905445098877,0.822052001953125,0.9284914604225721,0.6406594129055586,0.3860446512699127,0.6062858737244898,0.09640066964285714,2270,1652,0,2,5.271314755954066,0.9987116795076516,0.7546026522117898,0.002208863152191043
flickr,short_step016,4876943924,204,0.8279006481170654,0.7557441592216492,0.07215648889541626,0.55352783203125,0.9812091503267973,0.23332167696312703,0.5223994255065918,0.5129344706632653,0.38095902423469385,12467,164,572,0,5.274526955901167,0.9993202680197416,0.237963146423618,0.0016622943803668022
flickr,short_step016,4938432980,205,0.8528876304626465,0.6871033310890198,0.1657842993736267,0.890838623046875,0.999766318741237,0.7043168099506127,0.36406072974205017,0.5447823660714286,0.14775988520408162,7376,9,0,0,5.269964154249862,0.9984557923601751,0.7218514491395148,0.0020804032683372498
flickr,short_step016,4957886467,206,0.7666424512863159,0.6771253347396851,0.08951711654663086,0.67681884765625,0.861951336513605,0.6714345028025742,0.3464171290397644,0.48001036352040816,0.10764110331632654,2858,3298,81,0,5.268238141591048,0.9981287792560178,0.6692809105018107,0.0024153501726686954
flickr,short_step016,4965189170,207,0.7987536191940308,0.6878159046173096,0.11093771457672119,0.7069091796875,0.890379142268311,0.5771171706034519,0.41824132204055786,0.4699657206632653,0.17600047831632654,9559,1402,0,0,5.2744865829078185,0.9993126188881946,0.564325848520661,0.0015517901629209518
flickr,short_step016,5006362787,208,0.5996533036231995,,,,0.5320637803477472,1.0,0.1662646383047104,0.3970224808673469,0.0,500,12291,0,0,5.2683012423575075,0.9981407344276148,0.5320637803477472,0.002598540624603629
flickr,short_step016,5130986168,209,0.763717532157898,0.6606177091598511,0.10309982299804688,0.7492523193359375,0.8942534149788036,0.6791136724960254,0.40180495381355286,0.5014349489795918,0.14471061862244897,3887,1988,0,277,5.273461820080987,0.9991184656927844,0.6480013652912622,0.0018564453348517418
flickr,short_step016,5179649119,210,0.6643035411834717,0.7160772085189819,-0.051773667335510254,0.4210662841796875,0.6099861303744799,0.5792705167173252,0.4761456251144409,0.4917689732142857,0.19240274234693877,3063,5979,0,1482,5.271895721367809,0.9988217501391653,0.4320039895425627,0.0021783991251140833
flickr,short_step016,5194793239,211,0.826799750328064,0.6275778412818909,0.1992219090461731,0.91015625,0.958513489369305,0.5446497461928934,0.45252731442451477,0.4907724808673469,0.19224330357142858,11600,706,0,166,5.2737879334106,0.9991802516430085,0.5673794868540728,0.0018935934640467167
flickr,short_step016,5220919991,212,0.7417712807655334,0.7534977197647095,-0.011726438999176025,0.5540771484375,0.7850060096153846,0.7826803368729404,0.432613343000412,0.5987125318877551,0.10445232780612244,2117,3299,23,0,5.274649304366748,0.9993434483546679,0.6681016111158469,0.0016843881458044052
flickr,short_step016,5237296528,213,0.813421368598938,0.863591194152832,-0.05016982555389404,0.41485595703125,0.8882996125699526,0.7015148630639941,0.5807008743286133,0.7328005420918368,0.2161591198979592,5609,0,7279,0,5.273148482223234,0.9990591002037824,0.6467336116439129,0.002076131757348776
flickr,short_step016,5303633386,214,0.8448364734649658,0.6651674509048462,0.17966902256011963,0.81951904296875,0.9679352396972245,0.6659433655202344,0.4323248863220215,0.5510801977040817,0.15204480229591838,8605,922,0,0,5.2716650738307385,0.9987780512898675,0.6908790755262072,0.002110270783305168
flickr,short_step016,5344317532,215,0.8319544196128845,0.6871856451034546,0.14476877450942993,0.836578369140625,0.9894447657605553,0.6272457285326685,0.4536377191543579,0.5435666454081632,0.16882573341836735,3745,112,0,450,5.272452060327898,0.9989271550035927,0.6640852451379993,0.0020920955576002598
flickr,short_step016,5480070309,216,0.8703548908233643,0.6990269422531128,0.17132794857025146,0.8975677490234375,1.0,0.5272101928094609,0.4943069517612457,0.5881497130102041,0.2657047193877551,8488,0,0,119,5.270006273852716,0.9984637724071377,0.5385334279434416,0.002440358977764845
flickr,short_step016,5490101320,217,0.6305935382843018,0.5847543478012085,0.04583919048309326,0.5687103271484375,0.6450489780455685,0.8935229146883902,0.31664618849754333,0.39877630739795916,0.03262515943877551,1519,5986,965,126,5.273975480557552,0.9992157846238285,0.6090755787214472,0.0019236714579164982
flickr,short_step016,5601291878,218,0.7813425064086914,0.6473965048789978,0.1339460015296936,0.7781219482421875,0.9407348110525299,0.62435878645757,0.44371333718299866,0.5439253826530612,0.09394929846938775,7109,976,0,482,5.275165480185429,0.999441243846431,0.7464680757857847,0.0017441208474338055
flickr,short_step016,5607310495,219,0.6603527665138245,0.48045614361763,0.17989662289619446,0.8762664794921875,0.6812771971584781,0.8859733978234583,0.26038944721221924,0.4120495854591837,0.0,1796,7533,153,0,5.271433225062906,0.9987341248534785,0.6812771971584781,0.0023544528521597385
flickr,short_step016,5697766486,220,0.6526330709457397,0.6949401497840881,-0.04230707883834839,0.5070343017578125,0.6903223937664745,0.6295435333896873,0.37775805592536926,0.37723214285714285,0.13169642857142858,11461,3221,0,0,5.271749076775844,0.9987939666214829,0.49921447872808394,0.0020245565101504326
flickr,short_step016,5801923729,221,0.7703933715820312,0.566102147102356,0.2042912244796753,0.8285064697265625,0.8152992277992278,0.7289949510205843,0.39995184540748596,0.4618343431122449,0.11941964285714286,7830,3849,0,278,5.274679396332861,0.9993491496264394,0.6324123989218329,0.0016115419566631317
flickr,short_step016,5873098388,222,0.7121522426605225,0.4971146583557129,0.21503758430480957,0.8788909912109375,0.7779992567316464,0.9501959975242418,0.178066685795784,0.48299984056122447,0.0007573341836734694,2905,7321,0,0,5.2685913967191755,0.998195707534567,0.7770017208219455,0.0023091817274689674
flickr,short_step016,5906878321,223,0.7834877967834473,0.6568223237991333,0.12666547298431396,0.7227325439453125,0.9112297010386182,0.5349322913157717,0.5090903639793396,0.5916374362244898,0.23284040178571427,7614,2566,0,0,5.27455714635888,0.9993259879518883,0.5455170044658193,0.0017715543508529663
flickr,short_step016,5991393107,224,0.6105064749717712,0.51963210105896,0.09087437391281128,0.6537017822265625,0.5613568811235001,0.9079462786793508,0.2825113832950592,0.3917610012755102,0.030811543367346938,7671,8817,0,0,5.26564888962217,0.9976382154588957,0.5353259646965312,0.0029757742304354906
flickr,short_step016,6067281197,225,0.7629731893539429,0.5598448514938354,0.20312833786010742,0.8267059326171875,0.8298708278507756,0.8941493610223642,0.3177085816860199,0.49904336734693877,0.02911750637755102,6333,3173,1748,0,5.271727021521258,0.9987897879978624,0.7872400274256782,0.0020951414480805397
flickr,short_step016,6098668510,226,0.7175689935684204,0.6561633348464966,0.06140565872192383,0.6719970703125,0.7540162927228872,0.842754925565465,0.4288620054721832,0.5877112563775511,0.05345184948979592,3134,3609,211,212,5.27221428066469,0.9988821048903308,0.6972770506291823,0.0025018148589879274
flickr,short_step016,6158154336,227,0.7541162967681885,0.4810659885406494,0.27305030822753906,0.9095611572265625,0.8024884361854723,0.9630575219527291,0.22713375091552734,0.5152064732142857,0.0005381058673469387,2465,6474,0,0,5.267029023221793,0.9978996977662589,0.8017906313907989,0.002528525423258543
flickr,short_step016,6185482260,228,0.7046297192573547,0.47804880142211914,0.2265809178352356,0.801055908203125,0.700586182833217,0.970890874627674,0.2665140926837921,0.5152064732142857,0.00603874362244898,4642,10411,0,0,5.274283521802468,0.9992741466081362,0.694710473870682,0.0016160085797309875
flickr,short_step016,6289328021,229,0.7437069416046143,0.7373174428939819,0.006389498710632324,0.583740234375,0.8057014925373134,0.6066756574511126,0.39398086071014404,0.44333944515306123,0.13787468112244897,7703,3913,0,0,5.270566005136047,0.9985698199865233,0.570200270407301,0.0021968227811157703
flickr,short_step016,6458319057,230,0.7621113657951355,0.6572936773300171,0.10481768846511841,0.6921234130859375,0.9041116773378631,0.7015038864481243,0.4839148223400116,0.5897241709183674,0.14955357142857142,9523,1147,263,153,5.2743022769001335,0.9992776999787764,0.6814003873551522,0.0019555329345166683
flickr,short_step016,6669466181,231,0.6699836850166321,0.7360435724258423,-0.0660598874092102,0.43743896484375,0.6653248993674525,0.7613273171648807,0.3575966954231262,0.42402742346938777,0.09099968112244898,2028,4084,854,1009,5.273631599694641,0.9991506324084801,0.560251798561151,0.0017237160354852676
flickr,short_step016,6755812421,232,0.742351770401001,0.5792560577392578,0.16309571266174316,0.824859619140625,0.8489669200299754,0.910805347544448,0.27927732467651367,0.43381297831632654,0.03077168367346939,2921,3886,0,190,5.26912002855863,0.9982958629638413,0.7963167513505914,0.002383228624239564
flickr,short_step016,6897499873,233,0.7783145904541016,0.643537163734436,0.13477742671966553,0.783447265625,0.9044653504703856,0.630606494526306,0.37754079699516296,0.431461256377551,0.0862563775510204,8011,1570,362,55,5.269631021120999,0.9983926764276176,0.7029142209865101,0.002496669301763177
flickr,short_step016,7178293884,234,0.6671262383460999,0.8154630661010742,-0.14833682775497437,0.316192626953125,0.6835626452236118,0.7545823966799239,0.6770009994506836,0.6915258290816326,0.1317761479591837,192,3732,617,5105,5.274938916419681,0.9993983187149446,0.5829344317043303,0.001721853855997324
flickr,short_step016,7387939334,235,0.7278055548667908,0.7251836657524109,0.002621889114379883,0.5015869140625,0.81062117355713,0.5815047537585946,0.5558691620826721,0.6058075573979592,0.22136080994897958,2031,4087,7,1424,5.27418395646074,0.9992552828000993,0.537060387390809,0.002213594503700733
flickr,short_step016,7560517176,236,0.7560786604881287,0.7033228278160095,0.05275583267211914,0.5640716552734375,0.836325092230604,0.5622038791827065,0.3907383680343628,0.5384247448979592,0.13544323979591838,3445,3699,0,153,5.269214394770181,0.9983137417364037,0.6085867692430982,0.0022378794383257627
flickr,short_step016,7623513024,237,0.819907546043396,0.6375929117202759,0.18231463432312012,0.81231689453125,0.9312903041716601,0.5463706977367082,0.33836829662323,0.29763233418367346,0.12332589285714286,7659,1133,0,0,5.266713805794295,0.997839976170983,0.5458042074985785,0.0028113587759435177
flickr,short_step016,7733838448,238,0.8067262172698975,0.7936636209487915,0.013062596321105957,0.6436309814453125,0.8917013722946678,0.694979513648699,0.5461267232894897,0.7490832270408163,0.1866031568877551,1788,823,368,38,5.274409527511555,0.9992980198502353,0.6757249657241897,0.0017701101023703814
flickr,short_step016,7740990330,239,0.6731283664703369,0.46261537075042725,0.21051299571990967,0.8314666748046875,0.700153002201739,0.8650866838804869,0.3166891932487488,0.43223852040816324,0.004922672193877551,4684,6108,21,0,5.27201765734279,0.9988448523229665,0.6937583197751812,0.002275897888466716
flickr,short_step016,7897462346,240,0.7421250343322754,0.5762507319450378,0.16587430238723755,0.752899169921875,0.7898251423788643,0.9115114862878502,0.2636479139328003,0.4745495854591837,0.010283801020408163,1524,5442,0,0,5.269410169258327,0.9983508334823747,0.7752674536979157,0.002342507243156433
flickr,short_step016,8250285374,241,0.7004493474960327,0.4770101308822632,0.22343921661376953,0.8398895263671875,0.7098548972188634,0.9671334431630972,0.24047483503818512,0.36292251275510207,0.006377551020408163,4000,7646,0,0,5.2740040301567035,0.9992211936763017,0.7008157580580979,0.0016652261838316917
flickr,short_step016,8294094053,242,0.6684852242469788,0.4682644009590149,0.20022082328796387,0.8154144287109375,0.6393243293800741,0.9492029106260068,0.2358357161283493,0.35879703443877553,0.001175860969387755,3090,10157,0,0,5.271727517697448,0.9987898820041927,0.6379162311482753,0.0021295780315995216
flickr,short_step016,8311669586,243,0.7194505333900452,0.7720290422439575,-0.052578508853912354,0.3955078125,0.781708261510405,0.5827218890833923,0.42952340841293335,0.5350964604591837,0.1875,6639,3384,102,0,5.272466166477523,0.9989298275771414,0.5317529101877815,0.001973348204046488
flickr,short_step016,8396975855,244,0.8116157650947571,0.6958051919937134,0.1158105731010437,0.7333221435546875,0.965891115212233,0.5843568067628998,0.46779900789260864,0.49980070153061223,0.16737085459183673,11172,913,0,0,5.273696234712787,0.9991628782618425,0.6217437420449724,0.001939836423844099
flickr,short_step016,9060997789,245,0.6438289880752563,0.5656854510307312,0.07814353704452515,0.6775665283203125,0.6882929595722271,0.8899270929355568,0.30008912086486816,0.4756457270408163,0.034080038265306124,5719,6330,0,0,5.270349085838103,0.9985287221112499,0.6521532202348967,0.002302339067682624
flickr,short_step016,9309351423,246,0.725693941116333,0.615334153175354,0.110359787940979,0.686767578125,0.7411124028636114,0.6456634148941841,0.34843164682388306,0.3738639987244898,0.09582270408163265,10476,4207,0,0,5.273977315081005,0.9992161321955604,0.5726443194175216,0.0016696983948349953
flickr,short_step016,9456627660,247,0.7404652833938599,0.5359207987785339,0.20454448461532593,0.8288116455078125,0.7810576494931769,0.7831293660381322,0.3063241243362427,0.3794443558673469,0.06758211096938775,4745,4898,0,180,5.272065459796906,0.9988539090519696,0.6632414759458197,0.0020110299810767174
flickr,short_step016,9636000842,248,0.6767612099647522,0.7556712627410889,-0.07891005277633667,0.4116363525390625,0.6741152294695182,0.7964821409301823,0.47132861614227295,0.554069674744898,0.07629145408163265,2360,9466,0,0,5.270733790835354,0.9986016089320351,0.6037545500402176,0.002275199396535754
flickr,short_step016,9761803312,249,0.7945562601089478,0.638403058052063,0.15615320205688477,0.76910400390625,0.854336833916764,0.6990214018617232,0.357547789812088,0.5009964923469388,0.07963966836734694,7304,2218,42,461,5.273157924066753,0.9990608890704761,0.7153558052434457,0.0017840946093201637
flickr,short_step064,10000130166,0,0.6971421241760254,0.5184955596923828,0.17864656448364258,0.7449188232421875,0.7083567810917276,0.956052998016794,0.27992212772369385,0.47231744260204084,0.00047831632653061223,3377,6353,0,0,5.272400439138567,0.9989173747709408,0.7078256794751641,0.001956916879862547
flickr,short_step064,10007936344,1,0.7986999750137329,0.6468578577041626,0.1518421173095703,0.793914794921875,0.9226114902396445,0.7896729717798078,0.4285554885864258,0.5868742028061225,0.10660475127551021,7644,1539,0,0,5.273565327224052,0.9991380763207732,0.7610872909370602,0.001911589177325368
flickr,short_step064,10008553263,2,0.7898576259613037,0.826452374458313,-0.03659474849700928,0.599761962890625,0.8260227600115241,0.3826532314570752,0.5711023211479187,0.5973174426020408,0.26078204719387754,6253,1434,31,19,5.273019634794826,0.99903468856502,0.4252475063962327,0.002088425448164344
flickr,short_step064,10009662863,3,0.6587826609611511,0.5469844341278076,0.1117982268333435,0.6898345947265625,0.715703755445672,0.7652018395503322,0.4503776729106903,0.5070352359693877,0.10941485969387756,8461,10016,0,0,5.274461609298514,0.9993078873484467,0.59550939875499,0.0018503554165363312
flickr,short_step064,10013411946,4,0.6646668314933777,0.5874230265617371,0.07724380493164062,0.605926513671875,0.6614218009478673,0.7470635017741344,0.34952449798583984,0.32577327806122447,0.05151865433673469,7865,5834,349,91,5.274760768061236,0.9993645664435471,0.580187670744744,0.0017052250914275646
flickr,short_step064,10016382545,5,0.6666833162307739,0.633925199508667,0.032758116722106934,0.545654296875,0.7497995545657016,0.6264374232443899,0.44071486592292786,0.5355349170918368,0.16637436224489796,2575,3344,231,3192,5.272829670436775,0.9989986976155398,0.5465614650301968,0.002383796265348792
flickr,short_step064,10031203703,6,0.7774925231933594,0.5607808828353882,0.2167116403579712,0.87066650390625,0.9068159627074869,0.9194424041133076,0.36981070041656494,0.6240632971938775,0.03471779336734694,3405,2605,0,155,5.275446642444402,0.9994945132953016,0.8596488608879997,0.001497836783528328
flickr,short_step064,10035917404,7,0.6177734136581421,0.6089701056480408,0.008803308010101318,0.5447235107421875,0.5836300614463527,0.8754726791453961,0.3867948651313782,0.4216358418367347,0.04185267857142857,5527,8791,0,0,5.275696896970932,0.9995419269160142,0.547406531697946,0.001429166179150343
flickr,short_step064,10045181004,8,0.7086049318313599,0.7263909578323364,-0.017786026000976562,0.516448974609375,0.6906949162763584,0.8122931442080378,0.38748326897621155,0.42151626275510207,0.06967474489795919,4037,3871,0,0,5.271638391675623,0.9987729960463121,0.605579936199087,0.0022345613688230515
flickr,short_step064,10060697266,9,0.7202760577201843,0.6053746938705444,0.11490136384963989,0.716522216796875,0.7620349459170331,0.9615401097017484,0.27777230739593506,0.4650829081632653,0.01189811862244898,1525,5504,0,0,5.268615998878204,0.9982003686987547,0.7468919031372223,0.0024326809216290712
flickr,short_step064,10061269855,10,0.6713554859161377,0.636552631855011,0.03480285406112671,0.561981201171875,0.6754860995881918,0.967797709098768,0.28273719549179077,0.46107700892857145,0.009247448979591837,596,1939,437,0,5.269781586761422,0.9984212028333788,0.6661608723464394,0.002282283501699567
flickr,short_step064,10067897816,11,0.7312431335449219,0.8203052878379822,-0.0890621542930603,0.38414764404296875,0.6746265145277026,0.39955875522526707,0.48842233419418335,0.42908960459183676,0.23628826530612246,9198,3518,0,199,5.274017211186754,0.9992236909752241,0.3495885400792441,0.0017828792333602905
flickr,short_step064,10069511285,12,0.793814480304718,0.7069494724273682,0.08686500787734985,0.7205810546875,0.8745648424023835,0.8558822626684264,0.3842208683490753,0.6493343431122449,0.06572863520408163,2950,3413,243,0,5.272264653017355,0.9988916485164013,0.7925844868260239,0.002068000379949808
flickr,short_step064,10079676496,13,0.7489700317382812,0.6012461185455322,0.14772391319274902,0.771575927734375,0.8925345688582812,0.8252158549188252,0.4126671850681305,0.5978356186224489,0.03932158801020408,5708,2748,0,0,5.273570621843062,0.9991390794477137,0.833257594883447,0.002014684258028865
flickr,short_step064,10080652613,14,0.7591205835342407,0.4599962830543518,0.2991243004798889,0.9058990478515625,0.8390835579514825,0.9647104396668603,0.24607887864112854,0.5144889987244898,0.013532366071428572,3016,4744,0,0,5.271299362453432,0.9987087630305328,0.8203168747323694,0.0019925767555832863
flickr,short_step064,10106776154,15,0.6353905200958252,0.5433562994003296,0.0920342206954956,0.65582275390625,0.6400440774676589,0.8409893292078227,0.38888975977897644,0.5024115114795918,0.05737802933673469,1914,4592,1279,1655,5.275883307125915,0.9995772444805269,0.5888618845913478,0.0014559687115252018
flickr,short_step064,10109936483,16,0.776604175567627,0.6195638179779053,0.15704035758972168,0.7749786376953125,0.9230439048319843,0.711725768321513,0.3679751753807068,0.42151626275510207,0.09785554846938775,10397,1684,0,0,5.272557847037792,0.9989471975219396,0.7094448110095202,0.0019230572506785393
flickr,short_step064,10110769444,17,0.7164032459259033,0.7521142363548279,-0.03571099042892456,0.5112457275390625,0.8027575484821209,0.6615752916582373,0.4678172469139099,0.5910794005102041,0.17875079719387754,1747,4582,0,433,5.273857367623011,0.999193406759351,0.5872616802849361,0.001798924058675766
flickr,short_step064,10111706074,18,0.5874234437942505,0.5176013708114624,0.06982207298278809,0.67120361328125,0.5504410981823713,0.8357196466716702,0.30917125940322876,0.3452048788265306,0.0037667410714285715,5568,7646,0,0,5.273710268500407,0.9991655371255705,0.5465133839241892,0.0018650079146027565
flickr,short_step064,10119607346,19,0.5593424439430237,0.6039966344833374,-0.04465419054031372,0.4469451904296875,0.4107990696422736,0.5908161008514874,0.394483357667923,0.36045121173469385,0.0693359375,3746,9985,0,0,5.2739240947439345,0.9992060489858337,0.36233702378732136,0.0019953246228396893
flickr,short_step064,10119736773,20,0.689802885055542,0.38658061623573303,0.30322226881980896,0.921073717948718,0.783661763091448,0.9591367148135707,0.2364322692155838,0.5933115433673469,0.0,56,9852,0,0,5.275545108312777,0.9995131687953678,0.783661763091448,0.0015208963304758072
flickr,short_step064,10129791115,21,0.7834646701812744,0.6263478398323059,0.1571168303489685,0.7505035400390625,0.8587988494560869,0.7679662721435755,0.4107734262943268,0.515266262755102,0.1106704400510204,2008,2033,214,0,5.273524165174545,0.9991302776933912,0.6924753683843404,0.001798049546778202
flickr,short_step064,10129813456,22,0.713853120803833,0.49344101548194885,0.22041210532188416,0.8762664794921875,0.759643037665801,0.9445817078456871,0.36184999346733093,0.459781568877551,0.018215880102040817,5589,7974,0,64,5.276326644812931,0.9996612399439905,0.7361868887349876,0.001349163707345724
flickr,short_step064,10163352444,23,0.7042698264122009,0.4745429456233978,0.2297268807888031,0.8571929931640625,0.7929231130256961,0.964896177538449,0.29308509826660156,0.4885403380102041,0.012814891581632654,4990,5714,0,0,5.27309812478857,0.9990495594041001,0.7761916482074002,0.0019476297311484814
flickr,short_step064,10165890496,24,0.6192376613616943,0.547305703163147,0.07193195819854736,0.6353302001953125,0.5651682088640528,0.8822220652634553,0.26841309666633606,0.2821667729591837,0.029456313775510203,6493,3797,0,0,5.265046069828994,0.9975240042618877,0.529741077676697,0.002935412572696805
flickr,short_step064,10173808724,25,0.7293603420257568,0.5043197870254517,0.22504055500030518,0.8176422119140625,0.7938375904159132,0.9646192405410973,0.275525838136673,0.5804767219387755,0.010443239795918368,3443,3219,45,0,5.271354035697481,0.998719121510327,0.7822558191335338,0.0020272426772862673
flickr,short_step064,10202025415,26,0.6849968433380127,0.5964363813400269,0.08856046199798584,0.6665802001953125,0.7053969823029504,0.9576343845523,0.3171756863594055,0.5346380739795918,0.013791454081632654,749,8138,896,188,5.274919687063765,0.9993946754905817,0.6922434351463871,0.00184717308729887
flickr,short_step064,10221582415,27,0.7206425666809082,0.7485055923461914,-0.027863025665283203,0.4880218505859375,0.7555740848828483,0.7491649856146037,0.5141072869300842,0.6026586415816326,0.13926977040816327,3648,3298,49,1995,5.276404600595836,0.9996760095706351,0.612758821222326,0.001295803114771843
flickr,short_step064,10234680056,28,0.6214877367019653,0.6259490251541138,-0.0044612884521484375,0.5163421630859375,0.6470797467453937,0.815017248331168,0.2770634889602661,0.44485411352040816,0.02784199617346939,1501,9018,334,0,5.272433611118526,0.9989236595870353,0.6164481040967775,0.002084257546812296
flickr,short_step064,10246013484,29,0.668472170829773,0.4941120147705078,0.17436015605926514,0.78363037109375,0.632708445607822,0.8776431012387869,0.3010815382003784,0.37324617346938777,0.009107940051020409,3334,11373,0,0,5.273286386378146,0.9990852277443563,0.6217703801777946,0.0021374057978391647
flickr,short_step064,10268129763,30,0.7359387874603271,0.5046596527099609,0.2312791347503662,0.844146728515625,0.8330799965256667,0.8548732118187085,0.3063323497772217,0.4472058354591837,0.0458984375,8233,4298,0,0,5.273011286022692,0.9990331067933699,0.7573334912550831,0.0018109665252268314
flickr,short_step064,10278084464,31,0.7741888761520386,0.7699158191680908,0.004273056983947754,0.4766693115234375,0.9673099645529736,0.6150310815190172,0.5330209136009216,0.6764787946428571,0.23188376913265307,3148,529,1153,651,5.273567369482082,0.9991384632502285,0.6284828323273072,0.002168879611417651
flickr,short_step064,10283938426,32,0.7812179327011108,0.7853304147720337,-0.0041124820709228516,0.511871337890625,0.8568141272590946,0.4328161324870047,0.6761826276779175,0.7629743303571429,0.3747608418367347,1475,3032,0,3459,5.276187599902709,0.9996348962741008,0.4344104345546307,0.0015600635670125484
flickr,short_step064,10289643764,33,0.716985821723938,0.6352787017822266,0.08170711994171143,0.69189453125,0.8090911457655359,0.7073470502549163,0.42552629113197327,0.4378188775510204,0.11794483418367346,4422,4072,0,49,5.271070091058855,0.998665324907381,0.6185045873385476,0.002465872559696436
flickr,short_step064,10304554474,34,0.6354800462722778,0.6297252774238586,0.0057547688484191895,0.5797271728515625,0.6278942370900592,0.7805066279280916,0.34533336758613586,0.4390146683673469,0.06343670280612244,7902,7413,0,0,5.271995939949691,0.9988407377111209,0.5625061344675282,0.0021223253570497036
flickr,short_step064,10308472565,35,0.8003044128417969,0.7120420336723328,0.08826237916946411,0.6744384765625,0.8831791234971467,0.6051362842608762,0.46056148409843445,0.5249920280612245,0.16466039540816327,3301,2440,104,808,5.271972395893128,0.9988362770167095,0.6058492645661511,0.0022223826963454485
flickr,short_step064,10369815925,36,0.7323884963989258,0.6312066316604614,0.10118186473846436,0.7126312255859375,0.7915276453765491,0.9250748555114546,0.3162360191345215,0.5724250637755102,0.025530133928571428,262,4779,89,362,5.270290284159987,0.9985175814517697,0.7624322075238887,0.002510323654860258
flickr,short_step064,10389014583,37,0.6372050046920776,0.5924770832061768,0.04472792148590088,0.5947113037109375,0.6447195401435173,0.7628923268427136,0.3680022656917572,0.4483019770408163,0.05076132015306122,6456,6161,0,0,5.273178495548628,0.999064786576158,0.5884137978329447,0.002053089439868927
flickr,short_step064,10409146004,38,0.7175432443618774,0.7693381309509277,-0.05179488658905029,0.4673004150390625,0.7022066300589791,0.6730834836005654,0.4205930233001709,0.4089405293367347,0.12946428571428573,8919,2381,0,0,5.274871860377897,0.9993856141705924,0.5278627121235285,0.0015849177725613117
flickr,short_step064,10409351364,39,0.8287816047668457,0.6119571924209595,0.21682441234588623,0.89031982421875,0.9505128205128205,0.7741553740486357,0.37872570753097534,0.4294483418367347,0.0782047193877551,9373,1187,0,0,5.273437948915516,0.9991139430237989,0.7768231349538978,0.0017857840284705162
flickr,short_step064,10413912845,40,0.7396175861358643,0.7682493925094604,-0.02863180637359619,0.4960784912109375,0.7429940012534694,0.42646076365691965,0.4243716895580292,0.3878148915816326,0.21269132653061223,8287,1646,0,0,5.272333632484168,0.9989047174759194,0.3799505517146651,0.0019629322923719883
flickr,short_step064,10437048305,41,0.6990511417388916,0.7047494649887085,-0.0056983232498168945,0.5609893798828125,0.6650217304728758,0.9056545934729296,0.29576295614242554,0.4225924744897959,0.02879862882653061,91,2512,323,627,5.2690951529279335,0.9982911499872763,0.633329485678479,0.0023721950128674507
flickr,short_step064,10440265465,42,0.7781407833099365,0.6492758989334106,0.12886488437652588,0.8060302734375,0.9186808386721025,0.6399519913449185,0.49607107043266296,0.589485012755102,0.1832549426020408,3684,1402,0,3790,5.2759022729392715,0.999580837773697,0.6352058793919259,0.001642193179577589
flickr,short_step064,10441843213,43,0.8371633291244507,0.6902381777763367,0.146925151348114,0.8065032958984375,0.9173288876539779,0.7773522117226007,0.4215157628059387,0.6348254145408163,0.10487085459183673,3431,2057,0,77,5.270529231957923,0.9985628528816954,0.7676758281790138,0.002294527366757393
flickr,short_step064,10446128125,44,0.6875035762786865,0.5092650651931763,0.17823851108551025,0.79095458984375,0.7374179030753187,0.9333148096693527,0.33349326252937317,0.4303651147959184,0.012097417091836735,6516,4716,346,0,5.272466955738066,0.9989299771116996,0.7213959731543624,0.002124898135662079
flickr,short_step064,10451898725,45,0.9425454139709473,0.8537602424621582,0.08878517150878906,0.883636474609375,1.0,0.05530928286039254,0.6499006152153015,0.6833745216836735,0.6349649234693877,2092,0,0,92,5.275237936060531,0.9994549714517938,0.05618177239938975,0.0014308374375104904
flickr,short_step064,10468313544,46,0.7237332463264465,0.6427081823348999,0.08102506399154663,0.646942138671875,0.7738035264483627,0.48836322014498285,0.47720399498939514,0.47012515943877553,0.23588966836734693,13690,4049,0,0,5.27134968696995,0.9987182975934908,0.431081258068741,0.0023716622963547707
flickr,short_step064,10476442285,47,0.8043433427810669,0.6865695118904114,0.11777383089065552,0.7720794677734375,0.9132737504137702,0.7109908516943693,0.3865234851837158,0.4640266262755102,0.12346540178571429,4647,1826,94,765,5.273696694277099,0.9991629653316282,0.6806463550018502,0.0017547025345265865
flickr,short_step064,10476446674,48,0.7835996150970459,0.633173942565918,0.15042567253112793,0.756256103515625,0.8725351383085265,0.6925227496984979,0.3300243318080902,0.36356026785714285,0.06863839285714286,9933,2483,0,0,5.272510135685325,0.9989381580531997,0.7048681824522248,0.0019087381660938263
flickr,short_step064,10477544895,49,0.7639075517654419,0.7347151637077332,0.02919238805770874,0.604034423828125,0.8361550529480978,0.6396389638963896,0.42956551909446716,0.3985570790816326,0.12478077168367346,4214,227,287,1575,5.272647507046139,0.9989641846497562,0.5933252933809546,0.0022607396822422743
flickr,short_step064,10481128583,50,0.6648029088973999,0.6152437925338745,0.04955911636352539,0.5703887939453125,0.6550857901222865,0.7803624865902546,0.36577650904655457,0.3529775191326531,0.07314253826530612,8405,6278,0,0,5.274370006090452,0.9992905320589207,0.5580184108527132,0.0017451145686209202
flickr,short_step064,10520382525,51,0.795569121837616,0.6524206399917603,0.1431484818458557,0.7807464599609375,0.8745494677432875,0.6881155469574394,0.3926245868206024,0.4532844387755102,0.10233976403061225,4181,2257,0,44,5.269890225811769,0.9984417857606854,0.6795553722237901,0.002433697460219264
flickr,short_step064,10545790805,52,0.6499805450439453,0.5193310976028442,0.13064944744110107,0.7414398193359375,0.607483810668269,0.9197917719599717,0.32443127036094666,0.39433195153061223,0.010243941326530613,6735,11117,1,0,5.275292797626115,0.9994653656112856,0.5972368075610397,0.0016360669396817684
flickr,short_step064,10548273474,53,0.8562982678413391,0.8162335157394409,0.04006475210189819,0.700897216796875,0.9715692260723554,0.4266919183454564,0.5491445660591125,0.5945671237244898,0.2933872767857143,2406,35,273,2396,5.273392930373248,0.9991054137391633,0.45751716206016607,0.0021198757458478212
flickr,short_step064,10549911663,54,0.7773072719573975,0.8796404600143433,-0.1023331880569458,0.3560791015625,0.8078872097475283,0.6092635369250629,0.5399466156959534,0.5866948341836735,0.22018494897959184,6697,937,257,209,5.2739569255449545,0.9992122691616236,0.5394378693775659,0.0018262467347085476
flickr,short_step064,10555704135,55,0.6816585659980774,0.5511272549629211,0.13053131103515625,0.6891021728515625,0.68199396842292,0.7429653679653679,0.2984234094619751,0.2578125,0.05618223852040816,10341,2854,0,0,5.2727628336474535,0.998986034611108,0.5683115040061497,0.0020674816332757473
flickr,short_step064,10557361454,56,0.6914128661155701,0.8735218048095703,-0.18210893869400024,0.2108154296875,0.687875150060024,0.23633413990321162,0.4436035752296448,0.36240433673469385,0.2637914540816326,6086,229,7,0,5.268937429811133,0.9982612675146542,0.22057125259835245,0.0024135708808898926
flickr,short_step064,10610974774,57,0.6519274711608887,0.5534627437591553,0.0984647274017334,0.6633758544921875,0.6622224165063822,0.9838290687102221,0.21215154230594635,0.46031967474489793,0.004723373724489796,960,10876,0,0,5.27074394908954,0.9986035335310333,0.6576799513762265,0.002256925217807293
flickr,short_step064,10624261424,58,0.7282133102416992,0.6539782881736755,0.07423502206802368,0.617095947265625,0.8247597057402137,0.7491708126036484,0.3764333724975586,0.40860172193877553,0.0771484375,5198,5049,0,180,5.270830531051141,0.9986199374872168,0.6828265315195163,0.002398864831775427
flickr,short_step064,10635080206,59,0.8253453373908997,0.7043301463127136,0.12101519107818604,0.756683349609375,0.9501808398023994,0.6610967900325293,0.5210397839546204,0.6494339923469388,0.20266661352040816,3339,1619,0,143,5.273269198111364,0.9990819712279878,0.6559635821077312,0.0021221463102847338
flickr,short_step064,10654057765,60,0.6773210167884827,0.7165145874023438,-0.039193570613861084,0.4245452880859375,0.6054049240906461,0.7153077327722251,0.38742968440055847,0.37886639030612246,0.06927614795918367,3251,8332,28,31,5.274289515415644,0.9992752821676234,0.5242703473801905,0.001979630906134844
flickr,short_step064,10659354545,61,0.6521813869476318,0.8274022936820984,-0.17522090673446655,0.2658538818359375,0.609004187994416,0.7148465503703957,0.6208051443099976,0.5838050063775511,0.1644013073979592,972,6450,70,411,5.275604698141084,0.9995244587790371,0.4911688128914221,0.0014518876560032368
flickr,short_step064,10666396623,62,0.6715599298477173,0.6174296140670776,0.05413031578063965,0.60308837890625,0.7409586266756678,0.8016485809682805,0.30196037888526917,0.382015306122449,0.036212531887755105,2077,1983,301,0,5.2684537723850005,0.9981696330092752,0.6812680115273775,0.002609826624393463
flickr,short_step064,10667001125,63,0.8373149037361145,0.6946972608566284,0.14261764287948608,0.930206298828125,1.0,0.4378003334314014,0.44186100363731384,0.40644929846938777,0.20601482780612246,9011,0,0,12,5.271748918976494,0.9987939367245668,0.4634450182969557,0.002326630987226963
flickr,short_step064,10701841844,64,0.7306575775146484,0.805870532989502,-0.07521295547485352,0.3859405517578125,0.8804767806371656,0.48952253566796367,0.46390825510025024,0.4917091836734694,0.18144132653061223,4068,1108,0,274,5.272664758686351,0.9989674531729554,0.5292274659305026,0.0020967309828847647
flickr,short_step064,10743985374,65,0.6746197938919067,0.6499137282371521,0.02470606565475464,0.5436553955078125,0.6245172916845447,0.7898306924245713,0.3883712887763977,0.3672672193877551,0.0680404974489796,904,2353,915,1020,5.27512017059999,0.9994326594202932,0.5447230538922155,0.0016750125214457512
flickr,short_step064,10751849775,66,0.7927836179733276,0.6403229236602783,0.15246069431304932,0.7327880859375,0.95491990392441,0.7692775130329101,0.5059857964515686,0.6231465242346939,0.1285674426020408,8726,1337,0,34,5.274486931330638,0.9993126849009363,0.7602206103130581,0.0020516766235232353
flickr,short_step064,10761625676,67,0.7857232093811035,0.6207590103149414,0.1649641990661621,0.8436431884765625,0.9032110473338325,0.4645118507743647,0.3461570739746094,0.46584024234693877,0.06670519770408163,5064,1950,61,0,5.267994601754607,0.9980826378111716,0.7065005205622071,0.0026299452874809504
flickr,short_step064,10771238614,68,0.7124832272529602,0.5772514939308167,0.13523173332214355,0.721923828125,0.8204406399908081,0.8279320540321178,0.293102502822876,0.34376992984693877,0.031230070153061226,4869,2580,0,0,5.2696861782654665,0.9984031265879549,0.7526813713864073,0.0023796232417225838
flickr,short_step064,10795023275,69,0.8190493583679199,0.8184206485748291,0.0006287097930908203,0.48722076416015625,0.982445346786432,0.524043931040518,0.42175474762916565,0.45547672193877553,0.19678730867346939,82,0,4894,5346,5.271375672190098,0.9987232207946386,0.5427949874232364,0.0021645347587764263
flickr,short_step064,10796050285,70,0.793073296546936,0.6707558631896973,0.12231743335723877,0.770233154296875,0.8983710233806056,0.7527539583132608,0.3837401568889618,0.6205556441326531,0.07605229591836735,4502,1147,307,59,5.268791071084992,0.9982335381575655,0.7837390490202635,0.0025086321402341127
flickr,short_step064,10805310706,71,0.7289630174636841,0.6552624702453613,0.07370054721832275,0.6446075439453125,0.8569290258201322,0.561427403977118,0.4079926013946533,0.36581234056122447,0.13416772959183673,15154,2394,0,0,5.271796223146799,0.9988028990479265,0.5493802479008396,0.0023544463329017162
flickr,short_step064,10847897294,72,0.7191035151481628,0.646666407585144,0.0724371075630188,0.70208740234375,0.8644701691896706,0.7712413108242304,0.39831531047821045,0.5017338966836735,0.0631576849489796,4474,4913,0,0,5.276267452480225,0.9996500252704701,0.7575793046939014,0.0013274825178086758
flickr,short_step064,10859255295,73,0.6283698678016663,0.5985514521598816,0.029818415641784668,0.5909881591796875,0.6449118356849689,0.8997100167109015,0.27735230326652527,0.40549266581632654,0.036013233418367346,3429,8796,0,0,5.269542145539112,0.998375837918486,0.6063130351257804,0.0021652178838849068
flickr,short_step064,10862172945,74,0.6394987106323242,0.5748432874679565,0.06465542316436768,0.6031494140625,0.6275082729000915,0.8545062320230106,0.31881242990493774,0.41573660714285715,0.010503029336734694,978,4753,386,83,5.270163185032203,0.9984935010488247,0.6160785262503025,0.0025451448746025562
flickr,short_step064,10939270325,75,0.6825506687164307,0.5896364450454712,0.09291422367095947,0.658935546875,0.67440653488582,0.5768577494692144,0.470219224691391,0.5162826849489796,0.20731026785714285,7157,4310,0,0,5.271167636648732,0.998683806050019,0.4589527027027027,0.0024434474762529135
flickr,short_step064,10952523225,76,0.7622723579406738,0.577546238899231,0.18472611904144287,0.8355865478515625,0.8710940048274513,0.8782557221783741,0.33752965927124023,0.4545200892857143,0.03854432397959184,5046,3491,0,0,5.271877111700338,0.9988182243219611,0.8035101795206098,0.00213807076215744
flickr,short_step064,10979853044,77,0.8344258069992065,0.6328753232955933,0.20155048370361328,0.90509033203125,0.9814127431553683,0.7773332154383483,0.3431328237056732,0.45079320790816324,0.07517538265306123,4830,641,0,0,5.270529066112317,0.9985628214603232,0.8107204610951009,0.0021693045273423195
flickr,short_step064,10980225216,78,0.7623916864395142,0.5803226828575134,0.18206900358200073,0.8421173095703125,0.893829427970495,0.7499378634985335,0.3260171711444855,0.4009287308673469,0.07106983418367346,10311,2265,0,0,5.2707088368949275,0.998596881118784,0.7379246252048228,0.0022551314905285835
flickr,short_step064,11002352834,79,0.7064341306686401,,,,0.7496777831480587,0.8980507575026536,0.3413533568382263,0.41306600765306123,0.022839604591836735,244,2407,942,810,5.273814861126345,0.9991853534108714,0.7166012166012166,0.0019057942554354668
flickr,short_step064,11036641226,80,0.8340353965759277,0.6421084403991699,0.1919269561767578,0.838470458984375,0.9798195631528965,0.47192681532304176,0.4024971127510071,0.3485730229591837,0.15790417729591838,9664,340,0,211,5.271593179596092,0.9987644300937988,0.5049244509695968,0.002324312459677458
flickr,short_step064,11050409385,81,0.727522611618042,0.4841919541358948,0.24333065748214722,0.8460693359375,0.7823639191290824,0.8313392384981492,0.3001927137374878,0.3014987244897959,0.02698501275510204,11440,3337,4,310,5.273338776804147,0.9990951537178114,0.7215847151299558,0.0019111544825136662
flickr,short_step064,11071986404,82,0.855137288570404,0.7746835947036743,0.08045369386672974,0.689788818359375,0.9885906040268456,0.29935373734910375,0.5064018368721008,0.49033402423469385,0.3284438775510204,6693,119,108,2556,5.273096738193031,0.9990492966975034,0.307772670288341,0.0019761091098189354
flickr,short_step064,11101358996,83,0.7655742168426514,0.6839224696159363,0.08165174722671509,0.696044921875,0.8291472367145297,0.8552073908281347,0.30886560678482056,0.4185068558673469,0.04976482780612245,2911,2284,22,0,5.267420162830463,0.99797380369876,0.7434384831925815,0.0025611352175474167
flickr,short_step064,11154049584,84,0.7927846908569336,0.6065323352813721,0.18625235557556152,0.820831298828125,0.9095625016541831,0.7752661974372856,0.33599787950515747,0.4417251275510204,0.06096540178571429,1626,2007,151,145,5.269682253013645,0.9984023829035005,0.7828067697774538,0.002302733715623617
flickr,short_step064,11314266424,85,0.7802169919013977,0.5845363140106201,0.1956806778907776,0.867401123046875,0.9069717477709743,0.9404448074852412,0.2794360816478729,0.5367705676020408,0.023018973214285716,1733,2478,112,0,5.271053845504506,0.9986622469988099,0.8709511037755313,0.0020546307787299156
flickr,short_step064,11650557765,86,0.7078044414520264,0.6133991479873657,0.09440529346466064,0.71533203125,0.7214256003852973,0.7126113657988064,0.4226585328578949,0.4608179209183674,0.08571827168367346,5621,4988,0,279,5.2735374327575135,0.999132791390767,0.6071000902709972,0.001930229365825653
flickr,short_step064,11764496003,87,0.7427647113800049,0.6660974621772766,0.07666724920272827,0.657196044921875,0.7523787643826699,0.7580533158442961,0.4197850823402405,0.5166015625,0.11951929209183673,3464,5756,0,0,5.2704411661232164,0.9985461677885529,0.6118766250953649,0.0022843736223876476
flickr,short_step064,11765015695,88,0.6722980737686157,0.46821367740631104,0.2040843963623047,0.75799560546875,0.6900842093874533,0.9326412243505385,0.26623159646987915,0.40890066964285715,0.005400988520408163,6652,6638,0,0,5.2736006209683,0.9991447631297053,0.6834050608046572,0.001744802575558424
flickr,short_step064,11776645404,89,0.6184593439102173,0.8199896216392517,-0.20153027772903442,0.25650787353515625,0.6179721208098241,0.6811596853850375,0.5279098749160767,0.5447823660714286,0.14903539540816327,1261,3484,61,0,5.274420220652633,0.9993000457897551,0.4950941289087428,0.0016324049793183804
flickr,short_step064,12015590114,90,0.6961988210678101,0.58962082862854,0.10657799243927002,0.6921539306640625,0.7393175770856159,0.8245374141743279,0.3380652070045471,0.3425143494897959,0.040138711734693876,2746,2968,1,736,5.272390442335498,0.998915480760728,0.6690194041829942,0.0021594632416963577
flickr,short_step064,12031178616,91,0.6784454584121704,0.6312450170516968,0.04720044136047363,0.5732574462890625,0.7017885644540419,0.6791831357048749,0.4103133976459503,0.43867586096938777,0.12264827806122448,2390,9035,0,0,5.271633962226785,0.9987721568358887,0.5444893648018648,0.002210718346759677
flickr,short_step064,12048726756,92,0.8055685758590698,0.6511352062225342,0.15443336963653564,0.829010009765625,0.983330341343318,0.7204622322435175,0.409747838973999,0.5303332270408163,0.10961415816326531,7223,550,0,795,5.274185014833368,0.9992554833210612,0.7669673754325605,0.0017596110701560974
flickr,short_step064,12066557153,93,0.9032307267189026,0.7901076674461365,0.11312305927276611,0.927886962890625,1.0,0.49832764952780695,0.533692479133606,0.607780612244898,0.28256536989795916,2979,0,0,1046,5.272112781115122,0.9988628746241996,0.5173446808510638,0.00223416811786592
flickr,short_step064,12103535156,94,0.7498807907104492,0.583051323890686,0.16682946681976318,0.7816009521484375,0.7967025998731769,0.6812340725478502,0.36061397194862366,0.36756616709183676,0.09512515943877552,8516,975,0,0,5.269349362306028,0.9983393129004577,0.6115951905758653,0.0025270115584135056
flickr,short_step064,12158276143,95,0.7709081768989563,0.6945391893386841,0.07636898756027222,0.6306304931640625,0.8770277789667423,0.5169803703890599,0.4114159345626831,0.3949497767857143,0.1660754145408163,6833,1113,0,0,5.27018541667803,0.9984977130918102,0.5118788878063404,0.0023275259882211685
flickr,short_step064,12328837165,96,0.7450833320617676,0.6152241826057434,0.12985914945602417,0.751556396484375,0.7971669061794293,0.6388194261647802,0.5421121120452881,0.6057079081632653,0.20876514668367346,3158,4425,0,7137,5.276873558419055,0.9997648590658614,0.5574217628481194,0.0011893813498318195
flickr,short_step064,12373955905,97,0.6245688199996948,0.5910434722900391,0.03352534770965576,0.55718994140625,0.5652757467096696,0.8818676167260454,0.31036177277565,0.3188576211734694,0.03766741071428571,3589,8799,0,141,5.271532550180956,0.998752943148355,0.5254846458965716,0.002365879714488983
flickr,short_step064,12444360833,98,0.6453707218170166,0.524497389793396,0.1208733320236206,0.690643310546875,0.5939971208266777,0.9350282485875706,0.32192879915237427,0.32101004464285715,0.01793686224489796,1913,3537,758,490,5.269707665706074,0.9984071976326356,0.5736349959054639,0.0027644732035696507
flickr,short_step064,12512072175,99,0.7221570611000061,0.4949069917201996,0.22725006937980652,0.8217620849609375,0.7793178188455396,0.8845274061286146,0.35077545046806335,0.46177455357142855,0.03639190051020408,8750,6630,0,0,5.272250609489227,0.9988889878072211,0.7287192433508747,0.0021912057418376207
flickr,short_step064,12534178685,100,0.6760843396186829,0.4597826302051544,0.21630170941352844,0.799530029296875,0.7185699957013899,0.9979900497512438,0.2728206217288971,0.5007374043367347,0.0,4803,8766,0,0,5.272596181874015,0.9989544605009951,0.7185699957013899,0.0019558793865144253
flickr,short_step064,12598610153,101,0.7380703687667847,0.621099591255188,0.11697077751159668,0.712371826171875,0.7387125331984318,0.8733179546328336,0.30965203046798706,0.4665377869897959,0.04257015306122449,1693,2531,1064,171,5.2676415326181125,0.998015744770893,0.6857818553865249,0.0025810592342168093
flickr,short_step064,12599965145,102,0.7309802770614624,0.4965764880180359,0.2344037890434265,0.8404541015625,0.7488081243469175,0.9607633651751298,0.24240075051784515,0.47568558673469385,0.0067362882653061226,2001,7678,0,0,5.270173103248883,0.9984953801699352,0.7406336799948324,0.002222612965852022
flickr,short_step064,12729873904,103,0.694418728351593,0.4184333384037018,0.27598538994789124,0.955474853515625,0.7040098895155683,0.9626538481855158,0.30034947395324707,0.37729193239795916,0.0,9507,10302,0,0,5.274895409462362,0.999390075817598,0.7040098895155683,0.0016759224236011505
flickr,short_step064,13153991894,104,0.810494601726532,0.7742291688919067,0.036265432834625244,0.600982666015625,1.0,0.40379661554313795,0.4999425709247589,0.5028898278061225,0.24850526147959184,7498,0,72,444,5.27580142444702,0.9995617308579208,0.4496866448936358,0.0015489342622458935
flickr,short_step064,13234495505,105,0.5061949491500854,0.7076196670532227,-0.2014247179031372,0.3199615478515625,0.39969022265246856,0.5439502529510961,0.45078587532043457,0.3781887755102041,0.14100366709183673,3130,8136,0,22,5.271769176532753,0.9987977747534024,0.3137386018237082,0.0021975128911435604
flickr,short_step064,13409856383,106,0.7135919332504272,0.5370495319366455,0.17654240131378174,0.7840423583984375,0.814956392651698,0.9478568653688436,0.2585623860359192,0.46171476403061223,0.009785554846938776,1862,6034,0,0,5.270477463939086,0.9985530448304918,0.800371774311124,0.0021845409646630287
flickr,short_step064,13447842855,107,0.7966268062591553,0.5508476495742798,0.2457791566848755,0.9685516357421875,0.9465010818340792,0.7758126427287304,0.3786834180355072,0.41017617984693877,0.04771205357142857,4867,1176,556,1077,5.272801278900807,0.9989933185099688,0.8288732577153685,0.002162815537303686
flickr,short_step064,13579448834,108,0.6327912211418152,0.5829806327819824,0.049810588359832764,0.6009979248046875,0.6218193530575622,0.7890465347112746,0.3618127107620239,0.34133848852040816,0.06271922831632654,7479,8112,0,0,5.274441173516287,0.9993040155526357,0.5431672025723473,0.0018723350949585438
flickr,short_step064,13660204414,109,0.6233568787574768,0.679707407951355,-0.056350529193878174,0.451904296875,0.5638207945900253,0.846984126984127,0.33507928252220154,0.3138950892857143,0.04294882015306122,1702,5119,142,405,5.27419259213011,0.9992569189277561,0.516753825295371,0.0018254956230521202
flickr,short_step064,13721325644,110,0.7494585514068604,0.7960610389709473,-0.046602487564086914,0.433502197265625,0.8340804752903052,0.7496844558076313,0.45101091265678406,0.6158123405612245,0.1258171237244898,2584,3072,416,0,5.27427035824522,0.9992716526196387,0.6795998298396679,0.0017445948906242847
flickr,short_step064,13861270725,111,0.6976534128189087,0.7442320585250854,-0.04657864570617676,0.4551544189453125,0.7554689345617766,0.5800442574185591,0.5121540427207947,0.5493861607142857,0.16866629464285715,1937,7051,0,1336,5.275119339216811,0.9994325019051136,0.5396753071418928,0.001738090068101883
flickr,short_step064,14062380939,112,0.7094544172286987,0.6423459649085999,0.06710845232009888,0.6048736572265625,0.6950917753074565,0.5637730649412892,0.3914411962032318,0.33266900510204084,0.11786511479591837,5310,3509,0,1543,5.27324688420326,0.9990777435994606,0.4837681531936769,0.0020324974320828915
flickr,short_step064,14172932360,113,0.7003464698791504,0.6317780613899231,0.0685684084892273,0.6631927490234375,0.6690631374695258,0.8196696330610752,0.25555992126464844,0.326969068877551,0.04836973852040816,4661,4428,0,0,5.263685082143457,0.9972661493698655,0.5969768267779455,0.0028932325076311827
flickr,short_step064,14174434304,114,0.7855997681617737,0.6120696663856506,0.17353010177612305,0.8497314453125,0.8379227196951655,0.9284701147908695,0.34016603231430054,0.6041932397959183,0.0284000318877551,3905,3764,0,0,5.273536656503218,0.9991326443203933,0.8038238569837507,0.0018922246526926756
flickr,short_step064,14203929291,115,0.7724108695983887,0.7113953828811646,0.06101548671722412,0.635467529296875,0.8452144109362381,0.6592662016409059,0.5012826919555664,0.6485770089285714,0.18632413903061223,3728,4578,0,574,5.27359290437713,0.9991433011320664,0.6177067587993954,0.0019643143750727177
flickr,short_step064,14414061986,116,0.7901803255081177,0.5554682016372681,0.2347121238708496,0.8834686279296875,0.9006253126563282,0.8193091835805952,0.2824556827545166,0.4379384566326531,0.0341796875,4652,1415,848,0,5.269584031053219,0.9983837736146222,0.829463257313983,0.0022348961792886257
flickr,short_step064,14566072101,117,0.6252357959747314,0.5744668245315552,0.05076897144317627,0.63079833984375,0.6216584369146944,0.8946775142128994,0.36123642325401306,0.40664859693877553,0.03384088010204082,3352,5951,321,823,5.274738495902081,0.9993603467248422,0.5876766571161832,0.001846951898187399
flickr,short_step064,14648401332,118,0.746357798576355,0.45962798595428467,0.2867298126220703,0.93780517578125,0.8218435754189944,0.9025153374233129,0.34339508414268494,0.48728475765306123,0.03900271045918367,3678,5021,1614,1641,5.271687005140016,0.9987822064306126,0.7660117332592773,0.0022042030468583107
flickr,short_step064,14652810592,119,0.7021258473396301,0.550044596195221,0.15208125114440918,0.7977447509765625,0.7479322872381541,0.8779602576898649,0.25939348340034485,0.4392936862244898,0.01504703443877551,3970,7673,0,0,5.270914771600111,0.9986358978356383,0.7267265011829209,0.002242797054350376
flickr,short_step064,14678892718,120,0.75263512134552,0.6529586315155029,0.09967648983001709,0.7013702392578125,0.9094224924012158,0.5536054134066399,0.40109965205192566,0.37699298469387754,0.12910554846938777,8943,1229,53,449,5.273281206357395,0.9990842463293841,0.5820041127104986,0.0020530554465949535
flickr,short_step064,14680986811,121,0.6401563286781311,0.5958644151687622,0.044291913509368896,0.6237030029296875,0.6809360232959598,0.8079740130762227,0.41144633293151855,0.481624681122449,0.08023756377551021,3314,8528,0,4,5.2739030311948385,0.9992020582523131,0.5971009617589945,0.002004035748541355
flickr,short_step064,14742398172,122,0.7188889384269714,0.4868835210800171,0.23200541734695435,0.8019561767578125,0.8441723525563136,0.9088878154812221,0.249882772564888,0.4951171875,0.02849968112244898,6322,6457,0,0,5.270330822687576,0.9985252619456972,0.8013308490817141,0.0022351201623678207
flickr,short_step064,14778198185,123,0.6633455157279968,0.4201344847679138,0.243211030960083,0.8454437255859375,0.6801194707740916,0.9551095396561287,0.21579810976982117,0.28746811224489793,0.00031887755102040814,7974,4529,0,0,5.264653162396193,0.9974495633946144,0.6795826756116812,0.0029954593628644943
flickr,short_step064,14899015793,124,0.7859041690826416,0.47210121154785156,0.31380295753479004,0.9712677001953125,0.8822397446728621,0.9914726774034742,0.28639188408851624,0.566764987244898,0.002889827806122449,8097,3959,0,0,5.274160886416272,0.9992509119127736,0.8782550461001745,0.0015913979150354862
flickr,short_step064,15135657108,125,0.6850711107254028,0.4587137997150421,0.22635731101036072,0.8944270833333333,0.7106935491244913,0.985024501520784,0.30265265703201294,0.47177933673469385,0.0,278,8332,376,0,5.27356886503702,0.9991387466004462,0.7106935491244913,0.0021010166965425014
flickr,short_step064,15210828119,126,0.6623767614364624,0.5795944929122925,0.08278226852416992,0.643646240234375,0.7070431500932115,0.7679012345679013,0.34255534410476685,0.4035794005102041,0.08085538903061225,7493,4761,0,0,5.272334800894594,0.9989049388448175,0.5969289827255279,0.0021249097771942616
flickr,short_step064,15679023977,127,0.8694808483123779,0.708977222442627,0.16050362586975098,0.8884124755859375,0.9952140388194629,0.5173700700331736,0.401120662689209,0.4325573979591837,0.18965242346938777,5163,108,0,214,5.26807276576351,0.998097446888645,0.5398817250829366,0.002504033735021949
flickr,short_step064,15799251138,128,0.5983532667160034,0.6254974603652954,-0.027144193649291992,0.5536956787109375,0.6160591256419893,0.8297271078493399,0.4141676723957062,0.47251674107142855,0.05255500637755102,5924,9701,0,0,5.273652510670253,0.9991545942351858,0.5690647690126992,0.001965336501598358
flickr,short_step064,15994498891,129,0.6935873031616211,0.5229417085647583,0.1706455945968628,0.78680419921875,0.6955184686085484,0.848644546566044,0.34745103120803833,0.4727160395408163,0.045599489795918366,2800,4523,1545,284,5.275104305069471,0.9994296535116415,0.6445611450895001,0.001615813933312893
flickr,short_step064,16012165838,130,0.7545992136001587,0.5561192631721497,0.19847995042800903,0.8919830322265625,0.8729164803053344,0.9373399077868853,0.3951062262058258,0.6224489795918368,0.027622767857142856,5728,4553,0,0,5.272725565253517,0.9989789736819046,0.8382727715259285,0.0024057019036263227
flickr,short_step064,16101081359,131,0.7012645602226257,0.5164347290992737,0.18482983112335205,0.8209075927734375,0.7594473578758472,0.9352471678681772,0.25350549817085266,0.46444515306122447,0.007374043367346939,2627,6742,0,0,5.269441296792744,0.9983567309545645,0.7497806904381031,0.0023729195818305016
flickr,short_step064,16369370669,132,0.7848808765411377,0.7394610643386841,0.04541981220245361,0.671051025390625,0.8928691897726506,0.6467244356126006,0.4278867244720459,0.6117865114795918,0.15092873086734693,2338,2096,0,760,5.272998275087996,0.999030641720984,0.6660236517654953,0.001832195557653904
flickr,short_step064,16419739420,133,0.6450225710868835,0.8450130224227905,-0.19999045133590698,0.2187347412109375,0.6724035714927331,0.615916271721959,0.6023188829421997,0.6055484693877551,0.19780373086734693,103,5569,3,4651,5.274810792832243,0.9993740442162438,0.49564975567120895,0.0018601436167955399
flickr,short_step064,16563757295,134,0.7188643217086792,0.878452479839325,-0.15958815813064575,0.269256591796875,0.7102119216480919,0.5867366512049663,0.5327577590942383,0.5714485012755102,0.19419642857142858,216,6496,0,1855,5.271656464322161,0.9987764201186761,0.5032154821727686,0.002240776317194104
flickr,short_step064,16659090834,135,0.7501029968261719,0.6772708296775818,0.07283216714859009,0.665069580078125,0.7908996558693396,0.7695864781545657,0.4638373851776123,0.5624402104591837,0.11391900510204081,1825,5671,0,650,5.273671970917801,0.9991582812046444,0.6546350579476437,0.002011826727539301
flickr,short_step064,16804898716,136,0.6893550157546997,0.6864956021308899,0.0028594136238098145,0.5197601318359375,0.670792997605154,0.8332425524783174,0.3779323995113373,0.4756656568877551,0.06513073979591837,2621,8119,0,0,5.273804483306925,0.9991833872126946,0.6041926173477138,0.0018708505667746067
flickr,short_step064,16950760048,137,0.7235559821128845,0.6814317107200623,0.042124271392822266,0.602813720703125,0.7109858289825823,0.7067687208338785,0.40798425674438477,0.4569714604591837,0.12185108418367346,5048,4610,0,0,5.269983275447997,0.9984594150927927,0.5606081571937593,0.0025325671304017305
flickr,short_step064,17140316339,138,0.7889774441719055,0.5750271081924438,0.21395033597946167,0.939117431640625,0.9687157354485011,0.8104774173400476,0.3232268691062927,0.5105428890306123,0.05215640943877551,9284,1165,0,0,5.270144113587589,0.9984898877425885,0.8633027713673881,0.0022455898579210043
flickr,short_step064,17537079145,139,0.8279727697372437,0.7334985733032227,0.094474196434021,0.7806243896484375,0.9640566636126577,0.7596912140397645,0.4784906506538391,0.7177136479591837,0.11136798469387756,831,717,13,1252,5.273547065514286,0.9991346164281895,0.8054525113348643,0.0021068882197141647
flickr,short_step064,19306860381,140,0.6535111665725708,0.5014020800590515,0.1521090865135193,0.730865478515625,0.660278433364204,0.9709823389860294,0.2832413613796234,0.45364317602040816,0.005899234693877551,2179,4884,102,0,5.271799861554326,0.9988035883864048,0.6544908051763452,0.002224172232672572
flickr,short_step064,20854461578,141,0.7950236797332764,0.5589854717254639,0.2360382080078125,0.8894500732421875,0.9150785553968578,0.8270571312654447,0.2929382622241974,0.5403579400510204,0.024952168367346938,3219,3106,0,142,5.271659258317184,0.9987769494734179,0.8705982839616415,0.001995502505451441
flickr,short_step064,2401957951,142,0.8033992052078247,0.7701708078384399,0.033228397369384766,0.6122283935546875,1.0,0.27477910943924416,0.6121315956115723,0.6834542410714286,0.46976642219387754,8779,0,0,1094,5.275793985931756,0.9995603215449853,0.2855973813420622,0.0017072223126888275
flickr,short_step064,2404965389,143,0.5779204368591309,0.7480517029762268,-0.17013126611709595,0.30438232421875,0.42583408975182097,0.9214573153204944,0.6434584259986877,0.416015625,0.005978954081632653,92,18020,0,0,5.27582465100633,0.9995661313987975,0.4230244782159273,0.001494099386036396
flickr,short_step064,2432219254,144,0.6389521360397339,0.6769429445266724,-0.03799080848693848,0.4561614990234375,0.6000302434598518,0.6277629616236496,0.4525182247161865,0.4409080038265306,0.1473014987244898,6098,5824,0,42,5.273722432396452,0.9991678417166662,0.4547999934504609,0.00193386385217309
flickr,short_step064,2462141223,145,0.6512466669082642,0.6142679452896118,0.036978721618652344,0.6013946533203125,0.6755359877488515,0.8204008885674433,0.32872843742370605,0.38578204719387754,0.050482302295918366,1678,2527,74,538,5.271560917824656,0.9987583177272591,0.6098268115663761,0.002073653507977724
flickr,short_step064,2465634368,146,0.6811175346374512,0.6983861923217773,-0.017268657684326172,0.4912872314453125,0.6954003944773176,0.8319050135910601,0.4399665594100952,0.5279017857142857,0.03196747448979592,1078,10415,0,252,5.273822083386188,0.9991867217517107,0.6618956790772419,0.002148193772882223
flickr,short_step064,2499673064,147,0.7209371328353882,0.6344232559204102,0.08651387691497803,0.6421966552734375,0.8556701030927835,0.5244424778761062,0.4738263189792633,0.5630181760204082,0.22331393494897958,7336,3403,0,0,5.27426796826542,0.9992711998102637,0.519486667017304,0.001927417702972889
flickr,short_step064,2509250774,148,0.7767662405967712,0.6170579195022583,0.15970832109451294,0.789825439453125,0.8844653449473628,0.6813354190680059,0.3894170820713043,0.4841358418367347,0.11926020408163265,5729,2686,0,1220,5.267311176257857,0.9979531549293332,0.6701623678989351,0.0027704150415956974
flickr,short_step064,2542659118,149,0.6648655533790588,0.7983447313308716,-0.13347917795181274,0.27880859375,0.7323238859410724,0.32730497821308757,0.566633939743042,0.5168407206632653,0.329898756377551,3983,815,306,2018,5.2747329465573625,0.9993592953371636,0.3015971716382113,0.0019185259006917477
flickr,short_step064,2630218696,150,0.7497007846832275,0.6351702213287354,0.11453056335449219,0.733642578125,0.7530849842298803,0.9280826825248979,0.29314616322517395,0.5563217474489796,0.03553491709183673,765,2977,722,30,5.273951954401724,0.9992113273209189,0.7159755137009963,0.0017229248769581318
flickr,short_step064,2695985181,151,0.6442598104476929,0.540597677230835,0.10366213321685791,0.6977081298828125,0.6293544280019202,0.8991233301526718,0.3404206335544586,0.33418367346938777,0.01865433673469388,11045,8354,0,0,5.272919167810395,0.9990156539303222,0.6056886889098688,0.0022892896085977554
flickr,short_step064,2698329253,152,0.6663953065872192,0.5006235241889954,0.16577178239822388,0.74688720703125,0.6659306617453203,0.9020982142857142,0.3502890467643738,0.44642857142857145,0.030731823979591837,7293,10012,0,0,5.274688039487092,0.99935078717219,0.6337264003010725,0.0018436242826282978
flickr,short_step064,2766580444,153,0.867361843585968,0.7596287727355957,0.10773307085037231,0.8326416015625,1.0,0.35833740234375,0.4285677373409271,0.32653061224489793,0.2001355229591837,10617,0,0,224,5.273708128084959,0.9991651315990546,0.3689436309935273,0.001994391903281212
flickr,short_step064,2778088729,154,0.7147430181503296,0.6227061152458191,0.0920369029045105,0.6923370361328125,0.8160037878787879,0.6981473479529005,0.4000893831253052,0.3689811862244898,0.1014827806122449,5341,2670,0,1026,5.272146988900376,0.9988693556856132,0.6174995222625645,0.0022557880729436874
flickr,short_step064,2808068937,155,0.6437710523605347,0.586909294128418,0.0568617582321167,0.6013641357421875,0.6269450462871775,0.7613618242704513,0.3746241331100464,0.3749402104591837,0.07784598214285714,10360,6475,0,0,5.275588821893879,0.999521450839985,0.535407905803196,0.0013932809233665466
flickr,short_step064,2811549163,156,0.6515181660652161,0.5363580584526062,0.11516010761260986,0.6877288818359375,0.6483,0.8753713205509047,0.48555490374565125,0.4428013392857143,0.04838966836734694,9526,9521,86,0,5.276638419056879,0.9997203091882333,0.5997594671271741,0.0014226017519831657
flickr,short_step064,2819123278,157,0.7573109865188599,0.5086052417755127,0.24870574474334717,0.947723388671875,0.8927284095924672,0.9669920318725099,0.29310372471809387,0.5002391581632653,0.005500637755102041,4218,3828,0,0,5.268594997624902,0.9981963897678944,0.883756918147393,0.0026465319097042084
flickr,short_step064,2858344348,158,0.6206786036491394,,,,0.6089460784313725,0.8870046411995716,0.19528579711914062,0.39076450892857145,0.0,0,10507,0,0,5.274230698335405,0.9992641385900324,0.6089460784313725,0.00171565730124712
flickr,short_step064,2895192729,159,0.779525876045227,0.6014825105667114,0.17804336547851562,0.83526611328125,0.8438614794373023,0.8941765922544754,0.2998584508895874,0.5588727678571429,0.03340242346938776,2620,4973,0,0,5.270962093320329,0.9986448634840323,0.7988053520229372,0.0021412649657577276
flickr,short_step064,2897081671,160,0.6770678758621216,0.5062483549118042,0.17081952095031738,0.765869140625,0.7038602471239881,0.9860799388758894,0.2515566945075989,0.41735092474489793,0.0,2141,7501,0,0,5.273350230002973,0.9990973236590812,0.7038602471239881,0.0018492559902369976
flickr,short_step064,2897653916,161,0.8185231685638428,0.6245046257972717,0.19401854276657104,0.8436279296875,0.9658826140019972,0.5265529546966673,0.3636719584465027,0.32950015943877553,0.1369579081632653,12666,539,0,115,5.267687995047367,0.998024547616654,0.54803273528486,0.0026781584601849318
flickr,short_step064,2907554899,162,0.7068667411804199,0.7402431964874268,-0.033376455307006836,0.4922637939453125,0.7680085794423362,0.723529594628202,0.5277453064918518,0.6411033163265306,0.15266262755102042,4510,6816,0,0,5.273701604359513,0.9991638956036534,0.6130514947978402,0.0019235501531511545
flickr,short_step064,2935372113,163,0.8720744252204895,0.6947013139724731,0.17737311124801636,0.898712158203125,0.9882798702758244,0.6445114545378398,0.4396182894706726,0.47586495535714285,0.15475526147959184,6904,233,0,48,5.270230533265969,0.9985062609523345,0.659439076125383,0.002438719617202878
flickr,short_step064,2961466546,164,0.6394708156585693,0.7581406235694885,-0.11866980791091919,0.306304931640625,0.577420653173873,0.6008615789631137,0.7373859286308289,0.6661949936224489,0.22351323341836735,1579,3262,1035,0,5.2765270869248875,0.999699216025394,0.4366399269549338,0.0015362552367150784
flickr,short_step064,3012435981,165,0.6655095815658569,0.8362714052200317,-0.1707618236541748,0.2270965576171875,0.6778618210686485,0.5386381159318707,0.5503391027450562,0.5686782525510204,0.24577487244897958,2260,1824,1375,747,5.2739402400086535,0.9992091078933719,0.4390595763522875,0.001820288598537445
flickr,short_step064,3052033339,166,0.8713738918304443,0.923438310623169,-0.05206441879272461,0.31079864501953125,1.0,0.392719022327644,0.6576672196388245,0.7729990433673469,0.3979990433673469,3418,0,0,0,5.274816995114989,0.9993752193105997,0.4327026873473098,0.0017387645784765482
flickr,short_step064,3102685146,167,0.7402985095977783,0.5417331457138062,0.19856536388397217,0.8359222412109375,0.8527110203829142,0.6651787868551851,0.3608022928237915,0.4130062181122449,0.05072146045918367,11610,2254,2,0,5.273256221774954,0.9990795127106482,0.736725368108816,0.002017310820519924
flickr,short_step064,3109408703,168,0.682489275932312,0.4988177418708801,0.18367153406143188,0.796142578125,0.7494525047905831,0.9292715007000721,0.312494695186615,0.4697265625,0.010722257653061224,2884,3990,0,0,5.273208403213481,0.9990704529299196,0.7359048451044957,0.0019051586277782917
flickr,short_step064,3202731977,169,0.678103506565094,0.41167497634887695,0.26642853021621704,0.9139556884765625,0.6871525633106856,0.9375658402977737,0.2409704327583313,0.28378109056122447,0.003208705357142857,4019,5535,0,0,5.270167169386253,0.9984942559308816,0.681504926234111,0.002473329659551382
flickr,short_step064,3207674548,170,0.8225948810577393,0.6200268864631653,0.20256799459457397,0.9006805419921875,0.9727573833839359,0.6617409591047354,0.4403512477874756,0.5307118941326531,0.14793925382653061,5611,358,1084,3547,5.273835606467362,0.999189283856183,0.6900109640535672,0.0018679420463740826
flickr,short_step064,3230152596,171,0.8423104882240295,0.7351061105728149,0.1072043776512146,0.842132568359375,0.9818883948928409,0.8554101698281855,0.49494197964668274,0.8026945153061225,0.10275829081632654,2180,552,5049,0,5.275975557236796,0.99959472233329,0.8560903488718815,0.0015986403450369835
flickr,short_step064,3403348616,172,0.7475252151489258,0.5741254091262817,0.17339980602264404,0.784454345703125,0.762536541488644,0.8247932544186801,0.3366451859474182,0.3687220982142857,0.050681600765306124,3844,4457,446,144,5.272318427409138,0.9989018366982152,0.676561218382141,0.002097009215503931
flickr,short_step064,3413119417,173,0.7214741110801697,0.5226564407348633,0.1988176703453064,0.863861083984375,0.8106787975346945,0.9683243189102564,0.313959002494812,0.3979591836734694,0.010582748724489796,9902,4394,0,0,5.2732811023462665,0.9990842266232702,0.7930235419571815,0.0020305528305470943
flickr,short_step064,3416359816,174,0.8661445379257202,0.69132399559021,0.17482054233551025,0.8494110107421875,0.9943858988834525,0.5742827126503405,0.4907967150211334,0.5501434948979592,0.21819196428571427,11994,104,0,0,5.271704673328472,0.9987855538737047,0.589531424321309,0.0022329147905111313
flickr,short_step064,3484198977,175,0.7557934522628784,0.7489475607872009,0.00684589147567749,0.54327392578125,0.8068678508323258,0.711138887750502,0.4525969624519348,0.48630819515306123,0.13301179846938777,6304,4042,0,6,5.273220519439338,0.9990727484893456,0.6157735982966643,0.0019720825366675854
flickr,short_step064,3535748358,176,0.7686012387275696,0.559619665145874,0.20898157358169556,0.8236083984375,0.8671265064807094,0.8774351894462341,0.3306165933609009,0.5196906887755102,0.038205516581632654,5890,2103,2263,159,5.270852539093479,0.9986241071659294,0.8083948698017878,0.002212046878412366
flickr,short_step064,3568893693,177,0.7911797761917114,0.7357715368270874,0.05540823936462402,0.6174163818359375,0.9264985727878211,0.7785328802718369,0.47461560368537903,0.5982541454081632,0.11802455357142858,1177,608,1770,1657,5.273796447101848,0.9991818646604963,0.7503371219418223,0.0019800588488578796
flickr,short_step064,3668283413,178,0.7329320907592773,0.6779904365539551,0.054941654205322266,0.675506591796875,0.803298213467705,0.8221027628453557,0.514951229095459,0.6376753826530612,0.10532924107142858,1392,2043,1037,1986,5.275029171231377,0.9994154185351498,0.6916644754141468,0.0019392624963074923
flickr,short_step064,3709678770,179,0.6434907913208008,0.5432143211364746,0.10027647018432617,0.680206298828125,0.6375776397515528,0.9564035870957723,0.3409367501735687,0.5133729272959183,0.0223812181122449,2268,7985,0,0,5.274073001717552,0.9992342611379431,0.6195709579257098,0.0017912830226123333
flickr,short_step064,3719297546,180,0.6620105504989624,0.6143505573272705,0.047659993171691895,0.628814697265625,0.7059367337915511,0.8708349861166204,0.35923314094543457,0.40194515306122447,0.04083625637755102,4080,2884,0,18,5.272278307770087,0.9988942355675765,0.6522207367795603,0.002102391328662634
flickr,short_step064,3727937033,181,0.7602430582046509,0.503974437713623,0.25626862049102783,0.8577728271484375,0.8636363636363636,0.8118747078073866,0.3431752920150757,0.42629942602040816,0.06708386479591837,6363,2426,875,416,5.271443267658208,0.9987360275395606,0.7397972224588907,0.002132618799805641
flickr,short_step064,3749326537,182,0.805276095867157,0.8374263048171997,-0.032150208950042725,0.4082794189453125,0.9790710140536509,0.6023141112035099,0.5144672989845276,0.6950135522959183,0.25918765943877553,5510,523,0,0,5.271955526635226,0.9988330809402711,0.609559324985127,0.0021198445465415716
flickr,short_step064,3790233127,183,0.7813366055488586,0.6602606773376465,0.12107592821121216,0.76800537109375,0.9059946409194588,0.8056715242221347,0.33426252007484436,0.5060188137755102,0.07140864158163265,1979,2246,0,0,5.271658492185351,0.9987768043208619,0.7819123521204824,0.001941455528140068
flickr,short_step064,3801318146,184,0.785851001739502,0.7479140758514404,0.03793692588806152,0.6558380126953125,0.885541335178139,0.6494254331447705,0.6180862784385681,0.7856544961734694,0.23557079081632654,2006,683,3289,2906,5.275645852962093,0.9995322560368963,0.6285538914804812,0.0017772749997675419
flickr,short_step064,3828103578,185,0.7695503234863281,0.6778067350387573,0.0917435884475708,0.71563720703125,0.9495780365345583,0.5083883021313913,0.4246271252632141,0.5227000956632653,0.19096779336734693,5020,1331,0,0,5.271872998790929,0.9988174450836016,0.5644167883675154,0.002132909372448921
flickr,short_step064,3896768873,186,0.7830091714859009,0.5947589874267578,0.18825018405914307,0.8569183349609375,0.8979231378281259,0.8248293610831375,0.33497586846351624,0.5343391262755102,0.03950095663265306,1970,1955,2456,788,5.27189765667605,0.9988221168057434,0.8310441367129516,0.0020371724385768175
flickr,short_step064,3908875350,187,0.6986353993415833,0.6373961567878723,0.06123924255371094,0.6167755126953125,0.7160242412346346,0.7480902332735196,0.40348052978515625,0.3887316645408163,0.08494100765306123,9691,2411,12,0,5.271641419259675,0.998773569657203,0.5921754834520403,0.002427097177132964
flickr,short_step064,3956341886,188,0.6442408561706543,0.7030003070831299,-0.058759450912475586,0.436279296875,0.6083628964002089,0.7371694160775072,0.446094810962677,0.45667251275510207,0.11306202168367346,4069,6332,2037,101,5.274807197199941,0.9993733629820277,0.5051512478131495,0.0017489059828221798
flickr,short_step064,4007045926,189,0.8459757566452026,0.626416027545929,0.21955972909927368,0.8703155517578125,0.964728056004308,0.5656517816869644,0.448739230632782,0.4418447066326531,0.16418207908163265,7919,856,0,1349,5.275332542935034,0.9994728958207422,0.5905024250129491,0.0015062890015542507
flickr,short_step064,4041216001,190,0.7267924547195435,0.8022268414497375,-0.07543438673019409,0.47003173828125,0.7127867790973172,0.7477691666409362,0.5582029819488525,0.6454679528061225,0.14381377551020408,609,5353,0,632,5.275456153212673,0.9994963152205883,0.5879225587182133,0.0014470778405666351
flickr,short_step064,4180455681,191,0.884112536907196,0.808826208114624,0.07528632879257202,0.70635986328125,1.0,0.4196612690578412,0.5382019281387329,0.5895448022959183,0.2974131058673469,3299,0,0,1494,5.274473632101438,0.999310165207815,0.4541098145370743,0.0016948799602687359
flickr,short_step064,4303617148,192,0.7623757719993591,0.5654020309448242,0.1969737410545349,0.846466064453125,0.8937526943526368,0.8890576421398706,0.32198789715766907,0.5576969068877551,0.030034279336734693,2673,2809,0,0,5.2709492096121915,0.9986424225161925,0.8478512762839518,0.0022197996731847525
flickr,short_step064,4351373013,193,0.6297788619995117,0.5846794843673706,0.04509937763214111,0.6218414306640625,0.6271111357218008,0.8015240162310088,0.4146176278591156,0.42239317602040816,0.08085538903061225,4714,7231,19,1286,5.2748460959079555,0.99938073279313,0.5454238975132845,0.0018671099096536636
flickr,short_step064,4407899725,194,0.6062869429588318,0.40937238931655884,0.19691455364227295,0.7479400634765625,0.5912048937624053,0.9549826553137811,0.18474674224853516,0.37918526785714285,0.00027901785714285713,3872,5666,0,0,5.2678158580261645,0.9980487727400272,0.5909357010440043,0.002624830696731806
flickr,short_step064,4479260803,195,0.7091849446296692,0.6997324228286743,0.009452521800994873,0.5853118896484375,0.7239391298518469,0.5431819324983653,0.37945953011512756,0.3962252869897959,0.08872767857142858,2394,1223,237,620,5.2706794598542395,0.9985913152979209,0.5575403996076205,0.0023985595908015966
flickr,short_step064,4543136011,196,0.6817212104797363,0.6293095350265503,0.052411675453186035,0.5912628173828125,0.6651343376300668,0.5509699994854114,0.32287290692329407,0.38729671556122447,0.10086495535714286,4111,7610,0,0,5.269156538083517,0.9983027801165074,0.5060377626013186,0.002440060954540968
flickr,short_step064,4576746825,197,0.7846992015838623,0.7580533623695374,0.02664583921432495,0.6485443115234375,0.8392939844594247,0.45300522164203977,0.41333991289138794,0.35877710459183676,0.1761200573979592,12157,1892,0,0,5.26803524046262,0.9980903372854415,0.4395397094887757,0.002741314470767975
flickr,short_step064,4646464908,198,0.5543917417526245,0.6441348195075989,-0.08974307775497437,0.42389322916666666,0.5464913054991615,0.6943609528509264,0.45465725660324097,0.4442562181122449,0.022700095663265307,166,10042,1309,1078,5.270437960777924,0.9985455604987347,0.5253636101352612,0.002171974629163742
flickr,short_step064,4657718822,199,0.7792539596557617,0.5574350357055664,0.2218189239501953,0.875762939453125,0.9104809088579482,0.8665501402382016,0.37102675437927246,0.4902941645408163,0.037428252551020405,4800,2568,61,30,5.271966754707913,0.9988352082287845,0.8428752174600664,0.0022001166362315416
flickr,short_step064,4717096777,200,0.6638140678405762,0.8272579908370972,-0.163443922996521,0.3180389404296875,0.634255930984903,0.463549192171286,0.7794457077980042,0.7586296237244898,0.33260921556122447,1266,3060,4165,891,5.276720137453163,0.9997357916855946,0.39643667572850433,0.0011153696104884148
flickr,short_step064,4755507106,201,0.7113658785820007,0.6844568848609924,0.0269089937210083,0.59454345703125,0.7383139691975141,0.7691116865570817,0.3460533320903778,0.35403380102040816,0.07342155612244898,3544,4938,0,0,5.271646607640076,0.9987745526560077,0.615733020866195,0.0021855542436242104
flickr,short_step064,4758950312,202,0.7900387048721313,0.6164182424545288,0.17362046241760254,0.8378143310546875,0.9405443289335358,0.6229305276187529,0.378968209028244,0.3864198022959184,0.08982382015306123,8013,557,144,710,5.273200073457059,0.9990688747610167,0.6961985186039139,0.001992939505726099
flickr,short_step064,4767923306,203,0.7975063323974609,0.6716707348823547,0.1258355975151062,0.8200225830078125,0.9352564255258331,0.6288318011467375,0.4061199724674225,0.6221898915816326,0.10672433035714286,1770,1372,0,20,5.271878237041827,0.9988184375309499,0.745155719193031,0.0021686286199837923
flickr,short_step064,4876943924,204,0.8409934043884277,0.7574974298477173,0.08349597454071045,0.5910491943359375,0.9852941176470589,0.22542898799955138,0.5412328839302063,0.5331034757653061,0.4001315369897959,11505,109,567,0,5.274753165917636,0.9993631261293268,0.23017902813299232,0.0016444399952888489
flickr,short_step064,4938432980,205,0.8382249474525452,0.6781036853790283,0.16012126207351685,0.8896636962890625,0.9989873812120268,0.7093996607419426,0.38247179985046387,0.5404575892857143,0.14403300382653061,7563,39,0,0,5.270695145066329,0.9985942870431561,0.7263819664703217,0.0021322285756468773
flickr,short_step064,4957886467,206,0.7925316095352173,0.7059635519981384,0.08656805753707886,0.6751556396484375,0.9009141060149775,0.6546789061894802,0.3861103057861328,0.5145487882653061,0.12179129464285714,2256,2417,223,108,5.269428089874292,0.9983542287507844,0.679565785506081,0.002333502983674407
flickr,short_step064,4965189170,207,0.8024550080299377,0.6925082206726074,0.10994678735733032,0.7134246826171875,0.8971179953547712,0.5663307450850817,0.4444122910499573,0.4825414540816326,0.1867625956632653,9019,1311,0,0,5.2747137592218225,0.9993556600740481,0.5561436596296973,0.001596940215677023
flickr,short_step064,5006362787,208,0.6074529886245728,,,,0.5334793408295718,1.0,0.19211550056934357,0.39807876275510207,0.0,500,12239,1,0,5.269312721004248,0.9983323707811318,0.5334793408295718,0.0025699695106595755
flickr,short_step064,5130986168,209,0.7535709142684937,0.6425612568855286,0.11100965738296509,0.7717437744140625,0.8862720468938086,0.6828776514235019,0.40904414653778076,0.4942203443877551,0.14132254464285715,3945,2180,0,165,5.273621910731077,0.9991487967220297,0.6463852202458203,0.001884297002106905
flickr,short_step064,5179649119,210,0.6749880313873291,0.698752760887146,-0.023764729499816895,0.4593353271484375,0.6373626373626373,0.588409108817272,0.4818373918533325,0.505859375,0.19371811224489796,2997,5423,85,1482,5.272348686056145,0.9989075695496141,0.4504939295679059,0.002198093803599477
flickr,short_step064,5194793239,211,0.8461027145385742,0.6547805666923523,0.19132214784622192,0.9222259521484375,0.9749151331070216,0.49112543202764974,0.4917324483394623,0.5535714285714286,0.2496611926020408,8894,436,0,341,5.274173422374664,0.9992532869953934,0.5143950677803126,0.0019001802429556847
flickr,short_step064,5220919991,212,0.7536497116088867,0.7509362697601318,0.002713441848754883,0.5836639404296875,0.8090778579059829,0.7811462463333656,0.4537331163883209,0.6182836415816326,0.10841836734693877,1918,2549,56,0,5.275038764056173,0.9994172360069965,0.6847168851717902,0.001657102257013321
flickr,short_step064,5237296528,213,0.8135313987731934,0.872721254825592,-0.05918985605239868,0.3690185546875,0.8915023676280671,0.6995163077255654,0.5903043150901794,0.7375438456632653,0.2193279655612245,5450,0,7358,0,5.273554070563549,0.9991359436159667,0.6464881063869639,0.0020450500305742025
flickr,short_step064,5303633386,214,0.8429621458053589,0.6683477759361267,0.17461436986923218,0.8303985595703125,0.9716148023549201,0.6642230846629295,0.4435722529888153,0.5546077806122449,0.15377869897959184,8518,832,0,0,5.272371207987346,0.9989118365905283,0.6912490650710545,0.0020777154713869095
flickr,short_step064,5344317532,215,0.8342247009277344,0.6884320378303528,0.1457926630973816,0.8379669189453125,0.9916714864083285,0.6215696936740982,0.45987123250961304,0.5497648278061225,0.17414700255102042,3753,71,3,725,5.272814186914398,0.9989957640827584,0.6587521131089595,0.0020515129435807467
flickr,short_step064,5480070309,216,0.8732613921165466,0.7138625383377075,0.1593988537788391,0.8891143798828125,1.0,0.5086970737289521,0.5141090154647827,0.6095543686224489,0.287109375,7680,0,0,385,5.27091016397587,0.9986350248678195,0.5192310901233126,0.0023868500720709562
flickr,short_step064,5490101320,217,0.6302231550216675,0.5912044048309326,0.03901875019073486,0.5610198974609375,0.650496996374001,0.8953863726658721,0.3301190733909607,0.4013073979591837,0.03218670280612245,1534,5877,1005,119,5.274036474518089,0.9992273406366239,0.6146804629834819,0.001977258827537298
flickr,short_step064,5601291878,218,0.7779444456100464,0.63471919298172,0.14322525262832642,0.804168701171875,0.9541778231705634,0.6288567894047445,0.4492487907409668,0.5477519132653061,0.09121890943877552,7329,762,115,565,5.275306103879395,0.9994678866352004,0.7617064410215729,0.0017820042558014393
flickr,short_step064,5607310495,219,0.6756724119186401,0.5145614743232727,0.16111093759536743,0.8504486083984375,0.714267117938037,0.8718222262574905,0.2890084981918335,0.4390146683673469,0.0,1796,6591,564,0,5.27208630518163,0.9988578584517211,0.714267117938037,0.00231052003800869
flickr,short_step064,5697766486,220,0.6689568758010864,0.6935642957687378,-0.024607419967651367,0.523651123046875,0.701590244185036,0.6113326602725896,0.4104003608226776,0.39481026785714285,0.14528858418367346,10779,3021,0,0,5.272503233015545,0.9989368502624022,0.49326925035130237,0.0020128884352743626
flickr,short_step064,5801923729,221,0.7853673696517944,0.5849955081939697,0.2003718614578247,0.833953857421875,0.8416747104247104,0.7109457806767224,0.42845863103866577,0.48887914540816324,0.13520408163265307,7206,3284,0,446,5.27499312935999,0.9994085899848598,0.6340714077952297,0.001605312805622816
flickr,short_step064,5873098388,222,0.7161735892295837,0.5015703439712524,0.2146032452583313,0.88885498046875,0.7901449373289638,0.948244404800519,0.1968526542186737,0.49154974489795916,0.0007971938775510204,2903,6894,0,0,5.2689774682294725,0.9982688532570878,0.789078578899423,0.0023322526831179857
flickr,short_step064,5906878321,223,0.8109081387519836,0.684423565864563,0.12648457288742065,0.71600341796875,0.9332357835542548,0.5087590327525261,0.5382211804389954,0.6370974170918368,0.2660634566326531,5947,1952,0,0,5.274746907272305,0.9993619403564259,0.5284303213438607,0.00174745824187994
flickr,short_step064,5991393107,224,0.6205873489379883,0.5319649577140808,0.08862239122390747,0.6562347412109375,0.5758409737839495,0.9062020492006138,0.30263999104499817,0.4026426977040816,0.032326211734693876,7595,8347,0,0,5.26643648624156,0.9977874347673493,0.5478894524995885,0.0029628118500113487
flickr,short_step064,6067281197,225,0.7620857357978821,0.5596200227737427,0.2024657130241394,0.826812744140625,0.8315572935006208,0.8893954410307235,0.33379805088043213,0.5027303890306123,0.03384088010204082,6096,3403,1926,0,5.271900917003996,0.9988227345126628,0.7823206346438846,0.0021315841004252434
flickr,short_step064,6098668510,226,0.7236149907112122,0.6453609466552734,0.07825404405593872,0.707061767578125,0.7687009815076078,0.8454069204845006,0.42966219782829285,0.5972775829081632,0.05345184948979592,3226,3273,355,304,5.272386621654137,0.9989147568883593,0.7108567260076035,0.0024914576206356287
flickr,short_step064,6158154336,227,0.7621284127235413,0.5000514388084412,0.2620769739151001,0.899658203125,0.8169935693909456,0.9573198368333585,0.2591736614704132,0.5276626275510204,0.0013352997448979591,2425,5889,0,0,5.268231925343947,0.998127601515953,0.8152329489715507,0.00248348293825984
flickr,short_step064,6185482260,228,0.7017529010772705,0.4791305363178253,0.2226223647594452,0.812103271484375,0.711165387299372,0.9726092765794999,0.27567046880722046,0.5220623405612245,0.005420918367346939,4673,10036,0,0,5.2744767574324865,0.9993107573380073,0.7058065767238275,0.001623696181923151
flickr,short_step064,6289328021,229,0.7572164535522461,0.7453110218048096,0.011905431747436523,0.598419189453125,0.8242686567164179,0.5927317219765594,0.4152042269706726,0.46422592474489793,0.15132732780612246,7028,3540,0,0,5.271127100762138,0.9986761260564587,0.5671650987963686,0.0021647196263074875
flickr,short_step064,6458319057,230,0.7671069502830505,0.6604126691818237,0.1066942811012268,0.6993408203125,0.9102748377542575,0.7000636451947878,0.4878195822238922,0.5949657206632653,0.15184550382653061,9353,891,155,98,5.274210297834021,0.9992602734785861,0.6834652364445026,0.0019711139611899853
flickr,short_step064,6669466181,231,0.6763082146644592,0.7500805258750916,-0.07377231121063232,0.4192352294921875,0.6792080834634027,0.7242466713384723,0.3786855638027191,0.45503826530612246,0.11503507653061225,1085,3720,840,1272,5.2739001222840916,0.9992015071254553,0.5490404409323328,0.001709191594272852
flickr,short_step064,6755812421,232,0.7466356754302979,0.5865939259529114,0.16004174947738647,0.8278961181640625,0.8717053848624344,0.9078401641172011,0.3072032928466797,0.44688695790816324,0.03300382653061224,2846,3342,0,227,5.269848674750909,0.9984339134305936,0.8139832456964632,0.002390387700870633
flickr,short_step064,6897499873,233,0.7742446064949036,0.6323399543762207,0.14190465211868286,0.7952880859375,0.9011196501921294,0.6276070505721668,0.395315021276474,0.43191964285714285,0.08805006377551021,8239,1703,428,373,5.270507875948153,0.9985588067381105,0.6970838458384584,0.002489783801138401
flickr,short_step064,7178293884,234,0.6591980457305908,0.776007890701294,-0.11680984497070312,0.3443450927734375,0.6898154191577683,0.7695354594437164,0.6450645923614502,0.6842912946428571,0.12057557397959184,236,3808,892,4587,5.27519462416888,0.9994467655118991,0.5957206953306428,0.0017470717430114746
flickr,short_step064,7387939334,235,0.7398678064346313,0.7308305501937866,0.009037256240844727,0.5094757080078125,0.8408658366008576,0.5889599126300912,0.5581741333007812,0.6204559948979592,0.22243702168367346,2025,3418,19,1472,5.274379014752973,0.9992922388544533,0.5561858250041709,0.0021906932815909386
flickr,short_step064,7560517176,236,0.7533485889434814,0.6984254717826843,0.05492311716079712,0.5699005126953125,0.8420241176146688,0.5665382335506817,0.3889192044734955,0.5379464285714286,0.13349011479591838,3541,3625,0,151,5.269787082267923,0.9984222440207831,0.6151494428577176,0.0021908008493483067
flickr,short_step064,7623513024,237,0.8245269060134888,0.6449251770973206,0.1796017289161682,0.8148040771484375,0.935969868173258,0.5412156810982048,0.35530662536621094,0.30197704081632654,0.12619579081632654,7515,1059,0,0,5.26712110604333,0.9979171439241168,0.543313346804916,0.0028572638984769583
flickr,short_step064,7733838448,238,0.8047187328338623,0.7945603132247925,0.010158419609069824,0.6478424072265625,0.893271659725541,0.6919690078273747,0.5574339032173157,0.7536670918367347,0.1902702487244898,1657,770,361,91,5.274697377294853,0.9993525563281033,0.6737081949486368,0.0017735837027430534
flickr,short_step064,7740990330,239,0.690158486366272,0.48473232984542847,0.2054261565208435,0.8423919677734375,0.727226928387506,0.8506482168580034,0.34710654616355896,0.45657286352040816,0.0064572704081632655,4607,5053,110,0,5.272681037911072,0.9989705374607688,0.7185391394122635,0.0022484902292490005
flickr,short_step064,7897462346,240,0.7511242628097534,0.5815185308456421,0.16960573196411133,0.7589263916015625,0.804581597190633,0.9112810155799193,0.2908872067928314,0.48353794642857145,0.010662468112244899,1505,5010,0,0,5.270159397392906,0.9984927834366579,0.7892162987024577,0.0023121279664337635
flickr,short_step064,8250285374,241,0.7041075229644775,0.482155442237854,0.22195208072662354,0.8416748046875,0.728254735993551,0.9697815468842252,0.26511847972869873,0.37131297831632654,0.005998883928571429,4019,7206,0,0,5.274291550539038,0.9992756677453392,0.7195253076341046,0.0016771205700933933
flickr,short_step064,8294094053,242,0.6812449097633362,0.4880542755126953,0.19319063425064087,0.810302734375,0.6671966777657227,0.9453220249138616,0.26556888222694397,0.3759765625,0.002551020408163265,3021,9364,0,0,5.272138459443251,0.9988677396810973,0.6640168298767547,0.0021169078536331654
flickr,short_step064,8311669586,243,0.7295573949813843,0.7664419412612915,-0.03688454627990723,0.42120361328125,0.8112118713932399,0.5938551572787125,0.4383332133293152,0.5448820153061225,0.18470982142857142,6800,2889,238,21,5.272977523019616,0.9990267100010954,0.5544608554597455,0.0019609411247074604
flickr,short_step064,8396975855,244,0.8143578767776489,0.6945847272872925,0.11977314949035645,0.7506103515625,0.9711969417347746,0.5694025813432259,0.4837583005428314,0.5157445790816326,0.18024553571428573,10526,759,0,0,5.2739301029697465,0.9992071873138542,0.6084819953749587,0.0019692862406373024
flickr,short_step064,9060997789,245,0.6386958360671997,0.5499192476272583,0.0887765884399414,0.6949920654296875,0.6847119825002026,0.8999275917880569,0.3023589849472046,0.46791294642857145,0.02853954081632653,5997,6440,0,0,5.271130022741092,0.9986766796592397,0.6543458399789405,0.0022728086914867163
flickr,short_step064,9309351423,246,0.7239276766777039,0.6145715713500977,0.1093561053276062,0.69256591796875,0.7467111301474637,0.6477785445087318,0.3737421929836273,0.37545838647959184,0.09500558035714286,10517,4086,0,0,5.274524615838884,0.9993198246678188,0.5780909521553766,0.0016639879904687405
flickr,short_step064,9456627660,247,0.7347007393836975,0.5355139374732971,0.1991868019104004,0.8343048095703125,0.7859032452395296,0.7892729377104377,0.3292604684829712,0.3788265306122449,0.06533003826530612,4957,4816,0,279,5.272638309372461,0.9989624420438691,0.6707276181960433,0.0020423708483576775
flickr,short_step064,9636000842,248,0.6961452960968018,0.7569196224212646,-0.06077432632446289,0.4326019287109375,0.7126265316995205,0.7993443518644994,0.48337703943252563,0.583625637755102,0.07688934948979592,2330,8013,0,0,5.271302051725351,0.9987092725442688,0.6377245916824454,0.0022999728098511696
flickr,short_step064,9761803312,249,0.799517810344696,0.6484149098396301,0.15110290050506592,0.775665283203125,0.8698949824970829,0.6972720187061574,0.36865854263305664,0.5113998724489796,0.08356584821428571,7149,1865,14,503,5.273459548149593,0.9991180352490482,0.7225879407132184,0.001754249446094036
flickr,lambda025k_best,10000130166,0,0.6969637870788574,0.5256924629211426,0.17127132415771484,0.736053466796875,0.6955230413305822,0.9524767735582481,0.307487815618515,0.4655014349489796,0.0,3401,6671,0,0,5.273514561538748,0.9991284581732752,0.6955230413305822,0.0018988619558513165
flickr,lambda025k_best,10007936344,1,0.7749228477478027,0.614954948425293,0.15996789932250977,0.7827911376953125,0.8718457387716235,0.7994615440587935,0.41282176971435547,0.5477917729591837,0.09428810586734694,8262,2882,0,0,5.27477500235757,0.9993672632959751,0.7340571237681643,0.0016226633451879025
flickr,lambda025k_best,10008553263,2,0.7417141795158386,0.7330527305603027,0.008661448955535889,0.646240234375,0.8090247767214059,0.40116071428571426,0.5229758620262146,0.5580357142857143,0.22871492346938777,7843,1765,0,0,5.272595123350257,0.9989542599514001,0.4429219242902208,0.002356015844270587
flickr,lambda025k_best,10009662863,3,0.5878870487213135,0.4782975912094116,0.10958945751190186,0.6887664794921875,0.6068638444146247,0.8242784380305602,0.40001624822616577,0.3991151147959184,0.06405452806122448,10737,13155,0,0,5.274957417832694,0.999401824022087,0.5427345509543146,0.0018649622797966003
flickr,lambda025k_best,10013411946,4,0.6921164393424988,0.6316865682601929,0.06042987108230591,0.59503173828125,0.6916181448882871,0.6058262561085543,0.48503872752189636,0.42006138392857145,0.13420758928571427,4849,6336,1433,1224,5.2763251838383045,0.9996609631454135,0.5067767348639692,0.0016019772738218307
flickr,lambda025k_best,10016382545,5,0.48783114552497864,0.39032357931137085,0.09750756621360779,0.6600341796875,0.28472160356347437,0.9867242976227231,0.27287086844444275,0.12910554846938777,0.0,7731,15158,0,0,5.263401365612207,0.9972123959845058,0.28472160356347437,0.004342284519225359
flickr,lambda025k_best,10031203703,6,0.6631842851638794,0.40027710795402527,0.2629071772098541,0.890472412109375,0.6288387035812152,0.9892968633863535,0.2834151089191437,0.40220424107142855,0.002570950255102041,4863,12124,0,0,5.270757394522668,0.9986060809241832,0.6262939958592133,0.0026397237088531256
flickr,lambda025k_best,10035917404,7,0.650956928730011,0.6314090490341187,0.019547879695892334,0.5875701904296875,0.5992910036237593,0.8772370848708487,0.42734330892562866,0.4320790816326531,0.042071906887755105,5516,8278,0,0,5.275736336582587,0.9995493992075806,0.5619127814217337,0.001392099540680647
flickr,lambda025k_best,10045181004,8,0.6550124883651733,0.613257646560669,0.041754841804504395,0.6020965576171875,0.6309727219731843,0.8940697276973909,0.33860546350479126,0.3498485331632653,0.02939652423469388,6058,5446,0,0,5.2724820046398015,0.9989328283005628,0.5956506062963736,0.002182881347835064
flickr,lambda025k_best,10060697266,9,0.6979513168334961,0.5592473745346069,0.13870394229888916,0.7288665771484375,0.7170875006367696,0.9822757722366952,0.286135196685791,0.4284119897959184,0.0032286352040816328,1960,6909,0,0,5.269023044117722,0.9982774881373796,0.713163894283543,0.002507187193259597
flickr,lambda025k_best,10061269855,10,0.6255398392677307,0.5763217210769653,0.04921811819076538,0.5533294677734375,0.5973481363039839,0.9839976145512375,0.29578685760498047,0.40102838010204084,0.002072704081632653,956,4155,0,0,5.273085307850675,0.9990471310866568,0.5954797672215455,0.0019170339219272137
flickr,lambda025k_best,10067897816,11,0.6347675323486328,0.7858084440231323,-0.1510409116744995,0.348175048828125,0.5795004509273419,0.37978619519967105,0.4754694998264313,0.3877750318877551,0.22118144132653061,9764,4833,0,7,5.276103766548223,0.9996190130733941,0.30983878068722615,0.0013000001199543476
flickr,lambda025k_best,10069511285,12,0.7471139430999756,0.6465309858322144,0.10058295726776123,0.73736572265625,0.8326642621922534,0.8721338939622889,0.385804682970047,0.6067044005102041,0.05335220025510204,3571,4688,0,0,5.274351728554444,0.9992870691678718,0.7681702447775013,0.0018080472946166992
flickr,lambda025k_best,10079676496,13,0.6479522585868835,0.44421058893203735,0.2037416696548462,0.7860260009765625,0.663758135174602,0.8850055285803567,0.299699991941452,0.4145607461734694,0.004962531887755102,7432,10220,0,0,5.269385676195634,0.9983461929877524,0.6578519484696339,0.0026683518663048744
flickr,lambda025k_best,10080652613,14,0.6860958337783813,0.3891330361366272,0.29696279764175415,0.9041900634765625,0.6627526954177898,0.9880701225637935,0.26107847690582275,0.39676339285714285,0.0034279336734693877,3523,10144,0,0,5.2737495422299645,0.999172977988851,0.6589340747688597,0.001838497817516327
flickr,lambda025k_best,10106776154,15,0.6062040328979492,0.47572821378707886,0.13047581911087036,0.6714324951171875,0.5473757302217459,0.9805310691687849,0.3485621511936188,0.36852279974489793,0.000817123724489796,3097,7533,340,0,5.275032539422307,0.9994160566779619,0.5466990305899381,0.001702028326690197
flickr,lambda025k_best,10109936483,16,0.7794505953788757,0.6356081962585449,0.1438423991203308,0.7862396240234375,0.9340201128280599,0.703394135303625,0.422841876745224,0.4315808354591837,0.10265864158163265,10156,1420,0,0,5.274386956649682,0.9992937435388382,0.7098187240784752,0.0017986446619033813
flickr,lambda025k_best,10110769444,17,0.6818820238113403,0.708746075630188,-0.026864051818847656,0.476043701171875,0.7510228295556829,0.6758652430044183,0.46422815322875977,0.5412946428571429,0.15537308673469388,2506,5907,0,19,5.274081913982473,0.999235949669833,0.5694056703269433,0.0020524361170828342
flickr,lambda025k_best,10111706074,18,0.6213911771774292,0.544042706489563,0.07734847068786621,0.6887969970703125,0.5962810860141455,0.8225882599800661,0.36127418279647827,0.37992267219387754,0.007672991071428571,5372,6100,0,0,5.273263545907865,0.9990809003525211,0.587677547502155,0.002080797217786312
flickr,lambda025k_best,10119607346,19,0.6923240423202515,0.7122150659561157,-0.019891023635864258,0.502349853515625,0.638525267670069,0.5957103403751659,0.5343937873840332,0.5556640625,0.12920519770408162,2056,3577,383,1314,5.274892759004746,0.9993895736576816,0.511132653218237,0.001868484541773796
flickr,lambda025k_best,10119736773,20,0.6617673635482788,0.28919342160224915,0.37257394194602966,0.9568309294871795,0.7068833022285651,0.9791294430716594,0.21726074814796448,0.5242546237244898,0.0,56,13317,0,0,5.274239463742654,0.9992657992980342,0.7068833022285651,0.0017718952149152756
flickr,lambda025k_best,10129791115,21,0.7023119926452637,0.5443990230560303,0.1579129695892334,0.74517822265625,0.7750816410389498,0.8260498778407781,0.36567533016204834,0.43233816964285715,0.06853874362244898,4122,3866,0,0,5.271884375724889,0.9988196005756086,0.6747180751924996,0.002268828684464097
flickr,lambda025k_best,10129813456,22,0.6640323400497437,0.4295223355293274,0.23451000452041626,0.8957061767578125,0.58450839244941,0.9801543227918396,0.3064683973789215,0.3409398915816326,0.00448421556122449,6214,13248,0,0,5.273420677127486,0.999110670683362,0.5799595316742473,0.0021823663264513016
flickr,lambda025k_best,10163352444,23,0.6941128373146057,0.47460994124412537,0.21950289607048035,0.8656158447265625,0.7723394626125144,0.9673132636352185,0.3126721680164337,0.4746691645408163,0.010941485969387755,5084,6316,0,0,5.273549643139203,0.9991351047891068,0.7583817502509999,0.002008581068366766
flickr,lambda025k_best,10165890496,24,0.6194868087768555,0.5889838933944702,0.030502915382385254,0.5703277587890625,0.5368430578493699,0.8370608155778185,0.30556151270866394,0.2824856505102041,0.041892538265306124,5869,4405,0,0,5.26795466847371,0.9980750719882451,0.49021795269083773,0.0027881027199327946
flickr,lambda025k_best,10173808724,25,0.6599782109260559,0.3976373076438904,0.2623409032821655,0.8299407958984375,0.7062754294755877,0.9991805572210897,0.2516616880893707,0.4985849808673469,0.0,3967,6759,0,0,5.270208783836811,0.9985021402708864,0.7062754294755877,0.002270572818815708
flickr,lambda025k_best,10202025415,26,0.5897290706634521,0.47396185994148254,0.1157672107219696,0.7449188232421875,0.43081126350618504,0.9840996048422506,0.3022993206977844,0.31774154974489793,0.0014947385204081632,1178,17508,0,0,5.274908017824441,0.9993924646179356,0.42992587721101017,0.002176243346184492
flickr,lambda025k_best,10221582415,27,0.7471483945846558,0.7363487482070923,0.010799646377563477,0.587493896484375,0.792662386392062,0.759200102223358,0.5172733664512634,0.6238839285714286,0.13841278698979592,3178,2297,156,1482,5.276387205572654,0.9996727138818703,0.6435854038318326,0.0013636588118970394
flickr,lambda025k_best,10234680056,28,0.6151055097579956,0.6031831502914429,0.011922359466552734,0.5415496826171875,0.633314362950843,0.8185830536527057,0.30582642555236816,0.43349410076530615,0.025849011479591837,1601,9444,290,0,5.274833615588914,0.9993783682520302,0.6053857400292407,0.001758139580488205
flickr,lambda025k_best,10246013484,29,0.6245476007461548,0.4501998722553253,0.17434772849082947,0.77093505859375,0.5390137808915236,0.9143594096904794,0.2985212504863739,0.30520567602040816,0.0007573341836734694,3753,14368,0,0,5.273046613062544,0.99903979991054,0.5382264760147601,0.0023179114796221256
flickr,lambda025k_best,10268129763,30,0.7009385228157043,0.5037028789520264,0.19723564386367798,0.8398590087890625,0.7667419438895162,0.8841646634615384,0.31821370124816895,0.3979591836734694,0.02977519132653061,9042,5960,0,0,5.271880524859089,0.998818870984448,0.7200244698205547,0.002243179827928543
flickr,lambda025k_best,10278084464,31,0.7761671543121338,0.7057638168334961,0.0704033374786377,0.64874267578125,0.8911567777957973,0.6452559887271019,0.4889267683029175,0.5940290178571429,0.18415178571428573,5242,1894,776,350,5.273408141782042,0.9991082957168723,0.6239962363934267,0.002201675670221448
flickr,lambda025k_best,10283938426,32,0.6991716027259827,0.5836659669876099,0.1155056357383728,0.7188720703125,0.7514026423972904,0.567705891545554,0.4894672632217407,0.510124362244898,0.17205436862244897,8854,5548,0,667,5.275188065561045,0.999445522907625,0.5194930554314212,0.0018989420495927334
flickr,lambda025k_best,10289643764,33,0.6131526827812195,0.4425541162490845,0.170598566532135,0.741424560546875,0.6137564760094765,0.9666639330818435,0.3072817325592041,0.24302455357142858,0.00466358418367347,10057,8162,0,0,5.267835863795441,0.9980525630649005,0.606368476555467,0.003242366248741746
flickr,lambda025k_best,10304554474,34,0.654655396938324,0.6204239130020142,0.034231483936309814,0.622833251953125,0.644145789204587,0.7922562098549162,0.3967859148979187,0.44369818239795916,0.06190210459183673,7979,7101,0,0,5.272650231946024,0.9989647009136232,0.5785226974547363,0.0021765613928437233
flickr,lambda025k_best,10308472565,35,0.6650581359863281,0.5216889381408691,0.14336919784545898,0.7382049560546875,0.6460745747686852,0.8663447251114413,0.3312724232673645,0.2682557397959184,0.019092793367346938,9797,7914,0,0,5.268640205323091,0.9982049548903118,0.6135108118061767,0.0031082851346582174
flickr,lambda025k_best,10369815925,36,0.6236954927444458,0.4897250831127167,0.13397040963172913,0.748779296875,0.544327931363203,0.9764856776400171,0.2820453345775604,0.3729272959183674,0.0034080038265306123,1010,13590,0,0,5.269798938498075,0.998424490321009,0.541569104004268,0.0028791551012545824
flickr,lambda025k_best,10389014583,37,0.5767835378646851,0.4869701862335205,0.08981335163116455,0.65667724609375,0.5459856482699027,0.8867769099340981,0.3216308653354645,0.3266103316326531,0.00510204081632653,8747,9976,0,0,5.272401304082221,0.9989175386445416,0.5407844304692442,0.002282933332026005
flickr,lambda025k_best,10409146004,38,0.7141972780227661,0.7493679523468018,-0.035170674324035645,0.474456787109375,0.6821232458816352,0.7078936260025327,0.41525599360466003,0.37771045918367346,0.10642538265306123,10075,2792,0,0,5.274762603725329,0.9993649142313865,0.536468330134357,0.0017067398875951767
flickr,lambda025k_best,10409351364,39,0.7627326250076294,0.572428286075592,0.19030433893203735,0.8922271728515625,0.9072934472934473,0.8214506809739992,0.3842819333076477,0.38632015306122447,0.052634725765306124,10656,2068,0,0,5.27352945572377,0.9991312800492638,0.7886186914962112,0.0020870990119874477
flickr,lambda025k_best,10413912845,40,0.709976851940155,0.7582855224609375,-0.04830867052078247,0.4395294189453125,0.7246396275405139,0.40681075647147524,0.4795469343662262,0.39650430484693877,0.22548628826530612,7645,1852,0,0,5.274021331985474,0.9992244717083051,0.35998309834096875,0.0020355521701276302
flickr,lambda025k_best,10437048305,41,0.636069655418396,0.6146296262741089,0.02144002914428711,0.55560302734375,0.5699444184717677,0.9423957856161246,0.30726203322410583,0.34805484693877553,0.011937978316326531,373,5090,7,63,5.2728414983806395,0.9990009385566008,0.5583620294821122,0.0021384158171713352
flickr,lambda025k_best,10440265465,42,0.7178728580474854,0.5194035768508911,0.19846928119659424,0.9189453125,0.8436953989516599,0.9419398536981848,0.4123036563396454,0.36780532525510207,0.006118463010204082,8782,3637,0,0,5.273520331883788,0.9991295514320263,0.8313088804935201,0.0024580308236181736
flickr,lambda025k_best,10441843213,43,0.7553637623786926,0.557692289352417,0.19767147302627563,0.8463134765625,0.777808650551079,0.8736631850526403,0.3593040704727173,0.4789341517857143,0.03413982780612245,6903,6330,0,0,5.269164616545218,0.9983043106747129,0.7313929386354532,0.002719953190535307
flickr,lambda025k_best,10446128125,44,0.6758463382720947,0.5150943994522095,0.16075193881988525,0.7823333740234375,0.7249592945610216,0.9171642827385086,0.40881437063217163,0.4305444834183674,0.014847735969387755,6378,4903,404,0,5.2748931104004235,0.9993896402336657,0.7057220708446866,0.001929666381329298
flickr,lambda025k_best,10451898725,45,0.8519097566604614,0.8103087544441223,0.04160100221633911,0.6100006103515625,1.0,0.05718895120921537,0.638773500919342,0.6609135841836735,0.6125039859693877,3162,0,0,35,5.274652964255594,0.9993441417630311,0.05812225133698034,0.0016507841646671295
flickr,lambda025k_best,10468313544,46,0.7075587511062622,0.5827686786651611,0.12479007244110107,0.703948974609375,0.767791771620487,0.5542329325058185,0.46922385692596436,0.41103316326530615,0.17980707908163265,16504,4200,0,0,5.272474296555702,0.998931367914687,0.47807356908341875,0.0025850797537714243
flickr,lambda025k_best,10476442285,47,0.7609478235244751,0.6172299385070801,0.14371788501739502,0.7978363037109375,0.8701588877855015,0.8126384666907105,0.36671531200408936,0.38681839923469385,0.06513073979591837,6828,2711,32,19,5.2729553681749195,0.9990225125089742,0.7372394129195101,0.002123141661286354
flickr,lambda025k_best,10476446674,48,0.7051435112953186,0.5348599553108215,0.17028355598449707,0.7484588623046875,0.7401319197430674,0.7859185918591859,0.29438745975494385,0.2717434630102041,0.02662627551020408,12041,4982,0,0,5.270676208854677,0.9985906993583719,0.6776059944987195,0.002446533180773258
flickr,lambda025k_best,10477544895,49,0.6411440372467041,0.5798054933547974,0.06133854389190674,0.585906982421875,0.5901751862988626,0.8028187800106704,0.3065299987792969,0.22413105867346939,0.03762755102040816,7141,4319,0,129,5.266656201520629,0.9978290623736548,0.5253403933434191,0.003280047094449401
flickr,lambda025k_best,10481128583,50,0.584518551826477,0.5068821310997009,0.07763642072677612,0.59521484375,0.5172528201725282,0.9078279677231511,0.3122357726097107,0.23957669005102042,0.019292091836734693,11107,9266,0,0,5.274600553611232,0.999334211958973,0.4945617692377413,0.0018711099401116371
flickr,lambda025k_best,10520382525,51,0.7323789596557617,0.5762300491333008,0.15614891052246094,0.7771759033203125,0.7890531139113185,0.7924406532353107,0.3788933753967285,0.35512994260204084,0.048329878826530615,6847,4472,0,0,5.270942213912332,0.9986410970997681,0.6948893974065599,0.0026427078992128372
flickr,lambda025k_best,10545790805,52,0.6535651683807373,0.6388205289840698,0.01474463939666748,0.5791397094726562,0.639311703050938,0.7626528093019551,0.4544767737388611,0.5004982461734694,0.07463727678571429,3651,9416,396,147,5.2766165672395395,0.9997161691081573,0.5682728540486011,0.0013727853074669838
flickr,lambda025k_best,10548273474,53,0.8017390370368958,0.7347992658615112,0.06693977117538452,0.740203857421875,0.9429094794687833,0.4611938626945907,0.5127502083778381,0.5338608099489796,0.2410514987244898,4102,258,76,1466,5.274612246343201,0.9993364272825732,0.4902964638647458,0.002098251599818468
flickr,lambda025k_best,10549911663,54,0.7048653364181519,0.7134267091751099,-0.008561372756958008,0.5439910888671875,0.7273935271728115,0.6928010639667082,0.4557320475578308,0.4645448022959184,0.13466597576530612,10876,2583,65,97,5.27456073817908,0.9993266684638573,0.5576620909954243,0.0018525263294577599
flickr,lambda025k_best,10555704135,55,0.7490004301071167,0.6790173053741455,0.06998312473297119,0.6348419189453125,0.8270001773993259,0.6107908390545569,0.41650664806365967,0.38028140943877553,0.13295200892857142,6605,862,301,116,5.275041178343322,0.9994176934216805,0.5612974691164785,0.0015758415684103966
flickr,lambda025k_best,10557361454,56,0.6406375169754028,0.8299809694290161,-0.18934345245361328,0.2581939697265625,0.5740696278511405,0.24746429310701717,0.39787745475769043,0.28884327168367346,0.2062938456632653,8971,1028,0,0,5.267808291971322,0.9980473392632404,0.2160737416031569,0.0028190824668854475
flickr,lambda025k_best,10610974774,57,0.6039592027664185,0.4518698751926422,0.15208932757377625,0.71685791015625,0.5363408521303258,1.0,0.23680314421653748,0.36678890306122447,0.0,1197,15332,0,0,5.2718164472081925,0.9988067307307715,0.5363408521303258,0.0023291753605008125
flickr,lambda025k_best,10624261424,58,0.7037558555603027,0.6298761367797852,0.07387971878051758,0.6380157470703125,0.8008913708854642,0.7736798423072933,0.3923876881599426,0.3842075892857143,0.06353635204081633,5758,5590,0,57,5.272575209490176,0.9989504870397893,0.683829260464903,0.002375211799517274
flickr,lambda025k_best,10635080206,59,0.7639908790588379,0.6036287546157837,0.1603621244430542,0.7747955322265625,0.8710744530698659,0.7356403188556955,0.4258456230163574,0.5350366709183674,0.12641501913265307,7023,3533,0,1,5.270590524890444,0.9985744655381985,0.6806479407203171,0.002536035841330886
flickr,lambda025k_best,10654057765,60,0.6734333038330078,0.6712791919708252,0.002154111862182617,0.4866790771484375,0.578825519789858,0.7454701834862385,0.38833674788475037,0.3475765306122449,0.05317283163265306,4033,9088,22,5,5.275482320811908,0.999501272975568,0.5173703688964941,0.0017682109028100967
flickr,lambda025k_best,10659354545,61,0.580999493598938,0.5593119859695435,0.02168750762939453,0.58404541015625,0.5354816193578409,0.9053894571203777,0.4148000180721283,0.40529336734693877,0.03730867346938776,6938,9201,241,0,5.27412963207826,0.9992449904161731,0.5078331862312445,0.002096962183713913
flickr,lambda025k_best,10666396623,62,0.5457648038864136,0.45411592721939087,0.0916488766670227,0.6244659423828125,0.48758318063458383,0.9548158640226629,0.21665368974208832,0.21105707908163265,0.00045838647959183676,3871,8466,0,0,5.265439635848015,0.997598569905954,0.4870430133423245,0.0032161918934434652
flickr,lambda025k_best,10667001125,63,0.728557825088501,0.5485458970069885,0.18001192808151245,0.909149169921875,0.9129193033544268,0.8235829039102759,0.35741275548934937,0.19724569515306123,0.021205357142857144,18272,1224,0,0,5.269209010029485,0.9983127215348652,0.8157117838378785,0.003294264432042837
flickr,lambda025k_best,10701841844,64,0.6374484300613403,0.6832979321479797,-0.045849502086639404,0.4305877685546875,0.7286578697966027,0.5806320436853724,0.41037920117378235,0.3430723852040816,0.09735730229591837,8013,4347,0,0,5.271557809385358,0.9987577287974047,0.5373078163638318,0.0027593295089900494
flickr,lambda025k_best,10743985374,65,0.6470440030097961,0.6125435829162598,0.03450042009353638,0.5610504150390625,0.5870376727023084,0.856217535515364,0.383848637342453,0.31845902423469385,0.037806919642857144,1666,2706,336,265,5.275436861020117,0.9994926600910959,0.5428520414236401,0.0017126607708632946
flickr,lambda025k_best,10751849775,66,0.6811294555664062,0.562088131904602,0.1190413236618042,0.6746673583984375,0.6936498799055124,0.7722772277227723,0.41768938302993774,0.45089285714285715,0.09205596301020408,10524,8148,0,0,5.2708209474357215,0.9986181217601933,0.5861612010400067,0.0029624567832797766
flickr,lambda025k_best,10761625676,67,0.7489807605743408,0.5278035402297974,0.22117722034454346,0.9131622314453125,0.8299226353880709,0.5157413151364765,0.32019805908203125,0.38552295918367346,0.018993144132653062,7458,3525,0,0,5.267925029215621,0.9980694564872561,0.7689609989209187,0.0028286536689847708
flickr,lambda025k_best,10771238614,68,0.6957602500915527,0.5341396331787109,0.1616206169128418,0.739349365234375,0.7821503461350645,0.8821109239341713,0.30232125520706177,0.30759725765306123,0.014229910714285714,5722,3542,0,0,5.271844925244632,0.9988121262248594,0.7513313650285588,0.002216992899775505
flickr,lambda025k_best,10795023275,69,0.7041019201278687,0.6472399234771729,0.0568619966506958,0.5652084350585938,0.6138386448463968,0.6777465809256408,0.34212198853492737,0.22004544005102042,0.059650031887755105,1766,253,215,149,5.270856708287644,0.9986248970680885,0.49283761978463464,0.0026389588601887226
flickr,lambda025k_best,10796050285,70,0.7073109149932861,0.5667060017585754,0.1406049132347107,0.759185791015625,0.7867957071674971,0.8757465870307167,0.3258797526359558,0.46715561224489793,0.02082669005102041,7243,5851,85,29,5.270185879482449,0.9984978007754717,0.7564953012714207,0.0025334488600492477
flickr,lambda025k_best,10805310706,71,0.5483400821685791,0.4446644186973572,0.10367566347122192,0.660552978515625,0.4224356575610162,0.7951166066677101,0.2641129493713379,0.12733179209183673,0.02303890306122449,20730,8784,0,0,5.26600601211833,0.9977058764551447,0.3853886128285855,0.003883637487888336
flickr,lambda025k_best,10847897294,72,0.7353713512420654,0.6662057042121887,0.06916564702987671,0.6990509033203125,0.8865538735529831,0.7330020246640898,0.43048685789108276,0.5413942920918368,0.08647560586734694,3312,4093,0,8,5.27697262080229,0.9997836275825821,0.7430127989850368,0.0010945298708975315
flickr,lambda025k_best,10859255295,73,0.6069743037223816,0.5474424958229065,0.0595318078994751,0.6094970703125,0.5935457732213003,0.908906991799741,0.31678929924964905,0.36941964285714285,0.029675542091836735,3747,10288,0,0,5.271244783839817,0.9986984224795713,0.563961370445378,0.0021487302146852016
flickr,lambda025k_best,10862172945,74,0.532665491104126,0.4012925624847412,0.13137292861938477,0.650634765625,0.43716116313454906,0.9413994390114472,0.18646301329135895,0.26289461096938777,0.003627232142857143,1240,11691,0,0,5.250231987442822,0.994717304646095,0.43437806072477964,0.004564392846077681
flickr,lambda025k_best,10939270325,75,0.5201761722564697,0.34832286834716797,0.17185330390930176,0.7122955322265625,0.3425399404278364,1.0,0.2815808653831482,0.15126753826530612,0.0,17559,12223,0,0,5.264662981212826,0.9974514236832339,0.3425399404278364,0.004063154570758343
flickr,lambda025k_best,10952523225,76,0.777705192565918,0.5527052879333496,0.22499990463256836,0.8850555419921875,0.8920999412877553,0.8677764616295794,0.37231892347335815,0.47110172193877553,0.040158641581632654,4972,2765,25,7,5.2714088072628,0.9987294986182255,0.820221124817562,0.0023828535340726376
flickr,lambda025k_best,10979853044,77,0.824238657951355,0.6256823539733887,0.1985563039779663,0.9053802490234375,0.974128547905445,0.7806754641019906,0.3718297481536865,0.44553172831632654,0.07286352040816327,4946,789,0,0,5.270771274401864,0.9986087106281766,0.8090304336740607,0.0023117137607187033
flickr,lambda025k_best,10980225216,78,0.7879617810249329,0.6250576376914978,0.16290414333343506,0.850616455078125,0.9442189768048108,0.6915900017358098,0.41746073961257935,0.45926339285714285,0.1083984375,8438,1211,0,0,5.2718136594633975,0.9988062025602078,0.7141032821776633,0.002376816002652049
flickr,lambda025k_best,11002352834,79,0.5343210697174072,,,,0.3772353794103432,1.0,0.23177866637706757,0.18666294642857142,0.0,580,11679,0,0,5.269442076938409,0.9983568787622034,0.3772353794103432,0.00324823847040534
flickr,lambda025k_best,11036641226,80,0.8128316402435303,0.6163609027862549,0.1964707374572754,0.8718719482421875,0.9715693257359924,0.5440736555208403,0.4172345697879791,0.2998046875,0.11190609056122448,11781,479,0,20,5.274168481461377,0.9992523508821017,0.5829831184557305,0.0020970008336007595
flickr,lambda025k_best,11050409385,81,0.6644535064697266,0.3878366947174072,0.27661681175231934,0.874267578125,0.668895800933126,0.8964151729887453,0.25118133425712585,0.23905851403061223,0.006995376275510204,12133,5463,0,0,5.273026344069979,0.999035959714964,0.6546024595154024,0.0020649288780987263
flickr,lambda025k_best,11071986404,82,0.8039447069168091,0.6707866787910461,0.13315802812576294,0.7734222412109375,0.9702684563758389,0.4054122265844083,0.4494056701660156,0.3553491709183674,0.19810267857142858,11646,320,76,969,5.274025879993353,0.999225333381113,0.41566992524439333,0.0020853551104664803
flickr,lambda025k_best,11101358996,83,0.7261365652084351,0.5644586086273193,0.16167795658111572,0.773193359375,0.7567754743986334,0.9325254594071798,0.3114316165447235,0.35030691964285715,0.01628268494897959,4591,4004,0,0,5.26979651837669,0.9984240318009615,0.7292667734472326,0.0025574935134500265
flickr,lambda025k_best,11154049584,84,0.699414849281311,0.4992024898529053,0.20021235942840576,0.8227996826171875,0.7409152264245825,0.9192224338346359,0.2906864881515503,0.3034717793367347,0.015505420918367346,3762,6512,0,0,5.271760844781422,0.9987961962065407,0.7116093444164824,0.0022233426570892334
flickr,lambda025k_best,11314266424,85,0.7934409379959106,0.5704376697540283,0.22300326824188232,0.895355224609375,0.9181795395137322,0.9466184288245718,0.2943030595779419,0.5398596938775511,0.018614477040816327,1954,2198,208,0,5.270561683098557,0.9985690011264248,0.8884654031391843,0.0021500736474990845
flickr,lambda025k_best,11650557765,86,0.6044607162475586,0.4705261290073395,0.13393458724021912,0.7546844482421875,0.5941242146281661,0.9203404774823657,0.324666291475296,0.29384566326530615,0.003926179846938775,9446,9262,0,0,5.270825419093756,0.9986189689676381,0.5890434744861416,0.002764006843790412
flickr,lambda025k_best,11764496003,87,0.6297920942306519,0.537451982498169,0.09234011173248291,0.6898345947265625,0.5905079164512855,0.8386991516206221,0.3580477833747864,0.3664700255102041,0.05640146683673469,6631,10122,0,0,5.268962359320708,0.9982659906991974,0.5327759832794984,0.0031045100186020136
flickr,lambda025k_best,11765015695,88,0.6657724380493164,0.4824219048023224,0.18335053324699402,0.75494384765625,0.647871323728294,0.9306102362204725,0.2895272970199585,0.38472576530612246,0.005022321428571429,6671,7832,0,0,5.274738146991038,0.9993602806196008,0.6420364182198317,0.0016848244704306126
flickr,lambda025k_best,11776645404,89,0.5996610522270203,0.8230808973312378,-0.22341984510421753,0.2265167236328125,0.5656820444739462,0.6653913722428265,0.5357587933540344,0.5105030293367347,0.1468231823979592,1392,5038,6,20,5.274378479125213,0.9992921373735658,0.4545430301090754,0.001695744227617979
flickr,lambda025k_best,12015590114,90,0.7130559682846069,0.5872277021408081,0.12582826614379883,0.7234954833984375,0.7573172640475818,0.8126014667189162,0.39812788367271423,0.3560068558673469,0.04553970025510204,2622,2583,22,883,5.2729883061454315,0.9990287529892666,0.6766501957859407,0.002251617144793272
flickr,lambda025k_best,12031178616,91,0.5982260704040527,0.5074382424354553,0.09078782796859741,0.6103057861328125,0.5980893812787532,0.7624932671015621,0.3128274381160736,0.3330078125,0.06527024872448979,5269,11458,0,0,5.272009842911767,0.9988433717884333,0.5183911787443545,0.0021378109231591225
flickr,lambda025k_best,12048726756,92,0.7766562104225159,0.5906052589416504,0.18605095148086548,0.8798675537109375,0.9497602133716309,0.7844856803931537,0.386474072933197,0.47042410714285715,0.06776147959183673,8831,1456,0,303,5.274809261127684,0.9993737540170614,0.8087262245321337,0.0016901963390409946
flickr,lambda025k_best,12066557153,93,0.7458925247192383,0.5948619246482849,0.15103060007095337,0.9593353271484375,0.9885503717839047,0.7312241421270382,0.3960282504558563,0.40945870535714285,0.08960459183673469,11615,269,0,0,5.270042265795384,0.9984705914978532,0.7628598994566598,0.002998518059030175
flickr,lambda025k_best,12103535156,94,0.6896870136260986,0.5561496019363403,0.1335374116897583,0.70709228515625,0.7019340519974635,0.6349374784903064,0.3959832191467285,0.34745695153061223,0.11437739158163265,7550,2950,0,0,5.270061871264445,0.9984743059812107,0.5146450323120554,0.0026625015307217836
flickr,lambda025k_best,12158276143,95,0.6537986993789673,0.5586990118026733,0.09509968757629395,0.650848388671875,0.6651543038137225,0.6028864059590316,0.34546878933906555,0.25685586734693877,0.08404416454081633,10949,3926,0,0,5.2707487715665975,0.9986044472052085,0.48872535144824986,0.002610038034617901
flickr,lambda025k_best,12328837165,96,0.6726322174072266,0.41797658801078796,0.2546556293964386,0.871856689453125,0.6329911722438925,0.9974443581780539,0.33093568682670593,0.3080357142857143,0.0,6496,8886,0,0,5.2680605865370564,0.998095139393026,0.6329911722438925,0.003262353129684925
flickr,lambda025k_best,12373955905,97,0.5653025507926941,0.40062883496284485,0.16467371582984924,0.7275238037109375,0.45285362286904784,1.0,0.22722592949867249,0.22526705994897958,0.0,5338,11605,0,0,5.2693133294767485,0.9983324860632998,0.45285362286904784,0.0027666445821523666
flickr,lambda025k_best,12444360833,98,0.6156896948814392,0.4283287525177002,0.187360942363739,0.74560546875,0.5549507976887732,0.9751542033404949,0.2674432694911957,0.28756776147959184,0.005141900510204082,2181,4017,202,116,5.2700377266096305,0.9984697314964992,0.549360663738409,0.002546456176787615
flickr,lambda025k_best,12512072175,99,0.6215906739234924,0.35738104581832886,0.2642096281051636,0.810211181640625,0.6079930032702107,0.935685861423221,0.27157506346702576,0.3405612244897959,0.014548788265306123,9846,11616,0,0,5.274687259420276,0.99935063937949,0.5915717034186769,0.0016430839896202087
flickr,lambda025k_best,12534178685,100,0.6211732625961304,0.35883498191833496,0.2623382806777954,0.8375244140625,0.6028227539762143,0.9979836796660024,0.21724343299865723,0.4200813137755102,0.0,4803,12813,0,0,5.268335178215382,0.9981471639692344,0.6028227539762143,0.0025955524761229753
flickr,lambda025k_best,12598610153,101,0.7012466192245483,0.5415923595428467,0.15965425968170166,0.7490386962890625,0.6736165061699398,0.926126484177058,0.28068459033966064,0.40116788903061223,0.019152582908163265,2697,3723,151,0,5.2682691741450665,0.9981346587330701,0.6510101098287091,0.0025770715437829494
flickr,lambda025k_best,12599965145,102,0.6769413948059082,0.4094647169113159,0.2674766778945923,0.8660125732421875,0.6478252351097179,0.9813028639263985,0.21472685039043427,0.40292171556122447,0.0024713010204081634,2215,11115,0,0,5.270616724980178,0.9985794294488797,0.645212696760765,0.002238460350781679
flickr,lambda025k_best,12729873904,103,0.6632888317108154,0.3916861414909363,0.27160269021987915,0.96185302734375,0.6479950552422159,0.9722367124558048,0.28337669372558594,0.34384964923469385,0.0,9507,11980,0,0,5.274962816072704,0.9994028467812269,0.6479950552422159,0.0017175283282995224
flickr,lambda025k_best,13153991894,104,0.7894526720046997,0.7192073464393616,0.07024532556533813,0.77783203125,0.9983315340072627,0.4004251466362241,0.516347348690033,0.5062779017857143,0.25257095025510207,7512,4,42,662,5.276118447399465,0.9996217945308254,0.4449304522788907,0.0017137997783720493
flickr,lambda025k_best,13234495505,105,0.5733230710029602,0.7136178016662598,-0.14029473066329956,0.375274658203125,0.44760890609874154,0.5469881228410542,0.48414039611816406,0.42117745535714285,0.15919961734693877,2382,6892,0,187,5.274035376884287,0.9992271326771774,0.34186555466832286,0.0018364912830293179
flickr,lambda025k_best,13409856383,106,0.5279031991958618,0.31343841552734375,0.21446478366851807,0.840576171875,0.43429207645203194,1.0,0.15311488509178162,0.23321906887755103,0.0,2353,17008,0,0,5.265081805725782,0.9975307748417435,0.43429207645203194,0.003276124130934477
flickr,lambda025k_best,13447842855,107,0.8022764325141907,0.6169654130935669,0.18531101942062378,0.9565887451171875,0.9760218145173242,0.691080797481637,0.44518008828163147,0.47482860331632654,0.09701849489795919,3181,441,591,1865,5.27452500193109,0.9993198978174622,0.7574468085106383,0.002032714895904064
flickr,lambda025k_best,13579448834,108,0.5588564872741699,0.44248735904693604,0.11636912822723389,0.71337890625,0.47455482446049785,0.9956076841393957,0.3019329011440277,0.2064532844387755,0.0,10626,11733,0,0,5.27497410258541,0.9994049851418793,0.47455482446049785,0.001826298888772726
flickr,lambda025k_best,13660204414,109,0.6620069742202759,0.7348499298095703,-0.07284295558929443,0.4258270263671875,0.6192941673710904,0.8250746100568725,0.3667994439601898,0.3539341517857143,0.05610251913265306,1099,3765,137,462,5.272908272218794,0.9990135896342044,0.5534466477809254,0.0020944299176335335
flickr,lambda025k_best,13721325644,110,0.7105127573013306,0.7408524751663208,-0.030339717864990234,0.453399658203125,0.782356647763075,0.7703598652721149,0.4672216773033142,0.5621213329081632,0.10283801020408163,3737,4197,0,0,5.2746329840746995,0.9993403562861735,0.6597737797009033,0.002034471370279789
flickr,lambda025k_best,13861270725,111,0.5875773429870605,0.5612800717353821,0.026297271251678467,0.5482635498046875,0.6223245924875974,0.7914613628169691,0.3613554835319519,0.33167251275510207,0.033900669642857144,7363,11213,0,0,5.27447009713803,0.9993094954680242,0.5760299134085541,0.002060753758996725
flickr,lambda025k_best,14062380939,112,0.6395512223243713,0.5591011047363281,0.08045011758804321,0.6433868408203125,0.5890608265317429,0.6747038917089678,0.3941343426704407,0.23557079081632654,0.05450813137755102,6946,5202,0,0,5.274560152039275,0.9993265574128773,0.49006052785202936,0.0022311322391033173
flickr,lambda025k_best,14172932360,113,0.5722769498825073,0.5477050542831421,0.024571895599365234,0.5462493896484375,0.45848052141897605,0.8260129078522768,0.22717182338237762,0.22233737244897958,0.03142936862244898,5511,8828,0,0,5.263636787025712,0.9972569993000274,0.42512456172725593,0.003592581721022725
flickr,lambda025k_best,14174434304,114,0.7125823497772217,0.5038511753082275,0.20873117446899414,0.891326904296875,0.768441890926411,0.9767851061414462,0.28278735280036926,0.5266860650510204,0.00253109056122449,5203,6355,0,0,5.272639370658428,0.9989626431167968,0.7655476141048074,0.002180019160732627
flickr,lambda025k_best,14203929291,115,0.6417734622955322,0.5334248542785645,0.10834860801696777,0.6746826171875,0.5866803238324109,0.8061058785319909,0.3819841146469116,0.36818399234693877,0.06546954719387756,9218,12583,0,0,5.2740054939180805,0.9992214710028609,0.519455151124056,0.002041121944785118
flickr,lambda025k_best,14414061986,116,0.6560192704200745,0.44711244106292725,0.20890682935714722,0.8758392333984375,0.7017258629314658,0.925724279020656,0.23206141591072083,0.3019969706632653,0.0,6367,5673,0,0,5.268237577236812,0.9981286723325664,0.7017258629314658,0.0028301412239670753
flickr,lambda025k_best,14566072101,117,0.596562385559082,0.49031996726989746,0.10624241828918457,0.6803741455078125,0.5828196832964413,0.9976391722529875,0.29982367157936096,0.34189652423469385,0.0,4227,7181,0,0,5.272549278110496,0.9989455740393423,0.5828196832964413,0.002250212710350752
flickr,lambda025k_best,14648401332,118,0.6462258696556091,0.3794081211090088,0.26681774854660034,0.9357757568359375,0.584171322160149,0.9841259882042916,0.26886889338493347,0.3176419005102041,0.003049266581632653,3841,10115,0,0,5.2695215362436345,0.9983719332485788,0.5808613857719512,0.002738271839916706
flickr,lambda025k_best,14652810592,119,0.5812546014785767,0.3072853088378906,0.27396929264068604,0.915130615234375,0.49089819896421116,0.9756875096020894,0.162484273314476,0.2594467474489796,0.0,4725,15942,0,0,5.264159493205052,0.9973560320443097,0.49089819896421116,0.003246658481657505
flickr,lambda025k_best,14678892718,120,0.7483553290367126,0.5976086854934692,0.1507466435432434,0.844757080078125,0.923230568823274,0.6571269625417233,0.3858615458011627,0.3224250637755102,0.07220583545918367,11349,1059,0,0,5.275718931560787,0.9995461016244617,0.7022724270048883,0.0016379491426050663
flickr,lambda025k_best,14680986811,121,0.685221791267395,0.6369657516479492,0.0482560396194458,0.62017822265625,0.7186350241503775,0.7788381585909744,0.47824999690055847,0.5273038903061225,0.10273836096938775,2483,7365,0,302,5.273899504247742,0.9992013900313054,0.6091281278174374,0.002231509890407324
flickr,lambda025k_best,14742398172,122,0.6171247959136963,0.4012061059474945,0.21591868996620178,0.8165283203125,0.5495279932703991,0.9357333842627961,0.24267123639583588,0.3130580357142857,0.01686065051020408,6906,15008,0,0,5.272355917354842,0.9989089396029691,0.5326797977784623,0.0022709909826517105
flickr,lambda025k_best,14778198185,123,0.5556257963180542,0.3709847033023834,0.18464109301567078,0.7919158935546875,0.4779818325434439,0.9612787926926132,0.1967068612575531,0.20073341836734693,0.0,7990,8865,0,0,5.2617528646648015,0.9969000683725009,0.4779818325434439,0.003901380579918623
flickr,lambda025k_best,14899015793,124,0.6814743280410767,0.33895623683929443,0.3425180912017822,0.9840240478515625,0.7045589661754122,0.9980939716312057,0.22445137798786163,0.44961734693877553,0.0,8242,9692,0,0,5.2733965023930995,0.9991060904997269,0.7045589661754122,0.0018688896670937538
flickr,lambda025k_best,15135657108,125,0.6617004871368408,0.4281544089317322,0.23354607820510864,0.9146875,0.643670278425456,0.9928772919605078,0.30455830693244934,0.4239078443877551,0.0,278,10455,97,0,5.274555629655154,0.9993257005947874,0.643670278425456,0.0019074706360697746
flickr,lambda025k_best,15210828119,126,0.631312370300293,0.5458139181137085,0.08549845218658447,0.6541748046875,0.6124676033283317,0.8330756385676295,0.36632001399993896,0.32224569515306123,0.0450813137755102,9288,7047,0,0,5.27363206633486,0.9991507208188786,0.5553494124922697,0.0021292041055858135
flickr,lambda025k_best,15679023977,127,0.8237171173095703,0.6485283970832825,0.17518872022628784,0.923370361328125,0.9870601790303997,0.5972222222222222,0.37615966796875,0.3716517857142857,0.1314971301020408,7872,246,0,5,5.266221537011859,0.9977467101443394,0.622839885912421,0.00300431065261364
flickr,lambda025k_best,15799251138,128,0.6159957647323608,0.5342721939086914,0.08172357082366943,0.6606903076171875,0.6208662157083803,0.9268150156607919,0.3599928915500641,0.4263193558673469,0.014309630102040817,7843,10100,0,0,5.271740677216466,0.9987923752276008,0.6072128637059724,0.002327381167560816
flickr,lambda025k_best,15994498891,129,0.6682162880897522,0.4930278956890106,0.17518839240074158,0.790863037109375,0.6604643930755675,0.8806090481894407,0.41135895252227783,0.43259725765306123,0.03398038903061224,3130,5362,954,31,5.276409614017341,0.9996769594214491,0.6237192455785421,0.0015044738538563251
flickr,lambda025k_best,16012165838,130,0.5842046737670898,0.3841363489627838,0.20006832480430603,0.9157867431640625,0.4563765393446045,0.9934765675710762,0.2643183767795563,0.30703922193877553,0.0,7114,18993,0,0,5.270132202513511,0.9984876310515449,0.4563765393446045,0.003159437095746398
flickr,lambda025k_best,16101081359,131,0.5738092660903931,0.33810311555862427,0.2357061505317688,0.8737640380859375,0.48326567590640623,0.9996396136658497,0.21672040224075317,0.27650669642857145,0.0,2997,15802,0,0,5.2662865525706355,0.9977590280955349,0.48326567590640623,0.00329333427362144
flickr,lambda025k_best,16369370669,132,0.7577883005142212,0.6793612837791443,0.0784270167350769,0.7354888916015625,0.8747891789786143,0.6615816326530612,0.4459245800971985,0.5859375,0.1349250637755102,2916,2590,0,535,5.274617270684925,0.9993373792023492,0.6706028374907342,0.0017961668781936169
flickr,lambda025k_best,16419739420,133,0.6266722679138184,0.668128490447998,-0.04145622253417969,0.4823455810546875,0.6367425399277796,0.7099106677883267,0.5084214806556702,0.4975087691326531,0.11748644770408163,889,6957,0,1407,5.2739487695533445,0.9992107239144783,0.5254473485241575,0.0023253567051142454
flickr,lambda025k_best,16563757295,134,0.6850258111953735,0.7809869050979614,-0.09596109390258789,0.3933868408203125,0.6342451874366768,0.616799408818458,0.48771730065345764,0.48545121173469385,0.14714205994897958,809,8450,0,87,5.272496705771246,0.9989356136003136,0.4835377039683306,0.002202926902100444
flickr,lambda025k_best,16659090834,135,0.7087637186050415,0.5966439247131348,0.11211979389190674,0.6824951171875,0.675588572677118,0.8308477764342335,0.42015522718429565,0.4450135522959184,0.06224091198979592,3768,8970,0,0,5.274046250310585,0.9992291927738218,0.6066015989013683,0.0019929460249841213
flickr,lambda025k_best,16804898716,136,0.5769302845001221,0.4534311890602112,0.12349909543991089,0.6945953369140625,0.48099301784328935,0.9875346260387812,0.309309184551239,0.2877869897959184,0.0012356505102040817,5827,14340,0,0,5.268014995821305,0.998086501703492,0.47998922885320944,0.0034707486629486084
flickr,lambda025k_best,16950760048,137,0.6750333309173584,0.5278239250183105,0.14720940589904785,0.68804931640625,0.574057824770763,0.8807552504038773,0.3406130373477936,0.296077806122449,0.029157366071428572,9699,8032,0,0,5.266780331058393,0.9978525801533504,0.5394335422163589,0.0032313447445631027
flickr,lambda025k_best,17140316339,138,0.7458014488220215,0.5308490991592407,0.21495234966278076,0.915374755859375,0.9155254869940511,0.8761385961778889,0.32697534561157227,0.4463488520408163,0.025151466836734693,10639,3031,0,0,5.2670626141093155,0.9979060619492468,0.8646147745048359,0.0028985359240323305
flickr,lambda025k_best,17537079145,139,0.7898811101913452,0.670403003692627,0.11947810649871826,0.801177978515625,0.9444111635774192,0.7902488647756089,0.45835062861442566,0.6759008290816326,0.08452248086734694,1457,1455,0,531,5.274023179646139,0.9992248217690342,0.8216223673319231,0.0021080407314002514
flickr,lambda025k_best,19306860381,140,0.5226560831069946,0.3196541965007782,0.20300188660621643,0.7441864013671875,0.3897469602366086,1.0,0.19399304687976837,0.2600047831632653,0.0,2475,14202,0,0,5.267672030451491,0.9980215229389223,0.3897469602366086,0.0029537149239331484
flickr,lambda025k_best,20854461578,141,0.7269166707992554,0.49528273940086365,0.23163393139839172,0.8880157470703125,0.7824933687002652,0.849014832853664,0.2769986689090729,0.4501155931122449,0.008131377551020409,3921,6790,0,0,5.270414566124311,0.9985411281104437,0.7696784811142777,0.0023761086631566286
flickr,lambda025k_best,2401957951,142,0.7720284461975098,0.6791326999664307,0.0928957462310791,0.764495849609375,0.9962326223071208,0.32453502039687476,0.5524014830589294,0.5764907525510204,0.36421795280612246,12981,71,0,0,5.275719018910817,0.9995461181739373,0.33892338797025057,0.0019810497760772705
flickr,lambda025k_best,2404965389,143,0.5715111494064331,0.7019123435020447,-0.13040119409561157,0.331756591796875,0.46363656490070626,0.9433333333333334,0.5998912453651428,0.4424426020408163,0.00510204081632653,136,16650,0,0,5.274735021064458,0.9993596883765782,0.4610236653824986,0.002041504718363285
flickr,lambda025k_best,2432219254,144,0.6623589396476746,0.7120898962020874,-0.04973095655441284,0.408203125,0.6822708517854442,0.6201987275155133,0.5018205642700195,0.507453762755102,0.17380819515306123,5003,4291,476,277,5.275458051120607,0.9994966748012448,0.495551754977798,0.0017129224725067616
flickr,lambda025k_best,2462141223,145,0.6652131080627441,0.5996451377868652,0.0655679702758789,0.6398773193359375,0.6985706993363962,0.8449704142011835,0.3531670868396759,0.38733657525510207,0.04135443239795918,1988,2192,275,390,5.270991777298,0.9986504874576644,0.6419106437868898,0.0022692158818244934
flickr,lambda025k_best,2465634368,146,0.5941149592399597,0.5443998575210571,0.04971510171890259,0.5446319580078125,0.5322130177514793,0.9276912921502833,0.3558308482170105,0.3623046875,0.0014150191326530613,2359,17191,0,0,5.271991938217903,0.9988399795366503,0.5310231906418754,0.0026526066940277815
flickr,lambda025k_best,2499673064,147,0.6941290497779846,0.5357285737991333,0.15840047597885132,0.7928924560546875,0.8172052326085073,0.7168296266274887,0.3755691349506378,0.3933952487244898,0.07545440051020408,14755,4495,0,0,5.272353532574908,0.9989084877787688,0.6705765266225919,0.0024219313636422157
flickr,lambda025k_best,2509250774,148,0.6390263438224792,0.46772000193595886,0.17130634188652039,0.7728118896484375,0.694009512103885,0.9345182413470533,0.28667134046554565,0.27696508290816324,0.004444355867346939,10270,7320,0,0,5.262382317819782,0.9970193255686058,0.6858365019011406,0.0036781863309442997
flickr,lambda025k_best,2542659118,149,0.7060421109199524,0.8110761046409607,-0.1050339937210083,0.35540771484375,0.7990164358742073,0.3345736994219653,0.5714684724807739,0.5516581632653061,0.34799505739795916,3119,296,626,2062,5.275380814324706,0.9994820413950216,0.31877872054799233,0.0016442514024674892
flickr,lambda025k_best,2630218696,150,0.7165771722793579,0.5564388036727905,0.16013836860656738,0.7644500732421875,0.7040159300010175,0.9625029806851602,0.28559282422065735,0.5014748086734694,0.014867665816326531,1772,3984,14,0,5.2735790129961995,0.9991406692489362,0.6890728806566799,0.0018749278970062733
flickr,lambda025k_best,2695985181,151,0.6116482019424438,0.537539005279541,0.07410919666290283,0.655914306640625,0.5933501701070736,0.9049468389889858,0.3311076760292053,0.3130381058673469,0.015385841836734694,11209,9251,0,0,5.273974799225269,0.9992156555375302,0.5748255990294207,0.002120047342032194
flickr,lambda025k_best,2698329253,152,0.5880680680274963,0.39239728450775146,0.19567078351974487,0.782196044921875,0.49532032691800687,0.9390228664250906,0.2740512192249298,0.31899713010204084,0.00994499362244898,8336,15363,0,0,5.2743963907498195,0.9992955309384584,0.48730668222935514,0.001955520361661911
flickr,lambda025k_best,2766580444,153,0.8544964790344238,0.7615474462509155,0.0929490327835083,0.824615478515625,1.0,0.3464943342776204,0.4718950688838959,0.33769132653061223,0.21129623724489796,10208,0,0,375,5.275828720587797,0.9995669024281764,0.356401384083045,0.0016557546332478523
flickr,lambda025k_best,2778088729,154,0.6317890882492065,0.453204482793808,0.17858460545539856,0.772796630859375,0.5411616161616162,0.9367282264233417,0.30065351724624634,0.1823780293367347,0.00825095663265306,8993,7355,0,0,5.271368648164092,0.9987218900114974,0.5273778762150855,0.0026930896565318108
flickr,lambda025k_best,2808068937,155,0.6511645317077637,0.576992392539978,0.07417213916778564,0.6231155395507812,0.6278861094697218,0.7961924848753955,0.4102746844291687,0.3590760522959184,0.06244021045918367,11133,6498,0,0,5.27678365636941,0.9997478260805156,0.5521661309878944,0.0011408454738557339
flickr,lambda025k_best,2811549163,156,0.6590911149978638,0.5704135298728943,0.08867758512496948,0.6598968505859375,0.66595,0.8104868154158215,0.5173357129096985,0.4912707270408163,0.08244977678571429,7817,8895,183,0,5.277268935540315,0.999839767844239,0.5852447490992179,0.0010505672544240952
flickr,lambda025k_best,2819123278,157,0.6693936586380005,0.3833220899105072,0.2860715687274933,0.9703521728515625,0.6212667353244078,0.9933545048223947,0.2360343188047409,0.33888711734693877,0.0,4494,11648,0,0,5.267698338071627,0.9980265072224845,0.6212667353244078,0.0029655941762030125
flickr,lambda025k_best,2858344348,158,0.4706909656524658,,,,0.28602941176470587,1.0,0.16028781235218048,0.16280691964285715,0.0,0,21945,0,0,5.271899335687186,0.9988224349138644,0.28602941176470587,0.0025840355083346367
flickr,lambda025k_best,2895192729,159,0.5987348556518555,0.35745811462402344,0.24127674102783203,0.87445068359375,0.4392205694285522,1.0,0.19575463235378265,0.26010443239795916,0.0,4296,18288,0,0,5.263015747794365,0.9971393362192793,0.4392205694285522,0.0035492826718837023
flickr,lambda025k_best,2897081671,160,0.5607256293296814,0.3821542263031006,0.1785714030265808,0.8072052001953125,0.44688538559863655,0.9930692319345553,0.18427956104278564,0.2631138392857143,0.0,2141,15240,0,0,5.2724833699977545,0.9989330869834526,0.44688538559863655,0.0022787712514400482
flickr,lambda025k_best,2897653916,161,0.7043406367301941,0.5164930820465088,0.1878475546836853,0.80780029296875,0.7463108842782648,0.6428230122324159,0.2937408685684204,0.20854591836734693,0.06513073979591837,16155,3004,0,0,5.265550724124649,0.9976196168675693,0.5477159840403876,0.0033038777764886618
flickr,lambda025k_best,2907554899,162,0.6690119504928589,0.6884052753448486,-0.019393324851989746,0.5005950927734375,0.7130011549249299,0.7773320861963521,0.4556570053100586,0.5539899553571429,0.10367506377551021,6968,8729,0,0,5.272715954514128,0.9989771528159307,0.6085419776382122,0.00215734145604074
flickr,lambda025k_best,2935372113,163,0.8029594421386719,0.6182394027709961,0.18472003936767578,0.8824920654296875,0.9580323026041165,0.7373832237655084,0.382731169462204,0.4032007334183674,0.09410873724489796,9899,836,0,0,5.268275028895043,0.9981357679833146,0.7351122280533176,0.0028271209448575974
flickr,lambda025k_best,2961466546,164,0.6562942266464233,0.755947470664978,-0.09965324401855469,0.3124237060546875,0.6074632014719411,0.6142977585254528,0.7412765622138977,0.6855269451530612,0.22325414540816327,1592,2509,1265,0,5.276479171397105,0.9996901378732741,0.45948767016048364,0.0017776100430637598
flickr,lambda025k_best,3012435981,165,0.5197329521179199,0.714955747127533,-0.19522279500961304,0.2396392822265625,0.18711270866871016,0.35555648675829704,0.4295508861541748,0.23780293367346939,0.1425183354591837,6694,11870,0,0,5.2687388761490865,0.9982236492219748,0.14224882227698704,0.003072964260354638
flickr,lambda025k_best,3052033339,166,0.8292044997215271,0.8808460235595703,-0.05164152383804321,0.33634185791015625,1.0,0.4097818191600979,0.6238794326782227,0.7408123405612245,0.36581234056122447,5033,0,0,0,5.275241173506858,0.9994555848235253,0.4535087980468634,0.0018161556217819452
flickr,lambda025k_best,3102685146,167,0.5991870760917664,0.41856855154037476,0.1806185245513916,0.8067779541015625,0.5599888651758375,0.798069293837609,0.2639743387699127,0.22606425382653061,0.0014548788265306123,14082,9160,0,0,5.272587593478406,0.9989528333299003,0.5574714413277089,0.0023873010650277138
flickr,lambda025k_best,3109408703,168,0.582740306854248,0.4429526627063751,0.13978764414787292,0.7918243408203125,0.525475636463181,0.9945275565054077,0.24654172360897064,0.3077367665816326,0.0,3422,11580,0,0,5.273255037991744,0.999079288429198,0.525475636463181,0.0022078491747379303
flickr,lambda025k_best,3202731977,169,0.6431543827056885,0.40465104579925537,0.2385033369064331,0.902435302734375,0.6212425365451925,0.9771292098445595,0.25965750217437744,0.2461734693877551,0.0,4180,7261,0,0,5.271792742245312,0.9988022395507932,0.6212425365451925,0.0024191406555473804
flickr,lambda025k_best,3207674548,170,0.7834130525588989,0.6068055033683777,0.17660754919052124,0.8842926025390625,0.9481645045542368,0.6978426035022143,0.42130246758461,0.4905333227040816,0.11732700892857142,5663,526,772,2063,5.273794102792447,0.9991814205039078,0.7156070327472711,0.001994634512811899
flickr,lambda025k_best,3230152596,171,0.8231561183929443,0.7252033948898315,0.09795272350311279,0.749114990234375,0.9589603283173734,0.8637880577090927,0.49082404375076294,0.7763472576530612,0.09257413903061225,2691,476,4162,0,5.274962038076457,0.9994026993808203,0.8468527420532052,0.0019451659172773361
flickr,lambda025k_best,3403348616,172,0.6775862574577332,0.4418518543243408,0.23573440313339233,0.8416748046875,0.604827224346001,0.9968291879426783,0.291459858417511,0.24198820153061223,0.0,6243,7827,0,0,5.269033858531148,0.9982795370533514,0.604827224346001,0.002969183260574937
flickr,lambda025k_best,3413119417,173,0.6928718090057373,0.4172256588935852,0.2756461501121521,0.90582275390625,0.7284809861221752,0.998965100902662,0.2647935450077057,0.34663982780612246,0.0,10433,6438,0,0,5.266531890721362,0.9978055102518665,0.7284809861221752,0.003008384257555008
flickr,lambda025k_best,3416359816,174,0.7987443804740906,0.5919879674911499,0.20675641298294067,0.863006591796875,0.9435767155940283,0.6994559657769924,0.43387508392333984,0.42861128826530615,0.11758609693877552,17042,1154,0,0,5.2727298811172325,0.99897979137231,0.688696090101639,0.0022798702120780945
flickr,lambda025k_best,3484198977,175,0.6985399127006531,0.6303302645683289,0.06820964813232422,0.65081787109375,0.7348646889240212,0.8123361603700848,0.3682895600795746,0.38773517219387754,0.06622688137755102,9649,5637,0,0,5.272276924516313,0.998893973494116,0.6365137540778928,0.0022400603629648685
flickr,lambda025k_best,3535748358,176,0.6343710422515869,0.4373612701892853,0.19700977206230164,0.7836761474609375,0.6240241036913515,0.9890377222489188,0.2873106300830841,0.3317920918367347,0.0,7648,7554,203,0,5.270858333789922,0.9986252050383361,0.6240241036913515,0.002562387613579631
flickr,lambda025k_best,3568893693,177,0.7527362108230591,0.6715006232261658,0.08123558759689331,0.6466064453125,0.8377933713923248,0.8615663731245923,0.42124977707862854,0.4888392857142857,0.06517059948979592,2194,2176,500,22,5.274404694907743,0.9992971042574292,0.7416473643574085,0.0018366430886089802
flickr,lambda025k_best,3668283413,178,0.6684008836746216,0.5901731252670288,0.07822775840759277,0.672119140625,0.692746984272408,0.9150094792465008,0.4007493853569031,0.4940808354591837,0.03900271045918367,3149,4973,90,415,5.273349800769708,0.999097242335864,0.6536799031756094,0.0022006602957844734
flickr,lambda025k_best,3709678770,179,0.6261175870895386,0.45881396532058716,0.16730362176895142,0.7500152587890625,0.6109730848861283,0.9988153663902521,0.3102562427520752,0.47106186224489793,0.0005580357142857143,3363,9131,118,0,5.269736309911439,0.9984126246093525,0.6105306713561601,0.002720507327467203
flickr,lambda025k_best,3719297546,180,0.627659022808075,0.5900107622146606,0.03764826059341431,0.61260986328125,0.6590096064954379,0.8850472334682861,0.36686068773269653,0.3692004145408163,0.03278459821428571,4466,4123,0,0,5.2743718299776265,0.9992908776154863,0.6181382898507013,0.0018719984218478203
flickr,lambda025k_best,3727937033,181,0.5126646757125854,0.32971516251564026,0.1829495131969452,0.8100128173828125,0.32240899144619056,1.0,0.223647803068161,0.12920519770408162,0.0,9313,13092,0,0,5.265144904004894,0.9975427295420837,0.32240899144619056,0.004038309678435326
flickr,lambda025k_best,3749326537,182,0.7788515090942383,0.8345276713371277,-0.055676162242889404,0.3717498779296875,0.9407322814459179,0.6199164516525372,0.51204913854599,0.6488360969387755,0.2305285395408163,6948,1402,0,0,5.271645431002974,0.9987743297284706,0.6111960751654275,0.0023329162504523993
flickr,lambda025k_best,3790233127,183,0.6858953237533569,0.5337529182434082,0.15214240550994873,0.75982666015625,0.7635361073587705,0.8824477886977887,0.2898879945278168,0.3893494897959184,0.03455835459183673,3828,6251,0,0,5.269885500881875,0.9984408905679512,0.7090796915167095,0.0024691077414900064
flickr,lambda025k_best,3801318146,184,0.7125406265258789,0.6631149649620056,0.04942566156387329,0.66851806640625,0.8026115530958146,0.7539233843454528,0.5282343029975891,0.6133808992346939,0.1260363520408163,4793,1547,1005,197,5.275832837857828,0.9995676824927063,0.6585542373843447,0.0017854762263596058
flickr,lambda025k_best,3828103578,185,0.6895595788955688,0.5382047891616821,0.15135478973388672,0.803955078125,0.8077840686536338,0.6593326745335116,0.34154242277145386,0.3428531568877551,0.0719467474489796,10992,4383,0,0,5.270875768007046,0.9986285081528474,0.642579950712404,0.002558281412348151
flickr,lambda025k_best,3896768873,186,0.7693336009979248,0.5762839317321777,0.19304966926574707,0.85723876953125,0.8634914834439775,0.8628783575428062,0.37822452187538147,0.49119100765306123,0.02130500637755102,2349,2430,1679,254,5.274955810759852,0.9994015195435098,0.8275707753672537,0.0016353204846382141
flickr,lambda025k_best,3908875350,187,0.6845030188560486,0.6263560056686401,0.05814701318740845,0.6143035888671875,0.6988002060995657,0.7607511084993857,0.43077561259269714,0.37306680484693877,0.07587292729591837,10146,2748,18,0,5.273355181101005,0.9990982617019908,0.588803208534039,0.0023465161211788654
flickr,lambda025k_best,3956341886,188,0.6728498935699463,0.6212660074234009,0.05158388614654541,0.63653564453125,0.6963497866056797,0.840557342839753,0.39272966980934143,0.4584263392857143,0.06853874362244898,6280,4318,2345,78,5.273926096053211,0.999206428157073,0.6196061465493758,0.00189109705388546
flickr,lambda025k_best,4007045926,189,0.8126647472381592,0.6316397190093994,0.18102502822875977,0.81292724609375,0.9511116239710747,0.5159412427492384,0.5094905495643616,0.47757892219387754,0.20489875637755103,7777,1106,0,3250,5.277032678293468,0.9997950061704027,0.5310781786941581,0.0011025946587324142
flickr,lambda025k_best,4041216001,190,0.7151849269866943,0.7613800764083862,-0.046195149421691895,0.4709320068359375,0.7487528144452783,0.7752552186500076,0.517281174659729,0.6539979272959183,0.12912547831632654,941,4346,158,227,5.27522207744844,0.9994519668539186,0.6288390948078754,0.001538215670734644
flickr,lambda025k_best,4180455681,191,0.7663602232933044,0.6757322549819946,0.09062796831130981,0.7530670166015625,0.9934348316416949,0.5048096602537864,0.4813727140426636,0.4868861607142857,0.1980030293367347,8010,163,0,1217,5.273128999395629,0.9990554089562703,0.5518143988545349,0.0022787556517869234
flickr,lambda025k_best,4303617148,192,0.7321470975875854,0.5376979112625122,0.19444918632507324,0.8342742919921875,0.8567143267710878,0.9104879352474038,0.3341670632362366,0.5220025510204082,0.022421077806122448,3055,4218,0,0,5.269557761124956,0.998378796472222,0.8234349642622838,0.0026269720401614904
flickr,lambda025k_best,4351373013,193,0.6312781572341919,0.590553879737854,0.04072427749633789,0.608551025390625,0.6219059748601805,0.7387195790396843,0.42988598346710205,0.45450015943877553,0.11569276147959184,2534,7362,13,854,5.273781349775261,0.9991790042969836,0.5121528569474212,0.0021307342685759068
flickr,lambda025k_best,4407899725,194,0.5778633952140808,0.444248765707016,0.13361462950706482,0.6628875732421875,0.5181401099795009,0.9810855769823178,0.18772830069065094,0.3234813456632653,0.0,3886,8447,0,0,5.266825684556144,0.9978611728991847,0.5181401099795009,0.002842230023816228
flickr,lambda025k_best,4479260803,195,0.6755533218383789,0.6297986507415771,0.04575467109680176,0.6121368408203125,0.6741972246430248,0.610403010439427,0.34934768080711365,0.3283641581632653,0.0489875637755102,3770,2544,147,2,5.270289954500583,0.9985175189939745,0.5788201438848921,0.0026421991642564535
flickr,lambda025k_best,4543136011,196,0.5659810304641724,0.44586628675460815,0.12011474370956421,0.6695709228515625,0.45826991768908215,0.7322084367245657,0.23481132090091705,0.20079320790816327,0.021763392857142856,8080,12999,0,0,5.2605803973845084,0.9966779308563629,0.42915733441926757,0.004001921974122524
flickr,lambda025k_best,4576746825,197,0.706053614616394,0.6074526309967041,0.09860098361968994,0.728179931640625,0.7961200020583543,0.6625695931477517,0.3369508981704712,0.23268096301020408,0.060267857142857144,17970,2406,0,0,5.267864839252925,0.9980580528011709,0.607158274792983,0.0031990406569093466
flickr,lambda025k_best,4646464908,198,0.43983978033065796,0.4309881925582886,0.008851587772369385,0.46632486979166665,0.34709153499867595,0.905035904989873,0.2813871204853058,0.21647799744897958,0.0,227,19023,0,0,5.267806307827064,0.9980469633441127,0.34709153499867595,0.003252684138715267
flickr,lambda025k_best,4657718822,199,0.6575986742973328,0.4218819737434387,0.23571670055389404,0.852264404296875,0.6591996241564876,0.9461472445289033,0.2851961553096771,0.3251155931122449,0.004025829081632653,6446,9119,0,0,5.270066634193745,0.9984752083733731,0.6535611449864499,0.002705587772652507
flickr,lambda025k_best,4717096777,200,0.6631548404693604,0.7461381554603577,-0.08298331499099731,0.4482879638671875,0.6396117900790798,0.5007880220646178,0.6908069252967834,0.7081473214285714,0.2815489477040816,3142,2467,3601,205,5.276870905265696,0.9997643563952053,0.4242019691515484,0.0012326114811003208
flickr,lambda025k_best,4755507106,201,0.580435037612915,0.5076736211776733,0.0727614164352417,0.622650146484375,0.5176979194812213,0.9297360248447205,0.27833864092826843,0.20535714285714285,0.010463169642857142,6703,9239,0,0,5.270671411545587,0.99858979045256,0.5034156594850236,0.0028482205234467983
flickr,lambda025k_best,4758950312,202,0.7905138731002808,0.6418224573135376,0.14869141578674316,0.843048095703125,0.9720827006190865,0.5782111260364075,0.46337181329727173,0.43026546556122447,0.11965880102040816,7050,71,361,1244,5.2760272733130344,0.9996045205433663,0.6623862460534345,0.0015760734677314758
flickr,lambda025k_best,4767923306,203,0.6790325045585632,0.5107102394104004,0.16832226514816284,0.7923736572265625,0.7852838188704414,0.7866141732283465,0.3117976784706116,0.41762994260204084,0.02002949617346939,6100,7286,0,0,5.271359280617915,0.9987201152212963,0.7494032870359846,0.0023481904063373804
flickr,lambda025k_best,4876943924,204,0.7512458562850952,0.5629892349243164,0.1882566213607788,0.7931365966796875,0.8384803921568628,0.46018294323379066,0.396807461977005,0.22223772321428573,0.11098931760204081,26013,960,328,0,5.272749459938657,0.998983500806964,0.4390024809650098,0.0024304320104420185
flickr,lambda025k_best,4938432980,205,0.7575631141662598,0.5967270135879517,0.1608361005783081,0.9146728515625,0.9843952848314899,0.811494006849315,0.39623886346817017,0.4655612244897959,0.07665019132653061,10944,416,0,0,5.272522555413965,0.9989405111147458,0.820521144440116,0.0023994219955056906
flickr,lambda025k_best,4957886467,206,0.5308469533920288,0.5638201236724854,-0.03297317028045654,0.5107269287109375,0.4044186232444101,0.7224126440064743,0.2915881872177124,0.2093231823979592,0.047154017857142856,5893,13764,0,0,5.266560282986323,0.9978108894955537,0.35912909714826646,0.003466313937678933
flickr,lambda025k_best,4965189170,207,0.8041552305221558,0.6805957555770874,0.12355947494506836,0.796051025390625,0.9514213745951782,0.5865601807034527,0.4806000888347626,0.49410076530612246,0.18036511479591838,9343,519,109,3,5.275141684320838,0.9994367354440701,0.59758778688693,0.0018007289618253708
flickr,lambda025k_best,5006362787,208,0.5789198875427246,,,,0.4576533746427713,1.0,0.20241320133209229,0.3414979272959184,0.0,500,15077,0,0,5.270264742449175,0.9985127422786063,0.4576533746427713,0.0025236920919269323
flickr,lambda025k_best,5130986168,209,0.5013511180877686,0.2650127708911896,0.23633834719657898,0.9593353271484375,0.28539278798346157,1.0,0.19113661348819733,0.10867745535714286,0.0,10871,14434,0,0,5.267430466314924,0.9979757558133171,0.28539278798346157,0.0037668049335479736
flickr,lambda025k_best,5179649119,210,0.602482795715332,0.5919674634933472,0.010515332221984863,0.50714111328125,0.5429638322842206,0.6632089241034195,0.41078677773475647,0.3823341836734694,0.1161312181122449,5408,7643,0,0,5.2696383235137025,0.9983940599505563,0.43483313111980726,0.003077647415921092
flickr,lambda025k_best,5194793239,211,0.7493990659713745,0.5203145742416382,0.22908449172973633,0.932037353515625,0.9134536358763623,0.7907876013116377,0.3993263244628906,0.32212611607142855,0.04181281887755102,18982,1620,0,0,5.273628167903237,0.9991499822158213,0.7943507038314533,0.0022500320337712765
flickr,lambda025k_best,5220919991,212,0.750517725944519,0.7217575311660767,0.028760194778442383,0.619720458984375,0.8383246527777778,0.7961412853926885,0.4616195857524872,0.6285674426020408,0.10339604591836735,2170,1725,0,0,5.2738604091512515,0.99919398301213,0.7145560614684121,0.0020166884642094374
flickr,lambda025k_best,5237296528,213,0.7368268370628357,0.8145431280136108,-0.07771629095077515,0.3943328857421875,0.7726904864399483,0.6905392096516065,0.5653364658355713,0.6475605867346939,0.1992785395408163,6456,0,3849,0,5.273799158624454,0.999182378389883,0.5747697667567533,0.002186550060287118
flickr,lambda025k_best,5303633386,214,0.8061913251876831,0.6264408826828003,0.1797504425048828,0.8558807373046875,0.9446488645920942,0.7241407099971794,0.45657122135162354,0.49459901147959184,0.10572783801020408,10929,1432,0,0,5.273933947515188,0.9992079157075495,0.7386657897981832,0.0021054199896752834
flickr,lambda025k_best,5344317532,215,0.7675502300262451,0.6051875352859497,0.1623626947402954,0.8345794677734375,0.9239444765760555,0.7229815351194786,0.3941532075405121,0.4403698979591837,0.09526466836734694,6986,1599,0,0,5.273939114884161,0.9992088947254957,0.7238332578160399,0.0018619257025420666
flickr,lambda025k_best,5480070309,216,0.7617859840393066,0.57300865650177,0.18877732753753662,0.883270263671875,0.9295561911495324,0.7267587939698492,0.40125060081481934,0.3966039540816326,0.0969985650510204,16834,1146,0,0,5.267752083240428,0.9980366898676658,0.7080610021786492,0.0032251831144094467
flickr,lambda025k_best,5490101320,217,0.6553128957748413,0.5889924764633179,0.06632041931152344,0.6023406982421875,0.6691862248119351,0.8839298479721679,0.3819079101085663,0.41818797831632654,0.03736846301020408,1404,5500,1215,249,5.27543144301182,0.9994916335866247,0.6267847185847287,0.0017330446280539036
flickr,lambda025k_best,5601291878,218,0.6534523963928223,0.4610862135887146,0.19236618280410767,0.8440093994140625,0.6577138598283049,0.7258575519405349,0.3047618865966797,0.32710857780612246,0.00665656887755102,11007,7475,0,0,5.272414838573228,0.9989201029107391,0.6458056647242174,0.0024185366928577423
flickr,lambda025k_best,5607310495,219,0.606160581111908,0.4393172264099121,0.16684335470199585,0.8092193603515625,0.5558262357273032,0.9103618421052632,0.2752334475517273,0.32716836734693877,0.0,1796,11639,0,0,5.273808645099326,0.9991841757125036,0.5558262357273032,0.0021449830383062363
flickr,lambda025k_best,5697766486,220,0.6603492498397827,0.6750175356864929,-0.014668285846710205,0.519256591796875,0.7122208382817252,0.6316276202219482,0.4624585211277008,0.38791454081632654,0.13454639668367346,11335,2871,43,17,5.275392173614501,0.999484193544137,0.5119833420093701,0.001766531728208065
flickr,lambda025k_best,5801923729,221,0.7821908593177795,0.6060342192649841,0.1761566400527954,0.82061767578125,0.8787162162162162,0.7279888044782087,0.454499751329422,0.49844547193877553,0.12922512755102042,7099,2504,0,39,5.274101513605287,0.9992396630455515,0.6692765769739745,0.0020148889161646366
flickr,lambda025k_best,5873098388,222,0.6408743858337402,0.37949511408805847,0.26137927174568176,0.9210052490234375,0.6464069732085543,0.9925299579810136,0.18518823385238647,0.38418765943877553,0.0,2943,12241,0,0,5.266714880936259,0.99784017986909,0.6464069732085543,0.00283459248021245
flickr,lambda025k_best,5906878321,223,0.7529314160346985,0.635623574256897,0.11730784177780151,0.6555328369140625,0.862913869283296,0.6117484338133594,0.4411261975765228,0.4899154974489796,0.13881138392857142,12332,2952,0,0,5.267118650208864,0.9979166786378119,0.6165136110200066,0.0031268279999494553
flickr,lambda025k_best,5991393107,224,0.5232358574867249,0.4406302571296692,0.08260560035705566,0.6126708984375,0.37952726186170127,0.9741260999434891,0.2759561538696289,0.24687101403061223,0.0033482142857142855,9049,14709,0,0,5.267027707642688,0.9978994485145487,0.3775323436008948,0.0033880099654197693
flickr,lambda025k_best,6067281197,225,0.6256861686706543,0.42084839940071106,0.20483776926994324,0.82940673828125,0.5512333438351341,1.0,0.2639645040035248,0.2963966836734694,0.0,7794,10132,0,0,5.2715447362459305,0.9987552519396113,0.5512333438351341,0.0024827388115227222
flickr,lambda025k_best,6098668510,226,0.5557806491851807,0.4446689486503601,0.11111170053482056,0.7275848388671875,0.3552693457121619,0.9670878757846052,0.29637694358825684,0.24131058673469388,0.0,5604,18097,0,0,5.267723119994565,0.9980312024450285,0.3552693457121619,0.003590124659240246
flickr,lambda025k_best,6158154336,227,0.6455618143081665,0.3629014194011688,0.2826603949069977,0.91717529296875,0.5797218237787484,1.0,0.21609345078468323,0.35843829719387754,0.0,2492,14313,0,0,5.269947704419592,0.9984526757491632,0.5797218237787484,0.002495853928849101
flickr,lambda025k_best,6185482260,228,0.6575934886932373,0.44705939292907715,0.21053409576416016,0.810028076171875,0.6429588276343335,0.9815485575488985,0.2924184799194336,0.4676937181122449,0.001793686224489796,4855,12582,0,0,5.274796992125983,0.999371429512481,0.6413476263399693,0.0016788854263722897
flickr,lambda025k_best,6289328021,229,0.7477889060974121,0.6772536635398865,0.07053524255752563,0.6612396240234375,0.8255820895522388,0.6798672566371682,0.3799137771129608,0.40537308673469385,0.09976881377551021,9615,3906,0,0,5.269563541614504,0.9983798916529677,0.6356177606177607,0.0024616618175059557
flickr,lambda025k_best,6458319057,230,0.6738619208335876,0.5511488914489746,0.12271302938461304,0.7455902099609375,0.7728777385774642,0.8233724653148345,0.40863439440727234,0.429508131377551,0.059869260204081634,13870,4423,0,0,5.274405297611449,0.9992972184466321,0.6834533759580942,0.0020827283151447773
flickr,lambda025k_best,6669466181,231,0.7146079540252686,0.8056935667991638,-0.09108561277389526,0.35687255859375,0.7564486979380597,0.675487822769953,0.4572043716907501,0.5433673469387755,0.1640625,214,2307,1399,2861,5.2743978901697055,0.9992958150209353,0.5653048069249187,0.0017891153693199158
flickr,lambda025k_best,6755812421,232,0.6411277651786804,0.4693460464477539,0.1717817187309265,0.82843017578125,0.5900867144845305,0.9812718080182298,0.264924556016922,0.27987484056122447,0.005241549744897959,4012,10329,0,0,5.270262308274869,0.9985122810960699,0.5835150642586436,0.0026896274648606777
flickr,lambda025k_best,6897499873,233,0.6159061193466187,0.4571644067764282,0.15874171257019043,0.7601470947265625,0.5520736716576123,0.8262766484878532,0.26180776953697205,0.20099250637755103,0.0030691964285714285,12130,8598,0,0,5.264828899068139,0.9974828587440511,0.5464979013641134,0.003597840666770935
flickr,lambda025k_best,7178293884,234,0.5671597719192505,0.5235538482666016,0.043605923652648926,0.6105499267578125,0.5230138631438791,0.922754491017964,0.3902742564678192,0.4326769770408163,0.010662468112244899,1179,10687,661,15,5.272581881732354,0.9989517511734068,0.5158092589731706,0.002421843819320202
flickr,lambda025k_best,7387939334,235,0.641743540763855,0.6593315601348877,-0.017588019371032715,0.474884033203125,0.6224805668294696,0.6098256806541468,0.48214730620384216,0.4435985331632653,0.14506935586734693,4455,8391,0,20,5.27417610593454,0.9992537954269165,0.46669188055493477,0.002343896310776472
flickr,lambda025k_best,7560517176,236,0.5649659633636475,0.4942830801010132,0.07068288326263428,0.6015625,0.5146743020758768,0.6913972926991642,0.2869921326637268,0.26943160076530615,0.051100127551020405,7524,12964,0,0,5.26683293541268,0.9978625466579989,0.45100120627261764,0.00326836877502501
flickr,lambda025k_best,7623513024,237,0.6872503161430359,0.44516873359680176,0.24208158254623413,0.8834686279296875,0.7146036637562061,0.9161545215100966,0.24364358186721802,0.13620057397959184,0.005779655612244898,13557,3335,0,0,5.260602844888048,0.996682183796094,0.6917085565928299,0.004437768831849098
flickr,lambda025k_best,7733838448,238,0.7587113380432129,0.723880410194397,0.03483092784881592,0.662628173828125,0.8219601283539292,0.7190831715693594,0.4972773790359497,0.667350924744898,0.1473812181122449,3718,2588,0,0,5.271475951880921,0.9987422199443914,0.6562866254190629,0.002412524539977312
flickr,lambda025k_best,7740990330,239,0.6224297285079956,0.37556958198547363,0.24686014652252197,0.8567962646484375,0.5852893980669478,0.9079541507467871,0.25173452496528625,0.34426817602040816,0.0,4931,10254,0,0,5.269588754392726,0.9983846685060392,0.5852893980669478,0.0026025783736258745
flickr,lambda025k_best,7897462346,240,0.5620867609977722,0.42199498414993286,0.14009177684783936,0.7127685546875,0.4392365217707746,0.9315427954001698,0.17840364575386047,0.2582310267857143,0.005879304846938775,1745,16075,0,0,5.264352135741753,0.9973925304057774,0.4345712794109705,0.003475556382909417
flickr,lambda025k_best,8250285374,241,0.6310292482376099,0.30252933502197266,0.3284999132156372,0.9598846435546875,0.5830108827085853,0.998584742837418,0.21626406908035278,0.28868383290816324,0.0,4320,11051,0,0,5.270605235414012,0.9985772526173958,0.5830108827085853,0.002486716490238905
flickr,lambda025k_best,8294094053,242,0.5865783095359802,0.34462013840675354,0.24195817112922668,0.8288726806640625,0.49363986681132854,0.9843703372127723,0.19739849865436554,0.2671396683673469,0.0,3149,14697,0,0,5.2724370456996414,0.9989243103082374,0.49363986681132854,0.0020883148536086082
flickr,lambda025k_best,8311669586,243,0.6607958674430847,0.7027442455291748,-0.04194837808609009,0.4135284423828125,0.6787828824102525,0.6060626338329764,0.3869355022907257,0.44674744897959184,0.14247847576530612,8898,5456,0,0,5.2757633378528075,0.9995545149111914,0.500138052901872,0.0013684751465916634
flickr,lambda025k_best,8396975855,244,0.7978435158729553,0.6788274049758911,0.11901611089706421,0.7750396728515625,0.9723503822831532,0.5763821058800547,0.49437645077705383,0.5101044323979592,0.17356903698979592,10861,707,0,0,5.273775606780479,0.999177916220056,0.6177505129600938,0.0021782515104860067
flickr,lambda025k_best,9060997789,245,0.6806647777557373,0.5855029821395874,0.0951617956161499,0.6974868774414062,0.7307623754354695,0.886867773145599,0.3473933935165405,0.5067362882653061,0.03854432397959184,5495,4994,0,0,5.273768685010041,0.9991766048104175,0.6876629614381776,0.0018211104907095432
flickr,lambda025k_best,9309351423,246,0.6949245929718018,0.5953481197357178,0.09957647323608398,0.663543701171875,0.6521446490852353,0.6424739285068419,0.3974420130252838,0.3306162308673469,0.08486128826530612,11026,5827,0,0,5.2770045363164915,0.9997896743466753,0.5173535265278385,0.0009768754243850708
flickr,lambda025k_best,9456627660,247,0.718063473701477,0.5086113214492798,0.20945215225219727,0.8590240478515625,0.7715236124571099,0.8335974643423137,0.3412591218948364,0.3521205357142857,0.04613759566326531,5669,5193,0,28,5.272625923893376,0.9989600954712982,0.688079609427924,0.0022448161616921425
flickr,lambda025k_best,9636000842,248,0.5966642498970032,0.5759414434432983,0.020722806453704834,0.5494842529296875,0.5575919019712307,0.8509338412934399,0.3727661669254303,0.4289700255102041,0.03669084821428571,4347,13756,0,0,5.2689535722368745,0.9982643258843154,0.527999192816063,0.0030354210175573826
flickr,lambda025k_best,9761803312,249,0.7284507155418396,0.5123436450958252,0.2161070704460144,0.8760986328125,0.8332360949047063,0.8183554579314296,0.31300583481788635,0.41737085459183676,0.01717952806122449,9977,3238,0,0,5.272555920494314,0.9989468325159475,0.7997200186654223,0.002069334499537945
flickr,lambda025k_latest,10000130166,0,0.6484106779098511,0.46560004353523254,0.18281063437461853,0.83203125,0.649799912461702,0.9632264343312633,0.32200679183006287,0.43004623724489793,0.0,3401,8548,98,0,5.271441624777826,0.9987357162768299,0.649799912461702,0.0027722984086722136
flickr,lambda025k_latest,10007936344,1,0.6446925401687622,0.5219552516937256,0.12273728847503662,0.8010711669921875,0.6968536740199969,0.9156717585110266,0.34350156784057617,0.3822743941326531,0.02517139668367347,11771,7719,0,41,5.272956929663428,0.9990228083510712,0.6635999546605207,0.0024961417075246572
flickr,lambda025k_latest,10008553263,2,0.5832747220993042,0.496315598487854,0.0869591236114502,0.6840972900390625,0.5409824258138864,0.7006529850746268,0.37428125739097595,0.21364795918367346,0.023975605867346938,18116,8772,0,0,5.26763357100819,0.9980142363516115,0.4978458275336382,0.003852694993838668
flickr,lambda025k_latest,10009662863,3,0.6024874448776245,0.4186722934246063,0.1838151514530182,0.7666015625,0.6522490395397144,0.9385050782903089,0.3360958695411682,0.37675382653061223,0.018176020408163265,13039,11975,0,0,5.271668715112785,0.9987787411729567,0.6310893730546909,0.002593248849734664
flickr,lambda025k_latest,10013411946,4,0.7344663143157959,0.5696466565132141,0.1648196578025818,0.7592620849609375,0.8955179417738659,0.6214666967373327,0.3809645175933838,0.5302136479591837,0.13219467474489796,6143,2151,2876,2417,5.24951618222908,0.9945816870515642,0.6588232950130501,0.004362567327916622
flickr,lambda025k_latest,10016382545,5,0.286268413066864,0.21907386183738708,0.06719455122947693,0.58367919921875,0.11790645879732739,0.9699523635031146,0.1629105657339096,0.054388552295918366,0.0,7731,18907,0,0,5.254496547883817,0.9955252750515005,0.11790645879732739,0.007115077693015337
flickr,lambda025k_latest,10031203703,6,0.47991976141929626,0.21591833233833313,0.26400142908096313,0.8558807373046875,0.3346247125893729,1.0,0.16322751343250275,0.21173469387755103,0.0,4992,21552,0,0,5.258504468039721,0.9962846219802177,0.3346247125893729,0.004440629854798317
flickr,lambda025k_latest,10035917404,7,0.5893781185150146,0.39358165860176086,0.19579645991325378,0.7691650390625,0.5319678588309438,0.9969292547537498,0.31775614619255066,0.33749202806122447,0.0003786670918367347,7608,10932,0,0,5.270906113955197,0.9986342575444599,0.5316495559614537,0.0025910737458616495
flickr,lambda025k_latest,10045181004,8,0.5345649123191833,0.46981048583984375,0.0647544264793396,0.64727783203125,0.36150923673789376,0.9995553579368608,0.3038012981414795,0.1792889030612245,0.0,7533,12670,141,0,5.271041995106494,0.9986600018035505,0.36150923673789376,0.00290134409442544
flickr,lambda025k_latest,10060697266,9,0.6500093936920166,0.47791779041290283,0.17209160327911377,0.7568511962890625,0.6167326076989693,0.9924581921521478,0.28803321719169617,0.3646763392857143,0.00013950892857142856,2115,9952,0,0,5.2623521664930095,0.9970136130502695,0.6165860283507343,0.0036221116315573454
flickr,lambda025k_latest,10061269855,10,0.7062875032424927,0.675123929977417,0.031163573265075684,0.567901611328125,0.7981838203128535,0.91369664318276,0.42934465408325195,0.5770886479591837,0.03926179846938776,251,492,3305,1161,5.269881821023519,0.998440193376133,0.7534065183033617,0.0032139786053448915
flickr,lambda025k_latest,10067897816,11,0.6598351001739502,0.585957944393158,0.07387715578079224,0.7145843505859375,0.7111712347566953,0.6137317271250676,0.4142066240310669,0.2944834183673469,0.09964923469387756,15855,3416,0,0,5.275074760322545,0.9994240559168879,0.5108582373320565,0.0019616354256868362
flickr,lambda025k_latest,10069511285,12,0.6704750657081604,0.49247992038726807,0.17799514532089233,0.8017120361328125,0.7018190371648111,0.9341863571846039,0.3234257102012634,0.47739955357142855,0.012755102040816327,5608,9139,0,0,5.273746323804017,0.999172368220751,0.6880092236740969,0.0019704606384038925
flickr,lambda025k_latest,10079676496,13,0.5859814882278442,0.336425244808197,0.24955624341964722,0.793243408203125,0.4925273576231769,0.8695098663271802,0.20127511024475098,0.31309789540816324,0.0042251275510204085,7469,15274,0,0,5.251876882830724,0.9950289491430605,0.4887910829620883,0.004134923219680786
flickr,lambda025k_latest,10080652613,14,0.644054114818573,0.36346763372421265,0.28058648109436035,0.81048583984375,0.5593328840970351,0.9634939059779455,0.3165489435195923,0.34339126275510207,0.008569834183673469,3265,13080,0,0,5.247758780618852,0.994248726946737,0.5513450680836931,0.004949117545038462
flickr,lambda025k_latest,10106776154,15,0.48834797739982605,0.3044429421424866,0.18390503525733948,0.795684814453125,0.27077452563889687,1.0,0.2452986091375351,0.17875079719387754,0.0,3138,16674,0,0,5.271797981948983,0.9988032322733863,0.27077452563889687,0.002837800420820713
flickr,lambda025k_latest,10109936483,16,0.7424616813659668,0.5355494022369385,0.20691227912902832,0.766937255859375,0.8873558989453029,0.5464260091379376,0.45983797311782837,0.5278021364795918,0.22018494897959184,8045,2489,0,3786,5.265728624629228,0.9976533221801789,0.5289881561631817,0.003307885490357876
flickr,lambda025k_latest,10110769444,17,0.5347148180007935,0.5770055055618286,-0.042290687561035156,0.441070556640625,0.3782423696915146,0.7235657822650075,0.3180350661277771,0.2546436543367347,0.058494100765306124,7423,15429,0,75,5.264724199685718,0.9974630222324972,0.3376922233992037,0.003324777353554964
flickr,lambda025k_latest,10111706074,18,0.5782881379127502,0.483614444732666,0.09467369318008423,0.6377105712890625,0.41008821963647424,0.8157715582450832,0.32431596517562866,0.26347257653061223,0.005520567602040816,5480,11835,0,0,5.267938554873849,0.9980720190799812,0.4058137347130762,0.0031266717705875635
flickr,lambda025k_latest,10119607346,19,0.561876654624939,0.49381837248802185,0.06805828213691711,0.5685577392578125,0.29602291294235245,0.9004794760846685,0.3934228718280792,0.17042012117346939,0.005241549744897959,6981,19038,2734,19,5.271409018288496,0.9987295385994895,0.293059810843213,0.0034653381444513798
flickr,lambda025k_latest,10119736773,20,0.607796311378479,0.33661124110221863,0.2711850702762604,0.8630809294871795,0.5498545394664618,0.9838677994401611,0.3047018349170685,0.4058314732142857,0.0,56,19259,0,0,5.270288252882134,0.9985171966026362,0.5498545394664618,0.002721975790336728
flickr,lambda025k_latest,10129791115,21,0.5937490463256836,0.3017527461051941,0.2919963002204895,0.8136749267578125,0.6312420251303013,0.9442287784679089,0.24825556576251984,0.3080357142857143,0.013472576530612245,6885,7340,0,0,5.257801580710359,0.996151451828612,0.6133092391418545,0.003842063946649432
flickr,lambda025k_latest,10129813456,22,0.4868403971195221,0.27972978353500366,0.20711061358451843,0.83056640625,0.2901364753455458,0.9542536115569823,0.20194795727729797,0.173828125,0.005002391581632653,6188,21659,0,0,5.262836172982679,0.9971053136897815,0.2876198704103672,0.0041146790608763695
flickr,lambda025k_latest,10163352444,23,0.6218668818473816,0.38325560092926025,0.23861128091812134,0.90252685546875,0.6465076518211837,0.9949440231130372,0.3046617805957794,0.3863002232142857,0.001175860969387755,5574,10260,0,0,5.269584298547719,0.9983838242945557,0.6452314435317932,0.003115483094006777
flickr,lambda025k_latest,10165890496,24,0.5157462954521179,0.46778953075408936,0.047956764698028564,0.5923004150390625,0.38872423700821246,0.9242603550295858,0.24786525964736938,0.18524792729591838,0.011658960459183673,7386,7767,0,0,5.2684283842965725,0.9981648229416531,0.37870005069317403,0.0032961019314825535
flickr,lambda025k_latest,10173808724,25,0.6265395879745483,0.3590896725654602,0.26744991540908813,0.7945098876953125,0.5639127486437613,1.0,0.28710392117500305,0.3977598852040816,0.0,3967,11818,0,0,5.257316970289355,0.9960596367673085,0.5639127486437613,0.00394718162715435
flickr,lambda025k_latest,10202025415,26,0.6665384769439697,0.5395218133926392,0.12701666355133057,0.7589950561523438,0.679448631876656,0.9432225356407715,0.36026373505592346,0.5228396045918368,0.01739875637755102,856,9076,1061,476,5.273649884473823,0.9991540966718323,0.6635426303581246,0.002448104787617922
flickr,lambda025k_latest,10221582415,27,0.6916185617446899,0.6298990249633789,0.061719536781311035,0.6919021606445312,0.758859334611857,0.8329367403719432,0.4785657823085785,0.5444036989795918,0.08177216198979592,4608,3585,298,70,5.276199391561139,0.9996371303404658,0.6675125786624811,0.0016514398157596588
flickr,lambda025k_latest,10234680056,28,0.6023908853530884,0.6276148557662964,-0.025223970413208008,0.4687957763671875,0.6233549121434161,0.841051974852426,0.3106040358543396,0.4152782206632653,0.0244140625,1673,10009,13,0,5.2722066647908,0.998880661974748,0.5973277889498619,0.002332814037799835
flickr,lambda025k_latest,10246013484,29,0.6682095527648926,0.5199474096298218,0.1482621431350708,0.7607421875,0.5912117945954269,0.8899866720751,0.3694973289966583,0.343929368622449,0.006317761479591837,3474,12704,0,0,5.268338365829663,0.998147767899707,0.5840844266970907,0.0034569145645946264
flickr,lambda025k_latest,10268129763,30,0.5977903008460999,0.48393499851226807,0.11385530233383179,0.7649688720703125,0.6126986884391558,0.8881334592382751,0.3261037766933441,0.316585618622449,0.02174346301020408,9445,9640,0,0,5.274441729446598,0.9993041208800768,0.5849815482854418,0.0022105472162365913
flickr,lambda025k_latest,10278084464,31,0.4822019040584564,0.3058517575263977,0.17635014653205872,0.753753662109375,0.2799620044945903,1.0,0.21574610471725464,0.12041613520408163,0.0,14132,15657,15,0,5.261819644812202,0.9969127206454642,0.2799620044945903,0.004538731649518013
flickr,lambda025k_latest,10283938426,32,0.48562222719192505,0.3751944899559021,0.11042773723602295,0.6217041015625,0.4296868940197016,0.9628621089223639,0.3070693612098694,0.17199457908163265,0.00603874362244898,16517,14184,0,0,5.2695559659090865,0.9983784563477676,0.42305832039304536,0.00315224751830101
flickr,lambda025k_latest,10289643764,33,0.5921343564987183,0.37031441926956177,0.2218199372291565,0.7599639892578125,0.5091770586550728,0.9732285031847133,0.2529190182685852,0.2002551020408163,0.003248565051020408,10128,10237,0,0,5.261824113415972,0.9969135672742433,0.5048919637555825,0.00391765683889389
flickr,lambda025k_latest,10304554474,34,0.6346112489700317,0.5547677278518677,0.07984352111816406,0.682708740234375,0.6170111752246001,0.8622097473845368,0.3970286250114441,0.39052535076530615,0.03218670280612245,9470,9266,988,0,5.263932778464692,0.9973130783089331,0.5826464806704141,0.004160403273999691
flickr,lambda025k_latest,10308472565,35,0.34248021245002747,0.2738284468650818,0.06865176558494568,0.6600799560546875,0.0603357526732783,0.8344827586206897,0.17949116230010986,0.02600845025510204,0.00430484693877551,10539,19327,0,0,5.271006682263166,0.9986533113760763,0.059622228305502324,0.004354366101324558
flickr,lambda025k_latest,10369815925,36,0.5659294128417969,0.276032954454422,0.2898964583873749,0.8914337158203125,0.4536463298379409,0.9744672681896718,0.1603221893310547,0.3114437181122449,0.003009406887755102,1030,16655,0,0,5.2443447327659625,0.9936018960093077,0.45161481657225894,0.005074154585599899
flickr,lambda025k_latest,10389014583,37,0.529668927192688,0.42453375458717346,0.10513517260551453,0.67437744140625,0.34767254010594734,1.0,0.2911475598812103,0.18443080357142858,0.0,9003,16854,0,0,5.260703721368339,0.9967012960145287,0.34767254010594734,0.004557427950203419
flickr,lambda025k_latest,10409146004,38,0.5784955024719238,0.6284465789794922,-0.04995107650756836,0.42486572265625,0.401006711409396,0.6681633344628939,0.39078813791275024,0.23525191326530612,0.0755141900510204,11626,8389,0,0,5.273487786051454,0.9991233852468568,0.33623225476403634,0.002621965017169714
flickr,lambda025k_latest,10409351364,39,0.670091450214386,0.549059271812439,0.12103217840194702,0.7047271728515625,0.711025641025641,0.7001346574650732,0.3778185546398163,0.3552096619897959,0.09478635204081633,9657,5744,0,1116,5.274397992809851,0.9992958344673005,0.5594234735048865,0.001995616126805544
flickr,lambda025k_latest,10413912845,40,0.7345249056816101,0.7013699412345886,0.033154964447021484,0.57794189453125,0.865207270122661,0.4600133288903699,0.41934701800346375,0.41866629464285715,0.21454480229591838,8914,305,114,720,5.261624884268667,0.9968758210030522,0.4405717151454363,0.0034287283197045326
flickr,lambda025k_latest,10437048305,41,0.7107553482055664,0.6505514979362488,0.06020385026931763,0.6144561767578125,0.7787474243762229,0.7696717664373481,0.5054857730865479,0.5822903380102041,0.11888153698979592,102,676,1980,5158,5.270608680328065,0.9985779052962926,0.6454228434481868,0.003645902033895254
flickr,lambda025k_latest,10440265465,42,0.3243381083011627,0.2128351479768753,0.11150296032428741,0.79364013671875,0.08944865074742768,1.0,0.17982737720012665,0.03673070790816327,0.0,9089,19942,0,0,5.269259896292082,0.998322362527129,0.08944865074742768,0.00522322952747345
flickr,lambda025k_latest,10441843213,43,0.44689077138900757,0.3126998245716095,0.13419094681739807,0.8267974853515625,0.09936093359266462,1.0,0.21021439135074615,0.05345184948979592,0.0,8616,25966,0,0,5.271845154847437,0.9988121697257721,0.09936093359266462,0.003540766192600131
flickr,lambda025k_latest,10446128125,44,0.7023684978485107,0.6058790683746338,0.09648942947387695,0.7907257080078125,0.8351292512028686,0.7744732109531404,0.5329946279525757,0.5873525191326531,0.10682397959183673,2748,2293,1047,985,5.273480948887878,0.9991220898669688,0.6981997828115202,0.0033638763707131147
flickr,lambda025k_latest,10451898725,45,0.29554545879364014,0.3094445765018463,-0.013899117708206177,0.47747802734375,0.0,0.0,0.33956167101860046,0.07499601403061225,0.07499601403061225,32090,2429,0,1993,5.275802658680338,0.9995619646977287,0.0,0.0022496161982417107
flickr,lambda025k_latest,10468313544,46,0.4910464882850647,0.31160974502563477,0.17943674325942993,0.77862548828125,0.3710495382031906,0.622072072072072,0.3421192169189453,0.17697704081632654,0.06688456632653061,22170,10278,0,0,5.2698570046583875,0.9984354916281161,0.30279277550908545,0.003323896089568734
flickr,lambda025k_latest,10476442285,47,0.6417378783226013,0.526154637336731,0.11558324098587036,0.683074951171875,0.6622807017543859,0.8615875977894208,0.3242584466934204,0.27768255739795916,0.03362165178571429,8541,6574,0,151,5.274797085153219,0.9993714471375691,0.6058900721748347,0.001965368166565895
flickr,lambda025k_latest,10476446674,48,0.6616268754005432,0.4855806827545166,0.1760461926460266,0.768646240234375,0.6416065200124322,0.8690710075778838,0.31790435314178467,0.21303013392857142,0.008091517857142858,12971,6998,0,0,5.271287611166732,0.9987065366130603,0.6241056132218079,0.0027290687430649996
flickr,lambda025k_latest,10477544895,49,0.5067138075828552,0.3906482458114624,0.11606556177139282,0.5872802734375,0.38534448947574845,0.8251679731243001,0.23614554107189178,0.14237882653061223,0.01992984693877551,8098,7533,0,198,5.246682651501525,0.9940448418122135,0.3617008221867714,0.005823737941682339
flickr,lambda025k_latest,10481128583,50,0.6029044389724731,0.5880653262138367,0.014839112758636475,0.5240478515625,0.5469001801118589,0.7863763374906291,0.32369494438171387,0.2924306441326531,0.058115433673469385,9159,8562,0,0,5.266220888625031,0.9977465872999395,0.4804905471808112,0.003154454519972205
flickr,lambda025k_latest,10520382525,51,0.4636724293231964,0.29167085886001587,0.17200157046318054,0.760406494140625,0.2828364672683077,0.9997037329646454,0.20155338943004608,0.1009048150510204,0.0,9272,14803,0,0,5.263204665038996,0.9971751287809851,0.2828364672683077,0.004678498022258282
flickr,lambda025k_latest,10545790805,52,0.5731499195098877,0.5492762327194214,0.02387368679046631,0.5384368896484375,0.4232091594899526,0.8397469863558087,0.43848153948783875,0.3009008290816326,0.03461814413265306,5514,17041,14,2,5.273427322542998,0.9991119297343567,0.40001577535888944,0.003176529658958316
flickr,lambda025k_latest,10548273474,53,0.6036399602890015,0.5508171916007996,0.052822768688201904,0.67974853515625,0.4469546634101664,0.7810082688716992,0.44228941202163696,0.14943399234693877,0.030831473214285716,13583,8923,0,399,5.272590957151562,0.9989534706167674,0.39975424943682164,0.0038546868599951267
flickr,lambda025k_latest,10549911663,54,0.6632105708122253,0.6159080266952515,0.04730254411697388,0.5974578857421875,0.6561113488434945,0.6828559373681496,0.4583146274089813,0.4251235650510204,0.12834821428571427,11464,4259,80,368,5.265629842464268,0.9976346067540585,0.5085805066252335,0.004014503210783005
flickr,lambda025k_latest,10555704135,55,0.7025357484817505,0.6581538915634155,0.04438185691833496,0.619964599609375,0.8507007273372361,0.49639766469297336,0.5337144732475281,0.4813257334183674,0.2191485969387755,4659,1417,1601,2495,5.273784881921818,0.9991796735030894,0.47784841660521754,0.002991904504597187
flickr,lambda025k_latest,10557361454,56,0.6107727289199829,0.8018495440483093,-0.19107681512832642,0.1998748779296875,0.5017206882753101,0.18550630289400485,0.45626595616340637,0.3367546237244898,0.2631935586734694,6393,1479,0,277,5.270439329179725,0.9985458197583167,0.16112781761636724,0.002733333967626095
flickr,lambda025k_latest,10610974774,57,0.5890036225318909,0.47455114126205444,0.11445248126983643,0.687835693359375,0.5263449320976861,0.9950415955043799,0.2001149207353592,0.3617466517857143,0.0008569834183673469,1154,15628,0,0,5.2583906307765655,0.9962630541912428,0.5256861774893035,0.003986835479736328
flickr,lambda025k_latest,10624261424,58,0.675369381904602,0.5320858359336853,0.14328354597091675,0.7486114501953125,0.6253557428985663,0.8917304747320062,0.3580704927444458,0.26028380102040816,0.00785235969387755,8495,9014,0,0,5.2685686728032355,0.9981914022253028,0.61239943208708,0.0032815614249557257
flickr,lambda025k_latest,10635080206,59,0.5670386552810669,0.4485265016555786,0.11851215362548828,0.6872711181640625,0.4234077275935074,0.6827039328639499,0.3338342308998108,0.28023357780612246,0.08185188137755102,9491,14082,0,233,5.261061397776917,0.9967690619559056,0.3584711901116547,0.0038022291846573353
flickr,lambda025k_latest,10654057765,60,0.7338850498199463,0.7048393487930298,0.029045701026916504,0.575347900390625,0.9061261742576021,0.6600668093662839,0.497359961271286,0.6145169005102041,0.14405293367346939,1710,1053,821,2242,5.269332544201516,0.998336126515622,0.6855232577722389,0.0034429060760885477
flickr,lambda025k_latest,10659354545,61,0.5426334738731384,0.34305354952812195,0.19957992434501648,0.7165069580078125,0.4384015821312238,0.9991383310134553,0.2522299289703369,0.30068160076530615,0.00025908801020408165,8810,14220,1870,13,5.263916953710722,0.9973100801258712,0.438235892665058,0.003447578987106681
flickr,lambda025k_latest,10666396623,62,0.3807954788208008,0.21144503355026245,0.16935044527053833,0.7286224365234375,0.23854759378917928,1.0,0.15361979603767395,0.09859295280612244,0.0,3894,14086,0,0,5.258096359085229,0.9962073010084616,0.23854759378917928,0.005039935931563377
flickr,lambda025k_latest,10667001125,63,0.5280511379241943,0.2689650058746338,0.25908613204956055,0.8484344482421875,0.4887159097272778,0.9865475921320371,0.16519266366958618,0.08814971301020408,0.0,19336,5634,0,0,5.260574410933022,0.9966767966537408,0.4887159097272778,0.004871903453022242
flickr,lambda025k_latest,10701841844,64,0.4694175720214844,0.4432630240917206,0.026154547929763794,0.5678558349609375,0.20952103229569147,0.8393691588785047,0.27345529198646545,0.06823979591836735,0.0015943877551020409,12818,13332,0,0,5.270251071420944,0.9985101521438492,0.20830615351163295,0.003812989918515086
flickr,lambda025k_latest,10743985374,65,0.5819297432899475,0.5595656037330627,0.022364139556884766,0.515380859375,0.43840641894791044,0.9024465642112701,0.39877772331237793,0.2256457270408163,0.016940369897959183,2527,6064,84,79,5.27589762745329,0.9995799576325327,0.42297979797979796,0.0020668096840381622
flickr,lambda025k_latest,10751849775,66,0.3955456614494324,0.38177597522735596,0.013769686222076416,0.66717529296875,0.10840264406375925,0.49817551541689475,0.27809956669807434,0.10923549107142858,0.04886798469387755,12691,23124,0,0,5.260617756640327,0.9966850090004031,0.09878620140735515,0.0050934720784425735
flickr,lambda025k_latest,10761625676,67,0.7448638677597046,0.4823915660381317,0.2624723017215729,0.9073638916015625,0.7791365111055653,0.5195828248086097,0.3198961615562439,0.3592554209183674,0.016183035714285716,7599,4702,0,0,5.2668359528739614,0.9978631183510137,0.7298371386269773,0.0030330298468470573
flickr,lambda025k_latest,10771238614,68,0.6730172038078308,0.5219645500183105,0.15105265378952026,0.6979827880859375,0.7465027432281044,0.8005174963035978,0.2802920341491699,0.3235012755102041,0.049924266581632654,4155,4535,0,224,5.2579803517709,0.9961853220781391,0.6525877005750446,0.0035506822168827057
flickr,lambda025k_latest,10795023275,69,0.6637318134307861,0.5777738094329834,0.08595800399780273,0.6501312255859375,0.6957877035396415,0.7399459129372764,0.3675059378147125,0.2284558354591837,0.04827008928571429,2728,757,1712,540,5.270041732048721,0.9984704903733613,0.5804619332763046,0.0033683208748698235
flickr,lambda025k_latest,10796050285,70,0.6510661244392395,0.5311504006385803,0.11991572380065918,0.676177978515625,0.6612495208892296,0.7751269263602462,0.4074840247631073,0.44357860331632654,0.0667251275510204,4911,9252,0,0,5.269804563376733,0.9984255560194679,0.5860452476391059,0.00280446233227849
flickr,lambda025k_latest,10805310706,71,0.3221222460269928,0.2451901137828827,0.07693213224411011,0.658843994140625,0.17246684129558024,0.8681456676433654,0.13973769545555115,0.04761240433673469,0.005660076530612245,21602,11912,0,0,5.258336993308119,0.9962528919511421,0.16848775336122507,0.0064885057508945465
flickr,lambda025k_latest,10847897294,72,0.68544602394104,0.5008374452590942,0.1846085786819458,0.82537841796875,0.7680097951914515,0.8386163644319121,0.35850420594215393,0.40993702168367346,0.02000956632653061,6639,7663,309,0,5.274795524528119,0.9993711514590549,0.7351474599386294,0.0018985308706760406
flickr,lambda025k_latest,10859255295,73,0.6450297236442566,0.45985135436058044,0.18517836928367615,0.7024993896484375,0.5909915622963237,0.9111895708853883,0.21322031319141388,0.36690848214285715,0.0283203125,3815,10346,0,0,5.242825313808382,0.9933140244764445,0.5628155877270974,0.004390724003314972
flickr,lambda025k_latest,10862172945,74,0.3539798855781555,0.24239680171012878,0.11158308386802673,0.6301116943359375,0.28684080827994085,0.921302578018996,0.08937766402959824,0.17625956632653061,0.004105548469387755,1235,16078,16,19,5.203453901235955,0.9858546540166586,0.28477561862155737,0.0072896648198366165
flickr,lambda025k_latest,10939270325,75,0.3473954498767853,0.1938539445400238,0.15354150533676147,0.7436676025390625,0.1190089358245329,1.0,0.17129001021385193,0.05255500637755102,0.0,17559,17176,0,0,5.2545782719165,0.995540758616743,0.1190089358245329,0.007127504330128431
flickr,lambda025k_latest,10952523225,76,0.7081922292709351,0.5202258229255676,0.18796640634536743,0.8101043701171875,0.8175353904364276,0.9031421158835399,0.3713620901107788,0.41481983418367346,0.02760283801020408,5595,4934,0,0,5.273004428837446,0.9990318076201444,0.7710892794880735,0.0023616377729922533
flickr,lambda025k_latest,10979853044,77,0.6505744457244873,0.5261249542236328,0.12444949150085449,0.8010101318359375,0.6046998409198738,0.8126547145750507,0.3588309586048126,0.2656847895408163,0.025948660714285716,7300,7459,0,0,5.272832858294066,0.9989993015920536,0.5637309743723169,0.0028173259925097227
flickr,lambda025k_latest,10980225216,78,0.4531177580356598,0.3977968692779541,0.05532088875770569,0.596038818359375,0.20152857185176407,0.49454783367257926,0.3674658536911011,0.13707748724489796,0.06088568239795918,12775,14993,0,1953,5.27410331000201,0.9992400033937323,0.17064238593322797,0.0026097986847162247
flickr,lambda025k_latest,11002352834,79,0.28476256132125854,,,,0.05751570807153214,1.0,0.14222702383995056,0.028459821428571428,0.0,580,19617,0,0,5.266766763035911,0.9978500095342264,0.05751570807153214,0.006206648889929056
flickr,lambda025k_latest,11036641226,80,0.7655646800994873,0.5210402011871338,0.24452447891235352,0.8294830322265625,0.8923907882241215,0.49676204321681094,0.30452579259872437,0.3015983737244898,0.1380939094387755,11253,1703,0,806,5.239795243177451,0.9927399424743356,0.48964371784016153,0.004912139847874641
flickr,lambda025k_latest,11050409385,81,0.5449813604354858,0.3088286221027374,0.2361527383327484,0.8498382568359375,0.4033903576982893,0.9928801102434544,0.22672584652900696,0.13016183035714285,0.0,12484,10576,0,0,5.269016953699898,0.9982763342371299,0.4033903576982893,0.003342806827276945
flickr,lambda025k_latest,11071986404,82,0.6037490367889404,0.42373228073120117,0.18001675605773926,0.8800506591796875,0.450738255033557,0.9414073451079339,0.3303881883621216,0.07108976403061225,0.0036471619897959183,20606,4750,0,172,5.271473735311525,0.9987417999896273,0.4399318747543561,0.0040404051542282104
flickr,lambda025k_latest,11101358996,83,0.6328212022781372,0.4932059645652771,0.1396152377128601,0.7112579345703125,0.5481555011773397,0.9974376207678737,0.244410902261734,0.2372249681122449,0.0,5408,8861,0,0,5.269308397337463,0.9983315516123445,0.5481555011773397,0.002708258107304573
flickr,lambda025k_latest,11154049584,84,0.6433526873588562,0.4315183460712433,0.21183434128761292,0.8541412353515625,0.7372363232141439,0.9045005844914924,0.265338659286499,0.3068797831632653,0.019252232142857144,3840,6561,32,266,5.265201095320899,0.9975533756382056,0.7013722774770238,0.003442564280703664
flickr,lambda025k_latest,11314266424,85,0.5782908201217651,0.5150339603424072,0.06325685977935791,0.6599273681640625,0.41434812188921116,0.6946512186336895,0.38807162642478943,0.33199139030612246,0.09315210459183673,2588,16489,329,4374,5.27310444507121,0.9990507568549037,0.3549430999049109,0.0025010693352669477
flickr,lambda025k_latest,11650557765,86,0.3533070683479309,0.25968068838119507,0.09362637996673584,0.6797027587890625,0.14706976947831607,1.0,0.18738147616386414,0.06694435586734694,0.0,9643,20450,0,0,5.264526333249453,0.9974255341427075,0.14706976947831607,0.005124087445437908
flickr,lambda025k_latest,11764496003,87,0.5472139120101929,0.4489416480064392,0.09827226400375366,0.676300048828125,0.3424463461796182,0.824893931009039,0.31493476033210754,0.21607940051020408,0.03764748086734694,7572,16727,0,0,5.267459789398711,0.99798131141142,0.3193479852171895,0.0034346110187470913
flickr,lambda025k_latest,11765015695,88,0.6279364824295044,0.3842594623565674,0.243677020072937,0.7694244384765625,0.6433452945525362,0.8315774752936789,0.41129305958747864,0.42753507653061223,0.04974489795918367,5816,7928,0,1389,5.26848635843588,0.9981758068143142,0.590216546179424,0.0028008143417537212
flickr,lambda025k_latest,11776645404,89,0.5576108694076538,0.6629568934440613,-0.10534602403640747,0.3388214111328125,0.47889147029538665,0.6517752281145541,0.49251899123191833,0.44120695153061223,0.13382892219387754,2038,7857,0,14,5.269945652784807,0.998452287043173,0.39161351608087935,0.003061250550672412
flickr,lambda025k_latest,12015590114,90,0.6664332151412964,0.5515514016151428,0.11488181352615356,0.7688446044921875,0.7529608180727292,0.8695547388082183,0.44728532433509827,0.33077566964285715,0.026247608418367346,3146,3139,280,439,5.271421060383196,0.9987318201139086,0.7045498925991017,0.003345309291034937
flickr,lambda025k_latest,12031178616,91,0.5989792346954346,0.4778059124946594,0.12117332220077515,0.6402435302734375,0.6169139047976716,0.7427093930145812,0.2834298014640808,0.35263871173469385,0.0771484375,4673,11069,0,0,5.255494740961406,0.9957143942999509,0.5220474317721369,0.003764606546610594
flickr,lambda025k_latest,12048726756,92,0.7659692168235779,0.6035940647125244,0.16237515211105347,0.8866119384765625,0.9171902649193445,0.7217177220809622,0.4760039448738098,0.49380181760204084,0.10367506377551021,8492,2085,0,1766,5.270505102206652,0.9985582812206331,0.724011579650586,0.003136285347864032
flickr,lambda025k_latest,12066557153,93,0.6837767362594604,0.46720436215400696,0.2165723741054535,0.961883544921875,0.69191287754162,0.9931054023422743,0.3403223156929016,0.2110172193877551,0.0,16111,5730,0,0,5.266617322133396,0.9978216962230985,0.69191287754162,0.0036426237784326077
flickr,lambda025k_latest,12103535156,94,0.5935817956924438,0.5672563314437866,0.026325464248657227,0.5377655029296875,0.5055485098287889,0.5222731739272847,0.3954237103462219,0.30422911352040816,0.1341876594387755,7032,6113,0,476,5.272775320880369,0.9989884004621213,0.35428609518730836,0.0022159195505082607
flickr,lambda025k_latest,12158276143,95,0.6323243379592896,0.4483531415462494,0.18397119641304016,0.80401611328125,0.6121645336643411,0.7353969559851913,0.35018980503082275,0.19379783163265307,0.04318797831632653,12999,5040,0,0,5.272611592276546,0.9989573801803744,0.5163736144708814,0.0028259113896638155
flickr,lambda025k_latest,12328837165,96,0.44789811968803406,0.12984590232372284,0.3180522322654724,0.7660293579101562,0.3390474235269965,0.9980058013052937,0.11875350028276443,0.16489955357142858,0.0,6496,16068,0,0,5.230145976049981,0.990911776973877,0.3390474235269965,0.006280099041759968
flickr,lambda025k_latest,12373955905,97,0.4337480366230011,0.24291202425956726,0.19083601236343384,0.8061676025390625,0.17376149361966386,1.0,0.2081979215145111,0.08643574617346939,0.0,5338,18571,0,0,5.26778207463519,0.9980423720850291,0.17376149361966386,0.003877092618495226
flickr,lambda025k_latest,12444360833,98,0.5340248942375183,0.28870123624801636,0.24532365798950195,0.7883453369140625,0.47214498412510597,0.9686058742616717,0.24461613595485687,0.24631297831632654,0.006317761479591837,2322,6584,640,316,5.260990329536273,0.9967555972539748,0.4663147848781723,0.004116271156817675
flickr,lambda025k_latest,12512072175,99,0.698560893535614,0.48513275384902954,0.21342813968658447,0.7845306396484375,0.7465776865160849,0.8529999565538515,0.2953813374042511,0.4587252869897959,0.05373086734693878,8005,7653,0,125,5.245368059521777,0.9937957771244185,0.6771573428985307,0.004456092603504658
flickr,lambda025k_latest,12534178685,100,0.5095634460449219,0.29348623752593994,0.21607720851898193,0.75732421875,0.476400630462817,0.9976594850867191,0.15660299360752106,0.3320910395408163,0.0,4803,17228,0,0,5.253782852361272,0.9953900571624202,0.476400630462817,0.004030166659504175
flickr,lambda025k_latest,12598610153,101,0.657480001449585,0.41894787549972534,0.23853212594985962,0.8235321044921875,0.5921516197221268,0.9908398331217123,0.2669426202774048,0.32961973852040816,0.0008569834183673469,3615,6319,75,0,5.266983273548993,0.9978910299604695,0.5912329755569586,0.003054502420127392
flickr,lambda025k_latest,12599965145,102,0.6694338321685791,0.4121125340461731,0.257321298122406,0.8642730712890625,0.6855897335423198,0.9729147358665431,0.17222104966640472,0.43008609693877553,0.002610809948979592,2208,9772,13,0,5.256151732504567,0.99583886896289,0.6826694846366445,0.0036110931541770697
flickr,lambda025k_latest,12729873904,103,0.5613709688186646,0.3022010624408722,0.25916990637779236,0.8779754638671875,0.42505601483427335,0.9867276477445969,0.22590427100658417,0.22223772321428573,0.0,9507,18082,0,0,5.269684870727784,0.9984028788597855,0.42505601483427335,0.002788236364722252
flickr,lambda025k_latest,13153991894,104,0.7727967500686646,0.7384292483329773,0.034367501735687256,0.637664794921875,0.9718323682402591,0.3609652960046661,0.536561906337738,0.5467155612244898,0.3021763392857143,5826,422,0,1465,5.27433808066703,0.9992844834174107,0.39059603171472523,0.002285068854689598
flickr,lambda025k_latest,13234495505,105,0.6238180994987488,0.6439829468727112,-0.020164847373962402,0.4603729248046875,0.5014133591481122,0.5463252046240824,0.5128659009933472,0.47237723214285715,0.18287627551020408,2674,5511,0,1667,5.272951793789902,0.9990218353003026,0.3699608582611925,0.0026090715546160936
flickr,lambda025k_latest,13409856383,106,0.40375998616218567,0.24991025030612946,0.1538497358560562,0.8587799072265625,0.17494897012432734,1.0,0.16112834215164185,0.09394929846938775,0.0,2353,23996,0,0,5.2545979750866305,0.9955444916107005,0.17494897012432734,0.00569724477827549
flickr,lambda025k_latest,13447842855,107,0.7159796953201294,0.44425520300865173,0.27172449231147766,0.8614349365234375,0.921633717656125,0.6823568136932192,0.3974248468875885,0.4541015625,0.10255899234693877,4051,1942,774,3013,5.264493401123474,0.9974192947697296,0.7062069905293997,0.003677244298160076
flickr,lambda025k_latest,13579448834,108,0.45163339376449585,0.35804158449172974,0.09359180927276611,0.68408203125,0.21660608291538214,0.9760522496371553,0.21000438928604126,0.09612165178571429,0.0,10626,17269,0,0,5.260477753128616,0.9966584837123504,0.21660608291538214,0.004976002499461174
flickr,lambda025k_latest,13660204414,109,0.4973684847354889,0.5397219061851501,-0.042353421449661255,0.43206787109375,0.31477176669484364,0.9070149799050055,0.27244263887405396,0.16364397321428573,0.013213488520408163,3084,11150,126,295,5.273823959700398,0.9991870772411859,0.30619167043539036,0.0022538057528436184
flickr,lambda025k_latest,13721325644,110,0.7550145387649536,0.6863754987716675,0.06863903999328613,0.6549835205078125,0.8623638491313349,0.7741789500905094,0.44489407539367676,0.6165497448979592,0.10827885841836735,4317,2120,381,853,5.270116963160659,0.99848474377951,0.7212660553221605,0.0026658351998776197
flickr,lambda025k_latest,13861270725,111,0.5009429454803467,0.43944263458251953,0.06150031089782715,0.61529541015625,0.298417198204583,0.9918341708542714,0.31895485520362854,0.12691326530612246,0.0007573341836734694,9026,19824,0,0,5.270154122196436,0.9984917839895426,0.297882375135594,0.003899733070284128
flickr,lambda025k_latest,14062380939,112,0.452042818069458,0.40325477719306946,0.04878804087638855,0.5014801025390625,0.20312442294198027,1.0,0.3136414885520935,0.054807079081632654,0.0,9681,11537,0,0,5.271997001702035,0.9988409388724091,0.20312442294198027,0.0037029748782515526
flickr,lambda025k_latest,14172932360,113,0.6426625847816467,0.624984622001648,0.01767796277999878,0.53173828125,0.5870441315488333,0.8208,0.3004242479801178,0.28649154974489793,0.04225127551020408,4968,6152,0,0,5.269679932727456,0.9984019432983878,0.5310319996399477,0.0027881173882633448
flickr,lambda025k_latest,14174434304,114,0.5760373473167419,0.16005286574363708,0.41598448157310486,0.9807281494140625,0.419013455584663,0.9989709013484741,0.15094679594039917,0.2808115433673469,0.0,5330,18565,0,0,5.2505189273589785,0.994771668739087,0.419013455584663,0.004783019423484802
flickr,lambda025k_latest,14203929291,115,0.5955227613449097,0.38414669036865234,0.21137607097625732,0.749359130859375,0.5234305749798097,0.944717007963595,0.36388200521469116,0.28029336734693877,0.01323341836734694,11839,14372,0,0,5.264167358335124,0.9973575221843652,0.5100873404357424,0.003745761699974537
flickr,lambda025k_latest,14414061986,116,0.5898317098617554,0.4516075849533081,0.13822412490844727,0.75439453125,0.5041270635317658,0.9451791408741325,0.30250680446624756,0.2124920280612245,0.007692920918367347,5981,10550,0,0,5.270194082577062,0.9984993549468268,0.4945769532783667,0.003279609838500619
flickr,lambda025k_latest,14566072101,117,0.46549248695373535,0.3087586760520935,0.15673381090164185,0.6793212890625,0.3301038651455815,0.9518362136684996,0.2173984944820404,0.2029655612244898,0.0,4227,14274,122,0,5.259876827423732,0.9965446313723235,0.3301038651455815,0.004259578883647919
flickr,lambda025k_latest,14648401332,118,0.49693942070007324,0.17859622836112976,0.3183431923389435,0.8751983642578125,0.4115828677839851,1.0,0.09085310250520706,0.22024473852040816,0.0,3994,14849,0,0,5.221049619281429,0.9891883667496136,0.4115828677839851,0.006032287143170834
flickr,lambda025k_latest,14652810592,119,0.4664279818534851,0.16389134526252747,0.30253663659095764,0.8595428466796875,0.45062611115405427,0.9956874466268147,0.09729237854480743,0.23337850765306123,0.0,4725,17250,0,0,5.254619244596384,0.9955485213658549,0.45062611115405427,0.003919878508895636
flickr,lambda025k_latest,14678892718,120,0.7732295393943787,0.6282061338424683,0.1450234055519104,0.8426055908203125,0.918454190186713,0.5966040503187229,0.3615582585334778,0.35329639668367346,0.10766103316326531,9768,1289,0,198,5.26555245352373,0.9976199445222703,0.6251699473901992,0.0030367474537342787
flickr,lambda025k_latest,14680986811,121,0.479400098323822,0.4425729811191559,0.03682711720466614,0.5285491943359375,0.2874679593366929,0.9555993507999072,0.2976531684398651,0.17191485969387754,0.006417410714285714,7014,20364,0,0,5.269939005411592,0.9984510276212687,0.28427568844515716,0.0031819555442780256
flickr,lambda025k_latest,14742398172,122,0.6596936583518982,0.4089386463165283,0.2507550120353699,0.825408935546875,0.7470230862697448,0.9529737206085753,0.26609674096107483,0.41786910076530615,0.014309630102040817,7034,9621,0,0,5.252149813272911,0.9950806589788274,0.7274944930913327,0.004555621184408665
flickr,lambda025k_latest,14778198185,123,0.49409621953964233,0.307750403881073,0.18634581565856934,0.8688507080078125,0.3485387045813586,0.9936664320900774,0.20584188401699066,0.1416015625,0.0,7990,11832,0,0,5.270160764221406,0.99849304239816,0.3485387045813586,0.003368191886693239
flickr,lambda025k_latest,14899015793,124,0.676522433757782,0.4141610860824585,0.2623613476753235,0.913970947265625,0.6851747551550424,0.9979264457913686,0.3372088372707367,0.437320631377551,0.0003587372448979592,8224,10327,0,0,5.271725802305041,0.9987895570032185,0.6847890671420083,0.0025246888399124146
flickr,lambda025k_latest,15135657108,125,0.588034987449646,0.14072057604789734,0.44731441140174866,0.999453125,0.5405598988097959,0.9983394314663665,0.24824301898479462,0.3540537308673469,0.0,278,13863,0,0,5.2553313472024765,0.99568343745845,0.5405598988097959,0.004657815210521221
flickr,lambda025k_latest,15210828119,126,0.49357840418815613,0.41551473736763,0.07806366682052612,0.6206207275390625,0.22664029463920338,0.9901668653158522,0.32135969400405884,0.10032684948979592,0.0,11550,15920,0,0,5.269129949554014,0.9982977426114095,0.22664029463920338,0.004231369122862816
flickr,lambda025k_latest,15679023977,127,0.4948759377002716,0.3702352046966553,0.12464073300361633,0.7823028564453125,0.1843481343614287,0.6028985507246377,0.2480342984199524,0.06875797193877552,0.0233577806122449,13293,10018,0,0,5.263594064403447,0.9972489050040481,0.1670012043356082,0.005090899765491486
flickr,lambda025k_latest,15799251138,128,0.5437725782394409,0.2978385388851166,0.24593403935432434,0.7858734130859375,0.45811411749968683,0.9727043021477492,0.21548579633235931,0.2997249681122449,0.0,8561,17063,1329,0,5.262097283036141,0.9969653224250511,0.45811411749968683,0.003594317240640521
flickr,lambda025k_latest,15994498891,129,0.6934539079666138,0.4679644703865051,0.22548943758010864,0.852813720703125,0.7764244497425797,0.9211486431089613,0.257934033870697,0.4861686862244898,0.012535873724489796,4266,3184,2540,91,5.25809017739901,0.9962061298163565,0.7599086912411228,0.003544093808159232
flickr,lambda025k_latest,16012165838,130,0.3658532500267029,0.2979958653450012,0.06785738468170166,0.7441253662109375,0.06774607150311596,1.0,0.23398511111736298,0.04528061224489796,0.0,7114,32127,0,0,5.270847171637957,0.9986230902392675,0.06774607150311596,0.004897185135632753
flickr,lambda025k_latest,16101081359,131,0.4826122522354126,0.2754855751991272,0.2071266770362854,0.807403564453125,0.30792550133282226,1.0,0.20151256024837494,0.1761200573979592,0.0,2997,20839,0,0,5.253627265423477,0.9953605794136708,0.30792550133282226,0.005118242930620909
flickr,lambda025k_latest,16369370669,132,0.7036037445068359,0.5653495788574219,0.13825416564941406,0.7796783447265625,0.7773055386898738,0.7692273455581271,0.4403810501098633,0.44778380102040816,0.05893255739795918,6194,5709,0,0,5.269886135912515,0.9984410108818663,0.6860647440604966,0.0034539583139121532
flickr,lambda025k_latest,16419739420,133,0.4890574812889099,0.3928273916244507,0.09623008966445923,0.5955352783203125,0.3659522483516878,0.9781982328082981,0.32832708954811096,0.20750956632653061,0.0,5377,15613,0,0,5.268346238547974,0.9981492594774424,0.3659522483516878,0.0033833454363048077
flickr,lambda025k_latest,16563757295,134,0.6130121946334839,0.5490631461143494,0.06394904851913452,0.6170501708984375,0.5539513677811551,0.7945985224657867,0.4115554690361023,0.32912149234693877,0.03952088647959184,6122,10894,0,0,5.270435141027828,0.9985450262643956,0.5111604534299404,0.003092339728027582
flickr,lambda025k_latest,16659090834,135,0.7476454973220825,0.6355249285697937,0.11212056875228882,0.7719573974609375,0.8991278381675497,0.7360191975198235,0.4720442295074463,0.6685666454081632,0.15800382653061223,1782,2558,0,2819,5.265578168635465,0.9976248165482484,0.6976984048490329,0.003352181054651737
flickr,lambda025k_latest,16804898716,136,0.45448124408721924,0.21180041134357452,0.24268083274364471,0.68377685546875,0.3673052922724053,0.9528788939446973,0.14526169002056122,0.22775829081632654,0.0054807079081632655,5614,17565,0,0,5.22539149531861,0.9900109854908697,0.3639295501637591,0.006120715290307999
flickr,lambda025k_latest,16950760048,137,0.5110870599746704,0.2752171754837036,0.2358698844909668,0.7824859619140625,0.36182161189838985,0.9981844589687727,0.1839335709810257,0.16466039540816327,0.0,11162,13163,0,0,5.254915049704047,0.9956045650721327,0.36182161189838985,0.004670596681535244
flickr,lambda025k_latest,17140316339,138,0.55646151304245,0.3588789105415344,0.19758260250091553,0.836212158203125,0.39127493292896304,0.9980956915020234,0.23136091232299805,0.16745057397959184,0.0,11901,15763,0,0,5.2602062965588186,0.9966070531187913,0.39127493292896304,0.0044653406366705894
flickr,lambda025k_latest,17537079145,139,0.6593483686447144,0.5070099830627441,0.15233838558197021,0.7693023681640625,0.6707308478398759,0.994046375600585,0.3332790732383728,0.38161670918367346,0.0,5167,11980,0,0,5.270577574129355,0.9985720118663999,0.6707308478398759,0.0026636580005288124
flickr,lambda025k_latest,19306860381,140,0.3925638496875763,0.23570090532302856,0.15686294436454773,0.6841583251953125,0.22651091924834943,1.0,0.14842376112937927,0.15110809948979592,0.0,2475,19666,0,0,5.24797243585172,0.9942892064070485,0.22651091924834943,0.0055809286423027515
flickr,lambda025k_latest,20854461578,141,0.6444401741027832,0.3916827440261841,0.2527574300765991,0.91339111328125,0.6064476637420935,0.8993585088356331,0.2720959484577179,0.32932079081632654,0.0,4329,12443,0,0,5.25340236419785,0.9953179692696805,0.6064476637420935,0.00480256974697113
flickr,lambda025k_latest,2401957951,142,0.6226780414581299,0.442668616771698,0.18000942468643188,0.8632659912109375,0.543935052531041,0.9280282455187399,0.35895100235939026,0.11007254464285714,0.00665656887755102,30922,5533,0,0,5.271341552221587,0.9987167563711249,0.5253151583478528,0.0034700133837759495
flickr,lambda025k_latest,2404965389,143,0.40793377161026,0.5262013077735901,-0.11826753616333008,0.3750762939453125,0.16159312803028625,0.9345710627400768,0.42565491795539856,0.15565210459183673,0.002311862244897959,276,30900,0,0,5.271615306853008,0.998768622359095,0.16117919841006956,0.0029181367717683315
flickr,lambda025k_latest,2432219254,144,0.522737443447113,0.4824892282485962,0.040248215198516846,0.6150970458984375,0.28945151325311613,0.7697920257382512,0.3686460256576538,0.17344945790816327,0.03517617984693878,11682,13618,0,0,5.275042076446861,0.9994178635778057,0.26894281527869773,0.002296986524015665
flickr,lambda025k_latest,2462141223,145,0.6467757225036621,0.48431330919265747,0.16246241331100464,0.6881103515625,0.6125361579036923,0.9618904475617902,0.3426736891269684,0.2983498086734694,0.0042849170918367345,3458,5124,602,0,5.263764664787894,0.9972812272242841,0.606984782700333,0.003378267167136073
flickr,lambda025k_latest,2465634368,146,0.3837478756904602,0.21096521615982056,0.17278265953063965,0.8804473876953125,0.21895069033530573,0.9232202262142382,0.25658971071243286,0.14977279974489796,0.011021205357142858,2430,28337,0,553,5.268016593178833,0.9980868043413904,0.21519517377211891,0.0034529136028140783
flickr,lambda025k_latest,2499673064,147,0.5895273685455322,0.5045191049575806,0.08500826358795166,0.65679931640625,0.41540327471194666,0.6474480151228733,0.4401421844959259,0.22140066964285715,0.07463727678571429,14824,13084,0,28,5.273553628633053,0.9991358598871118,0.341532325078943,0.003260258352383971
flickr,lambda025k_latest,2509250774,148,0.4680306911468506,0.3197462856769562,0.1482844054698944,0.7504425048828125,0.29754715972853096,1.0,0.21168957650661469,0.11096938775510204,0.0,10493,15426,0,0,5.255158348735467,0.9956506608936766,0.29754715972853096,0.005752411670982838
flickr,lambda025k_latest,2542659118,149,0.5944567918777466,0.5584909319877625,0.03596585988998413,0.5845184326171875,0.5435485958327941,0.59721300597213,0.3946188688278198,0.21023995535714285,0.07134885204081633,14938,3562,642,0,5.272688881922582,0.9989720235996681,0.4152796545927952,0.002867356175556779
flickr,lambda025k_latest,2630218696,150,0.5490089654922485,0.3219447433948517,0.22706422209739685,0.8684539794921875,0.3543553146029854,1.0,0.19839754700660706,0.24294483418367346,0.0,2518,16196,0,0,5.269175585159515,0.998306388805827,0.3543553146029854,0.0031485806684941053
flickr,lambda025k_latest,2695985181,151,0.6439136266708374,0.681999683380127,-0.03808605670928955,0.5034332275390625,0.7424599778756444,0.7118386296325943,0.42796459794044495,0.4979671556122449,0.11224489795918367,6625,4832,0,276,5.272330988995264,0.9989042166363062,0.6011322348964935,0.0023767154198139906
flickr,lambda025k_latest,2698329253,152,0.687154233455658,0.5080534219741821,0.17910081148147583,0.7464599609375,0.7737114421302399,0.837166595350164,0.39358681440353394,0.5589126275510204,0.07059151785714286,5529,6379,11,236,5.270298909648348,0.9985192156505164,0.6928377501032875,0.002766916062682867
flickr,lambda025k_latest,2766580444,153,0.8528032302856445,0.7476864457130432,0.10511678457260132,0.829010009765625,1.0,0.19786330547317335,0.5409256815910339,0.5913584183673469,0.4649633290816326,2845,0,0,5740,5.268127024636756,0.9981077268610878,0.20105475839868497,0.0031660234089940786
flickr,lambda025k_latest,2778088729,154,0.5726240873336792,0.36727625131607056,0.20534783601760864,0.810546875,0.38049242424242424,1.0,0.25875526666641235,0.1201171875,0.0,9407,10065,0,0,5.26326758747639,0.9971870501660737,0.38049242424242424,0.004338357597589493
flickr,lambda025k_latest,2808068937,155,0.4929133653640747,0.48423177003860474,0.00868159532546997,0.5276641845703125,0.4177445122885344,0.6454317982011226,0.33684974908828735,0.29470264668367346,0.10016741071428571,9501,11621,0,261,5.261471895114152,0.9968468354344558,0.34241636021167815,0.003628950798884034
flickr,lambda025k_latest,2811549163,156,0.6941878795623779,0.7224542498588562,-0.02826637029647827,0.5086822509765625,0.8067166666666666,0.58787164788185,0.7068966627120972,0.8204719387755102,0.2686344068877551,584,4263,2727,2109,5.274845147884111,0.9993805531790243,0.5566250373743646,0.0028834098484367132
flickr,lambda025k_latest,2819123278,157,0.6117655038833618,0.35436150431632996,0.25740399956703186,0.96600341796875,0.35686700014712375,0.9973787006578947,0.2631111443042755,0.19387755102040816,0.0,4494,18924,0,0,5.258841910541271,0.9963485543733801,0.35686700014712375,0.004585380665957928
flickr,lambda025k_latest,2858344348,158,0.4225384593009949,,,,0.23567927170868347,0.9924800943674432,0.17284980416297913,0.1351642219387755,0.0,0,23575,243,0,5.266154835707616,0.9977340728091261,0.23567927170868347,0.0037659360095858574
flickr,lambda025k_latest,2895192729,159,0.39528870582580566,0.2392425835132599,0.15604612231254578,0.77264404296875,0.18762199636534968,1.0,0.18745514750480652,0.11110889668367346,0.0,4296,25764,0,0,5.25297874333717,0.995237709387501,0.18762199636534968,0.005931609310209751
flickr,lambda025k_latest,2897081671,160,0.5359424352645874,0.424340158700943,0.11160227656364441,0.68524169921875,0.49126544524925436,0.956243365180467,0.3444582521915436,0.30038265306122447,0.002072704081632653,2141,13474,0,104,5.268041240519365,0.9980914740657376,0.4895300850839801,0.0037610309664160013
flickr,lambda025k_latest,2897653916,161,0.7622530460357666,0.5387812852859497,0.2234717607498169,0.842041015625,0.9167868634195051,0.5713199197953398,0.35744744539260864,0.2882453762755102,0.10979352678571429,13914,1246,0,0,5.268876246510696,0.9982496756292203,0.5689987605013084,0.002793527441099286
flickr,lambda025k_latest,2907554899,162,0.5121243000030518,0.47152191400527954,0.04060238599777222,0.5622329711914062,0.3394984326018809,0.8287820202996616,0.3038601875305176,0.2474091198979592,0.03657126913265306,10335,20745,0,0,5.268806680564693,0.998236495554422,0.32011512134411946,0.0032897719647735357
flickr,lambda025k_latest,2935372113,163,0.5825234651565552,0.3942764401435852,0.18824702501296997,0.853973388671875,0.40172751501139903,0.9737702366127023,0.27311453223228455,0.12802933673469388,0.002152423469387755,14513,10029,0,0,5.263021249819207,0.9971403786416587,0.39896042603399345,0.004616588354110718
flickr,lambda025k_latest,2961466546,164,0.5370256304740906,0.5899210572242737,-0.052895426750183105,0.363128662109375,0.29473321067157315,0.6137819553373646,0.599990963935852,0.3328882334183674,0.11344068877551021,7102,15004,1576,0,5.272200146327824,0.9988794269763828,0.2532858978159897,0.0037097488529980183
flickr,lambda025k_latest,3012435981,165,0.3849492371082306,0.5264183282852173,-0.1414690911769867,0.396484375,0.1013297461794606,0.31476914645841897,0.3184185028076172,0.14546795280612246,0.09311224489795919,9173,14137,113,0,5.2591350786579945,0.9964040984711595,0.0840174800241356,0.004526565782725811
flickr,lambda025k_latest,3052033339,166,0.573391854763031,0.6559836864471436,-0.08259183168411255,0.4284820556640625,0.40982799369747897,0.4056205328135153,0.4388280212879181,0.3067203443877551,0.1133609693877551,17700,9114,0,0,5.267832138753944,0.9980518573126125,0.29839866156787764,0.0032908262219280005
flickr,lambda025k_latest,3102685146,167,0.47366416454315186,0.29936572909355164,0.17429843544960022,0.8465728759765625,0.17775509572855774,0.9269354838709677,0.19674985110759735,0.06178252551020408,0.0,14155,17330,0,0,5.262175794653409,0.9969801973609586,0.17775509572855774,0.004705857485532761
flickr,lambda025k_latest,3109408703,168,0.3532830476760864,0.24465790390968323,0.1086251437664032,0.8504791259765625,0.08479332055844511,0.845156889495225,0.17793221771717072,0.0584343112244898,0.00825095663265306,3300,24503,0,292,5.267031815319411,0.9979002267615154,0.08360888049126122,0.0048224530182778835
flickr,lambda025k_latest,3202731977,169,0.6843899488449097,0.40130943059921265,0.283080518245697,0.8719635009765625,0.7395254272184476,0.9136143965407605,0.31712570786476135,0.3134167729591837,0.011379942602040817,3852,4465,7,243,5.267803244575806,0.9980463829756562,0.7184109205460273,0.0030000670813024044
flickr,lambda025k_latest,3207674548,170,0.692054033279419,0.38951581716537476,0.3025382161140442,0.9127349853515625,0.7163124482473089,0.9404261487172054,0.358505517244339,0.27499202806122447,0.005301339285714286,9221,4948,0,0,5.263613376400667,0.9972525638857638,0.7059463576519232,0.003843202255666256
flickr,lambda025k_latest,3230152596,171,0.634925127029419,0.4301964044570923,0.20472872257232666,0.9073638916015625,0.5477513679890561,0.9880982982880058,0.3179595172405243,0.38765545280612246,0.0007971938775510204,7296,11482,270,0,5.2710757790755745,0.9986664025680775,0.5471276474607151,0.0031521592754870653
flickr,lambda025k_latest,3403348616,172,0.500036895275116,0.23967215418815613,0.26036474108695984,0.768798828125,0.3563451015665992,1.0,0.18921738862991333,0.14211973852040816,0.0,6243,12838,0,0,5.252414736687154,0.9951308517903418,0.3563451015665992,0.005347087047994137
flickr,lambda025k_latest,3413119417,173,0.43023681640625,0.24523207545280457,0.18500474095344543,0.78802490234375,0.25667686889438596,1.0,0.19011899828910828,0.12201052295918367,0.0,10433,17709,0,0,5.255877843031579,0.9957869774276219,0.25667686889438596,0.005471779964864254
flickr,lambda025k_latest,3416359816,174,0.6305400729179382,0.4534893035888672,0.17705076932907104,0.823272705078125,0.5704114916572576,0.7854798306987993,0.37405887246131897,0.23072783801020408,0.04545998086734694,20661,7464,0,0,5.266738497289319,0.9978446542609106,0.499012237282555,0.004042253363877535
flickr,lambda025k_latest,3484198977,175,0.5276534557342529,0.4597872793674469,0.06786617636680603,0.6561737060546875,0.4545010694689854,0.970944670706268,0.24207745492458344,0.20063376913265307,0.002690529336734694,12837,11837,0,0,5.271309392745563,0.9987106633856366,0.4516658195092648,0.002768445760011673
flickr,lambda025k_latest,3535748358,176,0.4460252523422241,0.22115634381771088,0.22486890852451324,0.729461669921875,0.353558705374062,1.0,0.12094210833311081,0.18592554209183673,0.0,7648,14670,0,0,5.25689442894903,0.9959795814127728,0.353558705374062,0.004147193394601345
flickr,lambda025k_latest,3568893693,177,0.5802692174911499,0.5919781923294067,-0.011708974838256836,0.5755767822265625,0.3384276879162702,0.8067000567000567,0.3794591724872589,0.21089764030612246,0.03960060586734694,3576,14429,90,121,5.268056034085116,0.998094276878239,0.31371504171107273,0.004072153940796852
flickr,lambda025k_latest,3668283413,178,0.27329960465431213,0.19232459366321564,0.0809750109910965,0.651397705078125,0.055306153611238355,1.0,0.11267136037349701,0.03609295280612245,0.0,4691,25906,0,0,5.267303609390051,0.997951721298521,0.055306153611238355,0.005062596872448921
flickr,lambda025k_latest,3709678770,179,0.3629608750343323,0.2369256615638733,0.12603521347045898,0.69903564453125,0.13038302277432712,1.0,0.16379885375499725,0.10040656887755102,0.0,3391,27594,11,0,5.259136634138234,0.9964043931749202,0.13038302277432712,0.0052155302837491035
flickr,lambda025k_latest,3719297546,180,0.5340065956115723,0.40165603160858154,0.13235056400299072,0.663726806640625,0.4950962659270871,0.9989862124898621,0.2541747987270355,0.24573501275510204,0.0,6111,8673,0,0,5.272012305463848,0.9988438383474681,0.4950962659270871,0.002339075319468975
flickr,lambda025k_latest,3727937033,181,0.49877309799194336,0.34684526920318604,0.15192782878875732,0.8272705078125,0.23761686890789735,1.0,0.23761509358882904,0.09522480867346939,0.0,9313,14797,0,0,5.2708084760795915,0.9986157589172209,0.23761686890789735,0.0033281389623880386
flickr,lambda025k_latest,3749326537,182,0.6411888599395752,0.8514820337295532,-0.21029317378997803,0.17974853515625,0.5332929358845876,0.6170316039262216,0.4401748478412628,0.36953922193877553,0.1275310905612245,12116,10248,0,0,5.260659629084756,0.9966929422203372,0.4107710259402208,0.003917370922863483
flickr,lambda025k_latest,3790233127,183,0.43090081214904785,0.42989087104797363,0.0010099411010742188,0.44769287109375,0.1187634253825542,0.9395585143658024,0.2964777946472168,0.05687978316326531,0.001753826530612245,5474,21287,0,0,5.272190902514581,0.9988776756288201,0.11830234045838572,0.0034364850725978613
flickr,lambda025k_latest,3801318146,184,0.7165289521217346,0.6449801921844482,0.07154875993728638,0.7122344970703125,0.8090453130404704,0.7300777226332054,0.529112696647644,0.6384925063775511,0.1506297831632653,4425,2047,1531,1063,5.268643564826137,0.9982055913871033,0.6413705166173084,0.003008325817063451
flickr,lambda025k_latest,3828103578,185,0.5455156564712524,0.4206526279449463,0.12486302852630615,0.6749725341796875,0.31360609621479185,0.5992787152966794,0.21804365515708923,0.14644451530612246,0.03126992984693878,13033,12197,0,0,5.2524196925624995,0.9951317907383688,0.28208577559975656,0.00480614323168993
flickr,lambda025k_latest,3896768873,186,0.6936187744140625,0.68202805519104,0.011590719223022461,0.5776519775390625,0.7625312138376271,0.7011648745519713,0.461321622133255,0.5338010204081632,0.11943957270408163,352,5635,2098,3181,5.2591945042723856,0.996415357342599,0.6132945806051304,0.004355177283287048
flickr,lambda025k_latest,3908875350,187,0.5405864715576172,0.49141645431518555,0.04917001724243164,0.6267242431640625,0.4255710675466791,0.8877571911147507,0.3369109034538269,0.19469467474489796,0.01979033801020408,12960,8866,0,0,5.272246283704509,0.9988881682371668,0.4057974405165758,0.002981494413688779
flickr,lambda025k_latest,3956341886,188,0.6759421825408936,0.5822603702545166,0.09368181228637695,0.670928955078125,0.7504276890385551,0.7851678788107171,0.440574586391449,0.5288783482142857,0.10598692602040816,5236,3163,2846,913,5.274526133007112,0.9993201121129248,0.6298003536506114,0.00205308198928833
flickr,lambda025k_latest,4007045926,189,0.7518390417098999,0.5840900540351868,0.16774898767471313,0.7626953125,0.8941841680129241,0.3422904764709347,0.5758107900619507,0.6767777423469388,0.42051977040816324,6106,1930,0,12398,5.2697271586183785,0.998410890790811,0.3408750989765096,0.0033650812692940235
flickr,lambda025k_latest,4041216001,190,0.701505184173584,0.4876968264579773,0.2138083577156067,0.85198974609375,0.7311376981148735,0.918354898336414,0.41145381331443787,0.5391023596938775,0.03067203443877551,5655,8796,3783,1,5.271077970140016,0.9986668176906323,0.699455167462094,0.0030666510574519634
flickr,lambda025k_latest,4180455681,191,0.41943296790122986,0.3720153868198395,0.04741758108139038,0.6610107421875,0.09884001933301112,0.27309147562875585,0.3005552589893341,0.08954480229591837,0.06509088010204081,14197,13431,0,735,5.267111049322063,0.9979152385617067,0.07825255102040816,0.004274849314242601
flickr,lambda025k_latest,4303617148,192,0.5064874887466431,0.3030695915222168,0.20341789722442627,0.83099365234375,0.3115569765770944,0.9849517319704714,0.20032373070716858,0.17548230229591838,0.0,4180,20480,0,0,5.265172059482432,0.9975478744620581,0.3115569765770944,0.003887321799993515
flickr,lambda025k_latest,4351373013,193,0.6825852394104004,0.5780580043792725,0.10452723503112793,0.719696044921875,0.7053546708012626,0.687772218422663,0.47051841020584106,0.5536710778061225,0.17010124362244897,1733,5199,96,2783,5.271902719980501,0.9988230761074597,0.5363594256600278,0.0024937493726611137
flickr,lambda025k_latest,4407899725,194,0.5323613882064819,0.5551120042800903,-0.0227506160736084,0.472564697265625,0.4475807763641688,0.9428679141819178,0.28957730531692505,0.2907565369897959,0.007672991071428571,3501,10474,0,0,5.271561666287764,0.9987584595322702,0.4420431904364034,0.00284472550265491
flickr,lambda025k_latest,4479260803,195,0.5865728855133057,0.5112344622612,0.07533842325210571,0.646697998046875,0.5675739089629283,0.7341108124512269,0.32472869753837585,0.22985092474489796,0.015664859693877552,5440,6116,448,0,5.267710272194219,0.9980287682803363,0.5391644908616188,0.0035550096072256565
flickr,lambda025k_latest,4543136011,196,0.4293505549430847,0.3190344274044037,0.11031612753868103,0.74884033203125,0.1718900450380494,0.6298656954245391,0.2206697016954422,0.08755181760204081,0.01215720663265306,8562,18199,0,0,5.257818920381979,0.9961547370303818,0.1656142450995062,0.005933361127972603
flickr,lambda025k_latest,4576746825,197,0.5669426918029785,0.4901011288166046,0.0768415629863739,0.6689300537109375,0.5538002367107497,0.889274500082631,0.25696516036987305,0.12059550382653061,0.007274394132653061,20629,5371,0,0,5.269229236728515,0.998316553717441,0.5337499380052572,0.003448640462011099
flickr,lambda025k_latest,4646464908,198,0.3899495601654053,0.28377941250801086,0.10617014765739441,0.629296875,0.25426780827963635,0.9395303326810176,0.18474993109703064,0.15276227678571427,0.0,227,22220,0,0,5.263832104150254,0.9972940043931623,0.25426780827963635,0.00420870678499341
flickr,lambda025k_latest,4657718822,199,0.46920046210289,0.3019004464149475,0.1673000156879425,0.869659423828125,0.17096608866490134,1.0,0.2549367845058441,0.07977917729591837,0.0,6648,21227,0,0,5.269303291753301,0.9983305843002471,0.17096608866490134,0.004346209112554789
flickr,lambda025k_latest,4717096777,200,0.5931216478347778,0.5433332920074463,0.04978835582733154,0.5943145751953125,0.4999640546369518,0.7872870323201449,0.48094573616981506,0.3521006058673469,0.05937101403061224,14085,10314,4731,0,5.275197565084122,0.9994473227023795,0.45160557160946785,0.002379650715738535
flickr,lambda025k_latest,4755507106,201,0.457878053188324,0.42427074909210205,0.033607304096221924,0.5104827880859375,0.22631721156444204,0.9933586337760911,0.2024163454771042,0.08402423469387756,0.0,7228,14802,0,0,5.263533683176872,0.997237465080804,0.22631721156444204,0.004228211008012295
flickr,lambda025k_latest,4758950312,202,0.651940107345581,0.4253857135772705,0.22655439376831055,0.8043975830078125,0.7310672429233345,0.6284222504853069,0.3151460289955139,0.2977319834183674,0.07710857780612244,9781,4705,480,1840,5.257017678086843,0.9960029323904931,0.5618024595314324,0.004038357175886631
flickr,lambda025k_latest,4767923306,203,0.370524525642395,0.2659913897514343,0.1045331358909607,0.7749176025390625,0.08065553464662585,1.0,0.1759452372789383,0.03374123086734694,0.0,7105,25543,0,0,5.271745970877277,0.9987933781729994,0.08065553464662585,0.003752566874027252
flickr,lambda025k_latest,4876943924,204,0.4073808789253235,0.23116973042488098,0.1762111485004425,0.836761474609375,0.19836601307189541,0.9499217527386542,0.20670077204704285,0.0254703443877551,0.0012755102040816326,31518,5115,115,0,5.271440794875184,0.9987355590421549,0.1963130659767141,0.004839230794459581
flickr,lambda025k_latest,4938432980,205,0.5393891930580139,0.38169431686401367,0.15769487619400024,0.688934326171875,0.39912758996728465,0.9034912425061714,0.33565473556518555,0.16954320790816327,0.015764508928571428,14583,12214,0,584,5.267634137443666,0.9980143436693779,0.38337988826815644,0.0035383556969463825
flickr,lambda025k_latest,4957886467,206,0.33174824714660645,0.43984323740005493,-0.10809499025344849,0.4609222412109375,0.06777176664978812,0.34015516318887107,0.22860941290855408,0.07449776785714286,0.045400191326530615,5981,20441,0,0,5.259034216898843,0.9963849890418152,0.06043394567361392,0.00557575561106205
flickr,lambda025k_latest,4965189170,207,0.6588512659072876,0.5830259919166565,0.0758252739906311,0.7546539306640625,0.8117373810069024,0.7067904751053891,0.425392210483551,0.3498485331632653,0.08890704719387756,14607,3060,1,678,5.271084952532924,0.9986681405859005,0.6283456990200299,0.0032749888487160206
flickr,lambda025k_latest,5006362787,208,0.5614161491394043,,,,0.518522475361235,1.0,0.1633906215429306,0.38691804846938777,0.0,500,12798,0,0,5.265224455209338,0.9975578014398311,0.518522475361235,0.0030081993900239468
flickr,lambda025k_latest,5130986168,209,0.4688264727592468,0.1624438464641571,0.3063826262950897,0.799652099609375,0.40822735123253256,0.9912314144109798,0.15788960456848145,0.1568279655612245,0.0,10871,12018,0,0,5.251750533955756,0.9950050108842077,0.40822735123253256,0.0049049644730985165
flickr,lambda025k_latest,5179649119,210,0.2551519274711609,0.26714107394218445,-0.01198914647102356,0.5124969482421875,0.0024965325936199723,0.0823943661971831,0.20197191834449768,0.014150191326530613,0.012834821428571428,10678,20992,58,87,5.2667336909393825,0.9978437436422055,0.0024297551554420286,0.006643454544246197
flickr,lambda025k_latest,5194793239,211,0.5958459377288818,0.35613733530044556,0.23970860242843628,0.9214019775390625,0.43630516348043596,0.9996725069592272,0.2819727957248688,0.12171157525510204,0.0,21080,9578,0,0,5.262307354917084,0.9970051229778064,0.43630516348043596,0.004520675167441368
flickr,lambda025k_latest,5220919991,212,0.6397326588630676,0.6151570081710815,0.024575650691986084,0.561553955078125,0.6351328792735043,0.8647045454545454,0.3839389979839325,0.43845663265306123,0.038743622448979595,5414,8020,0,0,5.2722390118907665,0.9988867905077669,0.5964227489340356,0.002668212866410613
flickr,lambda025k_latest,5237296528,213,0.6314151287078857,0.7862901091575623,-0.1548749804496765,0.2220916748046875,0.606302195436935,0.6890606653620353,0.5069745779037476,0.5092075892857143,0.15760522959183673,8570,2649,1647,23,5.271622907935683,0.9987700624723108,0.4765262345887862,0.002886507660150528
flickr,lambda025k_latest,5303633386,214,0.7278083562850952,0.5484736561775208,0.17933470010757446,0.8678741455078125,0.8253259041211102,0.8414255091103966,0.4002971649169922,0.371890943877551,0.039162149234693876,14269,4249,0,0,5.273314146105532,0.9990904871464682,0.7480585068369145,0.0024948653299361467
flickr,lambda025k_latest,5344317532,215,0.6370009183883667,0.4239267408847809,0.21307417750358582,0.852020263671875,0.5858588779641412,0.929567770946132,0.3571983277797699,0.21717554209183673,0.012635522959183673,11132,8652,0,0,5.2711933295846745,0.9986886738745362,0.5651361303280518,0.0030929779168218374
flickr,lambda025k_latest,5480070309,216,0.584505021572113,0.40056127309799194,0.1839437484741211,0.797271728515625,0.3699585435613973,0.8574407865335916,0.26553866267204285,0.1337890625,0.015784438775510203,20909,10258,0,0,5.264716433817316,0.9974615508987155,0.3520381639705208,0.00401344383135438
flickr,lambda025k_latest,5490101320,217,0.5998588800430298,0.47023648023605347,0.12962239980697632,0.743408203125,0.5531903378853751,0.9932948950505313,0.36101993918418884,0.30763711734693877,0.00029894770408163266,3015,8703,731,0,5.273028154773762,0.9990363027737832,0.552891116600256,0.002785163465887308
flickr,lambda025k_latest,5601291878,218,0.40881213545799255,0.2796516418457031,0.12916049361228943,0.8339614868164062,0.10080878902476054,0.5,0.20768550038337708,0.07278380102040816,0.0,11341,19902,0,0,5.26646314706138,0.9977924859686857,0.10080878902476054,0.004618587903678417
flickr,lambda025k_latest,5607310495,219,0.5689080357551575,0.400680810213089,0.16822722554206848,0.7737884521484375,0.5858221445308142,0.8823101053103294,0.2829219400882721,0.3557876275510204,0.0001992984693877551,1796,10304,91,10,5.2716329516674065,0.9987719653737012,0.5856043424917277,0.0024356599897146225
flickr,lambda025k_latest,5697766486,220,0.5919420123100281,0.426062673330307,0.16587933897972107,0.6902313232421875,0.6108391507111202,0.4921123868197517,0.464889794588089,0.4270169005102041,0.21257174744897958,12500,5459,678,5097,5.2569889762228605,0.9959974944896828,0.37754901083161757,0.00461602583527565
flickr,lambda025k_latest,5801923729,221,0.46711698174476624,0.2765960991382599,0.19052088260650635,0.907012939453125,0.19594594594594594,1.0,0.20638366043567657,0.08091517857142858,0.0,13544,16970,0,0,5.266908271094632,0.997876819876149,0.19594594594594594,0.004411471076309681
flickr,lambda025k_latest,5873098388,222,0.49439525604248047,0.26401078701019287,0.2303844690322876,0.9150848388671875,0.35773168012432854,0.9977855258198266,0.1922081857919693,0.21149553571428573,0.0,2943,20906,0,0,5.2557118735986945,0.995755532594836,0.35773168012432854,0.0047560641542077065
flickr,lambda025k_latest,5906878321,223,0.5616374611854553,0.5124396085739136,0.04919785261154175,0.5887908935546875,0.3823951339874907,0.49144542772861355,0.2858009338378906,0.2702487244897959,0.09833386479591837,14363,11943,0,0,5.225335454757349,0.9900003679569814,0.29801887214346406,0.005793830379843712
flickr,lambda025k_latest,5991393107,224,0.45545467734336853,0.3590501844882965,0.09640449285507202,0.6819305419921875,0.15805117398210325,0.8286609498680739,0.2402951419353485,0.12085459183673469,0.018315529336734693,8298,21783,0,0,5.261177974146779,0.9967911487003948,0.15361100496752006,0.004470410756766796
flickr,lambda025k_latest,6067281197,225,0.49935489892959595,0.3921155333518982,0.10723936557769775,0.7490081787109375,0.1871235567745881,0.9098035682104884,0.2810671329498291,0.11059072066326531,0.008529974489795918,7366,19883,0,0,5.26503113097089,0.9975211739220659,0.18420140472498403,0.00477366941049695
flickr,lambda025k_latest,6098668510,226,0.33897677063941956,0.24281179904937744,0.09616497159004211,0.6471405029296875,0.11900969371501388,0.9988540870893812,0.18536002933979034,0.07826450892857142,0.0,5604,26285,7,0,5.251759310599525,0.9950066737210983,0.11900969371501388,0.007188844028860331
flickr,lambda025k_latest,6158154336,227,0.6176167726516724,0.17602361738681793,0.4415931701660156,0.9346160888671875,0.5613003046077973,0.989797078383448,0.14082609117031097,0.35062579719387754,0.0,2492,14705,0,0,5.235550476872888,0.9919357222975079,0.5613003046077973,0.0047596958465874195
flickr,lambda025k_latest,6185482260,228,0.5753235816955566,0.38128238916397095,0.1940411925315857,0.7659988403320312,0.5288485694347522,0.9923528179342133,0.24101774394512177,0.38050063775510207,0.0007174744897959184,4909,16903,0,0,5.269436294738908,0.9983557832574872,0.5283176710075012,0.0027204754296690226
flickr,lambda025k_latest,6289328021,229,0.5602704286575317,0.40836232900619507,0.15190809965133667,0.7408294677734375,0.5128059701492538,0.8975444096133751,0.3050730526447296,0.19072863520408162,0.011499521683673469,14047,10247,0,3,5.265438642966899,0.9975983817931182,0.4957292087493507,0.004218621179461479
flickr,lambda025k_latest,6458319057,230,0.526872992515564,0.3934054970741272,0.13346749544143677,0.7910308837890625,0.28910231281850257,0.9942330736968245,0.29464083909988403,0.1330516581632653,0.0,16874,16294,0,0,5.270627850706963,0.9985815373467757,0.28910231281850257,0.003330293809995055
flickr,lambda025k_latest,6669466181,231,0.5552653074264526,0.4719974100589752,0.08326789736747742,0.6080169677734375,0.5009241764560913,0.8843086070625771,0.28911787271499634,0.2748525191326531,0.027881855867346938,4274,7975,427,88,5.268295231648789,0.9981395956291789,0.47370363177315983,0.0030450692865997553
flickr,lambda025k_latest,6755812421,232,0.553515613079071,0.42959219217300415,0.1239234209060669,0.7371978759765625,0.3665988652178568,1.0,0.18315467238426208,0.17061941964285715,0.0,4275,15548,0,0,5.262623731170245,0.9970650641260358,0.3665988652178568,0.003788968315348029
flickr,lambda025k_latest,6897499873,233,0.3015866279602051,0.186998650431633,0.11458797752857208,0.7321929931640625,0.13147608321187226,0.7317477876106194,0.12664549052715302,0.05404974489795918,0.0018734056122448979,12190,15911,0,0,5.255422940000425,0.9957007907756593,0.13066236502501974,0.0070115793496370316
flickr,lambda025k_latest,7178293884,234,0.41447827219963074,0.24650554358959198,0.16797272861003876,0.7938385009765625,0.1572200610918205,1.0,0.2937050759792328,0.12001753826530612,0.0,1699,26273,1094,0,5.266398689948768,0.997780273821589,0.1572200610918205,0.004555967170745134
flickr,lambda025k_latest,7387939334,235,0.4804111123085022,0.5318126678466797,-0.05140155553817749,0.47943115234375,0.10297860631492055,0.35928,0.3403295874595642,0.12456154336734694,0.06582828443877552,8411,20423,0,0,5.267017543070498,0.9978975227185314,0.08943186570284964,0.004104840103536844
flickr,lambda025k_latest,7560517176,236,0.4620969593524933,0.4288537800312042,0.03324317932128906,0.544097900390625,0.24563625351026927,0.8416981132075472,0.27878931164741516,0.10562818877551021,0.013034119897959183,9434,19273,0,0,5.268406836877199,0.9981607405333001,0.23709806005846398,0.0035484745167195797
flickr,lambda025k_latest,7623513024,237,0.5897023677825928,0.4325886368751526,0.15711373090744019,0.8200225830078125,0.33190663699138273,1.0,0.2440074384212494,0.05795599489795918,0.0,13847,6971,0,0,5.264606740755868,0.9974407682767887,0.33190663699138273,0.004217145033180714
flickr,lambda025k_latest,7733838448,238,0.5597219467163086,0.40866708755493164,0.15105485916137695,0.7310791015625,0.47704308049429917,0.9283531521955757,0.26999884843826294,0.30000398596938777,0.0,11113,13625,0,0,5.263991366406094,0.9973241784735154,0.47704308049429917,0.003600761294364929
flickr,lambda025k_latest,7740990330,239,0.5063419342041016,0.23208048939704895,0.2742614448070526,0.842620849609375,0.42084934880770236,0.9477687200605093,0.15943631529808044,0.2371452487244898,0.0,4931,15629,0,0,5.253285989295849,0.995295920695613,0.42084934880770236,0.004341342486441135
flickr,lambda025k_latest,7897462346,240,0.39144062995910645,0.3876887261867523,0.003751903772354126,0.609100341796875,0.16010116632398697,0.8302509907529723,0.14612655341625214,0.10560825892857142,0.006277901785714286,1725,23753,0,0,5.255398345843474,0.995696131127558,0.15828671139973735,0.005479677114635706
flickr,lambda025k_latest,8250285374,241,0.548831582069397,0.12645182013511658,0.4223797619342804,0.9406585693359375,0.47636033857315596,0.9982684348340232,0.12894432246685028,0.23594945790816327,0.0,4320,13697,0,0,5.241820455219248,0.9931236423695728,0.47636033857315596,0.004939254838973284
flickr,lambda025k_latest,8294094053,242,0.6152822375297546,0.309769868850708,0.30551236867904663,0.890289306640625,0.5568670732163568,0.9907808027690874,0.19195887446403503,0.29940609056122447,0.0,3149,13078,0,0,5.249540656144322,0.9945863239184802,0.5568670732163568,0.004360031336545944
flickr,lambda025k_latest,8311669586,243,0.663450300693512,0.5556451082229614,0.10780519247055054,0.7224273681640625,0.7299957530790178,0.6735742934857775,0.46095365285873413,0.4322983099489796,0.11011240433673469,10522,4557,0,0,5.265644991122825,0.9976374768430077,0.5720746294954874,0.0038845546077936888
flickr,lambda025k_latest,8396975855,244,0.5591318607330322,0.39096736907958984,0.16816449165344238,0.7626495361328125,0.5328895333509096,0.930379746835443,0.30894774198532104,0.1731903698979592,0.011479591836734694,18994,9479,0,0,5.269459851511829,0.99836024636116,0.5133985267970536,0.0033803193364292383
flickr,lambda025k_latest,9060997789,245,0.6275463104248047,0.3529231548309326,0.27462315559387207,0.8608856201171875,0.6663047881390262,0.949588952521707,0.23559610545635223,0.4315210459183674,0.010243941326530613,6915,7452,104,0,5.2608205631376554,0.9967234330420206,0.6553878520313023,0.0036948979832232
flickr,lambda025k_latest,9309351423,246,0.6621472835540771,0.38051021099090576,0.2816370725631714,0.8162994384765625,0.7036039894756164,0.7954482567791921,0.2451377809047699,0.28810586734693877,0.03218670280612245,14201,5317,0,532,5.246312803526161,0.9939747698264303,0.6403274306715669,0.00455310195684433
flickr,lambda025k_latest,9456627660,247,0.6297549605369568,0.442939817905426,0.18681514263153076,0.8503265380859375,0.6609916446213887,0.8823776223776224,0.261520117521286,0.2849968112244898,0.02303890306122449,6872,7402,0,72,5.262730773397432,0.9970853445166862,0.6232496110246721,0.003754624631255865
flickr,lambda025k_latest,9636000842,248,0.37279126048088074,0.46679583191871643,-0.0940045714378357,0.3992919921875,0.07186239439835604,0.6043266769073221,0.2370235174894333,0.07784598214285714,0.013392857142857142,5516,30205,0,0,5.2670865098563535,0.997910589275495,0.07042169483435015,0.004220339469611645
flickr,lambda025k_latest,9761803312,249,0.5728216171264648,0.35813385248184204,0.2146877646446228,0.8577728271484375,0.5365859587709063,0.994100162132949,0.29495200514793396,0.22126116071428573,0.0,10839,12216,0,0,5.264508849562928,0.9974222216556446,0.5365859587709063,0.004175172653049231
flickr,lambda050k_best,10000130166,0,0.5614960789680481,0.4008917808532715,0.1606042981147766,0.797149658203125,0.4085224785843807,0.9856679490080712,0.24575255811214447,0.2642099808673469,0.0,3401,16771,0,0,5.268392247250286,0.9981579763593753,0.4085224785843807,0.003265706356614828
flickr,lambda050k_best,10007936344,1,0.6138977408409119,0.4516163766384125,0.1622813642024994,0.786407470703125,0.48422869385811773,0.9612113097582106,0.31292569637298584,0.2530492665816326,0.004245057397959184,12780,13153,0,0,5.268515029555387,0.9981812388902274,0.480170751858992,0.0032561810221523046
flickr,lambda050k_best,10008553263,2,0.5861808061599731,0.49984076619148254,0.0863400399684906,0.64202880859375,0.44047104580812446,0.8669549191947831,0.3909672498703003,0.14058514030612246,0.00408561862244898,19114,11440,0,0,5.265457321050687,0.9976019205725866,0.4340620342110867,0.004418110009282827
flickr,lambda050k_best,10009662863,3,0.6655946373939514,0.4324284791946411,0.2331661581993103,0.8231658935546875,0.7190676641973494,0.9299638645872955,0.36874768137931824,0.41916454081632654,0.02082669005102041,12906,9980,0,0,5.267788651566272,0.9980436181608549,0.6924642863464977,0.003143569454550743
flickr,lambda050k_best,10013411946,4,0.7105414867401123,0.7155618667602539,-0.0050203800201416016,0.4698486328125,0.7780636425186188,0.40910773787486115,0.6177433729171753,0.6997967155612245,0.3348413584183674,1530,2672,1738,7972,5.274919778911311,0.999394692892164,0.4073617196251081,0.002549318363890052
flickr,lambda050k_best,10016382545,5,0.2615243196487427,0.14954322576522827,0.1119810938835144,0.7093505859375,0.1266815144766147,0.9189014539579967,0.1353539228439331,0.0616828762755102,0.003208705357142857,7731,18702,0,161,5.238688100339766,0.9925301814310151,0.1257794878598912,0.008075015619397163
flickr,lambda050k_best,10031203703,6,0.4814172387123108,0.18144161999225616,0.2999756336212158,0.8886566162109375,0.30958455384421557,0.985659847573205,0.1393226683139801,0.19874043367346939,0.0016940369897959183,4907,22289,0,0,5.252649301253074,0.9951752927661569,0.30875793177106237,0.004355119075626135
flickr,lambda050k_best,10035917404,7,0.5871263742446899,0.3520393669605255,0.23508700728416443,0.78009033203125,0.4915865763352765,0.9974744245524296,0.33375295996665955,0.311702806122449,0.0,7627,12207,0,0,5.267629418617438,0.9980134496330537,0.4915865763352765,0.003170789685100317
flickr,lambda050k_best,10045181004,8,0.5280858278274536,0.41089051961898804,0.11719530820846558,0.7194671630859375,0.3698313466138662,0.9980470869046327,0.2979852259159088,0.18369339923469388,0.0003587372448979592,7518,12326,0,3,5.269450084199088,0.9983583958305497,0.36956390735793343,0.0032698921859264374
flickr,lambda050k_best,10060697266,9,0.6460071206092834,0.4151371717453003,0.23086994886398315,0.7519073486328125,0.6073423782920989,0.9866758620689655,0.23978860676288605,0.36122847576530615,0.0,2122,10118,0,0,5.253790313674044,0.9953914707946077,0.6073423782920989,0.0038857534527778625
flickr,lambda050k_best,10061269855,10,0.5176804661750793,0.48991578817367554,0.02776467800140381,0.546142578125,0.32072767863877033,1.0,0.26588526368141174,0.21187420280612246,0.0,1060,13542,0,0,5.272505998252394,0.9989373741685748,0.32072767863877033,0.0028005680069327354
flickr,lambda050k_best,10067897816,11,0.6648866534233093,0.6018456220626831,0.06304103136062622,0.6339263916015625,0.6482374622593421,0.5188625949406817,0.4953930377960205,0.3175023915816326,0.13976801658163265,13842,4281,7,0,5.273757174031463,0.9991744239221038,0.41822459460143185,0.0027158232405781746
flickr,lambda050k_best,10069511285,12,0.772065281867981,0.7487021684646606,0.023363113403320312,0.6118011474609375,0.880382625058805,0.762757458833759,0.5315493941307068,0.7334582270408163,0.1455875318877551,842,3073,117,1899,5.274629670739733,0.9993397285364597,0.7162796631793825,0.002102829981595278
flickr,lambda050k_best,10079676496,13,0.4840942323207855,0.23459893465042114,0.24949529767036438,0.8297882080078125,0.39438244785375615,0.8991368680641184,0.1585698276758194,0.24244658801020408,0.0009566326530612245,7633,18655,0,0,5.244858725710166,0.9936992779301996,0.39370107081796096,0.004851587116718292
flickr,lambda050k_best,10080652613,14,0.5372347831726074,0.31823965907096863,0.2189951241016388,0.896240234375,0.24942722371967654,1.0,0.2696320712566376,0.1475406568877551,0.0,3695,22477,0,0,5.270202404323518,0.998500931598149,0.24942722371967654,0.0032690928783267736
flickr,lambda050k_best,10106776154,15,0.4520668089389801,0.2638148069381714,0.18825200200080872,0.839447021484375,0.2013977991456217,1.0,0.23536387085914612,0.13295200892857142,0.0,3138,18972,0,0,5.269989485354994,0.9984605916316515,0.2013977991456217,0.0033376715146005154
flickr,lambda050k_best,10109936483,16,0.5615765452384949,0.4943312704563141,0.06724527478218079,0.73681640625,0.27961736571008095,0.6887177163570458,0.3837636709213257,0.13195551658163265,0.03461814413265306,13570,13040,0,0,5.2738637930242,0.999194624126082,0.25270157938487114,0.0029473830945789814
flickr,lambda050k_best,10110769444,17,0.4835565686225891,0.4585229754447937,0.02503359317779541,0.4804534912109375,0.24721790360854268,0.7954844655081622,0.31346750259399414,0.15138711734693877,0.02098612882653061,9230,18728,0,0,5.264071083019785,0.9973392817099621,0.23700725632476957,0.004262110218405724
flickr,lambda050k_best,10111706074,18,0.5184417963027954,0.5461112260818481,-0.027669429779052734,0.461151123046875,0.2861434329606814,0.7552187876354878,0.32887881994247437,0.1985809948979592,0.020886479591836735,4709,15862,0,0,5.268071214289307,0.9980971529438745,0.2751773568346376,0.0033703017979860306
flickr,lambda050k_best,10119607346,19,0.4537426233291626,0.3136308789253235,0.1401117444038391,0.7030181884765625,0.26023105165023164,0.9757820383451059,0.2552395462989807,0.13825334821428573,0.0008370535714285714,7202,20365,2668,19,5.2699579773919645,0.9984546220828515,0.2598115416354808,0.0033267976250499487
flickr,lambda050k_best,10119736773,20,0.563321590423584,0.22243455052375793,0.34088703989982605,0.9139623397435898,0.5372159402788451,0.9631452049402155,0.16315016150474548,0.4050342793367347,0.0,56,19406,107,0,5.264749849692378,0.9974678819235641,0.5372159402788451,0.0029231603257358074
flickr,lambda050k_best,10129791115,21,0.4597374498844147,0.3379862606525421,0.12175118923187256,0.6896209716796875,0.23490992452258916,0.9553210202286719,0.25704437494277954,0.11330117984693877,0.00466358418367347,7327,16669,0,0,5.2652787002772685,0.9975680787966967,0.23255614790074292,0.004392521921545267
flickr,lambda050k_best,10129813456,22,0.5052542686462402,0.2480766773223877,0.25717759132385254,0.861328125,0.33006815052376554,0.9419518503780342,0.16083137691020966,0.20033482142857142,0.007374043367346939,6069,20448,0,0,5.256553902150982,0.9959150646638892,0.32586512484297836,0.004105458501726389
flickr,lambda050k_best,10163352444,23,0.679961085319519,0.47849100828170776,0.20147007703781128,0.84002685546875,0.7266799644647077,0.9379705755084379,0.4122055768966675,0.46057876275510207,0.020049426020408163,5008,7584,104,381,5.270044696126641,0.9984710519522795,0.7029722235734787,0.0032302578911185265
flickr,lambda050k_best,10165890496,24,0.6368051171302795,0.5904900431632996,0.04631507396697998,0.6051177978515625,0.5729960860614013,0.8354334344900383,0.31692519783973694,0.30209661989795916,0.04555963010204082,5685,3605,0,0,5.270841666224006,0.998622047174782,0.5192832099727308,0.00250258669257164
flickr,lambda050k_best,10173808724,25,0.5857533812522888,0.2785630226135254,0.3071903586387634,0.8087921142578125,0.5163313743218807,1.0,0.20127548277378082,0.3641980229591837,0.0,3967,13502,0,0,5.255062403965729,0.9956324830449689,0.5163313743218807,0.003678100649267435
flickr,lambda050k_best,10202025415,26,0.6384972333908081,0.5451929569244385,0.09330427646636963,0.7938995361328125,0.7102846080975328,0.9502075450905484,0.3783189058303833,0.5425502232142857,0.011419802295918368,918,9226,2500,238,5.2755271432950455,0.9995097651145288,0.6992822675479502,0.002075930591672659
flickr,lambda050k_best,10221582415,27,0.4233849048614502,0.39128580689430237,0.03209909796714783,0.687713623046875,0.03091803552072042,0.9546858908341915,0.30869799852371216,0.01935188137755102,0.0,8641,25529,0,0,5.275771782684123,0.9995561148823667,0.03091803552072042,0.0030119307339191437
flickr,lambda050k_best,10234680056,28,0.6613321304321289,0.6291178464889526,0.03221428394317627,0.6318359375,0.7553887742761614,0.7966464100832771,0.38072967529296875,0.5312898596938775,0.027682557397959183,1509,4565,226,0,5.272840554639105,0.9990007597538283,0.7198251025319459,0.0025383085012435913
flickr,lambda050k_best,10246013484,29,0.5474556088447571,0.35115766525268555,0.19629794359207153,0.7389068603515625,0.3873469859111556,0.9518066590995081,0.22925633192062378,0.2106983418367347,0.0,3791,19072,0,0,5.263725872566493,0.997273877588305,0.3873469859111556,0.0035479608923196793
flickr,lambda050k_best,10268129763,30,0.7133419513702393,0.6428135633468628,0.07052838802337646,0.68243408203125,0.8543820029531833,0.7288725871586825,0.47396254539489746,0.5379264987244898,0.11545360331632654,4844,3236,0,101,5.2754389872621745,0.9994930629322986,0.6826399250494466,0.002014425117522478
flickr,lambda050k_best,10278084464,31,0.4757470488548279,0.3024517297744751,0.17329531908035278,0.657470703125,0.29807937353752056,0.9982929857231533,0.21736261248588562,0.12842793367346939,0.0,14132,15240,0,0,5.262019788836799,0.9969506402507625,0.29807937353752056,0.00439983606338501
flickr,lambda050k_best,10283938426,32,0.4146825075149536,0.2900981903076172,0.12458431720733643,0.7515716552734375,0.24032370659565117,0.9998924268502581,0.26972007751464844,0.09263392857142858,0.0,16820,17863,0,0,5.271183562189572,0.9986868233283217,0.24032370659565117,0.0036575559061020613
flickr,lambda050k_best,10289643764,33,0.42221224308013916,0.23381006717681885,0.1884021759033203,0.784332275390625,0.2620082788784463,1.0,0.18009673058986664,0.10028698979591837,0.0,10291,15090,0,0,5.256016709639811,0.9958132873161327,0.2620082788784463,0.005793176591396332
flickr,lambda050k_best,10304554474,34,0.5376760959625244,0.42591142654418945,0.11176466941833496,0.6920166015625,0.3424512453436564,0.9896569920844327,0.3125961422920227,0.18883529974489796,0.0,11085,18130,1347,0,5.264456938237169,0.9974123864532835,0.3424512453436564,0.004353897646069527
flickr,lambda050k_best,10308472565,35,0.32877328991889954,0.25352123379707336,0.07525205612182617,0.7309341430664062,0.05706687351099784,1.0,0.1785021722316742,0.020527742346938774,0.0,10755,19386,0,0,5.2697105070844,0.9984077359646936,0.05706687351099784,0.005806290544569492
flickr,lambda050k_best,10369815925,36,0.40148788690567017,0.2804332375526428,0.12105464935302734,0.823333740234375,0.15026215443279314,1.0,0.18309614062309265,0.10052614795918367,0.0,1181,27087,0,0,5.261553368557133,0.9968622715225747,0.15026215443279314,0.005057802423834801
flickr,lambda050k_best,10389014583,37,0.45758116245269775,0.3086748719215393,0.14890629053115845,0.672454833984375,0.3394071458090694,1.0,0.2285509556531906,0.18004623724489796,0.0,9003,17074,0,0,5.2600239541155664,0.9965725062294142,0.3394071458090694,0.0040806494653224945
flickr,lambda050k_best,10409146004,38,0.6981127262115479,0.759750485420227,-0.0616377592086792,0.4072723388671875,0.6511083994305471,0.5807709750566893,0.47102296352386475,0.439453125,0.18022560586734693,6372,3498,101,0,5.274917345377794,0.9993942318310325,0.44603113789140053,0.0018777912482619286
flickr,lambda050k_best,10409351364,39,0.8291478753089905,0.6803601980209351,0.14878767728805542,0.88751220703125,0.9851851851851852,0.6048838511055136,0.5090503096580505,0.5696747448979592,0.20178970025510204,4090,352,0,918,5.275048119943261,0.9994190085882478,0.6247515808491418,0.0018615080043673515
flickr,lambda050k_best,10413912845,40,0.443646103143692,0.4549263119697571,-0.011280208826065063,0.508697509765625,0.0,0.0,0.34199830889701843,0.04494180484693878,0.04494180484693878,16704,10433,0,0,5.2721395441613925,0.998867945193522,0.0,0.0036884956061840057
flickr,lambda050k_best,10437048305,41,0.5392861366271973,0.4588351547718048,0.08045098185539246,0.6087646484375,0.3868543625439371,0.9966987865810135,0.31535130739212036,0.22337372448979592,0.0003587372448979592,891,10758,0,0,5.272020697760446,0.9988454283653324,0.3866133693263424,0.0029563086573034525
flickr,lambda050k_best,10440265465,42,0.3405120074748993,0.19928641617298126,0.14122559130191803,0.9214935302734375,0.09740827023878859,1.0,0.16035589575767517,0.03999920280612245,0.0,9089,19778,0,0,5.2664087570079765,0.9977821811426417,0.09740827023878859,0.005524316802620888
flickr,lambda050k_best,10441843213,43,0.6546998023986816,0.5338940620422363,0.12080574035644531,0.8194580078125,0.6134481800500139,0.9062722346888512,0.4009857177734375,0.3641382334183674,0.01136001275510204,8046,10947,0,0,5.274229787108565,0.9992639659475457,0.6007619047619047,0.0025962786749005318
flickr,lambda050k_best,10446128125,44,0.5925787687301636,0.536659300327301,0.05591946840286255,0.5845794677734375,0.47039022337681347,0.961411905474125,0.4116809368133545,0.26650191326530615,0.00932716836734694,6655,13182,729,0,5.272810782005026,0.998995118983212,0.46247099663650915,0.0029772543348371983
flickr,lambda050k_best,10451898725,45,0.8430219888687134,0.7983174324035645,0.044704556465148926,0.61309814453125,1.0,0.05819626856511599,0.6391752362251282,0.6494738520408163,0.6010642538265306,3701,0,0,0,5.275261714494569,0.9994594765517345,0.05916301414733821,0.0015234476886689663
flickr,lambda050k_best,10468313544,46,0.8372358083724976,0.7079043984413147,0.12933140993118286,0.83856201171875,0.9943912678421495,0.38734660770820795,0.6445761322975159,0.7616988201530612,0.45009566326530615,3741,167,0,799,5.274986963557042,0.9994074218020246,0.3950735892611718,0.0020286282524466515
flickr,lambda050k_best,10476442285,47,0.7192912697792053,0.5758842825889587,0.14340698719024658,0.8486175537109375,0.8364779874213837,0.875,0.40633711218833923,0.34534438775510207,0.03782684948979592,8184,3399,9,5,5.276057126358985,0.9996101765489438,0.7571913703555733,0.0016845003701746464
flickr,lambda050k_best,10476446674,48,0.6341701745986938,0.4880572557449341,0.14611291885375977,0.7463226318359375,0.6010636460959353,0.8888264732917985,0.3238610327243805,0.19513313137755103,0.00412547831632653,13170,7697,0,0,5.275015741390842,0.9994128740961973,0.5925913315855776,0.0019928133115172386
flickr,lambda050k_best,10477544895,49,0.4418133795261383,0.3352430462837219,0.10657033324241638,0.549072265625,0.3335403320695516,0.6910211267605634,0.22965140640735626,0.14716198979591838,0.041314572704081634,8130,8366,0,1303,5.247053721733958,0.9941151453687657,0.29373668758275284,0.0057981922291219234
flickr,lambda050k_best,10481128583,50,0.39906060695648193,0.34762251377105713,0.051438093185424805,0.5396728515625,0.12550952696938097,1.0,0.22894111275672913,0.05277423469387755,0.0,12075,17671,0,0,5.274086281020352,0.999236777055777,0.12550952696938097,0.002929065376520157
flickr,lambda050k_best,10520382525,51,0.5147045254707336,0.36185258626937866,0.15285193920135498,0.6959686279296875,0.3477689922047442,0.969392523364486,0.24366651475429535,0.12794961734693877,0.000896843112244898,9227,13491,0,0,5.260781027664995,0.9967159425884756,0.3468966862684986,0.004734843969345093
flickr,lambda050k_best,10545790805,52,0.5997852087020874,0.5970781445503235,0.002707064151763916,0.5006103515625,0.49594432205087124,0.750871784504978,0.46208691596984863,0.394351881377551,0.07449776785714286,4097,14356,17,586,5.272712364053524,0.9989764725615528,0.4409277065527066,0.0027458223048597574
flickr,lambda050k_best,10548273474,53,0.5254612565040588,0.46696412563323975,0.05849713087081909,0.6052093505859375,0.24110822775148832,1.0,0.36009806394577026,0.06295838647959184,0.0,14731,11715,0,0,5.272328531537747,0.9989037510424956,0.24110822775148832,0.003700488479807973
flickr,lambda050k_best,10549911663,54,0.4974191188812256,0.38067561388015747,0.11674350500106812,0.7259368896484375,0.19042363910722732,0.9902787538065121,0.29855695366859436,0.08508051658163265,0.00023915816326530612,17536,14824,11,12,5.271147207655481,0.9986799355404584,0.190320765334834,0.0034281660337001085
flickr,lambda050k_best,10555704135,55,0.8198812007904053,0.7566689252853394,0.06321227550506592,0.6556854248046875,0.9456093666844066,0.5034949182000227,0.524925172328949,0.5274832589285714,0.2386798469387755,2270,0,1520,1086,5.274022676142018,0.9992247263743423,0.5111916681051845,0.0019023297354578972
flickr,lambda050k_best,10557361454,56,0.6398053169250488,0.728395938873291,-0.08859062194824219,0.3918609619140625,0.5935174069627851,0.3528068506184586,0.38399118185043335,0.20946269132653061,0.12454161352040816,13073,909,0,0,5.274207720322288,0.9992597851391127,0.29672308246308965,0.0020940005779266357
flickr,lambda050k_best,10610974774,57,0.43591558933258057,0.26694637537002563,0.16896921396255493,0.7791595458984375,0.21865710788599405,1.0,0.17405863106250763,0.14953364158163265,0.0,1197,26233,0,0,5.26463917375255,0.9974469130839361,0.21865710788599405,0.003734299913048744
flickr,lambda050k_best,10624261424,58,0.618624210357666,0.500463604927063,0.11816060543060303,0.6827239990234375,0.42869032916286315,0.8981325233434582,0.35890597105026245,0.1771564094387755,0.006975446428571429,8539,13141,0,0,5.2674473510728586,0.9979789548264165,0.4207821641279713,0.003908425569534302
flickr,lambda050k_best,10635080206,59,0.5351526141166687,0.4276067912578583,0.10754582285881042,0.6637725830078125,0.3739634791813691,0.6199093368428749,0.31098878383636475,0.2725805165816326,0.09642059948979592,9348,15197,0,821,5.250275857682579,0.9947256163715102,0.3081970192657216,0.0043228017166256905
flickr,lambda050k_best,10654057765,60,0.5506867170333862,0.5308647751808167,0.01982194185256958,0.4321441650390625,0.24277636792662838,0.940983606557377,0.3164278268814087,0.11549346301020408,0.0036870216836734694,6511,18228,0,0,5.273846426292856,0.9991913337975339,0.24079307603991876,0.0026549319736659527
flickr,lambda050k_best,10659354545,61,0.5362567901611328,0.2629309892654419,0.2733258008956909,0.757843017578125,0.45966147045137273,0.9953397569116443,0.19868925213813782,0.3164660395408163,0.0014748086734693877,8810,14524,2905,74,5.257185054435219,0.9960346437797262,0.4586743281676244,0.0037395027466118336
flickr,lambda050k_best,10666396623,62,0.3573729395866394,0.27314993739128113,0.08422300219535828,0.6220855712890625,0.18439579515864596,1.0,0.1604769080877304,0.07621173469387756,0.0,3894,15209,0,0,5.257580044300104,0.9961094791878949,0.18439579515864596,0.005498526617884636
flickr,lambda050k_best,10667001125,63,0.4950959086418152,0.27234697341918945,0.22274893522262573,0.8582000732421875,0.391891135129081,0.9971501852379595,0.18083874881267548,0.06993383290816327,0.0,19336,6548,0,0,5.258340020753964,0.9962534655358481,0.391891135129081,0.005694517400115728
flickr,lambda050k_best,10701841844,64,0.3386440575122833,0.34610992670059204,-0.007465869188308716,0.499908447265625,0.11824743019610702,0.851890756302521,0.21667203307151794,0.03794642857142857,0.0034478635204081634,12725,14945,0,0,5.266165389325361,0.9977360723143333,0.11677465802735781,0.005907186772674322
flickr,lambda050k_best,10743985374,65,0.49690157175064087,0.46556738018989563,0.03133419156074524,0.566436767578125,0.23491804685488715,0.9940087145969498,0.30074894428253174,0.10977359693877552,0.0,3298,10944,0,0,5.275121438210919,0.9994328995838763,0.23491804685488715,0.002297517843544483
flickr,lambda050k_best,10751849775,66,0.3341198265552521,0.3724902868270874,-0.03837046027183533,0.6241302490234375,0.08017547690414277,0.3611409155937053,0.2589796483516693,0.11144770408163265,0.06423389668367346,11920,23784,0,0,5.253672995465411,0.9953692435001651,0.0710803723844218,0.005671841092407703
flickr,lambda050k_best,10761625676,67,0.8250429630279541,0.6416140794754028,0.18342888355255127,0.8787841796875,0.9652275185092755,0.4588705212370482,0.43680667877197266,0.5039461096938775,0.07643096301020408,4946,579,114,370,5.2734764284788245,0.9991212334230782,0.7317734611503531,0.0020163068547844887
flickr,lambda050k_best,10771238614,68,0.7921403646469116,0.6967693567276001,0.09537100791931152,0.704376220703125,0.9433257691092408,0.6388856464728999,0.455959677696228,0.5122169961734694,0.13358976403061223,1158,84,820,1425,5.274473445136069,0.9993101297850587,0.6810593334577656,0.0018616421148180962
flickr,lambda050k_best,10795023275,69,0.4837225079536438,0.381847620010376,0.10187488794326782,0.642791748046875,0.2446167097329888,0.9989949748743718,0.23536570370197296,0.059490593112244895,0.0,4610,5101,0,0,5.269728673316989,0.9984111777680194,0.2446167097329888,0.004142118617892265
flickr,lambda050k_best,10796050285,70,0.7206617593765259,0.6321542263031006,0.08850753307342529,0.7105255126953125,0.868608662322729,0.7522405895239992,0.4647086560726166,0.6004065688775511,0.0934311224489796,4033,3850,1127,462,5.274240188554665,0.9992659366220709,0.7363051530313861,0.0022820665035396814
flickr,lambda050k_best,10805310706,71,0.27808910608291626,0.17519940435886383,0.10288970172405243,0.6893463134765625,0.16136543179077792,0.9971736896197327,0.119484543800354,0.038783482142857144,0.0,21886,12071,0,0,5.255845676599741,0.995780883124274,0.16136543179077792,0.007886707782745361
flickr,lambda050k_best,10847897294,72,0.6565594673156738,0.5449488759040833,0.11161059141159058,0.676025390625,0.6120213713268032,0.7087759100752811,0.4890657663345337,0.38651945153061223,0.07099011479591837,5065,11109,22,984,5.275687451483101,0.9995401373588634,0.5282453308738759,0.002044583670794964
flickr,lambda050k_best,10859255295,73,0.5674350261688232,0.41518110036849976,0.1522539258003235,0.6775665283203125,0.45556553752928536,0.9883818696017733,0.2875356078147888,0.2607421875,0.001634247448979592,5154,14334,0,0,5.262986730492326,0.9971338385550729,0.45425324504241826,0.003688189899548888
flickr,lambda050k_best,10862172945,74,0.38147029280662537,0.2541375756263733,0.12733271718025208,0.6391143798828125,0.3006055058790396,0.9232349443183047,0.09871306270360947,0.1843311543367347,0.004185267857142857,1224,15985,324,12,5.197002425138907,0.9846323470920135,0.2983994967850154,0.007459825836122036
flickr,lambda050k_best,10939270325,75,0.27183103561401367,0.14253434538841248,0.1292966902256012,0.6877288818359375,0.10763606823720552,0.8929239985024335,0.13531744480133057,0.053232621173469385,0.005699936224489796,17559,17428,0,286,5.247846772239731,0.9942653979792098,0.10626448048476207,0.008064907044172287
flickr,lambda050k_best,10952523225,76,0.8392263054847717,0.6268487572669983,0.21237754821777344,0.9000091552734375,0.9898232109074303,0.73698270837381,0.48682084679603577,0.6154735331632653,0.12079480229591837,3701,386,844,2782,5.274239788212084,0.9992658607725285,0.7833382092274863,0.001999881584197283
flickr,lambda050k_best,10979853044,77,0.7891794443130493,0.6240808963775635,0.16509854793548584,0.8498687744140625,0.9545923920627389,0.7756360832690825,0.4010264277458191,0.43943319515306123,0.07870296556122448,4653,1388,0,0,5.274916750295427,0.9993941190857805,0.782181161243111,0.0016708015464246273
flickr,lambda050k_best,10980225216,78,0.8134636878967285,0.7015602588653564,0.11190342903137207,0.7841644287109375,0.9483366412892141,0.538124054462935,0.5139259099960327,0.5928132971938775,0.2389190051020408,3292,1059,0,1403,5.273953327916235,0.9992115875491632,0.5545008920374829,0.0020564873702824116
flickr,lambda050k_best,11002352834,79,0.20712873339653015,,,,0.047849202513291444,1.0,0.08328831940889359,0.023676658163265307,0.0,580,19857,0,0,5.265354769297096,0.9975824909542073,0.047849202513291444,0.006786453537642956
flickr,lambda050k_best,11036641226,80,0.82265704870224,0.6629735231399536,0.15968352556228638,0.859832763671875,0.9927587844254511,0.3752075014581184,0.4939216375350952,0.4442163584183674,0.24920280612244897,5945,122,0,1073,5.27351550343845,0.9991286366270911,0.39960818042813456,0.002284933114424348
flickr,lambda050k_best,11050409385,81,0.49299103021621704,0.27250590920448303,0.220485121011734,0.905853271484375,0.2547433903576983,1.0,0.19456838071346283,0.08161272321428571,0.0,12484,13012,0,0,5.267993749746902,0.9980824763884363,0.2547433903576983,0.00386232091113925
flickr,lambda050k_best,11071986404,82,0.5049110054969788,0.3406107723712921,0.16430023312568665,0.8195953369140625,0.3061744966442953,0.931781045751634,0.243309885263443,0.04878826530612245,0.00332828443877551,20617,5853,0,167,5.273158264980047,0.9990609536604511,0.2994617303400289,0.0033016433008015156
flickr,lambda050k_best,11101358996,83,0.5031646490097046,0.3491300344467163,0.15403461456298828,0.7369842529296875,0.3011681056373794,1.0,0.19586585462093353,0.13000239158163265,0.0,5408,14241,0,0,5.263434375945943,0.9972186501748498,0.3011681056373794,0.004157408140599728
flickr,lambda050k_best,11154049584,84,0.5794200301170349,0.41478174924850464,0.16463828086853027,0.8283843994140625,0.4770134716671519,0.9778103298611112,0.27971020340919495,0.1836734693877551,0.0012157206632653062,4479,11806,0,0,5.274430293703825,0.9993019542460586,0.475478169106978,0.0022132773883640766
flickr,lambda050k_best,11314266424,85,0.7784315347671509,0.6011521220207214,0.17727941274642944,0.860565185546875,0.9303720413936334,0.918174429288289,0.33633390069007874,0.5639748086734694,0.03844467474489796,1237,1939,164,278,5.2734789129795185,0.9991217041405323,0.8702605841371919,0.0018315352499485016
flickr,lambda050k_best,11650557765,86,0.34686028957366943,0.2615998089313507,0.08526048064231873,0.6639251708984375,0.12403949298364675,1.0,0.17946477234363556,0.05646125637755102,0.0,9643,20976,0,0,5.263087864568347,0.9971529995780045,0.12403949298364675,0.0055024209432303905
flickr,lambda050k_best,11764496003,87,0.31630805134773254,0.2582405209541321,0.058067530393600464,0.65826416015625,0.061072502058085884,1.0,0.18408828973770142,0.03178810586734694,0.0,9461,24085,0,0,5.267438042328737,0.9979771911769465,0.061072502058085884,0.0055897412821650505
flickr,lambda050k_best,11765015695,88,0.7242462635040283,0.5953453779220581,0.12890088558197021,0.7834014892578125,0.8466379356979281,0.8390878547430124,0.39482808113098145,0.5575972576530612,0.038364955357142856,5003,1569,738,5,5.274621271878681,0.9993381372748835,0.7916772050516803,0.0019709132611751556
flickr,lambda050k_best,11776645404,89,0.5083189010620117,0.7018459439277649,-0.19352704286575317,0.249908447265625,0.26186525058081644,0.600228223659186,0.47613680362701416,0.2619778380102041,0.09088010204081633,4360,14695,0,181,5.269094969588789,0.9982911152515502,0.22744306716633036,0.002967778593301773
flickr,lambda050k_best,12015590114,90,0.5548057556152344,0.42524710297584534,0.12955865263938904,0.7938385009765625,0.36975009130275993,1.0,0.35527142882347107,0.14124282525510204,0.0,4024,11052,0,0,5.270670391997049,0.998589597287272,0.36975009130275993,0.0036993464455008507
flickr,lambda050k_best,12031178616,91,0.4339969754219055,0.34327152371406555,0.09072545170783997,0.62255859375,0.2073514224016524,1.0,0.22281582653522491,0.08803013392857142,0.0,8544,20475,0,0,5.268604280783096,0.9981981485698139,0.2073514224016524,0.003821476362645626
flickr,lambda050k_best,12048726756,92,0.6658128499984741,0.5722428560256958,0.09356999397277832,0.861572265625,0.8529992562767676,0.8386958495133391,0.4280785620212555,0.3951889349489796,0.037607621173469385,10056,3718,0,15,5.273016119985517,0.9990340226436567,0.7777258166343208,0.0031038247980177402
flickr,lambda050k_best,12066557153,93,0.45084840059280396,0.33770036697387695,0.113148033618927,0.8251953125,0.1647693623741528,1.0,0.23855680227279663,0.049904336734693876,0.0,16111,13814,0,0,5.267346904271868,0.9979599240157055,0.1647693623741528,0.00490206852555275
flickr,lambda050k_best,12103535156,94,0.47150498628616333,0.40003716945648193,0.0714678168296814,0.6645050048828125,0.2766645529486367,0.8285225977971895,0.3208838105201721,0.10495057397959184,0.017418686224489797,12707,10253,0,292,5.274596411092162,0.9993334271107199,0.2621365056476809,0.0024436726234853268
flickr,lambda050k_best,12158276143,95,0.7367828488349915,0.6759476661682129,0.060835182666778564,0.622039794921875,0.8959893849248812,0.48685924272025305,0.48454269766807556,0.4284518494897959,0.19226323341836735,5849,854,108,330,5.273840838093006,0.9991902750483004,0.49072836814590803,0.002228537341579795
flickr,lambda050k_best,12328837165,96,0.37117183208465576,0.08598330616950989,0.2851885259151459,0.854400634765625,0.23231369328679943,0.9980596225083789,0.06989477574825287,0.11298230229591837,0.0,6496,18673,0,0,5.220428741872086,0.9890707343279198,0.23231369328679943,0.007887743413448334
flickr,lambda050k_best,12373955905,97,0.4683254361152649,0.2998334765434265,0.16849195957183838,0.81365966796875,0.22456379334521925,1.0,0.21543021500110626,0.11170679209183673,0.0,5338,17303,0,0,5.255279824470942,0.9956736758797688,0.22456379334521925,0.005560802295804024
flickr,lambda050k_best,12444360833,98,0.5471158027648926,0.25845152139663696,0.2886642813682556,0.814605712890625,0.42106923820229153,0.9386319676455073,0.24146410822868347,0.22668207908163265,0.01215720663265306,2312,7746,524,599,5.257054844702136,0.9960099740365528,0.41117679909106664,0.004308714531362057
flickr,lambda050k_best,12512072175,99,0.5433218479156494,0.3836019039154053,0.15971994400024414,0.7174835205078125,0.3620807665982204,0.9971724787935909,0.3167058229446411,0.19031010841836735,0.0,10576,18425,0,0,5.270614739085994,0.9985790531982085,0.3620807665982204,0.0029306067153811455
flickr,lambda050k_best,12534178685,100,0.5631998777389526,0.2078111171722412,0.3553887605667114,0.9023284912109375,0.5479295027940966,0.9969237186506075,0.13439522683620453,0.38223453443877553,0.0,4803,14712,0,0,5.237367153387277,0.9922799127199748,0.5479295027940966,0.0046356357634067535
flickr,lambda050k_best,12598610153,101,0.5019117593765259,0.38232970237731934,0.11958205699920654,0.7072601318359375,0.2249905147337802,0.8943550703820741,0.2178640514612198,0.1387515943877551,0.013970822704081632,2957,16479,0,0,5.264774541274967,0.9974725600300819,0.21943225670032246,0.00401727482676506
flickr,lambda050k_best,12599965145,102,0.489726722240448,0.25717777013778687,0.23254895210266113,0.9148406982421875,0.2453794409613375,0.9990029247540547,0.16068081557750702,0.14991230867346939,0.0,2339,23686,0,0,5.264272432868786,0.9973774297726703,0.2453794409613375,0.003872864879667759
flickr,lambda050k_best,12729873904,103,0.5591354370117188,0.3584836721420288,0.20065176486968994,0.888916015625,0.3599242833964305,0.9864478560084701,0.29294171929359436,0.1882374043367347,0.0,9507,19788,0,0,5.271250315606575,0.9986994705369014,0.3599242833964305,0.0030944242607802153
flickr,lambda050k_best,13153991894,104,0.45398324728012085,0.4108765125274658,0.04310673475265503,0.5888214111328125,0.12003140641868681,1.0,0.3079974949359894,0.024374202806122448,0.0,19523,11469,0,0,5.274726249730952,0.9993580265457782,0.12003140641868681,0.0034226705320179462
flickr,lambda050k_best,13234495505,105,0.6715844869613647,0.7567613124847412,-0.08517682552337646,0.4188690185546875,0.6075314617618587,0.5499684520471116,0.5771318078041077,0.5685586734693877,0.22341358418367346,1639,3759,1040,2666,5.273816096534514,0.9991855874732684,0.4236398001890104,0.0020891730673611164
flickr,lambda050k_best,13409856383,106,0.2961585521697998,0.16033557057380676,0.13582298159599304,0.912994384765625,0.14410836889961032,1.0,0.1057710126042366,0.07738759566326531,0.0,2353,24827,0,0,5.251450657714194,0.9949481958544247,0.14410836889961032,0.006406988017261028
flickr,lambda050k_best,13447842855,107,0.7119747400283813,0.6864087581634521,0.0255659818649292,0.6322479248046875,0.9515397611073239,0.6048684904665008,0.4824102818965912,0.5288982780612245,0.15662866709183673,1255,889,761,2930,5.274800775991711,0.9993721464097013,0.6491295468791071,0.0023831387516111135
flickr,lambda050k_best,13579448834,108,0.3757486939430237,0.21821439266204834,0.15753430128097534,0.74664306640625,0.20747250724704366,0.9747081712062257,0.1558896005153656,0.09219547193877552,0.0,10626,17613,147,0,5.264403664207437,0.9974022930708598,0.20747250724704366,0.004631864372640848
flickr,lambda050k_best,13660204414,109,0.7168260812759399,0.754863977432251,-0.038037896156311035,0.5010833740234375,0.7114116652578191,0.7434957374442334,0.4531197249889374,0.45119180484693877,0.10885682397959184,684,1724,329,2694,5.27614371944003,0.9996265826118347,0.5779822814367145,0.0013164798729121685
flickr,lambda050k_best,13721325644,110,0.7303416728973389,0.7823752164840698,-0.05203354358673096,0.3751373291015625,0.8716356107660456,0.7348521644101754,0.522680401802063,0.6565290178571429,0.13847257653061223,3098,1511,263,1149,5.2752194906693735,0.9994514767586414,0.6972105816448496,0.0020602047443389893
flickr,lambda050k_best,13861270725,111,0.348885178565979,0.29079416394233704,0.05809101462364197,0.6251983642578125,0.09558232931726908,1.0,0.20427276194095612,0.040318080357142856,0.0,9064,24131,0,0,5.2715999628854995,0.9987657152666011,0.09558232931726908,0.003971600905060768
flickr,lambda050k_best,14062380939,112,0.3655341863632202,0.3033207058906555,0.0622134804725647,0.5136566162109375,0.15769841562950104,1.0,0.24916672706604004,0.04255022321428571,0.0,9681,12152,0,0,5.270886712699129,0.9986305817516209,0.15769841562950104,0.0043580662459135056
flickr,lambda050k_best,14172932360,113,0.48620671033859253,0.46682053804397583,0.0193861722946167,0.5216217041015625,0.1431912035424648,0.9041784480050267,0.20407220721244812,0.06343670280612244,0.005998883928571429,6787,15525,0,0,5.270029830666584,0.9984682355185683,0.14107843137254902,0.0033757444471120834
flickr,lambda050k_best,14174434304,114,0.5776212215423584,0.3510310649871826,0.22659015655517578,0.8404388427734375,0.41605144081924267,1.0,0.21945443749427795,0.27853954081632654,0.0,5330,18723,44,0,5.256393263479625,0.9958846298056627,0.41605144081924267,0.004159579053521156
flickr,lambda050k_best,14203929291,115,0.6383758783340454,0.3921582102775574,0.24621766805648804,0.8253326416015625,0.5497862784879942,0.9913688996234993,0.31451737880706787,0.28055245535714285,0.0,12503,13695,0,0,5.260531267648436,0.9966686226584088,0.5497862784879942,0.003960536327213049
flickr,lambda050k_best,14414061986,116,0.6814684867858887,0.5793555974960327,0.10211288928985596,0.7658843994140625,0.7900200100050025,0.7562009193641065,0.3042963445186615,0.41621492346938777,0.053431919642857144,3686,2623,0,0,5.2743863290050506,0.9992936246242877,0.6965947686471704,0.0017679985612630844
flickr,lambda050k_best,14566072101,117,0.4741800129413605,0.2557860016822815,0.21839401125907898,0.6992034912109375,0.3271241273625064,0.9395539906103286,0.19672781229019165,0.2037627551020408,0.0,4227,14428,316,0,5.2546067940799075,0.9955461624711964,0.3271241273625064,0.004427649080753326
flickr,lambda050k_best,14648401332,118,0.42337319254875183,0.24203839898109436,0.18133479356765747,0.831207275390625,0.24581005586592178,1.0,0.16001580655574799,0.13153698979591838,0.0,3994,19300,0,0,5.252550856791981,0.9951566413219483,0.24581005586592178,0.005481600295752287
flickr,lambda050k_best,14652810592,119,0.4984348714351654,0.19463622570037842,0.303798645734787,0.8730621337890625,0.4530609878642653,0.9828540286744362,0.11724008619785309,0.2377032844387755,0.0009765625,4695,17292,210,19,5.225055744183408,0.9899473735466663,0.45220460594838563,0.00586438924074173
flickr,lambda050k_best,14678892718,120,0.8113058805465698,0.6854537129402161,0.12585216760635376,0.79754638671875,0.9860182370820668,0.4306956983536909,0.531657338142395,0.525390625,0.25924744897959184,5435,260,0,3471,5.275472793124445,0.9994994678447442,0.46299392407128004,0.0019053597934544086
flickr,lambda050k_best,14680986811,121,0.43066540360450745,0.31793779134750366,0.11272761225700378,0.5902862548828125,0.2517916615808471,1.0,0.21775054931640625,0.1438934948979592,0.0,7336,21448,0,0,5.26280400041188,0.9970992182233365,0.2517916615808471,0.004288576543331146
flickr,lambda050k_best,14742398172,122,0.4841887950897217,0.3169308304786682,0.16725796461105347,0.8437957763671875,0.21587064211608561,1.0,0.24482502043247223,0.11507493622448979,0.0,7752,24096,0,0,5.267653584537883,0.9980180281467855,0.21587064211608561,0.004216060042381287
flickr,lambda050k_best,14778198185,123,0.3210958242416382,0.23324839770793915,0.08784742653369904,0.820068359375,0.04897314375987362,1.0,0.13215726613998413,0.019770408163265307,0.0,7990,17945,0,0,5.270159905746466,0.9984928797501321,0.04897314375987362,0.004845933057367802
flickr,lambda050k_best,14899015793,124,0.43969228863716125,0.20733964443206787,0.23235264420509338,0.9752044677734375,0.2176225789292531,1.0,0.1676611304283142,0.1386120854591837,0.0,8242,25297,0,0,5.266862683329133,0.9978681827455745,0.2176225789292531,0.003598902840167284
flickr,lambda050k_best,15135657108,125,0.5129166841506958,0.4519558846950531,0.0609607994556427,0.5902864583333334,0.2385284749843795,1.0,0.27211278676986694,0.15597098214285715,0.0,278,23802,0,0,5.271971615354622,0.9988361291346425,0.2385284749843795,0.0031398104038089514
flickr,lambda050k_best,15210828119,126,0.42815500497817993,0.35412585735321045,0.07402914762496948,0.6099395751953125,0.187877961169463,0.9498850574712644,0.2569408118724823,0.08669483418367346,0.00253109056122449,11423,16731,0,0,5.2682561616588846,0.9981321933667372,0.1867992766726944,0.004220785107463598
flickr,lambda050k_best,15679023977,127,0.44102007150650024,0.288840651512146,0.15217941999435425,0.836944580078125,0.19028627138172471,0.7236265588136165,0.1883361041545868,0.05913185586734694,0.012057557397959183,13860,9934,0,0,5.255376259047101,0.9956919465279804,0.18060228802153433,0.0066464561969041824
flickr,lambda050k_best,15799251138,128,0.62602698802948,0.3275986313819885,0.29842835664749146,0.81256103515625,0.6025460353250658,0.9662766171153073,0.24158506095409393,0.39684311224489793,0.0,8561,13248,2387,0,5.255282015322225,0.9956740909619382,0.6025460353250658,0.003917108289897442
flickr,lambda050k_best,15994498891,129,0.4612572193145752,0.3224610686302185,0.1387961506843567,0.782958984375,0.08078504543726893,1.0,0.2828504741191864,0.046595982142857144,0.0,4804,22071,0,0,5.274540032015082,0.999322745441086,0.08078504543726893,0.0029599517583847046
flickr,lambda050k_best,16012165838,130,0.32940012216567993,0.21509435772895813,0.1143057644367218,0.9059295654296875,0.07356054506962459,1.0,0.16849461197853088,0.04916693239795918,0.0,7114,31932,0,0,5.265155951161204,0.9975448225538924,0.07356054506962459,0.005959630012512207
flickr,lambda050k_best,16101081359,131,0.33433443307876587,0.17194369435310364,0.16239073872566223,0.8608551025390625,0.148614039061275,1.0,0.13332560658454895,0.08500079719387756,0.0,2997,25411,0,0,5.251470179296161,0.9949518944444,0.148614039061275,0.0062699285335838795
flickr,lambda050k_best,16369370669,132,0.6269530653953552,0.5684850215911865,0.0584680438041687,0.7171478271484375,0.6470350131552317,0.7677713736791547,0.3982279896736145,0.37344547193877553,0.03411989795918367,7439,8194,0,0,5.272976478827651,0.9990265121668246,0.6007767314638882,0.003037709277123213
flickr,lambda050k_best,16419739420,133,0.51895672082901,0.36219096183776855,0.15676575899124146,0.6515655517578125,0.4087454862296319,0.9819594302977989,0.33104318380355835,0.23088727678571427,0.0,5377,14440,0,0,5.264118165803248,0.9973482020890184,0.4087454862296319,0.0037846164777874947
flickr,lambda050k_best,16563757295,134,0.5729543566703796,0.48069295287132263,0.092261403799057,0.609161376953125,0.3962765957446808,0.8572602739726027,0.37159594893455505,0.21823182397959184,0.0065170599489795915,7778,14802,0,0,5.267170249013114,0.9979264546293509,0.39088069956277327,0.0035637870896607637
flickr,lambda050k_best,16659090834,135,0.6637518405914307,0.4607674479484558,0.20298439264297485,0.7649688720703125,0.47692139618725077,0.9770590868397493,0.38256707787513733,0.2671396683673469,0.00253109056122449,6764,14899,0,0,5.26778422122157,0.9980427787806995,0.47472587222473944,0.0034036310389637947
flickr,lambda050k_best,16804898716,136,0.42082053422927856,0.22314396500587463,0.19767656922340393,0.6593017578125,0.2738725672074746,0.9545614860098753,0.1643831580877304,0.1695232780612245,0.0040058992346938774,5688,20413,0,0,5.225915998562371,0.9901103587098361,0.27202827660144735,0.006725134793668985
flickr,lambda050k_best,16950760048,137,0.544308066368103,0.27109915018081665,0.2732089161872864,0.7454376220703125,0.3920501908480674,1.0,0.21485641598701477,0.17809311224489796,0.0,11162,12489,0,0,5.243428921517991,0.9934283849533532,0.3920501908480674,0.005615149158984423
flickr,lambda050k_best,17140316339,138,0.460652232170105,0.3086054027080536,0.1520468294620514,0.86285400390625,0.1892686340837513,0.9947278077488965,0.21546347439289093,0.08127391581632654,0.0,11901,20087,0,0,5.258852551379659,0.996350570403549,0.1892686340837513,0.005720415152609348
flickr,lambda050k_best,17537079145,139,0.5934858322143555,0.45501619577407837,0.1384696364402771,0.67681884765625,0.49115512016350693,1.0,0.30623215436935425,0.2777822066326531,0.0,5167,17190,0,0,5.267709702922824,0.998028660425272,0.49115512016350693,0.003259343560785055
flickr,lambda050k_best,19306860381,140,0.32540372014045715,0.12531678378582,0.20008693635463715,0.73370361328125,0.20485167149642997,1.0,0.09249447286128998,0.1366589604591837,0.0,2475,20391,0,0,5.2405310731661565,0.9928793539945873,0.20485167149642997,0.0057072145864367485
flickr,lambda050k_best,20854461578,141,0.5951781868934631,0.2936650812625885,0.30151310563087463,0.904327392578125,0.4524994899000204,0.8815088639796487,0.20001690089702606,0.25069754464285715,0.0011160714285714285,4273,16444,0,0,5.257358029236418,0.9960674158607374,0.45146777411343186,0.003824124811217189
flickr,lambda050k_best,2401957951,142,0.543756365776062,0.4245900511741638,0.1191663146018982,0.6275482177734375,0.37106017191977075,0.9930417495029821,0.36141377687454224,0.07017299107142858,0.0,31256,7201,0,0,5.2734834450607675,0.9991225627958555,0.37106017191977075,0.003439944004639983
flickr,lambda050k_best,2404965389,143,0.3901638090610504,0.48396068811416626,-0.09379687905311584,0.4585723876953125,0.14278598153600922,0.9321433733198439,0.4019257724285126,0.13789461096938777,0.0021125637755102043,286,31781,0,0,5.2637169232086745,0.9972721820287357,0.14245168415240198,0.0045088850893080235
flickr,lambda050k_best,2432219254,144,0.6285979747772217,0.6271769404411316,0.0014210343360900879,0.5595703125,0.7678814456373809,0.6904280941651776,0.4995371997356415,0.5130341198979592,0.13506457270408162,7673,2820,1229,1003,5.275197651268939,0.999447339031092,0.5939677500208873,0.002387884771451354
flickr,lambda050k_best,2462141223,145,0.5497828722000122,0.37301626801490784,0.17676660418510437,0.70440673828125,0.4769865577675685,0.9972429740305941,0.26556357741355896,0.22409119897959184,0.0,3673,8540,507,0,5.262727358080333,0.9970846974452755,0.4769865577675685,0.0036061296705156565
flickr,lambda050k_best,2465634368,146,0.7174273729324341,0.6987888813018799,0.0186384916305542,0.608001708984375,0.8297120315581854,0.7658238909440448,0.4905218183994293,0.684211575255102,0.06401466836734694,289,4266,86,1071,5.275514372871148,0.9995073456097016,0.7533489018467313,0.0019090073183178902
flickr,lambda050k_best,2499673064,147,0.37462884187698364,0.3042917847633362,0.07033705711364746,0.7271041870117188,0.0428542551041035,0.7689119170984456,0.2526067793369293,0.019232302295918366,0.0,18541,19483,0,0,5.271721285297872,0.9987887012038543,0.0428542551041035,0.004962783772498369
flickr,lambda050k_best,2509250774,148,0.3874177932739258,0.2597696781158447,0.12764811515808105,0.665557861328125,0.21990060385828034,1.0,0.1692045032978058,0.08201132015306123,0.0,10493,16879,0,0,5.248521367299322,0.9943932078323761,0.21990060385828034,0.006662663538008928
flickr,lambda050k_best,2542659118,149,0.5924661755561829,0.6061274409294128,-0.01366126537322998,0.4369049072265625,0.5540313187524265,0.5612708679311249,0.4680749475955963,0.22801737882653061,0.09064094387755102,13970,3487,491,0,5.271757730746753,0.9987956062165784,0.3978994330328097,0.0034854921977967024
flickr,lambda050k_best,2630218696,150,0.4507526457309723,0.25616422295570374,0.19458842277526855,0.9208984375,0.09976599177337539,1.0,0.2233845591545105,0.06839923469387756,0.0,2518,24954,0,0,5.273207758559881,0.999070330792823,0.09976599177337539,0.003309173509478569
flickr,lambda050k_best,2695985181,151,0.659812331199646,0.6196402311325073,0.04017210006713867,0.6255035400390625,0.7096908851829433,0.7923288437339796,0.4265405833721161,0.42763472576530615,0.07029257015306123,8454,6256,0,0,5.276002307285951,0.9995997904401581,0.618611843900664,0.001618882641196251
flickr,lambda050k_best,2698329253,152,0.3710743188858032,0.27394723892211914,0.09712707996368408,0.7447662353515625,0.06324149749538624,1.0,0.23114603757858276,0.0382453762755102,0.0,8835,28951,0,0,5.272357560518536,0.9989092509193765,0.06324149749538624,0.00423767464235425
flickr,lambda050k_best,2766580444,153,0.856781005859375,0.8120945692062378,0.04468643665313721,0.6106414794921875,1.0,0.20221816553576963,0.5909024477005005,0.5786232461734694,0.4522281568877551,3719,0,0,5975,5.274767874150879,0.9993659127745956,0.20555283243470346,0.0020582834258675575
flickr,lambda050k_best,2778088729,154,0.47125694155693054,0.2621877193450928,0.20906922221183777,0.8344268798828125,0.22424242424242424,1.0,0.20356038212776184,0.07079081632653061,0.0,9407,12540,0,0,5.266323775929161,0.9977660804922577,0.22424242424242424,0.004465180449187756
flickr,lambda050k_best,2808068937,155,0.7136951088905334,0.6534954309463501,0.06019967794418335,0.6496124267578125,0.81854988729127,0.650446940975966,0.49634885787963867,0.5730030293367347,0.17494419642857142,5820,1467,58,332,5.2762597778688765,0.9996485712263949,0.591345317712533,0.0014258339069783688
flickr,lambda050k_best,2811549163,156,0.7525442242622375,0.8045909404754639,-0.05204671621322632,0.4121856689453125,0.85725,0.6423272890753784,0.6995952129364014,0.7979512117346939,0.23824139030612246,0,3588,2447,0,5.277065056750121,0.9998011406443095,0.6129928016398913,0.0013379002921283245
flickr,lambda050k_best,2819123278,157,0.5188287496566772,0.28165289759635925,0.237175852060318,0.943328857421875,0.22511769898484627,0.9805350849086831,0.22084930539131165,0.12440210459183673,0.0,4494,22410,0,0,5.252991877155781,0.9952401977416688,0.22511769898484627,0.005583704449236393
flickr,lambda050k_best,2858344348,158,0.3702622056007385,,,,0.23883053221288517,0.9905605576532094,0.15540096163749695,0.13723692602040816,0.0,0,23611,383,0,5.260245223367198,0.9966144282538334,0.23883053221288517,0.004577580839395523
flickr,lambda050k_best,2895192729,159,0.3242344260215759,0.13245931267738342,0.1917751133441925,0.8930511474609375,0.16954970720872317,1.0,0.09003835171461105,0.10040656887755102,0.0,4296,26301,0,0,5.233451465726985,0.9915380403066039,0.16954970720872317,0.007339623756706715
flickr,lambda050k_best,2897081671,160,0.4825602173805237,0.36203670501708984,0.12052351236343384,0.88690185546875,0.044669791222837665,0.92353770260747,0.2335578352212906,0.028280452806122448,0.0,2141,27023,0,0,5.272841959343209,0.9990010258913026,0.044669791222837665,0.003368798177689314
flickr,lambda050k_best,2897653916,161,0.7192292213439941,0.5957952737808228,0.12343394756317139,0.77117919921875,0.9029734827471431,0.539044906610147,0.4087258279323578,0.3009008290816326,0.12250876913265306,13276,1249,0,0,5.271405317171817,0.9987288373800357,0.5368403693931398,0.0027508013881742954
flickr,lambda050k_best,2907554899,162,0.6255556344985962,0.5967945456504822,0.028761088848114014,0.568572998046875,0.6267612605180664,0.8009276829011175,0.41277217864990234,0.47263632015306123,0.07872289540816327,8220,11654,95,0,5.271258886604704,0.9987010944118421,0.5544883958546197,0.0028947030659765005
flickr,lambda050k_best,2935372113,163,0.48585444688796997,0.37884271144866943,0.10701173543930054,0.8201904296875,0.13852230035642038,0.6906820365033621,0.2691531777381897,0.06224091198979592,0.019252232142857144,14220,14188,0,565,5.266210090168904,0.997744541407263,0.13043083900226757,0.00479555781930685
flickr,lambda050k_best,2961466546,164,0.3713010549545288,0.3658795654773712,0.005421489477157593,0.3921051025390625,0.08922205611775529,0.9695407685098407,0.35714641213417053,0.0637954400510204,0.0,12794,22736,1498,0,5.272247858718337,0.9988884666417922,0.08922205611775529,0.003602586453780532
flickr,lambda050k_best,3012435981,165,0.3323192000389099,0.515720009803772,-0.18340080976486206,0.326416015625,0.07193419630846583,0.25468457214241097,0.3167616128921509,0.12763073979591838,0.08916613520408163,9435,14873,152,64,5.252550894675866,0.9951566484994895,0.06007919697946404,0.005436512641608715
flickr,lambda050k_best,3052033339,166,0.7668185234069824,0.8133216500282288,-0.04650312662124634,0.41009521484375,0.8493960084033614,0.3725309530665131,0.591442346572876,0.6921635841836735,0.36288265306122447,5180,2294,0,0,5.274211364277788,0.9992604755287188,0.3869019138755981,0.002204522956162691
flickr,lambda050k_best,3102685146,167,0.2937108278274536,0.2308763861656189,0.06283444166183472,0.7331390380859375,0.07590238470817481,1.0,0.16342228651046753,0.024453922193877552,0.0,14155,19203,0,0,5.269330302689031,0.9983357018351007,0.07590238470817481,0.005888686515390873
flickr,lambda050k_best,3109408703,168,0.3342783749103546,0.2565554976463318,0.07772287726402283,0.6985321044921875,0.11194566110046537,0.99076317383404,0.16501180827617645,0.06580835459183673,0.0,3422,23719,0,0,5.2651853074452895,0.9975503844421765,0.11194566110046537,0.004811557941138744
flickr,lambda050k_best,3202731977,169,0.6392005681991577,0.4668194055557251,0.17238116264343262,0.9120330810546875,0.6788655548692608,0.965378421900161,0.3691346049308777,0.272281568877551,0.00031887755102040814,4164,5967,0,0,5.272618039836111,0.9989586017452665,0.678306932729891,0.0029146778397262096
flickr,lambda050k_best,3207674548,170,0.6112124919891357,0.5847301483154297,0.026482343673706055,0.56640625,0.5654430030361579,0.7177995795374913,0.4378283619880676,0.28439891581632654,0.06096540178571429,6428,7269,0,0,5.273980437913487,0.9992167238523703,0.48375366014923965,0.003062540665268898
flickr,lambda050k_best,3230152596,171,0.6792215704917908,0.6186761856079102,0.060545384883880615,0.6797027587890625,0.717937756497948,0.8902357140332897,0.41726264357566833,0.5639548788265306,0.051678093112244895,4743,6105,1186,0,5.274223958343459,0.9992628616204361,0.668533213025132,0.0024636490270495415
flickr,lambda050k_best,3403348616,172,0.4310758113861084,0.24907931685447693,0.18199649453163147,0.7571258544921875,0.21797466456787348,1.0,0.19487766921520233,0.08693399234693877,0.0,6243,15607,0,0,5.261500214451928,0.9968522008612426,0.21797466456787348,0.005425760988146067
flickr,lambda050k_best,3413119417,173,0.4576776921749115,0.22036747634410858,0.23731021583080292,0.8498992919921875,0.31973502159238604,1.0,0.1735878884792328,0.15198501275510204,0.0,10433,16205,0,0,5.244908282051483,0.993708666953462,0.31973502159238604,0.005937901325523853
flickr,lambda050k_best,3416359816,174,0.6207055449485779,0.4167654514312744,0.20394009351730347,0.8832244873046875,0.37501568184669426,0.7991578665953749,0.3346996009349823,0.14909518494897958,0.027403539540816327,21567,10654,0,0,5.268067906024601,0.9980965261547804,0.3452387826990818,0.003807776141911745
flickr,lambda050k_best,3484198977,175,0.5866909027099609,0.47931045293807983,0.1073804497718811,0.74224853515625,0.5672370501255464,0.9797606617942334,0.2878434956073761,0.24814652423469388,0.0016741071428571428,12888,9402,0,0,5.270479511089235,0.9985534326868156,0.5650301065308013,0.00300628412514925
flickr,lambda050k_best,3535748358,176,0.4482831656932831,0.3315977156162262,0.11668545007705688,0.6953887939453125,0.22978094444023345,1.0,0.2247144728899002,0.12083466198979592,0.0,7648,17936,0,0,5.263336511890027,0.9972001086951293,0.22978094444023345,0.004313983488827944
flickr,lambda050k_best,3568893693,177,0.475485622882843,0.47154271602630615,0.003942906856536865,0.623443603515625,0.06775293371392324,0.5773648648648648,0.348712682723999,0.05899234693877551,0.024932238520408163,4315,21425,200,124,5.271811384697518,0.9988057715794454,0.06455146364494807,0.004235650412738323
flickr,lambda050k_best,3668283413,178,0.335549920797348,0.2874775528907776,0.048072367906570435,0.5782928466796875,0.05041991143686059,1.0,0.18710990250110626,0.032904177295918366,0.0,4691,26066,0,0,5.272189459877334,0.9988774023044723,0.05041991143686059,0.0041875396855175495
flickr,lambda050k_best,3709678770,179,0.376098096370697,0.1962231993675232,0.17987489700317383,0.7015380859375,0.20100931677018632,1.0,0.1162966638803482,0.15479512117346939,0.0,3391,24964,110,0,5.237969516054967,0.9923940373092611,0.20100931677018632,0.006154274567961693
flickr,lambda050k_best,3719297546,180,0.6816613674163818,0.6460652351379395,0.03559613227844238,0.6195831298828125,0.8184010611358977,0.7897676583530507,0.44820162653923035,0.5138113839285714,0.08988360969387756,2676,554,822,1075,5.27392880917567,0.9992069421895702,0.6928102351219844,0.00229605077765882
flickr,lambda050k_best,3727937033,181,0.2561269998550415,0.15623989701271057,0.09988710284233093,0.787689208984375,0.10209866719713546,1.0,0.12008502334356308,0.040915975765306124,0.0,9313,17522,0,0,5.253634494029097,0.9953619489567911,0.10209866719713546,0.008291542530059814
flickr,lambda050k_best,3749326537,182,0.7222643494606018,0.837141752243042,-0.11487740278244019,0.2681884765625,0.7727177383643694,0.5253692083412562,0.5846251249313354,0.6288663903061225,0.2870296556122449,4160,5239,0,47,5.27320604776301,0.9990700066625262,0.46234190012689824,0.002518654800951481
flickr,lambda050k_best,3790233127,183,0.6617860198020935,0.4543018639087677,0.2074841558933258,0.87286376953125,0.7593949996678255,0.9556880887352991,0.2759830951690674,0.35756138392857145,0.006915656887755102,5215,6459,0,0,5.270402283334747,0.9985388009935929,0.7479008091426578,0.0026406573597341776
flickr,lambda050k_best,3801318146,184,0.5806459784507751,0.5004761815071106,0.08016979694366455,0.741058349609375,0.41196817710134903,0.9083282489322758,0.4249292314052582,0.26132015306122447,0.022520727040816327,10336,13042,29,546,5.274459408019069,0.9993074702905411,0.39647137150466044,0.002911290619522333
flickr,lambda050k_best,3828103578,185,0.3792314827442169,0.2696533501148224,0.10957813262939453,0.7277984619140625,0.19146814798988712,0.8262138905961893,0.1760651171207428,0.06485172193877552,0.006138392857142857,14294,15030,0,0,5.263063830553633,0.9971484460553424,0.1873584445451061,0.005447806790471077
flickr,lambda050k_best,3896768873,186,0.5450806021690369,0.49282771348953247,0.052252888679504395,0.6437225341796875,0.2236027366668697,1.0,0.35530784726142883,0.10975366709183673,0.0,3164,18821,0,0,5.273209493560756,0.999070659508849,0.2236027366668697,0.0033724706154316664
flickr,lambda050k_best,3908875350,187,0.6263204216957092,0.5494477152824402,0.07687270641326904,0.64111328125,0.6136859925902299,0.7521953566702755,0.42590299248695374,0.3313536352040816,0.0752750318877551,10176,4793,0,0,5.2723095149255,0.9989001481248869,0.5177288816211629,0.0028937580063939095
flickr,lambda050k_best,3956341886,188,0.6776529550552368,0.5565576553344727,0.12109529972076416,0.7804412841796875,0.7953035241576777,0.8454058192955589,0.43016767501831055,0.5205676020408163,0.07262436224489796,6607,2641,3581,610,5.275784185666768,0.99955846477119,0.7030357057578122,0.0017005503177642822
flickr,lambda050k_best,4007045926,189,0.8106542229652405,0.6901091933250427,0.12054502964019775,0.7614898681640625,0.9529579198399877,0.48458709854085985,0.5146111249923706,0.5094666772959183,0.23553093112244897,4623,1043,0,1633,5.2758867770608635,0.9995779018999223,0.4991538058588871,0.0015371227636933327
flickr,lambda050k_best,4041216001,190,0.44998887181282043,0.29477590322494507,0.15521296858787537,0.7739410400390625,0.21397142142363104,0.9873692788265652,0.20976680517196655,0.14674346301020408,1.992984693877551e-05,7193,26486,3324,1,5.268236797144349,0.9981285245350073,0.2139651239791038,0.0033505575265735388
flickr,lambda050k_best,4180455681,191,0.36708760261535645,0.36036592721939087,0.006721675395965576,0.597076416015625,0.04003544385371355,0.150651712640194,0.28516456484794617,0.0657485650510204,0.05584343112244898,14785,14161,0,859,5.266391257027015,0.9977788655684091,0.03266298633017876,0.004490705206990242
flickr,lambda050k_best,4303617148,192,0.7640973925590515,0.5385655164718628,0.22553187608718872,0.8522186279296875,0.8931958614743498,0.8915304073436604,0.3958169221878052,0.5558035714285714,0.03316326530612245,2580,3064,3,64,5.272774892142781,0.998988319232816,0.842813559322034,0.002199020469561219
flickr,lambda050k_best,4351373013,193,0.699387788772583,0.7220381498336792,-0.02265036106109619,0.53515625,0.7803311368292818,0.6547718613511755,0.5463212728500366,0.6433952487244898,0.2155811543367347,796,3546,663,4128,5.275601246331206,0.9995238047936463,0.5576499452586037,0.001720817293971777
flickr,lambda050k_best,4407899725,194,0.645749568939209,0.6163431406021118,0.029406428337097168,0.5629730224609375,0.6525070770832655,0.8710202840637623,0.3298832178115845,0.45884486607142855,0.028360172193877552,2467,3150,72,4,5.2713915047033275,0.9987262204477821,0.6236316706057967,0.002667153486981988
flickr,lambda050k_best,4479260803,195,0.5385249853134155,0.5028607845306396,0.03566420078277588,0.5872802734375,0.3383723268753771,0.7587943475646423,0.3144969046115875,0.1325733418367347,0.030113998724489797,5113,11684,410,398,5.266002045502635,0.9977051249338248,0.3072498173849525,0.004229595884680748
flickr,lambda050k_best,4543136011,196,0.2550387382507324,0.19034594297409058,0.06469279527664185,0.6806488037109375,0.06339493710203448,0.81120826709062,0.11463872343301773,0.02507174744897959,0.0,9172,20724,0,0,5.259284271673222,0.9964323648171675,0.06339493710203448,0.00813324935734272
flickr,lambda050k_best,4576746825,197,0.4808606505393982,0.4269063472747803,0.05395430326461792,0.6882171630859375,0.1606545566819328,1.0,0.29766252636909485,0.031110491071428572,0.0,20994,9496,0,0,5.270583276609014,0.9985730922672679,0.1606545566819328,0.004753610119223595
flickr,lambda050k_best,4646464908,198,0.22866737842559814,0.1775987446308136,0.051068633794784546,0.5509765625,0.06768470297466679,1.0,0.12848453223705292,0.038205516581632654,0.0,227,27968,0,0,5.264029025120534,0.9973313133534624,0.06768470297466679,0.006068093236535788
flickr,lambda050k_best,4657718822,199,0.360568642616272,0.22680510580539703,0.13376353681087494,0.7969207763671875,0.11377808148970701,1.0,0.17271734774112701,0.05309311224489796,0.0,6648,22566,0,0,5.2650791539508255,0.9975302724322416,0.11377808148970701,0.005452821962535381
flickr,lambda050k_best,4717096777,200,0.4841327369213104,0.377964586019516,0.10616815090179443,0.6634521484375,0.23740115025161754,0.9781546208530806,0.3576415479183197,0.13456632653061223,0.0,17064,18149,4630,0,5.272909853190324,0.9990138891675855,0.23740115025161754,0.0028893554117530584
flickr,lambda050k_best,4755507106,201,0.2854309678077698,0.2232130616903305,0.06221790611743927,0.575469970703125,0.09894623074844637,1.0,0.14488567411899567,0.03649154974489796,0.0,7228,17187,0,0,5.266559641738275,0.9978107680036783,0.09894623074844637,0.005626799538731575
flickr,lambda050k_best,4758950312,202,0.8153021335601807,0.7010809779167175,0.11422115564346313,0.736907958984375,0.9698243974613557,0.4756521407019822,0.5145456194877625,0.5218231823979592,0.20673230229591838,3226,367,882,1789,5.2750810336270355,0.9994252444671364,0.5364750479226346,0.0018601343035697937
flickr,lambda050k_best,4767923306,203,0.4966740012168884,0.3525448441505432,0.14412915706634521,0.7453765869140625,0.3845549177008647,0.9708924705316334,0.27255943417549133,0.16569674744897958,0.0,7105,18922,0,0,5.2743033520567035,0.9992779036796504,0.3845549177008647,0.0023150937631726265
flickr,lambda050k_best,4876943924,204,0.3454325795173645,0.14331567287445068,0.20211690664291382,0.7854156494140625,0.1892156862745098,1.0,0.12702780961990356,0.02307876275510204,0.0,31582,5056,0,0,5.266122901806522,0.9977280225614229,0.1892156862745098,0.007100263144820929
flickr,lambda050k_best,4938432980,205,0.6222882270812988,0.5068060159683228,0.11548221111297607,0.9285430908203125,0.6867892195045957,0.9948472995336242,0.36607983708381653,0.2649473852040816,0.0004185267857142857,14769,6657,0,0,5.272818217621252,0.9989965277468911,0.6860410830999066,0.0031159045174717903
flickr,lambda050k_best,4957886467,206,0.25230199098587036,0.38604965806007385,-0.1337476670742035,0.5186767578125,0.05154172107773899,0.3081580624601657,0.19547078013420105,0.06253985969387756,0.04027822066326531,6238,20784,0,0,5.253264234476873,0.9952917989930014,0.046529532058222065,0.006866219453513622
flickr,lambda050k_best,4965189170,207,0.4659709632396698,0.4147665798664093,0.0512043833732605,0.6895904541015625,0.08583859465471556,1.0,0.28091731667518616,0.02614795918367347,0.0,18390,14840,0,0,5.271821642889755,0.9988077151128658,0.08583859465471556,0.004023987799882889
flickr,lambda050k_best,5006362787,208,0.6655550003051758,,,,0.7076066344381827,0.9992268235649091,0.31942179799079895,0.5284199617346939,0.00031887755102040814,500,6282,568,16,5.274768406941073,0.9993660137178733,0.7073043756841177,0.0019184863194823265
flickr,lambda050k_best,5130986168,209,0.38557949662208557,0.09994014352560043,0.28563934564590454,0.8104400634765625,0.3234416705919297,0.9982232272653853,0.08661237359046936,0.12338568239795919,0.0,10871,13696,0,0,5.226870922514941,0.9902912801210259,0.3234416705919297,0.007063677534461021
flickr,lambda050k_best,5179649119,210,0.3327477276325226,0.35631346702575684,-0.023565739393234253,0.51312255859375,0.003904833031046623,0.10385925085130533,0.24996735155582428,0.017558195153061226,0.014329559948979591,10516,20838,0,0,5.271624977773093,0.9987704546269993,0.0037885845599652194,0.0043552471324801445
flickr,lambda050k_best,5194793239,211,0.4317358136177063,0.2520354986190796,0.1797003149986267,0.8997955322265625,0.2190459174557799,1.0,0.21580639481544495,0.06108498086734694,0.0,21080,12620,0,0,5.268043578482379,0.9980919170199296,0.2190459174557799,0.004594745580106974
flickr,lambda050k_best,5220919991,212,0.7046509981155396,0.6650389432907104,0.0396120548248291,0.63690185546875,0.7834535256410257,0.8358028209146602,0.42776164412498474,0.5595503826530612,0.06973453443877552,3859,3631,132,0,5.27466818835399,0.9993470261449324,0.7015036919673552,0.0019114846363663673
flickr,lambda050k_best,5237296528,213,0.43832695484161377,0.5827771425247192,-0.14445018768310547,0.2119140625,0.03598794662074903,0.23951409580563832,0.4480758309364319,0.08695392219387756,0.06596779336734694,13145,17591,0,0,5.2709730950489675,0.9986469478890422,0.032305433186490456,0.0038603944703936577
flickr,lambda050k_best,5303633386,214,0.7149613499641418,0.5728174448013306,0.14214390516281128,0.8952789306640625,0.9044890664423886,0.8203966816057977,0.42037713527679443,0.41800860969387754,0.046954719387755105,13878,2326,0,0,5.274261655250393,0.9992700037363936,0.8048175865294668,0.002413602778688073
flickr,lambda050k_best,5344317532,215,0.7710322141647339,0.6162362098693848,0.15479600429534912,0.8561859130859375,0.9456622325043378,0.649731770315915,0.46225523948669434,0.5015345982142857,0.14680325255102042,4905,1116,0,505,5.274567039441267,0.9993278623110157,0.663144873458793,0.0020113890059292316
flickr,lambda050k_best,5480070309,216,0.43529385328292847,0.299299955368042,0.13599389791488647,0.8321533203125,0.13487804094225023,0.9096228868660599,0.2254524528980255,0.045978156887755105,0.0011957908163265306,21641,13932,0,0,5.263637507324949,0.9972571357690668,0.13435989371578577,0.0059866877272725105
flickr,lambda050k_best,5490101320,217,0.5920152068138123,0.4095223844051361,0.18249282240867615,0.7735443115234375,0.44529431926830587,0.9972527472527473,0.3331748843193054,0.24665178571428573,0.0,3030,11161,144,0,5.269495422866276,0.9983669857665621,0.44529431926830587,0.0032094805501401424
flickr,lambda050k_best,5601291878,218,0.28523051738739014,0.1928483247756958,0.09238219261169434,0.7706298828125,0.04883098241642973,0.5,0.13004088401794434,0.035255899234693876,0.0,11341,21785,0,0,5.2700328610292875,0.998468809655907,0.04883098241642973,0.004735976457595825
flickr,lambda050k_best,5607310495,219,0.4772343039512634,0.3815755844116211,0.09565871953964233,0.7224273681640625,0.24530442221147766,0.989869428185502,0.2584669888019562,0.13279257015306123,0.00011957908163265306,1793,21406,8,3,5.274198538409208,0.9992580455192537,0.24524969322872123,0.002506605815142393
flickr,lambda050k_best,5697766486,220,0.5426830053329468,0.5515878200531006,-0.008904814720153809,0.50738525390625,0.5165541812704574,0.7199434800161486,0.4082782566547394,0.2468311543367347,0.06343670280612244,14886,6339,0,0,5.27265952514512,0.9989664616179081,0.4361319670326983,0.0027621928602457047
flickr,lambda050k_best,5801923729,221,0.4137362241744995,0.27798521518707275,0.13575100898742676,0.786773681640625,0.15555019305019305,1.0,0.19644692540168762,0.06423389668367346,0.0,13544,17807,0,0,5.267015106480496,0.9978970610783133,0.15555019305019305,0.00454707769677043
flickr,lambda050k_best,5873098388,222,0.385762482881546,0.2181546986103058,0.16760778427124023,0.8384552001953125,0.17301260177708708,0.9886100386100386,0.1255529224872589,0.10323660714285714,0.0,2943,26338,0,0,5.250621112975372,0.9947910289885303,0.17301260177708708,0.005930774845182896
flickr,lambda050k_best,5906878321,223,0.4944579303264618,0.4743383526802063,0.020119577646255493,0.568572998046875,0.3020026395822574,0.4522254682935212,0.2784670889377594,0.23194355867346939,0.09060108418367346,14819,13515,38,68,5.2136243046991595,0.9877815548363326,0.23952123060119238,0.006627518218010664
flickr,lambda050k_best,5991393107,224,0.3300919532775879,0.2927609384059906,0.03733101487159729,0.5193023681640625,0.07753157091858398,1.0,0.20629139244556427,0.049127072704081634,0.0,9217,24463,0,0,5.2632528453977185,0.9971842571083962,0.07753157091858398,0.005974777042865753
flickr,lambda050k_best,6067281197,225,0.3222317099571228,0.22715365886688232,0.09507805109024048,0.828826904296875,0.0627513482458904,1.0,0.16877806186676025,0.03374123086734694,0.0,7794,23311,0,0,5.270473624022538,0.9985523173137938,0.0627513482458904,0.0048727067187428474
flickr,lambda050k_best,6098668510,226,0.28305351734161377,0.20733344554901123,0.07572007179260254,0.604705810546875,0.1038850710720733,1.0,0.15373004972934723,0.06823979591836735,0.0,5604,26781,0,0,5.2508092510627105,0.994826673929856,0.1038850710720733,0.007300074212253094
flickr,lambda050k_best,6158154336,227,0.5648146867752075,0.28650781512260437,0.27830687165260315,0.94378662109375,0.41964962044901444,0.9986959189935563,0.208822101354599,0.25980548469387754,0.0,2492,19262,0,0,5.253895034605625,0.9954113113888998,0.41964962044901444,0.004678746685385704
flickr,lambda050k_best,6185482260,228,0.5929741859436035,0.3766527771949768,0.2163214087486267,0.7815704345703125,0.5117794836008374,0.9757583821181479,0.278224378824234,0.37448182397959184,0.0020129145408163264,4844,17270,0,0,5.266829108709268,0.9978618216446828,0.5103407003284529,0.003036556299775839
flickr,lambda050k_best,6289328021,229,0.45699572563171387,0.3124274015426636,0.1445683240890503,0.7794036865234375,0.1919402985074627,0.930804863925883,0.19083769619464874,0.06883769132653061,0.0,14621,15786,0,0,5.264040103251064,0.9973334122336962,0.1919402985074627,0.004568488337099552
flickr,lambda050k_best,6458319057,230,0.4610263705253601,0.37659186124801636,0.08443450927734375,0.772430419921875,0.17474628685918375,1.0,0.2909451425075531,0.07995854591836735,0.0,16874,18958,0,0,5.269929412138033,0.9984492100643989,0.17474628685918375,0.004019746091216803
flickr,lambda050k_best,6669466181,231,0.7359566688537598,0.88332200050354,-0.14736533164978027,0.1751861572265625,0.8366877515813687,0.6380579483163665,0.5421491861343384,0.6362603635204082,0.19880022321428573,1,1125,3135,4391,5.274242067908965,0.9992662926875263,0.5935141749949011,0.002114454982802272
flickr,lambda050k_best,6755812421,232,0.3617306351661682,0.24767890572547913,0.11405172944068909,0.797393798828125,0.10448560111337116,1.0,0.17549140751361847,0.04862882653061224,0.0,4275,21669,0,0,5.265910547488314,0.9976877895744725,0.10448560111337116,0.0053069014102220535
flickr,lambda050k_best,6897499873,233,0.25587576627731323,0.17363928258419037,0.08223648369312286,0.6554412841796875,0.0926858354312972,0.6719500480307397,0.10633545368909836,0.041493941326530615,0.001833545918367347,12192,16539,0,0,5.2509422105180885,0.9948518646397898,0.09212432503621756,0.008329728618264198
flickr,lambda050k_best,7178293884,234,0.395455002784729,0.2505832314491272,0.1448717713356018,0.704833984375,0.23778816280709084,1.0,0.19380520284175873,0.18152104591836735,0.0,1699,23347,1254,0,5.253796667987038,0.9953926746928562,0.23778816280709084,0.004797590896487236
flickr,lambda050k_best,7387939334,235,0.39620986580848694,0.48069602251052856,-0.08448615670204163,0.4816436767578125,0.06764348444199858,0.3025020508613618,0.3123936951160431,0.09717793367346939,0.057916135204081634,8808,21400,0,0,5.266649405840167,0.9978277748532236,0.059688808854177204,0.004613904282450676
flickr,lambda050k_best,7560517176,236,0.32255274057388306,0.24338088929653168,0.07917185127735138,0.6399993896484375,0.14828478608006168,1.0,0.17151407897472382,0.05367107780612245,0.0,10088,21226,0,0,5.258001279731296,0.996189287122809,0.14828478608006168,0.006681292317807674
flickr,lambda050k_best,7623513024,237,0.4575594365596771,0.2850334048271179,0.1725260317325592,0.920623779296875,0.15602351195571534,1.0,0.1583341360092163,0.02724410076530612,0.0,13847,8512,0,0,5.269313611314914,0.998332539460807,0.15602351195571534,0.004485583398491144
flickr,lambda050k_best,7733838448,238,0.5426358580589294,0.45974647998809814,0.0828893780708313,0.68414306640625,0.4286543319451082,0.9964291382320266,0.3169485628604889,0.251155931122449,0.0,11113,16076,0,0,5.2700531993922,0.9984726629944997,0.4286543319451082,0.0033769295550882816
flickr,lambda050k_best,7740990330,239,0.5671612024307251,0.37147486209869385,0.19568634033203125,0.8744659423828125,0.3877113109676456,0.9262280467148079,0.27640843391418457,0.2235530931122449,0.002291932397959184,4816,16426,0,0,5.268198104966645,0.9981211938534663,0.386054548156956,0.003591099288314581
flickr,lambda050k_best,7897462346,240,0.2587619721889496,0.25893115997314453,-0.0001691877841949463,0.673583984375,0.06987026692625412,0.757396449704142,0.0876670777797699,0.05052216198979592,0.004185267857142857,1830,26412,0,0,5.251067367938628,0.9948755771637913,0.06934036367576157,0.00734770018607378
flickr,lambda050k_best,8250285374,241,0.38902437686920166,0.14593377709388733,0.24309059977531433,0.9551239013671875,0.26559854897218865,0.9972003631961259,0.12523414194583893,0.13169642857142858,0.0,4320,18928,0,0,5.248794097324737,0.9944448796968623,0.26559854897218865,0.005543075501918793
flickr,lambda050k_best,8294094053,242,0.5333850383758545,0.27716487646102905,0.25622016191482544,0.76654052734375,0.44086946761943957,0.999575875816439,0.19192549586296082,0.2349529655612245,0.0,3149,16312,0,0,5.257581810521874,0.9961098138190813,0.44086946761943957,0.003902341704815626
flickr,lambda050k_best,8311669586,243,0.6859774589538574,0.7452390193939209,-0.05926156044006348,0.3261871337890625,0.7789852357041145,0.5345241360394953,0.525252103805542,0.5813137755102041,0.2362683354591837,4767,3671,261,575,5.273517035903277,0.9991289269703152,0.4892138251306108,0.002479173941537738
flickr,lambda050k_best,8396975855,244,0.7685450315475464,0.6919277906417847,0.07661724090576172,0.689849853515625,0.9755800158186132,0.5039494739709237,0.5212185978889465,0.5853595344387755,0.24716996173469388,7550,624,0,382,5.273458736623375,0.9991178814959999,0.5367919054181476,0.0023327115923166275
flickr,lambda050k_best,9060997789,245,0.8185571432113647,0.7955500483512878,0.023007094860076904,0.6330718994140625,0.9039779632180183,0.7449061340027239,0.5792453289031982,0.7463129783163265,0.16468032525510204,712,397,1095,1546,5.273046785406631,0.999039832563125,0.7130404774990095,0.0022686461452394724
flickr,lambda050k_best,9309351423,246,0.8327116966247559,0.7938843965530396,0.03882730007171631,0.5805740356445312,0.9817964877929388,0.4744802909779105,0.5967972874641418,0.6739676339285714,0.31044722576530615,3543,113,195,3836,5.275610345213744,0.9995255286824068,0.5026785714285714,0.0017994903028011322
flickr,lambda050k_best,9456627660,247,0.6182324886322021,0.4674738943576813,0.15075859427452087,0.8389892578125,0.6281987480028288,0.9111769622369121,0.3303513824939728,0.26229671556122447,0.018036511479591837,7051,8290,0,0,5.272607078883164,0.998956525065684,0.5997649353572232,0.0027209927793592215
flickr,lambda050k_best,9636000842,248,0.33068758249282837,0.3620285391807556,-0.031340956687927246,0.480682373046875,0.05971535124438694,0.6499337309476475,0.21091055870056152,0.06014827806122449,0.005321269132653061,5921,30688,0,0,5.261385423191238,0.9968304523263772,0.05923387035890622,0.00604660902172327
flickr,lambda050k_best,9761803312,249,0.5146276950836182,0.31608840823173523,0.19853928685188293,0.8626251220703125,0.37568066900038893,1.0,0.21279393136501312,0.15399792729591838,0.0,10839,15591,0,0,5.264653394992395,0.9974496074626609,0.37568066900038893,0.003729035845026374
flickr,lambda050k_latest,10000130166,0,0.5397000312805176,0.36014679074287415,0.17955324053764343,0.840545654296875,0.4072719314700181,0.9676149446631509,0.28132277727127075,0.2683155293367347,0.007274394132653061,3401,16930,0,365,5.261562346220927,0.9968639724450391,0.4026768878860004,0.004516389220952988
flickr,lambda050k_latest,10007936344,1,0.5434138178825378,0.4402543008327484,0.10315951704978943,0.72265625,0.29804792890017456,0.8513145965548504,0.33619678020477295,0.1758609693877551,0.025231186224489797,12074,18079,0,347,5.2659813968236175,0.9977012128022493,0.2837929731771817,0.004362379666417837
flickr,lambda050k_latest,10008553263,2,0.4975537359714508,0.4264673888683319,0.0710863471031189,0.60711669921875,0.3189642754249496,0.8124197394973399,0.3483671247959137,0.10863759566326531,0.01265545280612245,18735,13473,0,51,5.261038545784597,0.9967647323810868,0.3050141194297128,0.0054083457216620445
flickr,lambda050k_latest,10009662863,3,0.5272572040557861,0.3703337609767914,0.15692344307899475,0.8212432861328125,0.2806198415470304,0.8926441351888668,0.32539841532707214,0.17042012117346939,0.017538265306122448,13181,22296,0,110,5.261824729734002,0.9969136840428378,0.27182564413026833,0.005184130277484655
flickr,lambda050k_latest,10013411946,4,0.6735784411430359,0.7224612236022949,-0.04888278245925903,0.4235992431640625,0.7311577522004062,0.5493651310434641,0.40799930691719055,0.48971619897959184,0.15700733418367346,4511,3064,512,2030,5.250046670352065,0.9946821941752694,0.5124807805470663,0.00447665574029088
flickr,lambda050k_latest,10016382545,5,0.3185678720474243,0.18939316272735596,0.12917470932006836,0.6458740234375,0.1446770601336303,0.7393580696562714,0.2007555067539215,0.08755181760204081,0.01805644132653061,7731,18202,53,906,5.229787543408348,0.9908438677553825,0.13906490837472169,0.008681255392730236
flickr,lambda050k_latest,10031203703,6,0.490498423576355,0.1974596232175827,0.2930387854576111,0.8328094482421875,0.40168194273835395,0.9926058530510585,0.179785817861557,0.25605867346938777,0.001136001275510204,4935,19385,0,0,5.242545464656072,0.9932610038108511,0.40096208262591965,0.005344907753169537
flickr,lambda050k_latest,10035917404,7,0.5319831371307373,0.32140231132507324,0.21058082580566406,0.758148193359375,0.47208129825114226,0.9666731191121435,0.28636425733566284,0.30887276785714285,0.009566326530612245,7147,12829,0,0,5.257818836151448,0.9961547210719315,0.4650473381964923,0.004438627511262894
flickr,lambda050k_latest,10045181004,8,0.42793336510658264,0.33788877725601196,0.09004458785057068,0.62554931640625,0.2269483586949967,0.9898299140803086,0.2553389370441437,0.11365991709183673,0.0011559311224489796,7475,16277,397,0,5.263353704069958,0.9972033659528893,0.22642039187373403,0.004560122266411781
flickr,lambda050k_latest,10060697266,9,0.5495712757110596,0.36918896436691284,0.18038231134414673,0.7352752685546875,0.43600889779423,0.9910838351088467,0.2383086234331131,0.25817123724489793,0.0,2122,15377,88,0,5.245749050325301,0.9938679602481516,0.43600889779423,0.0054353754967451096
flickr,lambda050k_latest,10061269855,10,0.494850754737854,0.48960185050964355,0.005248904228210449,0.4455108642578125,0.23414236797248578,1.0,0.23265446722507477,0.15467554209183673,0.0,1060,16412,0,0,5.261971179330928,0.99694143061645,0.23414236797248578,0.004627505782991648
flickr,lambda050k_latest,10067897816,11,0.6928459405899048,0.5272473096847534,0.16559863090515137,0.847442626953125,0.8128847586558444,0.7076875810746228,0.46660536527633667,0.2919124681122449,0.08049665178571429,16816,2957,373,0,5.26914377442251,0.998300361892988,0.6173431404663351,0.004092404153198004
flickr,lambda050k_latest,10069511285,12,0.4841042160987854,0.48851895332336426,-0.004414737224578857,0.53594970703125,0.11078877214991376,0.9815226451792165,0.24598339200019836,0.07172751913265306,0.0,6248,28854,0,0,5.266029788587767,0.9977103811828689,0.11078877214991376,0.0042758905328810215
flickr,lambda050k_latest,10079676496,13,0.5077173709869385,0.24063251912593842,0.26708483695983887,0.8275909423828125,0.44801600894193155,0.8901425603553264,0.14684349298477173,0.2782007334183674,0.003248565051020408,7518,16976,0,0,5.236839371210477,0.9921799182691388,0.44539833318397704,0.005495312623679638
flickr,lambda050k_latest,10080652613,14,0.6076414585113525,0.34444329142570496,0.2631981670856476,0.8335418701171875,0.4554076819407008,0.9777560763888888,0.28412631154060364,0.2755102040816326,0.004603794642857143,3464,16287,0,0,5.244711161425711,0.9936713201661148,0.45189060880612486,0.005386865697801113
flickr,lambda050k_latest,10106776154,15,0.38360685110092163,0.20507076382637024,0.1785360872745514,0.8574371337890625,0.1845517532869413,0.9853320438426821,0.2061726599931717,0.12364477040816327,0.0,3138,19673,234,0,5.26595344518033,0.9976959170394453,0.1845517532869413,0.004323449917137623
flickr,lambda050k_latest,10109936483,16,0.7333491444587708,0.540654182434082,0.19269496202468872,0.8043060302734375,0.8840753004660289,0.6017320534223706,0.4315469264984131,0.47751913265306123,0.1648796237244898,9105,2237,0,2071,5.263656350872206,0.9972607058975073,0.5865302469386925,0.003669372759759426
flickr,lambda050k_latest,10110769444,17,0.4780265986919403,0.5522204637527466,-0.07419386506080627,0.4149017333984375,0.2653424433352426,0.6584263959390863,0.32375049591064453,0.19630899234693877,0.0564811862244898,7523,18255,0,74,5.250824746467266,0.9948296097138539,0.23777313389059979,0.005091099534183741
flickr,lambda050k_latest,10111706074,18,0.49519413709640503,0.4032537341117859,0.09194040298461914,0.6189117431640625,0.30260856338885084,0.8040820450641608,0.2668297290802002,0.19724569515306123,0.005879304846938775,5462,15197,21,0,5.26005145309328,0.9965777162294784,0.29925168277366226,0.004370723385363817
flickr,lambda050k_latest,10119607346,19,0.4640122652053833,0.3924635946750641,0.07154867053031921,0.5549774169921875,0.22516963650692962,0.9655456643587207,0.3333434462547302,0.12089445153061225,0.0010363520408163266,7198,21482,2904,25,5.261694302118698,0.9968889730193523,0.22472039442131717,0.005881891585886478
flickr,lambda050k_latest,10119736773,20,0.5815182328224182,0.33586984872817993,0.24564838409423828,0.8100961538461539,0.49932758809968164,0.9536376978718943,0.27137383818626404,0.38022161989795916,0.00047831632653061223,52,21039,471,20,5.261470276519608,0.9968465287729587,0.49899890290729565,0.0036512198857963085
flickr,lambda050k_latest,10129791115,21,0.5720068216323853,0.32391512393951416,0.2480916976928711,0.7620086669921875,0.5664914898678605,0.9179925702670498,0.26782435178756714,0.2843391262755102,0.01881377551020408,7057,8797,0,440,5.250510655794782,0.9947701015953756,0.5442682901489808,0.004398067481815815
flickr,lambda050k_latest,10129813456,22,0.4079738259315491,0.1936054527759552,0.21436837315559387,0.818603515625,0.2622313631847733,0.9593801810993495,0.13885429501533508,0.15626992984693877,0.003826530612244898,6247,22481,0,0,5.247266457930042,0.994155450706906,0.26048790622781653,0.005444178823381662
flickr,lambda050k_latest,10163352444,23,0.5658091902732849,0.39170923829078674,0.17409995198249817,0.805206298828125,0.4579191739720746,0.9489058700937826,0.33516842126846313,0.28689014668367346,0.01420998086734694,5396,15902,0,476,5.265033169376599,0.9975215601216543,0.447229270688385,0.00421647634357214
flickr,lambda050k_latest,10165890496,24,0.4811556339263916,0.4433574974536896,0.037798136472702026,0.581695556640625,0.3038619035768422,0.9828040392214255,0.23558922111988068,0.13618064413265307,0.001833545918367347,7879,9736,0,0,5.26569759937499,0.9976474440861546,0.3026022304832714,0.003919799812138081
flickr,lambda050k_latest,10173808724,25,0.5469769239425659,0.30507326126098633,0.2419036626815796,0.750152587890625,0.4589455244122966,0.9988930570075641,0.25246769189834595,0.32407924107142855,0.0001793686224489796,3967,15648,124,9,5.243714562420783,0.9934825029332066,0.4588288466427502,0.005070065148174763
flickr,lambda050k_latest,10202025415,26,0.4625058174133301,0.34212568402290344,0.12038013339042664,0.802154541015625,0.1195408926781718,0.9833973345380619,0.25310611724853516,0.08822943239795919,0.0004185267857142857,1232,28970,0,0,5.270759418582788,0.9986064644058337,0.11947200153679387,0.003972548991441727
flickr,lambda050k_latest,10221582415,27,0.5086712837219238,0.42735373973846436,0.08131754398345947,0.672393798828125,0.16416242808304846,0.9814556331006979,0.34626761078834534,0.09994818239795919,0.0006776147959183673,8641,21519,0,34,5.272088959428555,0.9988583613295662,0.16397647960288508,0.003856840543448925
flickr,lambda050k_latest,10234680056,28,0.4158838987350464,0.3369491994380951,0.0789346992969513,0.7079010009765625,0.0852422280714235,0.845326278659612,0.13948829472064972,0.05650111607142857,0.0023716517857142855,2779,26892,0,0,5.259408824766318,0.9964559628443301,0.08488293840541211,0.0050941333174705505
flickr,lambda050k_latest,10246013484,29,0.6083329916000366,0.41474854946136475,0.19358444213867188,0.7512893676757812,0.4892601431980907,0.9278726821433786,0.2721184194087982,0.2729990433673469,0.0006178252551020409,3760,16258,281,0,5.2549969512568735,0.9956200822706239,0.48867699642431467,0.004587079398334026
flickr,lambda050k_latest,10268129763,30,0.3359262943267822,0.27595755457878113,0.0599687397480011,0.728546142578125,0.032224441935203685,0.9880159786950732,0.2068694680929184,0.014967315051020409,0.0,10536,23683,0,0,5.270625442020274,0.9985810809931638,0.032224441935203685,0.005342860706150532
flickr,lambda050k_latest,10278084464,31,0.48509514331817627,0.4251551628112793,0.05993998050689697,0.4960784912109375,0.2620763153626949,0.964200477326969,0.27683645486831665,0.11690848214285714,0.0027901785714285715,13992,15958,0,0,5.25195359295031,0.9950434827643511,0.26038717399811245,0.005867271684110165
flickr,lambda050k_latest,10283938426,32,0.4493909776210785,0.31511542201042175,0.13427555561065674,0.6519775390625,0.4006256948574088,0.9493321896826369,0.2772538363933563,0.16264748086734693,0.008151307397959183,16411,14759,0,0,5.260918685735287,0.9967420235054658,0.3923281428028864,0.004626462701708078
flickr,lambda050k_latest,10289643764,33,0.5187060236930847,0.27801209688186646,0.24069392681121826,0.7415313720703125,0.4005623389133321,0.9979245038266961,0.17879211902618408,0.15363919005102042,0.0,10291,12413,0,0,5.250370554332736,0.9947435577494966,0.4005623389133321,0.004922974854707718
flickr,lambda050k_latest,10304554474,34,0.5242288112640381,0.458365797996521,0.06586301326751709,0.602325439453125,0.30823168504857207,0.8679555738379268,0.3222692012786865,0.19379783163265307,0.012057557397959183,10480,18139,1000,0,5.252962449664439,0.9952346223623447,0.3015685854146568,0.00554589694365859
flickr,lambda050k_latest,10308472565,35,0.28510183095932007,0.205573171377182,0.07952865958213806,0.665313720703125,0.06471272646684027,0.7709570957095709,0.15726447105407715,0.0301937181122449,0.006915656887755102,10422,19248,0,14,5.262281895043952,0.99700029930974,0.06349206349206349,0.006719355471432209
flickr,lambda050k_latest,10369815925,36,0.5099331140518188,0.20490789413452148,0.30502521991729736,0.8926315307617188,0.3570215681601525,0.9864597909292946,0.11470840126276016,0.2421277104591837,0.000896843112244898,1136,20027,0,0,5.231639779399259,0.9911947953328408,0.3565435992026894,0.005754927638918161
flickr,lambda050k_latest,10389014583,37,0.42859458923339844,0.3194288909435272,0.10916569828987122,0.636138916015625,0.280459856482699,0.9364024084295033,0.23605769872665405,0.15888073979591838,0.009785554846938776,8512,18627,0,0,5.249050009835663,0.9944933652882996,0.2753799616349417,0.00574486842378974
flickr,lambda050k_latest,10409146004,38,0.5313570499420166,0.6653558015823364,-0.13399875164031982,0.264739990234375,0.245093552979459,0.48993800182945424,0.3886193335056305,0.19608976403061223,0.09632095025510204,10582,11398,0,0,5.268064550228546,0.9980958903603212,0.1967470715481001,0.0036688626278191805
flickr,lambda050k_latest,10409351364,39,0.5515294075012207,0.406467467546463,0.1450619399547577,0.7901153564453125,0.4107977207977208,0.8716600169266111,0.28825393319129944,0.16483976403061223,0.019830197704081634,12302,11535,0,0,5.2681854999914455,0.9981188056948125,0.38875707737934756,0.0038706930354237556
flickr,lambda050k_latest,10413912845,40,0.5264080762863159,0.5811108350753784,-0.0547027587890625,0.3476409912109375,0.19554123019070643,0.2530706836616454,0.3321980834007263,0.17199457908163265,0.12115353954081633,12880,7882,0,0,5.258364745181453,0.9962581498652128,0.1266233766233766,0.004541299305856228
flickr,lambda050k_latest,10437048305,41,0.5271877646446228,0.44352245330810547,0.08366531133651733,0.6619873046875,0.32855436081242534,0.9371295930462268,0.2074720710515976,0.20176977040816327,0.008689413265306123,641,12260,0,168,5.245993798264323,0.9939143305820347,0.3236673773987207,0.005427754949778318
flickr,lambda050k_latest,10440265465,42,0.2641873359680176,0.17738136649131775,0.08680596947669983,0.6797637939453125,0.1065812463599301,1.0,0.12618602812290192,0.04376594387755102,0.0,9089,19589,0,0,5.257354221076008,0.9960666943606079,0.1065812463599301,0.007025721482932568
flickr,lambda050k_latest,10441843213,43,0.3269139528274536,0.2522822618484497,0.0746316909790039,0.7173309326171875,0.03764008520885431,1.0,0.17967435717582703,0.02024872448979592,0.0,8616,27632,0,0,5.268916214488823,0.9982572480259391,0.03764008520885431,0.005983246490359306
flickr,lambda050k_latest,10446128125,44,0.5712355971336365,0.4909059405326843,0.08032965660095215,0.654693603515625,0.3836190336803205,0.9726783560627146,0.41406479477882385,0.21482382015306123,0.005420918367346939,6851,15348,498,0,5.26972626560821,0.9984107215996838,0.3798387827189566,0.004185916855931282
flickr,lambda050k_latest,10451898725,45,0.6581403017044067,0.4986802339553833,0.15946006774902344,0.6746063232421875,0.7231742683891379,0.1538763603724896,0.32455554604530334,0.17763472576530612,0.14375398596938777,26647,729,0,0,5.25570725848255,0.9957546582075893,0.15055711070860092,0.004783758893609047
flickr,lambda050k_latest,10468313544,46,0.5670018792152405,0.37355077266693115,0.19345110654830933,0.8154296875,0.4690848026868178,0.5931289281467641,0.3508075475692749,0.23465401785714285,0.0905014349489796,20985,8569,0,0,5.264572753282185,0.9974343289559561,0.35944617443446486,0.003777689766138792
flickr,lambda050k_latest,10476442285,47,0.6260672211647034,0.4670320153236389,0.15903520584106445,0.74090576171875,0.4822906322409798,0.8734139274652812,0.31380176544189453,0.19947783801020408,0.01913265306122449,9117,9771,0,0,5.2739411301888675,0.9992092765483314,0.4580320653882427,0.002388519700616598
flickr,lambda050k_latest,10476446674,48,0.578935444355011,0.42359355092048645,0.15534189343452454,0.7604827880859375,0.5597955589322098,0.9283014545871034,0.3079507648944855,0.17400749362244897,0.0009765625,13328,8599,0,0,5.270972882968071,0.998646907707858,0.5579074169678196,0.0032588657923042774
flickr,lambda050k_latest,10477544895,49,0.40603816509246826,0.33279868960380554,0.07323947548866272,0.5899200439453125,0.23780886390377828,0.6846066992849078,0.23294225335121155,0.10590720663265306,0.029416454081632654,8185,9839,0,761,5.233102530887836,0.9914719305568774,0.21688327173005842,0.008359579369425774
flickr,lambda050k_latest,10481128583,50,0.4856964349746704,0.451803982257843,0.03389245271682739,0.51104736328125,0.2457578917432932,0.9720659917510311,0.2432134449481964,0.10630580357142858,0.002969547193877551,11926,15134,0,0,5.2623829298997435,0.9970194415342492,0.24403445192262438,0.004083596169948578
flickr,lambda050k_latest,10520382525,51,0.4053839445114136,0.26658350229263306,0.13880044221878052,0.7415313720703125,0.22106116062697326,0.9468645284825276,0.20986206829547882,0.08326690051020408,0.003966039540816327,9272,15887,0,199,5.252410028555469,0.9951299597802229,0.2186299704330045,0.006697480566799641
flickr,lambda050k_latest,10545790805,52,0.47221124172210693,0.44173163175582886,0.030479609966278076,0.5283355712890625,0.24778022564924226,0.9610305541170377,0.36796385049819946,0.15393813775510204,0.002849968112244898,7205,22807,0,99,5.266774826978329,0.9978515373415854,0.24660310288694728,0.004521763883531094
flickr,lambda050k_latest,10548273474,53,0.4270099401473999,0.43907636404037476,-0.012066423892974854,0.4266357421875,0.19630590749503893,0.972768532526475,0.31217318773269653,0.05269451530612245,0.0014349489795918368,14731,12302,0,72,5.26732335222305,0.9979554618070688,0.1952330347654471,0.0047003841027617455
flickr,lambda050k_latest,10549911663,54,0.4803781509399414,0.4134669899940491,0.06691116094589233,0.541900634765625,0.18796873944280534,0.8483431591786949,0.34468546509742737,0.09803491709183673,0.014269770408163265,16892,14867,0,72,5.263103550360746,0.9971559714331861,0.1820958697881439,0.005364623852074146
flickr,lambda050k_latest,10555704135,55,0.4297844171524048,0.25235897302627563,0.17742544412612915,0.771942138671875,0.17605109100585417,0.9680062426843543,0.1384551227092743,0.051080197704081634,0.0,13160,10408,0,0,5.262929286923983,0.9971229552052309,0.17605109100585417,0.004850221797823906
flickr,lambda050k_latest,10557361454,56,0.44231152534484863,0.582696795463562,-0.14038527011871338,0.2275543212890625,0.17214885954381753,0.2175364077669903,0.37535515427589417,0.09853316326530612,0.07515545280612244,15551,3997,0,0,5.273028816091582,0.9990364280681094,0.10735139991016619,0.0031887732911854982
flickr,lambda050k_latest,10610974774,57,0.48092493414878845,0.3453023433685303,0.13562259078025818,0.7014923095703125,0.29651162790697677,0.9953531598513011,0.12941864132881165,0.20372289540816327,0.0008370535714285714,1197,23567,11,42,5.248857887540986,0.9944569654927132,0.29614914425427874,0.005037201568484306
flickr,lambda050k_latest,10624261424,58,0.5832858085632324,0.44830894470214844,0.13497686386108398,0.6891326904296875,0.4180314664661977,0.8748173952129453,0.32542890310287476,0.17735570790816327,0.009606186224489796,8483,13268,5,76,5.259798094467339,0.9965297145011532,0.4074849515833551,0.004928211681544781
flickr,lambda050k_latest,10635080206,59,0.4130021929740906,0.32800406217575073,0.08499813079833984,0.6750030517578125,0.27858151023288635,0.6602550700397241,0.27354270219802856,0.19064891581632654,0.06020806760204082,10402,17491,0,58,5.244075404714038,0.9935508686881309,0.2458257112832289,0.006466832477599382
flickr,lambda050k_latest,10654057765,60,0.5749949216842651,0.48973962664604187,0.08525529503822327,0.7108917236328125,0.3524553670807177,0.9046394697748829,0.33643093705177307,0.1744060905612245,0.008111447704081632,6309,15494,0,20,5.263172989872173,0.9971691275534885,0.34618243834178763,0.004418780095875263
flickr,lambda050k_latest,10659354545,61,0.5151114463806152,0.3309140205383301,0.18419742584228516,0.71234130859375,0.3818345742205677,0.9916912153485913,0.28815948963165283,0.263851243622449,0.002192283163265306,8810,15950,1655,110,5.25076518825331,0.9948183257198899,0.38061691888444366,0.00526334997266531
flickr,lambda050k_latest,10666396623,62,0.38677483797073364,0.25553610920906067,0.13123872876167297,0.7186126708984375,0.20435914745877135,0.8712993421052632,0.15993452072143555,0.09693877551020408,0.010622608418367346,3894,14888,186,533,5.228940975608963,0.9906834756733529,0.19923839969912086,0.007708098739385605
flickr,lambda050k_latest,10667001125,63,0.49465811252593994,0.2587468922138214,0.23591122031211853,0.804962158203125,0.42733941871534975,0.9920696827873114,0.15568165481090546,0.07665019132653061,0.0,19336,6211,0,0,5.238354319221184,0.9924669427292947,0.42733941871534975,0.007299255579710007
flickr,lambda050k_latest,10701841844,64,0.39096787571907043,0.3318944573402405,0.059073418378829956,0.5887298583984375,0.1581249544361012,0.6639118457300276,0.23587939143180847,0.0651108099489796,0.007892219387755101,12649,13805,0,147,5.261464832499,0.9968454973401536,0.15368808899596118,0.005664433352649212
flickr,lambda050k_latest,10743985374,65,0.5175462961196899,0.49348798394203186,0.02405831217765808,0.5281753540039062,0.34862267227323435,0.9394149612671985,0.3590097725391388,0.17237324617346939,0.007952008928571428,3146,8454,252,247,5.2749519657365465,0.9994007910592774,0.34275469310272094,0.0023223645985126495
flickr,lambda050k_latest,10751849775,66,0.3230164051055908,0.3103531301021576,0.012663275003433228,0.69854736328125,0.07352561684895885,0.3816196167319184,0.2635940611362457,0.09671954719387756,0.05514588647959184,12376,24067,0,0,5.244466180198995,0.9936249056331742,0.06624814437230599,0.007817013189196587
flickr,lambda050k_latest,10761625676,67,0.6881111860275269,0.5500410795211792,0.13807010650634766,0.7579498291015625,0.7866234090341901,0.502844988035097,0.3107540011405945,0.37478077168367346,0.03284438775510204,6763,4759,0,0,5.2656565805752145,0.9976396725990946,0.6917843295047187,0.0033100235741585493
flickr,lambda050k_latest,10771238614,68,0.5936981439590454,0.5153647661209106,0.07833337783813477,0.582489013671875,0.7346968086634303,0.7583313567362429,0.236704483628273,0.3360969387755102,0.06337691326530612,3693,4578,0,437,5.255929190285741,0.995796705760081,0.6212080732518884,0.003864140948280692
flickr,lambda050k_latest,10795023275,69,0.576005220413208,0.4824828505516052,0.09352236986160278,0.6745452880859375,0.31922398589065254,0.7349386213408876,0.3331186771392822,0.10552853954081633,0.025350765306122448,4327,4395,332,989,5.266136015714251,0.9977305071432434,0.28906220984215414,0.004441427532583475
flickr,lambda050k_latest,10796050285,70,0.5731887817382812,0.49676984548568726,0.076418936252594,0.6176300048828125,0.5332502874664622,0.7835820895522388,0.3149188160896301,0.35385443239795916,0.04936623086734694,5787,12887,4,5,5.264425371201187,0.9974064057124281,0.487012987012987,0.003641433548182249
flickr,lambda050k_latest,10805310706,71,0.26750481128692627,0.2135830819606781,0.05392172932624817,0.5944976806640625,0.1683921666458775,0.7888585897935333,0.11536727845668793,0.05115991709183673,0.009347098214285714,21417,11919,0,0,5.243446766778172,0.9934317659447363,0.1620713113770059,0.008390256203711033
flickr,lambda050k_latest,10847897294,72,0.6284626722335815,0.46606671810150146,0.16239595413208008,0.8115997314453125,0.5385351736420303,0.864705461824421,0.36418211460113525,0.27877869897959184,0.009905133928571428,7146,13519,91,0,5.270830505434933,0.9986199326339292,0.5268763340157686,0.003262873040512204
flickr,lambda050k_latest,10859255295,73,0.561253011226654,0.3944142162799835,0.16683879494667053,0.69140625,0.46530676953971356,0.9353753541076487,0.15932054817676544,0.2814094387755102,0.01602359693877551,4432,14019,0,0,5.229386492568285,0.9907678840252144,0.4524898504548024,0.0054247817024588585
flickr,lambda050k_latest,10862172945,74,0.38030844926834106,0.3571624457836151,0.023146003484725952,0.5483551025390625,0.25475251707385765,0.906375250501002,0.15847806632518768,0.1591198979591837,0.006218112244897959,1110,17110,82,0,5.168941633616443,0.9793159048897984,0.25198481788425375,0.010181551799178123
flickr,lambda050k_latest,10939270325,75,0.26286303997039795,0.18865162134170532,0.07421141862869263,0.602081298828125,0.06737972741222131,0.8580459770114942,0.1752135306596756,0.034677933673469385,0.004922672193877551,17559,18320,0,247,5.244491176655176,0.9936296415015275,0.06663691140370454,0.009396950714290142
flickr,lambda050k_latest,10952523225,76,0.5937644839286804,0.5466747283935547,0.04708975553512573,0.610748291015625,0.4559114532367843,0.8293512658227848,0.35144320130348206,0.25191326530612246,0.03595344387755102,5176,13527,0,0,5.272205248861107,0.9988803937104559,0.4227442282488154,0.002980287652462721
flickr,lambda050k_latest,10979853044,77,0.47329649329185486,0.2699626684188843,0.20333382487297058,0.8325347900390625,0.2291311992408808,1.0,0.16189314424991608,0.08181202168367346,0.0,8602,15383,0,0,5.261013617653127,0.9967600094576416,0.2291311992408808,0.004797101020812988
flickr,lambda050k_latest,10980225216,78,0.5995299816131592,0.30641481280326843,0.29311516880989075,0.894500732421875,0.512130817311965,0.9301624878941138,0.2009381353855133,0.1852080676020408,0.006198182397959184,13566,9834,0,0,5.248129836983666,0.9943190278759079,0.502865121149539,0.005190844647586346
flickr,lambda050k_latest,11002352834,79,0.26270660758018494,,,,0.04269373288222974,1.0,0.16615261137485504,0.02112563775510204,0.0,580,19985,0,0,5.2622993135623455,0.9970035994499451,0.04269373288222974,0.007682768628001213
flickr,lambda050k_latest,11036641226,80,0.7825105786323547,0.580600380897522,0.20191019773483276,0.8017425537109375,0.9379154795821463,0.40453637806563925,0.3739067316055298,0.38924984056122447,0.2059948979591837,7986,712,0,946,5.236981731628992,0.9922068901005039,0.42116204690831555,0.004840736277401447
flickr,lambda050k_latest,11050409385,81,0.4672524929046631,0.3148934543132782,0.1523590385913849,0.7996978759765625,0.2189113530326594,0.9485175202156334,0.1936693787574768,0.07393973214285714,0.0038066007653061226,12293,13588,0,0,5.2609938244308525,0.9967562594022615,0.21634083364072298,0.005236530676484108
flickr,lambda050k_latest,11071986404,82,0.5528473854064941,0.4287870526313782,0.12406033277511597,0.810821533203125,0.34248322147651006,0.7764759586122946,0.3465416431427002,0.06548947704081633,0.014429209183673469,20513,5572,0,620,5.268807614700551,0.9982366725372875,0.31214827501835085,0.005317134317010641
flickr,lambda050k_latest,11101358996,83,0.46225133538246155,0.38784539699554443,0.07440593838691711,0.5687408447265625,0.2638625975345122,1.0,0.21099941432476044,0.11389907525510204,0.0,5408,15049,0,0,5.260617142883985,0.9966848927171502,0.2638625975345122,0.005038639064878225
flickr,lambda050k_latest,11154049584,84,0.4576302766799927,0.29519450664520264,0.16243577003479004,0.83734130859375,0.08739380144509436,0.8177315502724121,0.18016012012958527,0.04023836096938776,0.007334183673469388,4172,19310,0,0,5.265611925135213,0.997631212108392,0.08572392845089437,0.004409266170114279
flickr,lambda050k_latest,11314266424,85,0.5041170120239258,0.3036837577819824,0.20043325424194336,0.8304290771484375,0.2847065563791313,0.9979917158277897,0.18311123549938202,0.1587810905612245,0.0,2888,20177,0,0,5.25991483812578,0.9965518329404025,0.2847065563791313,0.004610069561749697
flickr,lambda050k_latest,11650557765,86,0.2477598786354065,0.25430774688720703,-0.006547868251800537,0.479217529296875,0.09041353794960486,0.8768577494692145,0.14594630897045135,0.04693478954081633,0.004404496173469388,9422,21675,0,0,5.251891708119479,0.9950317579658527,0.08954706099173912,0.007538371719419956
flickr,lambda050k_latest,11764496003,87,0.41116976737976074,0.32419344782829285,0.0869763195514679,0.665618896484375,0.14490839124691288,0.7611625100563154,0.23284532129764557,0.09909119897959184,0.023596938775510203,8277,21892,0,0,5.25993677100905,0.9965559883793588,0.13862383472830167,0.0051560234278440475
flickr,lambda050k_latest,11765015695,88,0.5824987888336182,0.3684365153312683,0.21406227350234985,0.7998199462890625,0.5671421101033233,0.9045729076790336,0.23646856844425201,0.34648038903061223,0.008928571428571428,6475,9947,0,0,5.262180304923627,0.996981051883929,0.5581246783667241,0.0037657262291759253
flickr,lambda050k_latest,11776645404,89,0.4887799024581909,0.6763941645622253,-0.18761426210403442,0.2621307373046875,0.29047461002323266,0.5679060411394459,0.46754664182662964,0.3071388711734694,0.11832350127551021,2802,13806,0,0,5.264275897054532,0.9973780861028125,0.24265949482906812,0.003914504777640104
flickr,lambda050k_latest,12015590114,90,0.4424514174461365,0.3337731957435608,0.10867822170257568,0.6949310302734375,0.23023947409610268,0.9919082939986514,0.26314112544059753,0.08866788903061225,0.0,4024,13760,70,0,5.266388989533209,0.9977784359654254,0.23023947409610268,0.004701744765043259
flickr,lambda050k_latest,12031178616,91,0.5488744378089905,0.3952317237854004,0.1536427140235901,0.6684112548828125,0.5493850342690827,0.8236329087198254,0.21658290922641754,0.28318319515306123,0.03942123724489796,6566,12661,0,0,5.246042816818299,0.993923617715252,0.5027061855670103,0.004577801562845707
flickr,lambda050k_latest,12048726756,92,0.7419660091400146,0.5765118598937988,0.16545414924621582,0.9030914306640625,0.9362193214166645,0.8102361505681818,0.42533034086227417,0.4489795918367347,0.05410953443877551,9301,1847,0,88,5.262847281900887,0.9971074184030979,0.8217815095783716,0.004102381877601147
flickr,lambda050k_latest,12066557153,93,0.5963681936264038,0.3962528705596924,0.20011532306671143,0.8876953125,0.4564058695795223,0.9734736842105263,0.2803041934967041,0.1420001594387755,0.003009406887755102,16111,9344,0,151,5.257662990316095,0.9961251942720388,0.4519155590304926,0.004996202886104584
flickr,lambda050k_latest,12103535156,94,0.4470347762107849,0.436029314994812,0.0110054612159729,0.524688720703125,0.15313887127457196,0.4811715481171548,0.3672921657562256,0.10002790178571429,0.049705038265306124,11238,12120,0,443,5.271877942558239,0.9988183817376209,0.13222733245729304,0.003564464161172509
flickr,lambda050k_latest,12158276143,95,0.5662142634391785,0.38892078399658203,0.17729347944259644,0.72662353515625,0.5390146813337329,0.7819796323894684,0.30109289288520813,0.16047512755102042,0.027503188775510203,13786,5925,0,0,5.269676796765963,0.9984013491541345,0.4820656126784826,0.0033025157172232866
flickr,lambda050k_latest,12328837165,96,0.5013059973716736,0.1197277307510376,0.381578266620636,0.842010498046875,0.43032231574625335,0.9920018930430667,0.12910334765911102,0.21055883290816327,0.0012157206632653062,6496,13838,0,61,5.198736539199763,0.9849608951006901,0.4292472149410223,0.0076976013369858265
flickr,lambda050k_latest,12373955905,97,0.47949981689453125,0.30301743745803833,0.17648237943649292,0.8026123046875,0.19591738616558826,1.0,0.17312851548194885,0.09745695153061225,0.0,5338,18018,0,0,5.253982061335908,0.9954277996116653,0.19591738616558826,0.005300762131810188
flickr,lambda050k_latest,12444360833,98,0.45131975412368774,0.21776603162288666,0.2335537225008011,0.7867279052734375,0.3484785738231872,0.9310326659641728,0.21685239672660828,0.18913424744897958,0.011260363520408163,2323,9606,545,565,5.24220535522637,0.9931965661372385,0.34088234726750133,0.006426469422876835
flickr,lambda050k_latest,12512072175,99,0.615189790725708,0.42116057872772217,0.19402921199798584,0.764129638671875,0.5326070423606358,0.854732409837066,0.26028168201446533,0.3265904017857143,0.037986288265306124,8971,13493,0,301,5.241114010484315,0.9929897982262484,0.4966139554673096,0.005077929235994816
flickr,lambda050k_latest,12534178685,100,0.4413519501686096,0.23933535814285278,0.20201659202575684,0.7241058349609375,0.4103309929789368,0.9962081680929521,0.15107671916484833,0.2864516900510204,0.0,4803,19518,0,0,5.236372897320113,0.9920915393837826,0.4103309929789368,0.005630857311189175
flickr,lambda050k_latest,12598610153,101,0.5294398069381714,0.251656174659729,0.2777836322784424,0.876861572265625,0.35153299969285806,0.9731419425827749,0.16970928013324738,0.19923867984693877,0.00430484693877551,3442,12959,0,0,5.256596686245912,0.9959231706065775,0.3488105268819132,0.004375403746962547
flickr,lambda050k_latest,12599965145,102,0.5831528306007385,0.29773277044296265,0.2854200601577759,0.913330078125,0.41700953500522464,0.9913445117217823,0.1546775996685028,0.25673628826530615,0.0005381058673469387,2312,18355,2,0,5.2474609249458,0.9941922947370784,0.4166421976444488,0.00474412040784955
flickr,lambda050k_latest,12729873904,103,0.5674989223480225,0.3730689287185669,0.19442999362945557,0.8668212890625,0.3849957505987793,0.9851720047449585,0.3070695698261261,0.20161033163265307,0.0,9507,19117,0,0,5.262375435665233,0.9970180216646567,0.3849957505987793,0.004784557968378067
flickr,lambda050k_latest,13153991894,104,0.5879330635070801,0.5225940942764282,0.06533896923065186,0.6558837890625,0.47556188045931885,0.6166327309748028,0.3761896789073944,0.15660873724489796,0.054189253826530615,17070,7553,0,266,5.269979331738688,0.9984586679113533,0.37538735667802914,0.003483576001599431
flickr,lambda050k_latest,13234495505,105,0.40409255027770996,0.4868663251399994,-0.08277377486228943,0.4186248779296875,0.19347531461761858,0.6557086614173229,0.35027191042900085,0.15186543367346939,0.038165656887755105,8820,14332,0,552,5.260566847766842,0.9966753637242446,0.18011896178803172,0.0047380561009049416
flickr,lambda050k_latest,13409856383,106,0.3383799195289612,0.1533423215150833,0.18503759801387787,0.892364501953125,0.17294488773427352,1.0,0.11135876923799515,0.09287308673469388,0.0,2353,24050,0,0,5.247126936586941,0.9941290167712853,0.17294488773427352,0.00624099001288414
flickr,lambda050k_latest,13447842855,107,0.7160496711730957,0.5607681274414062,0.15528154373168945,0.721099853515625,0.8659414920418507,0.6012264888669383,0.4172341227531433,0.48423549107142855,0.14227917729591838,2943,2309,660,3898,5.263739106708044,0.9972763849498169,0.6084511735427036,0.0035977817606180906
flickr,lambda050k_latest,13579448834,108,0.42773932218551636,0.32543060183525085,0.1023087203502655,0.6072845458984375,0.22472737311921961,0.96066089693155,0.17065082490444183,0.10132334183673469,0.0,10626,17242,234,0,5.247951154874986,0.9942851744793418,0.22472737311921961,0.006141584366559982
flickr,lambda050k_latest,13660204414,109,0.5192921161651611,0.43315064907073975,0.08614146709442139,0.57769775390625,0.3820794590025359,0.8511439600790885,0.31054696440696716,0.2116749043367347,0.02955596301020408,3268,9734,300,1299,5.272859597525806,0.999004367649437,0.3595434116851609,0.002261596731841564
flickr,lambda050k_latest,13721325644,110,0.621435284614563,0.6045951843261719,0.016840100288391113,0.5422515869140625,0.7094427941308848,0.8443539747160917,0.3493432402610779,0.46506297831632654,0.05179767219387755,6408,6566,60,110,5.2687903616689304,0.9982334037504699,0.648733187363153,0.0031701968982815742
flickr,lambda050k_latest,13861270725,111,0.3900812864303589,0.3399272561073303,0.050154030323028564,0.571075439453125,0.17448618001417435,0.954756980351603,0.2378595471382141,0.07708864795918367,0.0029296875,9064,22433,0,147,5.262764388696748,0.9970917133247714,0.17328265765765766,0.004868481308221817
flickr,lambda050k_latest,14062380939,112,0.39460062980651855,0.3168421685695648,0.07775846123695374,0.518035888671875,0.17631199911363887,1.0,0.2722529470920563,0.047572544642857144,0.0,9681,11900,0,0,5.266682517530642,0.9978340482467765,0.17631199911363887,0.005382956936955452
flickr,lambda050k_latest,14172932360,113,0.665856659412384,0.6614586114883423,0.004398047924041748,0.4924468994140625,0.6601323448927807,0.8232812112186647,0.3356417119503021,0.32118941326530615,0.047731983418367346,4693,4686,0,0,5.268948994430886,0.9982634585659101,0.5898461812038766,0.0029382575303316116
flickr,lambda050k_latest,14174434304,114,0.5655468702316284,0.4956494867801666,0.06989738345146179,0.6085205078125,0.38442188616337225,0.961183475995534,0.25030189752578735,0.267757493622449,0.007832429846938776,4937,19614,1,0,5.24564679363342,0.9938485865326332,0.3799764602030308,0.005563367158174515
flickr,lambda050k_latest,14203929291,115,0.5292991995811462,0.3182258605957031,0.21107333898544312,0.7991485595703125,0.4370358697579136,0.9895192221924896,0.26955679059028625,0.22343351403061223,0.0,12503,16561,0,0,5.2463550310216736,0.9939827703149076,0.4370358697579136,0.0056507643312215805
flickr,lambda050k_latest,14414061986,116,0.5462261438369751,0.39936256408691406,0.14686357975006104,0.7149200439453125,0.47996498249124564,0.8587987826709631,0.2191237509250641,0.22265625,0.01747847576530612,5490,10531,0,0,5.266585154245325,0.9978156016438505,0.4597929745531222,0.003339834976941347
flickr,lambda050k_latest,14566072101,117,0.44747310876846313,0.2686571478843689,0.17881596088409424,0.6647796630859375,0.31139111186786994,0.9359263050153531,0.20439982414245605,0.19471460459183673,0.0,4227,15097,531,0,5.245253420587126,0.9937740574494868,0.31139111186786994,0.005434062331914902
flickr,lambda050k_latest,14648401332,118,0.4704820215702057,0.1524503082036972,0.3180317282676697,0.9012908935546875,0.3128677839851024,0.9998214710783146,0.07939033210277557,0.16745057397959184,0.0,3994,17498,0,0,5.21079673513763,0.9872458390089803,0.3128677839851024,0.007097265217453241
flickr,lambda050k_latest,14652810592,119,0.4792495667934418,0.23979346454143524,0.23945610225200653,0.6857757568359375,0.46432712375357504,0.9886438446346281,0.14444765448570251,0.2421875,0.0012555803571428572,4681,17081,210,19,5.234743206240851,0.9917827755193198,0.4631992905887342,0.005392258055508137
flickr,lambda050k_latest,14678892718,120,0.6830819249153137,0.5937895178794861,0.08929240703582764,0.68524169921875,0.7802431610942249,0.6699850857568979,0.3012857437133789,0.2672592474489796,0.06829958545918367,11591,3631,0,46,5.2613735190147315,0.9968281969421585,0.6012916610895462,0.00364793767221272
flickr,lambda050k_latest,14680986811,121,0.46296054124832153,0.39910680055618286,0.06385374069213867,0.5971527099609375,0.2582085127901097,0.9469241590996291,0.24996182322502136,0.15583147321428573,0.007075095663265306,6981,21204,0,0,5.2572645737693975,0.9960497096392826,0.2550508965018343,0.0050509278662502766
flickr,lambda050k_latest,14742398172,122,0.6018078327178955,0.3324970006942749,0.2693108320236206,0.8422698974609375,0.5058416674455557,0.9437779017857143,0.18289726972579956,0.2857142857142857,0.00843032525510204,7329,15957,0,0,5.240291127880747,0.9928338935790978,0.4979665445980015,0.0051943352445960045
flickr,lambda050k_latest,14778198185,123,0.37821829319000244,0.236080139875412,0.14213815331459045,0.7890472412109375,0.09073854660347551,0.9908355795148248,0.18868905305862427,0.03696986607142857,0.0,7990,17082,0,0,5.269453450496201,0.998359033614556,0.09073854660347551,0.004397491924464703
flickr,lambda050k_latest,14899015793,124,0.5347057580947876,0.2673364281654358,0.2673693299293518,0.858795166015625,0.43303920648330674,0.9990976032341901,0.23052851855754852,0.2760682397959184,0.0,8242,18400,0,0,5.262833493931466,0.9971048061124768,0.43303920648330674,0.003601658158004284
flickr,lambda050k_latest,15135657108,125,0.5105270743370056,0.1651349663734436,0.345392107963562,0.991328125,0.2662491046800469,0.9999427655677655,0.21205484867095947,0.17410714285714285,0.0,278,22919,27,0,5.2518541640914655,0.9950246448145786,0.2662491046800469,0.005586632993072271
flickr,lambda050k_latest,15210828119,126,0.42344385385513306,0.33907634019851685,0.08436751365661621,0.60687255859375,0.19847224116764425,0.9312993385961169,0.27444595098495483,0.09341119260204081,0.0034080038265306123,11379,16448,10,0,5.261043414964833,0.9967656549037204,0.19694098538170005,0.005792445503175259
flickr,lambda050k_latest,15679023977,127,0.38365882635116577,0.2813350558280945,0.10232377052307129,0.7305908203125,0.11778782238766286,0.49924868519909843,0.19145633280277252,0.053053252551020405,0.023955676020408163,13263,10836,0,0,5.251089758760466,0.9948798193645171,0.10644773728474169,0.007574784103780985
flickr,lambda050k_latest,15799251138,128,0.4799920320510864,0.22492961585521698,0.25506240129470825,0.810455322265625,0.34913253162971314,0.9547400873512032,0.1821824014186859,0.23272082270408162,0.0,8561,20898,1802,0,5.245741155445373,0.9938664644716407,0.34913253162971314,0.0051443735137581825
flickr,lambda050k_latest,15994498891,129,0.5996126532554626,0.4224262237548828,0.17718642950057983,0.7407684326171875,0.5075843958398121,0.9227966580815378,0.20851382613182068,0.3172632334183674,0.017040019132653062,3949,9676,331,0,5.256852951129142,0.995971722959032,0.4930191972076789,0.003961789421737194
flickr,lambda050k_latest,16012165838,130,0.31016722321510315,0.271725058555603,0.03844216465950012,0.51641845703125,0.08766437069505323,0.98989898989899,0.19639308750629425,0.05919164540816327,0.00013950892857142856,7107,31436,0,0,5.256281374485193,0.9958634311387795,0.08764607679465776,0.007370833773165941
flickr,lambda050k_latest,16101081359,131,0.40889811515808105,0.18611082434654236,0.2227872908115387,0.817169189453125,0.23847936303291112,1.0,0.13751699030399323,0.13639987244897958,0.0,2997,22832,0,0,5.238493371080656,0.9924932877158003,0.23847936303291112,0.006403816398233175
flickr,lambda050k_latest,16369370669,132,0.647956907749176,0.5172364115715027,0.13072049617767334,0.7407073974609375,0.6143830533630169,0.8116755793226381,0.3730538785457611,0.33541932397959184,0.028838488520408163,7704,9837,0,0,5.263427482912226,0.997217344209716,0.5768426831070667,0.0043865833431482315
flickr,lambda050k_latest,16419739420,133,0.44793152809143066,0.30604150891304016,0.1418900191783905,0.653228759765625,0.32777608105923145,0.9846195358877496,0.28797802329063416,0.1846500318877551,0.0,5377,16840,80,0,5.2587058686641726,0.9963227796629235,0.32777608105923145,0.0045929159969091415
flickr,lambda050k_latest,16563757295,134,0.6017832159996033,0.476132869720459,0.1256503462791443,0.7057342529296875,0.47319317798041205,0.8134252539912917,0.4057309329509735,0.27463329081632654,0.023198341836734693,7107,12946,137,166,5.260663182876716,0.9966936155274153,0.4510300981812329,0.004628597758710384
flickr,lambda050k_latest,16659090834,135,0.7008939981460571,0.5230030417442322,0.17789095640182495,0.818695068359375,0.7099834307459806,0.9570243471431377,0.3811433017253876,0.4060108418367347,0.01331313775510204,6223,8472,0,0,5.259046389304418,0.9963872952451398,0.6931226336278152,0.004120870493352413
flickr,lambda050k_latest,16804898716,136,0.44539761543273926,0.21340098977088928,0.23199662566184998,0.666748046875,0.3676088643033022,0.9310978214438275,0.1618024855852127,0.23327885841836735,0.008928571428571428,5569,17525,64,128,5.1922000512791335,0.9837224817007085,0.36213656753613555,0.00743857491761446
flickr,lambda050k_latest,16950760048,137,0.48421820998191833,0.26761263608932495,0.21660557389259338,0.7725677490234375,0.3231913306716975,0.9996607409417831,0.20248223841190338,0.14686304209183673,0.0,11162,14056,0,0,5.241204477763063,0.9930069383007994,0.3231913306716975,0.006520389579236507
flickr,lambda050k_latest,17140316339,138,0.4718558192253113,0.29792773723602295,0.17392808198928833,0.787567138671875,0.2999650064154905,0.9976722532588455,0.2022048532962799,0.12842793367346939,0.0,11901,17721,0,0,5.245776287419226,0.9938731206312966,0.2999650064154905,0.0065124500542879105
flickr,lambda050k_latest,17537079145,139,0.6299062967300415,0.4706804156303406,0.15922588109970093,0.7079010009765625,0.5853125660723095,1.0,0.3544881343841553,0.33103475765306123,0.0,5167,14518,0,0,5.260300683047665,0.9966249357331223,0.5853125660723095,0.004349595867097378
flickr,lambda050k_latest,19306860381,140,0.3412008285522461,0.177623450756073,0.1635773777961731,0.704498291015625,0.19956382756251306,1.0,0.12723064422607422,0.13313137755102042,0.0,2475,20568,0,0,5.228954277670201,0.9906859959030366,0.19956382756251306,0.007289940491318703
flickr,lambda050k_latest,20854461578,141,0.6002110242843628,0.27897125482559204,0.32123976945877075,0.9568634033203125,0.49736788410528465,0.8991516045739579,0.1892126500606537,0.27014907525510207,0.0,4329,15412,0,0,5.242411324784582,0.993235589457403,0.49736788410528465,0.005253260023891926
flickr,lambda050k_latest,2401957951,142,0.4731212556362152,0.31646573543548584,0.15665552020072937,0.78094482421875,0.30690862782553324,1.0,0.24103683233261108,0.05763711734693878,0.0,31256,7830,0,0,5.267363496664377,0.9979630676367861,0.30690862782553324,0.004690804518759251
flickr,lambda050k_latest,2404965389,143,0.3582092523574829,0.46423155069351196,-0.10602229833602905,0.408935546875,0.12980141247315638,0.9257855676614559,0.4076599180698395,0.1262157206632653,0.002072704081632653,288,32365,0,0,5.261733991697538,0.9968964926700992,0.1295032359242816,0.004786930046975613
flickr,lambda050k_latest,2432219254,144,0.505533754825592,0.41102662682533264,0.0945071280002594,0.7412261962890625,0.1973817804756864,0.9390544707091469,0.34261229634284973,0.09695870535714286,0.0026307397959183672,13315,15823,0,0,5.274121093755662,0.9992433727319904,0.19626248523252068,0.0030357965733855963
flickr,lambda050k_latest,2462141223,145,0.4930369257926941,0.2933955192565918,0.1996414065361023,0.695587158203125,0.4253232941977199,0.9468276515151515,0.23647600412368774,0.21045918367346939,0.009546396683673469,3627,9662,466,433,5.248773819743761,0.9944410378741121,0.4168299495560095,0.005074712447822094
flickr,lambda050k_latest,2465634368,146,0.43430304527282715,0.47307878732681274,-0.038775742053985596,0.40106201171875,0.24394477317554242,0.7862882717933068,0.2989218235015869,0.19593032525510204,0.024115114795918366,1671,26678,0,451,5.255769665132272,0.9957664818707249,0.2349722623299643,0.00497114472091198
flickr,lambda050k_latest,2499673064,147,0.38405171036720276,0.26574939489364624,0.11830231547355652,0.7164306640625,0.09055993531433192,0.784,0.2755974233150482,0.03985969387755102,0.007274394132653061,18176,18813,0,0,5.264679130012268,0.9974544832604664,0.0886902910150174,0.005473488476127386
flickr,lambda050k_latest,2509250774,148,0.41563206911087036,0.25472092628479004,0.16091114282608032,0.716278076171875,0.2621172446962005,0.9580078125,0.1773608922958374,0.10204081632653061,0.0042849170918367345,10278,16089,0,0,5.238871542188368,0.9925649366154788,0.2591398985629755,0.0074874525889754295
flickr,lambda050k_latest,2542659118,149,0.5722164511680603,0.47812893986701965,0.09408751130104065,0.701141357421875,0.4282817824942841,0.878739599929191,0.37556612491607666,0.11258370535714286,0.008709343112244899,18303,5418,741,222,5.265450101741244,0.9976005527907348,0.4127208480565371,0.005021025892347097
flickr,lambda050k_latest,2630218696,150,0.49052488803863525,0.20966365933418274,0.2808612287044525,0.961578369140625,0.2361012194590195,1.0,0.18627344071865082,0.1618702168367347,0.0,2518,20264,0,0,5.264502831455269,0.9974210814553938,0.2361012194590195,0.004102067090570927
flickr,lambda050k_latest,2695985181,151,0.5411680936813354,0.6255890130996704,-0.08442091941833496,0.3698272705078125,0.48527478032184673,0.6356974900202329,0.4306896924972534,0.36445711096938777,0.11194595025510204,7139,11516,0,775,5.270580585017342,0.9985725823140278,0.3931016992137966,0.0031682613771408796
flickr,lambda050k_latest,2698329253,152,0.4905130863189697,0.3261581063270569,0.16435497999191284,0.845489501953125,0.13165699973635644,0.8622922512410964,0.2892882525920868,0.09233498086734694,0.01225685586734694,8256,26889,37,36,5.26846945230154,0.9981726037512071,0.1290416357117478,0.004106825217604637
flickr,lambda050k_latest,2766580444,153,0.7735713720321655,0.8101744651794434,-0.03660309314727783,0.44183349609375,0.8501107136773973,0.18034327009936765,0.541608989238739,0.5515585140306123,0.4427016900510204,2433,880,0,4211,5.263998088894034,0.997325452126775,0.17771684945164506,0.003470577532425523
flickr,lambda050k_latest,2778088729,154,0.5386262536048889,0.3363114893436432,0.20231476426124573,0.81573486328125,0.2807449494949495,0.9360134708482425,0.243238627910614,0.09468670280612244,0.006058673469387755,9407,11645,0,304,5.251398837233435,0.9949383778637017,0.2754583746283449,0.005819257348775864
flickr,lambda050k_latest,2808068937,155,0.4976446032524109,0.4787231385707855,0.018921464681625366,0.53399658203125,0.5460354977786532,0.7054399457136394,0.3134877383708954,0.35243941326530615,0.09829400510204081,9424,8630,0,90,5.25550142593164,0.9957156608450463,0.4490883237035837,0.00396246463060379
flickr,lambda050k_latest,2811549163,156,0.637770414352417,0.665321946144104,-0.02755153179168701,0.4547882080078125,0.6663,0.6002522446773371,0.5941474437713623,0.6636838329081632,0.2062141262755102,1607,7836,1565,0,5.273557301330966,0.9991365557223012,0.4954271693062681,0.0028402800671756268
flickr,lambda050k_latest,2819123278,157,0.5271803140640259,0.2944343090057373,0.23274600505828857,0.8903961181640625,0.28681771369721937,0.9969317310150857,0.1889442652463913,0.15589126275510204,0.0,4494,20830,0,0,5.241629921075982,0.9930875434676795,0.28681771369721937,0.005913669243454933
flickr,lambda050k_latest,2858344348,158,0.4208897352218628,,,,0.2477591036414566,0.9879921809550405,0.2083490788936615,0.1427375637755102,0.0,0,23749,797,0,5.25853940152151,0.9962912405332512,0.2477591036414566,0.005044250749051571
flickr,lambda050k_latest,2895192729,159,0.3682129979133606,0.18051594495773315,0.18769705295562744,0.8346710205078125,0.18644410042404255,0.9998195271611623,0.15294304490089417,0.1104312818877551,0.0,4296,25798,0,0,5.240445932934941,0.9928632231909362,0.18644410042404255,0.007126331329345703
flickr,lambda050k_latest,2897081671,160,0.4240301251411438,0.28349047899246216,0.14053964614868164,0.7718963623046875,0.1531998295696634,0.9632447492498929,0.11615477502346039,0.09299266581632654,0.0,2141,23776,0,0,5.25453808160117,0.995533144095664,0.1531998295696634,0.005336104892194271
flickr,lambda050k_latest,2897653916,161,0.4608205556869507,0.3133700489997864,0.1474505066871643,0.8099365234375,0.03533784533451681,0.28285968028419184,0.21976862847805023,0.022441007653061226,0.015764508928571428,18632,9865,0,0,5.2624198583368225,0.9970264380546855,0.03248674010607915,0.005246774759143591
flickr,lambda050k_latest,2907554899,162,0.40048253536224365,0.41734224557876587,-0.016859710216522217,0.44256591796875,0.11039432436891602,0.8780839895013124,0.25617334246635437,0.07593271683673469,0.008450255102040817,11746,27992,54,0,5.263374529399921,0.9972073115530339,0.10887109896189268,0.005105284508317709
flickr,lambda050k_latest,2935372113,163,0.495851993560791,0.2895289361476898,0.2063230574131012,0.827392578125,0.304883922550814,0.829837441006817,0.20817701518535614,0.11401865433673469,0.01783721301020408,14253,11519,0,527,5.253681261616913,0.9953708096183789,0.2883126347432666,0.005689662415534258
flickr,lambda050k_latest,2961466546,164,0.4332980215549469,0.4434797763824463,-0.01018175482749939,0.443145751953125,0.14305427782888686,0.8209866358686685,0.45278200507164,0.12079480229591837,0.017159598214285716,11933,20806,1567,0,5.266865342983742,0.9978686866479678,0.1395988217141254,0.004639547783881426
flickr,lambda050k_latest,3012435981,165,0.3679998517036438,0.5338128209114075,-0.16581296920776367,0.3463592529296875,0.12113259973096346,0.36305353602115004,0.31760770082473755,0.15076929209183673,0.08980389030612244,9339,14180,588,0,5.245913046516733,0.9938990312274728,0.10105042403281886,0.005794020369648933
flickr,lambda050k_latest,3052033339,166,0.5686326622962952,0.6893515586853027,-0.12071889638900757,0.3957672119140625,0.4346769957983193,0.3908500590318772,0.4296857416629791,0.33761160714285715,0.13584183673469388,16572,8692,0,0,5.258810519177251,0.996342606915614,0.3002993468795356,0.0042356885969638824
flickr,lambda050k_latest,3102685146,167,0.38132166862487793,0.30016809701919556,0.08115357160568237,0.6769638061523438,0.11141010175992082,1.0,0.18798357248306274,0.03589365433673469,0.0,14155,18629,0,0,5.256837585944534,0.9959688118467125,0.11141010175992082,0.0066371941938996315
flickr,lambda050k_latest,3109408703,168,0.3124713897705078,0.26633888483047485,0.04613250494003296,0.570281982421875,0.06670886942239256,0.7239138507240995,0.1487918198108673,0.05367107780612245,0.014229910714285714,3146,25042,0,438,5.258188898814492,0.996224833732784,0.06511791034805264,0.006212168373167515
flickr,lambda050k_latest,3202731977,169,0.6587597131729126,0.4077949821949005,0.2509647309780121,0.8631439208984375,0.7571546221947705,0.8473014227291055,0.31467920541763306,0.3460020727040816,0.032545440051020405,3473,3950,65,926,5.263776576612542,0.9972834840575318,0.6984473671715493,0.003614228218793869
flickr,lambda050k_latest,3207674548,170,0.5946769118309021,0.3486335873603821,0.24604332447052002,0.94122314453125,0.5063483301131659,0.9178006804082449,0.2899892330169678,0.19917889030612246,0.00874920280612245,9458,8925,0,410,5.257672880518754,0.9961270680855685,0.4943677913118465,0.004901764914393425
flickr,lambda050k_latest,3230152596,171,0.5400243997573853,0.4823612868785858,0.05766311287879944,0.59014892578125,0.2609011627906977,0.9642405729934695,0.33858391642570496,0.1892139668367347,0.0026307397959183672,7204,21264,3,0,5.266899218695377,0.9978751047941852,0.25992333901192505,0.004215063527226448
flickr,lambda050k_latest,3403348616,172,0.44145095348358154,0.19441640377044678,0.24703454971313477,0.7772064208984375,0.3019263923244135,1.0,0.1595521718263626,0.12041613520408163,0.0,6243,13927,0,0,5.238808584744463,0.9925530085980012,0.3019263923244135,0.0072977496311068535
flickr,lambda050k_latest,3413119417,173,0.36330971121788025,0.18123625218868256,0.1820734590291977,0.75543212890625,0.19483459813005743,1.0,0.1488364040851593,0.09261399872448979,0.0,10433,19184,0,0,5.241369226763962,0.9930381519085999,0.19483459813005743,0.0074033113196492195
flickr,lambda050k_latest,3416359816,174,0.5498940944671631,0.3912011384963989,0.15869295597076416,0.811676025390625,0.33345878810688745,0.760623837458864,0.32435646653175354,0.13928970025510204,0.03125,21374,11339,0,0,5.257203501769179,0.9960381388409651,0.3035979440319817,0.005873158574104309
flickr,lambda050k_latest,3484198977,175,0.3977009356021881,0.3363598585128784,0.06134107708930969,0.662689208984375,0.060401748349297874,1.0,0.2080874741077423,0.02588887117346939,0.0,12972,20470,0,0,5.26900140613611,0.9982733885709608,0.060401748349297874,0.004662466235458851
flickr,lambda050k_latest,3535748358,176,0.4624861478805542,0.293935626745224,0.1685505211353302,0.6817169189453125,0.34177215189873417,1.0,0.16966989636421204,0.17972735969387754,0.0,7648,14981,0,0,5.237667857373852,0.9923368845756447,0.34177215189873417,0.006185153964906931
flickr,lambda050k_latest,3568893693,177,0.48473745584487915,0.5537160634994507,-0.06897860765457153,0.5015411376953125,0.11806216301934666,0.5713737528779739,0.3514956533908844,0.10387436224489796,0.044025031887755105,3464,20076,145,231,5.26163351659742,0.9968774564977905,0.10855538949440455,0.005708526819944382
flickr,lambda050k_latest,3668283413,178,0.23027420043945312,0.17466433346271515,0.055609866976737976,0.557708740234375,0.039456405558100476,0.8741542625169147,0.10933809727430344,0.029456313775510203,0.003706951530612245,4691,26425,0,186,5.258659793145415,0.9963140501218406,0.03923354893565333,0.007163660600781441
flickr,lambda050k_latest,3709678770,179,0.33940112590789795,0.17421025037765503,0.16519087553024292,0.7462158203125,0.1394151138716356,1.0,0.14021247625350952,0.10736208545918367,0.0,3391,27679,445,0,5.233713060556748,0.9915876024792076,0.1394151138716356,0.007763157598674297
flickr,lambda050k_latest,3719297546,180,0.43888726830482483,0.3270934820175171,0.11179378628730774,0.670989990234375,0.17774026287230194,1.0,0.2159595787525177,0.08812978316326531,0.0,6111,16581,0,0,5.263104244395508,0.9971561029261161,0.17774026287230194,0.004448431544005871
flickr,lambda050k_latest,3727937033,181,0.33953481912612915,0.1530209183692932,0.18651390075683594,0.8674468994140625,0.17609906504873682,1.0,0.13340185582637787,0.07057158801020408,0.0,9313,16034,0,0,5.264791319105964,0.9974757387846335,0.17609906504873682,0.004855419043451548
flickr,lambda050k_latest,3749326537,182,0.547884464263916,0.784077525138855,-0.23619306087493896,0.13763427734375,0.2987391334747244,0.4941022280471822,0.38492652773857117,0.25851004464285715,0.11959901147959184,12514,15421,0,0,5.252560846260945,0.9951585339426299,0.23344078384235736,0.004774332046508789
flickr,lambda050k_latest,3790233127,183,0.499036580324173,0.284772664308548,0.214263916015625,0.8140716552734375,0.42735345572115063,1.0,0.17518725991249084,0.1923030931122449,0.0,5562,14404,0,0,5.256117425090581,0.9958323690256584,0.42735345572115063,0.004828318953514099
flickr,lambda050k_latest,3801318146,184,0.6398059129714966,0.5423828959465027,0.0974230170249939,0.707000732421875,0.6896748529920442,0.8003893862149252,0.4384806156158447,0.49647241709183676,0.07890226403061225,8579,5662,1619,1618,5.267278832186219,0.9979470269700663,0.6066050077580699,0.0036146112252026796
flickr,lambda050k_latest,3828103578,185,0.4896344542503357,0.39977896213531494,0.08985549211502075,0.595062255859375,0.2690951821386604,0.5528972783143108,0.1926276534795761,0.13620057397959184,0.03431919642857143,12880,12864,0,0,5.240284632385755,0.9928326629322833,0.2396993053573128,0.00580761581659317
flickr,lambda050k_latest,3896768873,186,0.600899338722229,0.584201991558075,0.016697347164154053,0.529815673828125,0.525285746188359,0.8475497903563941,0.34406301379203796,0.3042091836734694,0.03148915816326531,1731,10732,88,147,5.254248906479683,0.9954783565171141,0.4936184825533701,0.00539745669811964
flickr,lambda050k_latest,3908875350,187,0.4714069962501526,0.4258408546447754,0.0455661416053772,0.5895233154296875,0.1709644968962387,0.9416216216216217,0.34294983744621277,0.07374043367346939,0.0017338966836734694,13866,14029,0,0,5.268516772259531,0.9981815690657267,0.17023771713371283,0.0047643957659602165
flickr,lambda050k_latest,3956341886,188,0.40418776869773865,0.376961886882782,0.027225881814956665,0.5783843994140625,0.02614755722029137,0.7951807228915663,0.2911659777164459,0.01819595025510204,0.0037268813775510204,9641,20810,0,187,5.272551485271765,0.9989459922116275,0.0259726321438154,0.003958580084145069
flickr,lambda050k_latest,4007045926,189,0.7035863399505615,0.5917249321937561,0.11186140775680542,0.6919708251953125,0.8185629663820294,0.4917733512039562,0.4557661712169647,0.4312220982142857,0.19557158801020408,7094,2964,0,2099,5.267852572527703,0.9980557287278958,0.4664431001227424,0.0032827674876898527
flickr,lambda050k_latest,4041216001,190,0.6127667427062988,0.4392489194869995,0.17351782321929932,0.76092529296875,0.44174650125822257,0.8852778105461838,0.3364320993423462,0.337890625,0.024553571428571428,6131,19038,4236,170,5.265284914362095,0.9975692561270936,0.42628910632375705,0.0035336213186383247
flickr,lambda050k_latest,4180455681,191,0.34610557556152344,0.30714285373687744,0.038962721824645996,0.6280364990234375,0.04551313033671661,0.19042804179305697,0.26983967423439026,0.05913185586734694,0.04787149234693878,15012,14093,0,686,5.257898253462299,0.996169767601986,0.038134449244060474,0.006325672380626202
flickr,lambda050k_latest,4303617148,192,0.4349537491798401,0.23036324977874756,0.20459049940109253,0.8338623046875,0.19631053312257507,0.9673393520977164,0.1812349259853363,0.11258370535714286,0.0034279336734693877,4180,23808,0,172,5.256527565394574,0.9959100748601225,0.19510497000856897,0.005281767807900906
flickr,lambda050k_latest,4351373013,193,0.3592909574508667,0.27102628350257874,0.08826467394828796,0.7282257080078125,0.03219078206619045,0.5460237946149029,0.2551508843898773,0.03182796556122449,0.014449139030612245,7338,23477,0,578,5.268975644379486,0.9982685077075678,0.03135168173728585,0.004161488264799118
flickr,lambda050k_latest,4407899725,194,0.522010326385498,0.44208234548568726,0.07992798089981079,0.6482696533203125,0.40947841082875086,0.9536602000606245,0.2586892247200012,0.2629942602040816,0.0,3886,11706,224,0,5.269572713557987,0.9983816293839711,0.40947841082875086,0.0032509127631783485
flickr,lambda050k_latest,4479260803,195,0.4549345076084137,0.29267069697380066,0.16226381063461304,0.7203826904296875,0.28544613528189317,0.9703737465815861,0.24121280014514923,0.08745216836734694,0.001992984693877551,6211,12422,295,85,5.256306814128184,0.9958682509740112,0.2835453153093161,0.005925760604441166
flickr,lambda050k_latest,4543136011,196,0.2959924340248108,0.17993667721748352,0.11605575680732727,0.7118072509765625,0.0972200652275198,0.564167267483778,0.12048472464084625,0.05528539540816327,0.0107421875,8633,19747,0,0,5.2351417211434,0.9918582787867322,0.09407026718360233,0.008938987739384174
flickr,lambda050k_latest,4576746825,197,0.45681482553482056,0.3806675672531128,0.07614725828170776,0.666595458984375,0.18813358719703596,1.0,0.2694248855113983,0.036431760204081634,0.0,20994,9229,0,0,5.266727192186249,0.9978425123780982,0.18813358719703596,0.005484793335199356
flickr,lambda050k_latest,4646464908,198,0.32764923572540283,0.19265583157539368,0.13499340415000916,0.6804361979166667,0.18608879865831052,0.9021739130434783,0.0953870341181755,0.11643016581632654,0.0,227,24043,0,0,5.254107071044549,0.9954514841499356,0.18608879865831052,0.005042350850999355
flickr,lambda050k_latest,4657718822,199,0.33990514278411865,0.1922842413187027,0.14762090146541595,0.7968902587890625,0.08772529256000683,1.0,0.14734458923339844,0.040935905612244895,0.0,6648,23176,0,0,5.259520153727042,0.996477055406336,0.08772529256000683,0.006117205135524273
flickr,lambda050k_latest,4717096777,200,0.4911802411079407,0.4193674623966217,0.07181277871131897,0.5937652587890625,0.31953630481667866,0.8223404255319149,0.3572347164154053,0.21544164540816327,0.031050701530612245,15506,15983,4964,0,5.270377825805413,0.9985341672311773,0.30259037374906395,0.0029037268832325935
flickr,lambda050k_latest,4755507106,201,0.37653759121894836,0.38142675161361694,-0.004889160394668579,0.4256591796875,0.18454471764388003,0.9941775836972343,0.16680996119976044,0.06845902423469388,0.0003985969387755102,7208,15603,0,0,5.256421826690891,0.9958900414371089,0.18434547908232118,0.005326974205672741
flickr,lambda050k_latest,4758950312,202,0.6508946418762207,0.4818713963031769,0.16902324557304382,0.6962738037109375,0.743721527858895,0.5842356395668931,0.3167491853237152,0.32579320790816324,0.09412866709183673,8440,3926,255,1353,5.251572852192112,0.9949713470146034,0.5437387913120214,0.004508625715970993
flickr,lambda050k_latest,4767923306,203,0.27871838212013245,0.2114855945110321,0.06723278760910034,0.6548919677734375,0.06326671589528596,1.0,0.14943203330039978,0.02646683673469388,0.0,7105,25908,0,0,5.265770613616402,0.9976612774804868,0.06326671589528596,0.006242045201361179
flickr,lambda050k_latest,4876943924,204,0.37670230865478516,0.19820325076580048,0.17849905788898468,0.819610595703125,0.2034313725490196,0.8417849898580122,0.19761747121810913,0.02947624362244898,0.0045639349489795915,31353,5113,149,0,5.265418059550627,0.9975944820263263,0.19609387305087414,0.0071022482588887215
flickr,lambda050k_latest,4938432980,205,0.6937394738197327,0.41735655069351196,0.2763829231262207,0.8952789306640625,0.7053798618684115,0.9280248684839789,0.27149340510368347,0.29171316964285715,0.01807637117346939,13883,6200,0,0,5.256351557610898,0.9958767281454263,0.6736510612973616,0.0040583182126283646
flickr,lambda050k_latest,4957886467,206,0.3220556080341339,0.4755605459213257,-0.15350493788719177,0.434814453125,0.07003704394637955,0.3015836584806059,0.24283060431480408,0.0868343431122449,0.05586336096938776,5463,20347,0,7,5.2454977733531125,0.993820352913258,0.06093347863386584,0.006741086021065712
flickr,lambda050k_latest,4965189170,207,0.5400705337524414,0.4751408100128174,0.06492972373962402,0.6635894775390625,0.2760639863914423,0.6720019111323459,0.27819252014160156,0.12513950892857142,0.03794642857142857,16486,11777,0,0,5.258031050230247,0.9961949274889005,0.24548389911859675,0.0047858525067567825
flickr,lambda050k_latest,5006362787,208,0.24587586522102356,,,,0.00598274618733474,1.0,0.09554250538349152,0.004464285714285714,0.0,500,32096,108,0,5.263813274373779,0.9972904368737562,0.00598274618733474,0.007305104285478592
flickr,lambda050k_latest,5130986168,209,0.47389233112335205,0.17116346955299377,0.3027288615703583,0.7811279296875,0.4302349924111582,0.9808495406276101,0.16787126660346985,0.16703204719387754,0.0,10871,11697,191,0,5.230630576560575,0.9910035901575385,0.4302349924111582,0.0066062044352293015
flickr,lambda050k_latest,5179649119,210,0.23967376351356506,0.2469307780265808,-0.007257014513015747,0.493438720703125,0.03667982502933959,0.5471037555697008,0.20915059745311737,0.03130978954081633,0.013831313775510204,10608,20568,445,67,5.249564069337728,0.9945907598193497,0.03562472799618677,0.009543750435113907
flickr,lambda050k_latest,5194793239,211,0.5419611930847168,0.27716463804244995,0.26479655504226685,0.883880615234375,0.36934071824191533,0.8697408280040391,0.24040618538856506,0.11842315051020408,0.015425701530612245,20306,10517,0,0,5.252841130919441,0.995211637119918,0.34998137676497476,0.005291776731610298
flickr,lambda050k_latest,5220919991,212,0.4066551923751831,0.36530083417892456,0.041354358196258545,0.5958099365234375,0.10982572115384616,0.8244360902255639,0.25823774933815,0.07952008928571429,0.013771524234693877,7358,24941,164,691,5.267205489785299,0.9979331314021117,0.1073491498874131,0.004549869801849127
flickr,lambda050k_latest,5237296528,213,0.5078421831130981,0.6682758331298828,-0.16043365001678467,0.18231201171875,0.19250968575118382,0.5218933806367286,0.45925718545913696,0.2134685905612245,0.10190130739795919,11421,13297,251,79,5.264474727328059,0.9974157568027432,0.16368720809358575,0.004910018295049667
flickr,lambda050k_latest,5303633386,214,0.5951638221740723,0.48184967041015625,0.11331415176391602,0.7913665771484375,0.43721089150546677,0.9405744656790682,0.33021244406700134,0.17623963647959184,0.002331792091836735,16117,12218,0,0,5.267664968928816,0.9980201850516025,0.4345384253696254,0.004065332002937794
flickr,lambda050k_latest,5344317532,215,0.6715725660324097,0.468441903591156,0.20313066244125366,0.866607666015625,0.6578947368421053,0.8483741050119332,0.3901588022708893,0.26721938775510207,0.02863919005102041,10436,6949,5,107,5.267005248339974,0.9978951933393272,0.6074117584236663,0.003992953337728977
flickr,lambda050k_latest,5480070309,216,0.4610503315925598,0.277390718460083,0.1836596131324768,0.8590240478515625,0.2255358807082945,0.8066666666666666,0.2011294662952423,0.08669483418367346,0.015326052295918368,20932,12598,0,0,5.252102403848879,0.995071676713929,0.21491348951156025,0.006676509045064449
flickr,lambda050k_latest,5490101320,217,0.5361918210983276,0.38420408964157104,0.1519877314567566,0.741455078125,0.4131474031713961,0.9973001219299773,0.30719587206840515,0.22883450255102042,0.0,3030,11959,48,0,5.265054323456215,0.9975255680072312,0.4131474031713961,0.004228080157190561
flickr,lambda050k_latest,5601291878,218,0.3205403685569763,0.20461586117744446,0.11592450737953186,0.6769866943359375,0.09134071272807574,0.5419259744513594,0.1596360057592392,0.060845822704081634,0.00027901785714285713,11327,20515,0,0,5.254783948075523,0.9955797263490302,0.09127016963177492,0.00662654172629118
flickr,lambda050k_latest,5607310495,219,0.39475926756858826,0.2944890260696411,0.10027024149894714,0.7707672119140625,0.06469669356938297,0.9756029164329781,0.2101866751909256,0.03553491709183673,0.00011957908163265306,1793,26286,8,3,5.267634530042294,0.9980144180517384,0.06468225932398765,0.004418664146214724
flickr,lambda050k_latest,5697766486,220,0.49319887161254883,0.4830940067768097,0.010104864835739136,0.522796630859375,0.30793963444660083,0.5400833163991059,0.3461431562900543,0.19614955357142858,0.0869140625,13708,10060,0,0,5.239213652398085,0.9926297533600562,0.24583188807954676,0.006066283211112022
flickr,lambda050k_latest,5801923729,221,0.40389537811279297,0.2198038399219513,0.18409153819084167,0.885589599609375,0.19613899613899613,0.9814054576189326,0.16726770997047424,0.08252949617346939,0.0015345982142857143,13544,16966,0,77,5.255962588917827,0.995803033518048,0.19541279992306582,0.006028590723872185
flickr,lambda050k_latest,5873098388,222,0.4675638675689697,0.18686813116073608,0.28069573640823364,0.9098052978515625,0.3472583533227474,0.9805857660751764,0.12326401472091675,0.2089046556122449,0.0,2943,21036,0,0,5.235882151328427,0.9919985618674971,0.3472583533227474,0.005932258442044258
flickr,lambda050k_latest,5906878321,223,0.538200855255127,0.4594617486000061,0.07873910665512085,0.6047821044921875,0.3611637114821828,0.48927238805970147,0.2670777440071106,0.25637755102040816,0.09169722576530612,14831,12306,0,135,5.195373504532629,0.9843237292025879,0.2857272562193572,0.00730840303003788
flickr,lambda050k_latest,5991393107,224,0.353409081697464,0.44055843353271484,-0.08714935183525085,0.3285675048828125,0.09226728733860695,0.7466276406210232,0.24487996101379395,0.07830436862244898,0.01775749362244898,8326,23890,0,0,5.25447626067864,0.9955214314053339,0.08975202313022992,0.005646757781505585
flickr,lambda050k_latest,6067281197,225,0.37611284852027893,0.31956595182418823,0.0565468966960907,0.7126922607421875,0.10587668414907615,0.8019371139809096,0.20891889929771423,0.07099011479591837,0.012755102040816327,7154,22082,0,0,5.257580608295024,0.9961095860432698,0.10342330599757418,0.006398224271833897
flickr,lambda050k_latest,6098668510,226,0.31677472591400146,0.22377163171768188,0.09300309419631958,0.5915374755859375,0.14451068735872813,1.0,0.18518604338169098,0.09492586096938775,0.0,5604,25582,140,0,5.234755183877856,0.9917850448214813,0.14451068735872813,0.008722612634301186
flickr,lambda050k_latest,6158154336,227,0.5981723070144653,0.16574552655220032,0.432426780462265,0.955108642578125,0.5367060454171837,0.9900993042754356,0.08982622623443604,0.33516023596938777,0.0,2492,15481,0,0,5.2141226594764944,0.9878759739252516,0.5367060454171837,0.005830979906022549
flickr,lambda050k_latest,6185482260,228,0.43044114112854004,0.3193399906158447,0.11110115051269531,0.6351318359375,0.27825540823447314,0.9941657524683355,0.2248237580060959,0.19983657525510204,5.978954081632653e-05,4942,25954,19,0,5.260619445524437,0.9966853289790734,0.2782321089650553,0.004520135931670666
flickr,lambda050k_latest,6289328021,229,0.4525216817855835,0.2600064277648926,0.19251525402069092,0.798858642578125,0.2565373134328358,0.7992931547619048,0.21997465193271637,0.10714285714285714,0.01807637117346939,13805,14771,0,91,5.256261986206189,0.9958597578045958,0.24335957410658662,0.005656365305185318
flickr,lambda050k_latest,6458319057,230,0.39706557989120483,0.2809566259384155,0.1161089539527893,0.705108642578125,0.16194085108236422,0.9849006622516556,0.22370360791683197,0.07523517219387756,0.0,16874,19195,0,0,5.263903084291845,0.9973074524037066,0.16194085108236422,0.0049485210329294205
flickr,lambda050k_latest,6669466181,231,0.5429274439811707,0.7696223258972168,-0.22669488191604614,0.171356201171875,0.5318532818532818,0.7674094707520891,0.2840648591518402,0.33627630739795916,0.07073102678571429,2070,6738,122,34,5.260696120330029,0.9966998559097184,0.4641871303100914,0.0036681354977190495
flickr,lambda050k_latest,6755812421,232,0.5117840766906738,0.4548121690750122,0.05697190761566162,0.5643310546875,0.31435606466117116,0.920732472093315,0.20618753135204315,0.15890066964285715,0.009964923469387755,3825,16636,0,50,5.258950811048003,0.9963691868366295,0.30776648150089086,0.004328480456024408
flickr,lambda050k_latest,6897499873,233,0.24019405245780945,0.15613752603530884,0.08405652642250061,0.6393890380859375,0.09450775142440705,0.687801350048216,0.10277272015810013,0.041334502551020405,0.001953125,12186,16553,0,0,5.24388238095194,0.993514298099093,0.09389810426540285,0.009385661222040653
flickr,lambda050k_latest,7178293884,234,0.39423656463623047,0.28683266043663025,0.10740390419960022,0.6714935302734375,0.16369474975850457,1.0,0.27350953221321106,0.12496014030612244,0.0,1699,26396,1465,0,5.254611413881387,0.9955470377461341,0.16369474975850457,0.00592674408107996
flickr,lambda050k_latest,7387939334,235,0.4509596526622772,0.5109703540802002,-0.060010701417922974,0.46282958984375,0.07245878333447983,0.29890276201286414,0.3490486443042755,0.10534917091836735,0.06080596301020408,8663,21135,0,0,5.26083955285755,0.9967270308645615,0.06356486230965744,0.0057210857048630714
flickr,lambda050k_latest,7560517176,236,0.34161868691444397,0.2763102650642395,0.06530842185020447,0.5822906494140625,0.16458344804801497,0.8559564719358533,0.1930331140756607,0.06959502551020408,0.0012157206632653062,10027,20488,0,0,5.259782671774168,0.9965267924931701,0.16403248820107563,0.005812906194478273
flickr,lambda050k_latest,7623513024,237,0.3531762361526489,0.21427512168884277,0.13890111446380615,0.8028717041015625,0.09028134451863265,1.0,0.13096389174461365,0.015764508928571428,0.0,13847,9088,0,0,5.262369705659568,0.9970169360486677,0.09028134451863265,0.006831867154687643
flickr,lambda050k_latest,7733838448,238,0.450919508934021,0.30763542652130127,0.14328408241271973,0.6849212646484375,0.2916126169181402,0.9224165856818918,0.2077081799507141,0.1845703125,0.0,11113,19417,0,0,5.249684762850164,0.9946136266042205,0.2916126169181402,0.0054322476498782635
flickr,lambda050k_latest,7740990330,239,0.48174622654914856,0.2524757385253906,0.22927048802375793,0.8352508544921875,0.3760122401761391,0.9084024522178147,0.18004626035690308,0.22106186224489796,0.0034478635204081634,4811,16853,244,53,5.225794475081958,0.990087334677912,0.3736002966258806,0.006701628677546978
flickr,lambda050k_latest,7897462346,240,0.30237138271331787,0.33182352781295776,-0.029452145099639893,0.582794189453125,0.12754962790443786,0.7964099068393546,0.10479938983917236,0.08771125637755102,0.006576849489795918,1710,24666,0,0,5.240130509047327,0.9928034624793983,0.12603606681170104,0.007300506345927715
flickr,lambda050k_latest,8250285374,241,0.5637620687484741,0.1352124810218811,0.428549587726593,0.95208740234375,0.4962515114873035,0.9894719922848187,0.12228270620107651,0.2479870854591837,0.0,4320,13093,0,0,5.2217248888993835,0.9893163044056806,0.4962515114873035,0.006129416637122631
flickr,lambda050k_latest,8294094053,242,0.5299322605133057,0.26412251591682434,0.2658097445964813,0.8307342529296875,0.4366044371282128,0.9977770177838577,0.1449187994003296,0.23309948979591838,0.0,3149,16494,89,0,5.237331345753075,0.9922731285486346,0.4366044371282128,0.005399645771831274
flickr,lambda050k_latest,8311669586,243,0.6550021767616272,0.7665060758590698,-0.11150389909744263,0.2951507568359375,0.7065377601239101,0.5881300948261521,0.42159226536750793,0.4791932397959184,0.16426179846938777,7805,4921,0,0,5.250862895453322,0.9948368374814411,0.5004512236122662,0.004248261451721191
flickr,lambda050k_latest,8396975855,244,0.5457135438919067,0.4451499283313751,0.10056361556053162,0.67755126953125,0.47917215924070655,0.7085079426956437,0.3689843714237213,0.2045001594387755,0.057936065051020405,17192,10239,0,529,5.267448539745952,0.9979791800343117,0.4021240112838099,0.003895682282745838
flickr,lambda050k_latest,9060997789,245,0.6128301024436951,0.43818411231040955,0.17464599013328552,0.7537384033203125,0.6902859920602771,0.9181645760593129,0.23887892067432404,0.4623525191326531,0.019690688775510203,6441,6275,0,0,5.254443148230019,0.9955151578681413,0.6688700130316685,0.004161153919994831
flickr,lambda050k_latest,9309351423,246,0.6536590456962585,0.5374600291252136,0.11619901657104492,0.6293792724609375,0.730740990026311,0.6628462008103457,0.23022161424160004,0.3590760522959184,0.08107461734693877,11216,4209,0,0,5.23592836819555,0.992007318188666,0.5851011709372397,0.004855109378695488
flickr,lambda050k_latest,9456627660,247,0.4429817199707031,0.2542646527290344,0.1887170672416687,0.82171630859375,0.15579245134759948,0.9267684636958554,0.14647631347179413,0.06395487882653061,0.003049266581632653,7803,17490,0,0,5.2555521411462305,0.9957252694302826,0.15455372222944005,0.00525545421987772
flickr,lambda050k_latest,9636000842,248,0.32682234048843384,0.4439278542995453,-0.11710551381111145,0.36492919921875,0.05714285714285714,0.5747091243110839,0.23389729857444763,0.06509088010204081,0.012476084183673469,5562,30799,0,0,5.256580552398342,0.9959201138621504,0.05607420795554693,0.006585730705410242
flickr,lambda050k_latest,9761803312,249,0.48768651485443115,0.3431146740913391,0.14457184076309204,0.7259674072265625,0.426779463243874,1.0,0.22748950123786926,0.17494419642857142,0.0,10839,14540,0,0,5.254523035133598,0.9955302933679812,0.426779463243874,0.0053848084062337875
