sample_id,IoU_ORIGINAL_AUD,IoU_T2_CHUNK1,IoU_T2_CHUNK2,IoU_T2_RAW_MEAN,IoU_T2_RAW_GEO,IoU_T2_NORM_MEAN,IoU_T2_NORM_GEO,IoU_T4_CHUNK1,IoU_T4_CHUNK2,IoU_T4_CHUNK3,IoU_T4_CHUNK4,IoU_T4_RAW_MEAN,IoU_T4_RAW_GEO,IoU_T4_NORM_MEAN,IoU_T4_NORM_GEO,IoU_OGL_REFERENCE,original_pred_area,gt_area,is_over_expansion,T2_map_pearson,T2_map_spearman,T2_map_js_divergence,T4_map_pearson,T4_map_spearman,T4_map_js_divergence,delta_T2_RAW_MEAN,delta_T2_RAW_GEO,delta_T4_RAW_MEAN,delta_T4_RAW_GEO,delta_OGL
-0BIyqJj9ZU_000030,0.299209068494028,0.2971696647714916,0.2944506636814329,0.2988748918165208,0.2988461538461539,0.29888447236825233,0.29593059936908517,0.30415923214175844,0.29422935555011026,0.29865411348414,0.2899671675716631,0.30013909964592816,0.300091664822834,0.2997631454287068,0.2974515736610624,0.34181855912565284,28437,12136,True,0.9945152196919732,0.9949764521193093,2.576032766014413e-06,0.9893387448265966,0.9897244645613029,5.5292043384517225e-06,-0.00033417667750718083,-0.0003629146478741352,0.000930031151900157,0.0008825963288059957,0.042609490631624836
-0UuUoXQUoI_000107,0.6284455632473254,0.6276126920171241,0.623482784245727,0.6267191797949487,0.6267191797949487,0.6267583619881213,0.6267742137185018,0.625900656762099,0.6234487868123727,0.6228603324237162,0.5983635507417,0.6264353469795307,0.6265443654062149,0.6262947709971297,0.6264044943820225,0.45500074378935884,13084,12792,True,0.9985445281645267,0.9981289196662656,1.44046025078994e-06,0.9980110092710053,0.9976885092186035,3.925567217938418e-06,-0.0017263834523766342,-0.0017263834523766342,-0.002010216267794629,-0.0019011978411104247,-0.17344481945796653
-2-wdcN5vOw_000017,0.6180354539500095,0.6153146290889087,0.6215286570439774,0.6182044835090537,0.6182256122039341,0.6181752873563219,0.6181672195575464,0.6169911129919594,0.6124653798177552,0.6237834870907133,0.6205129286708567,0.6185908946868068,0.6186120207034963,0.618595905604969,0.6185536517862802,0.5247595067467234,32228,44352,False,0.9996399298434148,0.9993353999155304,4.1775616813013547e-07,0.9995699974956492,0.9992772274860745,4.0155024973888145e-07,0.00016902955904418704,0.0001901582539246549,0.0005554407367973635,0.0005765667534868291,-0.09327594720328602
-23CeprtibU_000030,0.35660546925150854,0.3600372854146708,0.3542022919272096,0.3569464785837252,0.3569464785837252,0.35696300102774925,0.3569556503417442,0.36228957994651007,0.35844022575679835,0.3542241226627533,0.3546157601294931,0.3571410226776588,0.3571501951921101,0.35718872819748776,0.35727501670350004,0.39265782767186036,38448,14385,True,0.998153055936576,0.9966084676744575,3.1838611999717413e-07,0.9967744030847108,0.9949405924025214,5.756082623684215e-07,0.0003410093322166463,0.0003410093322166463,0.0005355534261502481,0.0005447259406015648,0.036052358420351815
-2Dm0VjW8oM_000001,0.5905244122965642,0.592252729317036,0.5883731833098922,0.5906229650531799,0.5906229650531799,0.5906591418855365,0.5906591418855365,0.5908246182997485,0.5910312273057371,0.6052555587640774,0.5846425482848083,0.5931534142365513,0.5931534142365513,0.5929293295178759,0.5928998369860532,0.5793792781580585,21550,22428,False,0.9996410555084914,0.9993624939237702,6.524485159749432e-07,0.9994224815897762,0.9990121312093755,1.1590580140144182e-06,9.855275661574403e-05,9.855275661574403e-05,0.0026290019399871634,0.0026290019399871634,-0.011145134138505708
-2sOH8XovEE_000484,0.15380407338831847,0.1588163726427392,0.15177310854580184,0.15561800144760932,0.15557825735325417,0.15539305301645337,0.15544592353166334,0.16034218030269795,0.1559100797679478,0.15094573387296606,0.15172900494001412,0.1554789858771482,0.15544592353166334,0.15530061610367538,0.1549779511533243,0.1596767147225863,23764,3655,True,0.9910240356410328,0.9895337439934975,1.1566468474149627e-05,0.9941571934072702,0.9928307129177325,6.5536961259748916e-06,0.0018139280592908424,0.0017741839649356994,0.0016749124888297273,0.001641850143344864,0.00587264133426782
-3Kv4fdm7Uk_000030,0.21268510538274701,0.2359716607988873,0.1949931757776022,0.21390858944050434,0.213832762219859,0.2131527287004319,0.21357199055861525,0.24885405207187386,0.22831069431010556,0.2066458587088916,0.1855370629848604,0.21547926175828538,0.21543650793650793,0.21446630323141344,0.21506952422453748,0.26331360946745563,25526,5429,True,0.9969880386072334,0.9975360390153719,3.945685204036892e-06,0.9962186776260107,0.9963276993733848,4.325073600096716e-06,0.0012234840577573236,0.0011476568371119877,0.0027941563755383703,0.002751402553760912,0.05062850408470862
-4bPiXbovf0_000008,0.3683596786732314,0.3696423341035571,0.36845511617371046,0.3690271515230155,0.3690271515230155,0.36905109489051097,0.36905109489051097,0.36729135594319434,0.3770074681118234,0.37053094768175493,0.36136813221874803,0.37002859370938396,0.37002859370938396,0.36998407902004743,0.36923326308964177,0.5110013669033027,30600,11644,True,0.9997051440020563,0.9994724637219199,2.442951093008198e-07,0.9983343694666006,0.9974563507558432,1.337113148689599e-06,0.0006674728497841342,0.0006674728497841342,0.001668915036152574,0.001668915036152574,0.14264168823007128
-5CGQGSFGyg_000060,0.2660986547085202,0.2623342175066313,0.26926218350122516,0.2659197848980506,0.2659078687936906,0.2658483042874423,0.26587212688740536,0.2525536261491318,0.28044803629661136,0.2700955848884843,0.2686283386147578,0.26727321862895237,0.2672611809214971,0.2672972972972973,0.267381606812959,0.35866279772699794,22300,5934,True,0.9980503147342324,0.9971248475962037,1.274194920435988e-06,0.9979837878014081,0.9969439552470734,1.4138262898163349e-06,-0.00017886981046955075,-0.00019078591482957208,0.0011745639204321923,0.001162526212976911,0.09256414301847776
-5z9IXBJefc_000227,0.23364234851538357,0.2343671722002095,0.23297491039426524,0.23312198606894088,0.23310116974729886,0.2331384189617462,0.2331384189617462,0.23697230313959403,0.23250991705733862,0.23525542644156983,0.22352237786129142,0.2319782715169865,0.2319918083874989,0.23185761957730813,0.23189889190512217,0.22880606908742726,18893,8653,True,0.9995722681294876,0.9992477428300488,9.6200287777546e-07,0.9991015725104638,0.9986309557012966,2.1852599760243735e-06,-0.0005203624464426848,-0.0005411787680847102,-0.0016640769983970738,-0.001650540127884681,-0.004836279427956308
-79qo5MUYBk_000207,0.312241923730872,0.31237285562471534,0.3116178718048605,0.3126738420607087,0.3127022042149185,0.3127097886237866,0.3127097886237866,0.31159331578625205,0.3106537240098268,0.31577354836757543,0.3104533061689187,0.3128000724703325,0.3128000724703325,0.3127585686244904,0.31282469493777937,0.31863412590342516,29595,13625,True,0.9987015669476731,0.9972666926981648,1.5823965977579163e-06,0.9981817621207973,0.9965014197791572,3.0508298919214136e-06,0.0004319183298366891,0.0004602804840465047,0.0005581487394604734,0.0005581487394604734,0.006392202172553152
-7TanrCbmME_000030,0.3091935329570458,0.30967158003620376,0.31011697755295603,0.3091576260370134,0.3091576260370134,0.3091303515600077,0.3091500765696784,0.3078321269758837,0.3061740091583768,0.2970669652576903,0.3124644280022766,0.3051051051051051,0.3050954608673663,0.3051709969024591,0.30511474995258264,0.2839307741187904,29463,11592,True,0.9986755561887539,0.9984986731904788,7.382145854954845e-07,0.9978070300173645,0.9976109459793289,1.139862230614276e-06,-3.590692003241358e-05,-3.590692003241358e-05,-0.004088427851940746,-0.00409807208967955,-0.025262758838255406
-7sg--aJdrc_000049,0.39946166157427615,0.40045600077617155,0.39937313215248926,0.39978163290064295,0.39978163290064295,0.39978163290064295,0.3998010336544294,0.40002922410014125,0.4001544252485281,0.40007755319664584,0.39726829268292685,0.39983005583879583,0.3998543335761107,0.3998009370524118,0.3998883061383061,0.3603247573729064,38665,19046,True,0.9983122751294521,0.9972316298639722,9.317080080992462e-08,0.993717325007527,0.990443252662252,3.6606959676384247e-07,0.0003199713263667969,0.0003199713263667969,0.00036839426451967805,0.00039267200183457085,-0.03913690420136973
-7tYmeOmsRg_000058,0.12137356261208988,0.12069236821400472,0.12311725835362101,0.12183628084295245,0.12183628084295245,0.12181370602715795,0.12181370602715795,0.1219137437745046,0.11889629514803907,0.1248304670970542,0.12102347665523608,0.12164626893288573,0.12162697888310384,0.12161412224835495,0.12164305349968281,0.12094215924711854,37916,4602,True,0.9972966915351724,0.995325486696045,1.6490325706638824e-06,0.9964663018172315,0.9951910791649733,1.9239049028026087e-06,0.000462718230862566,0.000462718230862566,0.0002727063207958458,0.0002534162710139537,-0.0004314033649713417
-7tYmeOmsRg_000180,0.20510733543595483,0.2215628090999011,0.1877532013969732,0.2016302445366805,0.2016100805040252,0.20229792785108625,0.20267417311752287,0.20832902759119562,0.23691168693812797,0.19072847682119207,0.19331639257803135,0.2042967166599108,0.2042967166599108,0.20483641536273114,0.205180397944125,0.27155715571557154,19658,4032,True,0.9933824801799948,0.9900102797854792,2.4044821717612033e-06,0.991992476858492,0.9877009140243368,2.946836665120498e-06,-0.0034770908992743377,-0.003497254931929622,-0.0008106187760440198,-0.0008106187760440198,0.06644982027961671
-86gl1hp1Aw_000105,0.5758606034849129,0.5750573443207884,0.5775410185382485,0.5763764785975661,0.5763764785975661,0.5764010042125867,0.5764745935824326,0.5680426210252538,0.5797070412883331,0.5714888054981658,0.5803246391708424,0.5752080856123662,0.5752080856123662,0.5751592356687898,0.5752569438545825,0.6670052824055263,23510,13570,True,0.9985065407597634,0.9979006119663121,2.3103537956690545e-06,0.9987230205834529,0.9981969203143968,3.87772307873887e-06,0.0005158751126532746,0.0005158751126532746,-0.0006525178725466096,-0.0006525178725466096,0.0911446789206134
-8cgbhIR_pw_000030,0.31353276353276355,0.3045879936087651,0.3134470146772432,0.30902907193440177,0.3090146750524109,0.30925960462513985,0.3093461430836676,0.31481308411214953,0.3016168589335998,0.30793353615726654,0.313024615674809,0.3095371146502747,0.3095371146502747,0.3095371146502747,0.3097390493942218,0.38832666509767005,20855,6808,True,0.9988873091460206,0.9986839478695929,1.4465571247819899e-06,0.9962954077213366,0.9955642858470993,3.1184946255454098e-06,-0.004503691598361781,-0.004518088480352622,-0.0039956488824888226,-0.0039956488824888226,0.0747939015649065
-A3zsFeU_OI_000030,0.14834959518372431,0.14939839572192512,0.1477263175590485,0.14870418518829154,0.14870418518829154,0.14870418518829154,0.1487353718384296,0.14684973798594467,0.14992331288343558,0.15027193696201446,0.13996968165740273,0.1466825716753733,0.14665240993584472,0.14639353011207357,0.14645966814522754,0.1402000271530072,23968,3690,True,0.9958447907955598,0.9955326761708198,5.203950867127506e-06,0.9949223576251575,0.9946146674210489,1.0482987651158659e-05,0.00035459000456722345,0.00035459000456722345,-0.0016670235083510176,-0.0016971852478795957,-0.00814956803071712
-ANxUxvGASw_000010,0.06107448662574828,0.06209553158705701,0.06027294821461956,0.061197372916745756,0.061188081229834886,0.06116022309064006,0.06116486435211535,0.06364749082007344,0.06054460093896714,0.06081412457086807,0.060066326340500055,0.061302099178582294,0.06128112526135716,0.0612974370674576,0.0612089914945322,0.10212226797592651,26394,1612,True,0.9996362523524566,0.9993433687414833,2.2860252820380096e-06,0.998205233236016,0.9978773703936866,4.977615708759797e-06,0.00012288629099747872,0.00011359460408660871,0.0002276125528340167,0.00020663863560888007,0.04104778135017823
-ByoSbgzr4M_000000,0.600633985177248,0.565939957112223,0.6790508357149043,0.6149281698938164,0.6154807048851215,0.6202390509321203,0.6241862124319986,0.5484404325677005,0.5950807963574681,0.6887545141513396,0.6507071949398225,0.6178687720237299,0.6185378473616129,0.6220131954350927,0.628030303030303,0.3640562248995984,13530,22321,False,0.9891573759606341,0.9857756456741228,7.335838123523732e-06,0.990262164301767,0.986132117821748,5.463073890285951e-06,0.014294184716568403,0.014846719707873546,0.017234786846481942,0.017903862184364905,-0.2365777602776496
-CZ1LIc8aos_000020,0.3108935921952484,0.30902061855670104,0.3073373918615828,0.30795903297267796,0.3079293739967897,0.307919488940965,0.30796892056764913,0.30697346945306747,0.3147704525317494,0.31721674713936104,0.30595515294567954,0.3103704902119398,0.3103002070393375,0.31044080523011197,0.3105212042732276,0.4609447511113282,30853,9592,True,0.9974421021024376,0.9973320370709783,4.525017348179938e-06,0.9980989320997727,0.9982054203954132,3.5944788821542747e-06,-0.0029345592225704653,-0.0029642181984587124,-0.000523101983308627,-0.0005933851559109526,0.15005115891607979
-Cr0WQoFQQs_000045,0.2986236618935076,0.3088573619631902,0.29618053959645174,0.30270574971815106,0.3026346686704551,0.3024358192143427,0.30246421027927717,0.30314719856988287,0.3121034532861917,0.3052581714827096,0.28523371104815864,0.30172777075431945,0.3016995177676858,0.30133270984334815,0.3014454787856107,0.3849232423391673,21579,6444,True,0.9994353222323842,0.9992381802389054,2.5606103524650913e-06,0.9989103412499233,0.9985990803974851,4.556817199123657e-06,0.004082087824643477,0.00401100677694749,0.0031041088608118605,0.0030758558741781905,0.08629958044565972
-Cv3gOXEoxA_000040,0.3475189426308893,0.32225708554086724,0.3581891614925553,0.34151736341517364,0.34129089301503096,0.34368033883192156,0.3441478668751396,0.32495698868672124,0.3205174088654839,0.36412779397473277,0.3489863108646682,0.3380551301684533,0.33807206517578875,0.3402766297459635,0.3408814757538937,0.40861166408611665,17332,6321,True,0.9966545047637876,0.9974101315653164,1.9793695770897106e-05,0.9980425082515443,0.9981323728241785,1.2022310936308915e-05,-0.006001579215715647,-0.006228049615858322,-0.009463812462435994,-0.009446877455100533,0.06109272145522737
-D64b_8YJK4_000046,0.26690251572327045,0.26831581443136016,0.2658158471656749,0.2671230182147213,0.2671230182147213,0.2671230182147213,0.26711250983477575,0.26519293860334325,0.2683582325507865,0.26470702896573234,0.26606583072100315,0.2659511965845443,0.2659511965845443,0.2659928702941983,0.2659616137877007,0.3144100759399889,25440,6790,True,0.9999204827461364,0.999475651252301,1.5853593760674036e-07,0.9996550634388987,0.9981812482900229,2.7527024903509277e-06,0.00022050249145083578,0.00022050249145083578,-0.0009513191387261477,-0.0009513191387261477,0.047507560216718425
-E5o64ACjm0_000017,0.1834825738157851,0.18297666043354802,0.18567502021018592,0.18407645433052514,0.18407032498668088,0.18411937116973087,0.18402986069452776,0.18064786958651088,0.18755586112066003,0.1879043227283283,0.1845786090383435,0.18483998129217613,0.18483998129217613,0.1848051340330236,0.1847640704945992,0.22059157617338362,28973,6580,True,0.9947873734185485,0.9939484735713887,1.4108922641659018e-06,0.9955969010329472,0.9951945323228862,1.202131673054081e-06,0.0005938805147400472,0.000587751170895795,0.0013574074763910426,0.0013574074763910426,0.037109002357598536
-FoTxwPOz3U_000000,0.1798328902392708,0.16387882968327872,0.18742970559047303,0.17475132015227804,0.17464408443789886,0.17544400592007894,0.17569320076576297,0.16904917254878699,0.15458832457043742,0.19047942876572593,0.1796116504854369,0.17281553398058253,0.1727107337780473,0.17351041793590838,0.17384934684409717,0.17927792648690996,15787,2852,True,0.9956819104435864,0.9943899465291779,7.675468073354375e-06,0.9947510242481118,0.9923268174899792,1.0736953865429187e-05,-0.005081570086992754,-0.005188805801371932,-0.007017356258688268,-0.0071221564612234944,-0.000554963752360832
-GOaBCyC5Js_000087,0.356557116521518,0.35225774037555735,0.35502246977656815,0.3535009768702338,0.3535009768702338,0.35354554049795145,0.35354554049795145,0.3548427911684697,0.3475432182910961,0.35354554049795145,0.3526342260782095,0.3521692723048911,0.35214716223003517,0.3521913851563481,0.35221350078492936,0.41767815920768486,15731,5609,True,0.999870578592997,0.9997354349783646,1.8454765770652533e-06,0.9996906520199415,0.9993460912774833,3.3372399440615264e-06,-0.0030561396512842065,-0.0030561396512842065,-0.004387844216626913,-0.004409954291482832,0.06112104268616686
-GW1J75oAKU_000304,0.5647323822803818,0.553465265901132,0.5632630113514672,0.5601674318120443,0.5603024574669188,0.5601718036683865,0.5599416389721975,0.5714208198811688,0.5431317711585979,0.5674928912495305,0.5607986938251117,0.5635203805816845,0.5636014704292356,0.5631015464474964,0.5626284478096268,0.42691156462585034,21602,36750,False,0.9938560520684139,0.9918765788236419,7.697626410390983e-06,0.9954315013768138,0.9939391766077771,6.038882847735522e-06,-0.004564950468337492,-0.004429924813463049,-0.0012120016986972848,-0.0011309118511462213,-0.13782081765453147
-HMEhGV38GM_000216,0.16210564596781527,0.15609692092372288,0.1660991650729978,0.1612480217047253,0.1612480217047253,0.1612698986975398,0.16132096810676316,0.15192135835567472,0.16805057558029818,0.1620170208892732,0.17239376633433356,0.1634421419402164,0.16343464906248567,0.16356212149018168,0.16365973465546527,0.14829370211919213,21994,3570,True,0.9989796780158727,0.9990325845293213,1.3330276732932721e-06,0.998473875388251,0.9985765020572853,1.8412587866670239e-06,-0.0008576242630899678,-0.0008576242630899678,0.001336495972401125,0.0013290030946704057,-0.013811943848623137
-IKnJa9U66I_000150,0.2078518991382062,0.20350635957373667,0.21415416995527492,0.20815752461322082,0.20815752461322082,0.20834399795239314,0.2085708795080392,0.20251904835950862,0.20837733192537838,0.21532255397943326,0.2189864478595689,0.20965872504829364,0.20965872504829364,0.20976678263110424,0.2101051816480609,0.3128513091520538,31330,6512,True,0.9834602759638265,0.9859270533672274,7.545186079824478e-06,0.9836800853376033,0.9834981552167918,6.548750420669121e-06,0.0003056254750146148,0.0003056254750146148,0.001806825910087434,0.001806825910087434,0.10499941001384758
-Igq1W20Gi8_000000,0.2834331337325349,0.2863728032267358,0.2828524272949747,0.2847321684331137,0.2847321684331137,0.2847321684331137,0.28476479688305734,0.288349965189139,0.28545172592039514,0.29499050332383664,0.2756975647639652,0.2858950759318914,0.28584574682233854,0.28599378524571295,0.28609256274464656,0.3967747086060993,17535,4970,True,0.9992435417454121,0.9983727657404234,1.4781137982197777e-06,0.9984001008347496,0.9975530391774048,3.7718783248802006e-06,0.0012990347005787939,0.0012990347005787939,0.0024619421993564705,0.002412613089803617,0.11334157487356439
-JGpAlLrSD0_000458,0.7372793965999823,0.7369068541300527,0.7357138644807454,0.7360608999794257,0.736068657418293,0.7361058045554739,0.7361058045554739,0.73371030118364,0.7393073567727393,0.7370264621905631,0.7349056603773585,0.7361355892374574,0.736164962989073,0.7361588392516227,0.7361510897021677,0.7654660763431853,29845,29120,True,0.9988308767198832,0.9985927053367227,2.4730832161294505e-06,0.9990735161963155,0.9987172846491195,1.0409822142818923e-06,-0.0012184966205566194,-0.0012107391816893465,-0.0011438073625249512,-0.001114433610909349,0.02818667974320299
-JUBdOr8Hes_000030,0.7381001336486069,0.7366240409207161,0.7398151494810761,0.7383705988177847,0.7383705988177847,0.7383705988177847,0.7383705988177847,0.7355536288060387,0.737843117096741,0.7392575120500462,0.7414596273291926,0.7389473684210527,0.738833555806551,0.7391750988751349,0.7391750988751349,0.6984924623115578,16993,16820,True,0.9998484155165068,0.9995744646941166,5.098504099033293e-07,0.9996623751946401,0.999144679347725,2.811207861056598e-06,0.0002704651691777249,0.0002704651691777249,0.0008472347724457485,0.0007334221579440303,-0.03960767133704912
-JUhUI_KvUI_000026,0.5153880834302257,0.4891692454177577,0.5355546621893253,0.5121789246495743,0.5122263596043924,0.5129123289620338,0.5123912063936253,0.5195414278269932,0.4707343876917196,0.5230736412979071,0.5352788279773157,0.5117932914543084,0.5118407016712101,0.5118996823590765,0.5115799454782506,0.5111441307578009,32039,31824,True,0.9972506126307464,0.9965080604674513,1.0239479569142191e-06,0.997182630644566,0.9966225459336409,1.0945849538946047e-06,-0.003209158780651422,-0.0031617238258332403,-0.0035947919759172775,-0.0035473817590155887,-0.004243952672424833
-K-ccLMFE5M_000259,0.7591518448097427,0.7567814764002214,0.761455525606469,0.7602752911733565,0.7602752911733565,0.7602030994320916,0.7601790355183367,0.7572030328559394,0.7575684651297108,0.759089160334712,0.760548116751758,0.7598662046395226,0.7598662046395226,0.7598902685532775,0.7598421407257676,0.6678568808236934,32483,40608,False,0.9991718974369566,0.9986468933532022,4.240631906800696e-07,0.9981374892415045,0.9979370697533527,9.743698915035385e-07,0.0011234463636137226,0.0011234463636137226,0.0007143598297798537,0.0007143598297798537,-0.0912949639860493
-K1BRF6qng8_000030,0.40232253752541147,0.4011761768703709,0.4036769239392411,0.4026325329763797,0.4026325329763797,0.40268868187649914,0.40273361227336124,0.40378777329062804,0.3976449776107026,0.4117446518366999,0.39782741229285595,0.4026379632469814,0.4026379632469814,0.4025818323760665,0.402610077800396,0.39516352336707383,32702,17654,True,0.9967853008047038,0.9957765222449777,1.528897107634208e-06,0.996071174559431,0.994412259241846,2.4929064394711757e-06,0.00030999545096821457,0.00030999545096821457,0.00031542572156995075,0.00031542572156995075,-0.00715901415833764
-KBH8YmHR-0_000050,0.15041475310619815,0.1549207978879437,0.15000355037989066,0.15167833423083826,0.15167288914417001,0.15164566957395642,0.15166200014358533,0.15382654918808708,0.1556054802592811,0.15096294708257404,0.14904049668406943,0.1517437057788313,0.1517382559977015,0.15172735760971054,0.15175460651557057,0.1569523384969724,28089,4225,True,0.9971494063841051,0.9961064316394266,2.8346835309431165e-06,0.9978325428251513,0.9975899614043197,2.169783267821454e-06,0.0012635811246401174,0.0012581360379718687,0.0013289526726331657,0.0013235028915033475,0.006537585390774259
-Lmibx_Iu_E_000173,0.6866139382181764,0.6927818651819447,0.6835115642874907,0.6879552517091361,0.6879552517091361,0.6879630089991547,0.6880065635721744,0.6998657451146139,0.6845176026615025,0.6833569634106907,0.684825579949775,0.6883994929283388,0.6884243493823171,0.6883497800203823,0.6883000671124258,0.6438997242670309,30564,37248,False,0.9996306226617997,0.9993178684984342,3.4909164466134844e-07,0.9994693463258867,0.9989985842052557,7.153596086560284e-07,0.0013413134909596724,0.0013413134909596724,0.0017855547101623959,0.0018104111641407128,-0.0427142139511455
-Lv13WPa4xk_000170,0.5143973063973064,0.5080686579267468,0.5206724216265334,0.5145967741935484,0.5145967741935484,0.5145430107526882,0.5144232061725408,0.49991961414791,0.5103548700248085,0.5179203777229316,0.5235034790460509,0.5136786259746523,0.5136916563956916,0.5133440514469454,0.5132375797202422,0.5247627024008934,26742,29480,False,0.9978508493485797,0.9971710667867303,4.541451294740709e-06,0.9977519277071343,0.9972730677589271,1.1476954145742908e-05,0.00019946779624202549,0.00019946779624202549,-0.0007186804226541055,-0.0007056500016148215,0.01036539600358699
-N00SskHxS4_000529,0.2637658460183055,0.23919410668323424,0.2828940459939095,0.26207265476827313,0.2619834710743802,0.2613735570860413,0.26183072587697986,0.2257307982243069,0.26032958005122503,0.27138970069535423,0.29274386269824026,0.2639079333986288,0.2637013114112351,0.26420552041966955,0.2624811261019921,0.3623079549334244,20430,5390,True,0.9951370419851344,0.9963917156085393,1.7460892250009973e-05,0.9918101096757267,0.9928941978978237,2.262581841091374e-05,-0.0016931912500323665,-0.0017823749439253023,0.00014208738032328583,-6.453460707039893e-05,0.09854210891511889
-NCa3eFLULw_000221,0.7269124786773389,0.7243790053492929,0.7418375889493511,0.7314165682027045,0.7314165682027045,0.7315023893294124,0.7313883563982039,0.7169715718171635,0.737252439630589,0.7488448586420237,0.7447669074195666,0.7351899929195185,0.7352493837520323,0.7351769331585846,0.7350758985921401,0.5770411295273173,29966,35838,False,0.998655831369162,0.9985735801544359,9.359593508496598e-07,0.9976470962627647,0.9975121325375133,3.0047636276988398e-06,0.004504089525365629,0.004504089525365629,0.008277514242179596,0.008336905074693424,-0.14987134915002154
-NwBdmVSg1w_000000,0.5226213234061106,0.5401447336831635,0.5061619718309859,0.5243808438620597,0.524131694410021,0.5232231294338108,0.5234348844994978,0.5693272687256987,0.5228572372987803,0.5059775193294783,0.5373247966776259,0.5336315214422289,0.5332605580951082,0.5350438476294875,0.5360612406027943,0.62018067828405,28579,16821,True,0.9909929830963085,0.9888818940305525,5.968237877316634e-06,0.9843318803079161,0.9770856409725156,5.7078414109785525e-06,0.0017595204559491817,0.0015103710039104934,0.011010198036118357,0.010639234688997634,0.09755935487793943
-OAyRsvFGgc_000030,0.36675079337314775,0.36889710659137476,0.36652341212333217,0.36719804107740744,0.36722302733496576,0.3672480135925241,0.3675728349407826,0.36859991504035583,0.37156135222247205,0.3611027794441112,0.37797477837432886,0.36902203787916643,0.36902203787916643,0.36897206536404975,0.36971241536116733,0.3586863661490527,14898,39798,False,0.999502450964916,0.9993290248547682,5.889834777793125e-06,0.9993527608904594,0.999227289510103,4.405208416777657e-06,0.00044724770425969007,0.0004722339618180027,0.002271244506018677,0.002271244506018677,-0.008064427224095061
-OVb-UG8yJw_000030,0.5486103146385288,0.5496189053583056,0.5472712711185691,0.5482749398234822,0.5482749398234822,0.5482749398234822,0.5482749398234822,0.5464376832565401,0.551371705217859,0.5476890195030724,0.5474591790019838,0.5481283422459893,0.5481283422459893,0.5480655387083222,0.5481702192680877,0.6064063556457066,26157,14350,True,0.9994649115424025,0.9990819912502291,5.413696018855354e-07,0.9992055865574277,0.998727644122858,1.1502080305397558e-06,-0.0003353748150466407,-0.0003353748150466407,-0.0004819723925395536,-0.0004819723925395536,0.05779604100717772
-PvlrLjIAYo_000009,0.15085166540238604,0.15167059475946207,0.1501666609394866,0.15131488365689108,0.15131488365689108,0.15133572018727623,0.1513409302165456,0.14946668513644548,0.1553784860557769,0.14524886877828055,0.15555103010555613,0.1520355139543687,0.1520011012078874,0.1520459785937984,0.1519980724882112,0.09129502753141945,24827,8550,True,0.9994373685371568,0.9991122727888501,7.03678602878002e-07,0.9988685255965564,0.9985772989398805,8.779440543961705e-07,0.0004632182545050434,0.0004632182545050434,0.0011838485519826691,0.0011494358055013643,-0.059556637870966586
-Q3MX7Tgx_E_000111,0.5872720170667949,0.6206927202156973,0.5823304075045999,0.6018684336198663,0.602661653686629,0.5997371408088894,0.5994622049596654,0.619080118694362,0.6294322063847332,0.6287943471220374,0.5825075528700906,0.6160351324886502,0.6163201139026488,0.614077814077814,0.6138719738600921,0.5221468148585292,22532,30294,False,0.9947519637926756,0.9951055470997457,2.0121307250906256e-05,0.9971521823065412,0.9973062712003974,1.055325757570441e-05,0.014596416553071423,0.015389636619834168,0.02876311542185528,0.029048096835853965,-0.06512520220826568
-RBs9pPhHY8_000030,0.44733067729083664,0.4510315925209542,0.45040247678018575,0.4517369608746782,0.45175745248840016,0.45179037079437767,0.4516312415121751,0.4506693926004089,0.45104344191131546,0.45345002927671113,0.4488933412641267,0.4526282356677783,0.45264562027567806,0.4526533206228154,0.45263057567670606,0.4304951754851023,28580,16830,True,0.9971118954292847,0.9975376327805624,1.7071961590033361e-06,0.9967714218442753,0.9965702173098837,1.985081059419577e-06,0.0044062835838415415,0.004426775197563515,0.00529755837694168,0.00531494298484142,-0.016835501805734343
-S-TDT5oq0Q_000290,0.5952778440257572,0.6014664876587834,0.5851502059680498,0.5931156222418358,0.5931156222418358,0.5931357572054181,0.59319617029945,0.594508149307564,0.6052668052668053,0.5869192784440189,0.5851894028201092,0.5927132098514146,0.5927132098514146,0.592733317501781,0.5928338762214984,0.6429310090116709,29351,17472,True,0.9995162805389407,0.9992668680123358,7.669181951847398e-07,0.9992610366835906,0.9990169125049473,2.5319033597338006e-06,-0.0021622217839214475,-0.0021622217839214475,-0.002564634174342606,-0.002564634174342606,0.047653164985913654
-SWaCArvQug_000021,0.7674943081747497,0.759672444964373,0.7663037619920233,0.7633213398440847,0.7633213398440847,0.763430725730443,0.7634166720226235,0.7577885408515048,0.7610814748162906,0.7632459564974903,0.7657116949847794,0.761778594474477,0.7617999615392833,0.7618559124617982,0.7619017080313816,0.763097741611045,43487,38804,True,0.984406173473685,0.9653929826518659,3.1484886655821923e-06,0.9857794353484796,0.9698369312582512,2.9904987567868302e-06,-0.00417296833066505,-0.00417296833066505,-0.005715713700272684,-0.0056943466354664185,-0.004396566563704685
-Vo4CAMX26U_000030,0.4771931341605776,0.48601173900004285,0.4778156996587031,0.48099415204678364,0.4810148355192432,0.48099415204678364,0.48094951406209685,0.482660209288247,0.4901977461194982,0.489864428663654,0.4797230464886251,0.4848432803778446,0.48488621726062686,0.48484588306001547,0.48475740661227995,0.6211994175014341,18101,16065,True,0.999003065371912,0.9984062348094255,7.016080558115722e-07,0.9985256049503305,0.9981055444434704,1.2707709905395727e-06,0.003801017886206015,0.0038217013586655524,0.007650146217266951,0.007693083100049236,0.14400628334085652
-W3WpZvJX2o_000027,0.0535059331175836,0.05375334152156636,0.05290478560762284,0.053342892991575554,0.053342892991575554,0.053348630431664996,0.053360109015276484,0.054457619675010976,0.04798452112221864,0.04781337360624659,0.05361775727875468,0.05059847660500544,0.05058815530019718,0.050695012264922325,0.05081620107916126,0.0520407092645053,27810,1488,True,0.9968480215985172,0.9960649937444717,1.79049181983582e-06,0.9904916288827027,0.990325845293213,4.901497912961038e-06,-0.00016304012600804746,-0.00016304012600804746,-0.002907456512578163,-0.002917777817386419,-0.001465223853078304
-Wd5YV97ftU_000320,0.39399456765065816,0.400862461659935,0.39045168160440147,0.3957664977663179,0.39570717668924993,0.39518591701095745,0.3953516233377261,0.3995278307454826,0.3992740471869328,0.39141264381449414,0.3870627217546843,0.39351299785356547,0.39351299785356547,0.3932433640182322,0.3933253873659118,0.497359486986043,33503,13200,True,0.997244192531688,0.9972571301070213,5.780857707887477e-06,0.9969085359895443,0.996009743217865,4.302133323618843e-06,0.0017719301156597367,0.0017126090385917725,-0.00048156979709268466,-0.00048156979709268466,0.10336491933538483
-XwtCzUaN1I_000160,0.815177989307602,0.8122740865947211,0.8183908045977012,0.8154395661695693,0.8154656377098759,0.8153922360977136,0.8153922360977136,0.8148099947943779,0.8104576861135644,0.8225877705880824,0.8155375455713798,0.8162084690553746,0.8162084690553746,0.8161021365294424,0.8161872003335418,0.7100199252122171,33801,35802,False,0.9995980127215808,0.9992764306034791,9.863639134683366e-07,0.9993928477887363,0.9992116174857292,1.6305578384975222e-06,0.00026157686196726093,0.0002876484022739101,0.0010304797477725947,0.0010304797477725947,-0.10515806409538486
-Y-UegG9tLw_000282,0.09668535784199873,0.09721434528773978,0.09574817638167839,0.09651243665750339,0.09651243665750339,0.09650604404702766,0.09650604404702766,0.09886008956439137,0.09601317957166391,0.09520697879570034,0.09562563580874874,0.0963719945761815,0.0963719945761815,0.0963719945761815,0.09637518190236803,0.1210333942515368,30139,2914,True,0.999868616028714,0.999711528500506,3.0492119325838184e-07,0.999688696903636,0.9994639636409034,7.557330478441099e-07,-0.0001729211844953421,-0.0001729211844953421,-0.0003133632658172403,-0.0003133632658172403,0.02434803640953806
-YwPSwhe2jo_000030,0.16845446865159622,0.16825315809621028,0.16874149747170103,0.1684878573073675,0.1684878573073675,0.1684878573073675,0.1684878573073675,0.16802381800600538,0.16858266911914982,0.16875449224766403,0.16850268340908509,0.16846171557215586,0.1684743681571677,0.1684916086778551,0.16846602537863284,0.16824973937217652,38721,6920,True,0.9995659331810025,0.9986022679278662,3.8059105489007594e-07,0.9993771663052583,0.9978460263449386,2.0819581817684045e-06,3.3388655771293685e-05,3.3388655771293685e-05,7.2469205596448205e-06,1.9899505571491227e-05,-0.00020472927941969643
-Z1ZSWDouUU_000030,0.08470900108446801,0.0859658419272001,0.08137515916194003,0.08360421787045112,0.08360090379355453,0.08357108892058963,0.08359758997938799,0.08718839141758651,0.08463081861958266,0.08217416715371129,0.08048696714116704,0.08345204178537512,0.08345204178537512,0.08338605092519373,0.08343553428017565,0.12594052310999643,24897,2109,True,0.998635577968557,0.9986899250133477,1.6385449293104294e-06,0.9987384594185045,0.9988224731516974,1.6810582940991052e-06,-0.0011047832140168856,-0.0011080972909134762,-0.0012569592990928913,-0.0012569592990928913,0.04123152202552842
-ZJqu_4zLMc_000030,0.33818032538945186,0.3451032932837756,0.33891493636972536,0.3420341839711316,0.34201257589835565,0.3420341839711316,0.34199096782557964,0.3465352952615544,0.3452404105888709,0.33079100317611215,0.34321457122485577,0.34111876931054597,0.3411619817211503,0.3409675258734309,0.34092431346282653,0.24390402215539064,16140,45795,False,0.9970591977277522,0.995516738518914,2.309707868427741e-06,0.9970215446593927,0.9947256997293255,2.848468853526568e-06,0.0038538585816797477,0.0038322505089037895,0.0029384439210941027,0.0029816563316984457,-0.09427630323406122
-ZSgg6jFUd8_000688,0.19438637243515292,0.1941936488169365,0.19687949885218475,0.195478775144936,0.195478775144936,0.195478775144936,0.195478775144936,0.19302262408320076,0.19393093826299268,0.19481881384238942,0.20054116737533823,0.1953167403272079,0.1953167403272079,0.1953091684434968,0.19530825901512214,0.13200835202227207,24589,6262,True,0.9992064892255149,0.9987074564304441,4.4239884649146507e-07,0.9977421672132923,0.997099878608218,9.711450021838685e-07,0.0010924027097830857,0.0010924027097830857,0.0009303678920549729,0.0009303678920549729,-0.06237802041288085
-_QPd-VskKY_000030,0.4149914171275987,0.39919401266551524,0.4192146455905542,0.4088476494821545,0.4088091479613445,0.4088091479613445,0.40848704224267396,0.4158151932474456,0.38947800761705625,0.4172523716249952,0.42145534644665145,0.4104402418229732,0.41040148814137345,0.4102296046772757,0.4101719863650449,0.5250040027752575,25916,11178,True,0.9956543207122716,0.9947214496888174,2.919738360881649e-06,0.9964977190485932,0.9957791785202952,4.131471071927523e-06,-0.006143767645444165,-0.006182269166254195,-0.00455117530462551,-0.0045899289862252335,0.11001258564765881
-_umX4zgLVY_000028,0.7346796657381616,0.7276040181259309,0.754241840184524,0.7421803346089376,0.7422119611625921,0.741713056680162,0.741460020242915,0.7246905744208187,0.7441691422792491,0.772707203229469,0.7516750948166877,0.7498261803931483,0.7498419921628112,0.748791049021777,0.7483406030722549,0.6118079515042079,24538,30264,False,0.9983179176076422,0.998318577723944,4.997048249898156e-06,0.9985384804020492,0.9985807520977934,8.41373701673974e-06,0.0075006688707760505,0.007532295424430568,0.015146514654986731,0.015162326424649653,-0.12287171423395371
-aK9JKAGme0_000041,0.3420765545700327,0.34272679750986074,0.34102515604312467,0.3418333491326192,0.3417199715707178,0.34176855274381573,0.34176855274381573,0.3376246430410561,0.3495371492269665,0.3427430852580553,0.3411542100283822,0.34254773439726416,0.3424989314717196,0.34251519756838905,0.34254773439726416,0.43086220307545026,21083,7212,True,0.9997336061139652,0.9994198694706309,4.0382431281461194e-06,0.9994533058029215,0.9991885078904659,3.1740246509797476e-06,-0.0002432054374135184,-0.0003565829993149028,0.00047117982723143825,0.0004223769016868939,0.08878564850541754
-aK9JKAGme0_000051,0.07847082494969819,0.08081156917763868,0.07335135770541906,0.07690727578981965,0.07690727578981965,0.07683152062384568,0.07689463955637708,0.08227124901116287,0.07381121362668559,0.07275271073802028,0.07337148232343027,0.07520790647221888,0.07520488510364776,0.0751626114189352,0.07522603978300181,0.08943244792661953,23856,1872,True,0.9970862658734845,0.9966435305086502,8.351390889840043e-06,0.9978603628286119,0.9974916792175677,4.2068246293242345e-06,-0.0015635491598785384,-0.0015635491598785384,-0.0032629184774793096,-0.0032659398460504335,0.01096162297692134
-aUJLRXkj-Y_000118,0.13887860843819394,0.13157894736842105,0.1541709674392418,0.1425664739884393,0.14250057776750635,0.14200526972680627,0.1413302752293578,0.13516695709508783,0.13013181838356042,0.14346175662114402,0.1835725677830941,0.14581015943641082,0.1458304361933899,0.14490946045824094,0.14448581804808533,0.1917246299268771,20318,4300,True,0.9914697172159156,0.9901011244013419,6.520657633375177e-06,0.9842614360787697,0.9838044237609139,8.150709312089778e-06,0.0036878655502453617,0.0036219693293124133,0.006931550998216879,0.006951827755195955,0.05284602148868317
-cA9HsnV1ao_000030,0.34468520842967565,0.34729121520253375,0.34262752173199934,0.3450671607225567,0.3450671607225567,0.3450557448638634,0.34510024482233836,0.3466254610706809,0.34784500066925444,0.34416762910410825,0.3431859279960546,0.34504316760940756,0.34504316760940756,0.34504316760940756,0.34504316760940756,0.43638147750105133,29728,10981,True,0.9996986681478304,0.9994772450174916,1.4505463122158378e-07,0.9993046991533165,0.9988269888197371,3.2786335677728293e-07,0.00038195229288107146,0.00038195229288107146,0.0003579591797319148,0.0003579591797319148,0.09169626907137568
-d1KR2BSfHM_000065,0.6681926751592356,0.669105658726687,0.6698816308636563,0.6694392486170255,0.6693991245523279,0.6693728112066221,0.6693596529629482,0.6657808588484498,0.6686208709012251,0.6601055429297793,0.6721721523007901,0.6683183891772849,0.6683444750294927,0.6685293770414388,0.6685169875201764,0.6809290953545232,22465,19440,True,0.9991871454348773,0.998748894325399,4.896412243876407e-06,0.997287677931531,0.9973405371519948,4.507897997862637e-06,0.0012465734577898901,0.0012064493930922238,0.00012571401804928328,0.00015179987025704111,0.012736420195287534
-e4wXAy1iVo_000000,0.5498220640569395,0.5196747495280964,0.5572760572760572,0.5422257300710339,0.5418998817500985,0.5405405405405406,0.5407850232045938,0.5178636396711053,0.524232633279483,0.5443415223519935,0.5622229798840778,0.543751482096277,0.5433014920659983,0.5420207743153919,0.5427107959022852,0.4933084872098933,9349,9813,False,0.9958186779241431,0.9947150746280551,2.269150012616252e-05,0.9967949586912543,0.9958864920431273,1.255626954876295e-05,-0.0075963339859055345,-0.007922182306840941,-0.006070581960662458,-0.0065205719909411375,-0.056513576847046165
-fAVezaAX18_000126,0.6771567397110403,0.6740368832673554,0.6774992760384826,0.6762140765294629,0.6762140765294629,0.6762140765294629,0.6762140765294629,0.6812536199240621,0.6728782465965047,0.6771506673098568,0.6773372838233873,0.6770829981012455,0.6770829981012455,0.6770829981012455,0.6774691854664822,0.6262184333279717,21263,30858,False,0.9995347204711144,0.9993832128712477,1.2565558151841232e-06,0.9993503455912912,0.9991138665540406,1.5106355233305408e-06,-0.00094266318157743,-0.00094266318157743,-7.374160979478628e-05,-7.374160979478628e-05,-0.05093830638306862
-fJsZm3YRc0_000030,0.6589139396406942,0.6589157115326097,0.6593257968203741,0.659748715600997,0.6596978483137494,0.6596978483137494,0.6597395329907921,0.6593509755664375,0.6572261663286004,0.6528651871480623,0.6618825864569815,0.6587337909992372,0.6587672904800651,0.6585644911138796,0.6585291425083918,0.6884615384615385,30289,34903,False,0.994624562829825,0.9939181920327678,2.0881722906733707e-06,0.994145939430005,0.99394714543373,2.2852276311750543e-06,0.0008347759603027916,0.0007839086730552225,-0.00018014864145698972,-0.0001466491606291198,0.029547598820844234
-fPdOa99Iwg_000030,0.400601720134733,0.4030039576980471,0.3977287689269256,0.4002221641400941,0.40017641870038223,0.40005227733124227,0.4000653594771242,0.407349029652251,0.3938166640902767,0.3988079896907217,0.39513310468724483,0.3999935396343433,0.3999935396343433,0.39984502130956995,0.39950980392156865,0.4370187972532427,27131,15698,True,0.9954112739859906,0.9944871662058029,2.016620888299842e-06,0.9952057837639012,0.995120953496588,4.055809397685852e-06,-0.00037955599463890266,-0.0004253014343507666,-0.0006081805003896879,-0.0006081805003896879,0.03641707711850972
-fTfRh0_RQ4_000030,0.31374079857238457,0.30894264298069796,0.32189037647328067,0.313915857605178,0.31390710001394895,0.3140560455509657,0.31409987996538535,0.3056445917314065,0.3119057519057519,0.31172429078014185,0.32454571675800403,0.31207011315731087,0.3120354963948974,0.3121307109767261,0.31224331224331225,0.3997158081705151,35864,11252,True,0.9961009207987008,0.9954992071018177,3.4502666649276993e-06,0.9969226062750081,0.995725787386411,3.0756162997544728e-06,0.00017505903279341206,0.00016630144156437598,-0.0016706854150737027,-0.0017053021774871557,0.08597500959813054
-g-GjgEq8l4_000017,0.13142717646699825,0.12880940275742442,0.1329977766798419,0.13074494566207273,0.13074097683878214,0.13067750841955156,0.13070526826899734,0.12870547453980397,0.12874779541446207,0.13369216888086868,0.1330881898522959,0.13105127034839495,0.13103930875015213,0.13097953349755193,0.13069336974662418,0.14447278340828243,32771,4307,True,0.997437201989271,0.9940727872562536,2.1293940894254057e-06,0.9956253942401195,0.9911203372407144,2.7962055921614707e-06,-0.000682230804925521,-0.0006861996282161165,-0.00037590611860330303,-0.0003878677168461242,0.013045606941284177
-gCqnkIUmp0_000140,0.08954821308159137,0.0852173169793581,0.08568510954326031,0.08577248372669707,0.08573579558035517,0.08585344255036528,0.08571555200992775,0.08295657223443527,0.08714025176815977,0.08427825773938084,0.07958447802197802,0.08396715643906655,0.08393088552915767,0.08406811894882435,0.08413763254706773,0.09227671830434539,22236,2001,True,0.9897285646888138,0.987845946656679,7.233419199421205e-06,0.9898384353100506,0.9882467786021084,1.2725643678057813e-05,-0.0037757293548943,-0.003812417501236204,-0.005581056642524826,-0.005617327552433701,0.0027285052227540157
-gSfPQqi6nI_000030,0.677500672223716,0.6703428514310465,0.6771438217420662,0.6728241920343302,0.6727906664878638,0.6727796962483655,0.6726797210300429,0.6722324261145434,0.6741684593744829,0.6872089465991366,0.6683163350610266,0.6747104893232478,0.6746879078951772,0.6749581519919652,0.6747806870689078,0.6071465633539728,22525,27384,False,0.9946054789460937,0.9952999864529959,8.867069025113284e-06,0.9959312413508054,0.9960724313153609,6.667248125358119e-06,-0.004676480189385823,-0.00471000573585223,-0.0027901829004681744,-0.0028127643285388304,-0.07035410886974325
-hYRFCQdbLg_000030,0.4701148679343241,0.48328226988144396,0.45542878635907724,0.46923474663909,0.46923474663909,0.46902254667614185,0.4692650765949195,0.48965424277144975,0.47735191637630664,0.4534001880288311,0.45122632722756906,0.4683184927087366,0.46838301716350494,0.4679863305177639,0.4681976519158818,0.5045306526971541,14070,8583,True,0.9989009476647392,0.9984954856600977,1.5443576532478897e-06,0.9985334252501662,0.998086950516247,3.176478061269009e-06,-0.0008801212952341264,-0.0008801212952341264,-0.0017963752255875098,-0.0017318507708191655,0.034415784762830026
-hedbpc8T0E_000030,0.5034455530830522,0.49632903271794143,0.5102876225358182,0.503504004576659,0.5034860023597555,0.5033605033605033,0.5034867503486751,0.49073473705763915,0.49875266640153293,0.5022776227974152,0.5134969546257253,0.500652074301223,0.500546140023255,0.5006526263802166,0.5008117456059857,0.3831072104352027,25455,16434,True,0.9962022675099191,0.9949397955199261,4.425790858944914e-06,0.994818017781575,0.9940769695329553,9.361523128246683e-06,5.845149360683699e-05,4.044927670332488e-05,-0.0027934787818291174,-0.002899413059797129,-0.12033834264784948
-hss7xpzIVc_000030,0.08763400648217402,0.08551791253573383,0.09071260363237524,0.08785852652627632,0.08785578154778642,0.08796021145484688,0.0879959944924271,0.08263297090802234,0.08747626311365689,0.09193141208484967,0.09036860879904875,0.0879987482397121,0.08796846649565163,0.08812284550297712,0.08818364274962369,0.08281634301237106,32088,2812,True,0.9964052722386751,0.9965574671883591,2.5256442297826324e-06,0.9932936037812139,0.9928453224319794,3.3667832386684882e-06,0.0002245200441022971,0.0002217750656123979,0.0003647417575380757,0.0003344600134776027,-0.00481766346980296
-iF4a6f5PJ8_000000,0.5815184815184815,0.5831947861940546,0.5812783257797921,0.5823155512662651,0.5823155512662651,0.5822211868073351,0.582240564467816,0.5893745617257155,0.5793224608857067,0.57983389480004,0.5812082322040097,0.5826706152463981,0.5826845012311174,0.582518134025421,0.582418313702003,0.5897454598497557,27805,19688,True,0.9998175605888369,0.9995696833985449,3.474305728666544e-06,0.9993063666288968,0.9987029407624041,4.266331756516438e-06,0.0007970697477835964,0.0007970697477835964,0.00115213372791656,0.0011660197126358574,0.00822697833127417
-iF4a6f5PJ8_000060,0.6281567276325917,0.6274423387689143,0.6287934320480868,0.6281740789666813,0.6282107735212095,0.6282107735212095,0.6282107735212095,0.6279052689553883,0.6314048371682717,0.6303696668614845,0.6249678060267118,0.6290085858956483,0.6289855072463768,0.6291009174311927,0.6291009174311927,0.6093610093610093,23854,20567,True,0.9998794356262112,0.9997944042904159,1.2233589838825084e-06,0.9997860017679782,0.9997343724682374,2.4620007054980124e-06,1.7351334089643622e-05,5.4045888617793025e-05,0.0008518582630566707,0.0008287796137851355,-0.01879571827158233
-jZENGDFArw_000080,0.32309163346613545,0.3210897824906576,0.32099389877659407,0.32131626592129087,0.32131626592129087,0.32135709520632805,0.32142857142857145,0.31981074773824364,0.33167252833137945,0.3244464382990996,0.3196154812767027,0.3239891321719674,0.3239693192713327,0.3239589658368221,0.32413506427064015,0.2873792636418719,30114,11398,True,0.9936656403406497,0.9885487971057224,3.561655496094309e-06,0.993570804765065,0.9891629279591571,4.31440101118834e-06,-0.001775367544844586,-0.001775367544844586,0.000897498705831945,0.0008776858051972591,-0.03571236982426357
-kPDH9n0PG4_000310,0.010494700866503262,0.010575752304748652,0.01041202863307874,0.010492165389659695,0.010492165389659695,0.010490717095727794,0.010491441192711209,0.010597134590581099,0.01052668028671353,0.010399206376355488,0.010420594385219209,0.01048637461193515,0.01048637461193515,0.010484204717892123,0.010485651214128035,0.016196920453940007,28967,304,True,0.9995640342111354,0.9992573054211923,6.116428370381559e-07,0.9992565192522657,0.9990511784565447,1.0332847100817848e-06,-2.535476843567794e-06,-2.535476843567794e-06,-8.32625456811259e-06,-8.32625456811259e-06,0.005702219587436745
-kZVoaYYU6o_000000,0.5427925503283454,0.5448759673103348,0.5410179853557973,0.5428755872754008,0.5428755872754008,0.5429760367341082,0.5427823780334803,0.5458296283122888,0.5431569773775373,0.5402641211512237,0.5413947581925288,0.5432447912937639,0.5432253445498478,0.5433225921947726,0.5432955398977074,0.6367977528089888,25854,17139,True,0.9994601464932629,0.9992126799958562,5.081731435743774e-07,0.9993822350317467,0.9991701795907743,5.707984769182025e-07,8.303694705535936e-05,8.303694705535936e-05,0.00045224096541851555,0.0004327942215024416,0.09400520248064337
-lPXTBXa0tE_000030,0.45957419017763845,0.4596394984326019,0.46029258098223613,0.4593782654127482,0.4593782654127482,0.4593782654127482,0.45934561128526646,0.4561781609195402,0.4631987983281087,0.4589537617554859,0.4646682340647858,0.46071708463949845,0.4607823928944619,0.46074973876698017,0.46074973876698017,0.4153605015673981,14074,30624,False,0.999844474188563,0.9996445903625019,9.64156975188151e-07,0.9998015594300841,0.9996528248159865,3.628480294261327e-06,-0.00019592476489027622,-0.00019592476489027622,0.00114289446186,0.0012082027168234255,-0.04421368861024033
-mKtgDnG0oM_000030,0.053362058250818245,0.04415244211593713,0.06194548797058588,0.05432979429329794,0.054376657824933686,0.05529114762239788,0.055031055900621115,0.04187898771035841,0.04493395753218525,0.05792199114674685,0.06131053690236732,0.05284367080719538,0.0528456972061937,0.05374025543207829,0.053400273847558195,0.010679567340605175,23787,1638,True,0.9913885920226889,0.9888006120058331,1.558052202189214e-05,0.9936128890254169,0.9917328743289584,1.1165602044823472e-05,0.0009677360424796971,0.0010145995741154407,-0.0005183874436228628,-0.000516361044624547,-0.04268249091021307
-nQ9a0P1TlY_000023,0.14211867491809246,0.14662360099151206,0.13053363648522134,0.13817512564592624,0.13817512564592624,0.13831219443066675,0.13847900113507378,0.1508500772797527,0.1428153350892596,0.1285140562248996,0.13224036311902987,0.13796027987843665,0.1379505300353357,0.13812623832437024,0.13823383613058565,0.12041362985111817,13735,1952,True,0.9964217985257044,0.9938145972953805,5.680157663319452e-06,0.9969367470873842,0.9956495522847951,5.7415392456123565e-06,-0.003943549272166225,-0.003943549272166225,-0.004158395039655816,-0.004168144882756769,-0.021705045066974293
-oGJwGEsIiA_000090,0.37362451900357796,0.3708119427181843,0.3708688742581001,0.3715740404007009,0.3714880676935281,0.37151180111887183,0.37149006622516556,0.35685188202704904,0.3799383772680589,0.36876271679100864,0.3738415692438681,0.37054850930653926,0.3705264544167517,0.37023001384037435,0.3702824747025281,0.5382276521642988,27759,12936,True,0.9988052191834792,0.999003896755891,5.039518009228099e-06,0.998399897270091,0.9982224205574459,5.851551065372614e-06,-0.0020504786028770483,-0.0021364513100498583,-0.003076009697038695,-0.0030980645868262657,0.16460313316072084
-oOARU0JwWE_000153,0.12266258216861319,0.12014090600086522,0.12166468787102418,0.12298953280571866,0.12297383535417997,0.1230622009569378,0.12092965448670147,0.11937652811735941,0.11956387828015276,0.12006169177838415,0.12145903622127442,0.12309354346720895,0.12313361712942372,0.12324324324324325,0.12068646212729181,0.10658051565146477,15474,2117,True,0.9960355686942398,0.9938703790770506,3.464043070373283e-06,0.9958060110593756,0.9942403982287957,3.834738453683074e-06,0.000326950637105472,0.0003112531855667816,0.0004309612985957667,0.0004710349608105374,-0.016082066517148413
-oSzD8P2BtU_000030,0.4993425378040763,0.5088463470447061,0.4966216216216216,0.5039526784233512,0.5039526784233512,0.5037855761260016,0.5038691134202963,0.5083932853717026,0.5032769730682382,0.5093167701863354,0.47949013848090644,0.5006583278472679,0.5006034009873834,0.5004661365505896,0.5006034671933289,0.5879695365948109,18182,9184,True,0.9985894275575109,0.9978324793408188,2.221394073877918e-06,0.9985411215235156,0.998003277843742,3.532079903364792e-06,0.0046101406192749494,0.0046101406192749494,0.0013157900431916558,0.0012608631833071482,0.0886269987907346
-ocADGlyaHc_000030,0.7087735226147244,0.7050197173841604,0.7119155978485726,0.7087438677495156,0.7087438677495156,0.7087438677495156,0.7087438677495156,0.7066754087612179,0.7061073411474399,0.7100380983932417,0.7141385420529938,0.7092721505952135,0.7092721505952135,0.7093545330971701,0.7093545330971701,0.6561021968792822,20782,20625,True,0.9996309976434404,0.9994262445313932,4.5077407159107934e-07,0.9995418940901221,0.9992209144493408,6.734623591859652e-07,-2.9654865208783576e-05,-2.9654865208783576e-05,0.0004986279804891636,0.0004986279804891636,-0.0526713257354422
-r2-9oyIzkQ_000030,0.4358338893654879,0.4391283751776409,0.43225169569786326,0.43582913138616686,0.43586084419497034,0.43579741857736337,0.4357478117467969,0.4581818181818182,0.422491427106368,0.41523224908239464,0.44241362840312054,0.4329639012032932,0.43298185617934837,0.43327633162328205,0.43308208766151507,0.26050868362278745,21754,23436,False,0.9996457037543278,0.9994692761915387,4.2862118879107605e-07,0.9983354458162929,0.9983345153758495,3.256231908031047e-06,-4.757979321035055e-06,2.695482948245065e-05,-0.002869988162194692,-0.0028520331861395243,-0.17532520574270044
-r3nM90RCNs_000161,0.3862239104045111,0.37213058022840007,0.3922808378588053,0.3826221278239042,0.3826221278239042,0.38222462453187134,0.38216781866625477,0.37638671953221997,0.37479529551883284,0.3893289493349275,0.3930344307215758,0.3830864860716752,0.38316322615301973,0.382574303048921,0.38276445264452646,0.39972831555645,23325,12075,True,0.9951653139720166,0.9945827921172373,2.5312550977860007e-06,0.9930036020892706,0.9922800670443891,3.1307763021815826e-06,-0.0036017825806068937,-0.0036017825806068937,-0.0031374243328358697,-0.0030606842514913635,0.013504405151938903
-rTTPoBJNI4_000123,0.4882624295233214,0.4890618640618641,0.49096573208722744,0.4895737031330252,0.4896250642013354,0.48964702255561837,0.48959564301495145,0.4865585881387236,0.49246205818585187,0.49138664398128457,0.4966937945066124,0.4906359333196131,0.49056021400277794,0.49071358748778104,0.4906621392190153,0.4914275917247685,18596,10440,True,0.9998273074932734,0.9997290599176023,4.606333421315581e-07,0.9991004654501864,0.9990041623834228,2.0223474342324885e-06,0.0013112736097037891,0.0013626346780140075,0.0023735037962916983,0.002297784479456555,0.003165162201447136
-rb6uia1wSo_000190,0.21923236418928257,0.21563562202583278,0.22031857751435452,0.21804683561706614,0.21804683561706614,0.21805682859761685,0.2180768173068109,0.2186781873333946,0.20981611324249239,0.22274238097467347,0.21969801911622108,0.21709175525847516,0.21709175525847516,0.21711156741957563,0.21716111364673665,0.25673123617331245,21703,4758,True,0.9993174711018583,0.9987632382121142,2.2587941582694815e-06,0.9988275905910288,0.9979381990984603,4.3998807221311336e-06,-0.0011855285722164322,-0.0011855285722164322,-0.0021406089308074194,-0.0021406089308074194,0.037498871984029875
-rqhMzJRYoc_000030,0.28367434763898125,0.2830829268292683,0.27889089720416876,0.2808953952209442,0.28091715403385104,0.2808953952209442,0.28092803470446975,0.2644293834717971,0.2819376409299432,0.27426303854875284,0.28610946453270103,0.2767898030834987,0.2767898030834987,0.2767898030834987,0.27692718872895267,0.26248872118776145,25553,7259,True,0.9961481881025037,0.9956840838639244,2.144167840846268e-06,0.9931493869046535,0.9924588343732651,2.939889093291698e-06,-0.0027789524180370506,-0.002757193605130215,-0.006884544555482541,-0.006884544555482541,-0.021185626451219797
-t-htrAtNvM_000030,0.8088362691308114,0.8178471754402848,0.8028108004042932,0.8110982770237751,0.8110982770237751,0.8109343792862815,0.8108140626127969,0.8208650052920234,0.8125316181253162,0.814125947969665,0.8016323975538113,0.812961404352531,0.8129854514849104,0.8128847633705272,0.8128366679492113,0.7660102115244347,36556,38612,False,0.9982316149443711,0.9963454964180127,2.148964558429182e-06,0.9978729932698626,0.9948563884749526,2.615130367223798e-06,0.0022620078929637133,0.0022620078929637133,0.004125135221719534,0.004149182354099001,-0.0428260576063767
-u-40BIU1HE_000003,0.16952160214391773,0.16951582267139734,0.17855479664700405,0.17536864279265724,0.17539966146323113,0.17515565223914184,0.1755481177842127,0.16763212472287778,0.18564190447805679,0.17704982346018047,0.18219240737917367,0.1804147116694415,0.18049721875354752,0.18012774481272914,0.18033531393104493,0.161598958072434,26882,5412,True,0.9820187270608147,0.9786164524380623,1.1539372672016862e-05,0.9880994937138009,0.9859724756751587,6.913100501591285e-06,0.005847040648739504,0.0058780593193134,0.010893109525523775,0.010975616609629785,-0.007922644071483742
-uD3ZbhFTnk_000077,0.12030940651042865,0.12344687485236452,0.11444965178923394,0.11921164286691911,0.11921708185053381,0.11927149899580063,0.11935866983372921,0.1220286741698968,0.1173063973063973,0.11448976909258204,0.11491270504419719,0.11743292436294998,0.11743820224719101,0.11745931852917378,0.11753857226395574,0.13270695784662265,21719,2613,True,0.9947240799645259,0.9956761150379715,9.994870047362972e-07,0.9963547164889258,0.9963959656490475,6.752027234740837e-07,-0.001097763643509539,-0.0010923246598948388,-0.002876482147478668,-0.0028712042632376422,0.012397551336193996
-vAtBe4LMCQ_000063,0.2193689704991378,0.2165216202670069,0.23468968351829017,0.22616731517509728,0.22609498809002965,0.22534392559581476,0.22555517925395518,0.22190892429155507,0.21802954304910035,0.22897265336289727,0.2383542832998838,0.2272949457424968,0.2271217892372302,0.22650238628615954,0.22665757959302893,0.1904548398346037,20074,6090,True,0.9959869012869721,0.9961606196559061,1.7958334918738786e-05,0.9973225205678805,0.9972138328193441,1.2857621620432377e-05,0.006798344675959467,0.006726017590891836,0.007925975243359001,0.007752818738092387,-0.028914130664534105
-wi8kPVJLcw_000205,0.620354986424606,0.6194724356764867,0.6140276258759672,0.6179581745967415,0.6179379103509768,0.6179987030882711,0.6187484801815677,0.6414455682347934,0.6219131422083451,0.6731929540392793,0.5445570646665315,0.620609990880535,0.6205289289695004,0.6206987395128278,0.6236371742390467,0.2565944322701079,30687,49284,False,0.9720319794480702,0.9617831044952148,5.997927385823487e-06,0.9780509666144792,0.9713204610231441,4.8760633371014e-06,-0.0023968118278644424,-0.0024170760736291763,0.0002550044559290754,0.00017394254489444538,-0.36376055415449804
-wnDAPcoPsk_000030,0.3908217277352382,0.38364934745136664,0.3999572923339739,0.3895931302392149,0.38957321748019424,0.3896017586012985,0.3898270391976256,0.38847675568743817,0.37485541865727934,0.3887124485864529,0.40652412280701755,0.3898987812435447,0.3898987812435447,0.38982700748773563,0.3898532754701385,0.43861275964391694,17388,9676,True,0.9984499594754481,0.9974850385292735,1.0890517243327324e-06,0.997295539286212,0.9949544050341731,2.6608572122684603e-06,-0.0012285974960233315,-0.0012485102550439664,-0.0009229464916934993,-0.0009229464916934993,0.04779103190867873
-xQbyezhw_k_000040,0.09436173953815497,0.09598134194474345,0.09313612202449734,0.0944431404764699,0.0944431404764699,0.09447363014703725,0.09449026917544838,0.09632282137698604,0.09549961408300184,0.09366383188691842,0.09295953390441579,0.09456959088372639,0.09456681350954478,0.09458625855535646,0.0946057115994829,0.13014963975614263,34110,3234,True,0.9983136504398561,0.9972300360987816,6.679357706812109e-07,0.9984091916127471,0.9975923520521054,7.525607017219455e-07,8.1400938314935e-05,8.1400938314935e-05,0.0002078513455714276,0.00020507397138981587,0.03578790021798767
-yicwYUKKuo_000304,0.5597926267281106,0.5441365799048419,0.5670518207282913,0.5572632907036761,0.5572313338685629,0.557391154706591,0.5559114568437911,0.5441399024718345,0.5449708781362007,0.5661169065796375,0.5682496925689524,0.5586611456176673,0.5586611456176673,0.5587896916705016,0.5569315445476436,0.6653112731351655,17296,9782,True,0.9994126691363906,0.9973511622532653,7.38303875495261e-07,0.9994494749056257,0.9975955395824867,7.016560368782213e-07,-0.002529336024434503,-0.002561292859547648,-0.0011314811104432554,-0.0011314811104432554,0.10551864640705488
-z3AAq0FK-0_000001,0.3531071079458176,0.3712327246489427,0.3445354578096948,0.35962954697612143,0.35962954697612143,0.359583786648813,0.35939853819115103,0.37933599669375945,0.3659475902101415,0.33372757737039227,0.3641438689070962,0.3620348982829154,0.3620627278546183,0.36195140956780675,0.3618247098444154,0.3344570617459191,20911,27537,False,0.9993143836609542,0.9989576775653642,3.554919549614951e-07,0.9988822761730374,0.9982665808261527,8.067218212152209e-07,0.006522439030303806,0.006522439030303806,0.008927790337097785,0.008955619908800672,-0.018650046199898518
-z4OZ7ls5Bo_000540,0.32428355957767724,0.3342960752222329,0.32065723179615546,0.3272680594332659,0.3272680594332659,0.32720387664067263,0.32717178524437596,0.3347132633740894,0.3546099290780142,0.3204967748146722,0.3613491223003113,0.34170918776675974,0.34170918776675974,0.34170918776675974,0.3414845479926832,0.37991741621587016,10105,31161,False,0.9993337519424402,0.998651674648774,1.3743024024270509e-06,0.9982429021390048,0.9979148238756651,3.664851720064406e-06,0.002984499855588685,0.002984499855588685,0.017425628189082498,0.017425628189082498,0.055633856638192924
-zCtwbk005g_000030,0.5556982932648192,0.5542205415955112,0.554863147605083,0.5545415700158711,0.5545415700158711,0.5545584958642371,0.5545754227458641,0.5442977334650738,0.559445727482679,0.5601394717353739,0.5463753306083193,0.5527804818690679,0.5527636662306452,0.5528005111199003,0.5528509706079231,0.7410975025062111,32662,18200,True,0.9994447742385152,0.9992078987002845,9.817452720498802e-07,0.9986934339554963,0.998404574285563,1.3240253244887068e-06,-0.0011567232489481105,-0.0011567232489481105,-0.002917811395751313,-0.00293462703417402,0.18539920924139186
-zSyfcXmHdk_001083,0.03511030487448066,0.03517617400480741,0.035500857937400154,0.035316969803990815,0.035316969803990815,0.03532320734722713,0.03532528701795702,0.0349385663541606,0.035494557501183154,0.03518648838845883,0.0357355568790947,0.035302424099788184,0.035302424099788184,0.035306578792515,0.035306578792515,0.05305508886727385,17089,600,True,0.9995754054068359,0.9996079337631186,7.48826990636033e-07,0.9994255788191605,0.9994403227905767,1.4265387595223992e-06,0.00020666492951015164,0.00020666492951015164,0.00019211922530752018,0.00019211922530752018,0.017944783992793187
-zgGL2o1jqw_000080,0.7692778158332518,0.7746437490818275,0.7415343268995847,0.7585751333365954,0.7585751333365954,0.7588012232415902,0.758403875324167,0.7785246382479468,0.7714110879941256,0.738590833577641,0.7522490501286923,0.7615202016494139,0.7615202016494139,0.7615994518402506,0.7612020654381715,0.7618731073195952,32541,39780,False,0.9913550743181165,0.9903242515280224,2.7872777582254628e-06,0.9936538227258013,0.9925621634831208,2.1403368432334804e-06,-0.010702682496656402,-0.010702682496656402,-0.007757614183837913,-0.007757614183837913,-0.007404708513656599
-ziWHyk_fYQ_000106,0.10400656247301615,0.10032043381809219,0.1058598670778854,0.10309495699106089,0.10310365185122712,0.10312104597216365,0.10313844596304733,0.10130651609446482,0.1001476377952756,0.10341827221876942,0.10678717150002194,0.10339304531085353,0.10340176200311933,0.10340612090042998,0.10314502282340131,0.07864572277648058,21368,4203,True,0.9961880498034501,0.9952796640661183,2.4303574209780297e-06,0.9958788801334947,0.9951785946709806,2.758342714708893e-06,-0.0009116054819552633,-0.0009029106217890298,-0.0006135171621626245,-0.0006048004698968185,-0.025360839696535575
0-jDld11jhw_000093,0.5901770052623186,0.5891542657416724,0.592949748205293,0.5914734878763656,0.5914734878763656,0.5914637395428145,0.5914952573803688,0.5863082738345233,0.5854543542280185,0.5941896189295531,0.5899207910265271,0.5895870926653222,0.58957758437699,0.5894429708222811,0.5894619547914677,0.5852414211964774,17312,12604,True,0.9995454481761342,0.9992270238825713,1.5162359632101837e-06,0.9974537916079012,0.9967388907925528,6.058103909472606e-06,0.0012964826140469121,0.0012964826140469121,-0.000589912596996478,-0.0005994208853286054,-0.00493558406584127
007P6bFgRCU_000010,0.031163979551710578,0.029447202274808425,0.03303791235844412,0.031053171231873445,0.031053171231873445,0.03105165511180549,0.031175526482174993,0.03034529191112821,0.031219098742760278,0.03207212533254508,0.03480290193293085,0.03186920448999512,0.03186142961697975,0.03187698315840859,0.03204162007098751,0.0388894665696163,20082,896,True,0.9974640260489909,0.997325662010216,3.6590622370565864e-06,0.9975252527852198,0.9974101315653164,5.3666612060230155e-06,-0.00011080831983713291,-0.00011080831983713291,0.0007052249382845412,0.0006974500652691708,0.007725487017905725
00QQLLcny14_000083,0.052804792367710685,0.05179542981501632,0.05173913043478261,0.05178040467038944,0.051782282336729886,0.051782282336729886,0.05178603807796917,0.05059882361278435,0.05229428351704691,0.04849719816607234,0.050878255602665054,0.05053615033443041,0.0505433051357378,0.050512911213300316,0.05056657223796034,0.057243646275956066,27043,1428,True,0.9920610870389918,0.9898764035094709,2.8185473894141365e-06,0.9907299415030232,0.9879046503411986,3.3123930506196375e-06,-0.001024387697321244,-0.0010225100309807986,-0.0022686420332802756,-0.002261487231972885,0.004438853908245381
00wORCOKNHw_000014,0.20521287368467397,0.20584728172062006,0.20558398023994354,0.20584728172062006,0.2057654953205015,0.20580183680678205,0.20582001236421443,0.2002749967773815,0.20809893740512544,0.20461828877474866,0.20760767894525856,0.20518577214298292,0.20512256304185186,0.20529422128259336,0.20535753623826938,0.27335640138408307,22713,4661,True,0.9977279329687464,0.9977081656559539,1.2630473424984917e-05,0.9978940011262648,0.9976616808378956,1.041711721670826e-05,0.0006344080359460824,0.0005526216358275327,-2.710154169105472e-05,-9.031064282211121e-05,0.0681435276994091
00z0M1DJyAw_000090,0.20551378446115287,0.20527084347402824,0.20627489343861366,0.20594390958560066,0.20594390958560066,0.20592954307638647,0.20594390958560066,0.2080045095828636,0.20447461383944032,0.2061164641809803,0.20660694288913775,0.20634698727806514,0.20634698727806514,0.2063325644789264,0.2063325644789264,0.24902986333727012,14364,2952,True,0.9998549636069708,0.999595183641594,8.208822814663734e-07,0.9997238892252862,0.9993747127902313,1.8782015181992553e-06,0.00043012512444778883,0.00043012512444778883,0.0008332028169122652,0.0008332028169122652,0.04351607887611725
01SaXyGY5SM_000030,0.3426682845829608,0.3363528084252758,0.3250734603616976,0.33101980381269663,0.33104022704837116,0.3307953144266338,0.33114238104054805,0.3313366474202612,0.341947613281499,0.3334369076841811,0.32427777106249245,0.3324040516680606,0.3324040516680606,0.33215711765252115,0.33263073060351506,0.47404496435752147,31316,10731,True,0.9810121201300238,0.9864705272972133,1.0821873974000426e-05,0.9881728767675791,0.9906932081696403,6.828771602008402e-06,-0.011648480770264147,-0.01162805753458962,-0.010264232914900195,-0.010264232914900195,0.1313766797745607
02UvvE1oA1I_000030,0.7438512827306045,0.74914223669924,0.7378322019610453,0.7454960892872836,0.7454960892872836,0.7453195042629868,0.745253164556962,0.7549261617080247,0.744121354370409,0.743652020313535,0.740289009677847,0.7463660245183887,0.7463993345882765,0.7463000262720028,0.7462013399308141,0.7487548957980755,19676,19817,False,0.9990775975516556,0.9987170190215876,1.2311550197936078e-06,0.998652678277891,0.9982699678856314,3.2627477667408764e-06,0.0016448065566790904,0.0016448065566790904,0.0025147417877842138,0.002548051857671929,0.004903613067471002
030h_KwNm-g_000003,0.5571449858441365,0.5686669964610526,0.5461188874750046,0.5574691266180628,0.5574855867584154,0.5578011016822987,0.5577917488188684,0.5555721207603429,0.572710608722218,0.5499468455588548,0.5393311012708356,0.5535602113586816,0.5534949017289789,0.5540885387773217,0.5540645447488078,0.5429359739965228,26365,15435,True,0.9962881778878756,0.9948218568958236,7.125742481896736e-06,0.9970463257790084,0.9957103809895688,7.565514083834493e-06,0.0003241407739262847,0.00034060091427889905,-0.0035847744854549113,-0.003650084115157659,-0.014209011847613695
04QV0Xi5YTk_000030,0.5979267393263952,0.5950250389951564,0.6007285527177472,0.59769643808665,0.5977374267327951,0.597819404025085,0.597819404025085,0.5934795981135944,0.596862938326353,0.5930466155549178,0.6069529652351738,0.5977619281849483,0.5978439088375144,0.5978439088375144,0.5978029185112314,0.6180935033394049,15059,23940,False,0.9995886489380539,0.9992063049350939,3.2797757145753583e-06,0.9993868250823609,0.9989364273628233,2.413475713649976e-06,-0.000230301239745212,-0.00018931259360011055,-0.00016481114144684117,-8.283048888080291e-05,0.020166764013009764
052VMqTM4Xs_000000,0.6088397332339174,0.6104129263913824,0.606276923076923,0.6093639941992957,0.6094054278019474,0.6093620546810273,0.6094630427577064,0.6086083573848664,0.6120627972557767,0.6088235294117647,0.6020103787847833,0.6099402588781945,0.6099817457683372,0.6098299460804646,0.6098734702343912,0.5812739982278232,21983,16856,True,0.9990631872000298,0.9988397389412618,1.979562241430526e-06,0.9981085807855797,0.9980117779247584,3.9724902112905465e-06,0.0005242609653782759,0.0005656945680300174,0.001100525644277095,0.0011420125344198118,-0.02756573500609416
064Ilsz8Fzg_000051,0.7079123309706932,0.6875503018108652,0.7439363126829026,0.7154921812349639,0.7154993108633003,0.7147010903622008,0.7154084901882258,0.6913946587537092,0.6992671152354987,0.7125245934301297,0.7615306702240668,0.7140641416920999,0.714078447068241,0.7139140441286836,0.7158091908091908,0.6612955688442965,30277,37674,False,0.9881085781305162,0.9905346285331782,4.6602919661006825e-06,0.9864949855812218,0.9894758371915732,5.101803828234045e-06,0.007579850264270771,0.0075869798926071486,0.006151810721406692,0.006166116097547802,-0.04661676212639665
06si40RVDco_000030,0.7005151575193184,0.7035635680193881,0.7003247638644421,0.7017752358315383,0.7017752358315383,0.7017752358315383,0.7017752358315383,0.7035029087758385,0.7062799072566721,0.6983786480419057,0.7051580040551901,0.7027502042230859,0.7027502042230859,0.7027428458263194,0.7027354870652308,0.704674110620618,32806,35854,False,0.9997055248431895,0.9994278382965838,1.897195188234411e-07,0.9986815729135222,0.997759431769584,6.083527794462087e-07,0.00126007831221997,0.00126007831221997,0.002235046703767507,0.002235046703767507,0.004158953101299656
076qdKSC8nU_000030,0.4762176018228425,0.4960666951688756,0.4415273570440181,0.4643239174359178,0.4643423137876387,0.4636065314513897,0.46464246075788807,0.49836671537866417,0.45924351556657617,0.4640797693416627,0.43140847134691485,0.46046034190058827,0.4604665850866459,0.45978958981835377,0.4605850076974697,0.5462770332381828,24264,12017,True,0.9851126849217231,0.9841213174063065,1.7145365677623367e-05,0.9896970866792077,0.9898014965455141,1.3460532715702622e-05,-0.01189368438692473,-0.011875288035203824,-0.01575725992225424,-0.01575101673619661,0.07005943141534027
077aWlQn6XI_000030,0.5558024165322458,0.558918164157358,0.5499160177126279,0.5552004383161355,0.5553357277652645,0.5553898593949723,0.5553627952276601,0.520138089758343,0.543168431653798,0.5221888153938665,0.5574393721065702,0.5344864016420658,0.5348963519507559,0.5364518762662152,0.5365248441566302,0.623793390014703,25985,25134,True,0.9978765006139142,0.9973192869494537,3.3033869083577477e-06,0.9896287694555634,0.9869127971375976,2.086697562213867e-05,-0.0006019782161102993,-0.0004666887669813047,-0.02131601489017998,-0.020906064581489914,0.0679909734824572
09NfjFeq2cs_000078,0.0,0.0,0.0,0.0,0.0,0.0,0.0,0.0,0.0,0.0,0.0,0.0,0.0,0.0,0.0,0.0,12051,1148,True,0.9985872627708821,0.9975296639546095,7.329657431443524e-06,0.9981740650060851,0.9963106992113517,6.7347767967022526e-06,0.0,0.0,0.0,0.0,0.0
09pZj6CEvRw_000250,0.24492830589484865,0.24562433113542997,0.24365427482562738,0.24566300392184573,0.24566300392184573,0.24556818984391554,0.24562023170387115,0.2430618477130105,0.24361408662630316,0.238457063913328,0.2501224718314788,0.24674499841219436,0.24678028298225185,0.24673675298102024,0.24670054343990402,0.24182441305531532,27104,8059,True,0.9991348210969975,0.9987536756209707,3.83477692459446e-06,0.9982037504057862,0.9977990102718167,3.1118722319340994e-06,0.0007346980269970771,0.0007346980269970771,0.0018166925173457027,0.0018519770874032004,-0.0031038928395333287
0CEsVHHkwww_000030,0.05019274644009126,0.0463258785942492,0.05400143890981421,0.05014737669483199,0.050141464948129516,0.04997454274859985,0.05008635578583765,0.04457174793908062,0.04726276020445959,0.05385329619312906,0.05177310719792259,0.049243593701759805,0.04923979316199738,0.04904108536069795,0.04914686284327697,0.06862059693465986,25422,1276,True,0.9894375162743915,0.9927483683828862,1.5276092179558956e-05,0.9900233243644707,0.9932850011559649,1.1582281807097831e-05,-4.536974525926746e-05,-5.128149196174242e-05,-0.0009491527383314532,-0.0009529532780938807,0.018427850494568597
0CzC0-cXe8M_000030,0.4431171786120592,0.45133256083429896,0.4378556874868264,0.4445712655157654,0.4445712655157654,0.44453955346315716,0.44460298209317256,0.45041919629950855,0.45041919629950855,0.4437798191269672,0.4356823266219239,0.444825124910778,0.444825124910778,0.44485687772146476,0.4448886350656768,0.49808184143222506,14064,6232,True,0.9998397511632076,0.9997163097960777,3.4173993727055585e-07,0.9998531498401744,0.9996886845327744,7.081207340583991e-07,0.001454086903706242,0.001454086903706242,0.0017079462987188432,0.0017079462987188432,0.05496466282016588
0Dt2-TtqvJU_000030,0.3013179010844721,0.29545564301926885,0.3101036654927831,0.3028358720673948,0.3028358720673948,0.3026682986536108,0.302757235907733,0.30319434284320895,0.29118096694056944,0.3053904082441538,0.31386682357556145,0.3037770837399961,0.303747438274617,0.3034886557696999,0.3035139092240117,0.29226996730499766,19091,7668,True,0.9982878569938667,0.9980667628238332,1.9278833876482256e-06,0.9968244415438127,0.9953419556030144,4.402173489853061e-06,0.0015179709829227228,0.0015179709829227228,0.002459182655524028,0.0024295371901448815,-0.009047933779474437
0E6KS8B6DMc_000540,0.528754752851711,0.437067229779502,0.5249498643387991,0.5027964521778431,0.501323719934659,0.4962364092556454,0.48660470202296335,0.41896154027208965,0.44703400472148275,0.5156729822121792,0.5294782556963531,0.49673494446614946,0.4956836535783904,0.4899801805769654,0.48092510537123095,0.5988826815642458,16832,8900,True,0.9829683214508197,0.9783598562423798,4.69460877970039e-05,0.9886738231900414,0.9866403266629282,2.8542514775597958e-05,-0.02595830067386795,-0.027431032917052067,-0.032019808385561566,-0.03307109927332064,0.07012792871253481
0EOQco76eXQ_000030,0.6588256101874779,0.6580690960719356,0.6622122799788073,0.6592894239848914,0.6592894239848914,0.6592894239848914,0.6592304060434372,0.6553274566644974,0.6712441798785879,0.660047281323877,0.6637292915051111,0.6632442320174662,0.6632442320174662,0.6633423816829931,0.6633815284744763,0.6540059694504594,12699,15438,False,0.9997951265843971,0.9996732781359322,4.768161193334226e-07,0.9995661137509173,0.9992740399556933,1.081098431209823e-06,0.0004638137974135592,0.0004638137974135592,0.004418621829988312,0.004418621829988312,-0.00481964073701846
0F04c_rY4aw_000000,0.7716282839197677,0.7735089025793785,0.770327047830325,0.7713765305089891,0.7713765305089891,0.7715557954392119,0.7715143541476909,0.7734649715985935,0.7875416008336975,0.7776629093577002,0.7730214372387758,0.7779946164199193,0.778028263795424,0.7780207947777517,0.7778974289944811,0.6896080218778486,24265,28200,False,0.9980833389659924,0.9975583517280399,3.7687258259124705e-06,0.9972246096703379,0.9967335782419177,4.294859023724856e-06,-0.0002517534107785435,-0.0002517534107785435,0.006366332500151617,0.006399979875656325,-0.08202026204191903
0FEd3Pd-ksw_000397,0.5554120791989489,0.5613671082332019,0.5520167934451392,0.5567936817738238,0.556781045751634,0.5567431411260126,0.5567936817738238,0.5633404749965811,0.5582183158232049,0.5491047583660389,0.5520269050198627,0.5570321906449488,0.5570549081078625,0.5570195365742844,0.5570247182842603,0.5123631316506452,41353,27306,True,0.9990316466976031,0.9987807696292105,3.617508157461425e-07,0.9970847941145271,0.9958261945934171,8.717134238380326e-07,0.0013816025748749627,0.0013689665526851469,0.0016201114459999388,0.0016428289089136516,-0.043048947548303684
0FHSJnza9P8_000046,0.18385232146186836,0.18393806547896652,0.18475664027732233,0.18419577806837287,0.18419577806837287,0.18419577806837287,0.18419577806837287,0.17932163317268346,0.1863982229784016,0.18330544710912808,0.18660988881003077,0.18368962787015045,0.18367251897732034,0.18374953410361536,0.18376665734787065,0.21955021153417947,21452,3944,True,0.9997819605962215,0.9996828407270757,3.643946854341683e-07,0.9991328369436235,0.9989619276058724,2.653100175429406e-06,0.00034345660650450527,0.00034345660650450527,-0.0001626935917179162,-0.0001798024845480195,0.03569789007231111
0G50t4FlbIA_000060,0.12122665879400694,0.11668686292679449,0.12450719032778883,0.12058759044069282,0.12056556209126448,0.1208284543325527,0.12086704990663102,0.11483485983902304,0.11918807020115048,0.12694606070136813,0.1222145227761771,0.12057907275059557,0.12054814597684303,0.12072191042148124,0.1208993056831123,0.15139516467135603,26203,4180,True,0.9948427821068205,0.9937014399668497,7.544980086382339e-06,0.9959269469286913,0.9952744862099466,5.397920519899814e-06,-0.0006390683533141206,-0.0006610967027424614,-0.0006475860434113773,-0.0006785128171639121,0.03016850587734908
0H814XXq-WQ_000030,0.6362677799057477,0.6315642398056791,0.6383863186008443,0.6348905769189387,0.6348495933209967,0.6349903163331181,0.6349042392941683,0.6371412034555939,0.6366749956918835,0.6336900703404824,0.6405860080888047,0.6375607866764212,0.6376546530392684,0.6374787492737094,0.6370679636723626,0.6051651518510308,32221,43818,False,0.9972283251419558,0.9968937516435703,3.6278919556574163e-06,0.9921739826771746,0.9915288723845649,5.054571430437402e-06,-0.0013772029868089897,-0.0014181865847510133,0.001293006770673566,0.0013868731335207052,-0.031102628054716863
0HBJuYt2Eys_000032,0.558369499533044,0.5615306206782557,0.5498769638462995,0.555955792058944,0.5560164842662592,0.5562076872679624,0.5563201441795691,0.5609601499200794,0.5575487434712462,0.5545186640471512,0.5451331226228103,0.5538796032069575,0.5538917273616697,0.5539310269858956,0.5541418590109561,0.5710947330577026,36075,20659,True,0.9932683962738406,0.9901808126608707,4.605014443897549e-06,0.9929109883249406,0.9879447600984946,4.8271486069530165e-06,-0.0024137074741000797,-0.002353015266784886,-0.00448989632608654,-0.00447777217137435,0.012725233524658597
0HXYdGGKV2k_000030,0.6458386422710362,0.639650057820906,0.6494808265652308,0.6448954677247063,0.6448954677247063,0.6448446004374586,0.6448774036015872,0.6399596875787352,0.6403112449799196,0.648257455217369,0.6521469859620148,0.6456901379766814,0.6456901379766814,0.6456720977596742,0.6457049747950506,0.6897317409830163,17605,14688,True,0.9998512194591705,0.99980556064675,8.634901851204758e-07,0.9997832546380444,0.9996937314558779,1.2322454512480615e-06,-0.0009431745463298613,-0.0009431745463298613,-0.00014850429435475654,-0.00014850429435475654,0.043893098711980105
0IqPUUWnnd8_000085,0.79203280609256,0.801768890597962,0.7818889491057792,0.7936043677488545,0.7936043677488545,0.7938395555122332,0.7937722333219629,0.803975915129504,0.7990105732854788,0.7770064007877893,0.7906008036851906,0.7944931773879143,0.7944931773879143,0.7945619335347432,0.7947981101748576,0.8042472770676878,17736,18972,False,0.9987990934282267,0.9985209859031469,2.3399732534609154e-06,0.998844254755867,0.9983908284125832,3.0137530171819846e-06,0.0015715616562944623,0.0015715616562944623,0.002460371295354258,0.002460371295354258,0.012214470975127845
0Iy18mslB4A_000170,0.43510092370851866,0.4284283615970089,0.4423304759913583,0.4358396503448747,0.43578012973711167,0.4357294013243225,0.4357591480065538,0.4261789924973205,0.41307405369045436,0.44107243916242217,0.4391322371148266,0.43159245996892104,0.4316201796447626,0.43075575912703756,0.43074755066434034,0.4037832456265112,12498,8476,True,0.9989159732093839,0.9982867024201324,5.728380902616682e-06,0.9970131250242669,0.9954245657653923,1.2298050272999388e-05,0.0007387266363560463,0.0006792060285930046,-0.0035084637395976226,-0.003480744063756036,-0.03131767808200747
0IzhjqyDzt8_000000,0.6811331552842427,0.678889470927187,0.6841626794258373,0.6815578465063001,0.6815578465063001,0.6815578465063001,0.6815578465063001,0.6756769664262858,0.6766778602847278,0.6870070372644406,0.6687604279124546,0.6792750573833206,0.6792750573833206,0.6790395101884626,0.6790105736567629,0.6978554903007652,18401,16849,True,0.9997796552471148,0.9995585270422108,2.1340195912498093e-07,0.998945001367125,0.9988232700342925,1.2111817009478805e-06,0.00042469122205746057,0.00042469122205746057,-0.0018580979009220622,-0.0018580979009220622,0.016722335016522538
0JkiTl-4B5E_000017,0.5416944629753169,0.5398347656412172,0.542884623426588,0.5411754904819428,0.5411754904819428,0.5411304094297972,0.5411304094297972,0.5402060142880877,0.5373486007192758,0.5472724971522592,0.5289790278003577,0.5386177177426038,0.5386177177426038,0.5387293298520452,0.5388633254570327,0.6130605220384358,23922,13054,True,0.9995914526521136,0.9993290248547682,1.6683320772678631e-06,0.9992263176262912,0.9989794590229688,1.947192333891943e-06,-0.0005189724933740703,-0.0005189724933740703,-0.003076745232713063,-0.003076745232713063,0.07136605906311888
0K92tp-4GEk_000108,0.1971269390430413,0.196913512923983,0.19755863393224524,0.19719927793884362,0.19719927793884362,0.19719927793884362,0.19720467164464867,0.19637974406649897,0.19683116742179657,0.19804730473047305,0.19721742940870374,0.1969895645522592,0.1969895645522592,0.19701688247828225,0.1969895645522592,0.18477573427104152,36530,7304,True,0.9993408671803932,0.9986580497095363,3.4947774476552757e-07,0.9989572652352935,0.997859042093995,6.112077422352207e-07,7.233889580232633e-05,7.233889580232633e-05,-0.00013737449078210506,-0.00013737449078210506,-0.012351204771999774
0LwSy-xZSPw_000112,0.2892833662064431,0.2847232121644096,0.2906729524865964,0.2873945641986879,0.2873676318995408,0.28734017142054236,0.2872734085905663,0.2809215262778978,0.2847726087162707,0.28490442278860567,0.29349519010535957,0.2855193827625141,0.2854522364893467,0.2856941441864837,0.28546582683087335,0.254291393121725,19849,7605,True,0.9987920289122081,0.9986755811266326,3.961730292565785e-06,0.9988497466818305,0.9985828771180475,6.871235184497055e-06,-0.0018888020077552081,-0.0019157343069023391,-0.003763983443929031,-0.0038311297170964265,-0.03499197308471813
0MU2SG5ME1E_000016,0.543835122215207,0.5428854288542886,0.5428069859560677,0.542913722489761,0.5428892889288929,0.5429870363701836,0.5429870363701836,0.5414815811908288,0.5440367799513206,0.5396726004114858,0.5444690365418492,0.542007368137299,0.5419830181050361,0.5419830181050361,0.542007368137299,0.6259596014591386,22143,12090,True,0.9998545772037415,0.9997083409701248,2.5587054775289865e-06,0.9997586954965684,0.9994992921026279,3.455294281523632e-06,-0.000921399725446026,-0.0009458332863141461,-0.0018277540779080281,-0.0018521041101708935,0.08212447924393163
0N0C0Wbe6AI_000030,0.7214375650079378,0.722444395748877,0.7133898118604907,0.7189318256669228,0.7189318256669228,0.7188692191574036,0.718861502991711,0.7205004654218913,0.7221260815822003,0.717983651226158,0.7078160039380845,0.7176082474226804,0.7175885199032329,0.7175736244397394,0.7175186295267688,0.6749360228812283,31647,31244,True,0.9991218485756551,0.9986134242842002,6.686522212472534e-07,0.9986213929993024,0.9982728897884808,1.8844430416183951e-06,-0.0025057393410149453,-0.0025057393410149453,-0.003829317585257397,-0.0038490451047048513,-0.04650154212670943
0NIE-eDk92M_000029,0.31413134742452453,0.3157933362688977,0.31102917254093915,0.3137304943852997,0.31370761939482317,0.31374193313158566,0.31376481312670923,0.3122303201711447,0.3181734146792383,0.3049039756218553,0.31615107649349694,0.31317321688500727,0.31317321688500727,0.3131960113545382,0.31321880914252437,0.33277611476110874,27371,8627,True,0.9997292842606303,0.9996621217795982,1.6022376201759933e-06,0.9990807754547153,0.9989584744479595,4.144630555051319e-06,-0.0004008530392248244,-0.0004237280297013646,-0.0009581305395172657,-0.0009581305395172657,0.01864476733658421
0NLXz4JgvcQ_000096,0.09117122954803175,0.09289763254418139,0.08983766955748276,0.09117169750081143,0.09117761620358349,0.09118353567486853,0.09121018281001396,0.09285785835921066,0.09203020410855013,0.09052224371373307,0.08934848104443886,0.09094736842105264,0.09094736842105264,0.0909738871249919,0.09102992187246733,0.09056695821862913,30709,2970,True,0.995630205585082,0.9946465427248603,1.9197237918443775e-06,0.9965361382364978,0.9957621783582625,1.5297416224793581e-06,4.6795277967859317e-07,6.38665555173501e-06,-0.00022386112697911353,-0.00022386112697911353,-0.0006042713294026197
0NQXsEwBqAk_000136,0.5076026232693709,0.5063204646395627,0.5089432466402398,0.5073807905215111,0.5073315206836279,0.5073329448329449,0.5072843822843823,0.5047521066039584,0.5071251398278294,0.504921496134825,0.5093221984851427,0.5062093722712719,0.5061357132463501,0.5062111801242236,0.506260312530331,0.6185364208633094,19484,11550,True,0.9997765908196538,0.9996844344922663,8.03302297996733e-06,0.9996834324176206,0.9995625114551873,3.5382099601760617e-06,-0.000221832747859807,-0.0002711025857430327,-0.0013932509980989494,-0.0014669100230207954,0.11093379759393851
0O-gZoirpRA_000030,0.554826518293003,0.5549606299212598,0.5459428748515056,0.5493557772236076,0.5493557772236076,0.549441413354118,0.549469964664311,0.5546007126388598,0.5588967123722801,0.5602968460111317,0.5196034916407752,0.5466445904692917,0.5466728759184518,0.5470408533112411,0.5474376910720763,0.5358101014813951,18792,10829,True,0.9986894281187572,0.9985337360246714,1.9452253970619047e-06,0.9955467472037238,0.9943793214279074,5.674278057871859e-06,-0.0054707410693953795,-0.0054707410693953795,-0.008181927823711299,-0.008153642374551184,-0.019016416811607928
0OH28bnOdEE_000058,0.3485586101565483,0.3461056151595374,0.35356200527704484,0.3504770992366412,0.35046037879872144,0.3504844637487471,0.35052284772955167,0.344317917731815,0.3473552686380675,0.3635410425404434,0.351685831221984,0.35313309663180115,0.35311615410449554,0.35319251080172825,0.3533339738662567,0.26418285493379723,19426,8829,True,0.9934626263334126,0.9897473085290344,4.15866507643549e-06,0.9946688641484465,0.9911580563502245,3.279404587226769e-06,0.0019184890800929,0.0019017686421731184,0.004574486475252826,0.004557543947947218,-0.08437575522275109
0OLYyjqNdn4_000352,0.6474008687123441,0.6524060389633348,0.6407129779957856,0.6463908881280134,0.6463908881280134,0.6463231441048035,0.6463683052090976,0.6465887279706858,0.6455183491043681,0.6485711287558151,0.6203688264914796,0.6398923506883345,0.6398509728163378,0.6397213504845329,0.6398633964607264,0.702701561840439,28030,19000,True,0.9992181435267,0.9988285825849278,2.0649080050861988e-06,0.9976456620782636,0.9962256984011879,5.6329081800768025e-06,-0.0010099805843307719,-0.0010099805843307719,-0.007508518024009647,-0.007549895896006298,0.055300693128094824
0Olm321vgk8_000030,0.016347318185055915,0.016826746828946405,0.01578241584430767,0.016251814608929646,0.016250088508107344,0.0162202275779207,0.016234570084532947,0.01652267818574514,0.016643701501196605,0.01591263650546022,0.015694990596683195,0.01623112557021111,0.016229403861113077,0.016210489140031786,0.016159695817490494,0.026132999316784332,28078,459,True,0.9944601211633559,0.9937811282263784,6.282905413190797e-06,0.9954264957558857,0.9946343238583992,6.645589363510324e-06,-9.550357612626847e-05,-9.722967694857088e-05,-0.00011619261484480461,-0.00011791432394283805,0.009785681131728417
0PHUQku2P5I_000050,0.588313991475063,0.5871505242136795,0.6005524511049022,0.5873001086787766,0.5871360278139939,0.5861278125581108,0.5865641089262452,0.583005604929861,0.5850122621301959,0.584283198962098,0.6105157833580789,0.5856090160381447,0.5854277578308777,0.5844328399715725,0.5848951568008907,0.6889269633820775,32135,18915,True,0.9760424148279312,0.9609304401182573,2.2683744466288488e-05,0.9838585147040518,0.9746933994214633,1.4782344324516587e-05,-0.0010138827962864472,-0.001177963661069148,-0.0027049754369182777,-0.0028862336441852765,0.10061297190701446
0QSPtpp1HN8_000030,0.6552658609611645,0.6551995453949382,0.656155762422971,0.6557549004610913,0.6558061273545737,0.6558129370629371,0.6557473776223777,0.6520360407645541,0.6600716282320056,0.6581260111057672,0.6571553228621292,0.6567483724385023,0.6567777170944838,0.6568214090660841,0.656799563080284,0.5262391323832571,31430,44310,False,0.9995695510755562,0.9994517447744424,3.0009931014442925e-06,0.9993383612494785,0.9992179925464915,3.586403731031326e-06,0.0004890394999268466,0.0005402663934092056,0.0014825114773378,0.0015118561333193892,-0.1290267285779073
0QabiRBcEKc_000050,0.2616240613205712,0.262758890191481,0.26443290860468777,0.26165460347108727,0.26165460347108727,0.2616342412451362,0.2616342412451362,0.26571823750246987,0.26073131955484896,0.27030069142949026,0.25979445174252375,0.2623181055670425,0.26227717751687013,0.26222603541065437,0.262266947499805,0.4071337733906619,25701,6724,True,0.9993387466525558,0.9990803974850385,5.829157500070496e-07,0.9991288387113156,0.9989040208039484,1.381900744246912e-06,3.0542150516066346e-05,3.0542150516066346e-05,0.0006940442464712926,0.0006531161962989307,0.14550971207009072
0RZRFj7zDnQ_000030,0.501051033516291,0.501542042478906,0.5000583634878021,0.5010494402985075,0.501020229697429,0.5010495626822158,0.5010495626822158,0.5030753162353487,0.49982568274259154,0.5005794414184725,0.49801053247513166,0.500407118762359,0.500407118762359,0.500407118762359,0.500407118762359,0.5045312054716443,15673,10034,True,0.999896918417303,0.9998214982986556,4.581570595291206e-07,0.999644386074471,0.9993933067174545,8.25044706357755e-07,-1.5932177834798722e-06,-3.08038188620019e-05,-0.0006439147539319956,-0.0006439147539319956,0.0034801719553533284
0Rqa18lmDtw_000153,0.12357140918098651,0.12659180054806296,0.1215664795289607,0.12426099690839074,0.12426099690839074,0.12428137542032758,0.1242473555736371,0.12975193298969073,0.12098665588354225,0.11617803765130195,0.12508591065292096,0.12368978439146255,0.12368978439146255,0.12366963509991312,0.12365898041771911,0.12932916885486057,36199,5190,True,0.9986625074247976,0.9963917156085393,1.363066397614966e-06,0.997871615929821,0.9937232214244541,2.095123700803195e-06,0.0006895877274042256,0.0006895877274042256,0.00011837521047604327,0.00011837521047604327,0.005757759673874055
0T966F09Q_8_000000,0.4280851496215008,0.419523359371113,0.4336834517557409,0.42619469026548673,0.42621624355213916,0.4262377990188641,0.42628091649385463,0.40932240384149005,0.4296356771099092,0.43363014051160637,0.43243659513297056,0.42571356403132105,0.42571356403132105,0.4256490554601475,0.4258211217786761,0.5179882982696378,19667,8442,True,0.9990705164137582,0.99897361521727,4.5965380777278765e-06,0.9986665897234449,0.9984997357006059,5.918188994754782e-06,-0.0018904593560140626,-0.001868906069361631,-0.002371585590179748,-0.002371585590179748,0.08990314864813698
0TSOlaZXXM8_000080,0.5190108452546736,0.5224194498191301,0.5225248047287313,0.5224849327770051,0.5224427866986977,0.5224207687120701,0.5224427866986977,0.5161154590591601,0.5271702557200538,0.5289772965714046,0.5217409694611285,0.5237513686515624,0.5237513686515624,0.5237934810073276,0.5237513686515624,0.568568611480259,13076,22920,False,0.9995938378903794,0.9993194622636247,9.665747101116442e-07,0.9995142486638242,0.999204976797435,1.8713573612497564e-06,0.0034740875223315815,0.0034319414440241447,0.004740523396888796,0.004740523396888796,0.04955776622558539
0U9_6RyH3_M_000030,0.5604179471419791,0.5552249815588887,0.5639267723307532,0.5589457379588425,0.5589457379588425,0.5588965652890123,0.5612340216322517,0.5553452936839518,0.5691266912669126,0.5733872945793476,0.5387402040514565,0.559596704782983,0.5595475224394443,0.5594491577523669,0.5616869543833763,0.5585188830114405,22955,40515,False,0.9960005753295048,0.9937620030440916,4.657732370582344e-06,0.99651457337986,0.995477425644213,3.821751492474054e-06,-0.001472209183136619,-0.001472209183136619,-0.0008212423589961659,-0.0008704247025348444,-0.0018990641305386413
0UF1FHDPM1A_000030,0.607211918185037,0.6182904233843091,0.6046619664425862,0.6114852791599087,0.6115189003436426,0.6114241732867863,0.6114532358277891,0.6189211618257261,0.6146499437385076,0.614903552170771,0.5992609097331667,0.6124067292601668,0.6124067292601668,0.6124129195693477,0.6124635126948285,0.32005597318493934,32417,26595,True,0.9988733004964984,0.9984349225828558,8.166300281374218e-07,0.998675943331436,0.9980864192611835,1.0003080069667126e-06,0.004273360974871743,0.004306982158605699,0.005194811075129868,0.005194811075129868,-0.2871559450000976
0UeEkqkZmvo_000160,0.5183559833899585,0.5165252449486663,0.5126695553880934,0.5153994451497625,0.5153267512929008,0.5153524239431984,0.5153538678579827,0.5074482313333026,0.5225336110585116,0.5286313859809928,0.500672697749942,0.5165912518853696,0.5165912518853696,0.5165684657082253,0.5164224117619339,0.5481637258924907,21089,11088,True,0.9984718047508203,0.9980587939978803,2.5383937118311035e-06,0.9972119903439477,0.9962889177537472,3.767676530948147e-06,-0.0029565382401959273,-0.0030292320970576325,-0.00176473150458889,-0.00176473150458889,0.029807742502532264
0W1En_XsDnM_000000,0.36815771787021134,0.3716386866735998,0.3616782868525896,0.3666335650446872,0.3666335650446872,0.3666021152986742,0.3666294227188082,0.37200029903561016,0.37436409220358785,0.36519943268058425,0.3559237697168732,0.3673070257959103,0.3673045028096146,0.3672787566818452,0.3670857878322855,0.27461127308066086,32906,22057,True,0.9985553768535936,0.9978021978021978,6.578101459324941e-07,0.9970319000178337,0.9956476928920729,2.5913225179876276e-06,-0.0015241528255241499,-0.0015241528255241499,-0.0008506920743010515,-0.0008532150605967681,-0.09354644478955049
0W_wPc-zV3I_000101,0.06726429675425039,0.06704874591729833,0.06741851530549015,0.06724351050679851,0.06724351050679851,0.06724351050679851,0.06724351050679851,0.06734340183213666,0.06681405060181773,0.06711078213668888,0.06753150021724287,0.06721443133378638,0.06718952633854135,0.06720197652872144,0.06718952633854135,0.08462316247958311,16175,1088,True,0.9996473894972762,0.9996190901194527,6.032695834425723e-07,0.9984358469576669,0.9978077759803649,2.60124338936684e-06,-2.0786247451873296e-05,-2.0786247451873296e-05,-4.986542046400699e-05,-7.477041570903842e-05,0.017358865725332726
0Wkk9iNzA9c_000030,0.5718726816688452,0.5682672380484035,0.5711799389074377,0.5699650263185785,0.5699448919033488,0.5700254381006218,0.5699749143200368,0.5713123452423063,0.5661558914077806,0.5756489315932884,0.5481151307833177,0.5661154116819141,0.5661857846586911,0.566005207233833,0.5660789075423222,0.5684879926365994,27539,16956,True,0.9988156634514848,0.998629361936106,5.396045840980968e-06,0.9974200283997083,0.996710999901718,6.345387735837119e-06,-0.0019076553502667126,-0.001927789765496346,-0.005757269986931046,-0.005686897010154124,-0.003384689032245758
0Wxl_LzqguI_000288,0.19517424019504814,0.1966213641559761,0.19027887125512782,0.19349164467897978,0.19349164467897978,0.19354027899962298,0.19358082628006368,0.19672691535273257,0.19818297063173462,0.18870212410102025,0.19273465330130063,0.19407880903318053,0.19407880903318053,0.19412779203297859,0.19416740310566846,0.1906143264866888,23248,5184,True,0.998318308268509,0.9984126098701879,3.4147000628955977e-06,0.9973335480195579,0.9970711908347877,2.9246668882893684e-06,-0.0016825955160683637,-0.0016825955160683637,-0.0010954311618676105,-0.0010954311618676105,-0.004559913708359342
0XDEooC1h7s_000000,0.30863911896719265,0.3161437103042942,0.30228869249943346,0.3090968070809583,0.3090968070809583,0.30902520385470716,0.3090395218458972,0.31938325991189426,0.31388235294117645,0.30106070864364703,0.30367874704061193,0.30935485367098003,0.30935485367098003,0.30921144128691297,0.30928313085412223,0.4549733933688088,21611,6670,True,0.999738416110802,0.9997163097960777,1.1778458066338029e-06,0.999400322170899,0.9992259613724443,1.4988285824724372e-06,0.0004576881137656752,0.0004576881137656752,0.0007157347037873851,0.0007157347037873851,0.14633427440161617
0YTieIiZNN4_000010,0.31552587646076796,0.3466678312516377,0.29560942911406546,0.32011936927854173,0.32009355215936125,0.319964529001572,0.3204812467196899,0.3742221384122195,0.2940871369294606,0.30289617277826536,0.29089709762532984,0.3108430904178251,0.31069709186269523,0.31175869923808025,0.31266740192216796,0.43825276128101237,25158,7938,True,0.9963934120240627,0.9963773717218243,5.589764264135908e-06,0.9942790804866503,0.9938090191172136,1.0928480824143622e-05,0.00459349281777377,0.004567675698593288,-0.004682786042942866,-0.004828784598072733,0.12272688482024441
0ZxpQ87jdgQ_000037,0.6321541026115948,0.6234733530717986,0.6414705337286879,0.6325009835458564,0.6325009835458564,0.6325704103121891,0.6324084145240795,0.6674003707136237,0.5990416444825112,0.6515684278708245,0.6295636893338574,0.6387346107562714,0.6387346107562714,0.6384633186762324,0.6377227493635732,0.7871098648063288,28929,41567,False,0.9952358132854494,0.9952330483149917,1.4203126285982986e-06,0.9871084385621599,0.9854411524325232,3.596808299609629e-06,0.0003468809342616064,0.0003468809342616064,0.006580508144676589,0.006580508144676589,0.15495576219473406
0_9-dbUW0hU_000030,0.2179678530424799,0.21368986401554108,0.22076200357369302,0.21698221457257602,0.2169697665079456,0.21714679214966143,0.21715925394548063,0.21682606952637307,0.20920932358318098,0.2192597789861428,0.22369393439827184,0.21733386939291252,0.2173213875488169,0.21737881920514587,0.21735883738296283,0.2072789657496477,14110,7107,True,0.9993162855738297,0.9989704276868889,1.2877509394843857e-06,0.9986230508103432,0.9980064653741231,2.5505086759115605e-06,-0.0009856384699038767,-0.000998086534534287,-0.0006339836495673767,-0.0006464654936629843,-0.010688887292832211
0_B2YnBAz3A_000220,0.10119821789301824,0.10098862255605877,0.10102489019033675,0.10085771808378609,0.10086049975177892,0.10085215520807479,0.10086884567645842,0.1000300883503378,0.09994534025690079,0.09959692793725149,0.10034573592360882,0.09940471336540814,0.09940471336540814,0.0994128200946012,0.09948854671092007,0.13202268148921883,36137,3657,True,0.9959691919313444,0.9946098861254772,1.6302124528703305e-06,0.9902995027203886,0.9868471871372523,4.032738294387055e-06,-0.0003404998092321476,-0.00033771814123931265,-0.0017935045276100958,-0.0017935045276100958,0.0308244635962006
0apGJGFHQO4_000067,0.5752004224473141,0.547247908410392,0.5915586743840598,0.577300259590424,0.5772150682298673,0.5756067205973865,0.5761541780526391,0.5506046267087277,0.5290512067424339,0.5971841008437532,0.5777811813958238,0.5735069643197863,0.5733765614570421,0.5720866179124323,0.5730133790410894,0.5270552903952378,17018,15795,True,0.9947316339891503,0.9956808963335432,2.0632808884667094e-05,0.9952103352909906,0.9959624615172112,1.6130256974576824e-05,0.002099837143109906,0.0020146457825532815,-0.0016934581275277472,-0.001823860990271986,-0.04814513205207627
0bBJkY4_zs8_000033,0.562695865584293,0.5650557620817844,0.5723698905517087,0.5731578151006204,0.573201180298101,0.5731794968791375,0.5732071901608325,0.5673643410852713,0.5662979351032449,0.5775368864799759,0.5929652130170646,0.5776842584167425,0.5776842584167425,0.577771879265888,0.577773563436374,0.6678700361010831,25771,15617,True,0.9913811976102042,0.9919753922654575,3.2513151263134307e-06,0.995526529634002,0.9962349953647996,2.6267827468565145e-06,0.010461949516327396,0.010505314713808,0.01498839283244957,0.01498839283244957,0.10517417051679012
0bobzCB2ObQ_000076,0.5259755350389792,0.5466604804184153,0.5168936062246279,0.5289259689513148,0.5289259689513148,0.5287259209192294,0.5286525991170817,0.5541110034135446,0.5261456550675033,0.49946073973819444,0.5382175705677132,0.5277824727457111,0.5278247274571115,0.527518962202362,0.5272443007753903,0.6256507936507937,26497,45732,False,0.9969932741901865,0.995355768234666,1.1078855666151843e-06,0.9972689398603859,0.9955403793692409,9.581312510585727e-07,0.002950433912335626,0.002950433912335626,0.0018069377067319037,0.001849192418132306,0.09967525861181448
0eA2QcSRgh0_000063,0.5502840539485667,0.5591870848546167,0.5453370665517984,0.5520647491405944,0.5520647491405944,0.5521758050478677,0.5522238663069022,0.611423896828834,0.5346605496864346,0.597826602761828,0.54402853582019,0.570984175645823,0.5710807520627621,0.5703346696094771,0.5715188445046265,0.6283012339983854,18744,17004,True,0.999544920468073,0.9988030823418785,4.190541142053963e-07,0.9985763661688601,0.9977631505550287,1.6579541028527326e-06,0.0017806951920277259,0.0017806951920277259,0.020700121697256324,0.020796698114195378,0.07801718004981872
0eDN0YmnJRY_000002,0.20195230301613282,0.20111927247289263,0.20738073807380739,0.2041986989946777,0.20418662409082847,0.20421077532674906,0.20422285308729596,0.22138872860165418,0.1985734008283479,0.20720828593665808,0.20786719595813785,0.20871822737426796,0.20873082960995049,0.20869302746755206,0.20890742083635486,0.24489171194612383,17098,3465,True,0.9992105254884872,0.9989911466343664,1.297024283807859e-06,0.9968416129247425,0.9949735302164598,3.0930388606792317e-06,0.002246395978544896,0.00223432107469565,0.006765924358135139,0.006778526593817669,0.04293940892999101
0g_-KI5NZ-E_000030,0.0759103744178371,0.07830231502496596,0.07274388529659825,0.07508433385324095,0.07506799637352675,0.07501087114074503,0.0749972827071483,0.07927086125684525,0.07595772787318363,0.07616454485245419,0.07040097949188859,0.07509795385285155,0.07508978126020241,0.07501630789302022,0.07474543222358633,0.12401150251617542,27269,2070,True,0.9976240581536718,0.9968778139916646,5.702312149076803e-06,0.9952758378595526,0.9935402040550699,7.000044515040957e-06,-0.0008260405645961477,-0.0008423780443103518,-0.0008124205649855526,-0.0008205931576346914,0.04810112809833832
0glBUluF4Yk_000175,0.6066443188072247,0.6094411942707283,0.6062509346493196,0.6073736412362871,0.6074040677286845,0.6075365804770495,0.6075670258080682,0.6205975972892495,0.6016886019369257,0.6270572404512991,0.6033258873169521,0.613705275924803,0.613705275924803,0.6136662286465178,0.6140812300844671,0.662727844123193,19029,13083,True,0.9986069415096506,0.9982149829865566,7.757755750252961e-07,0.9913184778701805,0.990401814767297,4.867668155078154e-06,0.0007293224290624289,0.0007597489214598019,0.007060957117578259,0.007060957117578259,0.056083525315968275
0hfU27A6tus_000070,0.47062144439136666,0.4710660278484803,0.4779956623893006,0.47712582892638294,0.47753869384673464,0.4779270633397313,0.4782899690454279,0.48444980732552256,0.4565903168289672,0.4454490869918412,0.4842957070360719,0.47786319731914056,0.4780793319415449,0.4767214397496088,0.4780917200455849,0.4921984644596714,15104,18760,False,0.9947627935776823,0.9929141199627058,1.8932493715868577e-05,0.9935757530380123,0.99072481784592,1.8156475477724163e-05,0.006504384535016283,0.00691724945536798,0.0072417529277739034,0.007457887550178233,0.021577020068304753
0hjqlmdPT6g_000050,0.8146600436279534,0.81440100949026,0.8131723611878271,0.8139051776276,0.8139051776276,0.8139314733492861,0.8139314733492861,0.8102385842945173,0.8219417881590636,0.8190759197412365,0.8057075223566544,0.8152370944437147,0.8152370944437147,0.8152585119798235,0.8152059688944935,0.8048560912966346,31697,37349,False,0.999731433862981,0.9994660886611576,3.2828273325739705e-07,0.9994450633113802,0.9992376489838418,4.866916223248462e-07,-0.0007548660003534602,-0.0007548660003534602,0.0005770508157613152,0.0005770508157613152,-0.00980395233131881
0iX0QmnbrK4_000085,0.6044305345004646,0.5915325834163938,0.612565445026178,0.602785759509083,0.6027564040128567,0.6027363910799494,0.6028344615984026,0.5867768595041323,0.5954249617151608,0.6009571228307633,0.6155081555834379,0.6001837346484866,0.6001837346484866,0.6,0.6001257010249468,0.6882456246593593,19219,13590,True,0.9982276400149253,0.9978755110009643,5.0048442235390254e-06,0.9982998433228788,0.997888261122489,4.000054305933985e-06,-0.0016447749913816034,-0.0016741304876078944,-0.004246799851977956,-0.004246799851977956,0.08381509015889477
0jy-sVREk4o_000030,0.3642109234977832,0.36639445446776187,0.36246569558792485,0.3641508099313857,0.3641508099313857,0.3641508099313857,0.3641679832111108,0.3674638645872956,0.36350554376032085,0.36948300622307323,0.35762339613917465,0.36391696708371624,0.36391696708371624,0.3638462263262037,0.3638912449345019,0.4975911220387414,42362,15486,True,0.9989303137653762,0.9975806644407079,4.6673156805098235e-07,0.9977634209596365,0.9947434967739537,1.5930885494921244e-06,-6.011356639751275e-05,-6.011356639751275e-05,-0.000293956414066987,-0.000293956414066987,0.13338019854095817
0kQkVbOikzQ_000004,0.6108942755409477,0.6119726300587972,0.5976893197437004,0.6052871775802036,0.6053005205868434,0.6050959718842931,0.6052800594936281,0.6127797510258974,0.6063224232567596,0.5947714578444657,0.599042966802911,0.6036351396836082,0.6036351396836082,0.603607848416518,0.6036351396836082,0.6172891798228726,27911,19140,True,0.9984377491472736,0.9985703926240547,1.909302787259185e-06,0.9991343129373886,0.9992368521012466,1.4442632529537258e-06,-0.005607097960744101,-0.005593754954104302,-0.007259135857339505,-0.007259135857339505,0.006394904281924907
0m9-5BkL4Mc_000030,0.15953449535539088,0.1523290442209361,0.16315841002545525,0.1609250145525745,0.16089462274625918,0.16123264619267985,0.16093346678607176,0.14538676607642126,0.1599725187612303,0.16408556482104936,0.1595626389918458,0.16130229598600138,0.16135014836795253,0.16123607315535002,0.1609538784067086,0.15734880450070324,18635,3584,True,0.9936615611766443,0.992947589031708,1.9047590775289578e-05,0.9946115292446119,0.9944220874605212,1.4543202587681143e-05,0.0013905191971836095,0.0013601273908682987,0.0017678006306104943,0.0018156530125616466,-0.002185690854687644
0mNvPaqfwUI_000220,0.6215205230167824,0.623821272856322,0.6195681420691511,0.6216708246240982,0.6216708246240982,0.6216708246240982,0.6216708246240982,0.6211213569361244,0.6255424464334147,0.6214704494912056,0.6182564240548903,0.6216325567281432,0.6216325567281432,0.6216325567281432,0.6216535167577045,0.7716588884174799,29021,19096,True,0.9998002984346863,0.9995840272852601,2.548613827237191e-07,0.999766673926497,0.999529308013717,6.290430217782822e-07,0.00015030160731577258,0.00015030160731577258,0.00011203371136081497,0.00011203371136081497,0.15013836540069747
0n-Z2AQCRnU_000385,0.5143439326505442,0.5161808829832834,0.5170365570495167,0.516566265060241,0.516566265060241,0.5165680473372781,0.5165680473372781,0.517974819180284,0.5213228415781654,0.5136161789096356,0.5212492479352404,0.518759488180438,0.5187032418952618,0.5186249525565255,0.5186550976138828,0.4578594176524113,17531,10710,True,0.9990747635898779,0.9987186127867781,8.431022351325151e-07,0.9990177532545078,0.9986654872804257,1.1737015496786124e-06,0.0022223324096967145,0.0022223324096967145,0.004415555529893811,0.004359309244717613,-0.05648451499813295
0n56ajMNoMA_000118,0.6059113300492611,0.5871919502003923,0.6341953520880657,0.6091914305459571,0.6091914305459571,0.6112793010985209,0.6110534509600415,0.5839154881581189,0.5903305714529768,0.6220108221330075,0.6462011418533158,0.6090751944684529,0.6091427583823021,0.6113899948069933,0.6112168945819629,0.6610722163613695,10354,8228,True,0.9766019872511432,0.9465387404473699,6.908223296954544e-06,0.9839007602088515,0.96343876090069,4.968681442084825e-06,0.0032801004966960257,0.0032801004966960257,0.0031638644191918086,0.00323142833304102,0.05516088631210836
0nYltlo90Zc_000147,0.18202905628128432,0.18027930596699113,0.183327185540391,0.18184035611927557,0.18184035611927557,0.18184035611927557,0.18184035611927557,0.1802684076895176,0.18030110647560313,0.1845982419215055,0.18216249236408064,0.1818736277140766,0.1818736277140766,0.18186253582972495,0.1818736277140766,0.22054581761704015,16382,2982,True,0.9997726928834856,0.9994708699567293,1.1373487925113522e-06,0.9996245860023586,0.9991526481736779,1.659699896313778e-06,-0.00018870016200875361,-0.00018870016200875361,-0.00015542856720771048,-0.00015542856720771048,0.03851676133575582
0nYltlo90Zc_000161,0.25070250458155163,0.2510859590088712,0.250121891760117,0.2505800464037123,0.2505800464037123,0.2505800464037123,0.2505800464037123,0.25094778035954507,0.25090175460047687,0.24857662023016353,0.2506259541984733,0.2503507594705057,0.2503507594705057,0.25036603221083453,0.25036603221083453,0.2755842062852538,16370,4104,True,0.9998656763217959,0.9997274661524118,5.195206866941322e-07,0.9998159804739039,0.9995545426292344,8.62393720545442e-07,-0.00012245817783934632,-0.00012245817783934632,-0.0003517451110459091,-0.0003517451110459091,0.024881701703702186
0nvBTp-q7tU_000112,0.07936139601800715,0.07913369429404415,0.07938718662952646,0.07920333487725799,0.07919966652771988,0.07919966652771988,0.07921434196507157,0.07848356893702955,0.07900572907041212,0.07787949173384343,0.0804176072234763,0.07888181566565182,0.07888181566565182,0.07887817703768624,0.07889273356401384,0.11078717201166181,21547,1710,True,0.9983561283177621,0.9982468582903681,1.7811643967544988e-06,0.9987508787543012,0.9985018607208599,1.1746110500170364e-06,-0.00015806114074916333,-0.00016172949028726846,-0.0004795803523553327,-0.0004795803523553327,0.03142577599365466
0oTdsarJHA4_000220,0.381671105849857,0.378515625,0.3793439586684213,0.37906137184115524,0.378950448692938,0.37917235994534454,0.37919086428187987,0.3839197469855703,0.36568774629386375,0.36942614341640406,0.3859777517564403,0.3758547625926996,0.37574007220216604,0.37638607655963746,0.3763923043541154,0.41944592434736283,19563,8449,True,0.9995004024561193,0.9994246507662026,3.560857315743475e-06,0.9989749659450168,0.9987350816937474,4.6043612079392705e-06,-0.0026097340087017362,-0.002720657156918993,-0.0058163432571573526,-0.005931033647690931,0.03777481849750586
0olhNr566Z0_000018,0.6498347730303206,0.6542295808313414,0.6477495107632094,0.6512719476154604,0.6512719476154604,0.6512719476154604,0.6513096893834028,0.6559513979002005,0.6249728201782996,0.6547480845135826,0.6396565449789605,0.6470891884141096,0.6472645945635968,0.6466075007157172,0.646920653107992,0.6396175216436232,14543,13915,True,0.9993787618521063,0.9989273960267434,1.927153179586945e-06,0.9975936036807737,0.9978561201911456,1.952560211236863e-05,0.001437174585139811,0.001437174585139811,-0.0027455846162109943,-0.002570178466723805,-0.010217251386697379
0q5kQGcOn2I_000083,0.48349795750751073,0.5330818152419964,0.44310121107266437,0.48955249681280927,0.4895741048855853,0.48953088874003325,0.48881782233842563,0.457927119892543,0.567690190513052,0.49566442662042054,0.3063969429391826,0.46605698966575865,0.46610022916936916,0.4665758637090846,0.46328966143468675,0.28888941154334635,32398,36239,False,0.9950726993803383,0.9934560001275012,8.804874341528058e-07,0.9875776039508938,0.9872687380301594,2.259983891766068e-06,0.006054539305298534,0.006076147378074548,-0.017440967841752086,-0.01739772833814157,-0.19460854596416438
0q6GOUn_dhU_000066,0.14402618657937807,0.13926149208741523,0.14827890556045895,0.14383561643835616,0.14383561643835616,0.1438692098092643,0.14388041108688882,0.14193548387096774,0.13863465866466618,0.14725099601593625,0.13508771929824562,0.14334470989761092,0.14332247557003258,0.14334470989761092,0.14127360293555538,0.0857222376843863,12831,1848,True,0.9979903475721879,0.9971790356126832,9.918442141736325e-07,0.9960428570256493,0.9940371931669975,2.550552794606727e-06,-0.00019057014102191738,-0.00019057014102191738,-0.0006814766817671569,-0.0007037110093454924,-0.05830394889499177
0q9FUj_2qMc_000539,0.7285350133670445,0.7115316773537529,0.7382145816072908,0.7256198689775272,0.7256406003814578,0.7259723028443487,0.7257857202089726,0.7018416397877432,0.7279885617190576,0.736278086394163,0.7397740230123354,0.727027643557786,0.7270483814105887,0.7272048607510939,0.7270125668781884,0.6847598281008531,38253,45154,False,0.9962259757565167,0.9943118520348397,8.624232958138664e-07,0.9944368851803694,0.9905139095857006,1.4140762907037562e-06,-0.0029151443895173434,-0.0028944129855866807,-0.0015073698092584742,-0.0014866319564558195,-0.043775185266191396
0sT6vnChbrc_000000,0.1958904109589041,0.19614813985387566,0.19639003335295271,0.1961152005373786,0.19607678531452877,0.1960877595567247,0.1961097117268402,0.19675951926316973,0.1975695031861501,0.19545872967167843,0.19668219839443105,0.1963020030816641,0.19628550619082302,0.1963020030816641,0.19635701275045536,0.2543468002468329,35770,7007,True,0.9936100349415086,0.9888484249615505,4.359398725884751e-06,0.9949796392590414,0.9908151312067194,2.804585995670716e-06,0.00022478957847449355,0.00018637435562465776,0.000411592122759985,0.0003950952319189127,0.05845638928792882
0slFEpnTKkY_000115,0.46979786669809653,0.4811160058737151,0.463099740014181,0.47132970107495215,0.47132970107495215,0.4715236468578833,0.47153753276202254,0.47827104170322277,0.4861437985408331,0.46765331442750796,0.4613771924644186,0.4729884888273913,0.4729745642958078,0.4731372722187877,0.4729745642958078,0.4355396541443053,18062,31820,False,0.9989609004557453,0.9986612372399174,8.441071661581789e-06,0.9989936592679678,0.9985911115715322,8.574838670803237e-06,0.001531834376855612,0.001531834376855612,0.0031906221292947734,0.0031766975977112755,-0.034258212553791245
0teMcpgy9Jo_000058,0.43896832071768993,0.442578302315025,0.43474173210927997,0.4388481147403216,0.4388481147403216,0.4386269459065965,0.4387989468377122,0.4418262150220913,0.4435158337597362,0.43676372527228274,0.43362197341569686,0.4390448965865142,0.4390448965865142,0.43892188725764875,0.4390695067264574,0.44847675688797184,17606,8058,True,0.9997663117830801,0.9996971846137909,7.64077497710216e-07,0.9997397267953071,0.9995880116982364,1.0632786602844844e-06,-0.00012020597736833727,-0.00012020597736833727,7.657586882425793e-05,7.657586882425793e-05,0.009508436170281909
0ti14lvd2Aw_000000,0.24031651443364432,0.2400175622606532,0.2424182603331277,0.24150795209110543,0.24151980756958422,0.24149017105553783,0.24178686389660173,0.24003512709176952,0.2421140691895084,0.24482344703411024,0.2452642073778664,0.24346793349168647,0.24346793349168647,0.24351010913410379,0.24376950899271665,0.3960336052992972,40946,9840,True,0.9635410647126953,0.9511734096215605,4.776647296022578e-06,0.9613544261384406,0.9491955470200577,5.15525940578152e-06,0.001191437657461103,0.0012032931359398924,0.003151419058042143,0.003151419058042143,0.15571709086565289
0w9PLY1owzk_000108,0.7341418911666846,0.7352962272270837,0.7317533856022809,0.7336169604232956,0.7336169604232956,0.7335907335907336,0.7335907335907336,0.73029030880888,0.7408720825040709,0.7339915575588467,0.7299996445960835,0.7340345604808415,0.7340345604808415,0.7340345604808415,0.7340345604808415,0.8175289701322017,27801,20670,True,0.9998098026903687,0.9995425893903052,2.6984240712329976e-07,0.9994424947838847,0.9990947413717537,5.823025552655735e-07,-0.000524930743388996,-0.000524930743388996,-0.00010733068584312111,-0.00010733068584312111,0.08338707896551711
0wdNFZhpdQw_000368,0.37610062893081764,0.3773811109631011,0.3758879242304657,0.3767472673070553,0.3767472673070553,0.3767472673070553,0.37637326273990734,0.3971211407815968,0.3753178958640075,0.38160043549265105,0.37265796614549684,0.3816518661948321,0.3815850971489617,0.38148321206862024,0.38134009610250935,0.3777288065560223,13163,7623,True,0.9976304336727724,0.9961191817609512,2.757454716086278e-06,0.9971504059322788,0.995964055282402,3.5761977010840496e-06,0.0006466383762376848,0.0006466383762376848,0.005551237264014464,0.0054844682181440785,0.0016281776252046742
0welW-8hB1c_000071,0.46273769574944074,0.4702781438579455,0.4624960660209113,0.4650092402106071,0.46507897764915096,0.4649459365190094,0.46632990768158855,0.49607418197321207,0.46573203317486206,0.45562399384055435,0.4712663816665499,0.471088017413896,0.471141693582362,0.4709435022297131,0.4721189591078067,0.4667794524761612,18998,22848,False,0.9995295691622138,0.9995107140864936,2.2514295996160154e-06,0.9974440851391956,0.9964222627746921,3.923044508531554e-06,0.0022715444611663416,0.0023412818997102236,0.008350321664455262,0.008403997832921284,0.004041756726720469
0wzsE67O5tE_000230,0.4827342962714142,0.4906617400067182,0.4763184413839436,0.48307020490426605,0.4831709774941216,0.48337252267383274,0.48330534094726235,0.4941883902176834,0.48703392677191804,0.48424588511924754,0.469734632180047,0.48357406785354384,0.48360765871682904,0.48357406785354384,0.48347329526368826,0.4359595144423148,14527,29614,False,0.9997068805301137,0.9993242435591965,2.999486186251309e-06,0.9995595492564817,0.9990912882138407,2.1644046077812476e-06,0.0003359086328518779,0.0004366812227074024,0.000839771582129667,0.0008733624454148603,-0.04677478182909939
0x9TnOQ5Nhw_000020,0.3964846463804363,0.39876219837277765,0.39453622819009665,0.3969085305091423,0.3969085305091423,0.3968206150209719,0.3968298109010011,0.39576588367660903,0.4022046287862865,0.39525965625577525,0.39199793857902504,0.3971001043962417,0.3971001043962417,0.39700218107568797,0.39701991366105,0.41877996871714657,42681,17622,True,0.996695047968726,0.9906940050522357,9.665582735768937e-07,0.9929482211458455,0.9840828014142011,1.706975094038586e-06,0.0004238841287060313,0.0004238841287060313,0.0006154580158054257,0.0006154580158054257,0.022295322336710277
0xPWkrfjMu0_000178,0.15868333203943794,0.16483427864842343,0.153415061295972,0.15883130002331183,0.15883541418432368,0.15863817457442955,0.15886421928029223,0.16673464393506812,0.16334576451784763,0.15290245362058646,0.16518061579074966,0.16203361166895677,0.16201648700063412,0.1620036458746136,0.16219218663210516,0.19511495169159146,38643,6132,True,0.9830943537629161,0.974276629824128,3.7549043521766597e-06,0.9900177393966677,0.9862573567798322,2.30135760833457e-06,0.00014796798387389787,0.00015208214488574012,0.0033502796295188375,0.003333154961196183,0.036431619652153524
0yxJzCQW5zI_000030,0.37967544375627144,0.3769462757750035,0.3802730792745058,0.37929726561153065,0.37929726561153065,0.37919266434554794,0.37929726561153065,0.3772127794625855,0.3654519735955813,0.3734242819406828,0.38154851000136075,0.37549434065184784,0.3755284331105959,0.3755367732260923,0.37560094104810937,0.25766509433962265,25666,14208,True,0.998290669421459,0.9983137964283723,2.600200656627824e-06,0.9982547552217134,0.9980595908804757,3.4862918126878207e-06,-0.0003781781447407817,-0.0003781781447407817,-0.0041811031044236,-0.00414701064567552,-0.12201034941664879
10YXuv9Go0E_000140,0.06879120128428459,0.06865528683337324,0.06819027012407451,0.06823345881235798,0.06823345881235798,0.06821726452837866,0.0682820878300414,0.06529243193955972,0.0709506107275624,0.06945448287730167,0.06707946336429309,0.06805113982276939,0.06804423551692651,0.06811334168387556,0.0682010779295617,0.0771647887956188,29270,2021,True,0.9908699863043805,0.9899497167082374,4.2090028431633945e-06,0.9845511729894291,0.9829642438779495,6.501016988863334e-06,-0.0005577424719266089,-0.0005577424719266089,-0.0007400614615152012,-0.0007469657673580821,0.008373587511334213
10aBef0Ghkc_000040,0.40649120587118814,0.41301946924994476,0.3997142857142857,0.4062984649469853,0.40628560577288264,0.4064438536523611,0.40628560577288264,0.41426135287058674,0.4107707885077838,0.40243398684503195,0.3988737384922016,0.40644589375039575,0.40644589375039575,0.40652800202615,0.40644589375039575,0.46207047175305765,27382,17080,True,0.9991372914859818,0.9984652041214768,3.1573504787289894e-06,0.9993115171017085,0.998763503839646,3.571143910955227e-06,-0.00019274092420284994,-0.00020560009830550285,-4.531212079239566e-05,-4.531212079239566e-05,0.05557926588186951
10aF24rMeu0_000030,0.05419458786480647,0.054353813948363874,0.05416681916334224,0.05424822227109449,0.05424822227109449,0.05425021076939995,0.054252199413489736,0.05468317014594495,0.05419458786480647,0.05461859246411042,0.05374001452432825,0.0542760745195834,0.0542760745195834,0.05427806506032934,0.054280055747084284,0.07449164485604994,27309,1480,True,0.9996732718624505,0.9993768378104854,2.687901561773231e-07,0.9995120378380461,0.9991279448132239,5.126599435057687e-07,5.363440628802091e-05,5.363440628802091e-05,8.148665477692579e-05,8.148665477692579e-05,0.020297056991243463
10hGfv89L3g_000030,0.15509954682010285,0.16779563719862228,0.16858089453340697,0.1585391268104616,0.15848958333333332,0.1576875259013676,0.15796303986710963,0.1638636866563399,0.16967318730233102,0.15663267920274632,0.1654769630110318,0.1584338602329451,0.1584529008109794,0.1575629166451346,0.15782115673380626,0.15205581858958386,19625,3060,True,0.9609443501522776,0.9649542848195767,5.427961869712047e-06,0.9752314254943864,0.9765073698358687,3.580800906198774e-06,0.0034395799903587376,0.003390036513230471,0.003334313412842238,0.003353353990876551,-0.0030437282305189883
115l3adqQ1M_000417,0.21934412413553778,0.21973060613619355,0.22044633579098422,0.21968343753101122,0.21967798754620557,0.2197003522349556,0.2197276042571138,0.22063037249283668,0.21813129558874608,0.22032016970474336,0.22035296470352964,0.21941704147305122,0.21941704147305122,0.2194612861544578,0.21947461291845813,0.23868148266581396,39780,9412,True,0.9930731468633613,0.9856545195196391,1.355948586698099e-05,0.994906783285295,0.9874015517960406,5.415580025864751e-06,0.00033931339547343953,0.0003338634106677951,7.291733751343954e-05,7.291733751343954e-05,0.019337358530276183
126AbihZt28_000009,0.21703631010794897,0.22094789002557544,0.21631455399061034,0.21831319592513623,0.21831319592513623,0.21831319592513623,0.2182787208843269,0.21945701357466063,0.22208386889460155,0.22479264921125386,0.2125557435029986,0.21976231169760324,0.2197273774987084,0.2195964731114465,0.21937864539935722,0.29400191428267575,25475,5529,True,0.9988894685076216,0.9985193921379563,1.6494232778691459e-06,0.9988634361966451,0.9985629550531655,5.256239549008242e-06,0.0012768858171872677,0.0012768858171872677,0.0027260015896542755,0.002691067390759444,0.07696560417472678
12T-9dLEbY8_000020,0.24564746074502333,0.23734447715832463,0.25345481642053924,0.24515770187148278,0.24514166066871687,0.24543072387815262,0.245672131147541,0.24070623164145163,0.23696531515749913,0.25465880599037743,0.2513949579831933,0.2451232617969844,0.24513124470787467,0.24528301886792453,0.24544980103072608,0.2729425449711271,30255,7665,True,0.9877764309279701,0.9896963080429361,6.44919755689652e-06,0.9882114399843687,0.9878241651990746,5.018814893683222e-06,-0.0004897588735405523,-0.0005058000763064618,-0.0005241989480389286,-0.000516216037148659,0.027295084226103744
130v5XJl8G0_000070,0.4911832220367279,0.48527392034182815,0.49985249550781774,0.49161952923389723,0.49163278073193617,0.491635397123202,0.49168361228426927,0.4882962344406461,0.47898825923995336,0.48829397651218587,0.5234084572490706,0.4878181676656029,0.48769226778720204,0.48739582794140485,0.48765448091820607,0.4587288648136948,31886,25280,True,0.9965493502979865,0.996565436014312,1.8082343607901335e-06,0.9955089643747398,0.9959125235412402,5.21435014006148e-06,0.00043630719716936106,0.0004495586952082964,-0.003365054371124998,-0.003490954249525835,-0.03245435722303308
13W_9xdaOZE_000068,0.18803576934936786,0.18711203982545632,0.19127684889473354,0.18801207416990082,0.18801207416990082,0.18796575722116154,0.18800628330304617,0.19159479379018346,0.18261214767764986,0.18938876822835868,0.191905554334516,0.18791946308724833,0.18791946308724833,0.1878038274567719,0.1878905408317173,0.1754520433404174,32410,6118,True,0.9944435249192782,0.9912490302931842,3.2562741650771264e-06,0.9919831150589844,0.98723872211907,4.80035889651734e-06,-2.3695179467042582e-05,-2.3695179467042582e-05,-0.00011630626211953099,-0.00011630626211953099,-0.012583726008950469
14jcqHjMXcI_000000,0.10492564541986843,0.10554412500695101,0.10453844459131967,0.1050127254619896,0.10501853593758645,0.10499529789234939,0.10500110643947776,0.10598023340220002,0.10300662107891023,0.10334313405205271,0.10619369999440496,0.10461334950118503,0.10461334950118503,0.10464218767229022,0.10464218767229022,0.13566833452466048,18089,1898,True,0.9995112137272746,0.9990772099546574,1.1698630697351714e-06,0.9994649164266974,0.9992163987813009,1.5871745169497068e-06,8.708004212117093e-05,9.289051771801948e-05,-0.00031229591868339734,-0.00031229591868339734,0.030742689104792054
14lBeX_dOHU_000234,0.18035963765829915,0.1765406502271825,0.1789323079674506,0.1776061776061776,0.1776061776061776,0.1776061776061776,0.17762194310061694,0.17878842030021444,0.17495081967213114,0.179349287442861,0.17744867645102647,0.1780090739258073,0.1780090739258073,0.17798532354903268,0.17758253461128862,0.25322703113135914,22189,4002,True,0.9989722956118773,0.9988269888197372,1.3936681314765412e-06,0.9980740379123297,0.9977134782065891,2.5497233013011546e-06,-0.0027534600521215424,-0.0027534600521215424,-0.002350563732491845,-0.002350563732491845,0.07286739347305998
14tRPoQA4q0_000004,0.06815853999193022,0.06814584949573313,0.0683133204753313,0.06825599104839461,0.06825599104839461,0.06825599104839461,0.06825811264453562,0.06885955285190179,0.06726498606303795,0.06829207612887175,0.06823478233850169,0.06818393516937311,0.06818393516937311,0.06819240443436947,0.06820087580359639,0.07531639057516205,32219,2196,True,0.9990585336732758,0.997850010757915,3.3268515432414124e-07,0.9964300180298911,0.9950997032940471,1.3740675022444045e-06,9.745105646438712e-05,9.745105646438712e-05,2.5395177442891215e-05,2.5395177442891215e-05,0.007157850583231831
15Mw2jyyHk0_000030,0.34283748925193464,0.3456393061210524,0.33884269122397087,0.3425357522548784,0.3425357522548784,0.34254749982852045,0.3424789080183826,0.35032985156679497,0.34087999460952767,0.34281492427041005,0.3333566018638093,0.34231833555396124,0.34234080349822354,0.34220415414047556,0.3421592073795695,0.34824052175159464,18428,20615,False,0.9994422747428705,0.9988891456621696,7.970588625837789e-07,0.9988086725799743,0.9982444676425822,1.6354357984798648e-06,-0.00030173699705621226,-0.00030173699705621226,-0.0005191536979733957,-0.0004966857537110902,0.00540303249966001
15pi8h_bHQE_000173,0.6050420168067226,0.6068530554166827,0.6000308499151628,0.6045498361287835,0.6045112781954888,0.6045883940620783,0.6045040876137591,0.5997839172711839,0.6191732283464567,0.5838971080217085,0.6080419856364928,0.6060770482908302,0.6060453400503778,0.6059115208801426,0.6057882298244934,0.5779597407028318,21691,20138,True,0.9977839040665276,0.9973926001482202,2.2783114037890203e-06,0.9965916073212578,0.9962844020857072,6.245597142973681e-06,-0.0004921806779391025,-0.0005307386112338719,0.0010350314841075514,0.001003323243655152,-0.0270822761038908
169a2JSphHA_000269,0.537718103392359,0.5368729641693811,0.5372556609251016,0.5376881162428646,0.5376881162428646,0.5376881162428646,0.5376183681411337,0.537593003524344,0.5350219695011631,0.536980166346769,0.5352713178294574,0.5367589955992752,0.5367589955992752,0.5367242606613603,0.5364118484025352,0.48517520215633425,15067,8640,True,0.9998308394665828,0.999595183641594,8.468999850622897e-07,0.9997340803658483,0.9994586510902682,1.4031373911993356e-06,-2.9987149494425935e-05,-2.9987149494425935e-05,-0.0009591077930838354,-0.0009591077930838354,-0.052542901236024786
16CvcIXIjzQ_000332,0.6267367058733965,0.6311362593668757,0.6091429426508548,0.6218751181876631,0.6218751181876631,0.621983508586126,0.6219927371765774,0.6309542161245568,0.6302121015955219,0.6103608672818666,0.6087467842704888,0.6202388577025958,0.620215491259795,0.6204297022238975,0.6203867757379274,0.697615333184756,25712,17024,True,0.9984123068253243,0.9980842942409295,1.8598707684724746e-06,0.9985117943726148,0.9983469998698423,2.9376466655684877e-06,-0.004861587685733415,-0.004861587685733415,-0.00649784817080068,-0.006521214613601445,0.07087862731135952
17K-oEuH1p0_000020,0.036626818928312266,0.036470811941433735,0.03653055005332927,0.03652776719737945,0.03652776719737945,0.036529158572353636,0.03653055005332927,0.03935973732813462,0.03455855855855856,0.0390392835334826,0.034370296036126444,0.03672781586304623,0.03672922252010724,0.0367207841935978,0.03677288239579739,0.05217627856365615,26183,959,True,0.9963583920994566,0.9946847930894341,1.732719049414611e-06,0.9913714916753388,0.9895321502283069,4.36823281973601e-06,-9.905173093281705e-05,-9.905173093281705e-05,0.00010099693473396287,0.00010240359179497505,0.015549459635343883
17WW_p1N7BQ_000030,0.36402472571927896,0.3666829665851671,0.3605852531604954,0.36370691327685445,0.36370691327685445,0.36373043590738585,0.363777490297542,0.37996149038948757,0.34963165583910977,0.35697482197355035,0.36205174469181944,0.3632019115890084,0.3631784572664751,0.36265153469177197,0.3621261388879946,0.3327904836082985,30899,11248,True,0.9978104290418567,0.997164691725968,9.496807244510763e-07,0.996368754715056,0.9962440267008795,2.7521387459705474e-06,-0.00031781244242451434,-0.00031781244242451434,-0.0008228141302705771,-0.0008462684528038888,-0.03123424211098047
17yDXvJTdeo_000603,0.13551529187385056,0.13759615719308016,0.13469236720826186,0.1360446407175379,0.1360492981855529,0.1360944720177991,0.13608819199561778,0.13621482307049318,0.13513315774070822,0.13584288052373159,0.1341252986461375,0.13505499431093335,0.1350894735027411,0.13507828126077662,0.13518831774087756,0.09131550625051743,27085,6256,True,0.9962583921672454,0.996576592370646,2.1192418343384683e-06,0.9936456467148002,0.9932049821099858,3.403435921963113e-06,0.000529348843687355,0.0005340063117023341,-0.00046029756291721124,-0.00042581837110947096,-0.04419978562333313
18212B4yfLg_000080,0.6360263348769737,0.6441106236463597,0.6269772390044515,0.6352104822971842,0.6352104822971842,0.6351547253972679,0.6350432115974352,0.6450736570884446,0.6327606783047931,0.6292950111522064,0.6258914642299978,0.6327677298521232,0.6327956838956755,0.6327220886677475,0.6327118217650183,0.4845331656711726,28450,30195,False,0.9996127332723945,0.9995473706858768,5.486115757312557e-07,0.9985339444107161,0.9985777634117179,2.0557088960127527e-06,-0.0008158525797894445,-0.0008158525797894445,-0.003258605024850536,-0.0032306509812981554,-0.15149316920580108
18r-Vtspi8g_000030,0.29927059496567504,0.30253012048192773,0.2953700654025314,0.2992991322589873,0.2992991322589873,0.2993276749952317,0.29938477680274705,0.30528133054515394,0.3022824673761256,0.29498836963417213,0.299192145461478,0.2998423767672908,0.29984953786630364,0.299935497742421,0.300064530006453,0.3095719498964395,41952,12555,True,0.9924766777119541,0.986507576962034,1.6513029011134677e-06,0.987876756331374,0.9719677953180493,2.689508363944565e-06,2.8537293312258516e-05,2.8537293312258516e-05,0.0005717818016157672,0.0005789429006285984,0.01030135493076445
190Zx0wVrhQ_000003,0.540363933384762,0.5673498914878226,0.5364752618273745,0.5515247598619789,0.551473330846699,0.5511811023622047,0.5512677106636839,0.5747565213135614,0.5513663254765706,0.5501935840707964,0.5273560966923385,0.5501349967414579,0.5501349967414579,0.5497720718206345,0.549904611232609,0.5757875038985342,20040,13905,True,0.9990380862065346,0.9992875869598132,3.0044210209747706e-06,0.9990643377784293,0.9991292729508828,2.950833698908673e-06,0.011160826477216945,0.011109397461937065,0.009771063356695975,0.009771063356695975,0.03542357051377221
19r6_MQei4M_000119,0.3694321300401098,0.36741549443627963,0.37421148294664813,0.3707234403135261,0.3707038076576815,0.37074307504899107,0.37074307504899107,0.36456434560699963,0.3699984142925102,0.3751540811404684,0.3741314804917157,0.3706252978239,0.370566437268396,0.3707823507601038,0.3708609271523179,0.515084621044886,18948,7000,True,0.9993607481761012,0.9988732080102638,2.4598403652967185e-06,0.9972636823754005,0.9962493392515147,1.060048575242491e-05,0.001291310273416335,0.0012716776175717426,0.00119316778379025,0.0011343072282862243,0.14565249100477617
1ACn3u5UnBw_000030,0.0011081262592343856,0.002101723413198823,0.0005828105180157016,0.0013649377455223384,0.0013648923066679982,0.0013329334532973442,0.0013336445170539792,0.0036287421403322175,0.0006967874431568138,0.0,0.0022911409217691594,0.0010130001688333614,0.0010804240664460802,0.000914820085383208,0.0008486370888353304,0.013588634959851761,28640,1173,True,0.9943372306552888,0.9941620381069257,1.9240115811053143e-06,0.9888954068931337,0.9895114312808294,3.014445255328698e-06,0.00025681148628795285,0.00025676604743361266,-9.512609040102419e-05,-2.7702192788305394e-05,0.012480508700617376
1CZ-bybGzu4_000030,0.7587527898997302,0.760130959142084,0.7576956319393657,0.758821765352704,0.758821765352704,0.758796481407437,0.758796481407437,0.7573433801220285,0.7595477135519162,0.754932468220339,0.7626868673325736,0.7590277083124938,0.7590277083124938,0.7590289125287625,0.759104855923159,0.8340769870679876,29916,22880,True,0.999839613244889,0.9994437759484895,4.844760658528606e-07,0.9996360441548258,0.9991789452993224,9.11892948611918e-07,6.897545297379626e-05,6.897545297379626e-05,0.00027491841276361395,0.00027491841276361395,0.07532419716825745
1D6UsaTflJ8_000060,0.5423680917201567,0.5561085972850679,0.4767267267267267,0.5171603559184931,0.5171603559184931,0.5161463939720129,0.516961225982827,0.5587397215663926,0.5510237443295598,0.5113785969531691,0.4508876148373282,0.52075864461663,0.5206783580651377,0.5186095640483964,0.5195535026943803,0.6927569390089711,23896,14310,True,0.9944742897245614,0.9935723449864131,4.6537746461927025e-06,0.9951458794605607,0.9935465791158321,4.9047668651206594e-06,-0.025207735801663578,-0.025207735801663578,-0.021609447103526636,-0.021689733655018917,0.1503888472888144
1ETrMAVZdY8_000030,0.4814405530998527,0.6569006044325051,0.45456870825635926,0.5899126514511129,0.590093263080781,0.5870815015218126,0.5835846557118295,0.6720784664393897,0.6322980669416155,0.4423071442820096,0.49239828996914015,0.5956601380865154,0.5959419473016767,0.5919172561508328,0.5882750845546787,0.4956935829977366,18843,33440,False,0.982204479710747,0.9694204272884476,3.4824585425035466e-06,0.9878326783448328,0.9794051005798647,2.409736630436966e-06,0.10847209835126026,0.10865270998092835,0.11421958498666274,0.11450139420182404,0.014253029897883907
1ErGsKIlhAI_000051,0.05950752393980848,0.06122103838998816,0.06581844873990703,0.0639128989361702,0.0639128989361702,0.0639128989361702,0.0639128989361702,0.058788293684750983,0.08704048061793734,0.03171345956533905,0.08994951812758147,0.07679963319578176,0.07671170139683993,0.07833926812637321,0.0774787104622871,0.00416156670746634,10949,1443,True,0.9992273687635381,0.9993624939237702,6.118503934937668e-07,0.9946156452814751,0.9962502019684806,5.144779968512821e-06,0.004405374996361726,0.004405374996361726,0.017292109255973277,0.01720417745703145,-0.05534595723234214
1F3_bvIT0ig_000000,0.2456360780794256,0.24552590266875982,0.2474459813760058,0.24654325991983064,0.24654325991983064,0.24654325991983064,0.24654325991983064,0.24471366623452098,0.24806271808582953,0.25291073738680464,0.24388505235018934,0.24736770753310136,0.247356529597831,0.247356529597831,0.24739006643467257,0.28097731239092494,22285,5474,True,0.9988380499888055,0.9981815139175545,1.3861429442353634e-06,0.9986824149525613,0.9983756876432728,2.592178556272771e-06,0.0009071818404050302,0.0009071818404050302,0.0017316294536757482,0.001720451518405386,0.035341234311499325
1F9zCsJyw6k_000230,0.10520897673460984,0.10343292041130273,0.10668058455114822,0.10517865964103408,0.10517865964103408,0.10517865964103408,0.1052046446512394,0.10456740607350413,0.1030241935483871,0.10859863135971437,0.1038280234070221,0.10478612147807899,0.10478182414698163,0.10485492674518816,0.10486783779346577,0.1448659069002665,24285,2555,True,0.9969691619673512,0.9965861549617895,2.857201580814205e-06,0.9971418609415851,0.9968632044774176,4.208383915511494e-06,-3.031709357576018e-05,-3.031709357576018e-05,-0.0004228552565308519,-0.00042715258762821007,0.03965693016565665
1FWUnWVX5Xk_000159,0.3649103139013453,0.37567032423067404,0.35632228821506723,0.36606820098807086,0.36606820098807086,0.36599469922094613,0.3661123162207761,0.3777335159135234,0.3606868718841497,0.36594668379637063,0.35635013677217664,0.36512578112481975,0.365111155617865,0.36505266530497815,0.3651842948717949,0.4746644028227304,24970,9120,True,0.9995542286289573,0.9995250579732088,1.373437069159824e-06,0.9994897053458645,0.9993465562718645,1.2532118071346658e-06,0.0011578870867255397,0.0011578870867255397,0.00021546722347443037,0.00020084171651968408,0.1097540889213851
1FnA3w94zXI_000030,0.7409556405251477,0.7517101865900078,0.7322190419614408,0.7431561996779388,0.7431293612453033,0.7431561996779388,0.7427934940147083,0.744863920364291,0.7626852147958639,0.7294854899007558,0.7310142087212151,0.7424368507234317,0.7424775197960005,0.7429123711340206,0.742648441066681,0.6442545217070331,30790,34320,False,0.997153627109969,0.9970515343974372,2.3724784396976875e-06,0.995830232406877,0.9956692087221456,8.027507118677554e-06,0.0022005591527910484,0.0021737207201555364,0.0014812101982839554,0.0015218792708527884,-0.0967011188181146
1GDAnA4hAqQ_000105,0.6476661207299953,0.6474767557452781,0.6472496638802829,0.6455139042733049,0.6455139042733049,0.6454950884659107,0.6454950884659107,0.6481589884680676,0.650328908727828,0.6506155066545231,0.6419212707983072,0.6457209505758857,0.6457209505758857,0.6456456456456456,0.6457021226965244,0.7098032677559186,34192,22145,True,0.9995898428093304,0.9985751739196265,7.238050226682636e-07,0.9995014494837715,0.9982550927438526,9.83032086201937e-07,-0.0021522164566903923,-0.0021522164566903923,-0.0019451701541095545,-0.0019451701541095545,0.06213714702592332
1HUCwslugK8_000283,0.6407457377652398,0.6097348220516399,0.6455945779420825,0.6268594300734811,0.6268594300734811,0.6268219832735962,0.627046731205928,0.6181774894351527,0.6053235429095916,0.6429631461785803,0.6447521597941303,0.6266977801711243,0.6266977801711243,0.6265326873616843,0.6267352800382958,0.6819254365266635,15778,10976,True,0.9941054560196553,0.9856322068069712,8.099241435674477e-06,0.9961869129932656,0.990511518937915,5.673845396645306e-06,-0.013886307691758693,-0.013886307691758693,-0.014047957594115479,-0.014047957594115479,0.04117969876142369
1Isq_KJHriU_000016,0.1988071570576541,0.224075687787875,0.18708101647352285,0.20469665093534997,0.20466173962478681,0.2042089738499064,0.20460358056265984,0.23356906507493674,0.1985002205558006,0.18732438339057134,0.19113352800637112,0.20187293220434027,0.2018616126499944,0.20148877819443667,0.20190689848569826,0.3068530514831231,18108,3600,True,0.98795298596544,0.9905951916104201,1.783551986323114e-05,0.9919711310209043,0.9935484385085546,1.1682950921636555e-05,0.005889493877695884,0.005854582567132727,0.0030657751466861838,0.0030544555923402994,0.108045894425469
1JY4rwQZn3s_000011,0.644841983023198,0.6652542372881356,0.6422899301644515,0.6521092221640536,0.6521092221640536,0.6522865013774105,0.6519414666409458,0.6648969141625118,0.6629783559129918,0.6437949182276046,0.6425523607663776,0.6524598283072859,0.6525255860019809,0.6524584754152458,0.6520016508460587,0.5935797204453921,27269,32220,False,0.9938682538356546,0.9959295237032728,8.039790172311638e-06,0.9953758409247054,0.9962158701825127,8.885829649882624e-06,0.007267239140855697,0.007267239140855697,0.007617845284087932,0.0076836029787829,-0.05126226257780586
1JsIcP2nXMw_000108,0.3805604982206406,0.37965274310756086,0.38013774716729615,0.3796948682385576,0.3796948682385576,0.37971593430980916,0.37971593430980916,0.3723207485583723,0.3852302150174491,0.3771630111319299,0.3817492190986167,0.3808569838619922,0.38083579099660564,0.38081460048965055,0.37940018848051443,0.5001829223677471,17984,6844,True,0.9998280081831182,0.9994788387826822,3.736028717312199e-07,0.9982607173165662,0.997034002980341,4.877664621005597e-06,-0.0008656299820830049,-0.0008656299820830049,0.00029648564135159594,0.00027529277596505253,0.1196224241471065
1MTKUN3uFrs_000440,0.18347918421148987,0.18241631118501916,0.18265696221143948,0.18249425832087784,0.18249079709880817,0.18254373177842564,0.18251394001239113,0.18170598911070782,0.18153702305174957,0.1811710010169984,0.1803564932702801,0.18107100184655492,0.18108753891825358,0.1810940950725897,0.1811465614022381,0.2241298335333716,27030,5292,True,0.9992619978901368,0.9988779893058356,3.164652500365722e-06,0.9979132045778591,0.9975073512419416,2.7988828479901994e-06,-0.0009849258906120262,-0.0009883871126817045,-0.002408182364934952,-0.002391645293236294,0.04065064932188173
1MaEJRh2oGY_000034,0.5242535881495126,0.5230745544821216,0.5243701976375243,0.5239501438159156,0.5239501438159156,0.5239501438159156,0.523970238551814,0.5174525413349663,0.5293775225085378,0.5270690250546752,0.5221922037823234,0.523853528936121,0.5238315238315239,0.5239140480591498,0.5239342242076481,0.6160184906039594,23451,16268,True,0.9996969357672572,0.9992668680123358,1.0512298462925527e-07,0.9988416636756391,0.9980064653741231,1.2021827576885543e-06,-0.00030344433359696943,-0.00030344433359696943,-0.00040005921339159034,-0.0004220643179887462,0.0917649024544468
1MaEJRh2oGY_000089,0.537019757393809,0.5366120661693156,0.5368296754753858,0.5367736692401462,0.5368143031288094,0.5367082436110998,0.5367082436110998,0.5359559210792854,0.5374522706962386,0.5399126209628027,0.5276683853680322,0.535115154961615,0.5351340373679935,0.5352209944751382,0.5351614868982327,0.5298731141972225,22614,15272,True,0.998012059512093,0.9973910063830296,1.6896551247948298e-06,0.9981257665836699,0.9976141993629196,1.5457667194662253e-06,-0.00024608815366278236,-0.00020545426499962716,-0.0019046024321940358,-0.0018857200258155515,-0.007146643196586533
1OFDyTzUj24_000030,0.09146909617972875,0.09136819205966902,0.08731333593039865,0.08982035928143713,0.08981570284351591,0.08974259273660472,0.08974259273660472,0.09639757277824718,0.08664731874395377,0.08536490178222973,0.08829179646936657,0.09022147390234425,0.09022147390234425,0.09011763486552314,0.09007281490502966,0.06720053760430084,38192,3978,True,0.9986899721184849,0.9956346771430166,1.8501061269811088e-06,0.9951454889751402,0.9857299577386597,1.9159911843988074e-06,-0.0016487368982916195,-0.0016533933362128383,-0.0012476222773844942,-0.0012476222773844942,-0.02426855857542791
1P9yEzO1Bic_000025,0.13427214671688226,0.13373562749734974,0.13377926421404682,0.13370291863688244,0.13368112161721551,0.13370291863688244,0.13370291863688244,0.13438216978039988,0.13298734998378203,0.12591170825335893,0.13832658569500675,0.13279352226720648,0.1327720207253886,0.13275052614537802,0.1328042756498502,0.1233546446032343,12214,1640,True,0.9996943816485384,0.9992573054211923,1.0032261572944675e-06,0.9991089209312363,0.9984899074819308,2.4154696318289785e-06,-0.0005692280799998173,-0.0005910250996667421,-0.0014786244496757805,-0.001500125991493656,-0.010917502113647962
1PN-bfs2EhY_000030,0.30266205646379535,0.3016973221530971,0.3027765683089393,0.3023388860844691,0.3023388860844691,0.3023287118050882,0.3023287118050882,0.3033838177104653,0.298835066473608,0.30296447311252966,0.2983558834232029,0.3007373302639042,0.30076065923800627,0.30073357785928645,0.30080053368912607,0.2909116204653751,28872,9933,True,0.9990751952063298,0.9988732080102638,8.741814838054418e-07,0.9970692857968539,0.9959398831770114,3.687814379868289e-06,-0.00032317037932622084,-0.00032317037932622084,-0.001924726199891147,-0.001901397225789081,-0.011750435998420239
1Qvce8w_Vds_000011,0.48022322302721754,0.4891152997113262,0.4756314253077802,0.48246793715354086,0.4824690872117813,0.48307368697824227,0.48314643691012527,0.46085804016480825,0.4933885447839098,0.5012527839643652,0.45515107592819715,0.47349097697573117,0.47357780473391187,0.47421297307416305,0.4762831580599592,0.44958024691358023,23036,22321,True,0.9952402119224718,0.9949493581110695,4.974132162733106e-06,0.9896932994509836,0.9925953669245909,5.837733188764905e-06,0.0022447141263233217,0.0022458641845637395,-0.006732246051486368,-0.006645418293305672,-0.03064297611363731
1RhYdQnZ_hw_000030,0.28742555958655625,0.2985744832501782,0.27746655242865614,0.28748374734825155,0.2874247400109469,0.28787774960597545,0.2881146697757355,0.2956386951314028,0.2980523173158942,0.2792450313458717,0.27462822261185793,0.286463655562368,0.2864441416893733,0.28684497816593885,0.2868651010376843,0.23991399309681435,13888,4920,True,0.9980789992866739,0.9965192168237853,2.761899695533131e-06,0.9983691967217879,0.9971360039525375,2.7189326338002624e-06,5.818776169530526e-05,-8.195756093232198e-07,-0.0009619040241882204,-0.0009814178971829235,-0.04751156648974189
1SJFTbu1abo_000042,0.019168998031292094,0.018708916231248946,0.019300991131977047,0.019017269736842105,0.019015966559309257,0.019008802274206253,0.01901205809810907,0.016508521966744995,0.01873164804752101,0.01909250404210671,0.017200235534756872,0.01788130678523101,0.017870942812982998,0.01794548452808226,0.01796290902029323,0.03438661710037175,28953,555,True,0.9995652897720152,0.9993768378104854,5.701127367743731e-07,0.9976523694461296,0.9976282117688934,2.098207455709096e-06,-0.00015172829444998898,-0.00015303147198283615,-0.0012876912460610852,-0.0012980552183090958,0.015217619069079653
1TAOyk0Xgss_000370,0.6060448786444818,0.6066650375710184,0.6061152177897244,0.6062179330564378,0.6062179330564378,0.6062179330564378,0.6062179330564378,0.6036921963138366,0.6077985177895999,0.6034493397507096,0.6079181467650363,0.6060485718649763,0.6060485718649763,0.6059615795742601,0.6060235811595088,0.6130501775306492,27776,24830,True,0.9998105854963146,0.9997210910916494,1.72621891872093e-07,0.9991138174115232,0.9990580847723706,9.664532114366482e-07,0.00017305441195603066,0.00017305441195603066,3.6932204945383518e-06,3.6932204945383518e-06,0.00700529888616741
1TJrceFMGrU_000114,0.5658035423736693,0.5726656626506024,0.5572547044549242,0.5645961868534582,0.5645961868534582,0.564884433305486,0.5649630970616906,0.5630811936155448,0.5782193278509293,0.5647091566935708,0.5471214776863961,0.5622488104587241,0.5622488104587241,0.5623527237443977,0.5624566754471094,0.6562043400616917,21502,12180,True,0.9998335669190483,0.9998278733594179,2.392794865056655e-06,0.9996541008572383,0.9996374184191442,2.0361456464689836e-06,-0.0012073555202110064,-0.0012073555202110064,-0.003554731914945153,-0.003554731914945153,0.09040079768802245
1Tg9VvRZN5k_000030,0.6571435101593034,0.6499268203439443,0.6637046851086187,0.6566921933935307,0.6567150531489313,0.6567836324151332,0.6566921933935307,0.6518745568085642,0.6471166822975044,0.6459668558872002,0.6755596162631339,0.6543142099002653,0.6543370848202031,0.6547567307912254,0.6550162404501578,0.6821928715282657,34189,38316,False,0.9942938764514506,0.9899353728215222,2.357771252256536e-06,0.993736163816065,0.9885679222880093,2.691259091111613e-06,-0.0004513167657727024,-0.0004284570103720853,-0.002829300259038048,-0.002806425339100249,0.025049361368962297
1Thl21awe2g_000020,0.7825334694803722,0.7832715752552825,0.783630562361119,0.783288409703504,0.783288409703504,0.7833044859972194,0.7833711691259931,0.7827588158713986,0.7851377757639263,0.7837034544638851,0.782876457277076,0.7838917051343773,0.7838978251019484,0.7839238677882573,0.7839621572626331,0.7079879204168641,31637,31208,True,0.9998192648955179,0.9996732781359322,9.444408982569192e-07,0.9994408619228129,0.9992371177287783,8.557288117584778e-07,0.0007549402231318281,0.0007549402231318281,0.0013582356540051688,0.0013643556215762187,-0.07454554906350808
1U8Y6VifI-M_000050,0.24721099434114793,0.2619765688435216,0.24497306523014561,0.25318983690225233,0.25314770647290474,0.25359942186891987,0.2536425314203092,0.26582723279648607,0.26031672639001274,0.2398382522844239,0.27612427968870673,0.25999886214939977,0.2599397076389284,0.2600182149362477,0.2602107661634862,0.24894739647177958,18399,4743,True,0.9971401098003404,0.9966578743953654,2.9655865656374612e-06,0.9935591299222949,0.9919087197549853,4.462685620104557e-06,0.005978842561104397,0.0059367121317568106,0.012787867808251835,0.012728713297780442,0.0017364021306316424
1UXkMZNI5o4_000373,0.4556170315131104,0.45557156580211333,0.4542102520941044,0.4547893640877783,0.4547893640877783,0.4547711528450727,0.4547893640877783,0.4563725885866495,0.4569246231155779,0.4643696162881754,0.4568489005446843,0.45937931594768056,0.45937931594768056,0.45932994923857867,0.458495302883058,0.49027326406371585,23865,12441,True,0.9999242750245717,0.9998326546549897,5.426926127115507e-07,0.9992366163822011,0.9989550212900468,1.6699289325318296e-06,-0.0008276674253320793,-0.0008276674253320793,0.0037622844345701623,0.0037622844345701623,0.03465623255060546
