flickr C3 seed12345 epoch 1/50 batch 1/562 total=13.4038 d_pos=0.000009 d_neg=0.000009 gap=-0.000001 ETA=4:10:26
flickr C3 seed12345 epoch 1/50 batch 51/562 total=12.1856 d_pos=0.000012 d_neg=0.000013 gap=0.000000 ETA=0:12:49
flickr C3 seed12345 epoch 1/50 batch 101/562 total=11.9010 d_pos=0.000010 d_neg=0.000010 gap=0.000000 ETA=0:09:38
flickr C3 seed12345 epoch 1/50 batch 151/562 total=11.6103 d_pos=0.000003 d_neg=0.000004 gap=0.000000 ETA=0:09:24
flickr C3 seed12345 epoch 1/50 batch 201/562 total=11.6245 d_pos=0.000003 d_neg=0.000004 gap=0.000000 ETA=0:10:20
flickr C3 seed12345 epoch 1/50 batch 251/562 total=11.3476 d_pos=0.000006 d_neg=0.000006 gap=-0.000000 ETA=0:08:43
flickr C3 seed12345 epoch 1/50 batch 301/562 total=11.2894 d_pos=0.000004 d_neg=0.000004 gap=0.000000 ETA=0:08:41
flickr C3 seed12345 epoch 1/50 batch 351/562 total=11.0536 d_pos=0.000003 d_neg=0.000003 gap=-0.000000 ETA=0:07:40
flickr C3 seed12345 epoch 1/50 batch 401/562 total=11.1534 d_pos=0.000003 d_neg=0.000004 gap=0.000000 ETA=0:05:27
flickr C3 seed12345 epoch 1/50 batch 451/562 total=11.1192 d_pos=0.000004 d_neg=0.000004 gap=-0.000000 ETA=0:03:33
flickr C3 seed12345 epoch 1/50 batch 501/562 total=10.7873 d_pos=0.000003 d_neg=0.000003 gap=0.000000 ETA=0:01:51
flickr C3 seed12345 epoch 1/50 batch 551/562 total=10.8857 d_pos=0.000003 d_neg=0.000003 gap=0.000000 ETA=0:00:19
flickr C3 seed12345 epoch 1/50 batch 562/562 total=11.2811 d_pos=0.000003 d_neg=0.000003 gap=0.000000 ETA=0:00:00
{"epoch": 1, "learning_rate": 5e-05, "epoch_seconds": 978.8730866909027, "gradient_l2_mean": 13.475437926404501, "parameter_l2": 199.34537944740822, "info_loss": 10.186021239732083, "recon_loss": 5.697857093132264, "div_loss": 0.04128109711533896, "a2v_loss": 5.554516751447626e-06, "v2a_loss": 9.891464134312349e-06, "original_match_loss": 1.544598083478296e-05, "d_pos": 5.5545167486155695e-06, "d_neg": 5.602769324080285e-06, "g_match": 4.8252581716733615e-08, "cram_loss": 0.693147152344103, "weighted_cram_loss": 0.693147152344103, "total_loss": 11.45462673329798, "AUD_cIoU": 0.692, "AUD_AUC": 0.5720000000000001, "IQR_cIoU": 0.692, "IQR_AUC": 0.5718}
flickr C3 seed12345 epoch 2/50 batch 1/562 total=10.6874 d_pos=0.000003 d_neg=0.000003 gap=0.000000 ETA=0:43:26
flickr C3 seed12345 epoch 2/50 batch 51/562 total=11.0767 d_pos=0.000006 d_neg=0.000006 gap=0.000000 ETA=0:09:06
flickr C3 seed12345 epoch 2/50 batch 101/562 total=10.7424 d_pos=0.000005 d_neg=0.000005 gap=0.000000 ETA=0:07:56
flickr C3 seed12345 epoch 2/50 batch 151/562 total=10.9090 d_pos=0.000004 d_neg=0.000004 gap=0.000000 ETA=0:07:00
flickr C3 seed12345 epoch 2/50 batch 201/562 total=10.5299 d_pos=0.000005 d_neg=0.000005 gap=0.000000 ETA=0:06:06
flickr C3 seed12345 epoch 2/50 batch 251/562 total=10.6166 d_pos=0.000005 d_neg=0.000005 gap=0.000000 ETA=0:05:14
flickr C3 seed12345 epoch 2/50 batch 301/562 total=10.6486 d_pos=0.000004 d_neg=0.000004 gap=0.000000 ETA=0:04:23
flickr C3 seed12345 epoch 2/50 batch 351/562 total=10.6758 d_pos=0.000004 d_neg=0.000004 gap=0.000000 ETA=0:03:32
flickr C3 seed12345 epoch 2/50 batch 401/562 total=10.5012 d_pos=0.000006 d_neg=0.000007 gap=0.000001 ETA=0:02:42
flickr C3 seed12345 epoch 2/50 batch 451/562 total=10.8728 d_pos=0.000006 d_neg=0.000006 gap=0.000000 ETA=0:01:51
flickr C3 seed12345 epoch 2/50 batch 501/562 total=10.5567 d_pos=0.000006 d_neg=0.000006 gap=0.000000 ETA=0:01:01
flickr C3 seed12345 epoch 2/50 batch 551/562 total=10.7417 d_pos=0.000006 d_neg=0.000006 gap=0.000000 ETA=0:00:11
flickr C3 seed12345 epoch 2/50 batch 562/562 total=10.7137 d_pos=0.000006 d_neg=0.000006 gap=0.000001 ETA=0:00:00
{"epoch": 2, "learning_rate": 5e-05, "epoch_seconds": 566.8991525173187, "gradient_l2_mean": 23.293287271166303, "parameter_l2": 199.6473952778724, "info_loss": 9.518297801238361, "recon_loss": 4.617115735159226, "div_loss": 0.0002889567488983433, "a2v_loss": 4.749163508677157e-06, "v2a_loss": 1.787180674162849e-05, "original_match_loss": 2.2620970263909632e-05, "d_pos": 4.74916353052445e-06, "d_neg": 5.033910610209496e-06, "g_match": 2.8474708924323714e-07, "cram_loss": 0.6931470324984649, "weighted_cram_loss": 0.6931470324984649, "total_loss": 10.675447131391097, "AUD_cIoU": 0.744, "AUD_AUC": 0.599, "IQR_cIoU": 0.748, "IQR_AUC": 0.5982}
flickr C3 seed12345 epoch 3/50 batch 1/562 total=10.3022 d_pos=0.000005 d_neg=0.000006 gap=0.000000 ETA=0:41:14
flickr C3 seed12345 epoch 3/50 batch 51/562 total=10.4828 d_pos=0.000006 d_neg=0.000007 gap=0.000001 ETA=0:09:05
flickr C3 seed12345 epoch 3/50 batch 101/562 total=10.3588 d_pos=0.000006 d_neg=0.000007 gap=0.000001 ETA=0:07:56
flickr C3 seed12345 epoch 3/50 batch 151/562 total=10.2194 d_pos=0.000006 d_neg=0.000007 gap=0.000001 ETA=0:07:00
flickr C3 seed12345 epoch 3/50 batch 201/562 total=10.2696 d_pos=0.000006 d_neg=0.000006 gap=0.000001 ETA=0:06:06
flickr C3 seed12345 epoch 3/50 batch 251/562 total=10.2433 d_pos=0.000006 d_neg=0.000008 gap=0.000001 ETA=0:05:15
flickr C3 seed12345 epoch 3/50 batch 301/562 total=10.2251 d_pos=0.000009 d_neg=0.000010 gap=0.000001 ETA=0:04:23
flickr C3 seed12345 epoch 3/50 batch 351/562 total=10.3375 d_pos=0.000007 d_neg=0.000008 gap=0.000001 ETA=0:03:32
flickr C3 seed12345 epoch 3/50 batch 401/562 total=10.1508 d_pos=0.000006 d_neg=0.000007 gap=0.000001 ETA=0:02:42
flickr C3 seed12345 epoch 3/50 batch 451/562 total=10.0560 d_pos=0.000007 d_neg=0.000007 gap=0.000000 ETA=0:01:51
flickr C3 seed12345 epoch 3/50 batch 501/562 total=9.9498 d_pos=0.000007 d_neg=0.000008 gap=0.000001 ETA=0:01:01
flickr C3 seed12345 epoch 3/50 batch 551/562 total=10.1702 d_pos=0.000008 d_neg=0.000008 gap=0.000000 ETA=0:00:11
flickr C3 seed12345 epoch 3/50 batch 562/562 total=10.0983 d_pos=0.000007 d_neg=0.000008 gap=0.000001 ETA=0:00:00
{"epoch": 3, "learning_rate": 5e-05, "epoch_seconds": 566.5121912956238, "gradient_l2_mean": 23.37704277835643, "parameter_l2": 199.93580198329644, "info_loss": 9.143596980071152, "recon_loss": 4.344104335825638, "div_loss": 0.00038649694699117933, "a2v_loss": 6.5231578271622476e-06, "v2a_loss": 3.732844561899877e-05, "original_match_loss": 4.385160343200074e-05, "d_pos": 6.523157819070658e-06, "d_neg": 7.255178541663069e-06, "g_match": 7.320207367147637e-07, "cram_loss": 0.6931468089280179, "weighted_cram_loss": 0.6931468089280179, "total_loss": 10.2755779252782, "AUD_cIoU": 0.792, "AUD_AUC": 0.6185999999999999, "IQR_cIoU": 0.796, "IQR_AUC": 0.6198}
flickr C3 seed12345 epoch 4/50 batch 1/562 total=9.9887 d_pos=0.000007 d_neg=0.000008 gap=0.000001 ETA=0:51:50
flickr C3 seed12345 epoch 4/50 batch 51/562 total=10.0707 d_pos=0.000007 d_neg=0.000008 gap=0.000001 ETA=0:09:15
flickr C3 seed12345 epoch 4/50 batch 101/562 total=9.7399 d_pos=0.000012 d_neg=0.000014 gap=0.000001 ETA=0:08:01
flickr C3 seed12345 epoch 4/50 batch 151/562 total=9.8241 d_pos=0.000015 d_neg=0.000018 gap=0.000002 ETA=0:07:03
flickr C3 seed12345 epoch 4/50 batch 201/562 total=9.8075 d_pos=0.000010 d_neg=0.000012 gap=0.000002 ETA=0:06:09
flickr C3 seed12345 epoch 4/50 batch 251/562 total=9.7297 d_pos=0.000009 d_neg=0.000011 gap=0.000002 ETA=0:05:16
flickr C3 seed12345 epoch 4/50 batch 301/562 total=9.7035 d_pos=0.000007 d_neg=0.000007 gap=0.000001 ETA=0:04:24
flickr C3 seed12345 epoch 4/50 batch 351/562 total=9.8069 d_pos=0.000008 d_neg=0.000011 gap=0.000002 ETA=0:03:33
flickr C3 seed12345 epoch 4/50 batch 401/562 total=10.2080 d_pos=0.000009 d_neg=0.000010 gap=0.000001 ETA=0:02:42
flickr C3 seed12345 epoch 4/50 batch 451/562 total=9.9812 d_pos=0.000009 d_neg=0.000011 gap=0.000002 ETA=0:01:52
flickr C3 seed12345 epoch 4/50 batch 501/562 total=9.9730 d_pos=0.000010 d_neg=0.000011 gap=0.000002 ETA=0:01:01
flickr C3 seed12345 epoch 4/50 batch 551/562 total=9.5635 d_pos=0.000011 d_neg=0.000013 gap=0.000002 ETA=0:00:11
flickr C3 seed12345 epoch 4/50 batch 562/562 total=9.6189 d_pos=0.000012 d_neg=0.000014 gap=0.000002 ETA=0:00:00
{"epoch": 4, "learning_rate": 5e-05, "epoch_seconds": 568.3625166416168, "gradient_l2_mean": 21.204620223202326, "parameter_l2": 200.22294426404216, "info_loss": 8.82985399965714, "recon_loss": 4.152810133648937, "div_loss": 0.00048578752029117104, "a2v_loss": 9.369501043971513e-06, "v2a_loss": 6.365968092593586e-05, "original_match_loss": 7.302918204839579e-05, "d_pos": 9.369501029406651e-06, "d_neg": 1.0762669150812325e-05, "g_match": 1.3931680969033282e-06, "cram_loss": 0.69314647898131, "weighted_cram_loss": 0.69314647898131, "total_loss": 9.945633019416782, "AUD_cIoU": 0.816, "AUD_AUC": 0.6329999999999999, "IQR_cIoU": 0.808, "IQR_AUC": 0.633}
flickr C3 seed12345 epoch 5/50 batch 1/562 total=9.4266 d_pos=0.000012 d_neg=0.000015 gap=0.000003 ETA=0:53:04
flickr C3 seed12345 epoch 5/50 batch 51/562 total=9.9106 d_pos=0.000011 d_neg=0.000013 gap=0.000002 ETA=0:09:19
flickr C3 seed12345 epoch 5/50 batch 101/562 total=9.7371 d_pos=0.000012 d_neg=0.000014 gap=0.000002 ETA=0:08:03
flickr C3 seed12345 epoch 5/50 batch 151/562 total=9.5930 d_pos=0.000011 d_neg=0.000012 gap=0.000001 ETA=0:07:04
flickr C3 seed12345 epoch 5/50 batch 201/562 total=9.8868 d_pos=0.000009 d_neg=0.000011 gap=0.000002 ETA=0:06:10
flickr C3 seed12345 epoch 5/50 batch 251/562 total=9.5992 d_pos=0.000009 d_neg=0.000011 gap=0.000002 ETA=0:05:17
flickr C3 seed12345 epoch 5/50 batch 301/562 total=9.4522 d_pos=0.000011 d_neg=0.000013 gap=0.000002 ETA=0:04:25
flickr C3 seed12345 epoch 5/50 batch 351/562 total=9.6412 d_pos=0.000012 d_neg=0.000014 gap=0.000002 ETA=0:03:34
flickr C3 seed12345 epoch 5/50 batch 401/562 total=9.6108 d_pos=0.000011 d_neg=0.000013 gap=0.000002 ETA=0:02:43
flickr C3 seed12345 epoch 5/50 batch 451/562 total=10.1310 d_pos=0.000009 d_neg=0.000010 gap=0.000001 ETA=0:01:52
flickr C3 seed12345 epoch 5/50 batch 501/562 total=9.3291 d_pos=0.000010 d_neg=0.000012 gap=0.000001 ETA=0:01:01
flickr C3 seed12345 epoch 5/50 batch 551/562 total=9.4409 d_pos=0.000010 d_neg=0.000012 gap=0.000002 ETA=0:00:11
flickr C3 seed12345 epoch 5/50 batch 562/562 total=9.3426 d_pos=0.000009 d_neg=0.000011 gap=0.000002 ETA=0:00:00
{"epoch": 5, "learning_rate": 5e-05, "epoch_seconds": 569.104291677475, "gradient_l2_mean": 26.257521289747853, "parameter_l2": 200.49813274656302, "info_loss": 8.55662458222956, "recon_loss": 3.983280914534029, "div_loss": 0.000548942721767013, "a2v_loss": 1.0622441658794815e-05, "v2a_loss": 7.688193923333976e-05, "original_match_loss": 8.75043811106075e-05, "d_pos": 1.0622441666886406e-05, "d_neg": 1.2704454928234068e-05, "g_match": 2.0820132356568647e-06, "cram_loss": 0.6931461359894573, "weighted_cram_loss": 0.6931461359894573, "total_loss": 9.656904167976244, "AUD_cIoU": 0.804, "AUD_AUC": 0.6165999999999999, "IQR_cIoU": 0.804, "IQR_AUC": 0.6154}
flickr C3 seed12345 epoch 6/50 batch 1/562 total=9.2937 d_pos=0.000009 d_neg=0.000012 gap=0.000002 ETA=0:49:12
flickr C3 seed12345 epoch 6/50 batch 51/562 total=9.2402 d_pos=0.000012 d_neg=0.000015 gap=0.000003 ETA=0:09:14
flickr C3 seed12345 epoch 6/50 batch 101/562 total=9.3302 d_pos=0.000012 d_neg=0.000015 gap=0.000003 ETA=0:08:00
flickr C3 seed12345 epoch 6/50 batch 151/562 total=9.0902 d_pos=0.000010 d_neg=0.000012 gap=0.000002 ETA=0:07:02
flickr C3 seed12345 epoch 6/50 batch 201/562 total=9.4998 d_pos=0.000010 d_neg=0.000012 gap=0.000002 ETA=0:06:08
flickr C3 seed12345 epoch 6/50 batch 251/562 total=9.3281 d_pos=0.000014 d_neg=0.000017 gap=0.000002 ETA=0:05:16
flickr C3 seed12345 epoch 6/50 batch 301/562 total=9.2837 d_pos=0.000013 d_neg=0.000017 gap=0.000003 ETA=0:04:25
flickr C3 seed12345 epoch 6/50 batch 351/562 total=8.8888 d_pos=0.000012 d_neg=0.000018 gap=0.000006 ETA=0:03:33
flickr C3 seed12345 epoch 6/50 batch 401/562 total=9.2564 d_pos=0.000014 d_neg=0.000018 gap=0.000004 ETA=0:02:42
flickr C3 seed12345 epoch 6/50 batch 451/562 total=9.1284 d_pos=0.000011 d_neg=0.000015 gap=0.000003 ETA=0:01:52
flickr C3 seed12345 epoch 6/50 batch 501/562 total=9.2435 d_pos=0.000012 d_neg=0.000016 gap=0.000004 ETA=0:01:01
flickr C3 seed12345 epoch 6/50 batch 551/562 total=9.0509 d_pos=0.000015 d_neg=0.000019 gap=0.000004 ETA=0:00:11
flickr C3 seed12345 epoch 6/50 batch 562/562 total=9.6412 d_pos=0.000015 d_neg=0.000019 gap=0.000004 ETA=0:00:00
{"epoch": 6, "learning_rate": 5e-05, "epoch_seconds": 568.5785324573517, "gradient_l2_mean": 30.523804934685003, "parameter_l2": 200.75563477767736, "info_loss": 8.289634656227356, "recon_loss": 3.869577907582619, "div_loss": 0.0006436370967744826, "a2v_loss": 1.2406469013059704e-05, "v2a_loss": 9.516451339734746e-05, "original_match_loss": 0.00010757098230036155, "d_pos": 1.2406468980693345e-05, "d_neg": 1.5544227679394512e-05, "g_match": 3.137758714277478e-06, "cram_loss": 0.6931456078201851, "weighted_cram_loss": 0.6931456078201851, "total_loss": 9.380559493638442, "AUD_cIoU": 0.848, "AUD_AUC": 0.6205999999999999, "IQR_cIoU": 0.836, "IQR_AUC": 0.6214}
flickr C3 seed12345 epoch 7/50 batch 1/562 total=8.6529 d_pos=0.000015 d_neg=0.000018 gap=0.000004 ETA=0:42:57
flickr C3 seed12345 epoch 7/50 batch 51/562 total=8.9878 d_pos=0.000014 d_neg=0.000019 gap=0.000005 ETA=0:09:08
flickr C3 seed12345 epoch 7/50 batch 101/562 total=8.9279 d_pos=0.000016 d_neg=0.000022 gap=0.000005 ETA=0:07:59
flickr C3 seed12345 epoch 7/50 batch 151/562 total=9.2018 d_pos=0.000016 d_neg=0.000021 gap=0.000005 ETA=0:07:02
flickr C3 seed12345 epoch 7/50 batch 201/562 total=9.4045 d_pos=0.000016 d_neg=0.000019 gap=0.000003 ETA=0:06:08
flickr C3 seed12345 epoch 7/50 batch 251/562 total=8.8556 d_pos=0.000017 d_neg=0.000021 gap=0.000004 ETA=0:05:16
flickr C3 seed12345 epoch 7/50 batch 301/562 total=8.9686 d_pos=0.000015 d_neg=0.000020 gap=0.000005 ETA=0:04:24
flickr C3 seed12345 epoch 7/50 batch 351/562 total=9.2883 d_pos=0.000017 d_neg=0.000024 gap=0.000007 ETA=0:03:33
flickr C3 seed12345 epoch 7/50 batch 401/562 total=8.7763 d_pos=0.000015 d_neg=0.000020 gap=0.000005 ETA=0:02:42
flickr C3 seed12345 epoch 7/50 batch 451/562 total=9.0093 d_pos=0.000014 d_neg=0.000018 gap=0.000005 ETA=0:01:52
flickr C3 seed12345 epoch 7/50 batch 501/562 total=8.8124 d_pos=0.000013 d_neg=0.000017 gap=0.000004 ETA=0:01:01
flickr C3 seed12345 epoch 7/50 batch 551/562 total=8.9848 d_pos=0.000014 d_neg=0.000018 gap=0.000003 ETA=0:00:11
flickr C3 seed12345 epoch 7/50 batch 562/562 total=9.3443 d_pos=0.000015 d_neg=0.000020 gap=0.000005 ETA=0:00:00
{"epoch": 7, "learning_rate": 5e-05, "epoch_seconds": 568.4241499900818, "gradient_l2_mean": 32.32044402584871, "parameter_l2": 201.01085564055572, "info_loss": 8.013695844976079, "recon_loss": 3.763808941925972, "div_loss": 0.0008273890570926338, "a2v_loss": 1.605922756218426e-05, "v2a_loss": 0.00013261585772334552, "original_match_loss": 0.00014867508535673575, "d_pos": 1.6059227581604075e-05, "d_neg": 2.0623788398574936e-05, "g_match": 4.564560779951836e-06, "cram_loss": 0.6931448933068544, "weighted_cram_loss": 0.6931448933068544, "total_loss": 9.098171853510086, "AUD_cIoU": 0.84, "AUD_AUC": 0.6316, "IQR_cIoU": 0.844, "IQR_AUC": 0.6328}
flickr C3 seed12345 epoch 8/50 batch 1/562 total=8.8905 d_pos=0.000015 d_neg=0.000021 gap=0.000006 ETA=0:51:04
flickr C3 seed12345 epoch 8/50 batch 51/562 total=8.9923 d_pos=0.000020 d_neg=0.000026 gap=0.000006 ETA=0:09:17
flickr C3 seed12345 epoch 8/50 batch 101/562 total=8.4458 d_pos=0.000015 d_neg=0.000022 gap=0.000007 ETA=0:08:03
flickr C3 seed12345 epoch 8/50 batch 151/562 total=8.7287 d_pos=0.000018 d_neg=0.000024 gap=0.000006 ETA=0:07:04
flickr C3 seed12345 epoch 8/50 batch 201/562 total=8.9794 d_pos=0.000019 d_neg=0.000025 gap=0.000005 ETA=0:06:09
flickr C3 seed12345 epoch 8/50 batch 251/562 total=8.5283 d_pos=0.000020 d_neg=0.000025 gap=0.000005 ETA=0:05:17
flickr C3 seed12345 epoch 8/50 batch 301/562 total=8.3979 d_pos=0.000016 d_neg=0.000020 gap=0.000004 ETA=0:04:25
flickr C3 seed12345 epoch 8/50 batch 351/562 total=8.9897 d_pos=0.000016 d_neg=0.000021 gap=0.000005 ETA=0:03:34
flickr C3 seed12345 epoch 8/50 batch 401/562 total=8.9709 d_pos=0.000018 d_neg=0.000024 gap=0.000005 ETA=0:02:43
flickr C3 seed12345 epoch 8/50 batch 451/562 total=8.4039 d_pos=0.000018 d_neg=0.000025 gap=0.000008 ETA=0:01:52
flickr C3 seed12345 epoch 8/50 batch 501/562 total=8.9830 d_pos=0.000017 d_neg=0.000024 gap=0.000007 ETA=0:01:01
flickr C3 seed12345 epoch 8/50 batch 551/562 total=8.9826 d_pos=0.000016 d_neg=0.000018 gap=0.000001 ETA=0:00:11
flickr C3 seed12345 epoch 8/50 batch 562/562 total=9.4180 d_pos=0.000015 d_neg=0.000020 gap=0.000005 ETA=0:00:00
{"epoch": 8, "learning_rate": 5e-05, "epoch_seconds": 569.2990641593933, "gradient_l2_mean": 38.01708734497522, "parameter_l2": 201.26371176082645, "info_loss": 7.735612387334749, "recon_loss": 3.6713865774806282, "div_loss": 0.0009708421481309254, "a2v_loss": 1.7692117689163827e-05, "v2a_loss": 0.00017553334998744093, "original_match_loss": 0.00019322546801806985, "d_pos": 1.769211774095e-05, "d_neg": 2.3292915655966614e-05, "g_match": 5.600797918657827e-06, "cram_loss": 0.6931443760615651, "weighted_cram_loss": 0.6931443760615651, "total_loss": 8.815315070101375, "AUD_cIoU": 0.808, "AUD_AUC": 0.622, "IQR_cIoU": 0.824, "IQR_AUC": 0.6218}
flickr C3 seed12345 epoch 9/50 batch 1/562 total=8.4770 d_pos=0.000014 d_neg=0.000019 gap=0.000004 ETA=0:41:12
flickr C3 seed12345 epoch 9/50 batch 51/562 total=8.7048 d_pos=0.000018 d_neg=0.000025 gap=0.000007 ETA=0:09:05
flickr C3 seed12345 epoch 9/50 batch 101/562 total=8.6509 d_pos=0.000020 d_neg=0.000028 gap=0.000008 ETA=0:07:58
flickr C3 seed12345 epoch 9/50 batch 151/562 total=8.6061 d_pos=0.000024 d_neg=0.000030 gap=0.000006 ETA=0:07:01
flickr C3 seed12345 epoch 9/50 batch 201/562 total=8.2636 d_pos=0.000020 d_neg=0.000026 gap=0.000006 ETA=0:06:07
flickr C3 seed12345 epoch 9/50 batch 251/562 total=8.4949 d_pos=0.000020 d_neg=0.000027 gap=0.000008 ETA=0:05:16
flickr C3 seed12345 epoch 9/50 batch 301/562 total=8.1418 d_pos=0.000020 d_neg=0.000029 gap=0.000008 ETA=0:04:24
flickr C3 seed12345 epoch 9/50 batch 351/562 total=8.3110 d_pos=0.000019 d_neg=0.000025 gap=0.000006 ETA=0:03:33
flickr C3 seed12345 epoch 9/50 batch 401/562 total=8.4482 d_pos=0.000021 d_neg=0.000031 gap=0.000010 ETA=0:02:42
flickr C3 seed12345 epoch 9/50 batch 451/562 total=8.5590 d_pos=0.000016 d_neg=0.000023 gap=0.000006 ETA=0:01:51
flickr C3 seed12345 epoch 9/50 batch 501/562 total=8.1455 d_pos=0.000022 d_neg=0.000030 gap=0.000008 ETA=0:01:01
flickr C3 seed12345 epoch 9/50 batch 551/562 total=8.4364 d_pos=0.000020 d_neg=0.000026 gap=0.000007 ETA=0:00:11
flickr C3 seed12345 epoch 9/50 batch 562/562 total=8.5606 d_pos=0.000019 d_neg=0.000028 gap=0.000009 ETA=0:00:00
{"epoch": 9, "learning_rate": 5e-05, "epoch_seconds": 567.6680183410645, "gradient_l2_mean": 42.448189961666166, "parameter_l2": 201.5142838124324, "info_loss": 7.427633042861558, "recon_loss": 3.59703798735269, "div_loss": 0.001204426754995173, "a2v_loss": 1.9385120059298086e-05, "v2a_loss": 0.00019352390267016214, "original_match_loss": 0.00021290902271651368, "d_pos": 1.938512020818334e-05, "d_neg": 2.6212627472948602e-05, "g_match": 6.8275073375895715e-06, "cram_loss": 0.6931437627276492, "weighted_cram_loss": 0.6931437627276492, "total_loss": 8.5018919396655, "AUD_cIoU": 0.844, "AUD_AUC": 0.6332, "IQR_cIoU": 0.84, "IQR_AUC": 0.6314000000000001}
flickr C3 seed12345 epoch 10/50 batch 1/562 total=8.0787 d_pos=0.000020 d_neg=0.000026 gap=0.000006 ETA=0:49:30
flickr C3 seed12345 epoch 10/50 batch 51/562 total=8.2743 d_pos=0.000022 d_neg=0.000033 gap=0.000010 ETA=0:09:17
flickr C3 seed12345 epoch 10/50 batch 101/562 total=7.9683 d_pos=0.000023 d_neg=0.000036 gap=0.000012 ETA=0:08:03
flickr C3 seed12345 epoch 10/50 batch 151/562 total=8.0057 d_pos=0.000021 d_neg=0.000031 gap=0.000011 ETA=0:07:04
flickr C3 seed12345 epoch 10/50 batch 201/562 total=8.0630 d_pos=0.000028 d_neg=0.000035 gap=0.000007 ETA=0:06:10
flickr C3 seed12345 epoch 10/50 batch 251/562 total=8.4311 d_pos=0.000025 d_neg=0.000033 gap=0.000008 ETA=0:05:17
flickr C3 seed12345 epoch 10/50 batch 301/562 total=8.4712 d_pos=0.000023 d_neg=0.000035 gap=0.000012 ETA=0:04:25
flickr C3 seed12345 epoch 10/50 batch 351/562 total=8.7202 d_pos=0.000022 d_neg=0.000031 gap=0.000010 ETA=0:03:34
flickr C3 seed12345 epoch 10/50 batch 401/562 total=8.1853 d_pos=0.000023 d_neg=0.000032 gap=0.000009 ETA=0:02:43
flickr C3 seed12345 epoch 10/50 batch 451/562 total=8.3040 d_pos=0.000023 d_neg=0.000031 gap=0.000009 ETA=0:01:52
flickr C3 seed12345 epoch 10/50 batch 501/562 total=8.5453 d_pos=0.000021 d_neg=0.000027 gap=0.000006 ETA=0:01:01
flickr C3 seed12345 epoch 10/50 batch 551/562 total=8.5030 d_pos=0.000021 d_neg=0.000030 gap=0.000009 ETA=0:00:11
flickr C3 seed12345 epoch 10/50 batch 562/562 total=8.6108 d_pos=0.000022 d_neg=0.000027 gap=0.000005 ETA=0:00:00
{"epoch": 10, "learning_rate": 5e-05, "epoch_seconds": 570.6123952865601, "gradient_l2_mean": 51.90364728027591, "parameter_l2": 201.756086826534, "info_loss": 7.103802924478606, "recon_loss": 3.5205501016772938, "div_loss": 0.0012857254041073797, "a2v_loss": 2.3160155989342366e-05, "v2a_loss": 0.00024032736684629044, "original_match_loss": 0.00026348752293920514, "d_pos": 2.3160155973159185e-05, "d_neg": 3.216015204503052e-05, "g_match": 8.99999619405434e-06, "cram_loss": 0.6931426755262016, "weighted_cram_loss": 0.6931426755262016, "total_loss": 8.175477942538008, "AUD_cIoU": 0.832, "AUD_AUC": 0.6115999999999999, "IQR_cIoU": 0.828, "IQR_AUC": 0.6072}
flickr C3 seed12345 epoch 11/50 batch 1/562 total=7.7420 d_pos=0.000021 d_neg=0.000027 gap=0.000006 ETA=0:41:59
flickr C3 seed12345 epoch 11/50 batch 51/562 total=8.1389 d_pos=0.000027 d_neg=0.000035 gap=0.000008 ETA=0:09:05
flickr C3 seed12345 epoch 11/50 batch 101/562 total=7.6815 d_pos=0.000024 d_neg=0.000034 gap=0.000011 ETA=0:07:56
flickr C3 seed12345 epoch 11/50 batch 151/562 total=7.8325 d_pos=0.000023 d_neg=0.000035 gap=0.000012 ETA=0:06:59
flickr C3 seed12345 epoch 11/50 batch 201/562 total=7.9354 d_pos=0.000022 d_neg=0.000030 gap=0.000008 ETA=0:06:06
flickr C3 seed12345 epoch 11/50 batch 251/562 total=7.5419 d_pos=0.000021 d_neg=0.000031 gap=0.000009 ETA=0:05:15
flickr C3 seed12345 epoch 11/50 batch 301/562 total=7.9393 d_pos=0.000022 d_neg=0.000031 gap=0.000009 ETA=0:04:23
flickr C3 seed12345 epoch 11/50 batch 351/562 total=7.9953 d_pos=0.000023 d_neg=0.000037 gap=0.000014 ETA=0:03:33
flickr C3 seed12345 epoch 11/50 batch 401/562 total=7.6352 d_pos=0.000022 d_neg=0.000036 gap=0.000014 ETA=0:02:42
flickr C3 seed12345 epoch 11/50 batch 451/562 total=7.3235 d_pos=0.000025 d_neg=0.000036 gap=0.000011 ETA=0:01:51
flickr C3 seed12345 epoch 11/50 batch 501/562 total=7.9790 d_pos=0.000023 d_neg=0.000033 gap=0.000010 ETA=0:01:01
flickr C3 seed12345 epoch 11/50 batch 551/562 total=7.4067 d_pos=0.000025 d_neg=0.000037 gap=0.000012 ETA=0:00:11
flickr C3 seed12345 epoch 11/50 batch 562/562 total=7.5984 d_pos=0.000021 d_neg=0.000032 gap=0.000011 ETA=0:00:00
{"epoch": 11, "learning_rate": 5e-05, "epoch_seconds": 567.2987101078033, "gradient_l2_mean": 57.14610841142321, "parameter_l2": 201.98983640619193, "info_loss": 6.757162397866572, "recon_loss": 3.4551516597381267, "div_loss": 0.0015701238617791505, "a2v_loss": 2.315948804154486e-05, "v2a_loss": 0.00026085943050327913, "original_match_loss": 0.0002840189189429302, "d_pos": 2.3159488009178498e-05, "d_neg": 3.306842749956805e-05, "g_match": 9.90893944912244e-06, "cram_loss": 0.6931422192643122, "weighted_cram_loss": 0.6931422192643122, "total_loss": 7.824378703412636, "AUD_cIoU": 0.828, "AUD_AUC": 0.6186, "IQR_cIoU": 0.828, "IQR_AUC": 0.6156}
flickr C3 seed12345 epoch 12/50 batch 1/562 total=7.5470 d_pos=0.000022 d_neg=0.000030 gap=0.000008 ETA=0:45:19
flickr C3 seed12345 epoch 12/50 batch 51/562 total=7.4408 d_pos=0.000027 d_neg=0.000039 gap=0.000012 ETA=0:09:08
flickr C3 seed12345 epoch 12/50 batch 101/562 total=7.6419 d_pos=0.000028 d_neg=0.000038 gap=0.000010 ETA=0:07:57
flickr C3 seed12345 epoch 12/50 batch 151/562 total=7.7308 d_pos=0.000024 d_neg=0.000035 gap=0.000011 ETA=0:07:01
flickr C3 seed12345 epoch 12/50 batch 201/562 total=7.4313 d_pos=0.000029 d_neg=0.000043 gap=0.000014 ETA=0:06:08
flickr C3 seed12345 epoch 12/50 batch 251/562 total=7.4129 d_pos=0.000030 d_neg=0.000042 gap=0.000012 ETA=0:05:15
flickr C3 seed12345 epoch 12/50 batch 301/562 total=7.4968 d_pos=0.000022 d_neg=0.000033 gap=0.000012 ETA=0:04:24
flickr C3 seed12345 epoch 12/50 batch 351/562 total=7.0824 d_pos=0.000025 d_neg=0.000041 gap=0.000016 ETA=0:03:33
flickr C3 seed12345 epoch 12/50 batch 401/562 total=8.0110 d_pos=0.000025 d_neg=0.000036 gap=0.000011 ETA=0:02:42
flickr C3 seed12345 epoch 12/50 batch 451/562 total=7.1203 d_pos=0.000025 d_neg=0.000034 gap=0.000010 ETA=0:01:51
flickr C3 seed12345 epoch 12/50 batch 501/562 total=7.6080 d_pos=0.000028 d_neg=0.000040 gap=0.000012 ETA=0:01:01
flickr C3 seed12345 epoch 12/50 batch 551/562 total=7.4470 d_pos=0.000024 d_neg=0.000037 gap=0.000013 ETA=0:00:11
flickr C3 seed12345 epoch 12/50 batch 562/562 total=7.9522 d_pos=0.000028 d_neg=0.000041 gap=0.000013 ETA=0:00:00
{"epoch": 12, "learning_rate": 5e-05, "epoch_seconds": 568.196170091629, "gradient_l2_mean": 55.226391083869366, "parameter_l2": 202.21418315451265, "info_loss": 6.417838049953094, "recon_loss": 3.3928746922584616, "div_loss": 0.0019660155563134686, "a2v_loss": 2.6082569283939313e-05, "v2a_loss": 0.0002839551723103977, "original_match_loss": 0.00031003774212838195, "d_pos": 2.608256928070268e-05, "d_neg": 3.8233914187184644e-05, "g_match": 1.2151344947749075e-05, "cram_loss": 0.693141103321123, "weighted_cram_loss": 0.693141103321123, "total_loss": 7.481466975500576, "AUD_cIoU": 0.864, "AUD_AUC": 0.6184000000000001, "IQR_cIoU": 0.86, "IQR_AUC": 0.6157999999999999}
flickr C3 seed12345 epoch 13/50 batch 1/562 total=7.1477 d_pos=0.000028 d_neg=0.000039 gap=0.000010 ETA=0:48:54
flickr C3 seed12345 epoch 13/50 batch 51/562 total=6.9692 d_pos=0.000022 d_neg=0.000033 gap=0.000011 ETA=0:09:13
flickr C3 seed12345 epoch 13/50 batch 101/562 total=6.9617 d_pos=0.000026 d_neg=0.000042 gap=0.000015 ETA=0:07:59
flickr C3 seed12345 epoch 13/50 batch 151/562 total=7.1284 d_pos=0.000031 d_neg=0.000049 gap=0.000018 ETA=0:07:02
flickr C3 seed12345 epoch 13/50 batch 201/562 total=6.8540 d_pos=0.000026 d_neg=0.000043 gap=0.000017 ETA=0:06:08
flickr C3 seed12345 epoch 13/50 batch 251/562 total=7.2216 d_pos=0.000026 d_neg=0.000038 gap=0.000012 ETA=0:05:16
flickr C3 seed12345 epoch 13/50 batch 301/562 total=6.9991 d_pos=0.000035 d_neg=0.000054 gap=0.000019 ETA=0:04:24
flickr C3 seed12345 epoch 13/50 batch 351/562 total=7.4453 d_pos=0.000032 d_neg=0.000044 gap=0.000012 ETA=0:03:33
flickr C3 seed12345 epoch 13/50 batch 401/562 total=7.7327 d_pos=0.000027 d_neg=0.000043 gap=0.000016 ETA=0:02:42
flickr C3 seed12345 epoch 13/50 batch 451/562 total=6.8086 d_pos=0.000023 d_neg=0.000033 gap=0.000010 ETA=0:01:52
flickr C3 seed12345 epoch 13/50 batch 501/562 total=7.1511 d_pos=0.000025 d_neg=0.000043 gap=0.000017 ETA=0:01:01
flickr C3 seed12345 epoch 13/50 batch 551/562 total=7.1966 d_pos=0.000028 d_neg=0.000042 gap=0.000014 ETA=0:00:11
flickr C3 seed12345 epoch 13/50 batch 562/562 total=7.4751 d_pos=0.000022 d_neg=0.000034 gap=0.000012 ETA=0:00:00
{"epoch": 13, "learning_rate": 5e-05, "epoch_seconds": 568.4561700820923, "gradient_l2_mean": 66.17776422286312, "parameter_l2": 202.4305781759391, "info_loss": 6.050761662344067, "recon_loss": 3.347156898831133, "div_loss": 0.002205741960883432, "a2v_loss": 2.6961629036935155e-05, "v2a_loss": 0.00030325767603305953, "original_match_loss": 0.00033021930566229905, "d_pos": 2.6961629124324324e-05, "d_neg": 4.1062505422756606e-05, "g_match": 1.4100876346172662e-05, "cram_loss": 0.6931401272685502, "weighted_cram_loss": 0.6931401272685502, "total_loss": 7.111859974912053, "AUD_cIoU": 0.844, "AUD_AUC": 0.6130000000000001, "IQR_cIoU": 0.856, "IQR_AUC": 0.6116}
flickr C3 seed12345 epoch 14/50 batch 1/562 total=6.2029 d_pos=0.000024 d_neg=0.000035 gap=0.000011 ETA=0:51:22
flickr C3 seed12345 epoch 14/50 batch 51/562 total=6.4335 d_pos=0.000029 d_neg=0.000049 gap=0.000020 ETA=0:09:15
flickr C3 seed12345 epoch 14/50 batch 101/562 total=6.8249 d_pos=0.000028 d_neg=0.000040 gap=0.000012 ETA=0:08:01
flickr C3 seed12345 epoch 14/50 batch 151/562 total=6.4733 d_pos=0.000027 d_neg=0.000045 gap=0.000018 ETA=0:07:03
flickr C3 seed12345 epoch 14/50 batch 201/562 total=6.5163 d_pos=0.000033 d_neg=0.000049 gap=0.000015 ETA=0:06:09
flickr C3 seed12345 epoch 14/50 batch 251/562 total=7.0074 d_pos=0.000028 d_neg=0.000044 gap=0.000016 ETA=0:05:16
flickr C3 seed12345 epoch 14/50 batch 301/562 total=7.1572 d_pos=0.000029 d_neg=0.000047 gap=0.000018 ETA=0:04:24
flickr C3 seed12345 epoch 14/50 batch 351/562 total=7.0047 d_pos=0.000026 d_neg=0.000039 gap=0.000013 ETA=0:03:33
flickr C3 seed12345 epoch 14/50 batch 401/562 total=6.3727 d_pos=0.000027 d_neg=0.000041 gap=0.000014 ETA=0:02:42
flickr C3 seed12345 epoch 14/50 batch 451/562 total=6.7807 d_pos=0.000030 d_neg=0.000047 gap=0.000017 ETA=0:01:52
flickr C3 seed12345 epoch 14/50 batch 501/562 total=7.1810 d_pos=0.000035 d_neg=0.000047 gap=0.000012 ETA=0:01:01
flickr C3 seed12345 epoch 14/50 batch 551/562 total=6.6006 d_pos=0.000027 d_neg=0.000043 gap=0.000016 ETA=0:00:11
flickr C3 seed12345 epoch 14/50 batch 562/562 total=6.6114 d_pos=0.000025 d_neg=0.000038 gap=0.000013 ETA=0:00:00
{"epoch": 14, "learning_rate": 5e-05, "epoch_seconds": 567.7486214637756, "gradient_l2_mean": 76.12121027665113, "parameter_l2": 202.64217231034803, "info_loss": 5.712073316777728, "recon_loss": 3.3028639907090267, "div_loss": 0.0022156082331517783, "a2v_loss": 2.8425157328055063e-05, "v2a_loss": 0.000307198039884099, "original_match_loss": 0.0003356231981443052, "d_pos": 2.8425157405734327e-05, "d_neg": 4.423694613041046e-05, "g_match": 1.5811788791027173e-05, "cram_loss": 0.6931392697889186, "weighted_cram_loss": 0.6931392697889186, "total_loss": 6.769282856021487, "AUD_cIoU": 0.84, "AUD_AUC": 0.6147999999999999, "IQR_cIoU": 0.844, "IQR_AUC": 0.6113999999999999}
flickr C3 seed12345 epoch 15/50 batch 1/562 total=5.9847 d_pos=0.000024 d_neg=0.000041 gap=0.000017 ETA=0:50:31
flickr C3 seed12345 epoch 15/50 batch 51/562 total=6.4777 d_pos=0.000032 d_neg=0.000042 gap=0.000010 ETA=0:09:15
flickr C3 seed12345 epoch 15/50 batch 101/562 total=6.4131 d_pos=0.000030 d_neg=0.000047 gap=0.000017 ETA=0:08:01
flickr C3 seed12345 epoch 15/50 batch 151/562 total=5.9914 d_pos=0.000029 d_neg=0.000046 gap=0.000016 ETA=0:07:03
flickr C3 seed12345 epoch 15/50 batch 201/562 total=6.5668 d_pos=0.000031 d_neg=0.000047 gap=0.000016 ETA=0:06:09
flickr C3 seed12345 epoch 15/50 batch 251/562 total=6.2693 d_pos=0.000027 d_neg=0.000042 gap=0.000015 ETA=0:05:16
flickr C3 seed12345 epoch 15/50 batch 301/562 total=6.4703 d_pos=0.000027 d_neg=0.000042 gap=0.000016 ETA=0:04:25
flickr C3 seed12345 epoch 15/50 batch 351/562 total=6.7005 d_pos=0.000030 d_neg=0.000043 gap=0.000013 ETA=0:03:33
flickr C3 seed12345 epoch 15/50 batch 401/562 total=6.3439 d_pos=0.000027 d_neg=0.000046 gap=0.000020 ETA=0:02:42
flickr C3 seed12345 epoch 15/50 batch 451/562 total=6.2084 d_pos=0.000032 d_neg=0.000051 gap=0.000019 ETA=0:01:52
flickr C3 seed12345 epoch 15/50 batch 501/562 total=6.1950 d_pos=0.000028 d_neg=0.000042 gap=0.000014 ETA=0:01:01
flickr C3 seed12345 epoch 15/50 batch 551/562 total=6.8372 d_pos=0.000028 d_neg=0.000045 gap=0.000017 ETA=0:00:11
flickr C3 seed12345 epoch 15/50 batch 562/562 total=5.9248 d_pos=0.000031 d_neg=0.000051 gap=0.000020 ETA=0:00:00
{"epoch": 15, "learning_rate": 5e-05, "epoch_seconds": 568.6894564628601, "gradient_l2_mean": 74.59878697145363, "parameter_l2": 202.87712269647162, "info_loss": 5.356454870454781, "recon_loss": 3.2468316088367613, "div_loss": 0.003014532492903734, "a2v_loss": 2.9448460636267296e-05, "v2a_loss": 0.0003384094369368631, "original_match_loss": 0.00036785789786442764, "d_pos": 2.9448460571534578e-05, "d_neg": 4.6011427679124825e-05, "g_match": 1.656296705904071e-05, "cram_loss": 0.6931388945554074, "weighted_cram_loss": 0.6931388945554074, "total_loss": 6.411364181185957, "AUD_cIoU": 0.852, "AUD_AUC": 0.6167999999999999, "IQR_cIoU": 0.852, "IQR_AUC": 0.6138}
flickr C3 seed12345 epoch 16/50 batch 1/562 total=6.1468 d_pos=0.000029 d_neg=0.000045 gap=0.000016 ETA=0:51:44
flickr C3 seed12345 epoch 16/50 batch 51/562 total=6.0628 d_pos=0.000029 d_neg=0.000044 gap=0.000014 ETA=0:09:17
flickr C3 seed12345 epoch 16/50 batch 101/562 total=5.7690 d_pos=0.000031 d_neg=0.000049 gap=0.000018 ETA=0:08:02
flickr C3 seed12345 epoch 16/50 batch 151/562 total=6.1826 d_pos=0.000033 d_neg=0.000052 gap=0.000019 ETA=0:07:03
flickr C3 seed12345 epoch 16/50 batch 201/562 total=5.8978 d_pos=0.000031 d_neg=0.000048 gap=0.000017 ETA=0:06:09
flickr C3 seed12345 epoch 16/50 batch 251/562 total=5.8988 d_pos=0.000029 d_neg=0.000051 gap=0.000022 ETA=0:05:16
flickr C3 seed12345 epoch 16/50 batch 301/562 total=5.6713 d_pos=0.000032 d_neg=0.000054 gap=0.000021 ETA=0:04:25
flickr C3 seed12345 epoch 16/50 batch 351/562 total=5.6853 d_pos=0.000031 d_neg=0.000049 gap=0.000017 ETA=0:03:33
flickr C3 seed12345 epoch 16/50 batch 401/562 total=6.3551 d_pos=0.000027 d_neg=0.000043 gap=0.000016 ETA=0:02:42
flickr C3 seed12345 epoch 16/50 batch 451/562 total=6.0752 d_pos=0.000029 d_neg=0.000046 gap=0.000017 ETA=0:01:52
flickr C3 seed12345 epoch 16/50 batch 501/562 total=6.0296 d_pos=0.000030 d_neg=0.000051 gap=0.000022 ETA=0:01:01
flickr C3 seed12345 epoch 16/50 batch 551/562 total=6.2160 d_pos=0.000027 d_neg=0.000046 gap=0.000019 ETA=0:00:11
flickr C3 seed12345 epoch 16/50 batch 562/562 total=6.4484 d_pos=0.000032 d_neg=0.000049 gap=0.000017 ETA=0:00:00
{"epoch": 16, "learning_rate": 5e-05, "epoch_seconds": 568.544173002243, "gradient_l2_mean": 83.09060342060157, "parameter_l2": 203.0934028018247, "info_loss": 5.00776235828196, "recon_loss": 3.2044405937194824, "div_loss": 0.003559434265677164, "a2v_loss": 3.101469758146395e-05, "v2a_loss": 0.0003327182292396756, "original_match_loss": 0.0003637329262158887, "d_pos": 3.1014697665616486e-05, "d_neg": 4.9213459789042456e-05, "g_match": 1.8198762283639447e-05, "cram_loss": 0.6931380772717907, "weighted_cram_loss": 0.6931380772717907, "total_loss": 6.058073725988857, "AUD_cIoU": 0.848, "AUD_AUC": 0.6198, "IQR_cIoU": 0.836, "IQR_AUC": 0.6152000000000001}
flickr C3 seed12345 epoch 17/50 batch 1/562 total=6.0750 d_pos=0.000030 d_neg=0.000045 gap=0.000014 ETA=1:01:00
flickr C3 seed12345 epoch 17/50 batch 51/562 total=5.6910 d_pos=0.000041 d_neg=0.000066 gap=0.000025 ETA=0:09:29
flickr C3 seed12345 epoch 17/50 batch 101/562 total=5.7647 d_pos=0.000032 d_neg=0.000054 gap=0.000022 ETA=0:08:07
flickr C3 seed12345 epoch 17/50 batch 151/562 total=6.1945 d_pos=0.000030 d_neg=0.000048 gap=0.000017 ETA=0:07:06
flickr C3 seed12345 epoch 17/50 batch 201/562 total=5.9650 d_pos=0.000035 d_neg=0.000056 gap=0.000021 ETA=0:06:12
flickr C3 seed12345 epoch 17/50 batch 251/562 total=5.9860 d_pos=0.000026 d_neg=0.000046 gap=0.000020 ETA=0:05:18
flickr C3 seed12345 epoch 17/50 batch 301/562 total=5.9950 d_pos=0.000033 d_neg=0.000056 gap=0.000023 ETA=0:04:26
flickr C3 seed12345 epoch 17/50 batch 351/562 total=5.9710 d_pos=0.000032 d_neg=0.000051 gap=0.000018 ETA=0:03:34
flickr C3 seed12345 epoch 17/50 batch 401/562 total=5.5406 d_pos=0.000032 d_neg=0.000057 gap=0.000025 ETA=0:02:43
flickr C3 seed12345 epoch 17/50 batch 451/562 total=5.9480 d_pos=0.000033 d_neg=0.000054 gap=0.000020 ETA=0:01:52
flickr C3 seed12345 epoch 17/50 batch 501/562 total=5.8345 d_pos=0.000029 d_neg=0.000049 gap=0.000019 ETA=0:01:01
flickr C3 seed12345 epoch 17/50 batch 551/562 total=5.5509 d_pos=0.000031 d_neg=0.000052 gap=0.000020 ETA=0:00:11
flickr C3 seed12345 epoch 17/50 batch 562/562 total=5.9501 d_pos=0.000029 d_neg=0.000045 gap=0.000016 ETA=0:00:00
{"epoch": 17, "learning_rate": 5e-05, "epoch_seconds": 569.7430598735809, "gradient_l2_mean": 83.62191297071315, "parameter_l2": 203.29122234105577, "info_loss": 4.691091108152451, "recon_loss": 3.1689059076784343, "div_loss": 0.0038567369354696565, "a2v_loss": 3.24114487551555e-05, "v2a_loss": 0.00033319655504327074, "original_match_loss": 0.0003656080040605938, "d_pos": 3.241144883930803e-05, "d_neg": 5.23810958062229e-05, "g_match": 1.9969646973388137e-05, "cram_loss": 0.6931371923231145, "weighted_cram_loss": 0.6931371923231145, "total_loss": 5.738065376824756, "AUD_cIoU": 0.812, "AUD_AUC": 0.6099999999999999, "IQR_cIoU": 0.804, "IQR_AUC": 0.6057999999999999}
flickr C3 seed12345 epoch 18/50 batch 1/562 total=4.9662 d_pos=0.000030 d_neg=0.000047 gap=0.000017 ETA=0:48:41
flickr C3 seed12345 epoch 18/50 batch 51/562 total=4.9617 d_pos=0.000034 d_neg=0.000058 gap=0.000024 ETA=0:09:15
flickr C3 seed12345 epoch 18/50 batch 101/562 total=5.3620 d_pos=0.000031 d_neg=0.000057 gap=0.000026 ETA=0:08:00
flickr C3 seed12345 epoch 18/50 batch 151/562 total=5.5329 d_pos=0.000035 d_neg=0.000063 gap=0.000027 ETA=0:07:02
flickr C3 seed12345 epoch 18/50 batch 201/562 total=5.6928 d_pos=0.000033 d_neg=0.000052 gap=0.000019 ETA=0:06:08
flickr C3 seed12345 epoch 18/50 batch 251/562 total=5.3866 d_pos=0.000035 d_neg=0.000054 gap=0.000019 ETA=0:05:16
flickr C3 seed12345 epoch 18/50 batch 301/562 total=4.8345 d_pos=0.000034 d_neg=0.000060 gap=0.000026 ETA=0:04:24
flickr C3 seed12345 epoch 18/50 batch 351/562 total=5.4155 d_pos=0.000036 d_neg=0.000063 gap=0.000027 ETA=0:03:33
flickr C3 seed12345 epoch 18/50 batch 401/562 total=5.3688 d_pos=0.000035 d_neg=0.000063 gap=0.000028 ETA=0:02:42
flickr C3 seed12345 epoch 18/50 batch 451/562 total=5.4536 d_pos=0.000033 d_neg=0.000055 gap=0.000022 ETA=0:01:52
flickr C3 seed12345 epoch 18/50 batch 501/562 total=5.7160 d_pos=0.000035 d_neg=0.000059 gap=0.000024 ETA=0:01:01
flickr C3 seed12345 epoch 18/50 batch 551/562 total=5.2946 d_pos=0.000033 d_neg=0.000057 gap=0.000024 ETA=0:00:11
flickr C3 seed12345 epoch 18/50 batch 562/562 total=5.5297 d_pos=0.000032 d_neg=0.000050 gap=0.000018 ETA=0:00:00
{"epoch": 18, "learning_rate": 5e-05, "epoch_seconds": 567.8358952999115, "gradient_l2_mean": 85.25411488980681, "parameter_l2": 203.48543643975106, "info_loss": 4.379797214715082, "recon_loss": 3.1324058300235516, "div_loss": 0.003980298833573549, "a2v_loss": 3.438282005699746e-05, "v2a_loss": 0.00034464419460743565, "original_match_loss": 0.0003790270148327382, "d_pos": 3.438282013467672e-05, "d_neg": 5.706607403242555e-05, "g_match": 2.2683253930115185e-05, "cram_loss": 0.6931358371128815, "weighted_cram_loss": 0.6931358371128815, "total_loss": 5.424474381042969, "AUD_cIoU": 0.82, "AUD_AUC": 0.6102, "IQR_cIoU": 0.816, "IQR_AUC": 0.6073999999999999}
flickr C3 seed12345 epoch 19/50 batch 1/562 total=4.8227 d_pos=0.000032 d_neg=0.000050 gap=0.000018 ETA=0:42:54
flickr C3 seed12345 epoch 19/50 batch 51/562 total=5.0125 d_pos=0.000031 d_neg=0.000060 gap=0.000028 ETA=0:09:07
flickr C3 seed12345 epoch 19/50 batch 101/562 total=4.4815 d_pos=0.000034 d_neg=0.000054 gap=0.000019 ETA=0:07:58
flickr C3 seed12345 epoch 19/50 batch 151/562 total=5.2500 d_pos=0.000032 d_neg=0.000047 gap=0.000015 ETA=0:07:01
flickr C3 seed12345 epoch 19/50 batch 201/562 total=4.9815 d_pos=0.000037 d_neg=0.000061 gap=0.000024 ETA=0:06:08
flickr C3 seed12345 epoch 19/50 batch 251/562 total=4.9897 d_pos=0.000033 d_neg=0.000051 gap=0.000018 ETA=0:05:15
flickr C3 seed12345 epoch 19/50 batch 301/562 total=5.0851 d_pos=0.000034 d_neg=0.000057 gap=0.000022 ETA=0:04:24
flickr C3 seed12345 epoch 19/50 batch 351/562 total=5.0008 d_pos=0.000038 d_neg=0.000071 gap=0.000033 ETA=0:03:33
flickr C3 seed12345 epoch 19/50 batch 401/562 total=5.0722 d_pos=0.000030 d_neg=0.000052 gap=0.000021 ETA=0:02:42
flickr C3 seed12345 epoch 19/50 batch 451/562 total=5.1137 d_pos=0.000036 d_neg=0.000060 gap=0.000024 ETA=0:01:51
flickr C3 seed12345 epoch 19/50 batch 501/562 total=5.7407 d_pos=0.000033 d_neg=0.000056 gap=0.000023 ETA=0:01:01
flickr C3 seed12345 epoch 19/50 batch 551/562 total=5.2082 d_pos=0.000033 d_neg=0.000054 gap=0.000021 ETA=0:00:11
flickr C3 seed12345 epoch 19/50 batch 562/562 total=5.0069 d_pos=0.000035 d_neg=0.000059 gap=0.000025 ETA=0:00:00
{"epoch": 19, "learning_rate": 5e-05, "epoch_seconds": 567.5851771831512, "gradient_l2_mean": 89.35003085010503, "parameter_l2": 203.67286924144676, "info_loss": 4.093794813783992, "recon_loss": 3.0986747185954844, "div_loss": 0.004428449299375384, "a2v_loss": 3.468603165361416e-05, "v2a_loss": 0.00035062437529884464, "original_match_loss": 0.0003853104072308095, "d_pos": 3.4686031621247795e-05, "d_neg": 5.8037542337557926e-05, "g_match": 2.335151063863087e-05, "cram_loss": 0.6931355011208626, "weighted_cram_loss": 0.6931355011208626, "total_loss": 5.135771665708875, "AUD_cIoU": 0.816, "AUD_AUC": 0.612, "IQR_cIoU": 0.812, "IQR_AUC": 0.6094}
flickr C3 seed12345 epoch 20/50 batch 1/562 total=4.8611 d_pos=0.000043 d_neg=0.000067 gap=0.000024 ETA=0:54:42
flickr C3 seed12345 epoch 20/50 batch 51/562 total=4.4938 d_pos=0.000037 d_neg=0.000064 gap=0.000027 ETA=0:09:20
flickr C3 seed12345 epoch 20/50 batch 101/562 total=5.0259 d_pos=0.000035 d_neg=0.000063 gap=0.000029 ETA=0:08:03
flickr C3 seed12345 epoch 20/50 batch 151/562 total=4.8395 d_pos=0.000041 d_neg=0.000070 gap=0.000028 ETA=0:07:05
flickr C3 seed12345 epoch 20/50 batch 201/562 total=4.6825 d_pos=0.000039 d_neg=0.000062 gap=0.000023 ETA=0:06:10
flickr C3 seed12345 epoch 20/50 batch 251/562 total=5.6317 d_pos=0.000035 d_neg=0.000057 gap=0.000023 ETA=0:05:17
flickr C3 seed12345 epoch 20/50 batch 301/562 total=5.0815 d_pos=0.000041 d_neg=0.000065 gap=0.000024 ETA=0:04:25
flickr C3 seed12345 epoch 20/50 batch 351/562 total=5.3002 d_pos=0.000045 d_neg=0.000073 gap=0.000029 ETA=0:03:34
flickr C3 seed12345 epoch 20/50 batch 401/562 total=4.8743 d_pos=0.000036 d_neg=0.000056 gap=0.000019 ETA=0:02:43
flickr C3 seed12345 epoch 20/50 batch 451/562 total=4.8233 d_pos=0.000034 d_neg=0.000061 gap=0.000027 ETA=0:01:52
flickr C3 seed12345 epoch 20/50 batch 501/562 total=5.0978 d_pos=0.000036 d_neg=0.000057 gap=0.000021 ETA=0:01:01
flickr C3 seed12345 epoch 20/50 batch 551/562 total=5.1099 d_pos=0.000035 d_neg=0.000056 gap=0.000021 ETA=0:00:11
flickr C3 seed12345 epoch 20/50 batch 562/562 total=4.9480 d_pos=0.000036 d_neg=0.000053 gap=0.000017 ETA=0:00:00
{"epoch": 20, "learning_rate": 5e-05, "epoch_seconds": 569.7437698841095, "gradient_l2_mean": 94.65511119609273, "parameter_l2": 203.85385197833682, "info_loss": 3.8117410669971616, "recon_loss": 3.0735343041369076, "div_loss": 0.0047821300961839504, "a2v_loss": 3.6763099069827036e-05, "v2a_loss": 0.00034998990293945187, "original_match_loss": 0.00038675300233617914, "d_pos": 3.6763098933888324e-05, "d_neg": 6.131238558322806e-05, "g_match": 2.454928670436255e-05, "cram_loss": 0.6931349027411369, "weighted_cram_loss": 0.6931349027411369, "total_loss": 4.851382898690438, "AUD_cIoU": 0.796, "AUD_AUC": 0.6029999999999999, "IQR_cIoU": 0.804, "IQR_AUC": 0.5973999999999998}
flickr C3 seed12345 epoch 21/50 batch 1/562 total=4.1829 d_pos=0.000035 d_neg=0.000052 gap=0.000017 ETA=0:51:54
flickr C3 seed12345 epoch 21/50 batch 51/562 total=4.2026 d_pos=0.000039 d_neg=0.000063 gap=0.000024 ETA=0:09:16
flickr C3 seed12345 epoch 21/50 batch 101/562 total=4.6545 d_pos=0.000040 d_neg=0.000064 gap=0.000024 ETA=0:08:01
flickr C3 seed12345 epoch 21/50 batch 151/562 total=4.4347 d_pos=0.000038 d_neg=0.000063 gap=0.000025 ETA=0:07:03
flickr C3 seed12345 epoch 21/50 batch 201/562 total=4.9489 d_pos=0.000038 d_neg=0.000062 gap=0.000024 ETA=0:06:09
flickr C3 seed12345 epoch 21/50 batch 251/562 total=4.4730 d_pos=0.000042 d_neg=0.000073 gap=0.000032 ETA=0:05:16
flickr C3 seed12345 epoch 21/50 batch 301/562 total=4.5163 d_pos=0.000045 d_neg=0.000075 gap=0.000030 ETA=0:04:25
flickr C3 seed12345 epoch 21/50 batch 351/562 total=4.5092 d_pos=0.000035 d_neg=0.000053 gap=0.000018 ETA=0:03:33
flickr C3 seed12345 epoch 21/50 batch 401/562 total=4.5309 d_pos=0.000044 d_neg=0.000070 gap=0.000026 ETA=0:02:42
flickr C3 seed12345 epoch 21/50 batch 451/562 total=4.8641 d_pos=0.000032 d_neg=0.000054 gap=0.000022 ETA=0:01:52
flickr C3 seed12345 epoch 21/50 batch 501/562 total=4.5708 d_pos=0.000043 d_neg=0.000071 gap=0.000028 ETA=0:01:01
flickr C3 seed12345 epoch 21/50 batch 551/562 total=4.8471 d_pos=0.000038 d_neg=0.000065 gap=0.000027 ETA=0:00:11
flickr C3 seed12345 epoch 21/50 batch 562/562 total=4.7504 d_pos=0.000035 d_neg=0.000058 gap=0.000023 ETA=0:00:00
{"epoch": 21, "learning_rate": 5e-05, "epoch_seconds": 568.6468262672424, "gradient_l2_mean": 82.00468203984921, "parameter_l2": 204.03594034413777, "info_loss": 3.560161782329193, "recon_loss": 3.0434819375068694, "div_loss": 0.005185919087976747, "a2v_loss": 3.7996416864719894e-05, "v2a_loss": 0.00035890935618990497, "original_match_loss": 0.0003969057736436926, "d_pos": 3.7996416910032796e-05, "d_neg": 6.452823085269188e-05, "g_match": 2.6531814136857238e-05, "cram_loss": 0.6931339107798512, "weighted_cram_loss": 0.6931339107798512, "total_loss": 4.597853041628501, "AUD_cIoU": 0.816, "AUD_AUC": 0.6003999999999999, "IQR_cIoU": 0.812, "IQR_AUC": 0.596}
flickr C3 seed12345 epoch 22/50 batch 1/562 total=4.0987 d_pos=0.000038 d_neg=0.000060 gap=0.000022 ETA=0:46:29
flickr C3 seed12345 epoch 22/50 batch 51/562 total=4.6315 d_pos=0.000040 d_neg=0.000072 gap=0.000032 ETA=0:09:09
flickr C3 seed12345 epoch 22/50 batch 101/562 total=4.1145 d_pos=0.000043 d_neg=0.000073 gap=0.000029 ETA=0:07:58
flickr C3 seed12345 epoch 22/50 batch 151/562 total=4.3467 d_pos=0.000043 d_neg=0.000075 gap=0.000032 ETA=0:07:01
flickr C3 seed12345 epoch 22/50 batch 201/562 total=4.0081 d_pos=0.000042 d_neg=0.000073 gap=0.000031 ETA=0:06:08
flickr C3 seed12345 epoch 22/50 batch 251/562 total=4.6787 d_pos=0.000039 d_neg=0.000069 gap=0.000030 ETA=0:05:16
flickr C3 seed12345 epoch 22/50 batch 301/562 total=4.1166 d_pos=0.000041 d_neg=0.000078 gap=0.000036 ETA=0:04:24
flickr C3 seed12345 epoch 22/50 batch 351/562 total=4.4504 d_pos=0.000042 d_neg=0.000073 gap=0.000031 ETA=0:03:33
flickr C3 seed12345 epoch 22/50 batch 401/562 total=4.6334 d_pos=0.000045 d_neg=0.000068 gap=0.000023 ETA=0:02:42
flickr C3 seed12345 epoch 22/50 batch 451/562 total=4.7142 d_pos=0.000041 d_neg=0.000070 gap=0.000029 ETA=0:01:51
flickr C3 seed12345 epoch 22/50 batch 501/562 total=4.6938 d_pos=0.000039 d_neg=0.000072 gap=0.000033 ETA=0:01:01
flickr C3 seed12345 epoch 22/50 batch 551/562 total=4.2394 d_pos=0.000038 d_neg=0.000065 gap=0.000028 ETA=0:00:11
flickr C3 seed12345 epoch 22/50 batch 562/562 total=4.7122 d_pos=0.000038 d_neg=0.000071 gap=0.000033 ETA=0:00:00
{"epoch": 22, "learning_rate": 5e-05, "epoch_seconds": 567.8466327190399, "gradient_l2_mean": 91.08093157489527, "parameter_l2": 204.21019524759168, "info_loss": 3.3447865854378698, "recon_loss": 3.0163154483265724, "div_loss": 0.005058911049844584, "a2v_loss": 4.180362253509722e-05, "v2a_loss": 0.0003652201228119678, "original_match_loss": 0.00040702374619506365, "d_pos": 4.1803622580410124e-05, "d_neg": 7.170496581860129e-05, "g_match": 2.9901343506831944e-05, "cram_loss": 0.6931322260471425, "weighted_cram_loss": 0.6931322260471425, "total_loss": 4.380758624059874, "AUD_cIoU": 0.808, "AUD_AUC": 0.6058000000000001, "IQR_cIoU": 0.804, "IQR_AUC": 0.6}
flickr C3 seed12345 epoch 23/50 batch 1/562 total=4.0111 d_pos=0.000038 d_neg=0.000072 gap=0.000034 ETA=0:42:45
flickr C3 seed12345 epoch 23/50 batch 51/562 total=4.0488 d_pos=0.000042 d_neg=0.000078 gap=0.000036 ETA=0:09:08
flickr C3 seed12345 epoch 23/50 batch 101/562 total=3.9868 d_pos=0.000039 d_neg=0.000067 gap=0.000029 ETA=0:07:58
flickr C3 seed12345 epoch 23/50 batch 151/562 total=4.2026 d_pos=0.000042 d_neg=0.000078 gap=0.000035 ETA=0:07:02
flickr C3 seed12345 epoch 23/50 batch 201/562 total=4.1456 d_pos=0.000043 d_neg=0.000069 gap=0.000026 ETA=0:06:08
flickr C3 seed12345 epoch 23/50 batch 251/562 total=3.9540 d_pos=0.000039 d_neg=0.000081 gap=0.000042 ETA=0:05:16
flickr C3 seed12345 epoch 23/50 batch 301/562 total=4.0664 d_pos=0.000040 d_neg=0.000069 gap=0.000029 ETA=0:04:24
flickr C3 seed12345 epoch 23/50 batch 351/562 total=4.2543 d_pos=0.000038 d_neg=0.000065 gap=0.000026 ETA=0:03:33
flickr C3 seed12345 epoch 23/50 batch 401/562 total=3.9989 d_pos=0.000040 d_neg=0.000073 gap=0.000033 ETA=0:02:42
flickr C3 seed12345 epoch 23/50 batch 451/562 total=4.0743 d_pos=0.000043 d_neg=0.000080 gap=0.000037 ETA=0:01:52
flickr C3 seed12345 epoch 23/50 batch 501/562 total=4.2922 d_pos=0.000039 d_neg=0.000070 gap=0.000030 ETA=0:01:01
flickr C3 seed12345 epoch 23/50 batch 551/562 total=4.1489 d_pos=0.000041 d_neg=0.000074 gap=0.000033 ETA=0:00:11
flickr C3 seed12345 epoch 23/50 batch 562/562 total=4.3506 d_pos=0.000047 d_neg=0.000077 gap=0.000030 ETA=0:00:00
{"epoch": 23, "learning_rate": 5e-05, "epoch_seconds": 567.9774944782257, "gradient_l2_mean": 93.53895214431334, "parameter_l2": 204.38244497185227, "info_loss": 3.104122390950702, "recon_loss": 2.9887646911831514, "div_loss": 0.00586410933563625, "a2v_loss": 4.1849444263452725e-05, "v2a_loss": 0.0003542530262247026, "original_match_loss": 0.00039610247094775764, "d_pos": 4.184944418577346e-05, "d_neg": 7.353734822103421e-05, "g_match": 3.168790388961212e-05, "cram_loss": 0.693131333356226, "weighted_cram_loss": 0.693131333356226, "total_loss": 4.136326863672386, "AUD_cIoU": 0.784, "AUD_AUC": 0.597, "IQR_cIoU": 0.784, "IQR_AUC": 0.5930000000000001}
flickr C3 seed12345 epoch 24/50 batch 1/562 total=3.3926 d_pos=0.000041 d_neg=0.000071 gap=0.000030 ETA=0:43:12
flickr C3 seed12345 epoch 24/50 batch 51/562 total=3.7991 d_pos=0.000044 d_neg=0.000074 gap=0.000029 ETA=0:09:06
flickr C3 seed12345 epoch 24/50 batch 101/562 total=3.7993 d_pos=0.000046 d_neg=0.000081 gap=0.000035 ETA=0:07:57
flickr C3 seed12345 epoch 24/50 batch 151/562 total=4.2151 d_pos=0.000041 d_neg=0.000067 gap=0.000027 ETA=0:07:00
flickr C3 seed12345 epoch 24/50 batch 201/562 total=3.8936 d_pos=0.000043 d_neg=0.000071 gap=0.000028 ETA=0:06:07
flickr C3 seed12345 epoch 24/50 batch 251/562 total=3.9305 d_pos=0.000040 d_neg=0.000073 gap=0.000033 ETA=0:05:15
flickr C3 seed12345 epoch 24/50 batch 301/562 total=3.9679 d_pos=0.000050 d_neg=0.000073 gap=0.000023 ETA=0:04:24
flickr C3 seed12345 epoch 24/50 batch 351/562 total=4.1259 d_pos=0.000047 d_neg=0.000080 gap=0.000033 ETA=0:03:33
flickr C3 seed12345 epoch 24/50 batch 401/562 total=4.2656 d_pos=0.000047 d_neg=0.000077 gap=0.000030 ETA=0:02:42
flickr C3 seed12345 epoch 24/50 batch 451/562 total=4.0271 d_pos=0.000045 d_neg=0.000074 gap=0.000030 ETA=0:01:51
flickr C3 seed12345 epoch 24/50 batch 501/562 total=4.0277 d_pos=0.000044 d_neg=0.000074 gap=0.000030 ETA=0:01:01
flickr C3 seed12345 epoch 24/50 batch 551/562 total=4.2374 d_pos=0.000039 d_neg=0.000070 gap=0.000030 ETA=0:00:11
flickr C3 seed12345 epoch 24/50 batch 562/562 total=4.1787 d_pos=0.000038 d_neg=0.000068 gap=0.000030 ETA=0:00:00
{"epoch": 24, "learning_rate": 5e-05, "epoch_seconds": 567.5991687774658, "gradient_l2_mean": 95.81808231629883, "parameter_l2": 204.55337139854427, "info_loss": 2.898712572253896, "recon_loss": 2.9691982850485426, "div_loss": 0.005702367858643051, "a2v_loss": 4.308292514919444e-05, "v2a_loss": 0.0003671227264329062, "original_match_loss": 0.00041020565171803936, "d_pos": 4.308292508446172e-05, "d_neg": 7.515933838576821e-05, "g_match": 3.2076413421062015e-05, "cram_loss": 0.6931311388456949, "weighted_cram_loss": 0.6931311388456949, "total_loss": 3.9303543504022618, "AUD_cIoU": 0.792, "AUD_AUC": 0.6030000000000001, "IQR_cIoU": 0.8, "IQR_AUC": 0.6012}
flickr C3 seed12345 epoch 25/50 batch 1/562 total=3.9451 d_pos=0.000042 d_neg=0.000075 gap=0.000033 ETA=0:49:45
flickr C3 seed12345 epoch 25/50 batch 51/562 total=3.3143 d_pos=0.000043 d_neg=0.000078 gap=0.000036 ETA=0:09:12
flickr C3 seed12345 epoch 25/50 batch 101/562 total=3.6667 d_pos=0.000045 d_neg=0.000078 gap=0.000033 ETA=0:07:59
flickr C3 seed12345 epoch 25/50 batch 151/562 total=3.4260 d_pos=0.000043 d_neg=0.000080 gap=0.000037 ETA=0:07:01
flickr C3 seed12345 epoch 25/50 batch 201/562 total=4.0530 d_pos=0.000048 d_neg=0.000076 gap=0.000028 ETA=0:06:08
flickr C3 seed12345 epoch 25/50 batch 251/562 total=3.7926 d_pos=0.000043 d_neg=0.000086 gap=0.000044 ETA=0:05:16
flickr C3 seed12345 epoch 25/50 batch 301/562 total=3.5397 d_pos=0.000042 d_neg=0.000075 gap=0.000033 ETA=0:04:24
flickr C3 seed12345 epoch 25/50 batch 351/562 total=4.0293 d_pos=0.000041 d_neg=0.000072 gap=0.000031 ETA=0:03:33
flickr C3 seed12345 epoch 25/50 batch 401/562 total=4.0815 d_pos=0.000043 d_neg=0.000084 gap=0.000041 ETA=0:02:42
flickr C3 seed12345 epoch 25/50 batch 451/562 total=3.8429 d_pos=0.000041 d_neg=0.000080 gap=0.000039 ETA=0:01:52
flickr C3 seed12345 epoch 25/50 batch 501/562 total=4.1705 d_pos=0.000046 d_neg=0.000073 gap=0.000027 ETA=0:01:01
flickr C3 seed12345 epoch 25/50 batch 551/562 total=3.8999 d_pos=0.000041 d_neg=0.000078 gap=0.000038 ETA=0:00:11
flickr C3 seed12345 epoch 25/50 batch 562/562 total=3.8416 d_pos=0.000043 d_neg=0.000076 gap=0.000034 ETA=0:00:00
{"epoch": 25, "learning_rate": 5e-05, "epoch_seconds": 567.6946547031403, "gradient_l2_mean": 93.55840942118878, "parameter_l2": 204.72166394813485, "info_loss": 2.6858293280482717, "recon_loss": 2.9407036385078023, "div_loss": 0.00565629322835811, "a2v_loss": 4.3359659400114416e-05, "v2a_loss": 0.0003510048236259594, "original_match_loss": 0.0003943644832008522, "d_pos": 4.3359659296542066e-05, "d_neg": 7.793786268243384e-05, "g_match": 3.457820334705214e-05, "cram_loss": 0.6931298871481546, "weighted_cram_loss": 0.6931298871481546, "total_loss": 3.713031655528791, "AUD_cIoU": 0.772, "AUD_AUC": 0.6018, "IQR_cIoU": 0.78, "IQR_AUC": 0.596}
flickr C3 seed12345 epoch 26/50 batch 1/562 total=3.1969 d_pos=0.000045 d_neg=0.000080 gap=0.000035 ETA=0:56:47
flickr C3 seed12345 epoch 26/50 batch 51/562 total=3.3690 d_pos=0.000045 d_neg=0.000087 gap=0.000042 ETA=0:09:22
flickr C3 seed12345 epoch 26/50 batch 101/562 total=3.1081 d_pos=0.000040 d_neg=0.000079 gap=0.000039 ETA=0:08:04
flickr C3 seed12345 epoch 26/50 batch 151/562 total=3.8840 d_pos=0.000047 d_neg=0.000077 gap=0.000031 ETA=0:07:04
flickr C3 seed12345 epoch 26/50 batch 201/562 total=3.9451 d_pos=0.000048 d_neg=0.000077 gap=0.000029 ETA=0:06:09
flickr C3 seed12345 epoch 26/50 batch 251/562 total=3.6406 d_pos=0.000042 d_neg=0.000076 gap=0.000034 ETA=0:05:16
flickr C3 seed12345 epoch 26/50 batch 301/562 total=3.6815 d_pos=0.000054 d_neg=0.000101 gap=0.000047 ETA=0:04:25
flickr C3 seed12345 epoch 26/50 batch 351/562 total=3.5313 d_pos=0.000040 d_neg=0.000081 gap=0.000041 ETA=0:03:33
flickr C3 seed12345 epoch 26/50 batch 401/562 total=4.0248 d_pos=0.000050 d_neg=0.000087 gap=0.000037 ETA=0:02:42
flickr C3 seed12345 epoch 26/50 batch 451/562 total=3.8480 d_pos=0.000046 d_neg=0.000084 gap=0.000038 ETA=0:01:52
flickr C3 seed12345 epoch 26/50 batch 501/562 total=3.9345 d_pos=0.000045 d_neg=0.000088 gap=0.000042 ETA=0:01:01
flickr C3 seed12345 epoch 26/50 batch 551/562 total=3.6813 d_pos=0.000048 d_neg=0.000083 gap=0.000034 ETA=0:00:11
flickr C3 seed12345 epoch 26/50 batch 562/562 total=3.9209 d_pos=0.000048 d_neg=0.000081 gap=0.000033 ETA=0:00:00
{"epoch": 26, "learning_rate": 5e-05, "epoch_seconds": 568.6582319736481, "gradient_l2_mean": 92.06049028223067, "parameter_l2": 204.88972785385837, "info_loss": 2.5558374377756357, "recon_loss": 2.9199993686743904, "div_loss": 0.0056918351509147634, "a2v_loss": 4.466267753197949e-05, "v2a_loss": 0.00035985569504638174, "original_match_loss": 0.00040451837319332204, "d_pos": 4.466267763555184e-05, "d_neg": 8.023704976560979e-05, "g_match": 3.5574372227157024e-05, "cram_loss": 0.6931293910084246, "weighted_cram_loss": 0.6931293910084246, "total_loss": 3.581987783577943, "AUD_cIoU": 0.82, "AUD_AUC": 0.601, "IQR_cIoU": 0.82, "IQR_AUC": 0.5972000000000001}
flickr C3 seed12345 epoch 27/50 batch 1/562 total=3.2401 d_pos=0.000047 d_neg=0.000091 gap=0.000044 ETA=0:45:07
flickr C3 seed12345 epoch 27/50 batch 51/562 total=3.4613 d_pos=0.000047 d_neg=0.000085 gap=0.000038 ETA=0:09:10
flickr C3 seed12345 epoch 27/50 batch 101/562 total=3.0511 d_pos=0.000049 d_neg=0.000088 gap=0.000039 ETA=0:07:58
flickr C3 seed12345 epoch 27/50 batch 151/562 total=3.5560 d_pos=0.000041 d_neg=0.000069 gap=0.000028 ETA=0:07:01
flickr C3 seed12345 epoch 27/50 batch 201/562 total=3.2920 d_pos=0.000039 d_neg=0.000069 gap=0.000030 ETA=0:06:07
flickr C3 seed12345 epoch 27/50 batch 251/562 total=2.8881 d_pos=0.000048 d_neg=0.000093 gap=0.000046 ETA=0:05:15
flickr C3 seed12345 epoch 27/50 batch 301/562 total=3.3821 d_pos=0.000040 d_neg=0.000061 gap=0.000021 ETA=0:04:24
flickr C3 seed12345 epoch 27/50 batch 351/562 total=3.5725 d_pos=0.000040 d_neg=0.000079 gap=0.000039 ETA=0:03:33
flickr C3 seed12345 epoch 27/50 batch 401/562 total=3.5212 d_pos=0.000042 d_neg=0.000073 gap=0.000031 ETA=0:02:42
flickr C3 seed12345 epoch 27/50 batch 451/562 total=3.5756 d_pos=0.000043 d_neg=0.000080 gap=0.000037 ETA=0:01:51
flickr C3 seed12345 epoch 27/50 batch 501/562 total=3.6275 d_pos=0.000040 d_neg=0.000077 gap=0.000037 ETA=0:01:01
flickr C3 seed12345 epoch 27/50 batch 551/562 total=3.9844 d_pos=0.000049 d_neg=0.000084 gap=0.000035 ETA=0:00:11
flickr C3 seed12345 epoch 27/50 batch 562/562 total=3.4105 d_pos=0.000046 d_neg=0.000078 gap=0.000032 ETA=0:00:00
{"epoch": 27, "learning_rate": 5e-05, "epoch_seconds": 567.7753460407257, "gradient_l2_mean": 95.3089188793408, "parameter_l2": 205.05218793491684, "info_loss": 2.395478304170629, "recon_loss": 2.903000657244509, "div_loss": 0.005729505858960764, "a2v_loss": 4.310139551715473e-05, "v2a_loss": 0.000347909409922773, "original_match_loss": 0.00039101080495443233, "d_pos": 4.3101395471841824e-05, "d_neg": 7.86905693918967e-05, "g_match": 3.558917387797861e-05, "cram_loss": 0.6931293827358939, "weighted_cram_loss": 0.6931293827358939, "total_loss": 3.418581783983631, "AUD_cIoU": 0.812, "AUD_AUC": 0.606, "IQR_cIoU": 0.828, "IQR_AUC": 0.6064000000000002}
flickr C3 seed12345 epoch 28/50 batch 1/562 total=3.1376 d_pos=0.000039 d_neg=0.000080 gap=0.000040 ETA=0:45:01
flickr C3 seed12345 epoch 28/50 batch 51/562 total=3.3504 d_pos=0.000042 d_neg=0.000072 gap=0.000030 ETA=0:09:11
flickr C3 seed12345 epoch 28/50 batch 101/562 total=2.9658 d_pos=0.000043 d_neg=0.000084 gap=0.000040 ETA=0:07:59
flickr C3 seed12345 epoch 28/50 batch 151/562 total=3.1081 d_pos=0.000041 d_neg=0.000083 gap=0.000042 ETA=0:07:02
flickr C3 seed12345 epoch 28/50 batch 201/562 total=2.9105 d_pos=0.000042 d_neg=0.000072 gap=0.000030 ETA=0:06:08
flickr C3 seed12345 epoch 28/50 batch 251/562 total=3.5467 d_pos=0.000045 d_neg=0.000079 gap=0.000034 ETA=0:05:15
flickr C3 seed12345 epoch 28/50 batch 301/562 total=3.3486 d_pos=0.000045 d_neg=0.000081 gap=0.000036 ETA=0:04:24
flickr C3 seed12345 epoch 28/50 batch 351/562 total=3.4416 d_pos=0.000041 d_neg=0.000085 gap=0.000043 ETA=0:03:33
flickr C3 seed12345 epoch 28/50 batch 401/562 total=3.2135 d_pos=0.000051 d_neg=0.000094 gap=0.000043 ETA=0:02:42
flickr C3 seed12345 epoch 28/50 batch 451/562 total=3.1931 d_pos=0.000047 d_neg=0.000086 gap=0.000039 ETA=0:01:52
flickr C3 seed12345 epoch 28/50 batch 501/562 total=3.3295 d_pos=0.000047 d_neg=0.000086 gap=0.000039 ETA=0:01:01
flickr C3 seed12345 epoch 28/50 batch 551/562 total=3.4055 d_pos=0.000051 d_neg=0.000079 gap=0.000027 ETA=0:00:11
flickr C3 seed12345 epoch 28/50 batch 562/562 total=3.2534 d_pos=0.000046 d_neg=0.000079 gap=0.000033 ETA=0:00:00
{"epoch": 28, "learning_rate": 5e-05, "epoch_seconds": 568.3912069797516, "gradient_l2_mean": 87.96265868334162, "parameter_l2": 205.2150795999996, "info_loss": 2.2563546624472135, "recon_loss": 2.8811971479463407, "div_loss": 0.005965257008407544, "a2v_loss": 4.5849470662684724e-05, "v2a_loss": 0.0003571578868962261, "original_match_loss": 0.0004030073570539956, "d_pos": 4.584947052674602e-05, "d_neg": 8.494876224872428e-05, "g_match": 3.9099291501887013e-05, "cram_loss": 0.6931276286411964, "weighted_cram_loss": 0.6931276286411964, "total_loss": 3.278499274067183, "AUD_cIoU": 0.816, "AUD_AUC": 0.6058, "IQR_cIoU": 0.808, "IQR_AUC": 0.6036}
flickr C3 seed12345 epoch 29/50 batch 1/562 total=2.9409 d_pos=0.000042 d_neg=0.000082 gap=0.000040 ETA=0:56:32
flickr C3 seed12345 epoch 29/50 batch 51/562 total=2.7897 d_pos=0.000045 d_neg=0.000086 gap=0.000041 ETA=0:09:21
flickr C3 seed12345 epoch 29/50 batch 101/562 total=2.9661 d_pos=0.000039 d_neg=0.000079 gap=0.000040 ETA=0:08:04
flickr C3 seed12345 epoch 29/50 batch 151/562 total=3.1402 d_pos=0.000048 d_neg=0.000082 gap=0.000034 ETA=0:07:05
flickr C3 seed12345 epoch 29/50 batch 201/562 total=3.0317 d_pos=0.000039 d_neg=0.000072 gap=0.000033 ETA=0:06:10
flickr C3 seed12345 epoch 29/50 batch 251/562 total=3.0136 d_pos=0.000047 d_neg=0.000087 gap=0.000040 ETA=0:05:17
flickr C3 seed12345 epoch 29/50 batch 301/562 total=3.0186 d_pos=0.000046 d_neg=0.000089 gap=0.000043 ETA=0:04:25
flickr C3 seed12345 epoch 29/50 batch 351/562 total=3.2975 d_pos=0.000044 d_neg=0.000091 gap=0.000046 ETA=0:03:34
flickr C3 seed12345 epoch 29/50 batch 401/562 total=3.2912 d_pos=0.000044 d_neg=0.000072 gap=0.000029 ETA=0:02:43
flickr C3 seed12345 epoch 29/50 batch 451/562 total=3.3325 d_pos=0.000045 d_neg=0.000101 gap=0.000055 ETA=0:01:52
flickr C3 seed12345 epoch 29/50 batch 501/562 total=3.3378 d_pos=0.000048 d_neg=0.000083 gap=0.000035 ETA=0:01:01
flickr C3 seed12345 epoch 29/50 batch 551/562 total=3.5700 d_pos=0.000043 d_neg=0.000075 gap=0.000032 ETA=0:00:11
flickr C3 seed12345 epoch 29/50 batch 562/562 total=3.2313 d_pos=0.000044 d_neg=0.000086 gap=0.000041 ETA=0:00:00
{"epoch": 29, "learning_rate": 5e-05, "epoch_seconds": 569.3963532447815, "gradient_l2_mean": 88.9883146259822, "parameter_l2": 205.37292014433393, "info_loss": 2.1051046038013337, "recon_loss": 2.858926966097007, "div_loss": 0.005734115375828966, "a2v_loss": 4.612725677497534e-05, "v2a_loss": 0.0003428319320985815, "original_match_loss": 0.00038895918811618406, "d_pos": 4.612725661961681e-05, "d_neg": 8.765439451315848e-05, "g_match": 4.152713778673268e-05, "cram_loss": 0.6931264142761027, "weighted_cram_loss": 0.6931264142761027, "total_loss": 3.123593039784143, "AUD_cIoU": 0.828, "AUD_AUC": 0.6126000000000001, "IQR_cIoU": 0.836, "IQR_AUC": 0.6094}
flickr C3 seed12345 epoch 30/50 batch 1/562 total=2.8086 d_pos=0.000046 d_neg=0.000094 gap=0.000049 ETA=0:47:43
flickr C3 seed12345 epoch 30/50 batch 51/562 total=2.8843 d_pos=0.000039 d_neg=0.000072 gap=0.000034 ETA=0:09:13
flickr C3 seed12345 epoch 30/50 batch 101/562 total=2.8713 d_pos=0.000051 d_neg=0.000091 gap=0.000040 ETA=0:08:00
flickr C3 seed12345 epoch 30/50 batch 151/562 total=2.7245 d_pos=0.000043 d_neg=0.000081 gap=0.000038 ETA=0:07:02
flickr C3 seed12345 epoch 30/50 batch 201/562 total=2.8213 d_pos=0.000047 d_neg=0.000088 gap=0.000040 ETA=0:06:08
flickr C3 seed12345 epoch 30/50 batch 251/562 total=3.0900 d_pos=0.000047 d_neg=0.000085 gap=0.000037 ETA=0:05:16
flickr C3 seed12345 epoch 30/50 batch 301/562 total=2.8375 d_pos=0.000051 d_neg=0.000089 gap=0.000038 ETA=0:04:24
flickr C3 seed12345 epoch 30/50 batch 351/562 total=3.1691 d_pos=0.000048 d_neg=0.000091 gap=0.000043 ETA=0:03:33
flickr C3 seed12345 epoch 30/50 batch 401/562 total=3.3763 d_pos=0.000051 d_neg=0.000085 gap=0.000034 ETA=0:02:42
flickr C3 seed12345 epoch 30/50 batch 451/562 total=3.0374 d_pos=0.000047 d_neg=0.000081 gap=0.000034 ETA=0:01:52
flickr C3 seed12345 epoch 30/50 batch 501/562 total=2.9047 d_pos=0.000053 d_neg=0.000093 gap=0.000041 ETA=0:01:01
flickr C3 seed12345 epoch 30/50 batch 551/562 total=3.3556 d_pos=0.000046 d_neg=0.000082 gap=0.000036 ETA=0:00:11
flickr C3 seed12345 epoch 30/50 batch 562/562 total=3.2386 d_pos=0.000045 d_neg=0.000084 gap=0.000039 ETA=0:00:00
{"epoch": 30, "learning_rate": 5e-05, "epoch_seconds": 568.1073870658875, "gradient_l2_mean": 83.71693253801246, "parameter_l2": 205.5278067812476, "info_loss": 1.994675812135812, "recon_loss": 2.846185567115974, "div_loss": 0.005370146618556112, "a2v_loss": 4.778111643674518e-05, "v2a_loss": 0.0003510145681269725, "original_match_loss": 0.0003987956841623749, "d_pos": 4.778111665036316e-05, "d_neg": 8.970524108383699e-05, "g_match": 4.192412429753512e-05, "cram_loss": 0.6931262175383517, "weighted_cram_loss": 0.6931262175383517, "total_loss": 3.012837166463777, "AUD_cIoU": 0.78, "AUD_AUC": 0.5969999999999999, "IQR_cIoU": 0.792, "IQR_AUC": 0.5976}
flickr C3 seed12345 epoch 31/50 batch 1/562 total=3.0562 d_pos=0.000052 d_neg=0.000095 gap=0.000043 ETA=0:49:49
flickr C3 seed12345 epoch 31/50 batch 51/562 total=2.9946 d_pos=0.000047 d_neg=0.000090 gap=0.000042 ETA=0:09:15
flickr C3 seed12345 epoch 31/50 batch 101/562 total=2.5536 d_pos=0.000042 d_neg=0.000082 gap=0.000040 ETA=0:08:02
flickr C3 seed12345 epoch 31/50 batch 151/562 total=3.2974 d_pos=0.000050 d_neg=0.000088 gap=0.000038 ETA=0:07:03
flickr C3 seed12345 epoch 31/50 batch 201/562 total=3.1121 d_pos=0.000050 d_neg=0.000094 gap=0.000044 ETA=0:06:09
flickr C3 seed12345 epoch 31/50 batch 251/562 total=2.9108 d_pos=0.000052 d_neg=0.000096 gap=0.000044 ETA=0:05:17
flickr C3 seed12345 epoch 31/50 batch 301/562 total=2.8643 d_pos=0.000046 d_neg=0.000084 gap=0.000038 ETA=0:04:25
flickr C3 seed12345 epoch 31/50 batch 351/562 total=2.8068 d_pos=0.000050 d_neg=0.000086 gap=0.000036 ETA=0:03:33
flickr C3 seed12345 epoch 31/50 batch 401/562 total=3.1210 d_pos=0.000044 d_neg=0.000081 gap=0.000037 ETA=0:02:43
flickr C3 seed12345 epoch 31/50 batch 451/562 total=3.4574 d_pos=0.000045 d_neg=0.000080 gap=0.000034 ETA=0:01:52
flickr C3 seed12345 epoch 31/50 batch 501/562 total=2.9410 d_pos=0.000045 d_neg=0.000087 gap=0.000042 ETA=0:01:01
flickr C3 seed12345 epoch 31/50 batch 551/562 total=3.4351 d_pos=0.000057 d_neg=0.000093 gap=0.000036 ETA=0:00:11
flickr C3 seed12345 epoch 31/50 batch 562/562 total=2.8949 d_pos=0.000054 d_neg=0.000117 gap=0.000062 ETA=0:00:00
{"epoch": 31, "learning_rate": 5e-05, "epoch_seconds": 569.3125069141388, "gradient_l2_mean": 90.91699787423453, "parameter_l2": 205.6808631161574, "info_loss": 1.8949237423435226, "recon_loss": 2.8277516131723477, "div_loss": 0.004988045044727225, "a2v_loss": 4.767718236640492e-05, "v2a_loss": 0.00034065504152484377, "original_match_loss": 0.00038833222371647034, "d_pos": 4.767718219162658e-05, "d_neg": 9.075534087005055e-05, "g_match": 4.307815851982881e-05, "cram_loss": 0.6931256404763014, "weighted_cram_loss": 0.6931256404763014, "total_loss": 2.910156580052766, "AUD_cIoU": 0.772, "AUD_AUC": 0.6016, "IQR_cIoU": 0.784, "IQR_AUC": 0.601}
flickr C3 seed12345 epoch 32/50 batch 1/562 total=2.6195 d_pos=0.000056 d_neg=0.000101 gap=0.000046 ETA=0:45:59
flickr C3 seed12345 epoch 32/50 batch 51/562 total=2.5772 d_pos=0.000048 d_neg=0.000099 gap=0.000051 ETA=0:09:09
flickr C3 seed12345 epoch 32/50 batch 101/562 total=2.8321 d_pos=0.000061 d_neg=0.000122 gap=0.000061 ETA=0:07:59
flickr C3 seed12345 epoch 32/50 batch 151/562 total=2.7106 d_pos=0.000046 d_neg=0.000084 gap=0.000038 ETA=0:07:02
flickr C3 seed12345 epoch 32/50 batch 201/562 total=2.9831 d_pos=0.000049 d_neg=0.000091 gap=0.000042 ETA=0:06:08
flickr C3 seed12345 epoch 32/50 batch 251/562 total=3.1073 d_pos=0.000051 d_neg=0.000088 gap=0.000037 ETA=0:05:16
flickr C3 seed12345 epoch 32/50 batch 301/562 total=2.7418 d_pos=0.000051 d_neg=0.000091 gap=0.000041 ETA=0:04:24
flickr C3 seed12345 epoch 32/50 batch 351/562 total=3.2142 d_pos=0.000056 d_neg=0.000103 gap=0.000047 ETA=0:03:33
flickr C3 seed12345 epoch 32/50 batch 401/562 total=2.7309 d_pos=0.000047 d_neg=0.000098 gap=0.000051 ETA=0:02:42
flickr C3 seed12345 epoch 32/50 batch 451/562 total=2.9081 d_pos=0.000043 d_neg=0.000081 gap=0.000038 ETA=0:01:52
flickr C3 seed12345 epoch 32/50 batch 501/562 total=2.7292 d_pos=0.000046 d_neg=0.000100 gap=0.000054 ETA=0:01:01
flickr C3 seed12345 epoch 32/50 batch 551/562 total=2.7979 d_pos=0.000051 d_neg=0.000103 gap=0.000052 ETA=0:00:11
flickr C3 seed12345 epoch 32/50 batch 562/562 total=2.8085 d_pos=0.000048 d_neg=0.000091 gap=0.000043 ETA=0:00:00
{"epoch": 32, "learning_rate": 5e-05, "epoch_seconds": 568.5460329055786, "gradient_l2_mean": 81.74508798690825, "parameter_l2": 205.8291275321829, "info_loss": 1.7852175055449544, "recon_loss": 2.8099927511927922, "div_loss": 0.00513913078868291, "a2v_loss": 4.9038940501644596e-05, "v2a_loss": 0.0003404376880082242, "original_match_loss": 0.00038947662838040336, "d_pos": 4.903894051459114e-05, "d_neg": 9.255481924949913e-05, "g_match": 4.3515878579549464e-05, "cram_loss": 0.6931254192391324, "weighted_cram_loss": 0.6931254192391324, "total_loss": 2.798803779578294, "AUD_cIoU": 0.772, "AUD_AUC": 0.5935999999999999, "IQR_cIoU": 0.772, "IQR_AUC": 0.5932}
flickr C3 seed12345 epoch 33/50 batch 1/562 total=2.3696 d_pos=0.000052 d_neg=0.000091 gap=0.000038 ETA=0:50:53
flickr C3 seed12345 epoch 33/50 batch 51/562 total=2.2831 d_pos=0.000047 d_neg=0.000090 gap=0.000043 ETA=0:09:16
flickr C3 seed12345 epoch 33/50 batch 101/562 total=2.7113 d_pos=0.000048 d_neg=0.000097 gap=0.000049 ETA=0:08:01
flickr C3 seed12345 epoch 33/50 batch 151/562 total=2.7246 d_pos=0.000053 d_neg=0.000091 gap=0.000038 ETA=0:07:03
flickr C3 seed12345 epoch 33/50 batch 201/562 total=2.7048 d_pos=0.000047 d_neg=0.000098 gap=0.000051 ETA=0:06:09
flickr C3 seed12345 epoch 33/50 batch 251/562 total=2.7931 d_pos=0.000050 d_neg=0.000098 gap=0.000047 ETA=0:05:17
flickr C3 seed12345 epoch 33/50 batch 301/562 total=2.6376 d_pos=0.000053 d_neg=0.000098 gap=0.000046 ETA=0:04:25
flickr C3 seed12345 epoch 33/50 batch 351/562 total=2.7265 d_pos=0.000051 d_neg=0.000096 gap=0.000045 ETA=0:03:33
flickr C3 seed12345 epoch 33/50 batch 401/562 total=2.6948 d_pos=0.000042 d_neg=0.000089 gap=0.000047 ETA=0:02:43
flickr C3 seed12345 epoch 33/50 batch 451/562 total=2.6963 d_pos=0.000051 d_neg=0.000103 gap=0.000052 ETA=0:01:52
flickr C3 seed12345 epoch 33/50 batch 501/562 total=2.9040 d_pos=0.000043 d_neg=0.000081 gap=0.000038 ETA=0:01:01
flickr C3 seed12345 epoch 33/50 batch 551/562 total=2.9372 d_pos=0.000045 d_neg=0.000092 gap=0.000048 ETA=0:00:11
flickr C3 seed12345 epoch 33/50 batch 562/562 total=2.8175 d_pos=0.000043 d_neg=0.000096 gap=0.000053 ETA=0:00:00
{"epoch": 33, "learning_rate": 5e-05, "epoch_seconds": 569.0006203651428, "gradient_l2_mean": 84.99165873098217, "parameter_l2": 205.97541711373418, "info_loss": 1.7001637396439115, "recon_loss": 2.7989261243691224, "div_loss": 0.004946664737179557, "a2v_loss": 4.793862828973878e-05, "v2a_loss": 0.00032315031812589257, "original_match_loss": 0.0003710889467328217, "d_pos": 4.793862822500606e-05, "d_neg": 9.198803180947591e-05, "g_match": 4.404940356505004e-05, "cram_loss": 0.6931251537757412, "weighted_cram_loss": 0.6931251537757412, "total_loss": 2.7107850775599904, "AUD_cIoU": 0.776, "AUD_AUC": 0.5952, "IQR_cIoU": 0.784, "IQR_AUC": 0.5968}
flickr C3 seed12345 epoch 34/50 batch 1/562 total=2.2786 d_pos=0.000048 d_neg=0.000093 gap=0.000046 ETA=0:51:50
flickr C3 seed12345 epoch 34/50 batch 51/562 total=2.6101 d_pos=0.000044 d_neg=0.000084 gap=0.000039 ETA=0:09:19
flickr C3 seed12345 epoch 34/50 batch 101/562 total=2.5306 d_pos=0.000043 d_neg=0.000085 gap=0.000042 ETA=0:08:03
flickr C3 seed12345 epoch 34/50 batch 151/562 total=2.7649 d_pos=0.000051 d_neg=0.000124 gap=0.000073 ETA=0:07:04
flickr C3 seed12345 epoch 34/50 batch 201/562 total=2.8839 d_pos=0.000049 d_neg=0.000093 gap=0.000045 ETA=0:06:10
flickr C3 seed12345 epoch 34/50 batch 251/562 total=2.7821 d_pos=0.000044 d_neg=0.000089 gap=0.000045 ETA=0:05:17
flickr C3 seed12345 epoch 34/50 batch 301/562 total=2.6540 d_pos=0.000042 d_neg=0.000080 gap=0.000038 ETA=0:04:25
flickr C3 seed12345 epoch 34/50 batch 351/562 total=2.4509 d_pos=0.000051 d_neg=0.000097 gap=0.000046 ETA=0:03:33
flickr C3 seed12345 epoch 34/50 batch 401/562 total=2.4256 d_pos=0.000049 d_neg=0.000101 gap=0.000052 ETA=0:02:43
flickr C3 seed12345 epoch 34/50 batch 451/562 total=2.8235 d_pos=0.000049 d_neg=0.000095 gap=0.000046 ETA=0:01:52
flickr C3 seed12345 epoch 34/50 batch 501/562 total=2.6245 d_pos=0.000046 d_neg=0.000080 gap=0.000034 ETA=0:01:01
flickr C3 seed12345 epoch 34/50 batch 551/562 total=2.9691 d_pos=0.000048 d_neg=0.000097 gap=0.000049 ETA=0:00:11
flickr C3 seed12345 epoch 34/50 batch 562/562 total=2.6502 d_pos=0.000051 d_neg=0.000097 gap=0.000045 ETA=0:00:00
{"epoch": 34, "learning_rate": 5e-05, "epoch_seconds": 569.1532008647919, "gradient_l2_mean": 80.7819080357547, "parameter_l2": 206.119505654418, "info_loss": 1.6217535939929324, "recon_loss": 2.7845386648517487, "div_loss": 0.0047554332192065825, "a2v_loss": 4.832726082630129e-05, "v2a_loss": 0.0003285087511756249, "original_match_loss": 0.00037683601151643073, "d_pos": 4.832726073567548e-05, "d_neg": 9.482272787125668e-05, "g_match": 4.6495467345962535e-05, "cram_loss": 0.6931239317744652, "weighted_cram_loss": 0.6931239317744652, "total_loss": 2.6314905410983807, "AUD_cIoU": 0.784, "AUD_AUC": 0.5972, "IQR_cIoU": 0.792, "IQR_AUC": 0.5945999999999999}
flickr C3 seed12345 epoch 35/50 batch 1/562 total=2.5147 d_pos=0.000043 d_neg=0.000088 gap=0.000045 ETA=0:41:18
flickr C3 seed12345 epoch 35/50 batch 51/562 total=2.4508 d_pos=0.000056 d_neg=0.000108 gap=0.000053 ETA=0:09:06
flickr C3 seed12345 epoch 35/50 batch 101/562 total=2.1335 d_pos=0.000047 d_neg=0.000087 gap=0.000040 ETA=0:07:57
flickr C3 seed12345 epoch 35/50 batch 151/562 total=2.4428 d_pos=0.000051 d_neg=0.000087 gap=0.000036 ETA=0:07:00
flickr C3 seed12345 epoch 35/50 batch 201/562 total=2.5296 d_pos=0.000044 d_neg=0.000097 gap=0.000053 ETA=0:06:07
flickr C3 seed12345 epoch 35/50 batch 251/562 total=2.8547 d_pos=0.000045 d_neg=0.000091 gap=0.000046 ETA=0:05:15
flickr C3 seed12345 epoch 35/50 batch 301/562 total=2.6112 d_pos=0.000048 d_neg=0.000108 gap=0.000060 ETA=0:04:24
flickr C3 seed12345 epoch 35/50 batch 351/562 total=2.8374 d_pos=0.000043 d_neg=0.000072 gap=0.000029 ETA=0:03:33
flickr C3 seed12345 epoch 35/50 batch 401/562 total=2.5424 d_pos=0.000043 d_neg=0.000085 gap=0.000042 ETA=0:02:42
flickr C3 seed12345 epoch 35/50 batch 451/562 total=2.6310 d_pos=0.000046 d_neg=0.000093 gap=0.000047 ETA=0:01:52
flickr C3 seed12345 epoch 35/50 batch 501/562 total=2.6533 d_pos=0.000047 d_neg=0.000099 gap=0.000051 ETA=0:01:01
flickr C3 seed12345 epoch 35/50 batch 551/562 total=2.5130 d_pos=0.000051 d_neg=0.000109 gap=0.000058 ETA=0:00:11
flickr C3 seed12345 epoch 35/50 batch 562/562 total=2.8561 d_pos=0.000050 d_neg=0.000094 gap=0.000044 ETA=0:00:00
{"epoch": 35, "learning_rate": 5e-05, "epoch_seconds": 568.094174861908, "gradient_l2_mean": 80.20981586874454, "parameter_l2": 206.26434541663576, "info_loss": 1.5442741252349366, "recon_loss": 2.7637557440381033, "div_loss": 0.004675279019294419, "a2v_loss": 4.871986491584511e-05, "v2a_loss": 0.0003125207119905539, "original_match_loss": 0.0003612405774113142, "d_pos": 4.871986494821147e-05, "d_neg": 9.558506614903115e-05, "g_match": 4.6865201259079124e-05, "cram_loss": 0.6931237459606971, "weighted_cram_loss": 0.6931237459606971, "total_loss": 2.55036504370462, "AUD_cIoU": 0.792, "AUD_AUC": 0.6072, "IQR_cIoU": 0.804, "IQR_AUC": 0.6048}
flickr C3 seed12345 epoch 36/50 batch 1/562 total=2.4236 d_pos=0.000051 d_neg=0.000094 gap=0.000043 ETA=0:49:32
flickr C3 seed12345 epoch 36/50 batch 51/562 total=2.4728 d_pos=0.000053 d_neg=0.000101 gap=0.000048 ETA=0:09:16
flickr C3 seed12345 epoch 36/50 batch 101/562 total=2.0484 d_pos=0.000052 d_neg=0.000104 gap=0.000052 ETA=0:08:03
flickr C3 seed12345 epoch 36/50 batch 151/562 total=2.2176 d_pos=0.000051 d_neg=0.000113 gap=0.000063 ETA=0:07:04
flickr C3 seed12345 epoch 36/50 batch 201/562 total=2.5186 d_pos=0.000048 d_neg=0.000097 gap=0.000049 ETA=0:06:10
flickr C3 seed12345 epoch 36/50 batch 251/562 total=2.6172 d_pos=0.000047 d_neg=0.000088 gap=0.000041 ETA=0:05:17
flickr C3 seed12345 epoch 36/50 batch 301/562 total=2.4831 d_pos=0.000055 d_neg=0.000100 gap=0.000045 ETA=0:04:25
flickr C3 seed12345 epoch 36/50 batch 351/562 total=2.5321 d_pos=0.000053 d_neg=0.000122 gap=0.000070 ETA=0:03:34
flickr C3 seed12345 epoch 36/50 batch 401/562 total=2.7995 d_pos=0.000051 d_neg=0.000094 gap=0.000043 ETA=0:02:43
flickr C3 seed12345 epoch 36/50 batch 451/562 total=2.7641 d_pos=0.000048 d_neg=0.000099 gap=0.000051 ETA=0:01:52
flickr C3 seed12345 epoch 36/50 batch 501/562 total=2.4789 d_pos=0.000050 d_neg=0.000089 gap=0.000040 ETA=0:01:01
flickr C3 seed12345 epoch 36/50 batch 551/562 total=2.7618 d_pos=0.000050 d_neg=0.000098 gap=0.000048 ETA=0:00:11
flickr C3 seed12345 epoch 36/50 batch 562/562 total=2.6359 d_pos=0.000047 d_neg=0.000083 gap=0.000036 ETA=0:00:00
{"epoch": 36, "learning_rate": 5e-05, "epoch_seconds": 569.844024181366, "gradient_l2_mean": 71.99552665713938, "parameter_l2": 206.40747350557578, "info_loss": 1.4804822452551953, "recon_loss": 2.7466421564278654, "div_loss": 0.004699465701459274, "a2v_loss": 5.012462060742977e-05, "v2a_loss": 0.000324217664080778, "original_match_loss": 0.0003743422838790488, "d_pos": 5.012462061390304e-05, "d_neg": 9.943780235410087e-05, "g_match": 4.931318207680798e-05, "cram_loss": 0.6931225225806661, "weighted_cram_loss": 0.6931225225806661, "total_loss": 2.486173168408065, "AUD_cIoU": 0.8, "AUD_AUC": 0.5932, "IQR_cIoU": 0.796, "IQR_AUC": 0.5932}
flickr C3 seed12345 epoch 37/50 batch 1/562 total=2.4233 d_pos=0.000044 d_neg=0.000081 gap=0.000038 ETA=0:46:20
flickr C3 seed12345 epoch 37/50 batch 51/562 total=2.4937 d_pos=0.000047 d_neg=0.000098 gap=0.000051 ETA=0:09:12
flickr C3 seed12345 epoch 37/50 batch 101/562 total=2.1332 d_pos=0.000045 d_neg=0.000082 gap=0.000038 ETA=0:08:00
flickr C3 seed12345 epoch 37/50 batch 151/562 total=2.2828 d_pos=0.000048 d_neg=0.000095 gap=0.000047 ETA=0:07:02
flickr C3 seed12345 epoch 37/50 batch 201/562 total=2.5260 d_pos=0.000049 d_neg=0.000093 gap=0.000043 ETA=0:06:08
flickr C3 seed12345 epoch 37/50 batch 251/562 total=2.4740 d_pos=0.000050 d_neg=0.000099 gap=0.000049 ETA=0:05:16
flickr C3 seed12345 epoch 37/50 batch 301/562 total=2.5424 d_pos=0.000045 d_neg=0.000095 gap=0.000049 ETA=0:04:25
flickr C3 seed12345 epoch 37/50 batch 351/562 total=2.4536 d_pos=0.000053 d_neg=0.000106 gap=0.000053 ETA=0:03:33
flickr C3 seed12345 epoch 37/50 batch 401/562 total=2.4358 d_pos=0.000054 d_neg=0.000103 gap=0.000049 ETA=0:02:42
flickr C3 seed12345 epoch 37/50 batch 451/562 total=2.7931 d_pos=0.000052 d_neg=0.000090 gap=0.000038 ETA=0:01:52
flickr C3 seed12345 epoch 37/50 batch 501/562 total=2.7437 d_pos=0.000049 d_neg=0.000098 gap=0.000049 ETA=0:01:01
flickr C3 seed12345 epoch 37/50 batch 551/562 total=2.6327 d_pos=0.000046 d_neg=0.000087 gap=0.000041 ETA=0:00:11
flickr C3 seed12345 epoch 37/50 batch 562/562 total=2.5861 d_pos=0.000046 d_neg=0.000095 gap=0.000049 ETA=0:00:00
{"epoch": 37, "learning_rate": 5e-05, "epoch_seconds": 569.3726139068604, "gradient_l2_mean": 76.0211244414257, "parameter_l2": 206.54783155188272, "info_loss": 1.4413926321416564, "recon_loss": 2.7359770612784553, "div_loss": 0.0043375026670804916, "a2v_loss": 4.949559316948865e-05, "v2a_loss": 0.00030792899017269455, "original_match_loss": 0.00035742458367879335, "d_pos": 4.9495593007656854e-05, "d_neg": 9.881164966384364e-05, "g_match": 4.931605681801858e-05, "cram_loss": 0.6931225184444006, "weighted_cram_loss": 0.6931225184444006, "total_loss": 2.4442890697950994, "AUD_cIoU": 0.792, "AUD_AUC": 0.5994, "IQR_cIoU": 0.788, "IQR_AUC": 0.5955999999999999}
flickr C3 seed12345 epoch 38/50 batch 1/562 total=2.3780 d_pos=0.000053 d_neg=0.000100 gap=0.000048 ETA=0:40:19
flickr C3 seed12345 epoch 38/50 batch 51/562 total=2.0923 d_pos=0.000047 d_neg=0.000097 gap=0.000050 ETA=0:09:05
flickr C3 seed12345 epoch 38/50 batch 101/562 total=2.1089 d_pos=0.000059 d_neg=0.000110 gap=0.000051 ETA=0:07:57
flickr C3 seed12345 epoch 38/50 batch 151/562 total=2.3430 d_pos=0.000054 d_neg=0.000112 gap=0.000058 ETA=0:07:01
flickr C3 seed12345 epoch 38/50 batch 201/562 total=2.3037 d_pos=0.000051 d_neg=0.000097 gap=0.000047 ETA=0:06:07
flickr C3 seed12345 epoch 38/50 batch 251/562 total=2.2715 d_pos=0.000053 d_neg=0.000114 gap=0.000061 ETA=0:05:16
flickr C3 seed12345 epoch 38/50 batch 301/562 total=2.3812 d_pos=0.000051 d_neg=0.000098 gap=0.000047 ETA=0:04:24
flickr C3 seed12345 epoch 38/50 batch 351/562 total=2.2093 d_pos=0.000054 d_neg=0.000122 gap=0.000068 ETA=0:03:33
flickr C3 seed12345 epoch 38/50 batch 401/562 total=2.3148 d_pos=0.000054 d_neg=0.000105 gap=0.000051 ETA=0:02:42
flickr C3 seed12345 epoch 38/50 batch 451/562 total=2.7577 d_pos=0.000052 d_neg=0.000102 gap=0.000050 ETA=0:01:52
flickr C3 seed12345 epoch 38/50 batch 501/562 total=2.4387 d_pos=0.000055 d_neg=0.000117 gap=0.000063 ETA=0:01:01
flickr C3 seed12345 epoch 38/50 batch 551/562 total=2.6236 d_pos=0.000054 d_neg=0.000114 gap=0.000060 ETA=0:00:11
flickr C3 seed12345 epoch 38/50 batch 562/562 total=2.3247 d_pos=0.000051 d_neg=0.000102 gap=0.000051 ETA=0:00:00
{"epoch": 38, "learning_rate": 5e-05, "epoch_seconds": 568.5455815792084, "gradient_l2_mean": 74.26459990876234, "parameter_l2": 206.6865022588371, "info_loss": 1.3561425491159922, "recon_loss": 2.724588236774838, "div_loss": 0.004215910799595862, "a2v_loss": 5.151121517867256e-05, "v2a_loss": 0.0002974900185027793, "original_match_loss": 0.0003490012336490855, "d_pos": 5.151121520456565e-05, "d_neg": 0.0001013816011265033, "g_match": 4.987038598667036e-05, "cram_loss": 0.6931222440721302, "weighted_cram_loss": 0.6931222440721302, "total_loss": 2.3570453333684984, "AUD_cIoU": 0.78, "AUD_AUC": 0.6006000000000001, "IQR_cIoU": 0.784, "IQR_AUC": 0.599}
flickr C3 seed12345 epoch 39/50 batch 1/562 total=1.8510 d_pos=0.000051 d_neg=0.000104 gap=0.000053 ETA=0:51:19
flickr C3 seed12345 epoch 39/50 batch 51/562 total=2.0098 d_pos=0.000054 d_neg=0.000100 gap=0.000046 ETA=0:09:17
flickr C3 seed12345 epoch 39/50 batch 101/562 total=2.5322 d_pos=0.000060 d_neg=0.000115 gap=0.000055 ETA=0:08:02
flickr C3 seed12345 epoch 39/50 batch 151/562 total=2.2352 d_pos=0.000048 d_neg=0.000105 gap=0.000058 ETA=0:07:04
flickr C3 seed12345 epoch 39/50 batch 201/562 total=2.3662 d_pos=0.000050 d_neg=0.000097 gap=0.000047 ETA=0:06:10
flickr C3 seed12345 epoch 39/50 batch 251/562 total=2.6021 d_pos=0.000056 d_neg=0.000107 gap=0.000050 ETA=0:05:17
flickr C3 seed12345 epoch 39/50 batch 301/562 total=2.6508 d_pos=0.000048 d_neg=0.000097 gap=0.000048 ETA=0:04:25
flickr C3 seed12345 epoch 39/50 batch 351/562 total=2.6088 d_pos=0.000050 d_neg=0.000093 gap=0.000043 ETA=0:03:34
flickr C3 seed12345 epoch 39/50 batch 401/562 total=2.1926 d_pos=0.000062 d_neg=0.000118 gap=0.000056 ETA=0:02:43
flickr C3 seed12345 epoch 39/50 batch 451/562 total=2.3956 d_pos=0.000052 d_neg=0.000098 gap=0.000045 ETA=0:01:52
flickr C3 seed12345 epoch 39/50 batch 501/562 total=2.0008 d_pos=0.000045 d_neg=0.000106 gap=0.000060 ETA=0:01:01
flickr C3 seed12345 epoch 39/50 batch 551/562 total=2.4725 d_pos=0.000054 d_neg=0.000121 gap=0.000067 ETA=0:00:11
flickr C3 seed12345 epoch 39/50 batch 562/562 total=2.3969 d_pos=0.000052 d_neg=0.000104 gap=0.000052 ETA=0:00:00
{"epoch": 39, "learning_rate": 5e-05, "epoch_seconds": 569.7878792285919, "gradient_l2_mean": 76.37059755133431, "parameter_l2": 206.82552678886057, "info_loss": 1.301606958659094, "recon_loss": 2.7107561881856137, "div_loss": 0.004277405699009069, "a2v_loss": 5.162472123732986e-05, "v2a_loss": 0.0002992519197330538, "original_match_loss": 0.0003508766410351164, "d_pos": 5.1624721217910045e-05, "d_neg": 0.00010449665169419267, "g_match": 5.287193053454207e-05, "cram_loss": 0.6931207388957624, "weighted_cram_loss": 0.6931207388957624, "total_loss": 2.3013187292631834, "AUD_cIoU": 0.804, "AUD_AUC": 0.603, "IQR_cIoU": 0.8, "IQR_AUC": 0.6013999999999999}
flickr C3 seed12345 epoch 40/50 batch 1/562 total=2.1507 d_pos=0.000058 d_neg=0.000117 gap=0.000059 ETA=0:50:47
flickr C3 seed12345 epoch 40/50 batch 51/562 total=2.1957 d_pos=0.000052 d_neg=0.000094 gap=0.000043 ETA=0:09:16
flickr C3 seed12345 epoch 40/50 batch 101/562 total=2.4330 d_pos=0.000047 d_neg=0.000095 gap=0.000047 ETA=0:08:02
flickr C3 seed12345 epoch 40/50 batch 151/562 total=2.2433 d_pos=0.000051 d_neg=0.000103 gap=0.000052 ETA=0:07:04
flickr C3 seed12345 epoch 40/50 batch 201/562 total=2.0856 d_pos=0.000049 d_neg=0.000112 gap=0.000063 ETA=0:06:09
flickr C3 seed12345 epoch 40/50 batch 251/562 total=2.1207 d_pos=0.000055 d_neg=0.000122 gap=0.000067 ETA=0:05:17
flickr C3 seed12345 epoch 40/50 batch 301/562 total=2.2696 d_pos=0.000054 d_neg=0.000100 gap=0.000046 ETA=0:04:25
flickr C3 seed12345 epoch 40/50 batch 351/562 total=2.1297 d_pos=0.000055 d_neg=0.000105 gap=0.000050 ETA=0:03:34
flickr C3 seed12345 epoch 40/50 batch 401/562 total=2.4174 d_pos=0.000057 d_neg=0.000119 gap=0.000062 ETA=0:02:43
flickr C3 seed12345 epoch 40/50 batch 451/562 total=2.6246 d_pos=0.000056 d_neg=0.000120 gap=0.000064 ETA=0:01:52
flickr C3 seed12345 epoch 40/50 batch 501/562 total=2.3470 d_pos=0.000052 d_neg=0.000104 gap=0.000053 ETA=0:01:01
flickr C3 seed12345 epoch 40/50 batch 551/562 total=2.2899 d_pos=0.000055 d_neg=0.000116 gap=0.000061 ETA=0:00:11
flickr C3 seed12345 epoch 40/50 batch 562/562 total=2.2621 d_pos=0.000054 d_neg=0.000106 gap=0.000052 ETA=0:00:00
{"epoch": 40, "learning_rate": 5e-05, "epoch_seconds": 569.9747951030731, "gradient_l2_mean": 71.32188684241994, "parameter_l2": 206.96112249179822, "info_loss": 1.2647851381013402, "recon_loss": 2.702187090157614, "div_loss": 0.004299430371746023, "a2v_loss": 5.248539427645816e-05, "v2a_loss": 0.00030702323940424314, "original_match_loss": 0.00035950863409499074, "d_pos": 5.248539441239687e-05, "d_neg": 0.00010797112964833607, "g_match": 5.548573539777099e-05, "cram_loss": 0.6931194387296765, "weighted_cram_loss": 0.6931194387296765, "total_loss": 2.2645041119585683, "AUD_cIoU": 0.788, "AUD_AUC": 0.597, "IQR_cIoU": 0.8, "IQR_AUC": 0.5982}
flickr C3 seed12345 epoch 41/50 batch 1/562 total=2.1988 d_pos=0.000053 d_neg=0.000125 gap=0.000072 ETA=0:50:52
flickr C3 seed12345 epoch 41/50 batch 51/562 total=2.0980 d_pos=0.000054 d_neg=0.000113 gap=0.000059 ETA=0:09:19
flickr C3 seed12345 epoch 41/50 batch 101/562 total=2.0309 d_pos=0.000050 d_neg=0.000107 gap=0.000057 ETA=0:08:03
flickr C3 seed12345 epoch 41/50 batch 151/562 total=2.2774 d_pos=0.000055 d_neg=0.000104 gap=0.000049 ETA=0:07:04
flickr C3 seed12345 epoch 41/50 batch 201/562 total=2.2603 d_pos=0.000053 d_neg=0.000116 gap=0.000063 ETA=0:06:10
flickr C3 seed12345 epoch 41/50 batch 251/562 total=2.0525 d_pos=0.000053 d_neg=0.000108 gap=0.000055 ETA=0:05:17
flickr C3 seed12345 epoch 41/50 batch 301/562 total=2.0017 d_pos=0.000060 d_neg=0.000127 gap=0.000067 ETA=0:04:25
flickr C3 seed12345 epoch 41/50 batch 351/562 total=2.5164 d_pos=0.000057 d_neg=0.000111 gap=0.000053 ETA=0:03:34
flickr C3 seed12345 epoch 41/50 batch 401/562 total=2.1910 d_pos=0.000056 d_neg=0.000119 gap=0.000063 ETA=0:02:43
flickr C3 seed12345 epoch 41/50 batch 451/562 total=2.3680 d_pos=0.000053 d_neg=0.000108 gap=0.000056 ETA=0:01:52
flickr C3 seed12345 epoch 41/50 batch 501/562 total=2.2073 d_pos=0.000056 d_neg=0.000111 gap=0.000054 ETA=0:01:01
flickr C3 seed12345 epoch 41/50 batch 551/562 total=2.2944 d_pos=0.000053 d_neg=0.000095 gap=0.000042 ETA=0:00:11
flickr C3 seed12345 epoch 41/50 batch 562/562 total=2.5097 d_pos=0.000049 d_neg=0.000102 gap=0.000054 ETA=0:00:00
{"epoch": 41, "learning_rate": 5e-05, "epoch_seconds": 569.2578101158142, "gradient_l2_mean": 71.0203473713705, "parameter_l2": 207.0936764398212, "info_loss": 1.213640771090348, "recon_loss": 2.6847248802829893, "div_loss": 0.0040121564987112245, "a2v_loss": 5.388813784857217e-05, "v2a_loss": 0.00029403496558178926, "original_match_loss": 0.00034792310317143053, "d_pos": 5.388813769968692e-05, "d_neg": 0.00011069696842520034, "g_match": 5.680883068020051e-05, "cram_loss": 0.6931187740636466, "weighted_cram_loss": 0.6931187740636466, "total_loss": 2.2104255728874342, "AUD_cIoU": 0.792, "AUD_AUC": 0.5974, "IQR_cIoU": 0.772, "IQR_AUC": 0.5903999999999999}
flickr C3 seed12345 epoch 42/50 batch 1/562 total=2.0454 d_pos=0.000058 d_neg=0.000111 gap=0.000053 ETA=0:48:48
flickr C3 seed12345 epoch 42/50 batch 51/562 total=1.8679 d_pos=0.000060 d_neg=0.000114 gap=0.000053 ETA=0:09:15
flickr C3 seed12345 epoch 42/50 batch 101/562 total=2.1074 d_pos=0.000045 d_neg=0.000096 gap=0.000051 ETA=0:08:02
flickr C3 seed12345 epoch 42/50 batch 151/562 total=2.0142 d_pos=0.000050 d_neg=0.000115 gap=0.000066 ETA=0:07:04
flickr C3 seed12345 epoch 42/50 batch 201/562 total=2.1160 d_pos=0.000061 d_neg=0.000132 gap=0.000071 ETA=0:06:09
flickr C3 seed12345 epoch 42/50 batch 251/562 total=2.0845 d_pos=0.000056 d_neg=0.000126 gap=0.000070 ETA=0:05:17
flickr C3 seed12345 epoch 42/50 batch 301/562 total=2.1768 d_pos=0.000056 d_neg=0.000112 gap=0.000057 ETA=0:04:25
flickr C3 seed12345 epoch 42/50 batch 351/562 total=2.3471 d_pos=0.000047 d_neg=0.000106 gap=0.000059 ETA=0:03:34
flickr C3 seed12345 epoch 42/50 batch 401/562 total=2.3191 d_pos=0.000060 d_neg=0.000100 gap=0.000041 ETA=0:02:43
flickr C3 seed12345 epoch 42/50 batch 451/562 total=2.3481 d_pos=0.000049 d_neg=0.000115 gap=0.000065 ETA=0:01:52
flickr C3 seed12345 epoch 42/50 batch 501/562 total=2.2374 d_pos=0.000053 d_neg=0.000111 gap=0.000057 ETA=0:01:01
flickr C3 seed12345 epoch 42/50 batch 551/562 total=2.1854 d_pos=0.000053 d_neg=0.000119 gap=0.000066 ETA=0:00:11
flickr C3 seed12345 epoch 42/50 batch 562/562 total=2.4390 d_pos=0.000051 d_neg=0.000106 gap=0.000056 ETA=0:00:00
{"epoch": 42, "learning_rate": 5e-05, "epoch_seconds": 569.2417027950287, "gradient_l2_mean": 66.71979091536225, "parameter_l2": 207.22126460272904, "info_loss": 1.1752533908416367, "recon_loss": 2.6719656109385643, "div_loss": 0.00391720981441531, "a2v_loss": 5.20834445948087e-05, "v2a_loss": 0.00029716084136323525, "original_match_loss": 0.0003492442863140739, "d_pos": 5.20834446401216e-05, "d_neg": 0.00010994696136788975, "g_match": 5.786351631347875e-05, "cram_loss": 0.6931182465307228, "weighted_cram_loss": 0.6931182465307228, "total_loss": 2.1708843466225893, "AUD_cIoU": 0.776, "AUD_AUC": 0.588, "IQR_cIoU": 0.764, "IQR_AUC": 0.584}
flickr C3 seed12345 epoch 43/50 batch 1/562 total=2.1472 d_pos=0.000055 d_neg=0.000114 gap=0.000059 ETA=0:42:36
flickr C3 seed12345 epoch 43/50 batch 51/562 total=1.8881 d_pos=0.000050 d_neg=0.000093 gap=0.000043 ETA=0:09:06
flickr C3 seed12345 epoch 43/50 batch 101/562 total=1.9732 d_pos=0.000051 d_neg=0.000122 gap=0.000071 ETA=0:07:57
flickr C3 seed12345 epoch 43/50 batch 151/562 total=2.4232 d_pos=0.000052 d_neg=0.000115 gap=0.000063 ETA=0:07:00
flickr C3 seed12345 epoch 43/50 batch 201/562 total=2.0182 d_pos=0.000053 d_neg=0.000124 gap=0.000071 ETA=0:06:07
flickr C3 seed12345 epoch 43/50 batch 251/562 total=2.1911 d_pos=0.000051 d_neg=0.000096 gap=0.000045 ETA=0:05:15
flickr C3 seed12345 epoch 43/50 batch 301/562 total=2.3129 d_pos=0.000057 d_neg=0.000117 gap=0.000060 ETA=0:04:23
flickr C3 seed12345 epoch 43/50 batch 351/562 total=2.0301 d_pos=0.000052 d_neg=0.000098 gap=0.000046 ETA=0:03:33
flickr C3 seed12345 epoch 43/50 batch 401/562 total=2.0918 d_pos=0.000047 d_neg=0.000099 gap=0.000051 ETA=0:02:42
flickr C3 seed12345 epoch 43/50 batch 451/562 total=1.7242 d_pos=0.000052 d_neg=0.000102 gap=0.000050 ETA=0:01:51
flickr C3 seed12345 epoch 43/50 batch 501/562 total=2.3964 d_pos=0.000047 d_neg=0.000098 gap=0.000051 ETA=0:01:01
flickr C3 seed12345 epoch 43/50 batch 551/562 total=2.1727 d_pos=0.000054 d_neg=0.000101 gap=0.000047 ETA=0:00:11
flickr C3 seed12345 epoch 43/50 batch 562/562 total=2.0485 d_pos=0.000051 d_neg=0.000106 gap=0.000055 ETA=0:00:00
{"epoch": 43, "learning_rate": 5e-05, "epoch_seconds": 567.0392169952393, "gradient_l2_mean": 71.37469088655286, "parameter_l2": 207.35179157121118, "info_loss": 1.1393672045439587, "recon_loss": 2.6579479428797006, "div_loss": 0.003607557939027446, "a2v_loss": 5.1364820244487164e-05, "v2a_loss": 0.00028802096598045865, "original_match_loss": 0.00033938578590775553, "d_pos": 5.136482016033463e-05, "d_neg": 0.00010565653832716738, "g_match": 5.429171813446639e-05, "cram_loss": 0.6931200321246721, "weighted_cram_loss": 0.6931200321246721, "total_loss": 2.1325813769445725, "AUD_cIoU": 0.796, "AUD_AUC": 0.5983999999999999, "IQR_cIoU": 0.792, "IQR_AUC": 0.5985999999999999}
flickr C3 seed12345 epoch 44/50 batch 1/562 total=1.8223 d_pos=0.000045 d_neg=0.000109 gap=0.000064 ETA=0:41:12
flickr C3 seed12345 epoch 44/50 batch 51/562 total=1.8929 d_pos=0.000050 d_neg=0.000105 gap=0.000055 ETA=0:09:06
flickr C3 seed12345 epoch 44/50 batch 101/562 total=2.0006 d_pos=0.000052 d_neg=0.000122 gap=0.000070 ETA=0:07:58
flickr C3 seed12345 epoch 44/50 batch 151/562 total=2.3470 d_pos=0.000052 d_neg=0.000104 gap=0.000052 ETA=0:07:02
flickr C3 seed12345 epoch 44/50 batch 201/562 total=2.0051 d_pos=0.000049 d_neg=0.000108 gap=0.000059 ETA=0:06:08
flickr C3 seed12345 epoch 44/50 batch 251/562 total=1.8247 d_pos=0.000054 d_neg=0.000111 gap=0.000057 ETA=0:05:16
flickr C3 seed12345 epoch 44/50 batch 301/562 total=1.8143 d_pos=0.000054 d_neg=0.000101 gap=0.000047 ETA=0:04:24
flickr C3 seed12345 epoch 44/50 batch 351/562 total=1.9444 d_pos=0.000052 d_neg=0.000098 gap=0.000045 ETA=0:03:33
flickr C3 seed12345 epoch 44/50 batch 401/562 total=2.3212 d_pos=0.000061 d_neg=0.000120 gap=0.000058 ETA=0:02:42
flickr C3 seed12345 epoch 44/50 batch 451/562 total=2.2894 d_pos=0.000051 d_neg=0.000110 gap=0.000059 ETA=0:01:52
flickr C3 seed12345 epoch 44/50 batch 501/562 total=1.9174 d_pos=0.000050 d_neg=0.000099 gap=0.000049 ETA=0:01:01
flickr C3 seed12345 epoch 44/50 batch 551/562 total=2.3205 d_pos=0.000049 d_neg=0.000102 gap=0.000053 ETA=0:00:11
flickr C3 seed12345 epoch 44/50 batch 562/562 total=2.2388 d_pos=0.000051 d_neg=0.000102 gap=0.000051 ETA=0:00:00
{"epoch": 44, "learning_rate": 5e-05, "epoch_seconds": 568.7151877880096, "gradient_l2_mean": 67.91278258303547, "parameter_l2": 207.4797874135694, "info_loss": 1.087602337590316, "recon_loss": 2.650594678213588, "div_loss": 0.0037872985795014322, "a2v_loss": 5.346808577210351e-05, "v2a_loss": 0.0002956127299580415, "original_match_loss": 0.0003490808154323745, "d_pos": 5.3468085940408575e-05, "d_neg": 0.0001090692621218687, "g_match": 5.56011760455214e-05, "cram_loss": 0.6931193770038699, "weighted_cram_loss": 0.6931193770038699, "total_loss": 2.081067998638357, "AUD_cIoU": 0.812, "AUD_AUC": 0.5958, "IQR_cIoU": 0.804, "IQR_AUC": 0.5938}
flickr C3 seed12345 epoch 45/50 batch 1/562 total=2.2412 d_pos=0.000053 d_neg=0.000097 gap=0.000044 ETA=0:52:43
flickr C3 seed12345 epoch 45/50 batch 51/562 total=2.2045 d_pos=0.000053 d_neg=0.000114 gap=0.000061 ETA=0:09:18
flickr C3 seed12345 epoch 45/50 batch 101/562 total=2.1631 d_pos=0.000051 d_neg=0.000110 gap=0.000060 ETA=0:08:03
flickr C3 seed12345 epoch 45/50 batch 151/562 total=1.9051 d_pos=0.000054 d_neg=0.000102 gap=0.000048 ETA=0:07:04
flickr C3 seed12345 epoch 45/50 batch 201/562 total=2.1043 d_pos=0.000046 d_neg=0.000094 gap=0.000048 ETA=0:06:09
flickr C3 seed12345 epoch 45/50 batch 251/562 total=1.7445 d_pos=0.000052 d_neg=0.000096 gap=0.000044 ETA=0:05:16
flickr C3 seed12345 epoch 45/50 batch 301/562 total=2.2917 d_pos=0.000053 d_neg=0.000104 gap=0.000051 ETA=0:04:25
flickr C3 seed12345 epoch 45/50 batch 351/562 total=2.1540 d_pos=0.000053 d_neg=0.000100 gap=0.000047 ETA=0:03:33
flickr C3 seed12345 epoch 45/50 batch 401/562 total=1.9514 d_pos=0.000054 d_neg=0.000117 gap=0.000063 ETA=0:02:42
flickr C3 seed12345 epoch 45/50 batch 451/562 total=1.8637 d_pos=0.000054 d_neg=0.000101 gap=0.000047 ETA=0:01:52
flickr C3 seed12345 epoch 45/50 batch 501/562 total=1.8258 d_pos=0.000053 d_neg=0.000111 gap=0.000058 ETA=0:01:01
flickr C3 seed12345 epoch 45/50 batch 551/562 total=2.3640 d_pos=0.000058 d_neg=0.000102 gap=0.000044 ETA=0:00:11
flickr C3 seed12345 epoch 45/50 batch 562/562 total=2.1054 d_pos=0.000054 d_neg=0.000105 gap=0.000052 ETA=0:00:00
{"epoch": 45, "learning_rate": 5e-05, "epoch_seconds": 568.9293465614319, "gradient_l2_mean": 64.81687925544935, "parameter_l2": 207.60687519777517, "info_loss": 1.0872165667841018, "recon_loss": 2.634429798431668, "div_loss": 0.0033061385040380246, "a2v_loss": 5.218578212326094e-05, "v2a_loss": 0.00029096045373695376, "original_match_loss": 0.00034314623565307, "d_pos": 5.2185782408084904e-05, "d_neg": 0.00010693989934613497, "g_match": 5.475411711930168e-05, "cram_loss": 0.6931198003877524, "weighted_cram_loss": 0.6931198003877524, "total_loss": 2.0784245941562585, "AUD_cIoU": 0.796, "AUD_AUC": 0.5992000000000001, "IQR_cIoU": 0.816, "IQR_AUC": 0.595}
flickr C3 seed12345 epoch 46/50 batch 1/562 total=1.8577 d_pos=0.000054 d_neg=0.000112 gap=0.000058 ETA=0:48:50
flickr C3 seed12345 epoch 46/50 batch 51/562 total=1.8874 d_pos=0.000053 d_neg=0.000110 gap=0.000057 ETA=0:09:12
flickr C3 seed12345 epoch 46/50 batch 101/562 total=1.7694 d_pos=0.000074 d_neg=0.000137 gap=0.000063 ETA=0:07:59
flickr C3 seed12345 epoch 46/50 batch 151/562 total=2.1015 d_pos=0.000057 d_neg=0.000112 gap=0.000055 ETA=0:07:01
flickr C3 seed12345 epoch 46/50 batch 201/562 total=1.9801 d_pos=0.000049 d_neg=0.000104 gap=0.000055 ETA=0:06:08
flickr C3 seed12345 epoch 46/50 batch 251/562 total=1.8926 d_pos=0.000055 d_neg=0.000110 gap=0.000055 ETA=0:05:15
flickr C3 seed12345 epoch 46/50 batch 301/562 total=2.1115 d_pos=0.000051 d_neg=0.000102 gap=0.000051 ETA=0:04:24
flickr C3 seed12345 epoch 46/50 batch 351/562 total=1.9516 d_pos=0.000060 d_neg=0.000115 gap=0.000055 ETA=0:03:33
flickr C3 seed12345 epoch 46/50 batch 401/562 total=1.9999 d_pos=0.000054 d_neg=0.000105 gap=0.000051 ETA=0:02:42
flickr C3 seed12345 epoch 46/50 batch 451/562 total=2.1165 d_pos=0.000052 d_neg=0.000109 gap=0.000057 ETA=0:01:51
flickr C3 seed12345 epoch 46/50 batch 501/562 total=2.2238 d_pos=0.000050 d_neg=0.000116 gap=0.000066 ETA=0:01:01
flickr C3 seed12345 epoch 46/50 batch 551/562 total=2.2160 d_pos=0.000050 d_neg=0.000098 gap=0.000048 ETA=0:00:11
flickr C3 seed12345 epoch 46/50 batch 562/562 total=2.2450 d_pos=0.000051 d_neg=0.000106 gap=0.000056 ETA=0:00:00
{"epoch": 46, "learning_rate": 5e-05, "epoch_seconds": 567.3772404193878, "gradient_l2_mean": 64.43667292326369, "parameter_l2": 207.73128687287794, "info_loss": 1.0212775218529209, "recon_loss": 2.624229579633665, "div_loss": 0.003531786240305871, "a2v_loss": 5.4464712785080476e-05, "v2a_loss": 0.0002855214298244158, "original_match_loss": 0.0003399861422081534, "d_pos": 5.446471279802702e-05, "d_neg": 0.00011317940060446184, "g_match": 5.8714687528084134e-05, "cram_loss": 0.6931178212377949, "weighted_cram_loss": 0.6931178212377949, "total_loss": 2.011170115547248, "AUD_cIoU": 0.804, "AUD_AUC": 0.6002000000000002, "IQR_cIoU": 0.784, "IQR_AUC": 0.5948000000000001}
flickr C3 seed12345 epoch 47/50 batch 1/562 total=1.8436 d_pos=0.000059 d_neg=0.000114 gap=0.000055 ETA=0:46:46
flickr C3 seed12345 epoch 47/50 batch 51/562 total=1.8098 d_pos=0.000056 d_neg=0.000107 gap=0.000052 ETA=0:09:10
flickr C3 seed12345 epoch 47/50 batch 101/562 total=1.8349 d_pos=0.000053 d_neg=0.000107 gap=0.000054 ETA=0:07:58
flickr C3 seed12345 epoch 47/50 batch 151/562 total=1.8798 d_pos=0.000051 d_neg=0.000105 gap=0.000054 ETA=0:07:01
flickr C3 seed12345 epoch 47/50 batch 201/562 total=2.0381 d_pos=0.000064 d_neg=0.000134 gap=0.000070 ETA=0:06:07
flickr C3 seed12345 epoch 47/50 batch 251/562 total=2.0112 d_pos=0.000058 d_neg=0.000152 gap=0.000094 ETA=0:05:15
flickr C3 seed12345 epoch 47/50 batch 301/562 total=1.9417 d_pos=0.000051 d_neg=0.000112 gap=0.000061 ETA=0:04:24
flickr C3 seed12345 epoch 47/50 batch 351/562 total=2.2823 d_pos=0.000059 d_neg=0.000118 gap=0.000059 ETA=0:03:33
flickr C3 seed12345 epoch 47/50 batch 401/562 total=2.1365 d_pos=0.000050 d_neg=0.000113 gap=0.000063 ETA=0:02:42
flickr C3 seed12345 epoch 47/50 batch 451/562 total=2.2155 d_pos=0.000055 d_neg=0.000115 gap=0.000060 ETA=0:01:51
flickr C3 seed12345 epoch 47/50 batch 501/562 total=2.0347 d_pos=0.000055 d_neg=0.000121 gap=0.000066 ETA=0:01:01
flickr C3 seed12345 epoch 47/50 batch 551/562 total=2.0794 d_pos=0.000064 d_neg=0.000137 gap=0.000073 ETA=0:00:11
flickr C3 seed12345 epoch 47/50 batch 562/562 total=1.9977 d_pos=0.000053 d_neg=0.000117 gap=0.000064 ETA=0:00:00
{"epoch": 47, "learning_rate": 5e-05, "epoch_seconds": 567.2902076244354, "gradient_l2_mean": 63.16356012291532, "parameter_l2": 207.8601420528059, "info_loss": 1.005893502477225, "recon_loss": 2.615492853829869, "div_loss": 0.003260642980735789, "a2v_loss": 5.374037137048342e-05, "v2a_loss": 0.00029230675288974023, "original_match_loss": 0.0003460471240660255, "d_pos": 5.374037142874287e-05, "d_neg": 0.00011331224863772078, "g_match": 5.957187706009266e-05, "cram_loss": 0.6931173945661118, "weighted_cram_loss": 0.6931173945661118, "total_loss": 1.9954909633487146, "AUD_cIoU": 0.804, "AUD_AUC": 0.5966, "IQR_cIoU": 0.804, "IQR_AUC": 0.5942}
flickr C3 seed12345 epoch 48/50 batch 1/562 total=1.7298 d_pos=0.000057 d_neg=0.000126 gap=0.000069 ETA=0:44:43
flickr C3 seed12345 epoch 48/50 batch 51/562 total=2.0656 d_pos=0.000059 d_neg=0.000112 gap=0.000052 ETA=0:09:10
flickr C3 seed12345 epoch 48/50 batch 101/562 total=1.8609 d_pos=0.000050 d_neg=0.000116 gap=0.000066 ETA=0:07:58
flickr C3 seed12345 epoch 48/50 batch 151/562 total=1.7031 d_pos=0.000050 d_neg=0.000098 gap=0.000048 ETA=0:07:01
flickr C3 seed12345 epoch 48/50 batch 201/562 total=2.1823 d_pos=0.000052 d_neg=0.000107 gap=0.000055 ETA=0:06:07
flickr C3 seed12345 epoch 48/50 batch 251/562 total=1.8562 d_pos=0.000052 d_neg=0.000134 gap=0.000081 ETA=0:05:15
flickr C3 seed12345 epoch 48/50 batch 301/562 total=1.6512 d_pos=0.000047 d_neg=0.000096 gap=0.000049 ETA=0:04:24
flickr C3 seed12345 epoch 48/50 batch 351/562 total=1.9028 d_pos=0.000053 d_neg=0.000123 gap=0.000070 ETA=0:03:33
flickr C3 seed12345 epoch 48/50 batch 401/562 total=1.8779 d_pos=0.000050 d_neg=0.000120 gap=0.000070 ETA=0:02:42
flickr C3 seed12345 epoch 48/50 batch 451/562 total=2.0580 d_pos=0.000053 d_neg=0.000111 gap=0.000058 ETA=0:01:51
flickr C3 seed12345 epoch 48/50 batch 501/562 total=1.8296 d_pos=0.000053 d_neg=0.000114 gap=0.000061 ETA=0:01:01
flickr C3 seed12345 epoch 48/50 batch 551/562 total=2.1083 d_pos=0.000055 d_neg=0.000105 gap=0.000050 ETA=0:00:11
flickr C3 seed12345 epoch 48/50 batch 562/562 total=2.0614 d_pos=0.000055 d_neg=0.000102 gap=0.000048 ETA=0:00:00
{"epoch": 48, "learning_rate": 5e-05, "epoch_seconds": 567.1203715801239, "gradient_l2_mean": 62.361352989155286, "parameter_l2": 207.98847621018263, "info_loss": 0.9665026117474159, "recon_loss": 2.6080903022738964, "div_loss": 0.0033501802390156266, "a2v_loss": 5.3839551994276274e-05, "v2a_loss": 0.0002767906420254331, "original_match_loss": 0.0003306301939031905, "d_pos": 5.383955191012374e-05, "d_neg": 0.00011419360288725403, "g_match": 6.03540510677561e-05, "cram_loss": 0.6931170004542612, "weighted_cram_loss": 0.6931170004542612, "total_loss": 1.953826681787009, "AUD_cIoU": 0.796, "AUD_AUC": 0.5978, "IQR_cIoU": 0.804, "IQR_AUC": 0.5963999999999999}
flickr C3 seed12345 epoch 49/50 batch 1/562 total=1.6701 d_pos=0.000048 d_neg=0.000097 gap=0.000049 ETA=0:44:57
flickr C3 seed12345 epoch 49/50 batch 51/562 total=1.8447 d_pos=0.000046 d_neg=0.000118 gap=0.000072 ETA=0:09:08
flickr C3 seed12345 epoch 49/50 batch 101/562 total=1.8461 d_pos=0.000050 d_neg=0.000106 gap=0.000055 ETA=0:07:58
flickr C3 seed12345 epoch 49/50 batch 151/562 total=2.0048 d_pos=0.000049 d_neg=0.000099 gap=0.000049 ETA=0:07:01
flickr C3 seed12345 epoch 49/50 batch 201/562 total=1.8632 d_pos=0.000052 d_neg=0.000125 gap=0.000073 ETA=0:06:07
flickr C3 seed12345 epoch 49/50 batch 251/562 total=1.7471 d_pos=0.000058 d_neg=0.000118 gap=0.000060 ETA=0:05:15
flickr C3 seed12345 epoch 49/50 batch 301/562 total=1.9065 d_pos=0.000053 d_neg=0.000110 gap=0.000057 ETA=0:04:24
flickr C3 seed12345 epoch 49/50 batch 351/562 total=2.0144 d_pos=0.000050 d_neg=0.000096 gap=0.000047 ETA=0:03:33
flickr C3 seed12345 epoch 49/50 batch 401/562 total=2.5081 d_pos=0.000056 d_neg=0.000110 gap=0.000054 ETA=0:02:42
flickr C3 seed12345 epoch 49/50 batch 451/562 total=1.9023 d_pos=0.000056 d_neg=0.000117 gap=0.000060 ETA=0:01:51
flickr C3 seed12345 epoch 49/50 batch 501/562 total=2.0518 d_pos=0.000048 d_neg=0.000104 gap=0.000055 ETA=0:01:01
flickr C3 seed12345 epoch 49/50 batch 551/562 total=2.1423 d_pos=0.000052 d_neg=0.000112 gap=0.000059 ETA=0:00:11
flickr C3 seed12345 epoch 49/50 batch 562/562 total=1.8913 d_pos=0.000055 d_neg=0.000101 gap=0.000046 ETA=0:00:00
{"epoch": 49, "learning_rate": 5e-05, "epoch_seconds": 567.0596029758453, "gradient_l2_mean": 63.747458202597336, "parameter_l2": 208.11154860078048, "info_loss": 0.9288060794521481, "recon_loss": 2.5946333446536625, "div_loss": 0.003077259705256127, "a2v_loss": 5.2064961875845624e-05, "v2a_loss": 0.0002780821421610364, "original_match_loss": 0.00033014710421166033, "d_pos": 5.206496189526544e-05, "d_neg": 0.00010931367712576784, "g_match": 5.724871491978535e-05, "cram_loss": 0.6931185560082201, "weighted_cram_loss": 0.6931185560082201, "total_loss": 1.9147104147914467, "AUD_cIoU": 0.796, "AUD_AUC": 0.593, "IQR_cIoU": 0.8, "IQR_AUC": 0.5882}
flickr C3 seed12345 epoch 50/50 batch 1/562 total=1.9145 d_pos=0.000051 d_neg=0.000105 gap=0.000054 ETA=0:46:22
flickr C3 seed12345 epoch 50/50 batch 51/562 total=1.6556 d_pos=0.000056 d_neg=0.000121 gap=0.000065 ETA=0:09:11
flickr C3 seed12345 epoch 50/50 batch 101/562 total=1.7969 d_pos=0.000056 d_neg=0.000128 gap=0.000071 ETA=0:07:59
flickr C3 seed12345 epoch 50/50 batch 151/562 total=1.6487 d_pos=0.000054 d_neg=0.000108 gap=0.000054 ETA=0:07:01
flickr C3 seed12345 epoch 50/50 batch 201/562 total=1.8794 d_pos=0.000050 d_neg=0.000108 gap=0.000058 ETA=0:06:07
flickr C3 seed12345 epoch 50/50 batch 251/562 total=1.7775 d_pos=0.000049 d_neg=0.000113 gap=0.000065 ETA=0:05:15
flickr C3 seed12345 epoch 50/50 batch 301/562 total=1.8278 d_pos=0.000052 d_neg=0.000107 gap=0.000056 ETA=0:04:24
flickr C3 seed12345 epoch 50/50 batch 351/562 total=2.0256 d_pos=0.000054 d_neg=0.000124 gap=0.000070 ETA=0:03:33
flickr C3 seed12345 epoch 50/50 batch 401/562 total=1.9735 d_pos=0.000055 d_neg=0.000115 gap=0.000060 ETA=0:02:42
flickr C3 seed12345 epoch 50/50 batch 451/562 total=2.0826 d_pos=0.000053 d_neg=0.000117 gap=0.000063 ETA=0:01:51
flickr C3 seed12345 epoch 50/50 batch 501/562 total=1.9055 d_pos=0.000051 d_neg=0.000116 gap=0.000065 ETA=0:01:01
flickr C3 seed12345 epoch 50/50 batch 551/562 total=1.9698 d_pos=0.000047 d_neg=0.000112 gap=0.000065 ETA=0:00:11
flickr C3 seed12345 epoch 50/50 batch 562/562 total=1.8168 d_pos=0.000051 d_neg=0.000119 gap=0.000068 ETA=0:00:00
{"epoch": 50, "learning_rate": 5e-05, "epoch_seconds": 568.2164022922516, "gradient_l2_mean": 62.71052312432344, "parameter_l2": 208.23353555391395, "info_loss": 0.9107539424692609, "recon_loss": 2.586433028835419, "div_loss": 0.003245229939300421, "a2v_loss": 5.3259975097344746e-05, "v2a_loss": 0.000279217274018333, "original_match_loss": 0.00033247724872080813, "d_pos": 5.325997501966548e-05, "d_neg": 0.00011368302010951375, "g_match": 6.0423045303466234e-05, "cram_loss": 0.6931169654550926, "weighted_cram_loss": 0.6931169654550926, "total_loss": 1.896086471997122, "AUD_cIoU": 0.796, "AUD_AUC": 0.5952, "IQR_cIoU": 0.784, "IQR_AUC": 0.5894}
{
  "dataset": "flickr",
  "group": "C3",
  "seed": 12345,
  "lambda_cram": 1.0,
  "epochs": 50,
  "batch_size": 256,
  "loss_weights": {
    "info": 1.0,
    "recon": 0.1,
    "div": 0.1,
    "match": 100.0,
    "cram": 1.0
  },
  "initialization": {
    "path": "/data/wxr/audio_video/JSA/chuagnxindian/8.6_loss_to_decision_causal_ablation/checkpoints/initialization/flickr/seed12345.pth",
    "sha256": "67b431174d6c32d9ed0e7e41d47e260823fb3d5baacba696793b716961e02298",
    "size": 145859147,
    "mtime_ns": 1789024142320609564
  },
  "orders": {
    "path": "/data/wxr/audio_video/JSA/chuagnxindian/8.6_loss_to_decision_causal_ablation/configs/flickr_seed12345_epoch_orders.npy",
    "sha256": "44975bfe5657dfebac1089d36332c8026d60bfcc04bc920c4c7681015e6e09ac",
    "size": 28800128,
    "mtime_ns": 1789024142450608305
  },
  "negative_mapping": {
    "path": "/data/wxr/audio_video/JSA/chuagnxindian/8.7_counterfactual_relative_attention_matching/configs/flickr_seed12345_negative_offsets.npy",
    "sha256": "53a08171670160ed2ec6a77598c28f867b60c5176f3a9cc94d7da7d4376441cb",
    "size": 57600128,
    "mtime_ns": 1789092374164452990
  },
  "selected_checkpoint": {
    "path": "/data/wxr/audio_video/JSA/chuagnxindian/8.7_counterfactual_relative_attention_matching/checkpoints/C3/flickr/seed12345/selected_best.pth",
    "sha256": "c96f672f73d47b1d74395b15242d54f89ca9c30e9b95082648999e46a49eac3a",
    "size": 145865943,
    "mtime_ns": 1789159219301514512
  },
  "final_checkpoint": {
    "path": "/data/wxr/audio_video/JSA/chuagnxindian/8.7_counterfactual_relative_attention_matching/checkpoints/C3/flickr/seed12345/final.pth",
    "sha256": "ea805b8d2ac2d924ac734ffe899d119ad261ac5f60f22f5d61edb144136184bb",
    "size": 145844607,
    "mtime_ns": 1789180954741077231
  },
  "protocol_sha256": "768f53f1f90367b80a4db55fdcbff5aa269aaf22efe648a33e4137634997a328",
  "git": {
    "commit": "e24178ea1e8064345f6496fad6bd7d5d958c7e54",
    "dirty": true
  },
  "elapsed_seconds": 29015.001501083374
}
