dataset,group,seed,kind,sample_index,sample_id,specific_audio_switch_spearman
vggss,C1,12345,best,0,-0BIyqJj9ZU_000030,0.1294515306122449
vggss,C1,12345,best,1,-0UuUoXQUoI_000107,-0.21150510204081632
vggss,C1,12345,best,2,-2-wdcN5vOw_000017,-0.005548469387755113
vggss,C1,12345,best,3,-23CeprtibU_000030,0.009795918367346923
vggss,C1,12345,best,4,-2Dm0VjW8oM_000001,0.3289285714285714
vggss,C1,12345,best,5,-2sOH8XovEE_000484,-0.07427295918367346
vggss,C1,12345,best,6,-3Kv4fdm7Uk_000030,0.08557397959183674
vggss,C1,12345,best,7,-4bPiXbovf0_000008,-0.018571428571428572
vggss,C1,12345,best,8,-5CGQGSFGyg_000060,-0.1572831632653061
vggss,C1,12345,best,9,-5z9IXBJefc_000227,0.2062372448979592
vggss,C1,12345,best,10,-79qo5MUYBk_000207,-0.4343112244897959
vggss,C1,12345,best,11,-7TanrCbmME_000030,-0.5034311224489796
vggss,C1,12345,best,12,-7sg--aJdrc_000049,-0.06293367346938776
vggss,C1,12345,best,13,-7tYmeOmsRg_000058,0.06176020408163265
vggss,C1,12345,best,14,-7tYmeOmsRg_000180,-0.06784438775510204
vggss,C1,12345,best,15,-86gl1hp1Aw_000105,0.5350892857142857
vggss,C1,12345,best,16,-8cgbhIR_pw_000030,-0.05684948979591836
vggss,C1,12345,best,17,-A3zsFeU_OI_000030,0.005331632653061219
vggss,C1,12345,best,18,-ANxUxvGASw_000010,-0.18321428571428572
vggss,C1,12345,best,19,-ByoSbgzr4M_000000,0.17665816326530612
vggss,C1,12345,best,20,-CZ1LIc8aos_000020,-0.07915816326530611
vggss,C1,12345,best,21,-Cr0WQoFQQs_000045,-0.022908163265306133
vggss,C1,12345,best,22,-Cv3gOXEoxA_000040,0.17290816326530611
vggss,C1,12345,best,23,-D64b_8YJK4_000046,0.19980867346938774
vggss,C1,12345,best,24,-E5o64ACjm0_000017,-0.07483418367346939
vggss,C1,12345,best,25,-FoTxwPOz3U_000000,-0.14793367346938777
vggss,C1,12345,best,26,-GOaBCyC5Js_000087,-0.08831632653061222
vggss,C1,12345,best,27,-GW1J75oAKU_000304,-0.17543367346938776
vggss,C1,12345,best,28,-HMEhGV38GM_000216,0.14174744897959185
vggss,C1,12345,best,29,-IKnJa9U66I_000150,-0.161875
vggss,C1,12345,best,30,-Igq1W20Gi8_000000,-0.11799744897959186
vggss,C1,12345,best,31,-JGpAlLrSD0_000458,0.1359311224489796
vggss,C1,12345,best,32,-JUBdOr8Hes_000030,0.33735969387755105
vggss,C1,12345,best,33,-JUhUI_KvUI_000026,0.05225765306122449
vggss,C1,12345,best,34,-K-ccLMFE5M_000259,-0.040892857142857134
vggss,C1,12345,best,35,-K1BRF6qng8_000030,0.22934948979591838
vggss,C1,12345,best,36,-KBH8YmHR-0_000050,0.17419642857142859
vggss,C1,12345,best,37,-Lmibx_Iu_E_000173,-0.19651785714285713
vggss,C1,12345,best,38,-Lv13WPa4xk_000170,0.057512755102040805
vggss,C1,12345,best,39,-N00SskHxS4_000529,0.0036224489795918385
vggss,C1,12345,best,40,-NCa3eFLULw_000221,-0.08735969387755102
vggss,C1,12345,best,41,-NwBdmVSg1w_000000,0.1174872448979592
vggss,C1,12345,best,42,-OAyRsvFGgc_000030,-0.5795663265306122
vggss,C1,12345,best,43,-OVb-UG8yJw_000030,0.08025510204081636
vggss,C1,12345,best,44,-PvlrLjIAYo_000009,-0.1539030612244898
vggss,C1,12345,best,45,-Q3MX7Tgx_E_000111,-0.11895408163265304
vggss,C1,12345,best,46,-RBs9pPhHY8_000030,-0.029846938775510215
vggss,C1,12345,best,47,-S-TDT5oq0Q_000290,0.009375000000000001
vggss,C1,12345,best,48,-SWaCArvQug_000021,0.1914540816326531
vggss,C1,12345,best,49,-Vo4CAMX26U_000030,0.07744897959183675
vggss,C1,12345,best,50,-W3WpZvJX2o_000027,0.11293367346938775
vggss,C1,12345,best,51,-Wd5YV97ftU_000320,0.10599489795918368
vggss,C1,12345,best,52,-XwtCzUaN1I_000160,-0.42311224489795923
vggss,C1,12345,best,53,-Y-UegG9tLw_000282,0.4312117346938776
vggss,C1,12345,best,54,-YwPSwhe2jo_000030,0.11642857142857142
vggss,C1,12345,best,55,-Z1ZSWDouUU_000030,0.2238392857142857
vggss,C1,12345,best,56,-ZJqu_4zLMc_000030,-0.11932397959183673
vggss,C1,12345,best,57,-ZSgg6jFUd8_000688,0.14213010204081633
vggss,C1,12345,best,58,-_QPd-VskKY_000030,0.23151785714285714
vggss,C1,12345,best,59,-_umX4zgLVY_000028,-0.12318877551020407
vggss,C1,12345,best,60,-aK9JKAGme0_000041,0.3165688775510204
vggss,C1,12345,best,61,-aK9JKAGme0_000051,-0.09539540816326532
vggss,C1,12345,best,62,-aUJLRXkj-Y_000118,0.002971938775510205
vggss,C1,12345,best,63,-cA9HsnV1ao_000030,-0.003022959183673457
vggss,C1,12345,best,64,-d1KR2BSfHM_000065,0.06167091836734695
vggss,C1,12345,best,65,-e4wXAy1iVo_000000,-0.331734693877551
vggss,C1,12345,best,66,-fAVezaAX18_000126,0.041071428571428543
vggss,C1,12345,best,67,-fJsZm3YRc0_000030,-0.0024872448979591927
vggss,C1,12345,best,68,-fPdOa99Iwg_000030,0.008864795918367342
vggss,C1,12345,best,69,-fTfRh0_RQ4_000030,-0.10302295918367346
vggss,C1,12345,best,70,-g-GjgEq8l4_000017,-0.06957908163265306
vggss,C1,12345,best,71,-gCqnkIUmp0_000140,0.2642219387755102
vggss,C1,12345,best,72,-gSfPQqi6nI_000030,0.3106632653061224
vggss,C1,12345,best,73,-hYRFCQdbLg_000030,-0.11961734693877553
vggss,C1,12345,best,74,-hedbpc8T0E_000030,-0.023928571428571438
vggss,C1,12345,best,75,-hss7xpzIVc_000030,-0.3565688775510204
vggss,C1,12345,best,76,-iF4a6f5PJ8_000000,-0.32122448979591833
vggss,C1,12345,best,77,-iF4a6f5PJ8_000060,0.03391581632653058
vggss,C1,12345,best,78,-jZENGDFArw_000080,0.17848214285714287
vggss,C1,12345,best,79,-kPDH9n0PG4_000310,0.14924744897959183
vggss,C1,12345,best,80,-kZVoaYYU6o_000000,0.1752295918367347
vggss,C1,12345,best,81,-lPXTBXa0tE_000030,0.3589923469387755
vggss,C1,12345,best,82,-mKtgDnG0oM_000030,0.054655612244897955
vggss,C1,12345,best,83,-nQ9a0P1TlY_000023,0.06284438775510207
vggss,C1,12345,best,84,-oGJwGEsIiA_000090,0.10075255102040817
vggss,C1,12345,best,85,-oOARU0JwWE_000153,0.01785714285714285
vggss,C1,12345,best,86,-oSzD8P2BtU_000030,0.23139030612244896
vggss,C1,12345,best,87,-ocADGlyaHc_000030,0.18286989795918368
vggss,C1,12345,best,88,-r2-9oyIzkQ_000030,0.0005867346938775581
vggss,C1,12345,best,89,-r3nM90RCNs_000161,-0.10644132653061225
vggss,C1,12345,best,90,-rTTPoBJNI4_000123,0.19761479591836736
vggss,C1,12345,best,91,-rb6uia1wSo_000190,0.10946428571428572
vggss,C1,12345,best,92,-rqhMzJRYoc_000030,-0.1195918367346939
vggss,C1,12345,best,93,-t-htrAtNvM_000030,0.18478316326530614
vggss,C1,12345,best,94,-u-40BIU1HE_000003,0.17936224489795918
vggss,C1,12345,best,95,-uD3ZbhFTnk_000077,-0.3096938775510204
vggss,C1,12345,best,96,-vAtBe4LMCQ_000063,-0.012614795918367342
vggss,C1,12345,best,97,-wi8kPVJLcw_000205,0.043265306122448985
vggss,C1,12345,best,98,-wnDAPcoPsk_000030,0.06514030612244898
vggss,C1,12345,best,99,-xQbyezhw_k_000040,0.4077295918367347
vggss,C1,12345,best,100,-yicwYUKKuo_000304,0.030829081632653077
vggss,C1,12345,best,101,-z3AAq0FK-0_000001,0.025969387755102047
vggss,C1,12345,best,102,-z4OZ7ls5Bo_000540,-0.029553571428571457
vggss,C1,12345,best,103,-zCtwbk005g_000030,-0.147984693877551
vggss,C1,12345,best,104,-zSyfcXmHdk_001083,0.062372448979591835
vggss,C1,12345,best,105,-zgGL2o1jqw_000080,-0.05036989795918366
vggss,C1,12345,best,106,-ziWHyk_fYQ_000106,-0.1425127551020408
vggss,C1,12345,best,107,0-jDld11jhw_000093,-0.21771683673469383
vggss,C1,12345,best,108,007P6bFgRCU_000010,0.1484311224489796
vggss,C1,12345,best,109,00QQLLcny14_000083,-0.10307397959183673
vggss,C1,12345,best,110,00wORCOKNHw_000014,0.05656887755102041
vggss,C1,12345,best,111,00z0M1DJyAw_000090,0.3185331632653061
vggss,C1,12345,best,112,01SaXyGY5SM_000030,-0.24049744897959183
vggss,C1,12345,best,113,02UvvE1oA1I_000030,0.2724617346938775
vggss,C1,12345,best,114,030h_KwNm-g_000003,-0.012857142857142859
vggss,C1,12345,best,115,04QV0Xi5YTk_000030,-0.07473214285714286
vggss,C1,12345,best,116,052VMqTM4Xs_000000,-0.09020408163265307
vggss,C1,12345,best,117,064Ilsz8Fzg_000051,-0.11378826530612246
vggss,C1,12345,best,118,06si40RVDco_000030,-0.10036989795918366
vggss,C1,12345,best,119,076qdKSC8nU_000030,0.006071428571428589
vggss,C1,12345,best,120,077aWlQn6XI_000030,-0.27488520408163264
vggss,C1,12345,best,121,09NfjFeq2cs_000078,-0.3013520408163265
vggss,C1,12345,best,122,09pZj6CEvRw_000250,0.048737244897959164
vggss,C1,12345,best,123,0CEsVHHkwww_000030,0.012155612244897956
vggss,C1,12345,best,124,0CzC0-cXe8M_000030,-0.023112244897959183
vggss,C1,12345,best,125,0Dt2-TtqvJU_000030,0.17605867346938775
vggss,C1,12345,best,126,0E6KS8B6DMc_000540,0.2557015306122449
vggss,C1,12345,best,127,0EOQco76eXQ_000030,0.3437117346938775
vggss,C1,12345,best,128,0F04c_rY4aw_000000,-0.1880994897959184
vggss,C1,12345,best,129,0FEd3Pd-ksw_000397,-0.0802295918367347
vggss,C1,12345,best,130,0FHSJnza9P8_000046,0.003928571428571434
vggss,C1,12345,best,131,0G50t4FlbIA_000060,0.058125
vggss,C1,12345,best,132,0H814XXq-WQ_000030,-0.14716836734693878
vggss,C1,12345,best,133,0HBJuYt2Eys_000032,0.007959183673469384
vggss,C1,12345,best,134,0HXYdGGKV2k_000030,-0.22288265306122446
vggss,C1,12345,best,135,0IqPUUWnnd8_000085,-0.08772959183673468
vggss,C1,12345,best,136,0Iy18mslB4A_000170,-0.5266709183673469
vggss,C1,12345,best,137,0IzhjqyDzt8_000000,-0.18571428571428572
vggss,C1,12345,best,138,0JkiTl-4B5E_000017,0.4230229591836735
vggss,C1,12345,best,139,0K92tp-4GEk_000108,-0.16067602040816326
vggss,C1,12345,best,140,0LwSy-xZSPw_000112,-0.05845663265306124
vggss,C1,12345,best,141,0MU2SG5ME1E_000016,0.004451530612244875
vggss,C1,12345,best,142,0N0C0Wbe6AI_000030,-0.23806122448979591
vggss,C1,12345,best,143,0NIE-eDk92M_000029,0.12112244897959185
vggss,C1,12345,best,144,0NLXz4JgvcQ_000096,-0.054477040816326525
vggss,C1,12345,best,145,0NQXsEwBqAk_000136,-0.2900382653061225
vggss,C1,12345,best,146,0O-gZoirpRA_000030,-0.19725765306122447
vggss,C1,12345,best,147,0OH28bnOdEE_000058,0.1252551020408163
vggss,C1,12345,best,148,0OLYyjqNdn4_000352,-0.2765688775510204
vggss,C1,12345,best,149,0Olm321vgk8_000030,0.16275510204081634
vggss,C1,12345,best,150,0PHUQku2P5I_000050,-0.0025892857142857245
vggss,C1,12345,best,151,0QSPtpp1HN8_000030,-0.03493622448979593
vggss,C1,12345,best,152,0QabiRBcEKc_000050,-0.15676020408163266
vggss,C1,12345,best,153,0RZRFj7zDnQ_000030,-0.19868622448979592
vggss,C1,12345,best,154,0Rqa18lmDtw_000153,-0.07478316326530614
vggss,C1,12345,best,155,0T966F09Q_8_000000,-0.21514030612244894
vggss,C1,12345,best,156,0TSOlaZXXM8_000080,0.3924234693877551
vggss,C1,12345,best,157,0U9_6RyH3_M_000030,0.0684438775510204
vggss,C1,12345,best,158,0UF1FHDPM1A_000030,0.09230867346938776
vggss,C1,12345,best,159,0UeEkqkZmvo_000160,-0.021275510204081638
vggss,C1,12345,best,160,0W1En_XsDnM_000000,0.014094387755102036
vggss,C1,12345,best,161,0W_wPc-zV3I_000101,-0.13136479591836736
vggss,C1,12345,best,162,0Wkk9iNzA9c_000030,0.06588010204081632
vggss,C1,12345,best,163,0Wxl_LzqguI_000288,0.0025892857142857176
vggss,C1,12345,best,164,0XDEooC1h7s_000000,-0.26594387755102045
vggss,C1,12345,best,165,0YTieIiZNN4_000010,0.351186224489796
vggss,C1,12345,best,166,0ZxpQ87jdgQ_000037,0.02700255102040816
vggss,C1,12345,best,167,0_9-dbUW0hU_000030,-0.6442091836734694
vggss,C1,12345,best,168,0_B2YnBAz3A_000220,-0.16125
vggss,C1,12345,best,169,0apGJGFHQO4_000067,-0.3828826530612245
vggss,C1,12345,best,170,0bBJkY4_zs8_000033,-0.2106760204081633
vggss,C1,12345,best,171,0bobzCB2ObQ_000076,-0.2406505102040816
vggss,C1,12345,best,172,0eA2QcSRgh0_000063,0.20429846938775512
vggss,C1,12345,best,173,0eDN0YmnJRY_000002,-0.008022959183673517
vggss,C1,12345,best,174,0g_-KI5NZ-E_000030,-0.16909438775510205
vggss,C1,12345,best,175,0glBUluF4Yk_000175,0.13997448979591837
vggss,C1,12345,best,176,0hfU27A6tus_000070,-0.27383928571428573
vggss,C1,12345,best,177,0hjqlmdPT6g_000050,-0.08602040816326531
vggss,C1,12345,best,178,0iX0QmnbrK4_000085,-0.005331632653061247
vggss,C1,12345,best,179,0jy-sVREk4o_000030,0.0430484693877551
vggss,C1,12345,best,180,0kQkVbOikzQ_000004,-0.15002551020408167
vggss,C1,12345,best,181,0m9-5BkL4Mc_000030,-0.22298469387755104
vggss,C1,12345,best,182,0mNvPaqfwUI_000220,-0.10558673469387753
vggss,C1,12345,best,183,0n-Z2AQCRnU_000385,0.05463010204081632
vggss,C1,12345,best,184,0n56ajMNoMA_000118,-0.015318877551020404
vggss,C1,12345,best,185,0nYltlo90Zc_000147,0.09755102040816327
vggss,C1,12345,best,186,0nYltlo90Zc_000161,-0.07572704081632653
vggss,C1,12345,best,187,0nvBTp-q7tU_000112,-0.34844387755102046
vggss,C1,12345,best,188,0oTdsarJHA4_000220,-0.1294515306122449
vggss,C1,12345,best,189,0olhNr566Z0_000018,-0.23485969387755107
vggss,C1,12345,best,190,0q5kQGcOn2I_000083,0.18390306122448977
vggss,C1,12345,best,191,0q6GOUn_dhU_000066,0.34135204081632653
vggss,C1,12345,best,192,0q9FUj_2qMc_000539,0.03285714285714286
vggss,C1,12345,best,193,0sT6vnChbrc_000000,0.14760204081632655
vggss,C1,12345,best,194,0slFEpnTKkY_000115,0.2607908163265306
vggss,C1,12345,best,195,0teMcpgy9Jo_000058,-0.334030612244898
vggss,C1,12345,best,196,0ti14lvd2Aw_000000,-0.035420918367346954
vggss,C1,12345,best,197,0w9PLY1owzk_000108,-0.19741071428571427
vggss,C1,12345,best,198,0wdNFZhpdQw_000368,-0.027780612244897966
vggss,C1,12345,best,199,0welW-8hB1c_000071,0.036747448979591826
vggss,C1,12345,best,200,0wzsE67O5tE_000230,0.04454081632653062
vggss,C1,12345,best,201,0x9TnOQ5Nhw_000020,-0.07105867346938774
vggss,C1,12345,best,202,0xPWkrfjMu0_000178,0.07014030612244895
vggss,C1,12345,best,203,0yxJzCQW5zI_000030,-0.004936224489795915
vggss,C1,12345,best,204,10YXuv9Go0E_000140,-0.2816326530612245
vggss,C1,12345,best,205,10aBef0Ghkc_000040,-0.35417091836734693
vggss,C1,12345,best,206,10aF24rMeu0_000030,-0.1900892857142857
vggss,C1,12345,best,207,10hGfv89L3g_000030,0.3385714285714286
vggss,C1,12345,best,208,115l3adqQ1M_000417,-0.026875000000000038
vggss,C1,12345,best,209,126AbihZt28_000009,0.06457908163265305
vggss,C1,12345,best,210,12T-9dLEbY8_000020,0.15238520408163267
vggss,C1,12345,best,211,130v5XJl8G0_000070,-0.14335459183673468
vggss,C1,12345,best,212,13W_9xdaOZE_000068,0.13243622448979592
vggss,C1,12345,best,213,14jcqHjMXcI_000000,-0.08459183673469388
vggss,C1,12345,best,214,14lBeX_dOHU_000234,-0.3706505102040817
vggss,C1,12345,best,215,14tRPoQA4q0_000004,0.12073979591836734
vggss,C1,12345,best,216,15Mw2jyyHk0_000030,-0.3029591836734694
vggss,C1,12345,best,217,15pi8h_bHQE_000173,0.2511989795918367
vggss,C1,12345,best,218,169a2JSphHA_000269,0.3996173469387755
vggss,C1,12345,best,219,16CvcIXIjzQ_000332,0.02876275510204082
vggss,C1,12345,best,220,17K-oEuH1p0_000020,-0.15100765306122452
vggss,C1,12345,best,221,17WW_p1N7BQ_000030,0.20405612244897958
vggss,C1,12345,best,222,17yDXvJTdeo_000603,0.16910714285714287
vggss,C1,12345,best,223,18212B4yfLg_000080,-0.08371173469387758
vggss,C1,12345,best,224,18r-Vtspi8g_000030,0.23927295918367347
vggss,C1,12345,best,225,190Zx0wVrhQ_000003,-0.09344387755102043
vggss,C1,12345,best,226,19r6_MQei4M_000119,-0.20267857142857143
vggss,C1,12345,best,227,1ACn3u5UnBw_000030,-0.13752551020408166
vggss,C1,12345,best,228,1CZ-bybGzu4_000030,0.07479591836734692
vggss,C1,12345,best,229,1D6UsaTflJ8_000060,-0.2435586734693878
vggss,C1,12345,best,230,1ETrMAVZdY8_000030,-0.2896683673469388
vggss,C1,12345,best,231,1ErGsKIlhAI_000051,0.10010204081632652
vggss,C1,12345,best,232,1F3_bvIT0ig_000000,0.041492346938775515
vggss,C1,12345,best,233,1F9zCsJyw6k_000230,-0.033724489795918335
vggss,C1,12345,best,234,1FWUnWVX5Xk_000159,-0.22605867346938774
vggss,C1,12345,best,235,1FnA3w94zXI_000030,0.07454081632653062
vggss,C1,12345,best,236,1GDAnA4hAqQ_000105,0.20096938775510206
vggss,C1,12345,best,237,1HUCwslugK8_000283,-0.10455357142857144
vggss,C1,12345,best,238,1Isq_KJHriU_000016,0.07311224489795919
vggss,C1,12345,best,239,1JY4rwQZn3s_000011,0.05312500000000001
vggss,C1,12345,best,240,1JsIcP2nXMw_000108,0.040778061224489764
vggss,C1,12345,best,241,1MTKUN3uFrs_000440,0.18566326530612245
vggss,C1,12345,best,242,1MaEJRh2oGY_000034,0.21933673469387757
vggss,C1,12345,best,243,1MaEJRh2oGY_000089,0.0539795918367347
vggss,C1,12345,best,244,1OFDyTzUj24_000030,-0.010242346938775543
vggss,C1,12345,best,245,1P9yEzO1Bic_000025,-0.04014030612244901
vggss,C1,12345,best,246,1PN-bfs2EhY_000030,0.09306122448979591
vggss,C1,12345,best,247,1Qvce8w_Vds_000011,-0.16521683673469387
vggss,C1,12345,best,248,1RhYdQnZ_hw_000030,0.06730867346938776
vggss,C1,12345,best,249,1SJFTbu1abo_000042,0.148609693877551
vggss,C1,12345,best,250,1TAOyk0Xgss_000370,0.32596938775510204
vggss,C1,12345,best,251,1TJrceFMGrU_000114,0.36279336734693873
vggss,C1,12345,best,252,1Tg9VvRZN5k_000030,-0.4564158163265306
vggss,C1,12345,best,253,1Thl21awe2g_000020,0.3884948979591837
vggss,C1,12345,best,254,1U8Y6VifI-M_000050,-0.022831632653061228
vggss,C1,12345,best,255,1UXkMZNI5o4_000373,-0.2784821428571429
vggss,C1,12345,best,256,1V-_jMSJR6A_000024,0.10631377551020407
vggss,C1,12345,best,257,1VHm2PacRWc_000020,0.3280102040816326
vggss,C1,12345,best,258,1WLMVX_Y2Pk_000018,-0.024017857142857174
vggss,C1,12345,best,259,1_0T2ZIjWnw_000031,-0.1378954081632653
vggss,C1,12345,best,260,1_JeO9Pg1aQ_000020,0.012729591836734694
vggss,C1,12345,best,261,1_Q80fDGLRM_000010,0.07823979591836736
vggss,C1,12345,best,262,1_v-Kro86Io_000010,-0.14781887755102038
vggss,C1,12345,best,263,1_xoCNmTn3Y_000012,0.2853826530612245
vggss,C1,12345,best,264,1_yyvTRVoZQ_000002,0.16769132653061225
vggss,C1,12345,best,265,1_yyvTRVoZQ_000209,-0.02086734693877551
vggss,C1,12345,best,266,1aDnyPubxdY_000118,0.09202806122448981
vggss,C1,12345,best,267,1cqcTbDxsHM_000130,-0.11534438775510203
vggss,C1,12345,best,268,1cwGW0cBdRs_000030,-0.2201785714285714
vggss,C1,12345,best,269,1cxvg7qu0G0_000070,-0.2111607142857143
vggss,C1,12345,best,270,1dyFP4MGkIM_000030,-0.24832908163265305
vggss,C1,12345,best,271,1eBzpkIY-TY_000198,0.1542984693877551
vggss,C1,12345,best,272,1f-L1M-S6RQ_000030,-0.04220663265306122
vggss,C1,12345,best,273,1g3n6Zaqid8_000064,-0.15565051020408163
vggss,C1,12345,best,274,1gSwLBNvEWE_000034,0.04479591836734692
vggss,C1,12345,best,275,1gWu-9hPzFs_000022,0.21448979591836737
vggss,C1,12345,best,276,1hba9jmspEQ_000030,-0.10607142857142855
vggss,C1,12345,best,277,1hknEtsmdOc_000030,0.03663265306122449
vggss,C1,12345,best,278,1hoUEfsTmdE_000030,-0.2534183673469388
vggss,C1,12345,best,279,1hwkxJOl1PY_000020,0.25840561224489794
vggss,C1,12345,best,280,1kTMiyc5eXg_000163,0.4680484693877551
vggss,C1,12345,best,281,1kiR-BU9Fik_000071,-0.02452806122448979
vggss,C1,12345,best,282,1mkIuq3rjUg_000019,-0.05752551020408163
vggss,C1,12345,best,283,1n6JyJt4kJ4_000018,-0.11040816326530611
vggss,C1,12345,best,284,1nUqhH8bAPk_000030,0.18141581632653064
vggss,C1,12345,best,285,1oJAVJPX0YY_000020,-0.053392857142857145
vggss,C1,12345,best,286,1obzCbmFpa8_000410,0.19927295918367346
vggss,C1,12345,best,287,1p3NSKpuJDs_000144,-0.1564030612244898
vggss,C1,12345,best,288,1p5jl5JeZx8_000117,-0.3652933673469388
vggss,C1,12345,best,289,1q8kkQhS97g_000140,-0.1410204081632653
vggss,C1,12345,best,290,1rtXsGC-q3Q_000030,-0.08784438775510203
vggss,C1,12345,best,291,1sukRxLM77w_000021,0.5624107142857143
vggss,C1,12345,best,292,1tC7bTilFWk_000030,-0.020255102040816347
vggss,C1,12345,best,293,1uCzQCdCC1U_000170,-0.14887755102040812
vggss,C1,12345,best,294,1uhuVsFGe6E_000050,-0.12067602040816325
vggss,C1,12345,best,295,1veIcvGPRYw_000003,0.38086734693877544
vggss,C1,12345,best,296,1vrJPFfLMvA_000233,-0.09496173469387753
vggss,C1,12345,best,297,1vrR6Im_RDo_000030,0.24146683673469388
vggss,C1,12345,best,298,1vy-ZxTMQf4_000377,0.09803571428571428
vggss,C1,12345,best,299,1woaZGPrY9g_000002,0.018278061224489786
vggss,C1,12345,best,300,1xS-iGBR2b8_000014,-0.02607142857142855
vggss,C1,12345,best,301,1xYpHbg0fEE_000030,0.3886734693877551
vggss,C1,12345,best,302,1xyVkQJ8A54_000000,0.09383928571428571
vggss,C1,12345,best,303,1yKGjTOk7NY_000030,-0.24595663265306122
vggss,C1,12345,best,304,1yWGmdevTuM_000030,0.2515433673469388
vggss,C1,12345,best,305,1z19uJK6SB0_000076,0.13459183673469388
vggss,C1,12345,best,306,1zQtgRqPHZU_000024,-0.24688775510204083
vggss,C1,12345,best,307,20Nlj7Cz4E0_000030,-0.1994642857142857
vggss,C1,12345,best,308,20qZLse0acs_000030,-0.1061734693877551
vggss,C1,12345,best,309,21I0YiLHzvg_000038,0.042704081632653046
vggss,C1,12345,best,310,24tWz7gmngI_000030,-0.0855357142857143
vggss,C1,12345,best,311,253aGgk7NSE_000010,0.25090561224489794
vggss,C1,12345,best,312,25PvbXDbZO8_000035,0.10480867346938776
vggss,C1,12345,best,313,25QsgUI0x8U_000020,-0.38320153061224493
vggss,C1,12345,best,314,26dqZUTv5os_000175,0.009158163265306121
vggss,C1,12345,best,315,28StN9ykZ68_000094,-0.05729591836734695
vggss,C1,12345,best,316,28ehZa0fzmo_000028,-0.15378826530612244
vggss,C1,12345,best,317,28p0DrP3KgI_000021,0.12396683673469389
vggss,C1,12345,best,318,29MZ0dwOBOM_000112,-0.40049744897959183
vggss,C1,12345,best,319,29ZWMYIEq3g_000141,0.027512755102040813
vggss,C1,12345,best,320,29dwfsI1XlQ_000006,-0.054170918367346936
vggss,C1,12345,best,321,2ACsPTob5cY_000118,-0.08770408163265306
vggss,C1,12345,best,322,2ACsPTob5cY_000349,0.08401785714285716
vggss,C1,12345,best,323,2ASyuuVhr6M_000052,-0.12228316326530612
vggss,C1,12345,best,324,2B-xGbzOjYY_000030,-0.04383928571428572
vggss,C1,12345,best,325,2BR2Ivk_EFA_000021,0.09766581632653062
vggss,C1,12345,best,326,2Bljhdt61Y4_000038,0.11426020408163265
vggss,C1,12345,best,327,2C4aXzGI2eI_000415,-0.21487244897959185
vggss,C1,12345,best,328,2EYGJpU7juM_000130,-0.02315051020408164
vggss,C1,12345,best,329,2HZcxlRs-hg_000030,0.33584183673469387
vggss,C1,12345,best,330,2IEoe3YvCJo_000020,-0.043507653061224505
vggss,C1,12345,best,331,2INpPpv4NRg_000560,0.008609693877551006
vggss,C1,12345,best,332,2ISY5z0QQfc_000101,-0.20465561224489798
vggss,C1,12345,best,333,2Jpg_KvJWL0_000030,-0.1838392857142857
vggss,C1,12345,best,334,2JpvRGz5Dq0_000001,0.11640306122448982
vggss,C1,12345,best,335,2K5Px-N6BEI_000447,-0.287359693877551
vggss,C1,12345,best,336,2KEg1a42Wx0_000288,-0.041607142857142856
vggss,C1,12345,best,337,2LRhkMH48_Q_000030,0.07401785714285715
vggss,C1,12345,best,338,2M0i--pR-To_000037,-0.3472066326530612
vggss,C1,12345,best,339,2MKPKDQcgVc_000036,0.1142857142857143
vggss,C1,12345,best,340,2NESqWU89V0_000338,0.017997448979591844
vggss,C1,12345,best,341,2Oe5kao1ycY_000310,0.0390688775510204
vggss,C1,12345,best,342,2PHV2xNjGVU_000126,-0.061466836734693886
vggss,C1,12345,best,343,2Pl5B1Tpn1U_000024,0.04063775510204082
vggss,C1,12345,best,344,2QuZzkvq_YQ_000000,0.07448979591836735
vggss,C1,12345,best,345,2REf8hLLYMw_000030,0.2762372448979592
vggss,C1,12345,best,346,2RHarmH7DEk_000024,0.001798469387755089
vggss,C1,12345,best,347,2SchRwpsT7s_000048,-0.3008418367346939
vggss,C1,12345,best,348,2Ssh4YWMroo_000030,0.008367346938775506
vggss,C1,12345,best,349,2T8OhRXZDTs_000030,-0.26432397959183673
vggss,C1,12345,best,350,2TprtMP1RDo_000030,0.055739795918367335
vggss,C1,12345,best,351,2U5f3uTl7qg_000167,0.009017857142857147
vggss,C1,12345,best,352,2UvzCdos0nc_000036,0.15571428571428572
vggss,C1,12345,best,353,2VFVe0RCn7g_000010,0.08071428571428571
vggss,C1,12345,best,354,2Vg5WTQZqwI_000022,-0.1940561224489796
vggss,C1,12345,best,355,2VptepDtAZ4_000058,0.19688775510204082
vggss,C1,12345,best,356,2VptepDtAZ4_000071,-0.04127551020408163
vggss,C1,12345,best,357,2Vu6HtlYio4_000219,-0.2059311224489796
vggss,C1,12345,best,358,2W4dw8XuetE_000050,-0.12487244897959185
vggss,C1,12345,best,359,2Wk4Y3_dMuc_000440,-0.02505102040816326
vggss,C1,12345,best,360,2YJpjSldLtg_000495,0.4775892857142857
vggss,C1,12345,best,361,2YW7WBtqzzQ_000000,-0.05191326530612246
vggss,C1,12345,best,362,2YXcqoFlYFY_000160,0.08970663265306122
vggss,C1,12345,best,363,2ZNKLUHeJtg_000030,-0.16330357142857144
vggss,C1,12345,best,364,2ZZEtUCIkUw_000030,0.3096811224489796
vggss,C1,12345,best,365,2ZogsGp-T4o_000040,0.1060204081632653
vggss,C1,12345,best,366,2_RltCGlGOA_000010,-0.3125765306122449
vggss,C1,12345,best,367,2bCuw7U_Rac_000390,-0.28438775510204084
vggss,C1,12345,best,368,2bYyywE97aA_000030,-0.044744897959183676
vggss,C1,12345,best,369,2cEM6Hu90v0_000038,0.29001275510204083
vggss,C1,12345,best,370,2drXOn18U3Q_000136,-0.28915816326530613
vggss,C1,12345,best,371,2eDP3jKoUd4_000030,-0.12339285714285715
vggss,C1,12345,best,372,2eYaXTKSpMI_000004,-0.04715561224489796
vggss,C1,12345,best,373,2es7oZzwLWM_000030,0.2843622448979592
vggss,C1,12345,best,374,2f7NnTVQzR0_000150,0.07600765306122446
vggss,C1,12345,best,375,2ffgd7k0vI8_000040,-0.36247448979591834
vggss,C1,12345,best,376,2g5hx_rynAI_000035,-0.2460969387755102
vggss,C1,12345,best,377,2j4dsRMuj4Y_000079,0.06302295918367348
vggss,C1,12345,best,378,2kHcvpsu_QY_000030,-0.2772704081632653
vggss,C1,12345,best,379,2kQCMxf0onU_000036,-0.21466836734693875
vggss,C1,12345,best,380,2kdJKmgMcxU_000000,-0.0557908163265306
vggss,C1,12345,best,381,2ke9wf3Ajkg_000080,0.0645918367346939
vggss,C1,12345,best,382,2mQ1JOOs6LE_000054,0.17048469387755105
vggss,C1,12345,best,383,2mw1UMcc_Ys_000030,-0.2420408163265306
vggss,C1,12345,best,384,2o4-lEtFb2k_000060,0.007818877551020405
vggss,C1,12345,best,385,2p37j052q3o_000004,-0.05784438775510205
vggss,C1,12345,best,386,2qAlWm3NES8_000034,0.18253826530612247
vggss,C1,12345,best,387,2qHRJAQDCDo_000095,0.17505102040816328
vggss,C1,12345,best,388,2rW2I6KmWhw_000030,-0.006607142857142846
vggss,C1,12345,best,389,2rciuzaEEWo_000025,0.293469387755102
vggss,C1,12345,best,390,2ro_sQ7_vUM_000024,-0.052257653061224485
vggss,C1,12345,best,391,2sKmbnOi5S0_000006,0.10867346938775509
vggss,C1,12345,best,392,2uHcWdkV4W4_000120,-0.31484693877551023
vggss,C1,12345,best,393,2uRe-e8RVEM_000190,0.1671938775510204
vggss,C1,12345,best,394,2vYkvwD-fkc_000010,0.08168367346938776
vggss,C1,12345,best,395,2vcA_vgImHQ_000020,-0.15382653061224494
vggss,C1,12345,best,396,2vycuIKwnnA_000000,0.0667091836734694
vggss,C1,12345,best,397,2wGvpfAkly0_000030,0.007359693877551022
vggss,C1,12345,best,398,2wsp3s4hIKs_000008,0.0914030612244898
vggss,C1,12345,best,399,2xBIHi3oqy4_000030,0.12668367346938775
vggss,C1,12345,best,400,2xQuWif8axE_000030,0.018418367346938747
vggss,C1,12345,best,401,2zec0wuZgLE_000500,0.08378826530612246
vggss,C1,12345,best,402,3-PFuDkTM48_000080,-0.22276785714285707
vggss,C1,12345,best,403,3-qCp_EP-5Q_000234,0.07820153061224488
vggss,C1,12345,best,404,30jlal45IKo_000097,0.16448979591836735
vggss,C1,12345,best,405,31GOxPXDNkk_000068,-0.19931122448979594
vggss,C1,12345,best,406,31O2j4aAgYU_000030,0.06590561224489794
vggss,C1,12345,best,407,31uVf6wvCTA_000208,-0.27830357142857143
vggss,C1,12345,best,408,36ToDxW_hns_000090,-0.021045918367346955
vggss,C1,12345,best,409,387WVkfK-5w_000057,0.10993622448979593
vggss,C1,12345,best,410,38F6eeIR-s0_000030,-0.1941581632653061
vggss,C1,12345,best,411,39jhSrtRm70_000079,0.038813775510204096
vggss,C1,12345,best,412,39rXWSXGOyo_000080,0.11635204081632654
vggss,C1,12345,best,413,3AcKnYk_cLY_000030,-0.017385204081632646
vggss,C1,12345,best,414,3AwevAQzwcs_000030,-0.05811224489795919
vggss,C1,12345,best,415,3AzacBprTzU_000060,0.08200255102040817
vggss,C1,12345,best,416,3ClbaJYWVO4_000030,-0.13794642857142858
vggss,C1,12345,best,417,3DK5YAQAVlI_000080,0.05678571428571429
vggss,C1,12345,best,418,3DTZsjKMOyA_000289,-0.33557397959183677
vggss,C1,12345,best,419,3F9Qszr4j1Q_000030,0.1317219387755102
vggss,C1,12345,best,420,3FE8b0QVvsM_000030,-0.05710459183673469
vggss,C1,12345,best,421,3FNTvu5iROw_000076,0.07024234693877557
vggss,C1,12345,best,422,3GtKbvwaycY_000025,0.23783163265306123
vggss,C1,12345,best,423,3GtKbvwaycY_000037,-0.20568877551020406
vggss,C1,12345,best,424,3GtvLj8K1F4_000140,-0.005420918367346941
vggss,C1,12345,best,425,3H3261x-QgI_000030,0.21957908163265305
vggss,C1,12345,best,426,3HgbEKrbA9s_000054,-0.24647959183673468
vggss,C1,12345,best,427,3IwOig7sw6c_000030,0.10764030612244896
vggss,C1,12345,best,428,3JYjNHFJfO4_000363,0.17202806122448983
vggss,C1,12345,best,429,3KQxT20mY-k_000030,0.2198341836734694
vggss,C1,12345,best,430,3KbSLoAAzy0_000069,0.2028316326530612
vggss,C1,12345,best,431,3LLKsRSkAbE_000110,0.34901785714285716
vggss,C1,12345,best,432,3LNnX2Vq0XM_000000,-0.3064285714285714
vggss,C1,12345,best,433,3LiCT1BSrgQ_000150,-0.16176020408163264
vggss,C1,12345,best,434,3LtXT2KVI-c_000030,0.11751275510204082
vggss,C1,12345,best,435,3LxtO_vMokk_000010,0.12410714285714287
vggss,C1,12345,best,436,3MUeg3nD2OU_000120,-0.24897959183673474
vggss,C1,12345,best,437,3NGZcpAZcl0_000030,0.4169770408163265
vggss,C1,12345,best,438,3NvKtRbbOYU_000310,-0.15424744897959186
vggss,C1,12345,best,439,3O7CzEL0pXA_000421,-0.15303571428571427
vggss,C1,12345,best,440,3O7CzEL0pXA_000496,0.088890306122449
vggss,C1,12345,best,441,3OlQmVVOzbQ_000250,-0.12035714285714287
vggss,C1,12345,best,442,3PD-JrOG1WA_000000,-0.05512755102040816
vggss,C1,12345,best,443,3Pfu7BPWvL8_000036,0.016415816326530608
vggss,C1,12345,best,444,3QEd9nR_p7w_000018,-0.34737244897959185
vggss,C1,12345,best,445,3RSmQOcI9JI_000105,-0.21364795918367346
vggss,C1,12345,best,446,3RfBwL7tXuk_000188,0.1545535714285714
vggss,C1,12345,best,447,3RfrTU1p5SA_000500,0.015076530612244891
vggss,C1,12345,best,448,3S-yoXKDvE4_000025,-0.5012117346938776
vggss,C1,12345,best,449,3S3cX2QxOoA_000000,-0.06377551020408162
vggss,C1,12345,best,450,3SyOlb_hSjg_000030,0.1252423469387755
vggss,C1,12345,best,451,3T3hm1hHCto_000228,0.1967729591836735
vggss,C1,12345,best,452,3T7FYQRx0YM_000033,0.06317602040816325
vggss,C1,12345,best,453,3T8XhCkaA8M_000030,0.14808673469387756
vggss,C1,12345,best,454,3UCK4XCrvoc_000030,0.1813265306122449
vggss,C1,12345,best,455,3VfSV1vJydw_000191,-0.26982142857142855
vggss,C1,12345,best,456,3Vpt-gR-8Lk_000030,-0.003711734693877561
vggss,C1,12345,best,457,3X9dtfeV1mQ_000040,0.29843112244897957
vggss,C1,12345,best,458,3XhpZyBrIVk_000018,-0.2053188775510204
vggss,C1,12345,best,459,3YI7HlxdMxQ_000208,0.19568877551020408
vggss,C1,12345,best,460,3c6dQju-FYU_000021,0.05577806122448981
vggss,C1,12345,best,461,3cThgRIaqgU_000016,0.12434948979591838
vggss,C1,12345,best,462,3eaA8bsLJBA_000042,-0.09641581632653062
vggss,C1,12345,best,463,3g3cr1rw3HU_000105,0.034272959183673464
vggss,C1,12345,best,464,3gR0QBgrzYQ_000020,-0.3671173469387755
vggss,C1,12345,best,465,3gjFMkV2ucY_000030,-0.08198979591836734
vggss,C1,12345,best,466,3h1-zP8M-yU_000020,-0.11966836734693877
vggss,C1,12345,best,467,3k8zGf8Btfo_000250,-0.10557397959183674
vggss,C1,12345,best,468,3mCWARDySc8_000059,0.097359693877551
vggss,C1,12345,best,469,3mDPQ_CPopw_000030,0.007372448979591828
vggss,C1,12345,best,470,3mENYq_Ta3s_000012,0.06336734693877552
vggss,C1,12345,best,471,3mkiTkMVemM_000030,-0.12769132653061227
vggss,C1,12345,best,472,3mtdpXbogzk_000180,-0.2823724489795918
vggss,C1,12345,best,473,3njuN-F2Ecs_000332,-0.09443877551020408
vggss,C1,12345,best,474,3oGWyWYbFyk_000006,0.23951530612244898
vggss,C1,12345,best,475,3oaky81Equ8_000016,0.030599489795918353
vggss,C1,12345,best,476,3oaky81Equ8_000045,-0.13723214285714286
vggss,C1,12345,best,477,3otUlQ4wvLY_000030,0.2340433673469388
vggss,C1,12345,best,478,3p3A4QDXw-g_000030,-0.0056760204081632674
vggss,C1,12345,best,479,3ptxRyVuU0w_000520,0.008877551020408159
vggss,C1,12345,best,480,3qEb6Y-D7Mw_000050,0.07721938775510204
vggss,C1,12345,best,481,3qesirWAGt4_000020,0.1543112244897959
vggss,C1,12345,best,482,3sQrJVyxju0_000065,0.09113520408163261
vggss,C1,12345,best,483,3sYnYraOuIo_000510,0.1979719387755102
vggss,C1,12345,best,484,3sz7nQTcwcE_000009,-0.23775510204081632
vggss,C1,12345,best,485,3t6pqBKV0kY_000030,-0.21626275510204082
vggss,C1,12345,best,486,3twm2ErD0kM_000154,-0.23445153061224488
vggss,C1,12345,best,487,3uLmjElob2Q_000004,-0.027653061224489767
vggss,C1,12345,best,488,3uuyQ4O0L68_000030,-0.25145408163265304
vggss,C1,12345,best,489,3vDDWN5GKAA_000139,0.20377551020408163
vggss,C1,12345,best,490,3vLc6D64xcs_000330,-0.05471938775510203
vggss,C1,12345,best,491,3vpG1PgFF34_000030,-0.23769132653061223
vggss,C1,12345,best,492,3xh2kScw64U_000030,-0.06886479591836733
vggss,C1,12345,best,493,3ypSlMWAZeo_000239,0.005752551020408163
vggss,C1,12345,best,494,4-DcTjFR4qw_000100,-0.023903061224489812
vggss,C1,12345,best,495,4-SlE4qtKvw_000222,-0.004043367346938775
vggss,C1,12345,best,496,4-SlE4qtKvw_000239,-0.2289923469387755
vggss,C1,12345,best,497,40s88hEcn5I_000170,-0.21571428571428572
vggss,C1,12345,best,498,40sAH2ZB0Pg_000030,-0.570969387755102
vggss,C1,12345,best,499,42vB40Fkdis_000076,0.2112244897959184
vggss,C1,12345,best,500,448X3t13rlk_000325,-0.08278061224489795
vggss,C1,12345,best,501,44Nt8WOHyyU_000040,-0.1537627551020408
vggss,C1,12345,best,502,45JHcLU57B8_000020,0.08068877551020408
vggss,C1,12345,best,503,45vBbOhzS6g_000050,-0.1588392857142857
vggss,C1,12345,best,504,466XkuormNQ_000030,0.1847066326530612
vggss,C1,12345,best,505,46t-4NFQ9_w_000002,-0.17434948979591836
vggss,C1,12345,best,506,46zbt7TQHRs_000000,0.09478316326530613
vggss,C1,12345,best,507,476vNb6thyM_000030,0.24674744897959183
vggss,C1,12345,best,508,47mYYtNAp_4_000000,0.2175892857142857
vggss,C1,12345,best,509,48zE-hRAYEA_000030,0.02660714285714287
vggss,C1,12345,best,510,49PCE6AXrGw_000030,0.13252551020408165
vggss,C1,12345,best,511,4BFOgNwhpkQ_000303,-0.13882653061224487
vggss,C1,12345,best,512,4BFOgNwhpkQ_000336,0.049668367346938774
vggss,C1,12345,best,513,4BUKAcdGfaI_000009,0.11480867346938775
vggss,C1,12345,best,514,4DKN1qAMQig_000021,0.08896683673469388
vggss,C1,12345,best,515,4GPDqOodSUU_000140,-0.06346938775510205
vggss,C1,12345,best,516,4GclkzsR830_000030,-0.16255102040816327
vggss,C1,12345,best,517,4GxRRVp3hD4_000018,0.23427295918367347
vggss,C1,12345,best,518,4IJCSuJoo9o_000002,0.33658163265306124
vggss,C1,12345,best,519,4JTxc-TKxPo_000092,0.04385204081632654
vggss,C1,12345,best,520,4K6nNmzeTk0_000030,-0.1422704081632653
vggss,C1,12345,best,521,4K88ptVpPn8_000145,-0.2121301020408164
vggss,C1,12345,best,522,4L9KyVVsQOc_000030,0.32394132653061225
vggss,C1,12345,best,523,4LnCvnu9QOo_000010,0.06681122448979596
vggss,C1,12345,best,524,4Mj0Eu8AThg_000002,0.35085459183673473
vggss,C1,12345,best,525,4O-dYCrVKLY_000030,0.27713010204081634
vggss,C1,12345,best,526,4P518ZMug-U_000115,-0.07417091836734695
vggss,C1,12345,best,527,4PYTtp78Ig0_000060,0.2429464285714286
vggss,C1,12345,best,528,4Psj5jYa7a4_000020,-0.2086734693877551
vggss,C1,12345,best,529,4Q1DDOpej1o_000000,-0.3754974489795918
vggss,C1,12345,best,530,4RWpCBNrYSM_000174,-0.4254719387755102
vggss,C1,12345,best,531,4TgXgwVndiw_000160,-0.08711734693877551
vggss,C1,12345,best,532,4Tpy1lsfcSM_000030,-0.2298214285714285
vggss,C1,12345,best,533,4U7GK4-5No4_000046,-0.0034821428571428573
vggss,C1,12345,best,534,4UCZF_UnG10_000027,-0.1292091836734694
vggss,C1,12345,best,535,4ViTIFEK5Fo_000090,-0.05632653061224491
vggss,C1,12345,best,536,4Vq6WDtxTt4_000030,0.20705357142857145
vggss,C1,12345,best,537,4WH0ZxvF9Nw_000003,0.19651785714285713
vggss,C1,12345,best,538,4WRgvRI06zc_000030,-0.3026530612244898
vggss,C1,12345,best,539,4WsPXawPBF8_000005,0.00776785714285716
vggss,C1,12345,best,540,4YHYnWM_jMQ_000083,0.02246173469387755
vggss,C1,12345,best,541,4ZJrKmDGdA4_000140,-0.06872448979591836
vggss,C1,12345,best,542,4_6e0icNw7Q_000182,0.01807397959183674
vggss,C1,12345,best,543,4_cfXx3iLes_000030,0.4124872448979592
vggss,C1,12345,best,544,4_f33b75_LY_000160,-0.0065688775510204245
vggss,C1,12345,best,545,4azTRWgh-9I_000000,-0.03461734693877551
vggss,C1,12345,best,546,4cgDBRTdmq0_000221,-0.17963010204081634
vggss,C1,12345,best,547,4dGlrvX_EfI_000020,0.0569387755102041
vggss,C1,12345,best,548,4dVhbo5rq7w_000212,0.046607142857142875
vggss,C1,12345,best,549,4ep09nZl3LA_000030,-0.02724489795918368
vggss,C1,12345,best,550,4euUZgSSuIw_000160,0.008086734693877579
vggss,C1,12345,best,551,4ewhrrQCJic_000120,-0.0632780612244898
vggss,C1,12345,best,552,4go6CQ_RhYQ_000250,-0.3910841836734694
vggss,C1,12345,best,553,4h550TCCd9w_000153,-0.30598214285714287
vggss,C1,12345,best,554,4hYiaSYueCE_000216,-0.01556122448979591
vggss,C1,12345,best,555,4i9DgH80kDg_000030,-0.2571045918367347
vggss,C1,12345,best,556,4jKkc7qQQ88_000016,0.023124999999999993
vggss,C1,12345,best,557,4k74Cvw2rLU_000160,0.11816326530612245
vggss,C1,12345,best,558,4kGozLe1X_Q_000073,-0.28738520408163265
vggss,C1,12345,best,559,4lchD4CmjDc_000010,0.05868622448979591
vggss,C1,12345,best,560,4mCpxmwhci4_000049,0.37350765306122446
vggss,C1,12345,best,561,4nlB8qkQJ9s_000020,-0.09028061224489797
vggss,C1,12345,best,562,4p8n4Zf-WMM_000190,-0.07863520408163265
vggss,C1,12345,best,563,4q4ejLxTo8I_000010,-0.03704081632653061
vggss,C1,12345,best,564,4q9NPjOpWy8_000146,0.2894260204081633
vggss,C1,12345,best,565,4qaiLMEce6Y_000025,0.10348214285714286
vggss,C1,12345,best,566,4t1VqRz4w2g_000030,-0.33223214285714286
vggss,C1,12345,best,567,4tHvsHkl8L0_000027,-0.04813775510204085
vggss,C1,12345,best,568,4tKvAMmAUMM_000030,-0.1730484693877551
vggss,C1,12345,best,569,4tOFGK47I5E_000005,-0.12721938775510205
vggss,C1,12345,best,570,4thEVesl7yA_000001,-0.13112244897959183
vggss,C1,12345,best,571,4uihL55gcWo_000028,-0.03871173469387755
vggss,C1,12345,best,572,4v1VgwCvm_U_000030,-0.06457908163265302
vggss,C1,12345,best,573,4vsI0Kwn8jY_000030,-0.0018494897959183687
vggss,C1,12345,best,574,4vzHgTC_16s_000010,-0.10456632653061224
vggss,C1,12345,best,575,4wozMD0enDU_000000,0.1690051020408163
vggss,C1,12345,best,576,4xWlOt4GOzs_000094,0.045051020408163264
vggss,C1,12345,best,577,4xWlOt4GOzs_000203,0.597359693877551
vggss,C1,12345,best,578,4z8HTrCvEsc_000012,-0.09624999999999999
vggss,C1,12345,best,579,4z8HTrCvEsc_000097,0.23707908163265304
vggss,C1,12345,best,580,5-FHy1Q61n8_000114,0.054732142857142854
vggss,C1,12345,best,581,5055BM1GUWc_000079,-0.08039540816326532
vggss,C1,12345,best,582,51NV5b5e5As_000050,-0.0580484693877551
vggss,C1,12345,best,583,51nfpGY_AJk_000080,-0.04683673469387755
vggss,C1,12345,best,584,52GtuAAT-94_000042,-0.012742346938775517
vggss,C1,12345,best,585,534-Tg2cSto_000030,0.002780612244897951
vggss,C1,12345,best,586,53KoRxxr1jc_000030,0.060663265306122455
vggss,C1,12345,best,587,55L7peYRB_Q_000120,0.03622448979591836
vggss,C1,12345,best,588,55l9j-CggDQ_000030,0.025535714285714297
vggss,C1,12345,best,589,573QotnRHDY_000030,-0.10095663265306122
vggss,C1,12345,best,590,59iKy1LlNpo_000031,-0.26271683673469387
vggss,C1,12345,best,591,5A0sMC5olxI_000380,0.12389030612244897
vggss,C1,12345,best,592,5AWSzMZZgCA_000077,-0.21835459183673472
vggss,C1,12345,best,593,5AdvAAdZ8Xs_000570,-0.010688775510204071
vggss,C1,12345,best,594,5BLIgNC4-4w_000160,-0.17656887755102038
vggss,C1,12345,best,595,5BaYRFSfA68_000206,-0.002028061224489827
vggss,C1,12345,best,596,5C58IGwUCFY_000030,0.14720663265306122
vggss,C1,12345,best,597,5CffrmMy0n4_000142,-0.08447704081632654
vggss,C1,12345,best,598,5CffrmMy0n4_000164,0.20595663265306122
vggss,C1,12345,best,599,5DN1Q9s5B20_000030,-0.4359311224489796
vggss,C1,12345,best,600,5DW8WjxxCag_000030,-0.1530484693877551
vggss,C1,12345,best,601,5DjZHCumLfs_000011,-0.24238520408163267
vggss,C1,12345,best,602,5FEZg17q5hA_000260,-0.06811224489795918
vggss,C1,12345,best,603,5FlNBuS7YgM_000140,-0.34410714285714283
vggss,C1,12345,best,604,5G-00T0zJ14_000030,0.0766198979591837
vggss,C1,12345,best,605,5GLnohP0IkU_000030,0.021096938775510207
vggss,C1,12345,best,606,5Gu-I_I3I7Q_000029,0.17728316326530613
vggss,C1,12345,best,607,5GyhFsJoiYc_000044,0.04859693877551022
vggss,C1,12345,best,608,5HQ0rDexH84_000184,0.1115561224489796
vggss,C1,12345,best,609,5Hr6HKMTS18_000400,0.07434948979591838
vggss,C1,12345,best,610,5Hvz5Dn0IHA_000118,-0.0750765306122449
vggss,C1,12345,best,611,5IGRrTij-24_000030,0.07056122448979593
vggss,C1,12345,best,612,5JHMkSN2rdc_000074,-0.060969387755102036
vggss,C1,12345,best,613,5JHMkSN2rdc_000089,0.18321428571428572
vggss,C1,12345,best,614,5JaMY3ZmbXM_000188,0.11253826530612249
vggss,C1,12345,best,615,5KdvPp1_JeI_000184,-0.13383928571428572
vggss,C1,12345,best,616,5KeG0Q_mzgg_000300,-0.3522066326530612
vggss,C1,12345,best,617,5LPLWyCFT7A_000022,-0.03646683673469389
vggss,C1,12345,best,618,5LvUzlaQzok_000230,0.011224489795918363
vggss,C1,12345,best,619,5MMIZJ0zCZk_000030,0.1646811224489796
vggss,C1,12345,best,620,5NQBuAOle3E_000008,0.29517857142857146
vggss,C1,12345,best,621,5NyjOIjRKKM_000018,0.1578954081632653
vggss,C1,12345,best,622,5PhDkTZcLFE_000147,-0.11526785714285714
vggss,C1,12345,best,623,5QNq0IEPICQ_000030,-0.02114795918367346
vggss,C1,12345,best,624,5QeFh-ZAf8E_000380,-0.12264030612244897
vggss,C1,12345,best,625,5R3bR-rkqIk_000146,-0.10400510204081634
vggss,C1,12345,best,626,5R3bR-rkqIk_000170,0.06965561224489794
vggss,C1,12345,best,627,5RAfE1H_CTA_000006,-0.12396683673469389
vggss,C1,12345,best,628,5V0xKS-FGMk_000030,-0.12818877551020408
vggss,C1,12345,best,629,5VCZHHd4UKI_000098,0.019540816326530618
vggss,C1,12345,best,630,5VYm2PFJ9iM_000376,-0.21934948979591834
vggss,C1,12345,best,631,5X7flUpy7Ts_000002,0.04443877551020406
vggss,C1,12345,best,632,5X7flUpy7Ts_000015,0.2767219387755102
vggss,C1,12345,best,633,5__UnpOFMZo_000005,-0.04927295918367347
vggss,C1,12345,best,634,5aEBWi9H0rg_000460,-0.11855867346938775
vggss,C1,12345,best,635,5bSfEeWEtUg_000028,-0.002487244897959179
vggss,C1,12345,best,636,5d8P-k6MNIQ_000120,0.08623724489795917
vggss,C1,12345,best,637,5fLzQegwHUg_000030,0.06235969387755101
vggss,C1,12345,best,638,5faEEBTatTg_000004,0.07825255102040816
vggss,C1,12345,best,639,5g20l907PQM_000028,-0.005000000000000011
vggss,C1,12345,best,640,5gJ_PWgJWIw_000420,0.21683673469387754
vggss,C1,12345,best,641,5gsfdVBThoI_000203,-0.1573469387755102
vggss,C1,12345,best,642,5hFnrhyWv3c_000027,-0.15081632653061228
vggss,C1,12345,best,643,5hLkSi3BcWA_000021,0.06062500000000001
vggss,C1,12345,best,644,5i5ZKyhw_gg_000113,-0.019489795918367317
vggss,C1,12345,best,645,5iTVbHhYhC4_000030,0.04798469387755104
vggss,C1,12345,best,646,5iwbk0HAdNc_000000,-0.02139030612244898
vggss,C1,12345,best,647,5j-4OJ7XpDM_000222,0.10964285714285714
vggss,C1,12345,best,648,5jQIuYPAODg_000030,0.37807397959183675
vggss,C1,12345,best,649,5jpljP-cYyA_000410,-0.02193877551020406
vggss,C1,12345,best,650,5jrESZzRxq4_000017,0.05566326530612245
vggss,C1,12345,best,651,5kzHSZIhArw_000163,-0.0161734693877551
vggss,C1,12345,best,652,5lyszxMsT20_000110,-0.05452806122448979
vggss,C1,12345,best,653,5oPlF8LSdmg_000094,-0.14751275510204082
vggss,C1,12345,best,654,5ott6Y1gZcY_000218,-0.18910714285714286
vggss,C1,12345,best,655,5q2l2Meutsc_000214,0.20377551020408163
vggss,C1,12345,best,656,5qVc9y3TNnY_000030,-0.035969387755102035
vggss,C1,12345,best,657,5qWSbdY3IvQ_000005,0.21014030612244897
vggss,C1,12345,best,658,5sa8jQUZ1Bg_000035,0.06516581632653061
vggss,C1,12345,best,659,5uOe6-ISwyw_000240,-0.05816326530612245
vggss,C1,12345,best,660,5uRkBz98fCk_000024,0.2174107142857143
vggss,C1,12345,best,661,5uUROIui4Z0_000002,0.1430612244897959
vggss,C1,12345,best,662,5wC1sG4US3Y_000205,-0.5322321428571428
vggss,C1,12345,best,663,5x2orPz0jq0_000012,-0.19885204081632654
vggss,C1,12345,best,664,5xVe-bGbbYA_000045,-0.1492729591836735
vggss,C1,12345,best,665,5z1rE_l-0Ow_000000,-0.2000510204081633
vggss,C1,12345,best,666,6-RIiM19Be8_000160,0.20048469387755102
vggss,C1,12345,best,667,60AkV1YbZlU_000006,0.009540816326530616
vggss,C1,12345,best,668,61AWnBVuJL0_000040,0.2684566326530612
vggss,C1,12345,best,669,61d0zvVfnVA_000140,0.05034438775510203
vggss,C1,12345,best,670,63Qy15I3QGE_000030,0.23336734693877548
vggss,C1,12345,best,671,63Wmu5s4e88_000162,-0.11028061224489794
vggss,C1,12345,best,672,63rqIYPHvlc_000030,-0.09780612244897958
vggss,C1,12345,best,673,63xbVEyvD24_000030,-0.17977040816326534
vggss,C1,12345,best,674,64E7E2yd7cQ_000030,-0.1144387755102041
vggss,C1,12345,best,675,682ODyTqKyw_000130,0.012755102040816313
vggss,C1,12345,best,676,68jDXIGUBMo_000082,-0.05696428571428573
vggss,C1,12345,best,677,695GiTHasWE_000066,-0.01963010204081634
vggss,C1,12345,best,678,6BCoBGdvyiQ_000162,0.17289540816326532
vggss,C1,12345,best,679,6BXR7JlTiBQ_000009,-0.13626275510204083
vggss,C1,12345,best,680,6BXR7JlTiBQ_000590,0.1661734693877551
vggss,C1,12345,best,681,6BaY9WneGaQ_000140,0.19809948979591838
vggss,C1,12345,best,682,6Bh50bxvod4_000070,0.2437755102040816
vggss,C1,12345,best,683,6BitLl5Bnxw_000030,0.08336734693877551
vggss,C1,12345,best,684,6BlGk51vrbY_000275,0.17767857142857144
vggss,C1,12345,best,685,6Cnvft_h2M0_000055,0.01872448979591837
vggss,C1,12345,best,686,6DXkv8hTM0k_000003,-0.09701530612244896
vggss,C1,12345,best,687,6DwlcJyDyxc_000290,-0.0013265306122449
vggss,C1,12345,best,688,6E2jKYWemGI_000320,-0.04970663265306122
vggss,C1,12345,best,689,6EIgJvYx4AE_000551,0.06008928571428569
vggss,C1,12345,best,690,6EQR7Hz4xIM_000051,-0.05827806122448981
vggss,C1,12345,best,691,6EwAjQDFHcs_000140,0.12477040816326529
vggss,C1,12345,best,692,6FUmapkqPn0_000080,0.3029081632653061
vggss,C1,12345,best,693,6FlgBpUP9G4_000041,-0.2868239795918367
vggss,C1,12345,best,694,6G1N9npWG2E_000030,-0.08433673469387754
vggss,C1,12345,best,695,6GjsjhAbXRo_000020,-0.15183673469387754
vggss,C1,12345,best,696,6GoWuxmiXRc_000070,-0.06973214285714287
vggss,C1,12345,best,697,6HA2HwIJ2Mw_000006,-0.25307397959183675
vggss,C1,12345,best,698,6HQqly6duac_000199,0.32894132653061225
vggss,C1,12345,best,699,6HuIs2xW5kI_000086,-0.09785714285714286
vggss,C1,12345,best,700,6HuIs2xW5kI_000104,0.3514668367346939
vggss,C1,12345,best,701,6I9BFjKBjLY_000037,-0.05528061224489797
vggss,C1,12345,best,702,6KiFICzs6UI_000150,0.40696428571428567
vggss,C1,12345,best,703,6LhWo-WzgLU_000034,-0.16520408163265307
vggss,C1,12345,best,704,6M4vQCuhOSw_000160,0.18609693877551023
vggss,C1,12345,best,705,6ODACANcE7Q_000221,0.11877551020408163
vggss,C1,12345,best,706,6OgSNQOTw2U_000060,0.16616071428571427
vggss,C1,12345,best,707,6P6z2S6XLIs_000264,-0.06604591836734694
vggss,C1,12345,best,708,6QvSd79Ocw8_000030,0.5011734693877552
vggss,C1,12345,best,709,6R8cO4ARzkY_000030,-0.1150127551020408
vggss,C1,12345,best,710,6RDnl3NFgsY_000054,-0.17036989795918367
vggss,C1,12345,best,711,6TUnFZqFhGg_000354,0.1327933673469388
vggss,C1,12345,best,712,6TrIWYcBxBM_000010,-0.07619897959183672
vggss,C1,12345,best,713,6Upef-zCzLM_000014,0.017997448979591824
vggss,C1,12345,best,714,6V9JinlbpHw_000082,-0.2562372448979592
vggss,C1,12345,best,715,6VycuUJbRjI_000030,0.030063775510204095
vggss,C1,12345,best,716,6Yk15FbL2yw_000081,-0.2740051020408163
vggss,C1,12345,best,717,6Z8wLKsHcbw_000075,0.13642857142857143
vggss,C1,12345,best,718,6ZAzQ_xUCUo_000145,-0.04404336734693877
vggss,C1,12345,best,719,6ZDqSPh5u20_000022,0.2560841836734694
vggss,C1,12345,best,720,6_TGlFO0DCk_000010,-0.06653061224489795
vggss,C1,12345,best,721,6_WjTR_-4hQ_000030,-0.1603698979591837
vggss,C1,12345,best,722,6a5b72cfSbk_000039,-0.12627551020408162
vggss,C1,12345,best,723,6ayVxYbKBe0_000030,-0.4150637755102041
vggss,C1,12345,best,724,6azSzS5ZjN0_000051,0.09150510204081633
vggss,C1,12345,best,725,6b-072VA4UA_000022,-0.2683673469387755
vggss,C1,12345,best,726,6dFdcTWdues_000400,0.08670918367346939
vggss,C1,12345,best,727,6dFyXSkUu14_000000,0.19586734693877553
vggss,C1,12345,best,728,6dhU9_K2uw8_000030,0.41536989795918366
vggss,C1,12345,best,729,6dwkWDQSjkA_000057,-0.15200255102040816
vggss,C1,12345,best,730,6e8U65rgekA_000046,-0.1052168367346939
vggss,C1,12345,best,731,6gAQiZDRvXI_000011,0.35512755102040816
vggss,C1,12345,best,732,6gBqjgsHL2k_000030,0.07158306407757714
vggss,C1,12345,best,733,6hZQHsHfuSo_000175,-0.18201530612244898
vggss,C1,12345,best,734,6hyBe3FO-xI_000030,-0.18372448979591838
vggss,C1,12345,best,735,6iZZQvXNBnI_000009,0.03547193877551019
vggss,C1,12345,best,736,6jNme_qT8VU_000290,0.14975765306122452
vggss,C1,12345,best,737,6jirqq-c7E0_000290,-0.2000127551020408
vggss,C1,12345,best,738,6k54aEMkp-w_000115,-0.1134438775510204
vggss,C1,12345,best,739,6kXUG1Zo6VA_000000,-0.07622448979591837
vggss,C1,12345,best,740,6kuESYFcEqw_000030,0.020650510204081624
vggss,C1,12345,best,741,6l5RWxeju8U_000020,-0.027359693877551022
vggss,C1,12345,best,742,6m3-rzozCRE_000020,-0.14554846938775512
vggss,C1,12345,best,743,6mbQDmij4oQ_000010,0.2659948979591837
vggss,C1,12345,best,744,6psjy93yoTA_000030,0.45228316326530615
vggss,C1,12345,best,745,6ptv5WYOzoI_000023,-0.15235969387755102
vggss,C1,12345,best,746,6r-V0mrdTnQ_000119,-0.17960459183673466
vggss,C1,12345,best,747,6rpRjYMA3n4_000073,-0.08669642857142856
vggss,C1,12345,best,748,6s2pBWctGDM_000006,0.057831632653061224
vggss,C1,12345,best,749,6taAP7SFewI_000030,0.4755867346938776
vggss,C1,12345,best,750,6ty4Rhu7Y5Q_000014,0.08068877551020409
vggss,C1,12345,best,751,6uB3h15H90k_000102,0.15612244897959185
vggss,C1,12345,best,752,6uMAVCznTbA_000480,-0.21919642857142857
vggss,C1,12345,best,753,6vFwzk19b4A_000010,0.3479591836734694
vggss,C1,12345,best,754,6vl7eSBL-ag_000090,-0.09727040816326529
vggss,C1,12345,best,755,6wO8ORMfyFI_000430,-0.05576530612244899
vggss,C1,12345,best,756,6wRJg4fbELE_000003,0.11633928571428571
vggss,C1,12345,best,757,6wRJg4fbELE_000196,0.0015816326530612157
vggss,C1,12345,best,758,6wg3GJZk7Q0_000001,0.09159438775510204
vggss,C1,12345,best,759,6xEHP-C-ZuU_000030,0.19147959183673469
vggss,C1,12345,best,760,6xL7BK7WeMU_000001,-0.0800765306122449
vggss,C1,12345,best,761,6zTszR6wgys_000200,-0.11053571428571429
vggss,C1,12345,best,762,6zlMP_kQ_-w_000030,-0.13206632653061226
vggss,C1,12345,best,763,7-Ly3ICovLE_000030,0.15128826530612247
vggss,C1,12345,best,764,7-vFjIl7wCI_000021,0.0077551020408163085
vggss,C1,12345,best,765,7-z44NWB-84_000107,0.1513392857142857
vggss,C1,12345,best,766,7-z44NWB-84_000170,0.24789540816326527
vggss,C1,12345,best,767,70CtvdsGQf4_000002,0.2202423469387755
vggss,C1,12345,best,768,70SeDyvtqi8_000205,-0.01010204081632654
vggss,C1,12345,best,769,72baZt5rKAs_000260,0.2263137755102041
vggss,C1,12345,best,770,73cuZZq-J3w_000020,-0.2835586734693878
vggss,C1,12345,best,771,74j6uEsqh4M_000120,0.11501275510204081
vggss,C1,12345,best,772,74p3DLeDCHE_000030,0.034681122448979584
vggss,C1,12345,best,773,75AjL_RBmfA_000059,0.06933673469387756
vggss,C1,12345,best,774,75PJeJ2hGcw_000030,0.14526785714285712
vggss,C1,12345,best,775,77lgNFP6Tts_000119,-0.29714285714285715
vggss,C1,12345,best,776,784FrdBASsk_000097,0.45667091836734697
vggss,C1,12345,best,777,7916WqcPKBA_000030,0.13596938775510203
vggss,C1,12345,best,778,799dPLm5vs4_000002,0.1456887755102041
vggss,C1,12345,best,779,7AhpZQt1Ml0_000120,0.04230867346938777
vggss,C1,12345,best,780,7B_3t_ELwxA_000030,-0.5455612244897959
vggss,C1,12345,best,781,7CBrxJI9Pxs_000163,-0.09252551020408167
vggss,C1,12345,best,782,7CRVoUCXg_A_000030,-0.24034438775510203
vggss,C1,12345,best,783,7EgbS-lbHWY_000005,0.15447704081632652
vggss,C1,12345,best,784,7GZdzd_wcBg_000230,-0.21889030612244897
vggss,C1,12345,best,785,7Gua0-UrKIw_000030,0.019846938775510192
vggss,C1,12345,best,786,7HF6OiDKaQA_000232,0.25338010204081635
vggss,C1,12345,best,787,7I2yJgXKncw_000021,-0.08372448979591836
vggss,C1,12345,best,788,7IUnipVNZoo_000112,0.31315051020408163
vggss,C1,12345,best,789,7JqR7JlgRlE_000030,-0.00024234693877556168
vggss,C1,12345,best,790,7LWqCLxcNXc_000019,0.02084183673469387
vggss,C1,12345,best,791,7LsJrF1AwZg_000030,-0.18933673469387755
vggss,C1,12345,best,792,7LsexUAG4ps_000032,-0.055727040816326526
vggss,C1,12345,best,793,7MT92mDKdKU_000106,0.02516581632653061
vggss,C1,12345,best,794,7OqOXtp8_tk_000030,-0.17386479591836734
vggss,C1,12345,best,795,7OqsePnrOSo_000061,0.05945153061224491
vggss,C1,12345,best,796,7PK3nvCihMk_000011,0.2819387755102041
vggss,C1,12345,best,797,7P_SwPV1FcU_000000,0.08434948979591836
vggss,C1,12345,best,798,7QnyKZe6VBA_000030,-0.03280612244897959
vggss,C1,12345,best,799,7QpwDHOfZeg_000350,0.1607142857142857
vggss,C1,12345,best,800,7R11YUfwU50_000164,0.08757653061224493
vggss,C1,12345,best,801,7RNTXUuCKoQ_000029,-0.14978316326530614
vggss,C1,12345,best,802,7SKRc8oyLvE_000009,-0.145
vggss,C1,12345,best,803,7SLiFO2MoHc_000017,-0.03988520408163266
vggss,C1,12345,best,804,7SR2Nk3gkQ4_000187,-0.14948979591836736
vggss,C1,12345,best,805,7S_iHrdfrvQ_000030,0.11096938775510205
vggss,C1,12345,best,806,7Soo7mXCnq0_000063,-0.5724489795918367
vggss,C1,12345,best,807,7T04388Ijk8_000030,0.005522959183673445
vggss,C1,12345,best,808,7T5uQKw-DOg_000338,0.2092219387755102
vggss,C1,12345,best,809,7UoFNdp0UYg_000020,0.06848214285714285
vggss,C1,12345,best,810,7V0G65FK2VQ_000000,-0.2510841836734694
vggss,C1,12345,best,811,7VMWi8xm0NM_000020,0.3209311224489796
vggss,C1,12345,best,812,7XQN9XDnRm4_000080,-0.023278061224489797
vggss,C1,12345,best,813,7_szvK1eHfw_000354,0.15017857142857144
vggss,C1,12345,best,814,7fLnFGd79-s_000018,0.011747448979591846
vggss,C1,12345,best,815,7fLnFGd79-s_000056,0.37239795918367347
vggss,C1,12345,best,816,7fRaV39Y-2o_000050,0.15890306122448983
vggss,C1,12345,best,817,7fft0a682rE_000000,0.12542091836734695
vggss,C1,12345,best,818,7gTiMEazgmE_000030,-0.31882653061224486
vggss,C1,12345,best,819,7gr6ZOKZwuQ_000010,0.05580357142857143
vggss,C1,12345,best,820,7hIUlBvcT5k_000106,-0.0789923469387755
vggss,C1,12345,best,821,7ivVufYPEnA_000268,-0.8199234693877551
vggss,C1,12345,best,822,7j8DS1YoQwQ_000169,0.019068877551020394
vggss,C1,12345,best,823,7l_TPfOhh5c_000570,-0.0596173469387755
vggss,C1,12345,best,824,7mtYFBOmeNs_000030,0.05688775510204082
vggss,C1,12345,best,825,7n0vuxy-OXg_000026,-0.08901785714285712
vggss,C1,12345,best,826,7nQxWCn_dBg_000160,-0.1491454081632653
vggss,C1,12345,best,827,7nglQSmcjAk_000030,-0.17386479591836734
vggss,C1,12345,best,828,7nl6lLs3dn8_000119,0.18581632653061225
vggss,C1,12345,best,829,7oNljd7R1f8_000019,0.2561862244897959
vggss,C1,12345,best,830,7rMhrFb-DsE_000183,-0.05099489795918366
vggss,C1,12345,best,831,7rqy1JhY7TU_000030,0.1659566326530612
vggss,C1,12345,best,832,7rxfucuwC-Q_000360,0.18386479591836735
vggss,C1,12345,best,833,7s6xFTV74tE_000070,0.05655612244897959
vggss,C1,12345,best,834,7sYsxcdTcXY_000056,0.23104591836734695
vggss,C1,12345,best,835,7tE6gxSwrH4_000030,-0.1370280612244898
vggss,C1,12345,best,836,7tMPoaU2oL4_000000,-0.2878826530612245
vggss,C1,12345,best,837,7u3_Unnj0ZU_000075,-0.08003826530612244
vggss,C1,12345,best,838,7uK5ctEget0_000020,0.2658035714285714
vggss,C1,12345,best,839,7wJc_LpV8E4_000012,0.04290816326530612
vggss,C1,12345,best,840,7xkj4XqaynU_000002,-0.10576530612244898
vggss,C1,12345,best,841,7yjEC7Cr6i8_000030,0.2214030612244898
vggss,C1,12345,best,842,7yk8XI5q7go_000030,-0.6260841836734694
vggss,C1,12345,best,843,7zS81_mUsK0_000080,-0.10741071428571428
vggss,C1,12345,best,844,8-DsEUYJMJo_000442,0.08534438775510203
vggss,C1,12345,best,845,8-viBoPGFCA_000003,0.11690051020408163
vggss,C1,12345,best,846,80Lqw4-iQXI_000001,-0.22917091836734693
vggss,C1,12345,best,847,829gGkJX9dM_000109,0.009515306122448976
vggss,C1,12345,best,848,83XmpVJP-YY_000001,0.2266198979591837
vggss,C1,12345,best,849,84JbG7gFceA_000007,-0.11237244897959184
vggss,C1,12345,best,850,84fDGWoRtsU_000210,-0.09103316326530612
vggss,C1,12345,best,851,84uy3xSw9H0_000030,0.25335459183673464
vggss,C1,12345,best,852,86roBf8WIso_000020,-0.2796683673469388
vggss,C1,12345,best,853,87tCTDAXZto_000050,-0.14542091836734694
vggss,C1,12345,best,854,88OXNd0yTMI_000040,0.06261479591836736
vggss,C1,12345,best,855,89536Yebjvc_000110,-0.07293367346938776
vggss,C1,12345,best,856,89PzuqeWWYQ_000024,-0.050829081632653046
vggss,C1,12345,best,857,8AgLb-bpocg_000037,-0.07779336734693879
vggss,C1,12345,best,858,8Aq06SXi6G8_000010,-0.3417729591836735
vggss,C1,12345,best,859,8B3FjLzkdPA_000020,-0.12343112244897958
vggss,C1,12345,best,860,8BQgOfXaBa4_000125,0.18956632653061226
vggss,C1,12345,best,861,8C4-ZFYWkcc_000102,0.20256377551020407
vggss,C1,12345,best,862,8CqqK9CzuXM_000090,0.07165816326530611
vggss,C1,12345,best,863,8CrTpWNBiTo_000120,0.3894515306122449
vggss,C1,12345,best,864,8DHtPopFvII_000080,-0.03484693877551019
vggss,C1,12345,best,865,8DKdz6E8W-E_000051,-0.08373724489795918
vggss,C1,12345,best,866,8ERVM9Uv6hk_000102,-0.13544642857142858
vggss,C1,12345,best,867,8EtCndQcHvs_000033,-0.2712244897959184
vggss,C1,12345,best,868,8F8HvVMwXyw_000090,0.0016836734693877475
vggss,C1,12345,best,869,8F8RrwXoa68_000028,-0.07276785714285715
vggss,C1,12345,best,870,8FB9Cb00yTs_000065,0.298265306122449
vggss,C1,12345,best,871,8FZM56axVms_000081,0.1182780612244898
vggss,C1,12345,best,872,8HBG5mO7ef4_000156,0.09030612244897959
vggss,C1,12345,best,873,8Hye31i3cUI_000092,0.014693877551020397
vggss,C1,12345,best,874,8J4YSr55IbY_000009,0.050982142857142865
vggss,C1,12345,best,875,8JPwzZvlX6E_000095,0.17214285714285715
vggss,C1,12345,best,876,8JgqLELdUkY_000030,0.5362372448979591
vggss,C1,12345,best,877,8LXFSLK3otM_000010,-0.07099489795918369
vggss,C1,12345,best,878,8OXOwCahOOU_000089,-0.404655612244898
vggss,C1,12345,best,879,8OukwZl_vsg_000030,0.07540816326530611
vggss,C1,12345,best,880,8QHoSMEiBAg_000025,-0.5580229591836734
vggss,C1,12345,best,881,8QiTQN5reqs_000218,0.2303954081632653
vggss,C1,12345,best,882,8S-R5p17_IE_000160,0.15561224489795922
vggss,C1,12345,best,883,8TCdnr4F6tw_000303,0.3778316326530612
vggss,C1,12345,best,884,8TWtLCjUI5I_000000,0.19247448979591836
vggss,C1,12345,best,885,8UgHOeB_mUE_000399,-0.0005739795918367346
vggss,C1,12345,best,886,8VbxIzaSHfw_000030,0.02343112244897959
vggss,C1,12345,best,887,8VoDhx0Zsxc_000030,0.030676020408163272
vggss,C1,12345,best,888,8X0W6KSpWn4_000099,-0.0816326530612245
vggss,C1,12345,best,889,8YaDsXWhDTA_000496,-0.10058673469387758
vggss,C1,12345,best,890,8ZOyve_7Nzs_000099,-0.05540816326530612
vggss,C1,12345,best,891,8_rFjamYo1Y_000022,0.34073979591836734
vggss,C1,12345,best,892,8_vWCyWokX0_000079,-0.13147959183673472
vggss,C1,12345,best,893,8a0Ctyt3Fpo_000270,0.008201530612244906
vggss,C1,12345,best,894,8aYRcSu-9Y8_000012,0.09479591836734694
vggss,C1,12345,best,895,8aZFjhn4U-A_000021,0.04705357142857142
vggss,C1,12345,best,896,8ax7BlXzssY_000000,-0.0744642857142857
vggss,C1,12345,best,897,8bakI0ITCqQ_000030,-0.022857142857142868
vggss,C1,12345,best,898,8cPqZBlI6Z4_000008,-0.03799744897959184
vggss,C1,12345,best,899,8d6SwUPTyOQ_000030,0.07077806122448982
vggss,C1,12345,best,900,8dMtEVjgsHs_000003,-0.28436224489795914
vggss,C1,12345,best,901,8dMtEVjgsHs_000017,0.048303571428571446
vggss,C1,12345,best,902,8eFIwBWxrxU_000075,0.07058673469387755
vggss,C1,12345,best,903,8evHpuXTcgM_000030,0.06934948979591836
vggss,C1,12345,best,904,8ewn7JCJbEM_000030,-0.37331632653061225
vggss,C1,12345,best,905,8h_-FrApEwU_000242,-0.28872448979591836
vggss,C1,12345,best,906,8iYLKlaHuLI_000242,0.015714285714285705
vggss,C1,12345,best,907,8m-a_6wLTkU_000230,-0.25216836734693876
vggss,C1,12345,best,908,8mOksvfiImI_000130,0.1467857142857143
vggss,C1,12345,best,909,8nVK-2QYw9o_000100,-0.0022704081632653056
vggss,C1,12345,best,910,8oEdgb8iXYA_000001,-0.0077806122448979415
vggss,C1,12345,best,911,8q8JrJNAa-Q_000030,0.03320153061224489
vggss,C1,12345,best,912,8rKtax0rSuw_000030,0.0018877551020408181
vggss,C1,12345,best,913,8sDQkl2g4AA_000030,-0.18264030612244897
vggss,C1,12345,best,914,8spcnH0LalI_000032,0.1719260204081633
vggss,C1,12345,best,915,8u61Rjy5IJM_000004,-0.050650510204081615
vggss,C1,12345,best,916,8vasA2D2_Kc_000030,-0.2679591836734694
vggss,C1,12345,best,917,8ws1ligErwo_000000,0.2602551020408163
vggss,C1,12345,best,918,8xU2s6Y-_a0_000030,0.04329081632653062
vggss,C1,12345,best,919,8zIpoSKNOgA_000018,0.15232142857142858
vggss,C1,12345,best,920,8zcXuYEmXUE_000100,-0.029834183673469385
vggss,C1,12345,best,921,9-A6dZ8mbjM_000332,0.17704081632653063
vggss,C1,12345,best,922,9-b18y3Nexg_000285,0.3112627551020408
vggss,C1,12345,best,923,9-rrXPvMbro_000076,0.096390306122449
vggss,C1,12345,best,924,9-tUObAs28M_000030,0.27480867346938775
vggss,C1,12345,best,925,90q-9qr7-Qg_000075,0.014247448979591834
vggss,C1,12345,best,926,91k-dD34c94_000560,0.011045918367346946
vggss,C1,12345,best,927,91vBzCaNTQ0_000079,0.0661607142857143
vggss,C1,12345,best,928,91z1LeIpLbk_000004,-0.23511479591836731
vggss,C1,12345,best,929,91z1LeIpLbk_000053,-0.08283163265306122
vggss,C1,12345,best,930,92k_81uqMSM_000070,0.04855867346938776
vggss,C1,12345,best,931,94PSD94IXXk_000016,-0.0929209183673469
vggss,C1,12345,best,932,94t9laP3N3E_000011,0.03496173469387756
vggss,C1,12345,best,933,97IV2XK2l3U_000000,0.005522959183673466
vggss,C1,12345,best,934,97plxBxUju4_000010,0.004094387755102041
vggss,C1,12345,best,935,9888dOKNSBs_000030,0.24098214285714287
vggss,C1,12345,best,936,98DR68euGmo_000079,-0.02386479591836735
vggss,C1,12345,best,937,98T0aXt-aq0_000190,0.29276785714285714
vggss,C1,12345,best,938,99iIggWrfNM_000030,-0.08033163265306123
vggss,C1,12345,best,939,9AUSYLKYKGg_001113,-0.043150510204081616
vggss,C1,12345,best,940,9A_OmOetiuw_000090,-0.14918367346938774
vggss,C1,12345,best,941,9BGpWG8iqpQ_000000,0.1570280612244898
vggss,C1,12345,best,942,9Ci8qOMBNNU_000070,0.02107142857142858
vggss,C1,12345,best,943,9EsgN-WS2qY_000030,-0.020752551020408155
vggss,C1,12345,best,944,9FDzG0xNp5s_000150,-0.058915816326530604
vggss,C1,12345,best,945,9FnCP6GoFOs_000000,0.08594387755102041
vggss,C1,12345,best,946,9FoazVf3CVg_000030,-0.3311352040816326
vggss,C1,12345,best,947,9HSUOow1vB4_000000,-0.16317602040816326
vggss,C1,12345,best,948,9HcahqYUVoc_000090,-0.004642857142857136
vggss,C1,12345,best,949,9J8sce4390s_000106,0.24807397959183672
vggss,C1,12345,best,950,9JAatGaveSc_000035,0.2719005102040817
vggss,C1,12345,best,951,9JBG-Wi1gUQ_000030,0.0834311224489796
vggss,C1,12345,best,952,9M3XChzFowA_000038,0.13607142857142857
vggss,C1,12345,best,953,9MT7lQN7fN0_000085,0.16559948979591838
vggss,C1,12345,best,954,9NUBwDtWAmk_000030,0.14410714285714288
vggss,C1,12345,best,955,9OcAwC8y-eQ_000030,-0.1514030612244898
vggss,C1,12345,best,956,9PEyCM-BrG4_000024,0.2011479591836735
vggss,C1,12345,best,957,9PmzQI8ZYpg_000030,0.0015433673469387663
vggss,C1,12345,best,958,9QEm6u4bowQ_000030,-0.36625
vggss,C1,12345,best,959,9QjGgc1UkkU_000044,-0.17645408163265303
vggss,C1,12345,best,960,9QjGgc1UkkU_000105,-0.3910331632653061
vggss,C1,12345,best,961,9QwaP-cvdeU_000360,-0.031147959183673465
vggss,C1,12345,best,962,9R4qwSl7u2A_000480,0.15498724489795918
vggss,C1,12345,best,963,9R6XN9-Z27U_000030,-0.12292091836734695
vggss,C1,12345,best,964,9RNNZ3e-9IA_000028,-0.27169642857142856
vggss,C1,12345,best,965,9Rbte5hjob8_000100,-0.2861224489795918
vggss,C1,12345,best,966,9SZC5O-gwAI_000263,-0.07411989795918367
vggss,C1,12345,best,967,9Srnaag2tCo_000079,-0.03089285714285714
vggss,C1,12345,best,968,9Ti98L4PRCo_000017,-0.1008545918367347
vggss,C1,12345,best,969,9TzyRdTYDvo_000024,0.24985969387755103
vggss,C1,12345,best,970,9Vg_aX3jhjU_000020,0.0757908163265306
vggss,C1,12345,best,971,9Vj1UPzlrTc_000030,-0.26762755102040814
vggss,C1,12345,best,972,9WClEjrr_RA_000027,-0.05975765306122449
vggss,C1,12345,best,973,9WtDINM2mNc_000237,0.07684948979591837
vggss,C1,12345,best,974,9XHRHFTY0iU_000409,-0.26364795918367345
vggss,C1,12345,best,975,9XHRHFTY0iU_000480,-0.012168367346938755
vggss,C1,12345,best,976,9XuTWG0Svls_000041,-0.04766581632653062
vggss,C1,12345,best,977,9ZBaKqh-Bmk_000027,0.157844387755102
vggss,C1,12345,best,978,9ZBaKqh-Bmk_000131,0.0006377551020408101
vggss,C1,12345,best,979,9ZClVJ2V7bA_000022,0.12848214285714288
vggss,C1,12345,best,980,9ZYj5toEbGA_000000,0.19019132653061221
vggss,C1,12345,best,981,9aR-uBVtrVA_000010,0.13389030612244898
vggss,C1,12345,best,982,9ao6stS2toU_000003,-0.06385204081632653
vggss,C1,12345,best,983,9cYVBOJmXIw_000030,0.08104591836734695
vggss,C1,12345,best,984,9crt3kBm2Hc_000012,0.08839285714285713
vggss,C1,12345,best,985,9e6oA02wk94_000020,0.2947448979591837
vggss,C1,12345,best,986,9eUl4gF0ED4_000002,-0.029668367346938777
vggss,C1,12345,best,987,9ezA12O_aOE_000170,0.17010204081632654
vggss,C1,12345,best,988,9fWNP6yAgrU_000003,0.1367219387755102
vggss,C1,12345,best,989,9grtLEqt_RM_000330,0.23448979591836738
vggss,C1,12345,best,990,9h3a7fN0f-c_000240,0.023073979591836734
vggss,C1,12345,best,991,9i3NIA1NLeY_000060,-0.37031887755102044
vggss,C1,12345,best,992,9iVLuQ403ww_000039,0.24510204081632653
vggss,C1,12345,best,993,9ipjwnbdxmg_000120,0.08716836734693878
vggss,C1,12345,best,994,9jrTswHdg4I_000290,-0.2316326530612245
vggss,C1,12345,best,995,9kFZhnbKUXo_000030,-0.04803571428571429
vggss,C1,12345,best,996,9m1FFbsR704_000127,-0.13267857142857142
vggss,C1,12345,best,997,9nsLTLNvOSw_000150,-0.04137755102040817
vggss,C1,12345,best,998,9oeGmqm6g8E_000080,0.1833418367346939
vggss,C1,12345,best,999,9ofZp-R3BlY_000021,-0.04224489795918368
vggss,C1,12345,best,1000,9omaijBLqrg_000060,0.08522959183673469
vggss,C1,12345,best,1001,9pfZ4sXXsE4_000330,-0.09068877551020409
vggss,C1,12345,best,1002,9q3JJ7Fhvbs_000070,-0.15052295918367345
vggss,C1,12345,best,1003,9rXAmXuAOw8_000000,0.06144132653061225
vggss,C1,12345,best,1004,9s26XGoKYG0_000250,-0.0644642857142857
vggss,C1,12345,best,1005,9s8jDGsBij4_000010,0.06616071428571427
vggss,C1,12345,best,1006,9t0s8TUHMiM_000020,0.07957908163265305
vggss,C1,12345,best,1007,9tDqkjQLtNM_000096,-0.14325255102040818
vggss,C1,12345,best,1008,9u9Zgbbngkg_000030,0.11197704081632655
vggss,C1,12345,best,1009,9uOOfuRD6Fc_000070,0.022461734693877557
vggss,C1,12345,best,1010,9uTzThSwQ80_000580,0.1459311224489796
vggss,C1,12345,best,1011,9wW-losmGws_000097,-0.26582908163265306
vggss,C1,12345,best,1012,9wkgTdE7nz8_000030,0.20253826530612246
vggss,C1,12345,best,1013,9xV0nmojVeg_000030,-0.12588010204081634
vggss,C1,12345,best,1014,9y2BI6yaNkA_000114,0.14455357142857142
vggss,C1,12345,best,1015,9ytPHkPCXgA_000050,-0.43426020408163263
vggss,C1,12345,best,1016,9zPrLhdmgpg_000031,0.05901785714285714
vggss,C1,12345,best,1017,9zW-E0XdWdw_000160,-0.09948979591836733
vggss,C1,12345,best,1018,A-odqVz9Oc4_000001,0.08610969387755102
vggss,C1,12345,best,1019,A0dHhG6Y8C0_000030,-0.04501275510204082
vggss,C1,12345,best,1020,A458iJLZGvg_000080,0.08308673469387755
vggss,C1,12345,best,1021,A4P0IgZQf90_000136,-0.2850765306122449
vggss,C1,12345,best,1022,A58nnmnhfUo_000001,-0.0924234693877551
vggss,C1,12345,best,1023,A6PMpITUNMs_000180,0.08794642857142856
vggss,C1,12345,best,1024,A6T7Pu4pL1M_000030,-0.22965561224489794
vggss,C1,12345,best,1025,A6_-Ji7bq5E_000337,-0.07746173469387757
vggss,C1,12345,best,1026,A7DQjMwCtI8_000270,0.14677295918367345
vggss,C1,12345,best,1027,A7o-wmriwc8_000007,0.24417091836734695
vggss,C1,12345,best,1028,A7pW5W-4snM_000150,-0.15135204081632653
vggss,C1,12345,best,1029,A8gbOIvxvMA_000030,-0.4579591836734694
vggss,C1,12345,best,1030,A9JSptUG5HU_000020,-0.06581632653061223
vggss,C1,12345,best,1031,A9KMqwqLboE_000030,-0.12558673469387754
vggss,C1,12345,best,1032,A9LkQyImgNI_000030,0.5334948979591837
vggss,C1,12345,best,1033,A9n6gH2uS5U_000019,-0.19213010204081632
vggss,C1,12345,best,1034,AA0Ekw6dlQo_000046,-0.23551020408163265
vggss,C1,12345,best,1035,AA0N8XMqx9s_000030,-0.0035076530612244763
vggss,C1,12345,best,1036,AAHybONa3n4_000150,-0.051772959183673466
vggss,C1,12345,best,1037,AA_XVhso6IU_000244,-0.14441326530612247
vggss,C1,12345,best,1038,AAdciXShS1c_000019,-0.10080357142857142
vggss,C1,12345,best,1039,AAyqgdDOUYA_000020,0.19227040816326532
vggss,C1,12345,best,1040,ABH4iCT5Iik_000030,-0.07343112244897956
vggss,C1,12345,best,1041,ACWNRYsyMGk_000030,0.06089285714285714
vggss,C1,12345,best,1042,ACjLm_tKyu8_000060,0.29011479591836736
vggss,C1,12345,best,1043,ADjyDcauxzM_000030,0.031160714285714285
vggss,C1,12345,best,1044,ADtA2TMXVvo_000042,-0.019477040816326514
vggss,C1,12345,best,1045,ADtA2TMXVvo_000092,-0.32403061224489793
vggss,C1,12345,best,1046,AEwl00_Vv9s_000052,-0.04627551020408163
vggss,C1,12345,best,1047,AF0CtMb81t8_000030,0.13076530612244897
vggss,C1,12345,best,1048,AF7sah5a_DE_000030,0.4650892857142857
vggss,C1,12345,best,1049,AFACjpDiMSQ_000062,-0.33511479591836735
vggss,C1,12345,best,1050,AGA3hiGZJCo_000000,-0.023367346938775513
vggss,C1,12345,best,1051,AGDQXlgdzhA_000285,0.09233418367346938
vggss,C1,12345,best,1052,AGTyP86x_Sc_000110,0.2229974489795918
vggss,C1,12345,best,1053,AHIV0RMwnN8_000150,0.18437499999999996
vggss,C1,12345,best,1054,AHIV0RMwnN8_000210,-0.07853316326530613
vggss,C1,12345,best,1055,AHIiNsAzgKo_000024,0.46281887755102036
vggss,C1,12345,best,1056,AIDJFkDURPY_000030,-0.12247448979591836
vggss,C1,12345,best,1057,AIVt3e5EVtc_000070,0.12491071428571428
vggss,C1,12345,best,1058,AIuayXjDos8_000130,0.07526785714285712
vggss,C1,12345,best,1059,AJw-x30L46E_000080,-0.4155739795918368
vggss,C1,12345,best,1060,AK_xkz5nfIM_000089,-0.1545535714285714
vggss,C1,12345,best,1061,AKmkhvb9shk_000000,-0.012053571428571427
vggss,C1,12345,best,1062,AKxHQn994OI_000140,0.21332908163265307
vggss,C1,12345,best,1063,AKxm4V3OylU_000030,-0.08371173469387758
vggss,C1,12345,best,1064,ALVS3Q_jNaU_000030,0.1259438775510204
vggss,C1,12345,best,1065,ALdjQ9kbwd8_000030,-0.08565051020408163
vggss,C1,12345,best,1066,ALtDtYnWFuo_000030,-0.3031122448979592
vggss,C1,12345,best,1067,AMLJZImQ5Xk_000030,0.05994897959183673
vggss,C1,12345,best,1068,AMLvdc8Dbq4_000170,0.017614795918367343
vggss,C1,12345,best,1069,AMvZ3ANXNW0_000320,0.20684948979591833
vggss,C1,12345,best,1070,AMxnCzC33lo_000070,0.1508928571428571
vggss,C1,12345,best,1071,AN_nK_tgQSc_000032,-0.2439030612244898
vggss,C1,12345,best,1072,ANxHyEeVnV8_000026,0.059119897959183675
vggss,C1,12345,best,1073,AO4Rp4DQXCw_000358,-0.06427295918367347
vggss,C1,12345,best,1074,AOwwp601QZw_000130,0.2321173469387755
vggss,C1,12345,best,1075,APag9oaOG_w_000674,0.07442602040816328
vggss,C1,12345,best,1076,AQ3TnlK8dS8_000584,-0.01747448979591837
vggss,C1,12345,best,1077,AS_f4Rn-hAc_000007,0.3030994897959184
vggss,C1,12345,best,1078,AScmP_vDPhs_000001,-0.28989795918367345
vggss,C1,12345,best,1079,ATAL-_Dblvg_000000,-0.049859693877551015
vggss,C1,12345,best,1080,ATYQeoKUFeU_000039,-0.06105867346938777
vggss,C1,12345,best,1081,ATnl-fq5nAk_000030,-0.17216836734693877
vggss,C1,12345,best,1082,AWcZq1PRcII_000020,0.10498724489795917
vggss,C1,12345,best,1083,AWet9qFT15M_000079,-0.37764030612244903
vggss,C1,12345,best,1084,AY0jDdFbBZQ_000025,0.24340561224489796
vggss,C1,12345,best,1085,AYhduTuI_zM_000102,0.04323979591836736
vggss,C1,12345,best,1086,AZfD5KrH5d8_000030,-0.1751658163265306
vggss,C1,12345,best,1087,A_0xhMEZ1Cg_000030,-0.27420918367346936
vggss,C1,12345,best,1088,A_oaLt-n4fQ_000220,-0.1570280612244898
vggss,C1,12345,best,1089,Abezh6k-jOM_000030,0.21196428571428572
vggss,C1,12345,best,1090,AcHARmL5j-g_000004,-0.1491964285714285
vggss,C1,12345,best,1091,AcJXSEfGGcI_000030,-0.29104591836734695
vggss,C1,12345,best,1092,AcLX-YyZE08_000167,-0.04716836734693878
vggss,C1,12345,best,1093,AcNCcWJezXI_000030,-0.16317602040816326
vggss,C1,12345,best,1094,AcYJvz2tqkA_000050,-0.26026785714285716
vggss,C1,12345,best,1095,Aclv9drugo0_000050,0.052372448979591826
vggss,C1,12345,best,1096,AdWWI5m-9u4_000342,-0.015663265306122442
vggss,C1,12345,best,1097,Af4OOFNWp2Q_000000,0.06094387755102042
vggss,C1,12345,best,1098,AgLNBaSMRBA_000000,0.014362244897959175
vggss,C1,12345,best,1099,AgVUGzrzJ20_000320,-0.15933673469387757
vggss,C1,12345,best,1100,AgtY6m-b3Gk_000030,0.541875
vggss,C1,12345,best,1101,Ah-IBgwj2lg_000030,0.13713010204081633
vggss,C1,12345,best,1102,Ahhba-EM4nI_000000,0.05112244897959184
vggss,C1,12345,best,1103,AhlnqK6ONro_000030,0.0007270408163265185
vggss,C1,12345,best,1104,AiHq9qStg00_000042,-0.05408163265306123
vggss,C1,12345,best,1105,Aiks9EreMFY_000171,-0.45419642857142856
vggss,C1,12345,best,1106,AjLuenrAsbE_000030,-0.050484693877551015
vggss,C1,12345,best,1107,AkAdDFHQars_000030,0.0459311224489796
vggss,C1,12345,best,1108,AlPu_yxLT2g_000230,-0.14364795918367346
vggss,C1,12345,best,1109,AlZv9bRtnws_000030,0.03219387755102043
vggss,C1,12345,best,1110,AlnFwT2U1xM_000163,0.1431887755102041
vggss,C1,12345,best,1111,Amd-OLa3tMI_000030,0.1897576530612245
vggss,C1,12345,best,1112,AmipJSk2B-o_000005,-0.3386479591836735
vggss,C1,12345,best,1113,Ap9gDgwq1DU_000030,0.2588265306122449
vggss,C1,12345,best,1114,ApgCxwAImCE_000030,-0.11715561224489796
vggss,C1,12345,best,1115,Aq3pc1q58Kw_000084,-0.11193877551020409
vggss,C1,12345,best,1116,Aq58qBpVkv8_000160,0.23646683673469387
vggss,C1,12345,best,1117,AqjB8DGt85U_000034,-0.03655612244897959
vggss,C1,12345,best,1118,Ar5_nY1UZ80_000030,0.08160714285714288
vggss,C1,12345,best,1119,Ar5r0pzgaRU_000030,0.15463010204081634
vggss,C1,12345,best,1120,AraV2kvytIY_000024,0.1260204081632653
vggss,C1,12345,best,1121,Arah6WF7OPM_000026,0.15818877551020405
vggss,C1,12345,best,1122,As1qH-6EF4I_000030,0.11165816326530612
vggss,C1,12345,best,1123,AsghD21CFr4_000030,0.49200255102040813
vggss,C1,12345,best,1124,At3hmrH23NI_000400,0.05501275510204081
vggss,C1,12345,best,1125,Atrj65qRrBo_000200,0.13113520408163265
vggss,C1,12345,best,1126,AwFuGITwrms_000030,-0.06308673469387754
vggss,C1,12345,best,1127,AwJ8orGuOXg_000000,0.07146683673469388
vggss,C1,12345,best,1128,AwUYzbOW5WQ_000006,0.16396683673469387
vggss,C1,12345,best,1129,Awtmlyq0MY8_000030,-0.12066326530612245
vggss,C1,12345,best,1130,Ax1rIOmzMWY_000000,0.18119897959183673
vggss,C1,12345,best,1131,Ayr3X0IMj04_000000,-0.005778061224489775
vggss,C1,12345,best,1132,Az8NdAwKHzo_000008,0.09213010204081633
vggss,C1,12345,best,1133,AzkP4-XZjK0_000080,0.1582015306122449
vggss,C1,12345,best,1134,AznWFbIOSZw_000030,-0.011415816326530607
vggss,C1,12345,best,1135,B-1QW7g81gA_000030,-0.18224489795918367
vggss,C1,12345,best,1136,B-ABbng7Zo4_000508,0.18631377551020406
vggss,C1,12345,best,1137,B-K7y3QUkkw_000030,0.11387755102040817
vggss,C1,12345,best,1138,B-yqXExuYrk_000405,-0.11709183673469387
vggss,C1,12345,best,1139,B0TIfxXf4t0_000100,0.2908418367346939
vggss,C1,12345,best,1140,B1vY4Y0MTq8_000074,0.04095663265306124
vggss,C1,12345,best,1141,B22gKoTyOfM_000030,0.050369897959183674
vggss,C1,12345,best,1142,B2d1f3VfiYA_000171,-0.07625000000000001
vggss,C1,12345,best,1143,B2dwWGTj7O4_000400,0.042270408163265286
vggss,C1,12345,best,1144,B33GgQddG30_000028,0.08876275510204082
vggss,C1,12345,best,1145,B3bZSOpO9lM_000018,0.23691326530612244
vggss,C1,12345,best,1146,B5XbkI3zj3U_000059,-0.004145408163265293
vggss,C1,12345,best,1147,B5u3PG7PWDE_000030,0.018367346938775515
vggss,C1,12345,best,1148,B6V6cA5p08M_000083,-0.165625
vggss,C1,12345,best,1149,B6d2FiFv8tU_000002,0.19485969387755103
vggss,C1,12345,best,1150,B7Iab-AC3Dw_000110,-0.3911352040816326
vggss,C1,12345,best,1151,B7WXCogPmmg_000135,-0.32228316326530615
vggss,C1,12345,best,1152,B7iRvj8y9aU_000030,0.17880102040816326
vggss,C1,12345,best,1153,B90BOtSOD2Q_000410,-0.14707908163265307
vggss,C1,12345,best,1154,B98yOZSj2GE_000012,0.03542091836734693
vggss,C1,12345,best,1155,B9a-LlMTQ9o_000170,-0.24304846938775512
vggss,C1,12345,best,1156,B9wRwZkoFvY_000038,-0.03498724489795919
vggss,C1,12345,best,1157,BAekfGvUtFM_000030,0.1231887755102041
vggss,C1,12345,best,1158,BB3CCG8SD54_000000,0.06399234693877551
vggss,C1,12345,best,1159,BBfh0v1KH2Y_000030,-0.3992091836734694
vggss,C1,12345,best,1160,BBgW_3zDdto_000030,0.1763392857142857
vggss,C1,12345,best,1161,BBukw6JpCeg_000070,0.173609693877551
vggss,C1,12345,best,1162,BCzUvCRiBZs_000020,-0.007410714285714284
vggss,C1,12345,best,1163,BE8Mv5ww4BM_000171,-0.05096938775510204
vggss,C1,12345,best,1164,BEGgDbKEXMw_000028,-0.10733418367346936
vggss,C1,12345,best,1165,BEHaVb_cz44_000210,-0.2539540816326531
vggss,C1,12345,best,1166,BFEeNJkKx6g_000030,0.14589285714285716
vggss,C1,12345,best,1167,BGVT6ozn17E_000026,0.14500000000000002
vggss,C1,12345,best,1168,BGtTepVOst4_000252,0.4326530612244898
vggss,C1,12345,best,1169,BHajqlL5wmw_000500,0.03508928571428572
vggss,C1,12345,best,1170,BHf4pvm-gGM_000030,-0.009005102040816337
vggss,C1,12345,best,1171,BIFzpJ9D6-w_000063,0.044719387755102036
vggss,C1,12345,best,1172,BKE_Z-iGErM_000041,-0.059068877551020416
vggss,C1,12345,best,1173,BLEthZXy35s_000250,0.08829081632653062
vggss,C1,12345,best,1174,BMgYWTTJv3s_000240,-0.23825255102040815
vggss,C1,12345,best,1175,BNfeHeas6hA_000076,-0.011568877551020415
vggss,C1,12345,best,1176,BNrmXcZQ-p4_000030,-0.19660714285714287
vggss,C1,12345,best,1177,BNxowL6utbQ_000030,0.0280484693877551
vggss,C1,12345,best,1178,BOgYLyIbVN8_000031,0.07160714285714287
vggss,C1,12345,best,1179,BQPk4cmN__4_000030,-0.13122448979591836
vggss,C1,12345,best,1180,BQsQzaDrHKY_000210,0.07929846938775509
vggss,C1,12345,best,1181,BR3U7WaCP-4_000005,-0.062015306122448974
vggss,C1,12345,best,1182,BR5NGmkK8w4_000056,0.06747448979591837
vggss,C1,12345,best,1183,BR_GZnsBJT4_000045,-0.17776785714285714
vggss,C1,12345,best,1184,BRhvg3c0Jq4_000030,0.024081632653061222
vggss,C1,12345,best,1185,BS1fqEDAvh0_000330,-0.0019260204081632606
vggss,C1,12345,best,1186,BT2JPFpMrzM_000002,-0.21088010204081634
vggss,C1,12345,best,1187,BT2JPFpMrzM_000018,-0.05186224489795918
vggss,C1,12345,best,1188,BUGx2e7OgFE_000030,-0.015357142857142847
vggss,C1,12345,best,1189,BUSFTmkQTvw_000030,0.17446428571428574
vggss,C1,12345,best,1190,BUyHfzUvQX0_000005,0.0928188775510204
vggss,C1,12345,best,1191,BVMzjiOUpZo_000031,-0.1339030612244898
vggss,C1,12345,best,1192,BWVovghBe2c_000030,-0.4447704081632653
vggss,C1,12345,best,1193,BWlYf-hKucs_000083,0.06718112244897956
vggss,C1,12345,best,1194,BWvKAcOV_co_000030,-0.04303571428571428
vggss,C1,12345,best,1195,BXoTkN2Frl4_000118,-0.03128826530612244
vggss,C1,12345,best,1196,BYBRY2mupcc_000030,-0.016186224489795925
vggss,C1,12345,best,1197,BZTmMcmbNNg_000000,-0.00024234693877552005
vggss,C1,12345,best,1198,BZU01hhyVKs_000480,-0.2788647959183673
vggss,C1,12345,best,1199,B_ZxmAiGJFQ_000170,0.10385204081632654
vggss,C1,12345,best,1200,BaBT2r8L6E4_000013,0.4561352040816326
vggss,C1,12345,best,1201,BaZGT-2NhEA_000157,0.11147959183673473
vggss,C1,12345,best,1202,BbNHWQrTu2o_000030,0.09338010204081634
vggss,C1,12345,best,1203,BbVoVbQHoXo_000030,-0.14367346938775513
vggss,C1,12345,best,1204,BbWdsbZ9TsM_000130,0.019502551020408126
vggss,C1,12345,best,1205,BeHNQZRpizU_000098,-0.2473469387755102
vggss,C1,12345,best,1206,BfQ3-G4gjlM_000030,0.1486734693877551
vggss,C1,12345,best,1207,BfbrxdAWlWs_000030,0.467780612244898
vggss,C1,12345,best,1208,BfrgQGGlUMk_000065,0.23704081632653062
vggss,C1,12345,best,1209,Bg2XkNb5LZE_000140,0.24659438775510206
vggss,C1,12345,best,1210,Bg7_qkxGkAA_000020,0.1952933673469388
vggss,C1,12345,best,1211,Bgnaur8-fas_000160,-0.06515306122448979
vggss,C1,12345,best,1212,Bho0lwcxn1g_000020,-0.1779719387755102
vggss,C1,12345,best,1213,Bi9gmCJNqDE_000030,0.24778061224489795
vggss,C1,12345,best,1214,BiRPlINV5N4_000023,0.13109693877551018
vggss,C1,12345,best,1215,BioGVnRl7OE_000127,-0.014311224489795923
vggss,C1,12345,best,1216,BjHakHE9geo_000011,-0.1025127551020408
vggss,C1,12345,best,1217,BjYsesK0GQw_000030,0.2010841836734694
vggss,C1,12345,best,1218,BjiPjoHIpM0_000005,-0.24295918367346936
vggss,C1,12345,best,1219,Bk34jgx0Vo4_000356,0.25596938775510203
vggss,C1,12345,best,1220,Bo3Mvu8I81g_000458,-0.25734693877551024
vggss,C1,12345,best,1221,BoFlhQi81aQ_000089,-0.2160969387755102
vggss,C1,12345,best,1222,Bpw53tN6h8E_000030,-0.2747959183673469
vggss,C1,12345,best,1223,Bq10zG74Wc0_000040,-0.12743622448979594
vggss,C1,12345,best,1224,BqCBBcWN9bw_000023,-0.1400127551020408
vggss,C1,12345,best,1225,BqY5blRv2Lw_000090,-0.13561224489795923
vggss,C1,12345,best,1226,BqmRiPZgeVY_000296,-0.22160714285714284
vggss,C1,12345,best,1227,BrjXD7rdihs_000497,0.31331632653061225
vggss,C1,12345,best,1228,BsnjK6DypAg_000030,0.0941454081632653
vggss,C1,12345,best,1229,Bw73mqfb-0k_000045,0.04706632653061227
vggss,C1,12345,best,1230,BwJ2YYLFwTc_000118,-0.025331632653061233
vggss,C1,12345,best,1231,Bw_fNvTp6jg_000030,0.14746173469387755
vggss,C1,12345,best,1232,Bx9dAclTA04_000176,0.007295918367346915
vggss,C1,12345,best,1233,BxnLAGsByCI_000010,-0.06874999999999998
vggss,C1,12345,best,1234,BxtN7sKDt5E_000030,-0.07764030612244899
vggss,C1,12345,best,1235,BymkWsAcLR4_000000,-0.06646683673469389
vggss,C1,12345,best,1236,BzOeIRpjUN4_000599,-0.1704591836734694
vggss,C1,12345,best,1237,BzcOUlROXVo_000110,0.2035841836734694
vggss,C1,12345,best,1238,C-fRZcWsRYM_000010,0.19355867346938777
vggss,C1,12345,best,1239,C00BpiE52mM_000270,0.12895408163265304
vggss,C1,12345,best,1240,C1pyHakPaIE_000030,-0.15510204081632653
vggss,C1,12345,best,1241,C1tpllWtBVk_000000,-0.12499999999999999
vggss,C1,12345,best,1242,C3LXTkKw6sU_000030,-0.11589285714285713
vggss,C1,12345,best,1243,C3yqIuEs_zQ_000430,0.17637755102040817
vggss,C1,12345,best,1244,C46X66FU_Dw_000030,0.03882653061224492
vggss,C1,12345,best,1245,C4EJRCN7f7Q_000558,-0.01776785714285717
vggss,C1,12345,best,1246,C5enZKUmB4k_000030,0.1307908163265306
vggss,C1,12345,best,1247,C6Ex7oHBFdU_000030,-0.15713010204081632
vggss,C1,12345,best,1248,C70SFMHqnRI_000120,-0.07264030612244897
vggss,C1,12345,best,1249,C7KSF6CW6EM_000357,0.25270408163265307
vggss,C1,12345,best,1250,C7hEJn-CQEU_000030,0.040854591836734705
vggss,C1,12345,best,1251,C989KLZ_3Tw_000021,-0.11721938775510202
vggss,C1,12345,best,1252,CA5iF0mpXFE_000030,-0.011122448979591831
vggss,C1,12345,best,1253,CAbXVOWLYps_000030,-0.039630102040816295
vggss,C1,12345,best,1254,CCX_4cW_SAU_000000,-0.2942984693877551
vggss,C1,12345,best,1255,CD2NWcdAcDM_000006,0.10566326530612244
vggss,C1,12345,best,1256,CDABuTQLNe8_000140,-0.058609693877551036
vggss,C1,12345,best,1257,CDIex7WRfFo_000025,0.3439923469387755
vggss,C1,12345,best,1258,CF7-FnDkLwU_000030,-0.25595663265306123
vggss,C1,12345,best,1259,CGYflJRiLt0_000030,-0.16075255102040814
vggss,C1,12345,best,1260,CHxOPxrzSfQ_000214,-0.050089285714285725
vggss,C1,12345,best,1261,CIJ9L83uKtE_000030,-0.24783163265306124
vggss,C1,12345,best,1262,CIJhL5kL8Sg_000788,-0.08557397959183674
vggss,C1,12345,best,1263,CK5D-skzB5Y_000170,0.0294515306122449
vggss,C1,12345,best,1264,CK7_1E8cNMM_000043,-0.1646173469387755
vggss,C1,12345,best,1265,CL5vkiMs2c0_000010,-0.14961734693877551
vggss,C1,12345,best,1266,CLtTzEgjeJk_000066,0.1078188775510204
vggss,C1,12345,best,1267,CMCtge02AnU_000260,-0.026058673469387728
vggss,C1,12345,best,1268,COhPkkb8I0c_000096,0.0596045918367347
vggss,C1,12345,best,1269,CPVPmzfWJhQ_000020,-0.014961734693877543
vggss,C1,12345,best,1270,CPvs0cy_RR4_000034,-0.006033163265306125
vggss,C1,12345,best,1271,CQ8oRAR8mVo_000014,0.5059183673469387
vggss,C1,12345,best,1272,CQGQV-JxPoI_000030,0.1425255102040816
vggss,C1,12345,best,1273,CQNxQ_dD040_000005,-0.18714285714285717
vggss,C1,12345,best,1274,CQpGLOiNpnI_000590,0.43730867346938773
vggss,C1,12345,best,1275,CRdma6NINIw_000030,0.14121173469387754
vggss,C1,12345,best,1276,CSEWnDLoCNA_000021,0.13169642857142858
vggss,C1,12345,best,1277,CT7CrLxIuQI_000030,-0.05588010204081631
vggss,C1,12345,best,1278,CTDxHMKWxI8_000265,0.09317602040816325
vggss,C1,12345,best,1279,CTWtiwntfgw_000030,0.012410714285714296
vggss,C1,12345,best,1280,CU72qSlceqM_000030,0.029272959183673494
vggss,C1,12345,best,1281,CUJ1MnvyKOw_000040,-0.039974489795918375
vggss,C1,12345,best,1282,CUL0UrnVfZI_000030,0.11229591836734693
vggss,C1,12345,best,1283,CUt0oGFuxL8_000053,-0.28695153061224493
vggss,C1,12345,best,1284,CV3EAozMSzw_000047,-0.27903061224489795
vggss,C1,12345,best,1285,CWA2pRIDHuI_000000,-0.03285714285714286
vggss,C1,12345,best,1286,CWY1Y5hjfpo_000030,-0.19676020408163264
vggss,C1,12345,best,1287,CW_UrQzAqzU_000025,-0.07844387755102042
vggss,C1,12345,best,1288,CWxZNhucY8o_000573,0.09389030612244897
vggss,C1,12345,best,1289,CX-gGuT3iEs_000230,0.18617346938775511
vggss,C1,12345,best,1290,CXISjTeWfTE_000200,-0.389094387755102
vggss,C1,12345,best,1291,CZgx_6XaEkg_000030,0.26417091836734696
vggss,C1,12345,best,1292,C_GSeZOpoRo_000030,-0.4229336734693877
vggss,C1,12345,best,1293,CcR1jeBHtCk_000058,-0.028112244897959188
vggss,C1,12345,best,1294,CdSt0vG0uk0_000320,0.11113520408163263
vggss,C1,12345,best,1295,Ce1P47VwTAI_000030,-0.14438775510204083
vggss,C1,12345,best,1296,Ce2fbtvF_TI_000136,-0.16613520408163265
vggss,C1,12345,best,1297,CfnFpH_Xe4Y_000013,-0.0788137755102041
vggss,C1,12345,best,1298,Cg07QFTiJtI_000030,-0.05200255102040817
vggss,C1,12345,best,1299,CgMmtC41T9k_000030,-0.04003826530612245
vggss,C1,12345,best,1300,CgMt2IylPic_000494,0.1484438775510204
vggss,C1,12345,best,1301,CguHOT6Ve3E_000020,0.029247448979591834
vggss,C1,12345,best,1302,CgzmlbU6hsk_000030,-0.0325
vggss,C1,12345,best,1303,ChBwdyjZAJI_000030,-0.023035714285714305
vggss,C1,12345,best,1304,Chc1xUT9KB0_000070,-0.017130102040816324
vggss,C1,12345,best,1305,Cih7zp6KJac_000060,0.15894132653061227
vggss,C1,12345,best,1306,CiuMO1EkzU4_000010,-0.0026530612244898
vggss,C1,12345,best,1307,CjO1ZZZI8CE_000030,-0.08345663265306125
vggss,C1,12345,best,1308,CjuYza6dsvs_000030,0.05307397959183672
vggss,C1,12345,best,1309,ClaW4rHT6t0_000000,0.10834183673469387
vggss,C1,12345,best,1310,CljO1-A89-g_000030,-0.0557142857142857
vggss,C1,12345,best,1311,Cmb7oRnRLio_000034,0.08705357142857142
vggss,C1,12345,best,1312,Cmhpj4MJ_hQ_000020,0.07938775510204082
vggss,C1,12345,best,1313,Cmz0InA1eM4_000030,0.04658163265306123
vggss,C1,12345,best,1314,Co7vOJiMeO0_000064,0.16267857142857142
vggss,C1,12345,best,1315,CpoUHOCPaNw_000020,0.05234693877551019
vggss,C1,12345,best,1316,Cpwy_3wUjSc_000330,0.14355867346938775
vggss,C1,12345,best,1317,Cqb1zyyTiHw_000000,0.2639285714285714
vggss,C1,12345,best,1318,Cqb1zyyTiHw_000011,0.32454081632653053
vggss,C1,12345,best,1319,CqmuLdNiEjE_000077,0.09875
vggss,C1,12345,best,1320,CrOlDmMSVSM_000120,-0.13528061224489796
vggss,C1,12345,best,1321,Cs0UHi69c7Y_000030,0.01852040816326528
vggss,C1,12345,best,1322,CsRF3qYnSLI_000030,0.16815051020408164
vggss,C1,12345,best,1323,Cs_DJvnYWTs_000010,0.08498724489795917
vggss,C1,12345,best,1324,Ct9ltnuEPvc_000038,0.06770408163265307
vggss,C1,12345,best,1325,CxSALNdzjKs_000096,-0.21581632653061222
vggss,C1,12345,best,1326,CxSALNdzjKs_000125,-0.021109693877551017
vggss,C1,12345,best,1327,D-7c7OP4dFg_000051,-0.1599107142857143
vggss,C1,12345,best,1328,D-p9s8y2z_U_000000,-0.35285714285714287
vggss,C1,12345,best,1329,D05-MrPXqjw_000030,0.09558673469387755
vggss,C1,12345,best,1330,D0L-M4trkpw_000210,0.07520408163265303
vggss,C1,12345,best,1331,D0Vk5yjzXB0_000017,-0.29048469387755105
vggss,C1,12345,best,1332,D1KdCkSFmnk_000000,-0.14621173469387755
vggss,C1,12345,best,1333,D1VQAb8CfWM_000008,0.18846938775510205
vggss,C1,12345,best,1334,D1VQAb8CfWM_000022,-0.06516581632653064
vggss,C1,12345,best,1335,D1eDJb5FMw0_000065,-0.024719387755102046
vggss,C1,12345,best,1336,D1tl1eS7ubI_000000,-0.1914923469387755
vggss,C1,12345,best,1337,D2ISzNuhtxE_000009,0.21581632653061228
vggss,C1,12345,best,1338,D2IvCQMkGWk_000055,-0.09957908163265307
vggss,C1,12345,best,1339,D30UC-C-lIs_000029,0.27043367346938774
vggss,C1,12345,best,1340,D3BJuOwltoI_000010,0.11873724489795914
vggss,C1,12345,best,1341,D3FV0JAngZ4_000210,-0.04631377551020413
vggss,C1,12345,best,1342,D4Jb8jIl-2A_000378,-0.01496173469387755
vggss,C1,12345,best,1343,D5Zi0Mfo0Ts_000048,-0.19860969387755104
vggss,C1,12345,best,1344,D668Jl6zuAk_000190,-0.11860969387755102
vggss,C1,12345,best,1345,D7iyQCgox0g_000017,-0.1380229591836735
vggss,C1,12345,best,1346,D8R-u0sG5eg_000009,0.044017857142857164
vggss,C1,12345,best,1347,D9ag3OB7E4k_000000,0.18377551020408162
vggss,C1,12345,best,1348,D9qpDjafWRM_000030,0.13940051020408162
vggss,C1,12345,best,1349,DA2QCyip6mY_000618,0.0029591836734694094
vggss,C1,12345,best,1350,DC4_1CHRcx8_000196,0.20321428571428574
vggss,C1,12345,best,1351,DCftdpZ9lIs_000162,-0.06059948979591838
vggss,C1,12345,best,1352,DCrct29xGEY_000030,-0.05901785714285715
vggss,C1,12345,best,1353,DDZlMjb-0i4_000150,-0.0001275510204081648
vggss,C1,12345,best,1354,DDhKU_VH0Js_000228,0.1659566326530612
vggss,C1,12345,best,1355,DDlAcAppYtE_000026,-0.03170918367346939
vggss,C1,12345,best,1356,DDoJMpe85o0_000386,-0.3448341836734694
vggss,C1,12345,best,1357,DEGSyVygE98_000110,0.0628061224489796
vggss,C1,12345,best,1358,DEXE_V8oBYI_000030,-0.18145408163265303
vggss,C1,12345,best,1359,DFTZgruYPL4_000115,-0.2358673469387755
vggss,C1,12345,best,1360,DFf71XYDX3g_000016,-0.02836734693877553
vggss,C1,12345,best,1361,DGS6j6k14ak_000105,0.0444515306122449
vggss,C1,12345,best,1362,DGeHJrq-FoI_000012,0.14219387755102042
vggss,C1,12345,best,1363,DHoVXJe-MXY_000293,0.17956632653061222
vggss,C1,12345,best,1364,DHoVXJe-MXY_000729,-0.05108418367346937
vggss,C1,12345,best,1365,DIAS8gDM8Hg_000003,0.17113520408163266
vggss,C1,12345,best,1366,DIooS7FSHYk_000030,-0.08914540816326533
vggss,C1,12345,best,1367,DJbFAoB4-_o_000170,0.07825255102040815
vggss,C1,12345,best,1368,DKH0HIZP284_000070,0.14331632653061224
vggss,C1,12345,best,1369,DKPvyyDnRe4_000003,0.22783163265306122
vggss,C1,12345,best,1370,DKSrNxPQrbY_000090,0.06525510204081633
vggss,C1,12345,best,1371,DLMKy0_82iw_000150,0.2436479591836735
vggss,C1,12345,best,1372,DLbcnJVnyaI_000134,0.28415816326530613
vggss,C1,12345,best,1373,DLncH1MUazE_000005,0.2358418367346939
vggss,C1,12345,best,1374,DNDz_sjBBY0_000230,-0.08795918367346939
vggss,C1,12345,best,1375,DNwWLZCupMc_000300,-0.0026913265306122147
vggss,C1,12345,best,1376,DPdAsDw3chc_000030,-0.009451530612244893
vggss,C1,12345,best,1377,DPpmV4JqYsM_000030,0.29373724489795916
vggss,C1,12345,best,1378,DQIwRVrlYqI_000159,0.23926020408163265
vggss,C1,12345,best,1379,DRC7KTs-BLc_000008,0.01056122448979592
vggss,C1,12345,best,1380,DRSs6q_sTr4_000000,-0.12275510204081633
vggss,C1,12345,best,1381,DSGMDArb1QI_000030,-0.18709183673469387
vggss,C1,12345,best,1382,DShnW2mZR-0_000002,-0.11411989795918366
vggss,C1,12345,best,1383,DTkc7PSmJ90_000030,-0.18970663265306123
vggss,C1,12345,best,1384,DUNOn71oGCw_000040,-0.3672448979591837
vggss,C1,12345,best,1385,DUSKxRMntZY_000268,0.0032780612244897936
vggss,C1,12345,best,1386,DUlxiX4ri1Q_000045,0.0827295918367347
vggss,C1,12345,best,1387,DVDQyIt56nQ_000200,-0.16247448979591836
vggss,C1,12345,best,1388,DVU3ovcB058_000037,-0.29349489795918365
vggss,C1,12345,best,1389,DWLJMnVOT20_000083,0.026964285714285715
vggss,C1,12345,best,1390,DXWEVucEPvU_000006,0.18576530612244896
vggss,C1,12345,best,1391,DYTLct-5tVs_000000,-0.06677295918367346
vggss,C1,12345,best,1392,DYdalOQnx1Y_000030,-0.19603316326530612
vggss,C1,12345,best,1393,DZ2idjIBgKk_000030,0.15526785714285715
vggss,C1,12345,best,1394,DZFP5hm7iKg_000161,-0.19941326530612247
vggss,C1,12345,best,1395,DZFP5hm7iKg_000195,-0.2471938775510204
vggss,C1,12345,best,1396,DaaY_n80b2Y_000005,0.1643622448979592
vggss,C1,12345,best,1397,Daqv2F6SEmQ_000030,-0.1071811224489796
vggss,C1,12345,best,1398,Db0c4aAwUbY_000030,-0.0019642857142856823
vggss,C1,12345,best,1399,Db6Hjt0x28k_000056,-0.16192602040816323
vggss,C1,12345,best,1400,Dbo9tI1f2mo_000083,-0.06616071428571428
vggss,C1,12345,best,1401,DcMUa81JfBE_000010,0.04904336734693877
vggss,C1,12345,best,1402,DcMUa81JfBE_000032,0.09943877551020408
vggss,C1,12345,best,1403,DcU6AzN7imA_000210,-0.5357908163265306
vggss,C1,12345,best,1404,Ddo9DOeh-PA_000218,-0.0026147959183673575
vggss,C1,12345,best,1405,DeiK0fdPv8Y_000008,-0.0491454081632653
vggss,C1,12345,best,1406,DexDu4FDEWM_000031,0.02488520408163266
vggss,C1,12345,best,1407,DfrOLl-Or0Q_000011,0.105
vggss,C1,12345,best,1408,DhiZ6pZ8LEc_000170,0.07457908163265307
vggss,C1,12345,best,1409,DiUgEH6m7fw_000099,0.09998724489795918
vggss,C1,12345,best,1410,DitJemO43co_000014,-0.04079081632653061
vggss,C1,12345,best,1411,Dj9gyAoqmQ0_000030,-0.012474489795918378
vggss,C1,12345,best,1412,DjPrMmqCqlg_000075,0.2671428571428571
vggss,C1,12345,best,1413,DjXyE3_g0b4_000156,-0.49125
vggss,C1,12345,best,1414,DjqOjkoVu3M_000153,-0.003762755102040799
vggss,C1,12345,best,1415,DkhdvvtvwTE_000020,0.23676020408163267
vggss,C1,12345,best,1416,Dm8tMkoPiX0_000090,0.03811224489795918
vggss,C1,12345,best,1417,Dm8tMkoPiX0_000135,-0.029668367346938784
vggss,C1,12345,best,1418,DmJL3kSguyw_000023,0.024642857142857133
vggss,C1,12345,best,1419,DmTSz-8AGRg_000003,0.1913265306122449
vggss,C1,12345,best,1420,Do5DfkHBhtg_000400,-0.00031887755102039117
vggss,C1,12345,best,1421,DoPxrS9KYB0_000490,0.3374107142857143
vggss,C1,12345,best,1422,DoT_HlcSeck_000030,0.15799744897959184
vggss,C1,12345,best,1423,DpLi9YH5idY_000030,0.12475765306122447
vggss,C1,12345,best,1424,DpdjtEEqTIQ_000003,0.03862244897959185
vggss,C1,12345,best,1425,DpxmQlaOtDg_000194,0.2650127551020408
vggss,C1,12345,best,1426,DqQT03hOLA4_000240,-0.021887755102040822
vggss,C1,12345,best,1427,Dqv8aWzOgmo_000049,0.008941326530612248
vggss,C1,12345,best,1428,Dr0Crzj0f4I_000141,-0.16238520408163265
vggss,C1,12345,best,1429,DrN1hZuDLqA_000153,0.009183673469387754
vggss,C1,12345,best,1430,Dr_iScgnMPY_000026,-0.12057397959183673
vggss,C1,12345,best,1431,DroAzooK4yw_000030,0.42344387755102036
vggss,C1,12345,best,1432,DtUw0XOALfk_000064,-0.2371811224489796
vggss,C1,12345,best,1433,Dtj3xlb92Vk_000070,-0.17909438775510206
vggss,C1,12345,best,1434,Dvq1kY70ip4_000025,-0.1862755102040816
vggss,C1,12345,best,1435,Dx13FJh7_tU_000022,0.13832908163265306
vggss,C1,12345,best,1436,DyC9UIPr8tY_000034,0.006096938775510208
vggss,C1,12345,best,1437,DymSRUrjT5c_000560,-0.014872448979591807
vggss,C1,12345,best,1438,DyzH7KzpIMk_000013,-0.07508928571428572
vggss,C1,12345,best,1439,E-hmA_v9ePI_000022,-0.2004591836734694
vggss,C1,12345,best,1440,E-pIudhSCSg_000496,0.1257908163265306
vggss,C1,12345,best,1441,E0pr-jw5Nrg_000129,-0.08136479591836734
vggss,C1,12345,best,1442,E1cKPUWHa8I_000084,0.2452295918367347
vggss,C1,12345,best,1443,E2DcawleYIY_000030,-0.09224489795918368
vggss,C1,12345,best,1444,E3KhunKjg9s_000181,-0.10408163265306122
vggss,C1,12345,best,1445,E3XIdP8kxwg_000110,0.047997448979591836
vggss,C1,12345,best,1446,E3rjAlJCmUs_000422,0.04081632653061225
vggss,C1,12345,best,1447,E4oNVFYPj8Y_000300,0.13922193877551017
vggss,C1,12345,best,1448,E6QQRZHrx6s_000030,-0.11377551020408164
vggss,C1,12345,best,1449,E6_602iIrgY_000561,-0.03716836734693877
vggss,C1,12345,best,1450,E6tdua70y5E_000316,-0.23426020408163267
vggss,C1,12345,best,1451,E7CeefZM4I8_000008,0.24525510204081635
vggss,C1,12345,best,1452,E7m7feGvswI_000229,0.26187499999999997
vggss,C1,12345,best,1453,E7m7feGvswI_000620,0.11146683673469387
vggss,C1,12345,best,1454,E7n4klULtxI_000530,-0.03660714285714288
vggss,C1,12345,best,1455,E7q_QwLYI8U_000210,0.09188775510204078
vggss,C1,12345,best,1456,E8SPrMj1cto_000030,0.16428571428571428
vggss,C1,12345,best,1457,E9Xbw70cul8_000037,-0.11422193877551018
vggss,C1,12345,best,1458,EAJT9Bk_GeQ_000030,0.15825255102040817
vggss,C1,12345,best,1459,EBEXWRdUZB8_000024,0.2996045918367347
vggss,C1,12345,best,1460,EBHtpU1tB3E_000000,-0.005395408163265308
vggss,C1,12345,best,1461,EC7ZXHrHhvE_000057,-0.09676020408163266
vggss,C1,12345,best,1462,ECP7EJka6N8_000590,0.008877551020408159
vggss,C1,12345,best,1463,ECVfSkmVy5Y_000001,-0.2953826530612245
vggss,C1,12345,best,1464,ED8UQJIMgeY_000521,0.06727040816326532
vggss,C1,12345,best,1465,EFSxZd_eGjM_000017,0.10142857142857142
vggss,C1,12345,best,1466,EF_X0Ri1S3U_000030,-0.13418367346938773
vggss,C1,12345,best,1467,EHiNnO7ZU9I_000110,-0.1095918367346939
vggss,C1,12345,best,1468,EIzBD62ja8E_000030,0.11423469387755103
vggss,C1,12345,best,1469,EJJx3eIB6ro_000081,0.2485841836734694
vggss,C1,12345,best,1470,EJPTTiY0zxI_000308,0.20517857142857143
vggss,C1,12345,best,1471,EJwOhdjhxXY_000012,0.4094260204081633
vggss,C1,12345,best,1472,EM2O8RPZcuk_000000,-0.2659948979591837
vggss,C1,12345,best,1473,ENQli94rpHM_000000,-0.005905612244897954
vggss,C1,12345,best,1474,ENX0totqysA_000030,-0.25779336734693875
vggss,C1,12345,best,1475,EN_fOMt-IVE_000060,-0.27253826530612246
vggss,C1,12345,best,1476,EO2y901299I_000030,0.2621045918367347
vggss,C1,12345,best,1477,EOKUV6hgMhM_000122,-0.0032270408163265346
vggss,C1,12345,best,1478,EOSB-mXWEHA_000092,-0.041581632653061223
vggss,C1,12345,best,1479,EPzNwL4OVYI_000263,-0.07063775510204082
vggss,C1,12345,best,1480,EQ91XVsmq-I_000030,0.004936224489795929
vggss,C1,12345,best,1481,EQHrQIaQNv8_000030,-0.20100765306122442
vggss,C1,12345,best,1482,EQKs1YLMUuI_000004,0.48331632653061224
vggss,C1,12345,best,1483,ER2x_QMrxeU_000860,-0.07987244897959186
vggss,C1,12345,best,1484,ERxlveTpCnw_000137,0.15369897959183676
vggss,C1,12345,best,1485,EScf6Anv-8E_000030,0.027589285714285705
vggss,C1,12345,best,1486,ETJOLbXNiwA_000007,-0.11809948979591837
vggss,C1,12345,best,1487,EUF5k23kQuc_000034,0.03752551020408166
vggss,C1,12345,best,1488,EUXUKCqUKyo_000005,-0.16910714285714282
vggss,C1,12345,best,1489,EUy-RsUXJ00_000030,-0.11480867346938772
vggss,C1,12345,best,1490,EVSNLohmKFc_000540,-0.037334183673469384
vggss,C1,12345,best,1491,EVX-0lgG7Zo_000120,-0.23221938775510204
vggss,C1,12345,best,1492,EW2eK_x3Rfc_000020,0.17637755102040817
vggss,C1,12345,best,1493,EW3ZkpsGNBA_000001,-0.1794897959183674
vggss,C1,12345,best,1494,EWWyukVobq8_000009,-0.09401785714285714
vggss,C1,12345,best,1495,EXEYAlExz_o_000067,-0.16994897959183675
vggss,C1,12345,best,1496,EYWZz8l8yKg_000110,-0.12848214285714282
vggss,C1,12345,best,1497,Ef0c2AieZ24_000130,0.08506377551020408
vggss,C1,12345,best,1498,EfpGZ55vTVo_000030,-0.021058673469387737
vggss,C1,12345,best,1499,EfzPbZ8MKAo_000017,-0.31548469387755096
vggss,C1,12345,best,1500,EhlXJGEcuBU_000010,0.22942602040816326
vggss,C1,12345,best,1501,EhvCJi5Zbsw_000088,-0.2871811224489796
vggss,C1,12345,best,1502,EiOtCVfF83c_000001,-0.12343112244897958
vggss,C1,12345,best,1503,EksjhWF0zqE_000020,-0.34011479591836735
vggss,C1,12345,best,1504,EktnWQuAjdI_000030,0.12487244897959182
vggss,C1,12345,best,1505,ElJFYwRtrH4_000030,-0.07403061224489794
vggss,C1,12345,best,1506,EnXFqxbu-w0_000150,-0.24713010204081634
vggss,C1,12345,best,1507,EqFttu-PgP0_000030,0.26820153061224494
vggss,C1,12345,best,1508,EqfXm8FwFe0_000009,-0.2744260204081632
vggss,C1,12345,best,1509,EqkH0kLuIic_000054,-0.14573979591836733
vggss,C1,12345,best,1510,EsLDe5fYDrs_000080,-0.3001658163265306
vggss,C1,12345,best,1511,EtcoN3RhRZg_000127,0.06723214285714284
vggss,C1,12345,best,1512,EtoEpxSMfSc_000090,-0.049770408163265306
vggss,C1,12345,best,1513,Evh-bm79BgQ_000275,0.2299107142857143
vggss,C1,12345,best,1514,ExrHL878QsA_000039,-0.016900510204081634
vggss,C1,12345,best,1515,EyEVKlDZtrw_000025,0.03215561224489795
vggss,C1,12345,best,1516,EzCuOP46kpM_000210,0.28994897959183674
vggss,C1,12345,best,1517,F-bjopMLAo4_000090,0.07216836734693875
vggss,C1,12345,best,1518,F-c6oa091zo_000150,0.09016581632653062
vggss,C1,12345,best,1519,F-mbfDB9bN4_000020,-0.10165816326530612
vggss,C1,12345,best,1520,F-p8xsDSjnw_000030,-0.19488520408163262
vggss,C1,12345,best,1521,F0AtWOUItaQ_000060,0.3977806122448979
vggss,C1,12345,best,1522,F0CgRLr_pTI_000003,-0.07512755102040816
vggss,C1,12345,best,1523,F0xRrtS-_Wk_000030,-0.1060331632653061
vggss,C1,12345,best,1524,F1X7egd8Us0_000030,0.12493622448979591
vggss,C1,12345,best,1525,F4JohaJr23s_000072,-0.1003061224489796
vggss,C1,12345,best,1526,F6IUxAJutsk_000030,0.12262755102040815
vggss,C1,12345,best,1527,F6oEu35qy_A_000025,0.06349489795918364
vggss,C1,12345,best,1528,F9Z4BYM8ttI_000395,-0.08415816326530612
vggss,C1,12345,best,1529,FD1LeLl1xBA_000060,-0.12860969387755103
vggss,C1,12345,best,1530,FF2bhR7s3VY_000030,-0.019285714285714278
vggss,C1,12345,best,1531,FFSWmryaZ60_000030,0.10288265306122449
vggss,C1,12345,best,1532,FGEcmA0EFpI_000000,0.25894132653061225
vggss,C1,12345,best,1533,FH0MZoQHSro_000030,-0.12521683673469386
vggss,C1,12345,best,1534,FHChU52nch0_000010,-0.09890306122448979
vggss,C1,12345,best,1535,FHgtLE-TzQ4_000030,-0.10487244897959183
vggss,C1,12345,best,1536,FHhZzDbLmw0_000016,0.31163265306122445
vggss,C1,12345,best,1537,FIktp5ggvX4_000010,-0.03321428571428571
vggss,C1,12345,best,1538,FJ6cTKn5MUw_000010,-0.04386479591836734
vggss,C1,12345,best,1539,FK1DCWrW02s_000030,-0.11984693877551021
vggss,C1,12345,best,1540,FKElIiHW0Ws_000001,-0.05654336734693877
vggss,C1,12345,best,1541,FKbldjY5sJw_000020,0.03469387755102042
vggss,C1,12345,best,1542,FLuiWytkGd4_000029,-0.36534438775510203
vggss,C1,12345,best,1543,FMLhPfYb-oY_000030,0.020497448979591798
vggss,C1,12345,best,1544,FMr1WHtXJbc_000030,0.06600765306122447
vggss,C1,12345,best,1545,FNFgjJ00J9w_000030,0.1902168367346939
vggss,C1,12345,best,1546,FQHhMhW4sHw_000040,0.12594387755102043
vggss,C1,12345,best,1547,FRoMl49q5gc_000160,-0.19010204081632653
vggss,C1,12345,best,1548,FRwFfq3Tl1g_000310,0.1381122448979592
vggss,C1,12345,best,1549,FRzHx9ibb9I_000240,0.19802295918367346
vggss,C1,12345,best,1550,FTOafffuu5U_000150,0.09674744897959181
vggss,C1,12345,best,1551,FZiKkwC6bIE_000000,-0.051364795918367345
vggss,C1,12345,best,1552,FaMZfnJKuqA_000019,0.16897959183673467
vggss,C1,12345,best,1553,FatuEXsaQ20_000030,0.06729591836734694
vggss,C1,12345,best,1554,FayXchyGICg_000027,0.09461734693877549
vggss,C1,12345,best,1555,FbwgXeLSRTE_000002,-0.30039540816326527
vggss,C1,12345,best,1556,Fc_P1r8SSRw_000071,0.26375
vggss,C1,12345,best,1557,FfwAkXR6JMc_000025,-0.23502551020408163
vggss,C1,12345,best,1558,FgzVC4jxtxg_000100,-0.503061224489796
vggss,C1,12345,best,1559,Fh6RuC3pNhw_000030,0.09767857142857143
vggss,C1,12345,best,1560,FjRjHKz1kU0_000030,0.10767857142857142
vggss,C1,12345,best,1561,Fl0yc47JSWM_000025,0.2611479591836735
vggss,C1,12345,best,1562,Fl_gvQ9bPvM_000129,-0.008533163265306114
vggss,C1,12345,best,1563,Fm5ZiCupuqc_000045,-0.1830994897959184
vggss,C1,12345,best,1564,FmekHi2dLdI_000083,0.06889030612244898
vggss,C1,12345,best,1565,FmpWIi0pt7o_000094,-0.015599489795918367
vggss,C1,12345,best,1566,FndCEC7yK2g_000104,0.11987244897959184
vggss,C1,12345,best,1567,Fo_FDiZhzDo_000030,0.27408163265306124
vggss,C1,12345,best,1568,Fot4v0DdGyE_000020,-0.1944642857142857
vggss,C1,12345,best,1569,FpYuJwh_vo8_000070,0.42262755102040817
vggss,C1,12345,best,1570,FrCNRlxXulg_000012,0.3796045918367347
vggss,C1,12345,best,1571,FrJx8vk4GWs_000100,-0.40483418367346935
vggss,C1,12345,best,1572,FrLkQovl2Ok_000000,0.26357142857142857
vggss,C1,12345,best,1573,FrnRa5sseEM_000104,0.1100765306122449
vggss,C1,12345,best,1574,FsO5303dhUc_000072,0.44454081632653064
vggss,C1,12345,best,1575,FsVcCpJ6Gak_000030,-0.05502551020408164
vggss,C1,12345,best,1576,Fsu8KjtWhPo_000003,-0.17619897959183672
vggss,C1,12345,best,1577,Fsu8KjtWhPo_000079,0.2567219387755102
vggss,C1,12345,best,1578,FsywuRmOMTM_000030,-0.1952933673469388
vggss,C1,12345,best,1579,Fup02r6oh-8_000030,-0.14811224489795918
vggss,C1,12345,best,1580,FvmWB20IUaM_000184,0.02415816326530612
vggss,C1,12345,best,1581,FwVYUHKoLtQ_000034,0.03283163265306127
vggss,C1,12345,best,1582,FxkZsO4Kd78_000022,0.0627295918367347
vggss,C1,12345,best,1583,Fz-dxPOWP58_000038,-0.03448979591836735
vggss,C1,12345,best,1584,FzzboZDObbs_000041,0.08932397959183674
vggss,C1,12345,best,1585,G--718JDmAQ_000000,-0.019158163265306116
vggss,C1,12345,best,1586,G-tO6Sqyiu4_000030,-0.039464285714285716
vggss,C1,12345,best,1587,G2jq2X-00n4_000000,0.09868622448979592
vggss,C1,12345,best,1588,G3Ze1ntr30g_000440,-0.0018367346938775522
vggss,C1,12345,best,1589,G3c7Ye58Y2Q_000025,0.31099489795918367
vggss,C1,12345,best,1590,G4fTKotMoWI_000030,-0.35190051020408164
vggss,C1,12345,best,1591,G5LqrMcq1QE_000280,-0.313405612244898
vggss,C1,12345,best,1592,G7Fr50rWppo_000040,-0.1542984693877551
vggss,C1,12345,best,1593,G7IRrV4fNpU_000191,-0.4136352040816326
vggss,C1,12345,best,1594,G7ZE5J9gHMQ_000150,-0.1530612244897959
vggss,C1,12345,best,1595,G7qe64jM9zs_000200,0.3636607142857142
vggss,C1,12345,best,1596,G8VETC-kEio_000049,0.07752551020408163
vggss,C1,12345,best,1597,G93_g41lh7U_000032,0.6257780612244898
vggss,C1,12345,best,1598,GBLKj2d0iC4_000030,-0.019183673469387763
vggss,C1,12345,best,1599,GBifExKnaWI_000001,-0.11835459183673469
vggss,C1,12345,best,1600,GC1ajVlK-ek_000050,-0.0031887755102040782
vggss,C1,12345,best,1601,GCDWVj9BjU8_000012,0.017346938775510204
vggss,C1,12345,best,1602,GD8XWhkFC50_000030,0.024591836734693867
vggss,C1,12345,best,1603,GESrnHr-SjU_000021,-0.35488520408163265
vggss,C1,12345,best,1604,GG6XkHATIyw_000090,-0.05656887755102043
vggss,C1,12345,best,1605,GGpS5Zychoc_000053,-0.3503826530612245
vggss,C1,12345,best,1606,GGqC1H9BeTg_000180,0.2114030612244898
vggss,C1,12345,best,1607,GHowpWCU9Lo_000030,-0.052729591836734716
vggss,C1,12345,best,1608,GIWJpC_OW1E_000023,0.033239795918367364
vggss,C1,12345,best,1609,GIvdJOuBLgI_000340,0.06968112244897959
vggss,C1,12345,best,1610,GK9b04Q2X90_000018,0.2945025510204082
vggss,C1,12345,best,1611,GKPDhTCffNw_000292,-0.33864795918367346
vggss,C1,12345,best,1612,GLIXnXZEOxY_000090,0.03284438775510204
vggss,C1,12345,best,1613,GMKY1SWCmIQ_000055,0.12385204081632653
vggss,C1,12345,best,1614,GNYKzDo4w7w_000110,0.014744897959183656
vggss,C1,12345,best,1615,GO2Tf8KLJ14_000061,0.016071428571428598
vggss,C1,12345,best,1616,GOZBp_5NGtk_000016,0.14153061224489794
vggss,C1,12345,best,1617,GO_1gBjIR1c_000030,-0.040063775510204076
vggss,C1,12345,best,1618,GS8dnIAHj2A_000013,0.017244897959183658
vggss,C1,12345,best,1619,GSAMEMX_oAg_000200,-0.02257653061224489
vggss,C1,12345,best,1620,GSSWxAo_oyo_000011,-0.24545918367346942
vggss,C1,12345,best,1621,GUJCLsTnqTA_000174,0.09126275510204082
vggss,C1,12345,best,1622,GUJCLsTnqTA_000192,-0.00108418367346938
vggss,C1,12345,best,1623,GVj556hlo5A_000045,-0.07612244897959183
vggss,C1,12345,best,1624,GVk8l4S9NN0_000039,0.17184948979591838
vggss,C1,12345,best,1625,GW4XJ_zY-SQ_000010,-0.030140306122449
vggss,C1,12345,best,1626,GWTZtu3NOCc_000030,0.23399234693877552
vggss,C1,12345,best,1627,GWlU-skSlAg_000100,0.3391198979591837
vggss,C1,12345,best,1628,GX88nJyAb_I_000030,-0.20366071428571428
vggss,C1,12345,best,1629,GXLeUXSVFYU_000030,0.31980867346938774
vggss,C1,12345,best,1630,GXRooshOGuc_000030,0.3007780612244898
vggss,C1,12345,best,1631,GXuqtCdONDs_000091,-0.12021683673469387
vggss,C1,12345,best,1632,GYQVFv7wGHY_000026,-0.16982142857142857
vggss,C1,12345,best,1633,GafN7X_ifI0_000030,0.29525510204081634
vggss,C1,12345,best,1634,GbI7rZa22Zs_000052,0.03572704081632652
vggss,C1,12345,best,1635,GbJ84ESfKOs_000030,0.18909438775510207
vggss,C1,12345,best,1636,GdFlyobMoAE_000009,-0.26850765306122454
vggss,C1,12345,best,1637,GeUJHkgzFSE_000012,-0.07098214285714285
vggss,C1,12345,best,1638,Gg6Jx9UTBZI_000158,0.19275510204081633
vggss,C1,12345,best,1639,Ggh5JPnDPNw_000070,-0.3077168367346939
vggss,C1,12345,best,1640,GhEPMDQZ174_000030,0.052321428571428574
vggss,C1,12345,best,1641,GjoBV2mf8jo_000080,-0.1139795918367347
vggss,C1,12345,best,1642,GjoBV2mf8jo_000131,-0.08247448979591837
vggss,C1,12345,best,1643,GjqHhBTAO0U_000030,-0.15036989795918368
vggss,C1,12345,best,1644,GkStiQ3hR5g_000220,0.021071428571428567
vggss,C1,12345,best,1645,Gl91Nx0dVuU_000167,0.16957908163265306
vggss,C1,12345,best,1646,GlnhrMSrP5c_000014,-0.008609693877551033
vggss,C1,12345,best,1647,GmIZBYNqyT0_000010,0.07142857142857142
vggss,C1,12345,best,1648,GmgaXjkHfk4_000164,-0.0046556122448979526
vggss,C1,12345,best,1649,GmnVEP2AlQI_000102,-0.0006122448979592188
vggss,C1,12345,best,1650,Gn7-NxQCzok_000010,-0.014885204081632651
vggss,C1,12345,best,1651,GnmgSQq6E54_000180,0.1518877551020408
vggss,C1,12345,best,1652,GnyxoE5mCeQ_000030,-0.36131377551020416
vggss,C1,12345,best,1653,GouCuaIlrTU_000036,0.04604591836734695
vggss,C1,12345,best,1654,GpCE19eTlaM_000079,-0.10295918367346939
vggss,C1,12345,best,1655,Gr-aT8sYNN8_000030,0.21816326530612248
vggss,C1,12345,best,1656,GrACpo7aonA_000030,0.07298469387755101
vggss,C1,12345,best,1657,Grnk9p9P7Qk_000017,0.09228316326530611
vggss,C1,12345,best,1658,GsBd9c0-Mk4_000330,-0.16829081632653062
vggss,C1,12345,best,1659,GtJiY4ezw_E_000010,0.29940051020408165
vggss,C1,12345,best,1660,GtZEBM9fBts_000005,0.26752551020408166
vggss,C1,12345,best,1661,GteozUDpJRc_000030,0.12317602040816326
vggss,C1,12345,best,1662,GuEoGHNGYr4_000030,-0.18042091836734694
vggss,C1,12345,best,1663,Guwl5G6Wr4Y_000030,-0.4425765306122449
vggss,C1,12345,best,1664,GvBjQc3Tywo_000130,-0.16052295918367346
vggss,C1,12345,best,1665,GvRM_UnjJoE_000030,-0.09318877551020407
vggss,C1,12345,best,1666,GvegcC3HzLA_000058,-0.6435076530612245
vggss,C1,12345,best,1667,GwBS2NzjAvA_000030,0.07561224489795919
vggss,C1,12345,best,1668,GyHmkrrU0ZM_000125,0.05766581632653062
vggss,C1,12345,best,1669,GydL9SSi7U0_000070,-0.13732142857142857
vggss,C1,12345,best,1670,GzPqONtFJXA_000060,-0.10182397959183673
vggss,C1,12345,best,1671,H-bTMbePj0A_000121,-0.12600765306122447
vggss,C1,12345,best,1672,H0MTqgT8UkU_000110,0.0653061224489796
vggss,C1,12345,best,1673,H1ynbvzW0js_000026,-0.09284438775510204
vggss,C1,12345,best,1674,H2g3fH2PfM0_000102,0.24202806122448978
vggss,C1,12345,best,1675,H3P5GZ8fMCw_000030,0.10589285714285715
vggss,C1,12345,best,1676,H3XoJGQoMJI_000040,0.4721811224489796
vggss,C1,12345,best,1677,H4rdJlSSt5Y_000030,-0.13154336734693878
vggss,C1,12345,best,1678,H5XxUukegis_000002,0.05275510204081635
vggss,C1,12345,best,1679,H5rRqioLDxY_000030,0.12635204081632656
vggss,C1,12345,best,1680,H6RE7PjUrjI_000015,-0.03176020408163267
vggss,C1,12345,best,1681,H6c8ZDrdUaM_000030,-0.09234693877551019
vggss,C1,12345,best,1682,H85puQUqrQY_000150,-0.09897959183673469
vggss,C1,12345,best,1683,H942QC8B3bc_000030,0.14738520408163266
vggss,C1,12345,best,1684,HAEoz3VbaP8_000000,-0.05455357142857144
vggss,C1,12345,best,1685,HALbfdYE3hM_000215,-0.07946428571428572
vggss,C1,12345,best,1686,HAkUrI9yU8U_000062,-0.18725765306122444
vggss,C1,12345,best,1687,HC4f5gUkLME_000171,-0.32613520408163266
vggss,C1,12345,best,1688,HCmwbTIHIcw_000002,-0.03159438775510204
vggss,C1,12345,best,1689,HDWZu2roOgU_000032,-0.22642857142857142
vggss,C1,12345,best,1690,HDvPMEU33HM_000089,0.27436224489795913
vggss,C1,12345,best,1691,HEBbCfH6xME_000003,-0.08386479591836735
vggss,C1,12345,best,1692,HINQ5Td2jZc_000090,0.10363520408163267
vggss,C1,12345,best,1693,HIQ63_WoKwg_000030,0.2572959183673469
vggss,C1,12345,best,1694,HIT2YWOALto_000002,-0.03461734693877551
vggss,C1,12345,best,1695,HJ6T0inw2mo_000012,-0.2853188775510204
vggss,C1,12345,best,1696,HJg4jZNv1pc_000150,-0.09673469387755104
vggss,C1,12345,best,1697,HJhFxiKjBoo_000030,0.02832908163265302
vggss,C1,12345,best,1698,HJrYNAIm1AY_000110,-0.09140306122448982
vggss,C1,12345,best,1699,HKN2548Ts6A_000030,-0.08792091836734693
vggss,C1,12345,best,1700,HKhBeY4I830_000009,-0.39883928571428573
vggss,C1,12345,best,1701,HKvc2fgaeak_000189,0.19438775510204082
vggss,C1,12345,best,1702,HKvimMUXe7c_000181,0.12286989795918368
vggss,C1,12345,best,1703,HLn-Q2t8NH8_000000,-0.36889030612244905
vggss,C1,12345,best,1704,HLsRePLObfI_000030,-0.4222321428571429
vggss,C1,12345,best,1705,HLxIwN7KAks_000020,-0.1177168367346939
vggss,C1,12345,best,1706,HMhAM5aicvI_000030,-0.08089285714285716
vggss,C1,12345,best,1707,HMyRA33XJRM_000077,-0.30428571428571427
vggss,C1,12345,best,1708,HN4KMLVaT74_000061,0.5726147959183673
vggss,C1,12345,best,1709,HNNDBeHGlBc_000015,-0.08371173469387755
vggss,C1,12345,best,1710,HN_mjGAWjJ4_000171,-0.18934948979591837
vggss,C1,12345,best,1711,HNtNFaXeYQ4_000140,-0.03450255102040817
vggss,C1,12345,best,1712,HOTIBJemUB8_000087,0.07700255102040815
vggss,C1,12345,best,1713,HOhpKjQWqxc_000030,-0.023673469387755094
vggss,C1,12345,best,1714,HOm3GkVl8D8_000040,0.2324872448979592
vggss,C1,12345,best,1715,HOqx0IZGgBk_000286,-0.5235841836734694
vggss,C1,12345,best,1716,HP4bUf_w4hU_000522,0.38375
vggss,C1,12345,best,1717,HPfBYRU8tVM_000030,-0.2254719387755102
vggss,C1,12345,best,1718,HQ8eR2lvjSE_000030,-0.11792091836734694
vggss,C1,12345,best,1719,HQAaW-5IwHo_000002,-0.2808418367346939
vggss,C1,12345,best,1720,HQAaW-5IwHo_000016,0.06044642857142859
vggss,C1,12345,best,1721,HQSHJVH2x4w_000024,0.537359693877551
vggss,C1,12345,best,1722,HS28EUWt8dE_000110,-0.27959183673469384
vggss,C1,12345,best,1723,HSPBrLMYWQA_000030,-0.014426020408163265
vggss,C1,12345,best,1724,HShbaC9ORSo_000410,0.052844387755102015
vggss,C1,12345,best,1725,HU7oqkJeItQ_000000,-0.40530612244897957
vggss,C1,12345,best,1726,HUm2vzjI6DQ_000220,0.42718112244897954
vggss,C1,12345,best,1727,HVSrOlC3270_000045,-0.08090561224489798
vggss,C1,12345,best,1728,HXq7yu1jWJE_000035,0.29215561224489794
vggss,C1,12345,best,1729,HXqj_9oZReQ_000014,-0.08779336734693877
vggss,C1,12345,best,1730,HYQ8F3qtKEA_000083,0.13456632653061223
vggss,C1,12345,best,1731,HZDIyvYqEC8_000066,0.052831632653061206
vggss,C1,12345,best,1732,HZRJxOXw2os_000207,-0.014617346938775505
vggss,C1,12345,best,1733,H_-2X4LNDH0_000001,0.08229591836734694
vggss,C1,12345,best,1734,HaLZD-2ppdU_000008,-0.021721938775510215
vggss,C1,12345,best,1735,HajY_r6RNy0_000090,-0.29820153061224486
vggss,C1,12345,best,1736,HbKm3MFLDjQ_000000,-0.10775510204081634
vggss,C1,12345,best,1737,Hc_UM8l_sTg_000030,0.2330357142857143
vggss,C1,12345,best,1738,HeLV1buhzpI_000030,-0.2678188775510204
vggss,C1,12345,best,1739,HejDlgS37cw_000288,0.2677678571428571
vggss,C1,12345,best,1740,Hexc6YWqptw_000005,0.024323979591836735
vggss,C1,12345,best,1741,HfnGMq0S-vo_000019,0.05332908163265307
vggss,C1,12345,best,1742,HgJaV3YXwnM_000030,-0.1357780612244898
vggss,C1,12345,best,1743,HhJNtJYbWkk_000032,-0.12187499999999997
vggss,C1,12345,best,1744,HhUYxDk7_98_000018,0.11823979591836736
vggss,C1,12345,best,1745,HhsGpNE4abY_000300,-0.1458035714285714
vggss,C1,12345,best,1746,HhvCh6gOZS8_000372,0.2153316326530612
vggss,C1,12345,best,1747,Hi6yZLHQ2SA_000000,0.324515306122449
vggss,C1,12345,best,1748,HiM0cqYAV7Q_000020,-0.1883545918367347
vggss,C1,12345,best,1749,Hjj6LamDw20_000030,-0.14447704081632656
vggss,C1,12345,best,1750,Hjx-S-6U9k0_000000,-0.05632653061224488
vggss,C1,12345,best,1751,Hjx-S-6U9k0_000050,0.030599489795918363
vggss,C1,12345,best,1752,Hjyl1n_1muU_000006,0.13755102040816328
vggss,C1,12345,best,1753,Hk8N0oXixHU_000270,0.11799744897959186
vggss,C1,12345,best,1754,HkQHdrxx_v0_000010,0.031619897959183685
vggss,C1,12345,best,1755,Hm6hH83SFGk_000010,-0.07233418367346939
vggss,C1,12345,best,1756,Hmh623kqD5g_000030,0.028201530612244896
vggss,C1,12345,best,1757,HmqjTIXdF5Y_000004,0.08516581632653061
vggss,C1,12345,best,1758,HoJJ9jdljtw_000292,-0.28696428571428567
vggss,C1,12345,best,1759,HoO07sydAZI_000030,0.028635204081632656
vggss,C1,12345,best,1760,HpDgnUgkNTo_000120,0.1018622448979592
vggss,C1,12345,best,1761,HpseKJL6jRQ_000129,-0.02094387755102041
vggss,C1,12345,best,1762,HqF7uiKEjUA_000050,-0.16709183673469388
vggss,C1,12345,best,1763,HqHNS2jKgu8_000115,-0.17433673469387756
vggss,C1,12345,best,1764,HrEUzoS9ErQ_000000,-0.037232142857142825
vggss,C1,12345,best,1765,HrPnGYGrvm0_000100,0.07359693877551024
vggss,C1,12345,best,1766,Ht9kn-X06os_000184,-0.02121173469387755
vggss,C1,12345,best,1767,HwGK5RvNOFI_000030,0.030561224489795924
vggss,C1,12345,best,1768,HwWQUXnD0oo_000117,-0.38311224489795914
vggss,C1,12345,best,1769,HwaeZS9P6GI_000180,0.24978316326530614
vggss,C1,12345,best,1770,HxMoMMrA6Eo_000030,0.055089285714285716
vggss,C1,12345,best,1771,HxQgKit-huA_000000,-0.16211734693877553
vggss,C1,12345,best,1772,HyqNo624chI_000114,-0.2128826530612245
vggss,C1,12345,best,1773,HzXWXYxXyYA_000050,-0.3526658163265306
vggss,C1,12345,best,1774,I-DxUDHO_5Q_000275,0.08957908163265305
vggss,C1,12345,best,1775,I-HlrcP6Qg4_000030,0.06589285714285714
vggss,C1,12345,best,1776,I-bNKpYykUY_001034,0.03432397959183672
vggss,C1,12345,best,1777,I0CQd_aWJ9g_000030,-0.004272959183673458
vggss,C1,12345,best,1778,I0Rj_topRmI_000005,-0.090625
vggss,C1,12345,best,1779,I1GC1yWdM_c_000030,0.3184948979591837
vggss,C1,12345,best,1780,I1NE3H6soBU_000300,0.1310714285714286
vggss,C1,12345,best,1781,I1fcUe9MoMw_000120,0.16238520408163265
vggss,C1,12345,best,1782,I1xnDP0v7Bs_000167,-0.2175765306122449
vggss,C1,12345,best,1783,I2S72eajLzw_000030,-0.03553571428571428
vggss,C1,12345,best,1784,I3OYmetiXqA_000597,0.10947704081632653
vggss,C1,12345,best,1785,I5f96kvSXzU_000004,-0.18131377551020408
vggss,C1,12345,best,1786,I7OqRsLtmh0_000310,-0.2703188775510204
vggss,C1,12345,best,1787,IBGfcPIw-KY_000000,0.2807142857142857
vggss,C1,12345,best,1788,IBnelTCAXKg_000270,0.13471938775510203
vggss,C1,12345,best,1789,IBq1BKfKfIk_000256,0.21390306122448977
vggss,C1,12345,best,1790,IC9hh-3zlQY_000792,0.012168367346938769
vggss,C1,12345,best,1791,IClqeKMGVdQ_000058,-0.2239285714285714
vggss,C1,12345,best,1792,ID9p52w2ah4_000079,0.021823979591836726
vggss,C1,12345,best,1793,IE4pLXxV7MQ_000000,-0.31693877551020405
vggss,C1,12345,best,1794,IE4pLXxV7MQ_000036,0.4285204081632653
vggss,C1,12345,best,1795,IEjaZmXmm4c_000020,-0.00677295918367346
vggss,C1,12345,best,1796,IFclJMPODCA_000221,0.06241071428571429
vggss,C1,12345,best,1797,IGF__xZmktU_000167,0.2378954081632653
vggss,C1,12345,best,1798,IHSblFkJ6-Y_000029,0.20558673469387753
vggss,C1,12345,best,1799,IHg3nrJZQ1I_000100,-0.010931122448979591
vggss,C1,12345,best,1800,II0KddTM6H0_000105,-0.05288265306122449
vggss,C1,12345,best,1801,IID8ylEYH5o_000062,0.08460459183673472
vggss,C1,12345,best,1802,IIKc_1iCxMQ_000014,-0.47368622448979586
vggss,C1,12345,best,1803,IIdwBaHYhE4_000070,0.08656887755102041
vggss,C1,12345,best,1804,IJ0jeaVklt8_000016,-0.22659438775510207
vggss,C1,12345,best,1805,IJXrQCDz-wc_000233,0.10545918367346938
vggss,C1,12345,best,1806,IKDGba7vsOA_000044,0.233609693877551
vggss,C1,12345,best,1807,IL3ThGKdOMk_000221,0.24514030612244897
vggss,C1,12345,best,1808,ILKdRNizGCs_000594,-0.14933673469387754
vggss,C1,12345,best,1809,ILv7AQF-ltI_000030,-0.22627551020408165
vggss,C1,12345,best,1810,IMKIBJD-JSM_000013,0.1903061224489796
vggss,C1,12345,best,1811,IMOQv1QHxSQ_000041,0.15548469387755104
vggss,C1,12345,best,1812,IMQtdwaG8I8_000101,0.041173469387755096
vggss,C1,12345,best,1813,IMjpwQHZaWo_000033,-0.12045918367346936
vggss,C1,12345,best,1814,INCP-fQ1HDQ_000007,-0.13400510204081634
vggss,C1,12345,best,1815,INdCGM4pQOs_000497,-0.06506377551020409
vggss,C1,12345,best,1816,IRYPJTybCu8_000130,0.2233035714285714
vggss,C1,12345,best,1817,IS2lQophwDw_000050,-0.10635204081632653
vggss,C1,12345,best,1818,IT7iv85SaUQ_000086,0.0889158163265306
vggss,C1,12345,best,1819,ITaflypbuAs_000015,-0.01497448979591836
vggss,C1,12345,best,1820,IUItviB2VsQ_000030,-0.1496811224489796
vggss,C1,12345,best,1821,IU_j5shHQP4_000430,-0.05673469387755103
vggss,C1,12345,best,1822,IUgHJv3LBns_000089,0.029119897959183662
vggss,C1,12345,best,1823,IVJkeUVwUaY_000037,0.1575127551020408
vggss,C1,12345,best,1824,IVJkeUVwUaY_000145,-0.22408163265306125
vggss,C1,12345,best,1825,IWYbTgMqixk_000012,0.052716836734693885
vggss,C1,12345,best,1826,IXKMzUr2sIo_000094,-0.10614795918367348
vggss,C1,12345,best,1827,IXTJfi5PUdk_000000,0.2548341836734694
vggss,C1,12345,best,1828,IYiHhVWrh0w_000030,-0.21678571428571428
vggss,C1,12345,best,1829,IYllzXfvkmY_000020,0.08713010204081632
vggss,C1,12345,best,1830,IZ51tUuibq8_000030,-0.31035714285714283
vggss,C1,12345,best,1831,IZQPvlIJEoI_000030,0.18315051020408163
vggss,C1,12345,best,1832,IZtiMmPN0Xc_000000,-0.17487244897959184
vggss,C1,12345,best,1833,IblhEF_MiH8_000400,-0.11627551020408164
vggss,C1,12345,best,1834,IckvLvmXEBk_000330,-0.09205357142857143
vggss,C1,12345,best,1835,Idf-WCbVe_U_000011,-0.005051020408163263
vggss,C1,12345,best,1836,IdkAQNGihZU_000151,-0.09431122448979593
vggss,C1,12345,best,1837,IdqTtYcY8L4_000140,-0.2661734693877551
vggss,C1,12345,best,1838,IevRzGh8uMs_000134,0.15948979591836734
vggss,C1,12345,best,1839,Ih0xy7tt2JY_000030,-0.17665816326530615
vggss,C1,12345,best,1840,Ih3hZZRw9Fg_000415,-0.10197704081632655
vggss,C1,12345,best,1841,Ih7sLCzExYU_000030,0.038966836734693894
vggss,C1,12345,best,1842,Ii5W65uAeF0_000056,-0.14346938775510207
vggss,C1,12345,best,1843,IiCNAp2sR9c_000030,-0.12980867346938774
vggss,C1,12345,best,1844,IiYSoGSDUY8_000030,-0.19860969387755104
vggss,C1,12345,best,1845,IisvMeU0iKQ_000180,-0.021836734693877563
vggss,C1,12345,best,1846,IixugYA0nKg_000135,0.22119897959183676
vggss,C1,12345,best,1847,IjQYJJo-cnw_000003,0.06714285714285713
vggss,C1,12345,best,1848,Ik2nR__c03E_000030,-0.014426020408163268
vggss,C1,12345,best,1849,IkS4Dfi2m10_000162,0.10744897959183673
vggss,C1,12345,best,1850,IkUsSY47oBk_000020,0.10667091836734695
vggss,C1,12345,best,1851,IlN12VWPl5o_000040,-0.06859693877551024
vggss,C1,12345,best,1852,IlZZUe9pIcI_000214,0.019502551020408168
vggss,C1,12345,best,1853,ImTFnUGgOZo_000091,0.13141581632653063
vggss,C1,12345,best,1854,ImhA1R3CLI4_000480,0.05040816326530613
vggss,C1,12345,best,1855,InrS4Fdndr4_000000,0.06614795918367347
vggss,C1,12345,best,1856,Ip0faarZ9c0_000253,-0.152155612244898
vggss,C1,12345,best,1857,IpCLfHuI_VM_000172,-0.04474489795918367
vggss,C1,12345,best,1858,IsGRLS6yPuE_000500,0.10116071428571428
vggss,C1,12345,best,1859,ItIo1RvO0PE_000020,-0.24534438775510203
vggss,C1,12345,best,1860,Iu1k5XJoeXk_000000,0.0391454081632653
vggss,C1,12345,best,1861,IwqD859w2_E_000030,-0.009808673469387769
vggss,C1,12345,best,1862,IwqNzs5BSvs_000035,-0.2087755102040816
vggss,C1,12345,best,1863,IwqNzs5BSvs_000046,-0.3811479591836735
vggss,C1,12345,best,1864,Iy2HaWAAnvQ_000173,-0.06659438775510201
vggss,C1,12345,best,1865,Iy47-2ecO1g_000250,-0.10195153061224488
vggss,C1,12345,best,1866,IyL7GafTLfY_000030,0.015816326530612226
vggss,C1,12345,best,1867,IyV2j4BsEM8_000030,0.2638265306122449
vggss,C1,12345,best,1868,IzKed528MCk_000070,-0.004170918367346954
vggss,C1,12345,best,1869,IzZFPvqT1_s_000190,0.16104591836734694
vggss,C1,12345,best,1870,J-MC4VxOaJc_000511,0.09938775510204083
vggss,C1,12345,best,1871,J1SB5arXFf4_000006,-0.004872448979591826
vggss,C1,12345,best,1872,J2nDnAerah0_000030,-0.03232142857142858
vggss,C1,12345,best,1873,J2zZ026RO9c_000095,-0.060522959183673466
vggss,C1,12345,best,1874,J3_suqJKrug_000058,-0.09079081632653062
vggss,C1,12345,best,1875,J4IWp4vNFnw_000100,-0.14126275510204084
vggss,C1,12345,best,1876,J5q9wLnXFh8_000206,-0.7802295918367348
vggss,C1,12345,best,1877,J65y3xLtzhY_000016,0.019923469387755095
vggss,C1,12345,best,1878,J66wMnYRl7s_000306,0.024017857142857146
vggss,C1,12345,best,1879,J6iYFxXuHrI_000654,0.2364795918367347
vggss,C1,12345,best,1880,J75Aju6BsT8_000010,0.07002551020408163
vggss,C1,12345,best,1881,JA4NSoCs-Q0_000408,-0.11832908163265306
vggss,C1,12345,best,1882,JBTEFp-SiAA_000171,-0.13318877551020408
vggss,C1,12345,best,1883,JBbLvj_lHRI_000089,-0.04952806122448983
vggss,C1,12345,best,1884,JCapiyzc_AA_000030,-0.14764030612244897
vggss,C1,12345,best,1885,JDBu-3VCyWc_000110,-0.1696045918367347
vggss,C1,12345,best,1886,JDbNy8sAMOo_000023,0.15010204081632653
vggss,C1,12345,best,1887,JEWRZmHMQkY_000166,0.13022959183673471
vggss,C1,12345,best,1888,JErx-AImWqk_000000,0.08714285714285713
vggss,C1,12345,best,1889,JFG4YvcJ3bo_000228,-0.0008290816326530503
vggss,C1,12345,best,1890,JFJuEOZx1K4_000160,-0.19934948979591835
vggss,C1,12345,best,1891,JFVs86eb014_000052,-0.03624999999999999
vggss,C1,12345,best,1892,JHM3zMBQxTQ_000030,-0.13623724489795916
vggss,C1,12345,best,1893,JIMJ7ewIoPA_000030,0.19549744897959184
vggss,C1,12345,best,1894,JIVlpGCaiTs_000030,-0.029196428571428568
vggss,C1,12345,best,1895,JIemsK_0lXc_000364,-0.27147959183673476
vggss,C1,12345,best,1896,JJMEP5noh34_000110,0.5756760204081632
vggss,C1,12345,best,1897,JKJ1okT8Vpw_000006,-0.03234693877551021
vggss,C1,12345,best,1898,JKUSKYdYo9w_000000,0.0028061224489795804
vggss,C1,12345,best,1899,JKbUVdMJAO8_000030,-0.0633545918367347
vggss,C1,12345,best,1900,JLtieDCSa6Y_000000,-0.0032525510204081606
vggss,C1,12345,best,1901,JLzD44Im1Ec_000030,-0.08766581632653063
vggss,C1,12345,best,1902,JMF7NvH3qoE_000030,0.11459183673469388
vggss,C1,12345,best,1903,JNbrtgeDFSk_000000,-0.32042091836734693
vggss,C1,12345,best,1904,JP637fg_ZC0_000030,-0.030880102040816336
vggss,C1,12345,best,1905,JQ_4fYOd-R0_000030,-0.18411989795918368
vggss,C1,12345,best,1906,JRIKh0r_We8_000098,-0.2315051020408163
vggss,C1,12345,best,1907,JS68nchziLA_000029,0.11644132653061223
vggss,C1,12345,best,1908,JUvqnkyxiSg_000013,0.09700255102040817
vggss,C1,12345,best,1909,JV2OwVsxY_0_000000,0.017206632653061223
vggss,C1,12345,best,1910,JVjDa0NmfeE_000012,0.000765306122448961
vggss,C1,12345,best,1911,JVjDa0NmfeE_000196,-0.028214285714285692
vggss,C1,12345,best,1912,JW3fRqCF5bY_000130,-0.1146938775510204
vggss,C1,12345,best,1913,JXZuAd9Lgew_000020,0.27627551020408164
vggss,C1,12345,best,1914,JXmpEFLhr9E_000030,-0.022551020408163258
vggss,C1,12345,best,1915,JYeBZqAjKG8_000120,-0.11264030612244898
vggss,C1,12345,best,1916,JZnOGRCBW0I_000030,-0.10348214285714287
vggss,C1,12345,best,1917,J_ZRXchuwNA_000030,-0.15451530612244896
vggss,C1,12345,best,1918,JcMSFU-Twgw_000030,-0.2841836734693878
vggss,C1,12345,best,1919,JdBTLOZo3dA_000180,-0.2885204081632653
vggss,C1,12345,best,1920,JebRsHS1xic_000144,-0.16876275510204078
vggss,C1,12345,best,1921,JefjXywAVzs_000181,0.04817602040816327
vggss,C1,12345,best,1922,JfDeETDDwhM_000040,-0.2090561224489796
vggss,C1,12345,best,1923,JgXnbgS_XBk_000480,-0.22933673469387753
vggss,C1,12345,best,1924,Jgg8HRAvNQM_000022,0.46248724489795917
vggss,C1,12345,best,1925,JgxnHxZXzrI_000011,-0.1283673469387755
vggss,C1,12345,best,1926,JhU9GLQkSHs_000083,-0.2101530612244898
vggss,C1,12345,best,1927,Jhk0I2wZelU_000030,-0.35713010204081636
vggss,C1,12345,best,1928,JixXL5s6fnE_000070,-0.11746173469387755
vggss,C1,12345,best,1929,Jj3Ie49Mzik_000020,-0.22603316326530615
vggss,C1,12345,best,1930,JkqXWP4nddE_000012,0.12077806122448981
vggss,C1,12345,best,1931,JlmUCZKjkuY_000244,-0.06395408163265306
vggss,C1,12345,best,1932,Jogry7CVLzA_000007,-0.08786989795918367
vggss,C1,12345,best,1933,Jp3ggRQzpHM_000072,0.01232142857142858
vggss,C1,12345,best,1934,JrGD2jdHUek_000030,-0.2291454081632653
vggss,C1,12345,best,1935,JrPXRMnZWH4_000117,-0.21838010204081632
vggss,C1,12345,best,1936,JrbVM5zjdug_000030,-0.2089158163265306
vggss,C1,12345,best,1937,Jte0G7PeVEM_000160,-0.08030612244897958
vggss,C1,12345,best,1938,JtiEjJram8k_000210,0.06275510204081633
vggss,C1,12345,best,1939,Ju4r0QU0Qg0_000018,-0.06534438775510204
vggss,C1,12345,best,1940,Ju7Kg_H2iZQ_000030,-0.26760204081632655
vggss,C1,12345,best,1941,JurvV_uIqjA_000026,-0.1436607142857143
vggss,C1,12345,best,1942,Jv6rpwJ7bgc_000030,-0.15637755102040815
vggss,C1,12345,best,1943,JwhuPQxlCpg_000030,0.21718112244897958
vggss,C1,12345,best,1944,K-PitCewkDg_000068,0.01859693877551019
vggss,C1,12345,best,1945,K-PitCewkDg_000080,-0.23387755102040816
vggss,C1,12345,best,1946,K-Zg1-fR9kU_000088,-0.08729591836734696
vggss,C1,12345,best,1947,K082-sINKZI_000223,-0.35271683673469384
vggss,C1,12345,best,1948,K0Y8oGYR7lw_000010,0.0696045918367347
vggss,C1,12345,best,1949,K0nW8q0RzTU_000030,0.0029209183673469252
vggss,C1,12345,best,1950,K1ASf4xAexc_000030,0.36860969387755105
vggss,C1,12345,best,1951,K1PzpuR6CqY_000010,-0.161875
vggss,C1,12345,best,1952,K1WTjvf8hG8_000020,0.13392857142857142
vggss,C1,12345,best,1953,K2ObTK7rK58_000020,0.11853316326530612
vggss,C1,12345,best,1954,K2bRcQYebN4_000004,0.08230867346938775
vggss,C1,12345,best,1955,K2pP4vbDrBw_000108,0.10338010204081632
vggss,C1,12345,best,1956,K3ByFtd0ugA_000148,-0.3424107142857143
vggss,C1,12345,best,1957,K3CenN7d30Y_000030,0.06894132653061225
vggss,C1,12345,best,1958,K49OWIVNULE_000220,-0.21878826530612247
vggss,C1,12345,best,1959,K5ChYCNCkvM_000030,0.002704081632653059
vggss,C1,12345,best,1960,K5DXRUo2ujw_000020,-0.25551020408163266
vggss,C1,12345,best,1961,K6KbEnGnymk_000030,-0.04323979591836735
vggss,C1,12345,best,1962,K7CQ6G0ILFQ_000061,0.06464285714285714
vggss,C1,12345,best,1963,K7dXkfKAano_000576,0.3327551020408163
vggss,C1,12345,best,1964,K8On7nUJuP8_000030,0.07283163265306122
vggss,C1,12345,best,1965,KAuoWt8dTJs_000061,-0.4849362244897959
vggss,C1,12345,best,1966,KAuoWt8dTJs_000087,0.2611989795918367
vggss,C1,12345,best,1967,KBOdG9xNLaA_000006,0.13116071428571427
vggss,C1,12345,best,1968,KC-wRA_SwK0_000140,0.591811224489796
vggss,C1,12345,best,1969,KCXiP1di11k_000028,0.009362244897959185
vggss,C1,12345,best,1970,KDE80kI1Kf0_000040,-0.3187627551020408
vggss,C1,12345,best,1971,KDgNhw175fM_000089,-0.04288265306122448
vggss,C1,12345,best,1972,KG4T5A7hfRc_000170,-0.0864030612244898
vggss,C1,12345,best,1973,KHVZFbmt8xk_000030,-0.07691326530612244
vggss,C1,12345,best,1974,KI9v2anRrw4_000048,-0.029426020408163264
vggss,C1,12345,best,1975,KJMpCjosdu4_000051,-0.11964285714285716
vggss,C1,12345,best,1976,KJcjnqKzqfw_000115,-0.5170280612244897
vggss,C1,12345,best,1977,KKFdi5WQ0V0_000256,-0.0028188775510204073
vggss,C1,12345,best,1978,KLWutuuzmco_000012,0.06150510204081633
vggss,C1,12345,best,1979,KPyYUly5xCc_000350,0.1566454081632653
vggss,C1,12345,best,1980,KQAR_64a35I_000011,0.3067091836734694
vggss,C1,12345,best,1981,KQGJCKwsFbA_000157,-0.05411989795918366
vggss,C1,12345,best,1982,KSOxq1eovtw_000030,0.12558673469387754
vggss,C1,12345,best,1983,KS_5Qiec4AI_000009,-0.043022959183673465
vggss,C1,12345,best,1984,KSx1Y32_Wd0_000062,0.24793367346938777
vggss,C1,12345,best,1985,KTHsyIQI2L0_000200,0.38125
vggss,C1,12345,best,1986,KUoMl-m6w-o_000026,-0.034094387755102054
vggss,C1,12345,best,1987,KUrZc88Ma3g_000010,-0.28311224489795916
vggss,C1,12345,best,1988,KVuoi20iigU_000280,0.02743622448979592
vggss,C1,12345,best,1989,KWxQKX94CL4_000085,-0.10070153061224488
vggss,C1,12345,best,1990,KXO4lC4LjxI_000011,0.08061224489795918
vggss,C1,12345,best,1991,KXRngbBe0bg_000080,-0.39582908163265307
vggss,C1,12345,best,1992,KXuB62SMFvA_000030,-0.003864795918367331
vggss,C1,12345,best,1993,KYnOCgdquQU_000345,0.0982780612244898
vggss,C1,12345,best,1994,K_EsxukdNXM_000030,-0.012525510204081623
vggss,C1,12345,best,1995,K_GkTGJxTSk_000019,-0.13909438775510208
vggss,C1,12345,best,1996,KacYEZwBTY4_000050,0.22720663265306124
vggss,C1,12345,best,1997,KbOySeP46l4_000570,-0.035293367346938796
vggss,C1,12345,best,1998,Kc1yfZngUms_000009,-0.05443877551020408
vggss,C1,12345,best,1999,KcC_g1wPovM_000080,0.00434948979591835
vggss,C1,12345,best,2000,KcWPqFhrna0_000030,0.044910714285714304
vggss,C1,12345,best,2001,KdIIocq3jeM_000409,0.28599489795918365
vggss,C1,12345,best,2002,KdioKgAO4cQ_000059,-0.13809948979591838
vggss,C1,12345,best,2003,KdxSaA69fm8_000030,-0.17119897959183672
vggss,C1,12345,best,2004,Ke1oAMn5aXE_000060,-0.03262755102040816
vggss,C1,12345,best,2005,KeprFzFcbYU_000010,0.13668367346938776
vggss,C1,12345,best,2006,KhjtXdPpEHM_000099,0.17205357142857142
vggss,C1,12345,best,2007,KiA1NLu5MCo_000001,0.0035459183673469397
vggss,C1,12345,best,2008,KiCOEV4Rbos_000002,0.1514030612244897
vggss,C1,12345,best,2009,KjGMB5wI-YE_000000,-0.1958673469387755
vggss,C1,12345,best,2010,KksMNKXuiNw_000012,0.03747448979591836
vggss,C1,12345,best,2011,KlTTpDOhFUg_000063,-0.21390306122448982
vggss,C1,12345,best,2012,Klg9f9U3kDQ_000552,0.12144132653061225
vggss,C1,12345,best,2013,Kmizok5mDVE_000330,0.050242346938775495
vggss,C1,12345,best,2014,Kp3-Drt61_M_000011,0.1314158163265306
vggss,C1,12345,best,2015,Kp3-Drt61_M_000046,-0.30820153061224487
vggss,C1,12345,best,2016,Kp3BH28CB0U_000164,-0.09061224489795917
vggss,C1,12345,best,2017,Kp3BH28CB0U_000199,0.05357142857142855
vggss,C1,12345,best,2018,KpBPs6klq2U_000426,-0.06567602040816325
vggss,C1,12345,best,2019,Kp_F7FrKrSc_000210,-0.33451530612244895
vggss,C1,12345,best,2020,KpzZokdRUuY_000040,-0.06387755102040817
vggss,C1,12345,best,2021,KqF-WZRVs-w_000070,-0.09519132653061223
vggss,C1,12345,best,2022,KqsNyXIEIwg_000030,-0.17676020408163268
vggss,C1,12345,best,2023,KrAPRaQI9cE_000386,-0.08214285714285718
vggss,C1,12345,best,2024,Krasofv8pvM_000300,0.43605867346938776
vggss,C1,12345,best,2025,KsSbIGkUf7Y_000313,-0.33026785714285717
vggss,C1,12345,best,2026,Kt3KMQU1hJQ_000260,0.1355612244897959
vggss,C1,12345,best,2027,KuFurXDu4l8_000000,-0.10545918367346938
vggss,C1,12345,best,2028,KuLE8odpCc8_000100,-0.11815051020408164
vggss,C1,12345,best,2029,KuOnJLFsdsA_000000,-0.34739795918367344
vggss,C1,12345,best,2030,Kvpav8cFKhM_000120,-0.12588010204081634
vggss,C1,12345,best,2031,KwoVfQeJmiE_000073,0.07204081632653062
vggss,C1,12345,best,2032,Kx8xFS9jbjg_000004,-0.23507653061224487
vggss,C1,12345,best,2033,KxLMzuKzpOM_000571,0.0365561224489796
vggss,C1,12345,best,2034,KxxDWc08nSo_000028,0.28380102040816324
vggss,C1,12345,best,2035,KxzuJRh9GaQ_000030,0.024017857142857126
vggss,C1,12345,best,2036,Kz4SvP0c_VE_000019,-0.3323341836734694
vggss,C1,12345,best,2037,KzdmGVwiPN0_000019,-0.22776785714285713
vggss,C1,12345,best,2038,KzvdKLdBw3s_000060,-0.2886862244897959
vggss,C1,12345,best,2039,L11Wkfojbzc_000263,-0.08850765306122449
vggss,C1,12345,best,2040,L1znjiyEMKc_000215,0.18831632653061225
vggss,C1,12345,best,2041,L2Xbs0ke8TY_000470,0.13687499999999997
vggss,C1,12345,best,2042,L3FlG2uJgY8_000250,-0.34653061224489795
vggss,C1,12345,best,2043,L3a132_uApg_000090,-0.2585459183673469
vggss,C1,12345,best,2044,L3lYFx1wx-M_000195,-0.03623724489795918
vggss,C1,12345,best,2045,L3t6q50x8JU_000037,0.059413265306122454
vggss,C1,12345,best,2046,L3wNweyCqdY_000394,-0.007500000000000007
vggss,C1,12345,best,2047,L5UDz2PJ9sk_000030,-0.03387755102040815
vggss,C1,12345,best,2048,L6QtigLJD_4_000030,0.02151785714285714
vggss,C1,12345,best,2049,L6V8S8U9iLs_000312,-0.06545918367346938
vggss,C1,12345,best,2050,L76AuckUoe8_000006,0.053737244897959176
vggss,C1,12345,best,2051,L7wH_Co3RXY_000004,-0.09410714285714286
vggss,C1,12345,best,2052,L9-nSe9P0l8_000364,0.10209183673469385
vggss,C1,12345,best,2053,LA4CTzhrLu8_000008,-0.05378826530612245
vggss,C1,12345,best,2054,LA91bTw_08Q_000203,0.07457908163265305
vggss,C1,12345,best,2055,LAeWwMC2EaI_000030,0.17001275510204084
vggss,C1,12345,best,2056,LBXYlTnm0Fw_000054,0.11806122448979592
vggss,C1,12345,best,2057,LBxiUTpsRxQ_000020,0.015420918367346936
vggss,C1,12345,best,2058,LC4vDpnkDtM_000063,0.5047704081632653
vggss,C1,12345,best,2059,LC4vDpnkDtM_000100,-0.02089285714285714
vggss,C1,12345,best,2060,LC79lWBAlR4_000410,-0.5282270408163265
vggss,C1,12345,best,2061,LCFNAzdifzU_000003,0.11655612244897959
vggss,C1,12345,best,2062,LDDOczcTYxI_000147,-0.04188775510204079
vggss,C1,12345,best,2063,LDGzSk_vzPo_000260,0.16016581632653065
vggss,C1,12345,best,2064,LDoXsip0BEQ_000177,0.045382653061224486
vggss,C1,12345,best,2065,LEFSHa_n9jE_000287,-0.022946428571428576
vggss,C1,12345,best,2066,LEUkbkdBupE_000004,-0.21261479591836735
vggss,C1,12345,best,2067,LEZFcGFwJlc_000030,0.026147959183673464
vggss,C1,12345,best,2068,LFYRuK8YstI_000030,-0.014604591836734668
vggss,C1,12345,best,2069,LHVhSXvr6Ds_000028,-0.2505484693877551
vggss,C1,12345,best,2070,LI46aCaqKQg_000108,-0.02394132653061226
vggss,C1,12345,best,2071,LIU7EYJEbYQ_000010,-0.025153061224489785
vggss,C1,12345,best,2072,LLkNFGrrgUo_000030,-0.1074362244897959
vggss,C1,12345,best,2073,LMcCvGwYIS4_000022,-0.13104591836734694
vggss,C1,12345,best,2074,LN92tji7ADA_000002,0.06479591836734695
vggss,C1,12345,best,2075,LPjblqE3xHk_000218,0.08841836734693877
vggss,C1,12345,best,2076,LPvJFjsxMj8_000030,0.1169387755102041
vggss,C1,12345,best,2077,LRODueKSk2M_000040,0.17700255102040818
vggss,C1,12345,best,2078,LTD5rh_DOTY_000260,-0.26697704081632656
vggss,C1,12345,best,2079,LU1CGfgJXfM_000080,-0.24512755102040817
vggss,C1,12345,best,2080,LUfzlkl-Dac_000001,0.01840561224489795
vggss,C1,12345,best,2081,LUg8N2STi2k_000540,-0.023749999999999993
vggss,C1,12345,best,2082,LVYHbuggoj8_000050,0.16377551020408163
vggss,C1,12345,best,2083,LXZNhyX5SkE_000206,-0.05470663265306122
vggss,C1,12345,best,2084,LaGXHHzobMA_000012,0.28126275510204085
vggss,C1,12345,best,2085,LaUs2LAnO1w_000123,-0.08561224489795918
vggss,C1,12345,best,2086,LataVY-O5FA_000063,-0.09738520408163265
vggss,C1,12345,best,2087,LataVY-O5FA_000090,0.05156887755102041
vggss,C1,12345,best,2088,LbWDdMprV5k_000113,0.15215561224489796
vggss,C1,12345,best,2089,LdBuyaHo5Vg_000017,0.09598214285714285
vggss,C1,12345,best,2090,LdpRTw1ieMI_000030,0.20477040816326533
vggss,C1,12345,best,2091,Le2MGWRa_SE_000030,0.06042091836734694
vggss,C1,12345,best,2092,Le4cUq4dLUI_000030,-0.2014030612244898
vggss,C1,12345,best,2093,LeKSh68pvMQ_000030,0.19959183673469386
vggss,C1,12345,best,2094,LfXdaE7ph_I_000011,-0.331734693877551
vggss,C1,12345,best,2095,LgEdRFbdjH4_000004,0.19520408163265307
vggss,C1,12345,best,2096,LhRNnXaSsCk_000030,-0.02665816326530613
vggss,C1,12345,best,2097,LhgaG9ZtdwI_000003,-0.06616071428571428
vggss,C1,12345,best,2098,LhpzNXhZ44c_000030,-0.14514030612244896
vggss,C1,12345,best,2099,LiXfod3qOQw_000020,0.027882653061224477
vggss,C1,12345,best,2100,Lj8Oo7QRjcQ_000030,0.2483801020408163
vggss,C1,12345,best,2101,LjxhswBV1UA_000020,-0.037576530612244904
vggss,C1,12345,best,2102,LjzgGsaVCP4_000076,0.05857142857142858
vggss,C1,12345,best,2103,Lk19eZ_2ZOE_000030,0.15663265306122448
vggss,C1,12345,best,2104,LkJeC5nr8Is_000022,-0.23020408163265302
vggss,C1,12345,best,2105,LpaMZAVe9Cg_000116,-0.005892857142857137
vggss,C1,12345,best,2106,LsxjV7E7F_M_000097,0.19761479591836734
vggss,C1,12345,best,2107,LvE-KeIoTC4_000085,-0.03908163265306122
vggss,C1,12345,best,2108,Lvcjl09Esns_000198,0.10640306122448981
vggss,C1,12345,best,2109,LvpgSdHLuCY_000320,-0.05760204081632653
vggss,C1,12345,best,2110,LwZNG7Uuu7g_000065,0.10997448979591835
vggss,C1,12345,best,2111,LwZNG7Uuu7g_000079,0.04483418367346942
vggss,C1,12345,best,2112,Lyj48v3SEzs_000075,0.06426020408163266
vggss,C1,12345,best,2113,LyravGP_Li8_000264,0.06670918367346938
vggss,C1,12345,best,2114,LzoAb4spthk_000042,-0.042002551020408174
vggss,C1,12345,best,2115,M-bmsXbJBdw_000034,0.003928571428571441
vggss,C1,12345,best,2116,M0FSrDPm6IE_000013,0.16542091836734693
vggss,C1,12345,best,2117,M0Iwz8p-3XU_000030,0.21040816326530612
vggss,C1,12345,best,2118,M0YbiT8Z7d4_000204,-0.3723341836734694
vggss,C1,12345,best,2119,M14YsutGzIk_000005,-0.10871173469387754
vggss,C1,12345,best,2120,M1P1xla8rg0_000000,-0.012755102040816334
vggss,C1,12345,best,2121,M4QNImtbFlQ_000030,-0.09998724489795918
vggss,C1,12345,best,2122,M5xJm4N_8pg_000014,0.1264668367346939
vggss,C1,12345,best,2123,M61BBJpvvx8_000030,-0.14839285714285713
vggss,C1,12345,best,2124,M6NJA3tF044_000057,0.3321938775510204
vggss,C1,12345,best,2125,M6StDnohba8_000082,0.005102040816326529
vggss,C1,12345,best,2126,M7NvD1WJQ7o_000070,-0.20073979591836735
vggss,C1,12345,best,2127,M7kdWvNks4U_000060,-0.010395408163265313
vggss,C1,12345,best,2128,M7rGKqfZh6k_000030,-0.04688775510204084
vggss,C1,12345,best,2129,M83C5w1YAdc_000010,0.23544642857142856
vggss,C1,12345,best,2130,M83GjpnyZgo_000018,-0.05994897959183672
vggss,C1,12345,best,2131,M9r2bFnSN1w_000433,0.37765306122448977
vggss,C1,12345,best,2132,MAqLrKdONiM_000030,-0.16336734693877553
vggss,C1,12345,best,2133,MB23r3XMRNU_000023,0.4835204081632653
vggss,C1,12345,best,2134,MBRmjThZops_000000,0.0738392857142857
vggss,C1,12345,best,2135,MBjlZQZ4Sns_000044,-0.026505102040816325
vggss,C1,12345,best,2136,MCa8xcBlBe8_000030,-0.4051530612244898
vggss,C1,12345,best,2137,MDMHvUb2JmM_000340,-0.24
vggss,C1,12345,best,2138,MDa1ZVdDz2Y_000060,-0.037283163265306125
vggss,C1,12345,best,2139,MDotfX0EyFg_000110,0.14255102040816325
vggss,C1,12345,best,2140,ME7oIRHOPlE_000040,0.09255102040816325
vggss,C1,12345,best,2141,MEUcv-QM0cQ_000030,-0.0547704081632653
vggss,C1,12345,best,2142,MFm2C-ve7qw_000030,-0.4066198979591837
vggss,C1,12345,best,2143,MFnTQnXK-Pc_000097,0.28811224489795917
vggss,C1,12345,best,2144,MGlXtoSD6SA_000033,0.14394132653061226
vggss,C1,12345,best,2145,MHT46cURY6c_000030,0.32559948979591835
vggss,C1,12345,best,2146,MHykFW1zgoA_000121,-0.3306887755102041
vggss,C1,12345,best,2147,MI6AgoqRlZg_000069,0.22096938775510205
vggss,C1,12345,best,2148,MI6mYvpTgCM_000083,0.08278061224489797
vggss,C1,12345,best,2149,MKC9LvRivTM_000030,0.23088010204081633
vggss,C1,12345,best,2150,MKXeCiPtZwo_000280,-0.16919642857142858
vggss,C1,12345,best,2151,MLMRHScRnhs_000042,0.0717219387755102
vggss,C1,12345,best,2152,MM78BP5nkUs_000417,-0.19442602040816326
vggss,C1,12345,best,2153,MMCrV1ia670_000030,0.03260204081632654
vggss,C1,12345,best,2154,MMVkRbIJ8Ms_000000,-0.1404591836734694
vggss,C1,12345,best,2155,MMcIAn91Zrc_000005,0.023278061224489797
vggss,C1,12345,best,2156,MN-NfHbxdQE_000107,-0.026415816326530603
vggss,C1,12345,best,2157,MNEuyIAtj3U_000172,0.0423341836734694
vggss,C1,12345,best,2158,MNN2LtdpPc0_000170,0.06228316326530614
vggss,C1,12345,best,2159,MNnlykTxbB0_000030,-0.0189795918367347
vggss,C1,12345,best,2160,MON5q_Vvgx8_000062,0.1625
vggss,C1,12345,best,2161,MPW-geOjDG4_000197,0.13346938775510203
vggss,C1,12345,best,2162,MPe6ztPtF0Y_000030,0.05917091836734695
vggss,C1,12345,best,2163,MQ6ckvo-f2k_000050,-0.11183673469387756
vggss,C1,12345,best,2164,MQtUV_cFcm8_000020,-0.05316326530612242
vggss,C1,12345,best,2165,MT0ujxJyAvs_000108,-0.003176020408163255
vggss,C1,12345,best,2166,MUC3GjvBI7I_000030,0.11253826530612245
vggss,C1,12345,best,2167,MVLEz28ZdFU_000010,-0.12788265306122448
vggss,C1,12345,best,2168,MW0ZTvRCS1o_000220,-0.26284438775510205
vggss,C1,12345,best,2169,MX5ei7dDgPc_000137,0.14450255102040818
vggss,C1,12345,best,2170,MXoUiFrXVak_000011,-0.07505102040816326
vggss,C1,12345,best,2171,MYLbHRi-eXA_000039,-0.16533163265306122
vggss,C1,12345,best,2172,MYv6qs-tjFY_000260,0.060548469387755086
vggss,C1,12345,best,2173,MYxhRD4RVmQ_000010,-0.07678571428571429
vggss,C1,12345,best,2174,MZ7yHPG9ThU_000017,-0.13528061224489796
vggss,C1,12345,best,2175,MZFo739aKwI_000109,-0.11434948979591837
vggss,C1,12345,best,2176,M_0KYUcqS8g_000009,0.01885204081632652
vggss,C1,12345,best,2177,M_3Mk2nMydQ_000030,-0.02932397959183674
vggss,C1,12345,best,2178,MabWpP62b1E_000168,-0.09021683673469388
vggss,C1,12345,best,2179,MasEB_CwVoI_000175,-0.027487244897959184
vggss,C1,12345,best,2180,MbPDtTzoOj4_000040,0.0739030612244898
vggss,C1,12345,best,2181,Mdwn6x9edFI_000530,-0.06470663265306122
vggss,C1,12345,best,2182,MeF_9KT_T8k_000040,-0.27176020408163265
vggss,C1,12345,best,2183,Mel-OwQFWmo_000130,0.04673469387755103
vggss,C1,12345,best,2184,MetDvJdgZ64_000049,-0.16033163265306122
vggss,C1,12345,best,2185,MgD5JedaXGs_000020,0.06950255102040816
vggss,C1,12345,best,2186,Mgd0Hsgl8gU_000100,-0.16528061224489796
vggss,C1,12345,best,2187,MiQZ0dGQuIA_000170,0.003124999999999989
vggss,C1,12345,best,2188,Mj6ezUbjRHE_000133,-0.22994897959183672
vggss,C1,12345,best,2189,MmMtqNIzmjg_000075,0.09891581632653061
vggss,C1,12345,best,2190,Mn8WGSW8jHY_000065,-0.056849489795918376
vggss,C1,12345,best,2191,MnGVz1Xu4L4_000046,-0.15461734693877552
vggss,C1,12345,best,2192,MnGVz1Xu4L4_000075,-0.09253826530612247
vggss,C1,12345,best,2193,MnH4tzgKXVc_000030,-0.13136479591836733
vggss,C1,12345,best,2194,MoWyfzqzZrk_000019,-0.009043367346938794
vggss,C1,12345,best,2195,MoYPhggPrPg_000074,-0.13031887755102037
vggss,C1,12345,best,2196,MpWGx5odhh8_000160,-0.12674744897959184
vggss,C1,12345,best,2197,MqJra27MtFc_000000,-0.14895408163265306
vggss,C1,12345,best,2198,Mqlg9NYMidw_000011,-0.03664540816326531
vggss,C1,12345,best,2199,Mr--N4d6lIM_000323,0.1831122448979592
vggss,C1,12345,best,2200,Mr87MY9Vdiw_000002,0.1576530612244898
vggss,C1,12345,best,2201,MrHp70quN94_000030,0.2034311224489796
vggss,C1,12345,best,2202,Ms-M0gM_Sy8_000030,-0.28918367346938767
vggss,C1,12345,best,2203,Mt4F5APXeqI_000838,-0.02396683673469388
vggss,C1,12345,best,2204,MueF0HZVVcg_000011,-0.015688775510204103
vggss,C1,12345,best,2205,Mw9Kg1um1pk_000050,0.3739923469387755
vggss,C1,12345,best,2206,MxSoqiN92v0_000134,0.22915816326530614
vggss,C1,12345,best,2207,My0YmR6tYAk_000060,-0.3482270408163265
vggss,C1,12345,best,2208,MyUItl-2v0U_000050,0.009221938775510197
vggss,C1,12345,best,2209,MyjxrBI9k4o_000080,0.013010204081632643
vggss,C1,12345,best,2210,N-kdCENmuAs_000039,-0.19089285714285714
vggss,C1,12345,best,2211,N00JbKpZKKw_000446,-0.19539540816326534
vggss,C1,12345,best,2212,N0c6P3Po5J0_000118,-0.1560076530612245
vggss,C1,12345,best,2213,N0d1cK2k1Eg_000000,0.20946428571428574
vggss,C1,12345,best,2214,N0jVgldCwAk_000000,-0.17997448979591835
vggss,C1,12345,best,2215,N1c73HkaxvY_000000,-0.034515306122448984
vggss,C1,12345,best,2216,N1dCXhy56po_000009,0.39779336734693876
vggss,C1,12345,best,2217,N2CdQ4bWCkE_000022,-0.12153061224489796
vggss,C1,12345,best,2218,N3B-vKpsKoE_000125,-0.3399107142857143
vggss,C1,12345,best,2219,N4JQ0uzRjpA_000274,-0.14808673469387756
vggss,C1,12345,best,2220,N4SfahxM8Z4_000004,-0.07447704081632656
vggss,C1,12345,best,2221,N4yxwdPnRQk_000028,0.2689285714285714
vggss,C1,12345,best,2222,N6e5C5sXdBI_000000,0.06479591836734694
vggss,C1,12345,best,2223,N7_5mcVZgO8_000042,0.0064540816326530415
vggss,C1,12345,best,2224,N7tVUQOobkY_000289,-0.057729591836734706
vggss,C1,12345,best,2225,N8iIq2UzZLk_000030,-0.3431887755102041
vggss,C1,12345,best,2226,N9N4AZXwWaM_000140,-0.014400510204081604
vggss,C1,12345,best,2227,N9VpRM5Dx3g_000133,0.12716836734693876
vggss,C1,12345,best,2228,N9hbVla0XmE_000087,0.14855867346938778
vggss,C1,12345,best,2229,NAiOfUtiXeM_000030,-0.01725765306122449
vggss,C1,12345,best,2230,ND5nBdo7Lwo_000090,0.029923469387755086
vggss,C1,12345,best,2231,NDovY5OEt2o_000030,0.05099489795918367
vggss,C1,12345,best,2232,NEGXDnMhd5A_000040,0.10237244897959186
vggss,C1,12345,best,2233,NEUZUB2K1aI_000078,0.11086734693877551
vggss,C1,12345,best,2234,NE_DQerjrVU_000020,0.0310969387755102
vggss,C1,12345,best,2235,NEi-LsJkgE4_000030,-0.22362244897959183
vggss,C1,12345,best,2236,NF1lwZ24RYI_000030,0.26968112244897957
vggss,C1,12345,best,2237,NGvamh45l6k_000022,-0.14829081632653063
vggss,C1,12345,best,2238,NGvamh45l6k_000039,0.29510204081632657
vggss,C1,12345,best,2239,NIUD5tnT_NQ_000308,-0.07306122448979592
vggss,C1,12345,best,2240,NIXYf0CSnhE_000080,0.08920918367346939
vggss,C1,12345,best,2241,NIklY_eIHdQ_000039,-0.11362244897959184
vggss,C1,12345,best,2242,NIuu97_y33A_000030,-0.21386479591836732
vggss,C1,12345,best,2243,NJJg575V_fc_000080,-0.07758928571428572
vggss,C1,12345,best,2244,NJUl3gPX07o_000030,-0.1796173469387755
vggss,C1,12345,best,2245,NJo3COkwasM_000017,0.11455357142857144
vggss,C1,12345,best,2246,NKfyi7q0JNU_000030,0.049744897959183694
vggss,C1,12345,best,2247,NPXZIqxKvXA_000030,-0.1987372448979592
vggss,C1,12345,best,2248,NRJw5ZZMBnw_000030,-0.13466836734693874
vggss,C1,12345,best,2249,NRRYGxnq-FM_000258,0.38478316326530615
vggss,C1,12345,best,2250,NSEzNYgLuAs_000077,0.39394132653061226
vggss,C1,12345,best,2251,NSfsygAoz0I_000001,0.20906887755102044
vggss,C1,12345,best,2252,NTyKi3QGd4k_000090,0.105625
vggss,C1,12345,best,2253,NUEfNw3Mdsw_000249,-0.15849489795918367
vggss,C1,12345,best,2254,NV0P4YtItzc_000110,-0.09278061224489795
vggss,C1,12345,best,2255,NXCTvtrCPXs_000177,-0.03235969387755101
vggss,C1,12345,best,2256,NXeVBvS5cxQ_000030,0.005867346938775483
vggss,C1,12345,best,2257,NY1zBHjxxc4_000140,0.14687499999999998
vggss,C1,12345,best,2258,NYKrP5HnEC8_000030,0.05528061224489796
vggss,C1,12345,best,2259,NZMsQG4Zx7I_000050,-0.05992346938775509
vggss,C1,12345,best,2260,N_bWjtccFg0_000020,0.18985969387755103
vggss,C1,12345,best,2261,NaGTvAwqJVc_000080,-0.281875
vggss,C1,12345,best,2262,Nayu_7okwmY_000032,0.365484693877551
vggss,C1,12345,best,2263,NboCft3LZAg_000140,-0.2793494897959184
vggss,C1,12345,best,2264,NcIR-UiXJI0_000030,0.2837372448979592
vggss,C1,12345,best,2265,NcKhJQPS_hs_000047,-0.08701530612244898
vggss,C1,12345,best,2266,Ncdv7wCGgYE_000030,-0.3660586734693878
vggss,C1,12345,best,2267,NcllrpzRk38_000041,0.1198469387755102
vggss,C1,12345,best,2268,NdYDEnBhiSE_000018,0.31562500000000004
vggss,C1,12345,best,2269,NdiSW-p2I0c_000030,-0.026301020408163255
vggss,C1,12345,best,2270,NdqYvzceNo0_000001,-0.15219387755102037
vggss,C1,12345,best,2271,NfOHjeI-Bns_000210,0.21211734693877554
vggss,C1,12345,best,2272,Ng1LL3S02kI_000048,-0.2974872448979592
vggss,C1,12345,best,2273,Ng9bw-BkB94_000030,0.04130102040816326
vggss,C1,12345,best,2274,NgAEMX5d5iM_000083,-0.3842857142857143
vggss,C1,12345,best,2275,Nht8x-egV7Y_000015,0.16825255102040815
vggss,C1,12345,best,2276,Ni_RNKhQ47k_000118,-0.22397959183673471
vggss,C1,12345,best,2277,Ni_RNKhQ47k_000136,0.009859693877551007
vggss,C1,12345,best,2278,NjLHnT9ZtPw_000119,0.06909438775510206
vggss,C1,12345,best,2279,Nluf6HIYXXQ_000030,-0.15284438775510203
vggss,C1,12345,best,2280,NpGTa9fRvUU_000030,0.08789540816326528
vggss,C1,12345,best,2281,Nqb7nw58q08_000030,-0.2011607142857143
vggss,C1,12345,best,2282,NqzZbJJl3E4_000030,0.002602040816326534
vggss,C1,12345,best,2283,Ns-iXXKmzzU_000030,-0.029948979591836733
vggss,C1,12345,best,2284,Ns9Zf0DrFlk_000212,0.003928571428571448
vggss,C1,12345,best,2285,NsbLeONN0-c_000188,0.07068877551020412
vggss,C1,12345,best,2286,Nsjm00Bwebo_000140,-0.20636479591836732
vggss,C1,12345,best,2287,NtM3gudMBCQ_000010,-0.1232015306122449
vggss,C1,12345,best,2288,NuqLe9Svlio_000443,0.021811224489795916
vggss,C1,12345,best,2289,NuvgBjmUW1g_000140,0.1526530612244898
vggss,C1,12345,best,2290,Nuyu78uZcVE_000058,-0.2491964285714286
vggss,C1,12345,best,2291,Nuyu78uZcVE_000162,-0.354859693877551
vggss,C1,12345,best,2292,NvN2PoU3Pzs_000678,0.12154336734693878
vggss,C1,12345,best,2293,NwBREzh6M_I_000050,-0.01919642857142856
vggss,C1,12345,best,2294,NwGcF_Ud-ig_000000,-0.14059948979591835
vggss,C1,12345,best,2295,NwpT3VmaDGE_000205,-0.36538265306122447
vggss,C1,12345,best,2296,NyWZtL6Essc_000038,-0.0503061224489796
vggss,C1,12345,best,2297,NynrI4Tm9zo_000052,-0.08017857142857143
vggss,C1,12345,best,2298,O-UIOSuqzWA_000001,0.16304846938775513
vggss,C1,12345,best,2299,O-VVb8Ag49g_000040,-0.1141326530612245
vggss,C1,12345,best,2300,O2HttJtcec4_000030,-0.11051020408163267
vggss,C1,12345,best,2301,O3HG59u1yek_000030,0.1176658163265306
vggss,C1,12345,best,2302,O41WqVK8Cjw_000100,-0.02571428571428573
vggss,C1,12345,best,2303,O4XYhK_tQnk_000028,-0.01932397959183671
vggss,C1,12345,best,2304,O67-3jP1DUs_000443,-0.3107908163265306
vggss,C1,12345,best,2305,O69hivnI5oM_000073,0.28438775510204084
vggss,C1,12345,best,2306,O7-ggV4SQRs_000030,0.09112244897959185
vggss,C1,12345,best,2307,O70kWGbFbbY_000204,-0.005459183673469398
vggss,C1,12345,best,2308,O7puBCRI2Bc_000030,-0.3223979591836735
vggss,C1,12345,best,2309,O8DtnVJN_dY_000030,0.39599489795918363
vggss,C1,12345,best,2310,O9KZqw2dyXM_000024,-0.05512755102040817
vggss,C1,12345,best,2311,O9M7RtFP_-Y_000010,0.012716836734693877
vggss,C1,12345,best,2312,O9dNbswLJu0_000331,-0.2996045918367347
vggss,C1,12345,best,2313,OAyewg0sAeY_000000,0.01955357142857142
vggss,C1,12345,best,2314,OBAaK0pxdW0_000046,0.24459183673469387
vggss,C1,12345,best,2315,OCReBtZOo8A_000021,-0.252780612244898
vggss,C1,12345,best,2316,OCaW_fZF1e8_000251,-0.08598214285714285
vggss,C1,12345,best,2317,OCwzCoB6p-4_000030,0.14448979591836733
vggss,C1,12345,best,2318,ODoQDztFbaQ_000251,-0.08156887755102041
vggss,C1,12345,best,2319,OGnBrabqdP4_000040,-0.23993622448979596
vggss,C1,12345,best,2320,OGyMalgBFxY_000001,0.09126275510204085
vggss,C1,12345,best,2321,OHkkIGrKEKk_000000,-0.13635204081632654
vggss,C1,12345,best,2322,OI4vBlF4O-Y_000052,0.3146428571428571
vggss,C1,12345,best,2323,OIYRNzlgN84_000200,-0.0699234693877551
vggss,C1,12345,best,2324,OIqd2UrvGcI_000109,-0.37584183673469385
vggss,C1,12345,best,2325,OIx8kHKwMl8_000035,-0.18503826530612244
vggss,C1,12345,best,2326,OKsOk8558gs_000380,0.22114795918367347
vggss,C1,12345,best,2327,OLG6jDvjB9I_000133,0.12432397959183672
vggss,C1,12345,best,2328,OLRKXIQi9z4_000023,0.16799744897959185
vggss,C1,12345,best,2329,OLaCHe5fCtY_000275,-0.031874999999999994
vggss,C1,12345,best,2330,OMaV10b6-CU_000140,0.2036224489795918
vggss,C1,12345,best,2331,OODgp3YrENY_000028,0.20350765306122454
vggss,C1,12345,best,2332,OOzxHnmlNhA_000017,-0.18536989795918368
vggss,C1,12345,best,2333,OPXoyT08GvQ_000017,0.05533163265306123
vggss,C1,12345,best,2334,OPd0cz1hRqc_000030,0.18945153061224493
vggss,C1,12345,best,2335,OQuFLgQSj0k_000044,0.01633928571428571
vggss,C1,12345,best,2336,ORaz32CQ29k_000130,-0.08434948979591837
vggss,C1,12345,best,2337,OSlYn9hTRFA_000030,0.4909821428571429
vggss,C1,12345,best,2338,OTBujHqhKhI_000000,0.09585459183673468
vggss,C1,12345,best,2339,OUIkTOSII9w_000050,0.2908545918367347
vggss,C1,12345,best,2340,OWJ_fMJFjWQ_000358,0.08588010204081632
vggss,C1,12345,best,2341,OWuMapsvJ3w_000050,-0.08951530612244898
vggss,C1,12345,best,2342,OZ9ti0RBfr8_000029,0.10280612244897959
vggss,C1,12345,best,2343,O_q02_oUP2M_000131,0.038622448979591814
vggss,C1,12345,best,2344,ObV0Fz5rJHQ_000008,0.3794770408163265
vggss,C1,12345,best,2345,ObdJilylBPw_000527,0.03159438775510204
vggss,C1,12345,best,2346,ObhHyU04C40_000197,0.0332142857142857
vggss,C1,12345,best,2347,Oc9azgD3RJ8_000030,-0.10735969387755101
vggss,C1,12345,best,2348,Od58AkKIPnA_000060,0.03751275510204083
vggss,C1,12345,best,2349,OebTD1Qqjys_000055,0.25630102040816327
vggss,C1,12345,best,2350,Oew6XicL4Ks_000150,-0.21102040816326528
vggss,C1,12345,best,2351,OgSyPzydMxk_000020,0.11987244897959182
vggss,C1,12345,best,2352,OhhSpbVbXYA_000145,0.009336734693877545
vggss,C1,12345,best,2353,OhmcZInYYwE_000173,-0.1510204081632653
vggss,C1,12345,best,2354,Oi855GiZQa0_000061,0.15286989795918368
vggss,C1,12345,best,2355,OjGbRQ7e_AU_000134,0.2225892857142857
vggss,C1,12345,best,2356,OkAT5LKBbIE_000190,-0.13747448979591834
vggss,C1,12345,best,2357,OkMPd5IwM-w_000012,0.12002551020408163
vggss,C1,12345,best,2358,Okx87oCJg5g_000250,-0.17019132653061222
vggss,C1,12345,best,2359,Olfg9KK_bmE_000011,-0.22982142857142857
vggss,C1,12345,best,2360,OmlvTSN8aeo_000033,0.004515306122448975
vggss,C1,12345,best,2361,On8mxembDtg_000550,0.1971173469387755
vggss,C1,12345,best,2362,OnRh-5IRG3A_000000,0.16719387755102041
vggss,C1,12345,best,2363,Op6UazVNEQg_000003,-0.24070153061224492
vggss,C1,12345,best,2364,OqUYjRzUis4_000120,0.052920918367346935
vggss,C1,12345,best,2365,OqjRuWUFQy8_000140,-0.05947704081632654
vggss,C1,12345,best,2366,OrSfdkVVbOQ_000000,0.14950255102040816
vggss,C1,12345,best,2367,OrZNGml0csQ_000022,0.046709183673469365
vggss,C1,12345,best,2368,OruJS8cr2qE_000005,0.2508673469387755
vggss,C1,12345,best,2369,OugiXVgs0tA_000069,-0.17691326530612245
vggss,C1,12345,best,2370,OxbHUMFOxnk_000030,0.0641326530612245
vggss,C1,12345,best,2371,OzMAwy8qSEo_000030,0.014859693877551025
vggss,C1,12345,best,2372,P-NCCepeHdI_000125,-0.13098214285714285
vggss,C1,12345,best,2373,P02Zdk3amjk_000030,0.13711734693877553
vggss,C1,12345,best,2374,P1LygmOqewM_000157,-0.03749999999999999
vggss,C1,12345,best,2375,P2ldhAT8KHc_000280,0.2289795918367347
vggss,C1,12345,best,2376,P4x12uMeVVc_000086,0.02410714285714286
vggss,C1,12345,best,2377,P5Au94IeCXc_000165,-0.1842091836734694
vggss,C1,12345,best,2378,P5H8C-I7Qxc_000030,0.2508418367346939
vggss,C1,12345,best,2379,P5tsRM1iokA_000030,0.28427295918367346
vggss,C1,12345,best,2380,P8Uwpp00DBk_000000,-0.0017091836734693944
vggss,C1,12345,best,2381,P8VTcL2ecs8_000030,0.3124107142857142
vggss,C1,12345,best,2382,PAou66vfEPo_000371,-0.3106887755102041
vggss,C1,12345,best,2383,PB3i02Cjf1k_000030,0.019298469387755104
vggss,C1,12345,best,2384,PBKS0vFpPTk_000016,0.08918367346938774
vggss,C1,12345,best,2385,PCPIm_NB-ec_000781,-0.15246173469387755
vggss,C1,12345,best,2386,PD7RisfbHqI_000000,0.03135204081632652
vggss,C1,12345,best,2387,PD9qAU6kazY_000270,-0.1704591836734694
vggss,C1,12345,best,2388,PEABLpVs3gg_000010,-0.07659438775510205
vggss,C1,12345,best,2389,PEGpW0BhDMw_000674,-0.1673214285714286
vggss,C1,12345,best,2390,PEi0EBPIpsQ_000030,0.27503826530612246
vggss,C1,12345,best,2391,PFR3S6jN0Ng_000030,-0.16178571428571425
vggss,C1,12345,best,2392,PGNL08Ak-2s_000027,-0.15931122448979593
vggss,C1,12345,best,2393,PHNkzsSrofY_000214,-0.011186224489795907
vggss,C1,12345,best,2394,PHeH8KxBDic_000045,-0.008443877551020391
vggss,C1,12345,best,2395,PIgN2TZiL5M_000026,-0.1610586734693878
vggss,C1,12345,best,2396,PJHg_DV7HGE_000030,-0.05228316326530613
vggss,C1,12345,best,2397,PJmIra-c8cc_000173,-0.0009566326530612151
vggss,C1,12345,best,2398,PLSAAmBa0Rc_000310,-0.0189030612244898
vggss,C1,12345,best,2399,PNCwMnNW-jw_000000,-0.09438775510204081
vggss,C1,12345,best,2400,PNT3hW4qFpQ_000290,0.03681122448979593
vggss,C1,12345,best,2401,PNcdB7ptDis_000004,0.04658163265306121
vggss,C1,12345,best,2402,PPMAUKxAcXM_000086,0.03121173469387757
vggss,C1,12345,best,2403,PQKLMe0XmXE_000069,-0.06825255102040814
vggss,C1,12345,best,2404,PRU9zAtcQDs_000000,0.20080357142857141
vggss,C1,12345,best,2405,PRriMdEO23I_000179,0.10112244897959186
vggss,C1,12345,best,2406,PS_uJXcbJ_A_000096,0.18627551020408162
vggss,C1,12345,best,2407,PSt0xAYgf4g_000000,0.06677295918367347
vggss,C1,12345,best,2408,PUwNDssbDXw_000000,0.16697704081632653
vggss,C1,12345,best,2409,PWLeqsU7nUI_000073,0.07701530612244897
vggss,C1,12345,best,2410,PWLeqsU7nUI_000131,0.18963010204081635
vggss,C1,12345,best,2411,PWxH3l6Iri4_000000,0.10002551020408162
vggss,C1,12345,best,2412,PX2xcfpGynA_000009,-0.19887755102040813
vggss,C1,12345,best,2413,PX9kGT0E7B0_000030,0.10769132653061225
vggss,C1,12345,best,2414,PZACLpEasFU_000030,0.18625000000000003
vggss,C1,12345,best,2415,PZW8AEqyihI_000000,-0.13576530612244897
vggss,C1,12345,best,2416,PZiOZeRIgxs_000372,0.059604591836734694
vggss,C1,12345,best,2417,PZiPN1nOwbE_000030,-0.035650510204081644
vggss,C1,12345,best,2418,P_HYjo4gR0E_000010,-0.28452806122448976
vggss,C1,12345,best,2419,P_utET7TCMQ_000020,0.18802295918367348
vggss,C1,12345,best,2420,PaQGXIh94uc_000150,-0.3272448979591837
vggss,C1,12345,best,2421,PaZ4aVEsPsE_000019,0.0020918367346939026
vggss,C1,12345,best,2422,Pb1AZvbd0Jc_000111,-0.22581632653061226
vggss,C1,12345,best,2423,Pb1AZvbd0Jc_000174,-0.1808673469387755
vggss,C1,12345,best,2424,Pc-XnRIIgqE_000005,-0.16804846938775508
vggss,C1,12345,best,2425,PdLEZFUyy84_000095,0.3381887755102041
vggss,C1,12345,best,2426,PeNLnpalp9s_000030,-0.04267857142857143
vggss,C1,12345,best,2427,PeWX2XHqnTw_000005,-0.10378826530612245
vggss,C1,12345,best,2428,PeWX2XHqnTw_000043,0.3045535714285714
vggss,C1,12345,best,2429,Pf4C7fuB9hM_000090,0.1934566326530612
vggss,C1,12345,best,2430,PfF-ishRsno_000048,-0.11035714285714282
vggss,C1,12345,best,2431,PkDHPoMjvJ8_000030,-0.04271683673469388
vggss,C1,12345,best,2432,Pkm7v1pHu6Y_000030,-0.11651785714285715
vggss,C1,12345,best,2433,PlF1Z9YWZck_000075,-0.03519132653061224
vggss,C1,12345,best,2434,PlGrb1DKbao_000130,-0.23230867346938777
vggss,C1,12345,best,2435,PqlmyFDIeUM_000039,-0.3921938775510204
vggss,C1,12345,best,2436,PrAm5YVvXx8_000010,-0.06807397959183673
vggss,C1,12345,best,2437,PskdIQWvg3c_000021,0.28482142857142856
vggss,C1,12345,best,2438,Pswmht-tZZM_000038,-0.022346938775510188
vggss,C1,12345,best,2439,PtXXQg3DpcI_000264,-0.2632653061224489
vggss,C1,12345,best,2440,PuNLqr0oZeo_000170,-0.24511479591836738
vggss,C1,12345,best,2441,PuvTDLP8lwM_000030,-0.02502551020408164
vggss,C1,12345,best,2442,PvqxX8mqtUc_000050,0.0526658163265306
vggss,C1,12345,best,2443,Pvsrn7bxz9Y_000024,0.4585076530612245
vggss,C1,12345,best,2444,PwC9_vE_rqk_000120,-0.038839285714285715
vggss,C1,12345,best,2445,PyXQVNaAbHc_000030,0.08812500000000001
vggss,C1,12345,best,2446,PyponzntqzM_000036,0.06858418367346938
vggss,C1,12345,best,2447,Pyt8O3N6-wk_000110,0.050586734693877575
vggss,C1,12345,best,2448,PzS_cNwa4xM_000000,0.056492346938775514
vggss,C1,12345,best,2449,Q-aa-3xMOdg_000045,0.1821301020408163
vggss,C1,12345,best,2450,Q1CMSV81_ws_000030,0.06536989795918366
vggss,C1,12345,best,2451,Q22V0AgIHr8_000103,0.04729591836734695
vggss,C1,12345,best,2452,Q2m7w_aktCo_000000,-0.2338010204081633
vggss,C1,12345,best,2453,Q3aNijPpxGU_000033,0.06354591836734692
vggss,C1,12345,best,2454,Q4cVLAbRVDc_000045,-0.21771683673469389
vggss,C1,12345,best,2455,Q5o7RYwXkvI_000070,0.3685969387755102
vggss,C1,12345,best,2456,Q5zz22v6QR4_000012,0.07207908163265303
vggss,C1,12345,best,2457,Q6rij_svhuc_000030,0.040293367346938766
vggss,C1,12345,best,2458,QAWuHvVCI6g_000030,-0.07463010204081633
vggss,C1,12345,best,2459,QAgy9r331v0_000030,0.12341836734693878
vggss,C1,12345,best,2460,QAjepby044Q_000040,-0.24119897959183673
vggss,C1,12345,best,2461,QAoCyTYnAuc_000011,-0.1032142857142857
vggss,C1,12345,best,2462,QBMDnMRwQCc_000070,-0.1357780612244898
vggss,C1,12345,best,2463,QBj5dyzsJkY_000007,0.09419642857142857
vggss,C1,12345,best,2464,QBk4A5qgzNc_000200,-0.06507653061224491
vggss,C1,12345,best,2465,QDfyTkOWfyM_000236,-0.1617857142857143
vggss,C1,12345,best,2466,QDqBJwoQcNY_000080,-0.04993622448979593
vggss,C1,12345,best,2467,QEE70zlVRoM_000019,-0.048609693877551
vggss,C1,12345,best,2468,QEcZFvGVGf0_000111,-0.34647959183673466
vggss,C1,12345,best,2469,QFnwnAHcttY_000030,0.15889030612244898
vggss,C1,12345,best,2470,QGhPi_IvNyk_000030,-0.12167091836734693
vggss,C1,12345,best,2471,QHPJK945JVg_000010,-0.24005102040816328
vggss,C1,12345,best,2472,QHmGUrpOgAU_000070,-0.35911989795918364
vggss,C1,12345,best,2473,QJDLZ53UsLk_000320,-0.20784438775510203
vggss,C1,12345,best,2474,QJEw9jknWlw_000050,0.07278061224489796
vggss,C1,12345,best,2475,QJfusheJ-uE_000055,0.019375000000000017
vggss,C1,12345,best,2476,QK-mjNg8cPo_000050,-0.25892857142857145
vggss,C1,12345,best,2477,QKhVI1l78Uc_000014,-0.320344387755102
vggss,C1,12345,best,2478,QLEBKY7baBg_000030,0.2523086734693878
vggss,C1,12345,best,2479,QLEXmKz-MV4_000070,-0.47746173469387754
vggss,C1,12345,best,2480,QMc3zhoaU-Y_000057,0.5665051020408164
vggss,C1,12345,best,2481,QNRche7AZkM_000270,0.20996173469387755
vggss,C1,12345,best,2482,QOEFVFFrv_Q_000077,-0.3052295918367347
vggss,C1,12345,best,2483,QOqlkqTR82Q_000000,-0.06918367346938778
vggss,C1,12345,best,2484,QPPapHk6lmU_000384,-0.5365561224489797
vggss,C1,12345,best,2485,QPyLES56O1w_000636,0.0003061224489795747
vggss,C1,12345,best,2486,QRLfJ0FuEbc_000267,0.3097704081632653
vggss,C1,12345,best,2487,QS31Gm9tIig_000000,-0.029068877551020403
vggss,C1,12345,best,2488,QSaX7QfeWog_000030,0.21315051020408166
vggss,C1,12345,best,2489,QTT0Cc70d5k_000048,-0.09150510204081631
vggss,C1,12345,best,2490,QTbtvbzBs00_000038,0.38866071428571425
vggss,C1,12345,best,2491,QTbtvbzBs00_000063,-0.31484693877551023
vggss,C1,12345,best,2492,QUX611hihf4_000190,-0.3309183673469388
vggss,C1,12345,best,2493,QUte9W0g2Yo_000017,-0.18191326530612245
vggss,C1,12345,best,2494,QUygd54m8uc_000112,0.11864795918367349
vggss,C1,12345,best,2495,QWxrKBmwNw0_000030,-0.1321938775510204
vggss,C1,12345,best,2496,QXnFAcMyAHA_000030,-0.24494897959183673
vggss,C1,12345,best,2497,Q_yoAT1Z3Yw_000022,0.19122448979591833
vggss,C1,12345,best,2498,QaKdsbkkmUc_000288,0.08664540816326531
vggss,C1,12345,best,2499,Qa_6nlhGR9k_000051,0.061734693877551025
vggss,C1,12345,best,2500,QayWG1ZPKGE_000012,0.02538265306122449
vggss,C1,12345,best,2501,QdBB80CWUWU_000201,0.04531887755102041
vggss,C1,12345,best,2502,QdcUajqXkvs_000006,0.021926020408163258
vggss,C1,12345,best,2503,Qdr2xmK84Jo_000030,-0.1972704081632653
vggss,C1,12345,best,2504,Qe71m678qEU_000030,-0.010535714285714315
vggss,C1,12345,best,2505,QejVyYvjrrs_000010,-0.05987244897959184
vggss,C1,12345,best,2506,QgoTM4RZF7o_000017,0.06169642857142857
vggss,C1,12345,best,2507,QiUyP9xX8jY_000160,0.3174234693877551
vggss,C1,12345,best,2508,Qj3ptAKRGQg_000031,0.1828061224489796
vggss,C1,12345,best,2509,Qlov2pGggJ0_000101,0.17186224489795918
vggss,C1,12345,best,2510,Qm8bAH-0y3E_000024,0.3296938775510204
vggss,C1,12345,best,2511,QnR9JhVGgu8_000348,-0.14628826530612243
vggss,C1,12345,best,2512,QoffZQFqxkQ_000003,-0.0028826530612244827
vggss,C1,12345,best,2513,Qos5iZOP66A_000340,0.09905612244897959
vggss,C1,12345,best,2514,Qovva-Q5vmM_000216,-0.3391709183673469
vggss,C1,12345,best,2515,Qovva-Q5vmM_000424,-0.03849489795918367
vggss,C1,12345,best,2516,QpFdUoMjf3w_000035,-0.15474489795918367
vggss,C1,12345,best,2517,QpKhFTFh0B8_000029,0.06109693877551019
vggss,C1,12345,best,2518,QqdmtqL64RA_000030,0.0482780612244898
vggss,C1,12345,best,2519,QqyUVqi3fOg_000095,0.027372448979591842
vggss,C1,12345,best,2520,Qs7BbDiOqZ0_000006,-0.013099489795918372
vggss,C1,12345,best,2521,Qsd19T8rN_8_000190,0.37028061224489794
vggss,C1,12345,best,2522,Qt7FJkuqWPE_000030,-0.11323979591836734
vggss,C1,12345,best,2523,QtEtP5Vb_3o_000340,-0.10506377551020409
vggss,C1,12345,best,2524,Qu4HdM0sAOM_000059,-0.23128826530612245
vggss,C1,12345,best,2525,QupB4NN8fI0_000030,-0.0876785714285715
vggss,C1,12345,best,2526,Quqx2Iga5b8_000086,-0.026288265306122438
vggss,C1,12345,best,2527,QvLeTxLGV_o_000030,-0.13419642857142855
vggss,C1,12345,best,2528,QvpIrEHvZWI_000171,0.26542091836734694
vggss,C1,12345,best,2529,Qx5trtkwnUk_000377,0.2369515306122449
vggss,C1,12345,best,2530,QxOuHDxJw_o_000005,-0.12059948979591836
vggss,C1,12345,best,2531,QxWre8D5a8c_000155,-0.09419642857142857
vggss,C1,12345,best,2532,QyvAU6kcHBw_000083,0.3485204081632653
vggss,C1,12345,best,2533,QzMsoz4XIkM_000030,-0.18744897959183673
vggss,C1,12345,best,2534,Qzj4QGWPtFE_000029,0.19985969387755104
vggss,C1,12345,best,2535,Qzld9zDqrHI_000079,0.1808673469387755
vggss,C1,12345,best,2536,R0NOe1JIC1U_000056,-0.08200255102040815
vggss,C1,12345,best,2537,R1RGIgC-xKw_000030,-0.0489795918367347
vggss,C1,12345,best,2538,R1Tzk_uQGJ8_000304,-0.1414668367346939
vggss,C1,12345,best,2539,R1dfaoCfy88_000003,-0.1822576530612245
vggss,C1,12345,best,2540,R2Aq_j1TDSs_000040,-0.005803571428571429
vggss,C1,12345,best,2541,R2LpN5yc8DA_000271,-0.09561224489795916
vggss,C1,12345,best,2542,R3urUtvSgkU_000030,-0.07503826530612245
vggss,C1,12345,best,2543,R3ykwo65XIQ_000560,-0.09932397959183673
vggss,C1,12345,best,2544,R4b_-IT43P4_000030,-0.4007525510204082
vggss,C1,12345,best,2545,R4jlQEweREY_000030,-0.03142857142857143
vggss,C1,12345,best,2546,R5FhPTwWpm8_000140,-0.013061224489795908
vggss,C1,12345,best,2547,R5dvHVDSXog_000048,0.1549107142857143
vggss,C1,12345,best,2548,R60qQ3ag8y8_000100,0.2379719387755102
vggss,C1,12345,best,2549,R6hwadNOJcg_000052,-0.1997576530612245
vggss,C1,12345,best,2550,R6hwadNOJcg_000156,-0.18211734693877554
vggss,C1,12345,best,2551,R9qOM83klNc_000081,-0.10104591836734693
vggss,C1,12345,best,2552,RCfTxRhPoNE_000071,0.4876020408163265
vggss,C1,12345,best,2553,RCk6hxXs03M_000240,0.07770408163265306
vggss,C1,12345,best,2554,RDCeLCJp7NM_000000,-0.24438775510204083
vggss,C1,12345,best,2555,RDG7jY7P_8M_000088,0.2441454081632653
vggss,C1,12345,best,2556,RDnrb0xSkrs_000070,0.012244897959183668
vggss,C1,12345,best,2557,REDLY6m3Muw_000042,-0.14169642857142856
vggss,C1,12345,best,2558,RF3rog2YjYw_000030,0.13799744897959185
vggss,C1,12345,best,2559,RFbWkL818XQ_000030,0.363405612244898
vggss,C1,12345,best,2560,RFeU64gTvGQ_000000,0.14961734693877551
vggss,C1,12345,best,2561,RGWC7icTM_E_000031,0.02500000000000001
vggss,C1,12345,best,2562,RHYNFIUe7H8_000001,0.24073979591836733
vggss,C1,12345,best,2563,RIQzc8Gx0q4_000026,0.062015306122448974
vggss,C1,12345,best,2564,RJFdWGEdzP4_000160,0.09572704081632655
vggss,C1,12345,best,2565,RJtn6Td3rco_000068,0.18204081632653063
vggss,C1,12345,best,2566,RMX2aviLZdo_000070,0.15372448979591838
vggss,C1,12345,best,2567,RObYRwt7b8U_000189,-0.13927295918367344
vggss,C1,12345,best,2568,RQIVLqDLQzA_000050,0.04623724489795919
vggss,C1,12345,best,2569,RSXUYIi95wo_000030,-0.08795918367346939
vggss,C1,12345,best,2570,RSgmATBcCwE_000110,0.14169642857142856
vggss,C1,12345,best,2571,RSryuuvUfDM_000050,-0.1915178571428571
vggss,C1,12345,best,2572,RTLGAJZ8WzM_000219,0.05283163265306123
vggss,C1,12345,best,2573,RWVuRwtjGek_000210,0.05653061224489798
vggss,C1,12345,best,2574,RXIRbazT2Rs_000270,0.13089285714285717
vggss,C1,12345,best,2575,RXSyVeHp2yA_000000,-0.09687500000000002
vggss,C1,12345,best,2576,RYO6ukdw9PM_000085,0.0884311224489796
vggss,C1,12345,best,2577,RZMgq7-EbUA_000024,0.1225637755102041
vggss,C1,12345,best,2578,RZajsvjHx74_000054,-0.1278698979591837
vggss,C1,12345,best,2579,RZlDaLFuxxQ_000046,-0.10766581632653062
vggss,C1,12345,best,2580,RasfE1VmcKM_000172,0.02793367346938775
vggss,C1,12345,best,2581,RcVJVUfXWgU_000120,0.13514030612244898
vggss,C1,12345,best,2582,RczMLTHyBKE_000250,-0.29526785714285714
vggss,C1,12345,best,2583,RdhHK4SbzTo_000030,-0.16970663265306124
vggss,C1,12345,best,2584,Rdu3_LWIlgE_000400,-0.08542091836734694
vggss,C1,12345,best,2585,RfbXTxSx8jo_000350,-0.10651785714285714
vggss,C1,12345,best,2586,Rg-vGSWc0sk_000458,0.21362244897959184
vggss,C1,12345,best,2587,Rg971GlT_Ro_000021,0.23072704081632656
vggss,C1,12345,best,2588,RgyqhpOJFM4_000030,-0.3589285714285715
vggss,C1,12345,best,2589,Rhl5nDCU0u0_000060,-0.1741454081632653
vggss,C1,12345,best,2590,RhmN8ktt5FI_000320,-0.2678316326530612
vggss,C1,12345,best,2591,RhsXiHgKzyY_000023,0.004375
vggss,C1,12345,best,2592,Ri47GANmuQ4_000016,-0.008852040816326533
vggss,C1,12345,best,2593,Rj0cmUyZfR4_000030,-0.07344387755102041
vggss,C1,12345,best,2594,Rj8hpFBBSi0_000092,-0.08950255102040816
vggss,C1,12345,best,2595,RliBuXFTL-o_000036,0.4407142857142857
vggss,C1,12345,best,2596,Rm2XQrio0QE_000099,0.10826530612244899
vggss,C1,12345,best,2597,RnXiQh8x--c_000126,-0.3107397959183673
vggss,C1,12345,best,2598,RncwRj1HhQc_000337,0.07706632653061218
vggss,C1,12345,best,2599,Rnf7M43L6NI_000195,-0.10757653061224487
vggss,C1,12345,best,2600,RoS465ZH1lg_000013,-0.15489795918367347
vggss,C1,12345,best,2601,Rp37k5_Eci0_000030,0.4478826530612245
vggss,C1,12345,best,2602,RpGRpTpEHTs_000109,-0.037512755102040815
vggss,C1,12345,best,2603,RpkcGOcFHIs_000002,0.0777423469387755
vggss,C1,12345,best,2604,RplzKlSlbR0_000023,-0.03093112244897958
vggss,C1,12345,best,2605,RrXvtCBYmFM_000051,-0.3894387755102041
vggss,C1,12345,best,2606,RrZHOh77F3Q_000042,0.12769132653061224
vggss,C1,12345,best,2607,RrlgSfQrqQc_000020,0.1533545918367347
vggss,C1,12345,best,2608,RtXrVvUM8Jo_000013,-0.030395408163265306
vggss,C1,12345,best,2609,Rtg1SUrxOPY_000130,-0.21360969387755102
vggss,C1,12345,best,2610,RuCO6UGsRHI_000313,-0.12173469387755101
vggss,C1,12345,best,2611,RuHSkgQf3uw_000019,-0.09725765306122452
vggss,C1,12345,best,2612,RwBKGPEg6uA_000440,-0.09420918367346942
vggss,C1,12345,best,2613,Rx_RzJ4-Jbg_000070,0.10980867346938776
vggss,C1,12345,best,2614,RxhbTLS3rNo_000002,0.4440306122448979
vggss,C1,12345,best,2615,Ry5c8frvq1g_000390,-0.014936224489795917
vggss,C1,12345,best,2616,Rz7RBslEAG0_000030,0.09663265306122451
vggss,C1,12345,best,2617,RzGho0_J5lM_000060,-0.06936224489795918
vggss,C1,12345,best,2618,S0sPNaWcdrs_000043,0.016326530612244886
vggss,C1,12345,best,2619,S1glY1D9qDU_000035,-0.05506377551020407
vggss,C1,12345,best,2620,S63LEKmzBis_000039,0.06043367346938775
vggss,C1,12345,best,2621,S6R2DpF6zzM_000018,-0.15411989795918368
vggss,C1,12345,best,2622,S6R2DpF6zzM_000060,-0.08864795918367346
vggss,C1,12345,best,2623,S7C51ZWaw6A_000034,-0.1266454081632653
vggss,C1,12345,best,2624,S7WDWv7kqhg_000197,0.15608418367346938
vggss,C1,12345,best,2625,S86Ql_59KMI_000211,-0.2682397959183674
vggss,C1,12345,best,2626,S8RC6WZFqjk_000072,0.22840561224489794
vggss,C1,12345,best,2627,SA18ixsI9fI_000044,0.04144132653061224
vggss,C1,12345,best,2628,SAFlijpaj0Q_000024,0.006313775510204081
vggss,C1,12345,best,2629,SB1dEgUQh3w_000187,-0.019897959183673465
vggss,C1,12345,best,2630,SBeC9TISHz8_000030,0.009974489795918376
vggss,C1,12345,best,2631,SCxlAcrMark_000021,-0.11517857142857141
vggss,C1,12345,best,2632,SDhI4yyHlEM_000508,-0.0460204081632653
vggss,C1,12345,best,2633,SDtPpEVplNY_000080,0.003073979591836737
vggss,C1,12345,best,2634,SGFYFPs3Fic_000550,-0.06485969387755103
vggss,C1,12345,best,2635,SGb_Uw_pKzk_000070,0.27188775510204083
vggss,C1,12345,best,2636,SHk3gJAnm8U_000529,0.013533163265306125
vggss,C1,12345,best,2637,SHkCnBJoZkc_000010,0.1711607142857143
vggss,C1,12345,best,2638,SIZ5WUVzAMk_000216,-0.1370408163265306
vggss,C1,12345,best,2639,SJ9TY-iqD9Q_000010,0.04028061224489796
vggss,C1,12345,best,2640,SJVuopldMyU_000030,0.11352040816326531
vggss,C1,12345,best,2641,SJrVTQPbMXs_000016,0.0004336734693877464
vggss,C1,12345,best,2642,SL5xjLgQp1c_000070,-0.06568877551020409
vggss,C1,12345,best,2643,SLQAve85lDU_000188,-0.07107142857142856
vggss,C1,12345,best,2644,SNhfvhWPXNc_000030,-0.42168367346938773
vggss,C1,12345,best,2645,SPXhFGrgAoc_000091,0.28793367346938775
vggss,C1,12345,best,2646,SQkoFk_gnE8_000005,0.21485969387755105
vggss,C1,12345,best,2647,SRjsxeOWFnw_000030,-0.5858418367346939
vggss,C1,12345,best,2648,SSor5MN-QJM_000056,-0.03799744897959184
vggss,C1,12345,best,2649,STdAr1JNXIU_000190,-0.28590561224489797
vggss,C1,12345,best,2650,STrIfVNpIGc_000006,-0.06977040816326532
vggss,C1,12345,best,2651,SUFOgc9Pkd8_000030,-0.15656887755102042
vggss,C1,12345,best,2652,SUu1E8uOGR4_000028,-0.020727040816326564
vggss,C1,12345,best,2653,SVoLykPMwAs_000030,0.25470663265306126
vggss,C1,12345,best,2654,SVvXfuS5eyY_000028,0.08505102040816329
vggss,C1,12345,best,2655,SX07l57Ylmc_000031,0.1632015306122449
vggss,C1,12345,best,2656,SX5-0_j1leg_001008,-0.13825255102040818
vggss,C1,12345,best,2657,SXeSsEP3ieo_000145,-0.20706632653061222
vggss,C1,12345,best,2658,SYH5NqTtNsI_000030,-0.1747448979591837
vggss,C1,12345,best,2659,SZVguke6__M_000100,0.01247448979591835
vggss,C1,12345,best,2660,SaUx9CZGCzU_000039,0.22264030612244898
vggss,C1,12345,best,2661,Sa_ovp-50Tc_000030,0.051288265306122446
vggss,C1,12345,best,2662,Sb5nf9DkzTs_000050,0.019132653061224483
vggss,C1,12345,best,2663,ScNLWuogqpI_000150,0.19302295918367346
vggss,C1,12345,best,2664,ScQ2F8LTkuY_000021,0.010153061224489779
vggss,C1,12345,best,2665,SdeVFx40BKQ_000090,-0.2144897959183673
vggss,C1,12345,best,2666,SdtxQcBJjBs_000060,-0.0076658163265306
vggss,C1,12345,best,2667,Sem8fMv0bKQ_000212,0.10901785714285712
vggss,C1,12345,best,2668,Sevpt7V3RiI_000004,0.24872448979591838
vggss,C1,12345,best,2669,SgCRYHWzTmU_000012,-0.004795918367346941
vggss,C1,12345,best,2670,Sgdq22nyfTM_000240,0.09024234693877552
vggss,C1,12345,best,2671,SkFx45lxlvA_000060,0.016364795918367356
vggss,C1,12345,best,2672,SkQb0gnQg6s_000218,0.12573979591836734
vggss,C1,12345,best,2673,Skrr-UgHeHg_000008,0.0298469387755102
vggss,C1,12345,best,2674,Slcg717UTrM_000004,0.14264030612244905
vggss,C1,12345,best,2675,SmtW2FlpPX4_000057,0.0016198979591836582
vggss,C1,12345,best,2676,SmuyUnEZaJw_000030,0.12572704081632655
vggss,C1,12345,best,2677,SmzESvmFENY_000014,-0.057640306122448984
vggss,C1,12345,best,2678,SmzESvmFENY_000024,-0.2384438775510204
vggss,C1,12345,best,2679,So8G7UXguNA_000077,0.07438775510204082
vggss,C1,12345,best,2680,SqEWh1M2SIc_000030,-0.0946045918367347
vggss,C1,12345,best,2681,Sr35u7b1OFI_000039,-0.015867346938775506
vggss,C1,12345,best,2682,StO32FBBIH4_000011,-0.029681122448979594
vggss,C1,12345,best,2683,StmGbhL9dgQ_000064,0.19589285714285715
vggss,C1,12345,best,2684,SuRVsbK22io_000320,-0.08688775510204083
vggss,C1,12345,best,2685,SvsCM0fLM5g_000030,-0.07700255102040816
vggss,C1,12345,best,2686,SwRjY1-ojAU_000030,0.17637755102040814
vggss,C1,12345,best,2687,Swien0oGl7o_000090,-0.23158163265306125
vggss,C1,12345,best,2688,Sx3WV9GSOmc_000060,-0.2730229591836735
vggss,C1,12345,best,2689,SyWbd9bOCps_000096,-0.054081632653061235
vggss,C1,12345,best,2690,T-28g9G-WKo_000000,-0.1553061224489796
vggss,C1,12345,best,2691,T-3hHhrPBeg_000087,-0.014808673469387745
vggss,C1,12345,best,2692,T0DQyRrjewU_000003,0.032334183673469366
vggss,C1,12345,best,2693,T0nvf328Ll4_000013,-0.15002551020408164
vggss,C1,12345,best,2694,T1_nZvxh5kI_000008,0.15082908163265304
vggss,C1,12345,best,2695,T1rrvpQtj-U_000004,0.024974489795918375
vggss,C1,12345,best,2696,T29-jYwTQ9A_000056,-0.123609693877551
vggss,C1,12345,best,2697,T6cqaSkv9MQ_000084,0.13590561224489797
vggss,C1,12345,best,2698,T7fsXVDXFQo_000300,-0.11494897959183675
vggss,C1,12345,best,2699,T834Iasgjs4_000336,-0.17780612244897964
vggss,C1,12345,best,2700,T9dKp1EN4p8_000030,0.07975765306122448
vggss,C1,12345,best,2701,TAHDbSl7F_4_000290,0.23567602040816327
vggss,C1,12345,best,2702,TAexBL5eToE_000022,0.25137755102040815
vggss,C1,12345,best,2703,TAexBL5eToE_000052,0.24820153061224487
vggss,C1,12345,best,2704,TB3VhNczX88_000010,0.16480867346938777
vggss,C1,12345,best,2705,TDORLm3QYyA_000003,0.05966836734693879
vggss,C1,12345,best,2706,TGJje4EKoKM_000030,0.02348214285714284
vggss,C1,12345,best,2707,TGrNNgXVp44_000077,0.10688775510204082
vggss,C1,12345,best,2708,THgnXOLqpTg_000365,0.06655612244897957
vggss,C1,12345,best,2709,THhP1idrWXA_000030,-0.07051020408163267
vggss,C1,12345,best,2710,TIllmI1n5cw_000129,0.04218112244897956
vggss,C1,12345,best,2711,TM23x21Qs2Q_000030,0.22184948979591834
vggss,C1,12345,best,2712,TMWj5Y6djcM_000040,0.003163265306122473
vggss,C1,12345,best,2713,TNCJ68vFKg8_000120,-0.005102040816326522
vggss,C1,12345,best,2714,TNERQa_7oB8_000013,0.3376020408163265
vggss,C1,12345,best,2715,TO7d2wx7Cq8_000058,0.11116071428571428
vggss,C1,12345,best,2716,TOEwQXeyNe8_000210,-0.11423469387755103
vggss,C1,12345,best,2717,TOEwQXeyNe8_000227,-0.3921683673469388
vggss,C1,12345,best,2718,TP50fDa5Cls_000000,0.04961734693877552
vggss,C1,12345,best,2719,TPeA5xENWIM_000065,0.10349489795918365
vggss,C1,12345,best,2720,TR4-xSB97w8_000030,-0.09938775510204079
vggss,C1,12345,best,2721,TRW3OqA1cXE_000030,-0.027040816326530617
vggss,C1,12345,best,2722,TRvyzeR1xzI_000190,-0.2517857142857143
vggss,C1,12345,best,2723,TSpGd9p17n0_000202,0.1126913265306122
vggss,C1,12345,best,2724,TUpX4p-Ej_o_000336,-0.33172193877551026
vggss,C1,12345,best,2725,TW_dVmqr9ac_000107,-0.011403061224489804
vggss,C1,12345,best,2726,TXW3Qm9qT0c_000030,0.08702806122448979
vggss,C1,12345,best,2727,TY7UehpsaFQ_000144,0.536530612244898
vggss,C1,12345,best,2728,TYa0xjMBupM_000613,0.055535714285714285
vggss,C1,12345,best,2729,TZGKriaJKAY_000163,0.2953316326530612
vggss,C1,12345,best,2730,TZl2cGkWZL4_000030,-0.1132780612244898
vggss,C1,12345,best,2731,T_kADs0ZIeM_000713,-0.11640306122448982
vggss,C1,12345,best,2732,Ta3F2prvIZY_000091,0.16823979591836732
vggss,C1,12345,best,2733,Ta5bgIdRUjE_000048,0.30721938775510205
vggss,C1,12345,best,2734,Ta9R_TuzIUM_000153,-0.09840561224489797
vggss,C1,12345,best,2735,Ta9R_TuzIUM_000341,-0.10200255102040817
vggss,C1,12345,best,2736,TauSQlIbIME_000030,0.12095663265306122
vggss,C1,12345,best,2737,TdGJdqDxrNc_000091,0.30338010204081634
vggss,C1,12345,best,2738,TdpZLhPN_WM_000074,-0.3337882653061225
vggss,C1,12345,best,2739,TeUgb183cGM_000024,-0.10178571428571431
vggss,C1,12345,best,2740,TeweFm49s4M_000090,0.11446428571428574
vggss,C1,12345,best,2741,Tf5WWrpzSj8_000095,0.4535969387755102
vggss,C1,12345,best,2742,ThVGE9TjEjM_000136,0.05813775510204081
vggss,C1,12345,best,2743,Ti0Ck0xTdw4_000030,0.07918367346938775
vggss,C1,12345,best,2744,Ti2XbGtfyNg_000225,-0.4542857142857143
vggss,C1,12345,best,2745,TipVfZMxZbk_000010,-0.16024234693877554
vggss,C1,12345,best,2746,TkrtTUPxHNI_000030,0.03547193877551022
vggss,C1,12345,best,2747,TmJZxQ_Lo8M_000147,0.27637755102040823
vggss,C1,12345,best,2748,ToIdgjI3u4Q_000030,-0.21859693877551023
vggss,C1,12345,best,2749,Tr7PDdzq40o_000180,-0.008584183673469387
vggss,C1,12345,best,2750,Ts04bBeY1d4_000030,-0.20565051020408162
vggss,C1,12345,best,2751,TsHBKTYuBUM_000062,0.33640306122448976
vggss,C1,12345,best,2752,TslB1VMKXmM_000010,-0.19746173469387757
vggss,C1,12345,best,2753,TstsLM4IUV8_000128,0.12948979591836735
vggss,C1,12345,best,2754,TwucF4h5v3U_000084,-0.23580357142857142
vggss,C1,12345,best,2755,TxXjcJo7Q2I_000531,-0.24753826530612247
vggss,C1,12345,best,2756,TxuwrWYaUD0_000000,0.2761862244897959
vggss,C1,12345,best,2757,U-1saFb-zRY_000006,-0.36196428571428574
vggss,C1,12345,best,2758,U-L9YCIdLbg_000080,0.4799872448979592
vggss,C1,12345,best,2759,U-Qe9aNkrdE_000030,0.030051020408163265
vggss,C1,12345,best,2760,U-hpbrpact0_000112,0.18332908163265305
vggss,C1,12345,best,2761,U0uy9GWzSQ8_000065,-0.057576530612244894
vggss,C1,12345,best,2762,U2Ek06LbrYs_000030,0.19845663265306124
vggss,C1,12345,best,2763,U2Z3gH8r1hE_000160,-0.06845663265306123
vggss,C1,12345,best,2764,U37ysgI02r8_000020,-0.12207908163265305
vggss,C1,12345,best,2765,U3OC4jICMlI_000020,0.0328826530612245
vggss,C1,12345,best,2766,U3Zom0wPRg0_000030,-0.424515306122449
vggss,C1,12345,best,2767,U4LITdDmjvg_000011,0.205625
vggss,C1,12345,best,2768,U595LzVDCAY_000015,0.10862244897959183
vggss,C1,12345,best,2769,U6_Ui8bpY9g_000042,0.17451530612244898
vggss,C1,12345,best,2770,U7WkuGO-lps_000020,0.12068877551020407
vggss,C1,12345,best,2771,U7vFb50UjgY_000040,0.005038265306122447
vggss,C1,12345,best,2772,U8golAIXZps_000001,-0.007767857142857139
vggss,C1,12345,best,2773,U8hJTpSZVWE_000103,-0.1724107142857143
vggss,C1,12345,best,2774,U8rWZXjH2cU_000040,0.16755102040816328
vggss,C1,12345,best,2775,U95UReP4mdo_000030,0.01761479591836735
vggss,C1,12345,best,2776,U9o30JY6aYc_000030,0.10947704081632655
vggss,C1,12345,best,2777,U9oonzVSTtY_000056,0.3235969387755102
vggss,C1,12345,best,2778,UAhzckt0y3U_000030,0.012461734693877544
vggss,C1,12345,best,2779,UAlfXv5Aabc_000046,0.15034438775510206
vggss,C1,12345,best,2780,UBg665RgDeQ_000018,0.03756377551020408
vggss,C1,12345,best,2781,UBzbRcWlsKI_000747,-0.03809948979591837
vggss,C1,12345,best,2782,UCgErb1ImPY_000031,0.3365433673469388
vggss,C1,12345,best,2783,UCtiIWMRy-M_000004,-0.09505102040816327
vggss,C1,12345,best,2784,UDSjSpHKu1I_000462,0.30880102040816326
vggss,C1,12345,best,2785,UDlc1slA8PA_000590,0.015778061224489798
vggss,C1,12345,best,2786,UESue-_05Vs_000000,0.2249234693877551
vggss,C1,12345,best,2787,UF0HDsK0fwo_000070,-0.10774234693877552
vggss,C1,12345,best,2788,UFIBEBkm7ao_000030,-0.005612244897959168
vggss,C1,12345,best,2789,UFSp546472I_000010,0.35251275510204083
vggss,C1,12345,best,2790,UFcUTwPlFAU_000019,0.36459183673469386
vggss,C1,12345,best,2791,UFyOGqmITjM_000000,-0.2966964285714286
vggss,C1,12345,best,2792,UGlqxl1oiJk_000130,0.029515306122448983
vggss,C1,12345,best,2793,UILmgKExLgk_000095,0.2533035714285714
vggss,C1,12345,best,2794,UIM4OykJJrc_000046,-0.12933673469387752
vggss,C1,12345,best,2795,UIll96Hdmd4_000094,0.1300127551020408
vggss,C1,12345,best,2796,UKgZCUgOSfo_000062,0.11246173469387756
vggss,C1,12345,best,2797,ULLEA-jLmpI_000030,-0.38676020408163264
vggss,C1,12345,best,2798,ULLJMxwt8Jc_000150,0.1659183673469388
vggss,C1,12345,best,2799,ULZ6auGvLAw_000311,-0.04626275510204082
vggss,C1,12345,best,2800,UMidlzROhC0_000082,-0.14600765306122448
vggss,C1,12345,best,2801,UNJswfXKJ3s_000030,0.12622448979591838
vggss,C1,12345,best,2802,UP30sk9je00_000049,-0.3494770408163265
vggss,C1,12345,best,2803,UR-2P-NHz1w_000240,0.03801020408163265
vggss,C1,12345,best,2804,URosKU18wTk_000018,-0.10017857142857142
vggss,C1,12345,best,2805,URtpQZsUmBY_000030,0.08614795918367348
vggss,C1,12345,best,2806,USlCCt8En7A_000460,-0.2873469387755102
vggss,C1,12345,best,2807,UVsgxlTzy-c_000073,0.3645663265306123
vggss,C1,12345,best,2808,UWFjhEYXbbU_000009,-0.10739795918367348
vggss,C1,12345,best,2809,UWz5OIijWM4_000030,0.012946428571428567
vggss,C1,12345,best,2810,UX7R8WWJLoI_000160,-0.034681122448979605
vggss,C1,12345,best,2811,UY4v-zjlnlo_000010,-0.12321428571428572
vggss,C1,12345,best,2812,UZ6zyRcElGw_000070,0.3043367346938775
vggss,C1,12345,best,2813,UZidCXq6gmw_000006,-0.134515306122449
vggss,C1,12345,best,2814,U_bYlL9ap-o_000060,0.06854591836734694
vggss,C1,12345,best,2815,UaFiUiC_Izo_000054,0.07264030612244898
vggss,C1,12345,best,2816,UbPJ8MIGZNA_000000,0.027308673469387756
vggss,C1,12345,best,2817,Ubd5GQAZMEo_000373,-0.18424744897959183
vggss,C1,12345,best,2818,UdWyYaDcEMs_001257,0.14428571428571427
vggss,C1,12345,best,2819,UeEMaZqMRp0_000030,-0.16336734693877553
vggss,C1,12345,best,2820,UeRUivHxW3c_000020,0.03923469387755102
vggss,C1,12345,best,2821,UfJg3VBTLow_000420,0.21080357142857142
vggss,C1,12345,best,2822,UfMr4FFsS28_000021,-0.18137755102040817
vggss,C1,12345,best,2823,UfkehxAd_M4_000040,0.03403061224489796
vggss,C1,12345,best,2824,UhEQ1E8XPp4_000003,0.24572704081632654
vggss,C1,12345,best,2825,UhEQ1E8XPp4_000017,-0.29110969387755103
vggss,C1,12345,best,2826,UkKDHtVKDrc_000473,-0.10767857142857144
vggss,C1,12345,best,2827,UltPy7eml7I_000012,-0.2249107142857143
vggss,C1,12345,best,2828,UmGzdua2Ayc_000014,0.25235969387755103
vggss,C1,12345,best,2829,UnMk7X7PM80_000139,0.1283673469387755
vggss,C1,12345,best,2830,UoRitfnYmKU_000030,0.0637627551020408
vggss,C1,12345,best,2831,UoSID1KzWuI_000030,-0.19710459183673468
vggss,C1,12345,best,2832,Up72EgZT_B0_000049,0.008903061224489799
vggss,C1,12345,best,2833,Up72EgZT_B0_000060,0.2561862244897959
vggss,C1,12345,best,2834,Upq4yFKwiTM_000024,0.06778061224489795
vggss,C1,12345,best,2835,Uq-owMVP9qI_000030,0.02832908163265306
vggss,C1,12345,best,2836,UqMeR5Erq8I_000030,0.02183673469387755
vggss,C1,12345,best,2837,UqtPREndv_0_000000,-0.06522959183673468
vggss,C1,12345,best,2838,UrUJ9tUJynA_000030,-0.4479336734693878
vggss,C1,12345,best,2839,UrluLxHLwQM_000110,0.13866071428571428
vggss,C1,12345,best,2840,Us0qIYoVRvU_000144,-0.18985969387755103
vggss,C1,12345,best,2841,UsNUR6tsoTs_000030,-0.2415688775510204
vggss,C1,12345,best,2842,UsdoUjuczY4_000030,-0.2117219387755102
vggss,C1,12345,best,2843,Usz7ZnOHaxY_000030,-0.11404336734693876
vggss,C1,12345,best,2844,UtMZGT9opoU_000265,-0.09437500000000003
vggss,C1,12345,best,2845,UtZofZjccBs_000290,-0.06936224489795915
vggss,C1,12345,best,2846,UuBSbvH6ql8_000029,0.4221811224489796
vggss,C1,12345,best,2847,Uv3K_pEUlX8_000020,0.14770408163265308
vggss,C1,12345,best,2848,Uvn7waPvseo_000030,-0.1900127551020408
vggss,C1,12345,best,2849,Uvvl1qfsh8A_000063,-0.07667091836734692
vggss,C1,12345,best,2850,UyCw7pCgYg8_000055,-0.09931122448979592
vggss,C1,12345,best,2851,UzUTFdlYT68_000055,0.24660714285714283
vggss,C1,12345,best,2852,UztuiHbZvCw_000991,-0.21906887755102042
vggss,C1,12345,best,2853,V0zQHNmz0gU_000030,-0.11957908163265307
vggss,C1,12345,best,2854,V1M3HiUz0ZQ_000070,-0.08473214285714287
vggss,C1,12345,best,2855,V2CS8ToddTE_000030,0.0024234693877551138
vggss,C1,12345,best,2856,V2OjPsg7ydY_000060,-0.25089285714285714
vggss,C1,12345,best,2857,V2YcUPfFy6U_000335,0.154375
vggss,C1,12345,best,2858,V3Mh5k7AOxE_000063,-0.11197704081632648
vggss,C1,12345,best,2859,V4I4dNkN1xs_000064,0.3533928571428571
vggss,C1,12345,best,2860,V4RmD_obUBo_000125,-0.05298469387755101
vggss,C1,12345,best,2861,V5a0OUeceeY_000042,0.08757653061224491
vggss,C1,12345,best,2862,V7M8J64sUZs_000077,-0.2630612244897959
vggss,C1,12345,best,2863,V7edkwJsgN0_000030,0.18684948979591837
vggss,C1,12345,best,2864,V8tcqAyPSYw_000064,-0.2551275510204082
vggss,C1,12345,best,2865,VAfO711tnQA_000030,-0.25307397959183675
vggss,C1,12345,best,2866,VAqgpoyD2jc_000030,0.03660714285714284
vggss,C1,12345,best,2867,VB-yZzj969U_000240,-0.14270408163265308
vggss,C1,12345,best,2868,VBQPcmmUkkg_000010,-0.19568877551020408
vggss,C1,12345,best,2869,VFXf1DTi2IA_000383,-0.0248469387755102
vggss,C1,12345,best,2870,VHoOg4twnO0_000060,-0.26747448979591837
vggss,C1,12345,best,2871,VIQqrHGMJRQ_000173,0.1656887755102041
vggss,C1,12345,best,2872,VJ9E_Td0_dk_000030,0.0035841836734693856
vggss,C1,12345,best,2873,VKfgSYvbohY_000042,-0.1234438775510204
vggss,C1,12345,best,2874,VM-U7MyZAck_000030,-0.20871173469387758
vggss,C1,12345,best,2875,VMbJTgzMhKE_000030,0.07863520408163266
vggss,C1,12345,best,2876,VN4AS5J25os_000040,-0.06368622448979594
vggss,C1,12345,best,2877,VO1QA-Ihceo_000368,0.15466836734693876
vggss,C1,12345,best,2878,VOkiX4gWRI0_000125,-0.06669642857142857
vggss,C1,12345,best,2879,VPM383zJz68_000030,-0.051517857142857136
vggss,C1,12345,best,2880,VQ60kd-BrC8_000030,-0.18057397959183674
vggss,C1,12345,best,2881,VQbC7Oth7wQ_000030,-0.11946428571428572
vggss,C1,12345,best,2882,VSkdiYt87rg_000030,0.01190051020408163
vggss,C1,12345,best,2883,VSxoWInFsIA_000030,-0.08267857142857143
vggss,C1,12345,best,2884,VV-DgnPPhSo_000220,-0.08994897959183673
vggss,C1,12345,best,2885,VViXFIbJNbk_000130,0.18252551020408164
vggss,C1,12345,best,2886,VWTGBdK9VK8_000009,0.140625
vggss,C1,12345,best,2887,VXq0Dkog0RU_000023,0.061160714285714284
vggss,C1,12345,best,2888,VYQfSG_FUjY_000080,-0.01514030612244898
vggss,C1,12345,best,2889,VZJfkEet6EQ_000030,-0.162359693877551
vggss,C1,12345,best,2890,VaAzelfgmMY_000055,0.005191326530612259
vggss,C1,12345,best,2891,VaqR7OOMHSM_000033,0.5116071428571429
vggss,C1,12345,best,2892,Vb5-6-BQzlI_000502,0.16127551020408162
vggss,C1,12345,best,2893,VbPkC6aRKc8_000151,0.08377551020408165
vggss,C1,12345,best,2894,Vbc-veezx0w_000030,0.0017346938775509996
vggss,C1,12345,best,2895,Vbsefb2ve2g_000067,-0.005038265306122457
vggss,C1,12345,best,2896,VcJnduCJz8g_000029,0.07440051020408164
vggss,C1,12345,best,2897,VcLXzvRjTXg_000017,-0.11355867346938776
vggss,C1,12345,best,2898,VeUQBYHtFB8_000365,0.41647959183673466
vggss,C1,12345,best,2899,VeXcCHo5iMI_000030,0.14210459183673468
vggss,C1,12345,best,2900,VeiJYltEZFc_000034,0.43875
vggss,C1,12345,best,2901,Vf2KIuN4VOw_000013,0.05408163265306122
vggss,C1,12345,best,2902,VfNh9LIuYH0_000022,0.23894132653061226
vggss,C1,12345,best,2903,VfXAJJFrmnw_000028,-0.11878826530612244
vggss,C1,12345,best,2904,VgAXZHMi_ws_000015,0.0954719387755102
vggss,C1,12345,best,2905,VgwsGjRk61M_000020,-0.3208673469387755
vggss,C1,12345,best,2906,VhVKUAk6_R4_000006,0.049285714285714294
vggss,C1,12345,best,2907,ViP3M-Hlm18_000030,-0.33784438775510206
vggss,C1,12345,best,2908,Via5YWUC1Lk_000180,0.07626275510204082
vggss,C1,12345,best,2909,VimrLKGBCNE_000019,0.06580357142857143
vggss,C1,12345,best,2910,Vj13osgy2M0_000020,0.0048979591836734865
vggss,C1,12345,best,2911,VjR_I34Vczk_000010,-0.4023979591836735
vggss,C1,12345,best,2912,VkABXTeQSKk_000099,-0.07835459183673468
vggss,C1,12345,best,2913,VkcsBNzy1UA_000091,-0.30622448979591843
vggss,C1,12345,best,2914,Vlh9AMaTrLQ_000441,-0.12007653061224491
vggss,C1,12345,best,2915,Vlh9AMaTrLQ_000451,-0.25139030612244895
vggss,C1,12345,best,2916,VmYPBzrkKGw_000140,-0.3677551020408163
vggss,C1,12345,best,2917,Vp4lOXVBQzQ_000010,-0.038354591836734696
vggss,C1,12345,best,2918,VpCCJy5atYU_000144,-0.010663265306122445
vggss,C1,12345,best,2919,VpYJRHq8TC0_000110,0.09975765306122447
vggss,C1,12345,best,2920,VpuNCFDYgnA_000070,0.345
vggss,C1,12345,best,2921,VrwW35FmP0w_000025,-0.3591964285714286
vggss,C1,12345,best,2922,Vu-x88iPIv8_000013,-0.0914158163265306
vggss,C1,12345,best,2923,VuXmHBFFkPw_000030,0.2519642857142857
vggss,C1,12345,best,2924,VulCKZgWspc_000080,-0.16584183673469388
vggss,C1,12345,best,2925,VvEIueKlA2k_000093,0.15628826530612247
vggss,C1,12345,best,2926,VwaLVY1oF6k_000026,-0.048877551020408166
vggss,C1,12345,best,2927,Vx3kxcFd5GU_000022,0.028928571428571415
vggss,C1,12345,best,2928,Vx5SUjzoLy8_000228,-0.03270408163265305
vggss,C1,12345,best,2929,VyGTIJZajCM_000005,-0.015369897959183657
vggss,C1,12345,best,2930,VyGYjbe6gJU_000027,-0.41209183673469385
vggss,C1,12345,best,2931,W1VYWwYdJRQ_000370,-0.04091836734693875
vggss,C1,12345,best,2932,W1imZelV1h4_000017,-0.12067602040816325
vggss,C1,12345,best,2933,W3vkkSbyODo_000043,0.023762755102040817
vggss,C1,12345,best,2934,W6hBBs-MuM8_000145,-0.04188775510204082
vggss,C1,12345,best,2935,W6iwVLm51-k_000030,0.3505867346938776
vggss,C1,12345,best,2936,W7EC4nQ6Qqk_000010,-0.22126275510204085
vggss,C1,12345,best,2937,W7EC4nQ6Qqk_000068,0.09625
vggss,C1,12345,best,2938,WAUn8kFhvZw_000000,0.12213010204081633
vggss,C1,12345,best,2939,WBYa_u20cVo_000000,0.34562499999999996
vggss,C1,12345,best,2940,WCC01d0hcBQ_000024,0.03764030612244898
vggss,C1,12345,best,2941,WDoZneKkmVg_000030,0.05338010204081632
vggss,C1,12345,best,2942,WEHe6W_D4lo_000041,0.618890306122449
vggss,C1,12345,best,2943,WElvc92V5Q4_000617,0.04876275510204081
vggss,C1,12345,best,2944,WF7ugi9ipYw_000120,-0.17534438775510203
vggss,C1,12345,best,2945,WFJ96PH4rvo_000020,-0.0539158163265306
vggss,C1,12345,best,2946,WFV3FUlTzas_000061,-0.22951530612244897
vggss,C1,12345,best,2947,WFgIargH3-4_000039,-0.13255102040816324
vggss,C1,12345,best,2948,WFjx0sH7mlc_000020,-0.02121173469387755
vggss,C1,12345,best,2949,WGYzVpMeSEg_000210,-0.038112244897959176
vggss,C1,12345,best,2950,WGqz-OVwLGs_000040,0.09591836734693879
vggss,C1,12345,best,2951,WGuc_McKm_4_000030,-0.10394132653061224
vggss,C1,12345,best,2952,WJIcGFOnRXs_000040,-0.05298469387755101
vggss,C1,12345,best,2953,WJLbFJxe11o_000030,0.08428571428571428
vggss,C1,12345,best,2954,WJORWlj6BW8_000030,-0.16691326530612247
vggss,C1,12345,best,2955,WJV6Ey6hXEw_000005,0.033086734693877545
vggss,C1,12345,best,2956,WJVc82XgbZk_000014,-0.09718112244897958
vggss,C1,12345,best,2957,WLEZDT_vGuM_000016,-0.04895408163265305
vggss,C1,12345,best,2958,WLPj0LIokkM_000020,0.060892857142857124
vggss,C1,12345,best,2959,WLX3Db60418_000020,-0.2215561224489796
vggss,C1,12345,best,2960,WMPQ44bukK0_000397,0.31978316326530615
vggss,C1,12345,best,2961,WMXkrLwPVCU_000098,-0.1166326530612245
vggss,C1,12345,best,2962,WMZ3ZAMcE3s_000220,0.16533163265306122
vggss,C1,12345,best,2963,WQQfK8Bqkw0_000230,-0.2215051020408163
vggss,C1,12345,best,2964,WQcS2qPupwQ_000094,0.16265306122448978
vggss,C1,12345,best,2965,WSuGM1DGvCM_000006,-0.33622448979591835
vggss,C1,12345,best,2966,WTQhmOYZNJQ_000024,0.009795918367346945
vggss,C1,12345,best,2967,WTlaLznHD1c_000053,0.41081632653061223
vggss,C1,12345,best,2968,WUJXiIqMhCs_000036,0.06892857142857142
vggss,C1,12345,best,2969,WUZOa6rFj6s_000030,-0.1364158163265306
vggss,C1,12345,best,2970,WUiy_6hI-xU_000061,-0.2159438775510204
vggss,C1,12345,best,2971,WVS46ZGovGw_000030,0.11422193877551019
vggss,C1,12345,best,2972,WWkwE6vhGwY_000030,0.05044642857142856
vggss,C1,12345,best,2973,WZLxZKna7xY_000276,0.3932015306122449
vggss,C1,12345,best,2974,W_-t9sBGOg4_000072,-0.4282908163265306
vggss,C1,12345,best,2975,W_Rr3hZw4Yk_000007,-0.27098214285714284
vggss,C1,12345,best,2976,W_UE04p_tYY_000094,-0.29335459183673473
vggss,C1,12345,best,2977,W_UE04p_tYY_000105,-0.3559056122448979
vggss,C1,12345,best,2978,WaGwzEFsJLs_000246,0.15417091836734695
vggss,C1,12345,best,2979,Wb1u17uxbYU_000304,0.017780612244897957
vggss,C1,12345,best,2980,WclYLl_KlwA_000050,-0.06714285714285713
vggss,C1,12345,best,2981,Wdg90rCeA34_000508,0.2739668367346939
vggss,C1,12345,best,2982,We4ilLBQBrc_000001,-0.05382653061224491
vggss,C1,12345,best,2983,WeAejlzuFMQ_000460,-0.061428571428571416
vggss,C1,12345,best,2984,WeBPE7xdTH4_000012,-0.007283163265306147
vggss,C1,12345,best,2985,WegRDdpH2ks_000518,-0.015331632653061214
vggss,C1,12345,best,2986,WesKosc-_c0_000047,0.03698979591836738
vggss,C1,12345,best,2987,Weu8nsJRMqE_000030,-0.10743622448979592
vggss,C1,12345,best,2988,WftXzNONXZo_000169,0.043278061224489794
vggss,C1,12345,best,2989,Wg2l9hxzqH4_000301,-0.09174744897959183
vggss,C1,12345,best,2990,WgXR9P0vl30_000011,0.021403061224489782
vggss,C1,12345,best,2991,WgllfeO855E_000147,-0.3000510204081633
vggss,C1,12345,best,2992,Wgnr_ftHhUw_000030,-0.012920918367346948
vggss,C1,12345,best,2993,WhD232bSL3w_000104,-0.05673469387755101
vggss,C1,12345,best,2994,Wh_g-Eiw9Kc_000010,0.19283163265306125
vggss,C1,12345,best,2995,Wj5qDj8_nSw_000025,-0.1961224489795918
vggss,C1,12345,best,2996,Wjgj2_InitY_000514,0.06286989795918367
vggss,C1,12345,best,2997,WlO51U31vYs_000014,-0.33985969387755105
vggss,C1,12345,best,2998,WmZicfOUkd0_000014,0.20274234693877555
vggss,C1,12345,best,2999,WmxNXcXMcdw_000113,0.15128826530612247
vggss,C1,12345,best,3000,WoXgPQQjcJU_000060,-0.11121173469387755
vggss,C1,12345,best,3001,WohJxQ1ll6w_000052,-0.43715561224489796
vggss,C1,12345,best,3002,WokAaq70lRM_000378,0.09910714285714287
vggss,C1,12345,best,3003,Wqux-4IupdU_000112,-0.010357142857142843
vggss,C1,12345,best,3004,Wqv0fvaXGM4_000052,0.06644132653061223
vggss,C1,12345,best,3005,Wr44Q8MQHL0_000030,0.2481377551020408
vggss,C1,12345,best,3006,WrSpubuVkN0_000330,0.07659438775510204
vggss,C1,12345,best,3007,WrbQ5NIU0R0_000170,-0.07048469387755102
vggss,C1,12345,best,3008,WrwRZ0NgEss_000538,0.01105867346938777
vggss,C1,12345,best,3009,WsG_Mg0VDn8_000025,0.004693877551020423
vggss,C1,12345,best,3010,WsKJwVVs-MY_000000,-0.14829081632653063
vggss,C1,12345,best,3011,WsfNsX9qA20_000079,-0.08311224489795917
vggss,C1,12345,best,3012,Wu--g0m8oWA_000011,0.36533163265306123
vggss,C1,12345,best,3013,WvquSD2PcCE_000030,-0.03869897959183674
vggss,C1,12345,best,3014,Wx0Aw9na7Jo_000007,0.18747448979591835
vggss,C1,12345,best,3015,Wx0Aw9na7Jo_000034,-0.0939923469387755
vggss,C1,12345,best,3016,Wx65BBbjCIQ_000120,-0.3821045918367347
vggss,C1,12345,best,3017,WxFEd6umyB0_000001,-0.4999617346938775
vggss,C1,12345,best,3018,X0LgBnGmy1w_000150,-0.1068877551020408
vggss,C1,12345,best,3019,X1B6bDrgzXM_000050,0.17488520408163266
vggss,C1,12345,best,3020,X1aRTyM821w_000024,0.20737244897959184
vggss,C1,12345,best,3021,X3Ukm37HbE0_000030,0.03297193877551019
vggss,C1,12345,best,3022,X5Xs8Y1cJK0_000030,-0.10765306122448978
vggss,C1,12345,best,3023,X76DCP7SCR0_000150,-0.1070408163265306
vggss,C1,12345,best,3024,X7RMG1-Srp8_000087,0.07121173469387754
vggss,C1,12345,best,3025,X91RLYNmC70_000088,0.2774234693877551
vggss,C1,12345,best,3026,XA6RBioito4_000067,-0.0831377551020408
vggss,C1,12345,best,3027,XA9I4QiBuWQ_000082,-0.15983418367346938
vggss,C1,12345,best,3028,XA9I4QiBuWQ_000132,-0.24093112244897963
vggss,C1,12345,best,3029,XAgppw__ZD4_000064,-0.06905612244897952
vggss,C1,12345,best,3030,XB6j1Xabe3E_000470,0.29322704081632656
vggss,C1,12345,best,3031,XBGpHaWOSH4_000301,0.13474489795918365
vggss,C1,12345,best,3032,XBMeUqtyXpM_000030,0.2657525510204082
vggss,C1,12345,best,3033,XCkoQ-sCQ4Y_000170,-0.35461734693877556
vggss,C1,12345,best,3034,XEQXKjMuP6Q_000113,-0.06973214285714285
vggss,C1,12345,best,3035,XEavANMFzQM_000040,-0.11145408163265307
vggss,C1,12345,best,3036,XG1fNGITN08_000400,0.05915816326530613
vggss,C1,12345,best,3037,XGCQHUilvfQ_000030,0.08553571428571427
vggss,C1,12345,best,3038,XHQGUbMSPTM_000030,0.08084183673469388
vggss,C1,12345,best,3039,XHlsNQZbZd8_000270,0.18974489795918367
vggss,C1,12345,best,3040,XHukxF8iWE0_000400,-0.15963010204081632
vggss,C1,12345,best,3041,XI6TRMIk71Q_000125,-0.16654336734693875
vggss,C1,12345,best,3042,XIW8Ai-YMdA_000210,-0.056607142857142856
vggss,C1,12345,best,3043,XIohMvtR0Og_000030,0.12150510204081633
vggss,C1,12345,best,3044,XJzWnBLIXQk_000099,-0.2955612244897959
vggss,C1,12345,best,3045,XMATVI0hyR4_000093,0.057729591836734706
vggss,C1,12345,best,3046,XMVoH1JjXw8_000030,-0.2628571428571428
vggss,C1,12345,best,3047,XMWD4ECxcNk_000029,-0.10821428571428571
vggss,C1,12345,best,3048,XOj6xGKEsUw_000035,-0.014936224489795893
vggss,C1,12345,best,3049,XQXsAZJqDig_000030,0.052079081632653054
vggss,C1,12345,best,3050,XR7vOriQ9VY_000194,-0.042283163265306116
vggss,C1,12345,best,3051,XS-3djsJWTA_000360,0.10825255102040818
vggss,C1,12345,best,3052,XS_Nwd8dxE0_000030,0.22418367346938775
vggss,C1,12345,best,3053,XTFD-XHCo2Q_000000,0.1704591836734694
vggss,C1,12345,best,3054,XUCh79kkapE_000049,0.17761479591836737
vggss,C1,12345,best,3055,XUlxqSC9j9s_000007,-0.1657780612244898
vggss,C1,12345,best,3056,XVi3kxnZ9h4_000045,0.0005484693877551017
vggss,C1,12345,best,3057,XVqQKMMGoUs_000061,-0.14174744897959182
vggss,C1,12345,best,3058,XXkTYV7NqIA_000275,0.05408163265306125
vggss,C1,12345,best,3059,XYLDjkXAuec_000380,-0.1414923469387755
vggss,C1,12345,best,3060,XZ5oHxjfHKY_000030,0.03156887755102043
vggss,C1,12345,best,3061,XZPPLt35KxU_000000,-0.09353316326530614
vggss,C1,12345,best,3062,XZbFXz54Suo_000000,-0.38276785714285716
vggss,C1,12345,best,3063,XZhLMTOmM9w_000030,0.1642984693877551
vggss,C1,12345,best,3064,X_nfMNpw9SA_000060,-0.07242346938775511
vggss,C1,12345,best,3065,XaIep0xC8BA_000117,-0.17459183673469386
vggss,C1,12345,best,3066,Xb7lSqbJYog_000490,0.00616071428571429
vggss,C1,12345,best,3067,XcyHfR180hA_000008,0.1361479591836735
vggss,C1,12345,best,3068,XdNW5tS4u3w_000014,-0.08359693877551021
vggss,C1,12345,best,3069,Xecb_5XO81Q_000010,0.08765306122448979
vggss,C1,12345,best,3070,XfLIbeSJSHE_000300,0.12090561224489796
vggss,C1,12345,best,3071,XgDKqGfheRE_000030,-0.21624999999999994
vggss,C1,12345,best,3072,Xh8CKz7QH40_000030,-0.20761479591836735
vggss,C1,12345,best,3073,XiQhJPkvn1I_000654,0.033864795918367344
vggss,C1,12345,best,3074,XjkUtn062ho_000000,-0.0629591836734694
vggss,C1,12345,best,3075,Xo5rIluWHhI_000007,0.3342857142857143
vggss,C1,12345,best,3076,Xp-u8qRkJZA_000014,-0.032716836734693874
vggss,C1,12345,best,3077,Xq6M-3Kh_PU_000020,0.2319005102040816
vggss,C1,12345,best,3078,XrNfbjSoitY_000080,0.026415816326530617
vggss,C1,12345,best,3079,Xr_wJ4xCnUA_000141,0.054451530612244885
vggss,C1,12345,best,3080,XrfEKRcnKxs_000030,0.03802295918367349
vggss,C1,12345,best,3081,XrjkzI6TVwc_000030,-0.27255102040816326
vggss,C1,12345,best,3082,XryEq7dg_fY_000082,-0.13820153061224488
vggss,C1,12345,best,3083,XuaJVdMCCoU_000030,-0.02936224489795916
vggss,C1,12345,best,3084,XvXsYOMYa0k_000157,-0.04544642857142857
vggss,C1,12345,best,3085,XvkNRGfbdw8_000017,0.21516581632653062
vggss,C1,12345,best,3086,Xw_JU2taiVM_000423,0.06080357142857143
vggss,C1,12345,best,3087,XwfxT99WlZE_000015,0.0667091836734694
vggss,C1,12345,best,3088,Xx13khTTtJ0_000159,-0.21482142857142855
vggss,C1,12345,best,3089,Xx2YziXzVkg_000030,-0.3627040816326531
vggss,C1,12345,best,3090,Xx8lx5KT2ks_000000,0.47359693877551023
vggss,C1,12345,best,3091,XyIAPpcvVro_000000,0.18669642857142857
vggss,C1,12345,best,3092,XySWOKnenIA_000000,-0.13270408163265301
vggss,C1,12345,best,3093,XyVZgPZ1clo_000852,0.13522959183673472
vggss,C1,12345,best,3094,XzqUa_35-xs_000002,0.0690561224489796
vggss,C1,12345,best,3095,Y-qOOR0izlE_000102,-0.4095535714285714
vggss,C1,12345,best,3096,Y0zPnwGCSw0_000014,0.11917091836734695
vggss,C1,12345,best,3097,Y0zPnwGCSw0_000048,0.19139030612244895
vggss,C1,12345,best,3098,Y16pPj3zfo4_000007,0.32753826530612246
vggss,C1,12345,best,3099,Y3AK50PotkQ_000030,0.4161352040816326
vggss,C1,12345,best,3100,Y3Iu9Xq-TaU_000453,-0.0542857142857143
vggss,C1,12345,best,3101,Y3Iu9Xq-TaU_000505,0.1403061224489796
vggss,C1,12345,best,3102,Y3yXAMiFgyI_000030,0.258405612244898
vggss,C1,12345,best,3103,Y4Rul-qYAGQ_000400,-0.045739795918367354
vggss,C1,12345,best,3104,Y5PXkSzapQc_000058,-0.1464158163265306
vggss,C1,12345,best,3105,Y5Qrawu3guY_000030,-0.08121173469387752
vggss,C1,12345,best,3106,Y5oaCVCDhYI_000033,0.03538265306122447
vggss,C1,12345,best,3107,Y5t8KSDEeOs_000000,0.22928571428571431
vggss,C1,12345,best,3108,Y6-EXl7Njzg_000030,-0.010344387755102047
vggss,C1,12345,best,3109,Y612uIsQ9HM_000012,-0.06979591836734694
vggss,C1,12345,best,3110,Y6lUctPmnoc_000007,0.11001275510204081
vggss,C1,12345,best,3111,Y7aU3aCEf5A_000030,-0.1647066326530612
vggss,C1,12345,best,3112,Y8JivjKVBIg_000134,0.16331632653061223
vggss,C1,12345,best,3113,Y8b7Thr-UyQ_000040,-0.12983418367346938
vggss,C1,12345,best,3114,Y8x4eyGCecI_000320,-0.20769132653061229
vggss,C1,12345,best,3115,Y9pGt8ax3PA_000010,0.14237244897959184
vggss,C1,12345,best,3116,YBd5lEnpT_8_000000,-0.06332908163265305
vggss,C1,12345,best,3117,YCfGy7J2oFo_000051,0.21707908163265305
vggss,C1,12345,best,3118,YD0freJ-4q4_000041,0.10859693877551019
vggss,C1,12345,best,3119,YDhSHz_AO5E_000076,0.20423469387755103
vggss,C1,12345,best,3120,YDpyBLAg2Ps_000280,0.043750000000000004
vggss,C1,12345,best,3121,YFmO4K_mdTo_000181,-0.009681122448979618
vggss,C1,12345,best,3122,YGj2ZPZ5cew_000290,0.3526785714285714
vggss,C1,12345,best,3123,YGv1xUgz2pY_000045,-0.47372448979591836
vggss,C1,12345,best,3124,YIN5D9ffrtE_000031,-0.009145408163265301
vggss,C1,12345,best,3125,YIvbFqkLIgA_000070,0.20071428571428573
vggss,C1,12345,best,3126,YJGLI8Eurm4_000006,0.11784438775510203
vggss,C1,12345,best,3127,YLGxmdhFdrY_000025,0.10086734693877555
vggss,C1,12345,best,3128,YN5CTUvVDGw_000200,-0.052474489795918365
vggss,C1,12345,best,3129,YNNepx1HYM8_000031,0.2454591836734694
vggss,C1,12345,best,3130,YNwgT_8Vniw_000018,0.0280484693877551
vggss,C1,12345,best,3131,YOA1JOyd7cw_000030,0.0428316326530612
vggss,C1,12345,best,3132,YOEGhE-dE4g_000326,-0.08535714285714287
vggss,C1,12345,best,3133,YP9bqVB-sVg_000030,0.010586734693877553
vggss,C1,12345,best,3134,YPiV6baoR8A_000037,0.20900510204081632
vggss,C1,12345,best,3135,YPuFEZZxSdg_000233,-0.26036989795918364
vggss,C1,12345,best,3136,YQwQbYsgMLQ_000018,-0.143125
vggss,C1,12345,best,3137,YSLun3TqE08_000150,0.08122448979591838
vggss,C1,12345,best,3138,YSsLH9_cisM_000236,-0.031045918367346936
vggss,C1,12345,best,3139,YTFJUFWcRns_000030,0.03006377551020408
vggss,C1,12345,best,3140,YTV9OVmgbBQ_000084,-0.3958163265306123
vggss,C1,12345,best,3141,YUcV-grp898_000009,0.1084438775510204
vggss,C1,12345,best,3142,YVJWw5RxUeM_000002,0.1453188775510204
vggss,C1,12345,best,3143,YVbJ9g851Vg_000025,-0.025459183673469388
vggss,C1,12345,best,3144,YWabd_3AEfo_000049,-0.14168367346938773
vggss,C1,12345,best,3145,YXqu1CeA2c4_000044,-0.05103316326530613
vggss,C1,12345,best,3146,YY1Qf9Q_Zx8_000037,0.09442602040816327
vggss,C1,12345,best,3147,YY3DY_U9oBk_000049,-0.05433673469387756
vggss,C1,12345,best,3148,Y_H9pAXuz6M_000070,-0.27034438775510206
vggss,C1,12345,best,3149,Ya5GiXz1gbA_000019,-0.024323979591836735
vggss,C1,12345,best,3150,YaZx80MEyKs_000060,0.03159438775510204
vggss,C1,12345,best,3151,YbLR6dgY-K4_000030,-0.1293622448979592
vggss,C1,12345,best,3152,YbZXTk6NgTo_000030,0.32943877551020406
vggss,C1,12345,best,3153,Yd10enP9ykM_000030,0.10735969387755101
vggss,C1,12345,best,3154,Ydz4uQX5_ow_000023,0.028443877551020406
vggss,C1,12345,best,3155,Yf7ypnJ2J-U_000039,0.05234693877551018
vggss,C1,12345,best,3156,YfGQuqGjSOU_000126,-0.1984948979591837
vggss,C1,12345,best,3157,YjOOi6WAjtI_000023,0.03326530612244897
vggss,C1,12345,best,3158,Ykv1CiXNXLQ_000134,-0.16793367346938776
vggss,C1,12345,best,3159,YlLC5aGq4Yw_000009,-0.05698979591836735
vggss,C1,12345,best,3160,YlpOZqnLeEs_000125,-0.07987244897959182
vggss,C1,12345,best,3161,Yn2KgQjK5R4_000200,0.018915816326530603
vggss,C1,12345,best,3162,YqLZdK_e4-A_000030,-0.055471938775510196
vggss,C1,12345,best,3163,YqvKDLbboxE_000027,0.4111479591836735
vggss,C1,12345,best,3164,YrBpFByZmKM_000137,-0.13320153061224488
vggss,C1,12345,best,3165,Ys9Tvftkin0_000070,0.005471938775510214
vggss,C1,12345,best,3166,YsHxZjm-zg8_000120,0.12167091836734695
vggss,C1,12345,best,3167,YsUCzO0gfro_000060,0.16512755102040816
vggss,C1,12345,best,3168,YsX-dUhC-_4_000000,-0.14309948979591836
vggss,C1,12345,best,3169,Ysjdu0ZZmQE_000100,-0.086875
vggss,C1,12345,best,3170,Ysqh1uzqGrc_000000,0.22868622448979598
vggss,C1,12345,best,3171,Ytblri7hn-0_000031,-0.03183673469387756
vggss,C1,12345,best,3172,Ytj9squ563E_000006,0.22934948979591838
vggss,C1,12345,best,3173,YuU9VpAxb24_000003,-0.22669642857142858
vggss,C1,12345,best,3174,YuvmP7Lsr2k_000030,-0.08674744897959183
vggss,C1,12345,best,3175,Yx5pH0S0Clc_000062,-0.0027933673469387812
vggss,C1,12345,best,3176,YxIScOdROZE_000090,0.07873724489795918
vggss,C1,12345,best,3177,YzCK7OtGzqs_000010,-0.05779336734693878
vggss,C1,12345,best,3178,YzUXMKt3nF4_000026,0.007053571428571423
vggss,C1,12345,best,3179,Z5X0bIh2Up8_000160,-0.04928571428571428
vggss,C1,12345,best,3180,Z5XoxwA2e4c_000150,-0.04198979591836732
vggss,C1,12345,best,3181,Z8e1GUopzRk_000050,0.08034438775510204
vggss,C1,12345,best,3182,Z9xfJDftEUA_000261,-0.539170918367347
vggss,C1,12345,best,3183,ZAgmaBqrdEM_000017,-0.23899234693877552
vggss,C1,12345,best,3184,ZBk-DylU4Ac_000013,0.1385841836734694
vggss,C1,12345,best,3185,ZC2-HlTYjqA_000050,-0.20325255102040818
vggss,C1,12345,best,3186,ZD86LBLgawc_000658,0.20321428571428574
vggss,C1,12345,best,3187,ZECeW7EAQtM_000010,0.0774872448979592
vggss,C1,12345,best,3188,ZEP87KTkyNM_000277,-0.1091326530612245
vggss,C1,12345,best,3189,ZFs03gCSB_g_000270,-0.055153061224489805
vggss,C1,12345,best,3190,ZGYQX-172io_000011,-0.058864795918367345
vggss,C1,12345,best,3191,ZGYQX-172io_000022,-0.110484693877551
vggss,C1,12345,best,3192,ZGubbE6cRL0_000040,0.015765306122448985
vggss,C1,12345,best,3193,ZHIwj6hmd4A_000000,0.052066326530612245
vggss,C1,12345,best,3194,ZIPScztJi0M_000049,-0.021875
vggss,C1,12345,best,3195,ZIgZ_OKQyF0_000215,0.13786989795918367
vggss,C1,12345,best,3196,ZJHBBH9gh2Y_000000,0.06317602040816325
vggss,C1,12345,best,3197,ZK2rF-mQ1Qk_000010,0.04989795918367346
vggss,C1,12345,best,3198,ZKsNHjqLM1s_000046,0.09239795918367347
vggss,C1,12345,best,3199,ZMcJY8yLjUs_000011,-0.10975765306122448
vggss,C1,12345,best,3200,ZNEEzZXROTo_000058,0.0023214285714285715
vggss,C1,12345,best,3201,ZOkDV5Z3Nn8_000012,0.1539795918367347
vggss,C1,12345,best,3202,ZP0aFBkk3WE_000092,0.2004591836734694
vggss,C1,12345,best,3203,ZPO1zpDqQ8I_000080,0.08542091836734692
vggss,C1,12345,best,3204,ZPXK1-_fYy0_000259,0.12372448979591837
vggss,C1,12345,best,3205,ZPeG32vKQ3w_000030,-0.06979591836734694
vggss,C1,12345,best,3206,ZS4Chf9yh8s_000020,-0.410484693877551
vggss,C1,12345,best,3207,ZSqKAFe326w_000063,-0.12325255102040819
vggss,C1,12345,best,3208,ZT3jQW3tvt0_000015,0.20602040816326528
vggss,C1,12345,best,3209,ZUp2sBZvw5Q_000082,0.2749107142857143
vggss,C1,12345,best,3210,ZVKgp2DGpcI_000010,0.20145408163265305
vggss,C1,12345,best,3211,ZVKgp2DGpcI_000021,-0.13975765306122448
vggss,C1,12345,best,3212,ZXDg02kHzPA_000149,0.32792091836734694
vggss,C1,12345,best,3213,ZXbnWlzc0ro_000540,-0.023290816326530614
vggss,C1,12345,best,3214,ZXsQAXx_ao0_000050,-0.03822704081632654
vggss,C1,12345,best,3215,ZZhkohnlobs_000382,0.15728316326530611
vggss,C1,12345,best,3216,ZZoM-leT_0U_000041,-0.13251275510204086
vggss,C1,12345,best,3217,Za8bwlW9dNE_000089,0.03353316326530613
vggss,C1,12345,best,3218,ZaVSw-V89HE_000040,-0.1818877551020408
vggss,C1,12345,best,3219,ZahBai58_Ec_000330,0.12198979591836734
vggss,C1,12345,best,3220,ZdYth-f68M0_000192,0.08376275510204081
vggss,C1,12345,best,3221,ZeFA4i5ZaBU_000112,-0.08348214285714284
vggss,C1,12345,best,3222,ZedCPKaacjU_000326,-0.36554846938775515
vggss,C1,12345,best,3223,ZfSlWX1C8yY_000030,0.08394132653061226
vggss,C1,12345,best,3224,Zfn6CE4-jww_000245,-0.1388775510204081
vggss,C1,12345,best,3225,ZggvCXDeTPo_000355,-0.06521683673469388
vggss,C1,12345,best,3226,Zgogkej7gHg_000274,0.0517219387755102
vggss,C1,12345,best,3227,Zhu5ogju62A_000001,0.15637755102040818
vggss,C1,12345,best,3228,ZkNXSaL8GWQ_000003,-0.07110969387755102
vggss,C1,12345,best,3229,ZkUT6D-H7mk_000006,0.20775510204081632
vggss,C1,12345,best,3230,Zl29n4sL8_A_000037,-0.042244897959183667
vggss,C1,12345,best,3231,ZlOdV1o8SpY_000004,-0.36293367346938776
vggss,C1,12345,best,3232,ZlcjYfd0rYM_000012,0.14534438775510203
vggss,C1,12345,best,3233,ZmgkpmzvL6c_000030,-0.06167091836734692
vggss,C1,12345,best,3234,ZnEEAfLC9Sg_000170,0.11477040816326531
vggss,C1,12345,best,3235,ZnZtPgz8Sfw_000030,0.19540816326530613
vggss,C1,12345,best,3236,ZnzUnrS1MEs_000023,-0.3690178571428572
vggss,C1,12345,best,3237,ZoameGbMVt8_000110,-0.06743622448979593
vggss,C1,12345,best,3238,Zook_bGHT3E_000030,-0.23846938775510204
vggss,C1,12345,best,3239,Zoq9CxiFhDA_000025,0.13399234693877554
vggss,C1,12345,best,3240,Zpy_FG4-CcU_000065,-0.18959183673469387
vggss,C1,12345,best,3241,ZqFhbOL1WPA_000230,-0.4080994897959183
vggss,C1,12345,best,3242,ZqZG_CV2qQU_000030,-0.2185204081632653
vggss,C1,12345,best,3243,ZuBxMCk0cco_000140,-0.1805484693877551
vggss,C1,12345,best,3244,ZvOrojEQueY_000101,0.04043367346938777
vggss,C1,12345,best,3245,ZwAplWOatRo_000020,0.20044642857142858
vggss,C1,12345,best,3246,ZwU142gcENM_000110,-0.20669642857142856
vggss,C1,12345,best,3247,ZwzKM1_rx5g_000015,-0.26868622448979596
vggss,C1,12345,best,3248,ZxiXftx2EMg_000477,0.07869897959183672
vggss,C1,12345,best,3249,Zy-yrZ6h_g0_000036,-0.12983418367346938
vggss,C1,12345,best,3250,ZyiDGq0qh2s_000030,0.0822576530612245
vggss,C1,12345,best,3251,_-UGWlp0IG0_000150,-0.13545918367346937
vggss,C1,12345,best,3252,_-W48cCMzXU_000102,-0.2092219387755102
vggss,C1,12345,best,3253,_-ZSRcrbRGI_000140,-0.07205357142857141
vggss,C1,12345,best,3254,_-_5kbw2Mcw_000000,0.05127551020408162
vggss,C1,12345,best,3255,_-_U21mzk40_000030,0.007397959183673489
vggss,C1,12345,best,3256,_1TjLs6_Geo_000013,-0.2904591836734694
vggss,C1,12345,best,3257,_1vudgh5RpE_000059,0.08971938775510208
vggss,C1,12345,best,3258,_2hXtglCsD8_000002,-0.08580357142857144
vggss,C1,12345,best,3259,_2hXtglCsD8_000016,-0.2094642857142857
vggss,C1,12345,best,3260,_2nAf41g-4k_000000,-0.33723214285714287
vggss,C1,12345,best,3261,_3kxB2-MfWI_000030,-0.16024234693877554
vggss,C1,12345,best,3262,_4GHOB8H3FQ_000225,0.2540688775510204
vggss,C1,12345,best,3263,_4NEAgqguN0_000220,0.005497448979591837
vggss,C1,12345,best,3264,_4rolMIFkgQ_000030,-0.03936224489795917
vggss,C1,12345,best,3265,_547JTmvb9g_000030,0.06577806122448979
vggss,C1,12345,best,3266,_6gpB_Trvo8_000000,0.11669642857142856
vggss,C1,12345,best,3267,_6uZ1HyHSQY_000110,0.17307397959183674
vggss,C1,12345,best,3268,_8HcEdMMbzQ_000130,-0.19258928571428574
vggss,C1,12345,best,3269,_8JGpCc5RI8_000160,-0.009668367346938777
vggss,C1,12345,best,3270,_8VTJcZAwaw_000003,0.16813775510204082
vggss,C1,12345,best,3271,_A30xsFBMXA_000040,-0.21073979591836733
vggss,C1,12345,best,3272,_AUtYTaYMrE_000100,0.13934948979591838
vggss,C1,12345,best,3273,_AadO6XA3OU_000030,0.3313647959183673
vggss,C1,12345,best,3274,_Afs4B07Xog_000022,-0.1592857142857143
vggss,C1,12345,best,3275,_AhsSM_70wg_000029,-0.18410714285714286
vggss,C1,12345,best,3276,_AopX_dxdZ0_000010,-0.07730867346938777
vggss,C1,12345,best,3277,_Bih7lCMSz8_000223,-0.10211734693877553
vggss,C1,12345,best,3278,_BoK6vI1wWA_000035,0.0850765306122449
vggss,C1,12345,best,3279,_CSKpoaeeAc_000014,-0.08771683673469387
vggss,C1,12345,best,3280,_DGLk4D-leg_000018,0.07418367346938777
vggss,C1,12345,best,3281,_DmA5okgdeQ_000004,0.06264030612244897
vggss,C1,12345,best,3282,_F4l0BMbBf8_000286,-0.040688775510204084
vggss,C1,12345,best,3283,_GoMg7oF7Ww_000074,0.012665816326530632
vggss,C1,12345,best,3284,_GzKC_7QmUE_000385,-0.07863520408163265
vggss,C1,12345,best,3285,_JgY3UNXvVI_000030,0.05612244897959185
vggss,C1,12345,best,3286,_L5Jp1l3kMQ_000061,0.12965561224489797
vggss,C1,12345,best,3287,_MBCVvbtdtI_000470,0.4928826530612245
vggss,C1,12345,best,3288,_NW6RuwbP1Q_000020,0.2638010204081632
vggss,C1,12345,best,3289,_OocUoF31oE_000059,-0.3338010204081633
vggss,C1,12345,best,3290,_Oq8cy6T4KA_000091,-0.45177295918367344
vggss,C1,12345,best,3291,_QjCOK638vc_000036,-0.057359693877551035
vggss,C1,12345,best,3292,_Qnw4_agm-0_000030,-0.14345663265306122
vggss,C1,12345,best,3293,_QsEc34hEik_000053,0.055076530612244906
vggss,C1,12345,best,3294,_R9Ma9rjEWg_000030,0.09926020408163266
vggss,C1,12345,best,3295,_RLsXrr0fQo_000080,0.1646301020408163
vggss,C1,12345,best,3296,_Sll3DT8FxE_000041,0.03573979591836733
vggss,C1,12345,best,3297,_TIP8swMSi8_000052,-0.018571428571428572
vggss,C1,12345,best,3298,_U8kAFAm8tQ_000030,0.27975765306122446
vggss,C1,12345,best,3299,_UmY2aYt1YQ_000030,-0.21359693877551023
vggss,C1,12345,best,3300,_WJFzZwYgoQ_000000,0.08173469387755103
vggss,C1,12345,best,3301,_X69MdLl5rU_000176,-0.32186224489795917
vggss,C1,12345,best,3302,_XA3BaNyf4Q_000069,0.08688775510204083
vggss,C1,12345,best,3303,_Y-r06UNOoc_000073,-0.045216836734693885
vggss,C1,12345,best,3304,_Yy8LLBGm60_000049,0.12642857142857145
vggss,C1,12345,best,3305,_Zh3mvd4Ci8_000050,-0.28256377551020406
vggss,C1,12345,best,3306,_Zl_z4n_T9M_000471,0.15031887755102044
vggss,C1,12345,best,3307,__2MwJ2uHu0_000004,-0.005242346938775511
vggss,C1,12345,best,3308,__d25T3IAOg_000325,-0.1631887755102041
vggss,C1,12345,best,3309,__p-iA312kg_000070,0.24591836734693873
vggss,C1,12345,best,3310,__uEjp7_UDw_000100,-0.21506377551020409
vggss,C1,12345,best,3311,_aggk5tA7hM_000047,-0.11112244897959181
vggss,C1,12345,best,3312,_bAVmK7n0fs_000130,-0.031275510204081626
vggss,C1,12345,best,3313,_bBUW5C5yW4_000053,0.25758928571428574
vggss,C1,12345,best,3314,_bIE0Cnyaf4_000056,-0.11941326530612245
vggss,C1,12345,best,3315,_bkX5VkZg8U_000189,0.16090561224489797
vggss,C1,12345,best,3316,_cES7Twcq18_000006,-0.11797193877551022
vggss,C1,12345,best,3317,_cb_U_z_Ct0_000030,0.3243367346938775
vggss,C1,12345,best,3318,_dlpgziE7CU_000010,-0.004413265306122446
vggss,C1,12345,best,3319,_eBYRnly4m8_000097,-0.38880102040816333
vggss,C1,12345,best,3320,_eLVrgvrVBQ_000020,-0.184234693877551
vggss,C1,12345,best,3321,_fTONy_pqik_000030,0.04153061224489796
vggss,C1,12345,best,3322,_fprJMwmYoU_000221,-0.23934948979591839
vggss,C1,12345,best,3323,_gG0KNGD47M_000030,0.13353316326530612
vggss,C1,12345,best,3324,_hd1tNgkZz8_000009,-0.02390306122448979
vggss,C1,12345,best,3325,_k2hN2MlHoA_000030,-0.3795025510204082
vggss,C1,12345,best,3326,_kgVaDLEXMQ_000047,-0.17378826530612246
vggss,C1,12345,best,3327,_mB-DrTf79o_000130,-0.12461734693877549
vggss,C1,12345,best,3328,_nMkSRVn6G0_000012,0.30215561224489795
vggss,C1,12345,best,3329,_pa-9nYl1QE_000037,-0.15198979591836734
vggss,C1,12345,best,3330,_peXjzFQ2_c_000030,-0.18582908163265308
vggss,C1,12345,best,3331,_pquL-kF_FM_000229,0.24612244897959185
vggss,C1,12345,best,3332,_qL20ImF8bE_000014,0.02889030612244898
vggss,C1,12345,best,3333,_qL20ImF8bE_000047,0.10719387755102042
vggss,C1,12345,best,3334,_r--eecSZRk_000024,-0.06876275510204082
vggss,C1,12345,best,3335,_rgOfS3NOSY_000108,0.07603316326530613
vggss,C1,12345,best,3336,_sQ3jyZ2MnI_000000,0.10253826530612245
vggss,C1,12345,best,3337,_snV8otOVmg_000293,0.4098341836734694
vggss,C1,12345,best,3338,_uZaiX3Awog_000002,-0.020714285714285713
vggss,C1,12345,best,3339,_uswoJHYy14_000060,-0.05544642857142856
vggss,C1,12345,best,3340,_w8u8H6TP_o_000000,0.19582908163265306
vggss,C1,12345,best,3341,_wNC03n2xmg_000211,-0.12551020408163266
vggss,C1,12345,best,3342,_xXjtC5N1-Q_000030,0.3575382653061224
vggss,C1,12345,best,3343,_xsRyM_fXYI_000034,0.22774234693877554
vggss,C1,12345,best,3344,_yH2zKXrXWg_000000,-0.08838010204081634
vggss,C1,12345,best,3345,_yL7bluGUFI_000014,-0.14413265306122447
vggss,C1,12345,best,3346,_yWsqs9FOnU_000010,-0.2444515306122449
vggss,C1,12345,best,3347,_z72jRCSaeE_000080,0.27394132653061226
vggss,C1,12345,best,3348,a0bjjOHwpjg_000012,-0.18266581632653062
vggss,C1,12345,best,3349,a1THgU6-Wj0_000440,-0.06190051020408163
vggss,C1,12345,best,3350,a23NBJ73THw_000045,0.2004719387755102
vggss,C1,12345,best,3351,a23miUKGq6c_000003,0.3469260204081633
vggss,C1,12345,best,3352,a23miUKGq6c_000042,0.12846938775510203
vggss,C1,12345,best,3353,a23vS080B2E_000100,-0.12487244897959185
vggss,C1,12345,best,3354,a3RfULw7aAY_000000,-0.06052295918367345
vggss,C1,12345,best,3355,a3UQ9Je4xQM_000020,0.2541326530612245
vggss,C1,12345,best,3356,a3_gdGLyCAw_000186,0.2045280612244898
vggss,C1,12345,best,3357,a4GXcNNy5ZY_000003,0.0407142857142857
vggss,C1,12345,best,3358,a4HgsaaMErU_000000,0.15755102040816327
vggss,C1,12345,best,3359,a59ivTlYoNk_000310,0.22512755102040816
vggss,C1,12345,best,3360,a5vTn5286-A_000080,-0.15757653061224489
vggss,C1,12345,best,3361,a6LS3EVuut4_000083,0.17743622448979593
vggss,C1,12345,best,3362,a6RbnrOOc-M_000090,0.3514795918367347
vggss,C1,12345,best,3363,a7-ewvYJgiQ_000121,-0.14104591836734692
vggss,C1,12345,best,3364,a8cRcNvRJgg_000064,0.29808673469387753
vggss,C1,12345,best,3365,a9lp5Gre6Mw_000009,0.07191326530612244
vggss,C1,12345,best,3366,aALMH6QHOVg_000017,-0.055931122448979576
vggss,C1,12345,best,3367,aAnCOKxPgaA_000140,0.05276785714285715
vggss,C1,12345,best,3368,aBI4otPGdKU_000390,0.13498724489795916
vggss,C1,12345,best,3369,aBXntqgPo6Q_000040,-0.045599489795918366
vggss,C1,12345,best,3370,aBdr7mO5nyw_000288,0.07237244897959183
vggss,C1,12345,best,3371,aCUZuMblJPg_000080,0.06588010204081635
vggss,C1,12345,best,3372,aDclY0lRUu8_000129,0.056441326530612235
vggss,C1,12345,best,3373,aDsnFA2GDQw_000153,0.6395408163265306
vggss,C1,12345,best,3374,aE-_vO4AagE_000070,-0.036237244897959195
vggss,C1,12345,best,3375,aESAKt3teu0_000030,-0.20420918367346935
vggss,C1,12345,best,3376,aEYwqY-Zt_k_000011,0.1069005102040816
vggss,C1,12345,best,3377,aFKE_xiCSLY_000099,-0.2588647959183673
vggss,C1,12345,best,3378,aFKTFN8p-pw_000053,0.2566198979591837
vggss,C1,12345,best,3379,aFfXpjfI2nk_000090,-0.14090561224489795
vggss,C1,12345,best,3380,aHx50zHbHbE_000013,-0.08403061224489797
vggss,C1,12345,best,3381,aIKqoPShvNs_000070,-0.012028061224489801
vggss,C1,12345,best,3382,aJBHU0__eZI_000413,0.030459183673469385
vggss,C1,12345,best,3383,aJNiSRqdCco_000011,0.14501275510204084
vggss,C1,12345,best,3384,aKZ3NJi8GVU_000000,0.2572576530612245
vggss,C1,12345,best,3385,aKdPOb-VW7g_000437,-0.007436224489795924
vggss,C1,12345,best,3386,aKiYt30HO0k_000004,-0.09105867346938777
vggss,C1,12345,best,3387,aLL-B4ul-Dg_000620,-0.09065051020408164
vggss,C1,12345,best,3388,aN4VaaPbptE_000137,-0.10868622448979592
vggss,C1,12345,best,3389,aNKWalYyU0g_000012,-0.14346938775510204
vggss,C1,12345,best,3390,aNkOcOCm32s_000010,0.08715561224489796
vggss,C1,12345,best,3391,aNmPy_PCO1I_000080,0.12210459183673467
vggss,C1,12345,best,3392,aO5LRQS08E4_000087,0.17093112244897957
vggss,C1,12345,best,3393,aOOqSWgmRJM_000033,-0.07383928571428577
vggss,C1,12345,best,3394,aP3YC0i0yyY_000082,0.23113520408163263
vggss,C1,12345,best,3395,aPGfndmW1zM_000263,0.1889923469387755
vggss,C1,12345,best,3396,aPRH3YE7Lpo_000253,0.02668367346938777
vggss,C1,12345,best,3397,aS4pa9XV7yA_000030,-0.28144132653061227
vggss,C1,12345,best,3398,aS5eOryeLbM_000210,0.17280612244897958
vggss,C1,12345,best,3399,aSDoEYTHGUA_000030,-0.009961734693877546
vggss,C1,12345,best,3400,aSJKZRwMsxE_000050,0.06267857142857142
vggss,C1,12345,best,3401,aTdpU4HGxXA_000109,-0.07029336734693878
vggss,C1,12345,best,3402,aU3PT6cU-5g_000395,-0.012499999999999997
vggss,C1,12345,best,3403,aU8dxXh2yqk_000390,-0.3051147959183673
vggss,C1,12345,best,3404,aUG81LArlcM_000049,-0.12524234693877548
vggss,C1,12345,best,3405,aUfDxRelPHg_000022,-0.10561224489795916
vggss,C1,12345,best,3406,aW3_8p1ElDw_000030,0.006466836734693893
vggss,C1,12345,best,3407,aWJDNhMn408_000025,0.04793367346938779
vggss,C1,12345,best,3408,aWgRtDIA2U4_000029,-0.1763265306122449
vggss,C1,12345,best,3409,aXV-yaFmQNk_000070,0.33321428571428574
vggss,C1,12345,best,3410,aZ2SllViDNM_000165,0.1967984693877551
vggss,C1,12345,best,3411,aZNrJFxR9HU_000013,0.36419642857142853
vggss,C1,12345,best,3412,aZfszZqR7i4_000120,-0.02535714285714287
vggss,C1,12345,best,3413,aZj3L_Pjz8A_000100,-0.07482142857142858
vggss,C1,12345,best,3414,aZxm-nYkpNs_000003,-0.19741071428571427
vggss,C1,12345,best,3415,a_HZ5bMXveM_000033,-0.0038520408163265282
vggss,C1,12345,best,3416,a_HzXa0YVIo_000170,0.29141581632653063
vggss,C1,12345,best,3417,aa09xLmz7sY_000023,-0.028520408163265315
vggss,C1,12345,best,3418,aajx_w7vgjA_000003,-0.03533163265306123
vggss,C1,12345,best,3419,acepdtp7F7Y_000348,0.14354591836734693
vggss,C1,12345,best,3420,ad6gQQ_0evk_000030,0.15727040816326532
vggss,C1,12345,best,3421,agkVG4i1-5k_000134,0.13746173469387757
vggss,C1,12345,best,3422,ai3XR_nPrpI_000101,-0.19238520408163265
vggss,C1,12345,best,3423,ai3XR_nPrpI_000150,0.11839285714285716
vggss,C1,12345,best,3424,aidxQEWjcjI_000070,0.2321173469387755
vggss,C1,12345,best,3425,al7bGtNVe4E_000161,0.08964285714285714
vggss,C1,12345,best,3426,alMbWx4lVL4_000030,-0.2483290816326531
vggss,C1,12345,best,3427,amEW4O2Z350_000035,0.01899234693877551
vggss,C1,12345,best,3428,amHGECYhLoY_000055,-0.16341836734693876
vggss,C1,12345,best,3429,amZFmEB9Opg_000032,0.0980484693877551
vggss,C1,12345,best,3430,amniAzV2-jM_000030,0.10131377551020408
vggss,C1,12345,best,3431,an8sNYncBao_000450,0.007053571428571437
vggss,C1,12345,best,3432,aouKweCzxj8_000290,0.004732142857142879
vggss,C1,12345,best,3433,apZT-WEJ--A_000175,-0.15906887755102042
vggss,C1,12345,best,3434,apiwldD6mRo_000020,-0.265280612244898
vggss,C1,12345,best,3435,aqhhfkXKJ1o_000010,0.04469387755102043
vggss,C1,12345,best,3436,aridgcppt0g_000038,-0.1799362244897959
vggss,C1,12345,best,3437,as7MhTe961k_000170,-0.1867984693877551
vggss,C1,12345,best,3438,asrePkOXpU0_000049,0.14483418367346934
vggss,C1,12345,best,3439,auC_LgwFF8g_000030,0.05223214285714286
vggss,C1,12345,best,3440,avMMHoVQdTI_000039,-0.21329081632653063
vggss,C1,12345,best,3441,avtZJKydB-E_000079,-0.2640816326530612
vggss,C1,12345,best,3442,awQP-69K3rY_000420,5.102040816326592e-05
vggss,C1,12345,best,3443,awfbE0KxEjE_000380,0.07559948979591838
vggss,C1,12345,best,3444,awn0pAyJJYk_000030,-0.2627423469387755
vggss,C1,12345,best,3445,axSlCt0ZHVI_000151,0.20334183673469386
vggss,C1,12345,best,3446,b-5nX20MGoE_000058,0.13730867346938774
vggss,C1,12345,best,3447,b0KSxH37gVE_000100,0.543826530612245
vggss,C1,12345,best,3448,b2kGVB2Pz0Y_000249,-0.09670918367346938
vggss,C1,12345,best,3449,b2yU1j1P7n4_000058,0.10857142857142855
vggss,C1,12345,best,3450,b4glNhNvMYU_000340,0.25596938775510203
vggss,C1,12345,best,3451,b6867WvTgOk_000080,-0.049017857142857134
vggss,C1,12345,best,3452,b6x51a8ipG0_000469,0.18991071428571427
vggss,C1,12345,best,3453,b7-9-67LlGw_000106,0.040165816326530615
vggss,C1,12345,best,3454,b71sYw2hZB0_000030,-0.20815051020408165
vggss,C1,12345,best,3455,b7fP0ON5qIU_000008,0.5741709183673469
vggss,C1,12345,best,3456,bA8mt0JI0Ko_000030,0.2319515306122449
vggss,C1,12345,best,3457,bBfi3iEu9fk_000160,-0.10575255102040818
vggss,C1,12345,best,3458,bC1qDfkRyEs_000087,0.11168367346938778
vggss,C1,12345,best,3459,bD5MT2FoOJg_000030,-0.01728316326530613
vggss,C1,12345,best,3460,bDpowdWB7lk_000021,-0.0005994897959183555
vggss,C1,12345,best,3461,bE2g05K-B94_000049,-0.08645408163265304
vggss,C1,12345,best,3462,bFTkrENAIzk_000237,0.018022959183673484
vggss,C1,12345,best,3463,bGk6gbxWzCQ_000030,-0.18502551020408164
vggss,C1,12345,best,3464,bHYb3-Qpmcc_000020,0.0363265306122449
vggss,C1,12345,best,3465,bHmbZDvqpyo_000020,0.34024234693877553
vggss,C1,12345,best,3466,bJGv9bWBwYI_000001,-0.1300637755102041
vggss,C1,12345,best,3467,bLT5nbwpVOw_000000,-0.39543367346938774
vggss,C1,12345,best,3468,bM5Ha8d-DoM_000009,-0.07762755102040816
vggss,C1,12345,best,3469,bNvp4y9WSGM_000030,-0.3566964285714286
vggss,C1,12345,best,3470,bOD-pt3NWYc_000018,-0.018839285714285725
vggss,C1,12345,best,3471,bPzCbrmKoVY_000019,-0.2025
vggss,C1,12345,best,3472,bRCzdN1jfk0_000000,-0.04568877551020409
vggss,C1,12345,best,3473,bSItOIS0k5w_000008,-0.14497448979591837
vggss,C1,12345,best,3474,bSpAlQLisrI_000030,0.07155612244897958
vggss,C1,12345,best,3475,bVR288WbDXc_000030,-0.12654336734693877
vggss,C1,12345,best,3476,bVg-KMzzrVA_000137,0.24202806122448978
vggss,C1,12345,best,3477,bWKYTH7OYXk_000220,-0.034732142857142864
vggss,C1,12345,best,3478,bWyrxAZCOhA_000020,0.2123341836734694
vggss,C1,12345,best,3479,bXTlmnjGx0Y_000049,-0.0006505102040816405
vggss,C1,12345,best,3480,bXTlmnjGx0Y_000107,-0.23853316326530613
vggss,C1,12345,best,3481,bXZduPL_O60_001056,0.0955357142857143
vggss,C1,12345,best,3482,bY2cN3BgPsU_000070,-0.1731887755102041
vggss,C1,12345,best,3483,bZOJYhzt5_U_000240,-0.20551020408163262
vggss,C1,12345,best,3484,ba6ArmDZjW4_000314,-0.13762755102040816
vggss,C1,12345,best,3485,baayJxbQepY_000188,-0.5376785714285715
vggss,C1,12345,best,3486,bcBixpb5TdI_000098,0.3833418367346939
vggss,C1,12345,best,3487,bcBixpb5TdI_000113,0.4608801020408163
vggss,C1,12345,best,3488,bf_I0tRLfh4_000030,0.3129336734693878
vggss,C1,12345,best,3489,bgl8r_eRI1I_000000,-0.15238520408163267
vggss,C1,12345,best,3490,bhA-HX-Z8h8_000200,0.20630102040816325
vggss,C1,12345,best,3491,bizmBpWUwFk_000130,0.03145408163265308
vggss,C1,12345,best,3492,bjSuO7h7YTQ_000041,0.07024234693877551
vggss,C1,12345,best,3493,bkCqeOhqCFU_000000,0.04463010204081633
vggss,C1,12345,best,3494,bkFvzo2HSrU_000032,0.022500000000000006
vggss,C1,12345,best,3495,bkH3khklMuk_000110,0.12267857142857141
vggss,C1,12345,best,3496,bkIBHUh7LrE_000126,0.363609693877551
vggss,C1,12345,best,3497,bkzGHRpx5MM_000030,-0.17450255102040818
vggss,C1,12345,best,3498,bl5PHVntD70_000009,0.10955357142857142
vggss,C1,12345,best,3499,blRJgHaFyNM_000024,0.28793367346938775
vggss,C1,12345,best,3500,blT66g8x458_000180,-0.08862244897959179
vggss,C1,12345,best,3501,blYYW-EUGDA_000030,-0.10042091836734693
vggss,C1,12345,best,3502,bln5A2hopKQ_000092,0.2322321428571429
vggss,C1,12345,best,3503,bmKtI808DsU_000009,0.052563775510204094
vggss,C1,12345,best,3504,bmefVbk2-lM_000114,-0.25024234693877556
vggss,C1,12345,best,3505,bn1TUcXPHfA_000223,0.09647959183673471
vggss,C1,12345,best,3506,bnFZy6N2TS0_000327,-0.0882780612244898
vggss,C1,12345,best,3507,bnjo2Bx3_RE_000071,-0.2825
vggss,C1,12345,best,3508,boPZxCznYbc_000030,0.009566326530612249
vggss,C1,12345,best,3509,bp-XBkdA4rM_000385,0.10769132653061225
vggss,C1,12345,best,3510,bppgcyxMKvQ_000620,-0.21869897959183676
vggss,C1,12345,best,3511,bpxK2ub-qCs_000030,-0.15616071428571426
vggss,C1,12345,best,3512,bq6C0_tAbJM_000030,-0.07732142857142858
vggss,C1,12345,best,3513,bqMgL5qmZ-k_000030,-0.18733418367346938
vggss,C1,12345,best,3514,brfMnl3U64M_000004,0.17650510204081632
vggss,C1,12345,best,3515,brpJxppIbDI_000140,0.1545408163265306
vggss,C1,12345,best,3516,bsi2kUrwjf8_000030,0.16377551020408165
vggss,C1,12345,best,3517,bt6HajgJ9Ls_000420,0.11311224489795915
vggss,C1,12345,best,3518,btzP6UEH1pI_000412,0.08544642857142856
vggss,C1,12345,best,3519,bu2JMRlDl94_000150,-0.30112244897959184
vggss,C1,12345,best,3520,bvsXA4ba8_4_000030,0.13984693877551024
vggss,C1,12345,best,3521,bwvpRZ11cYk_000105,-0.12573979591836734
vggss,C1,12345,best,3522,bxKdKUZP41Y_000030,-0.06637755102040815
vggss,C1,12345,best,3523,bz20Ve-c1xI_000030,0.0016326530612244955
vggss,C1,12345,best,3524,bzHZ7yvmVMk_000138,0.034744897959183674
vggss,C1,12345,best,3525,bzRimnuUqVc_000017,-0.24186224489795916
vggss,C1,12345,best,3526,c-8SLUH5pp4_000030,-0.09150510204081633
vggss,C1,12345,best,3527,c-_S5Tt-gbw_000490,0.2819770408163265
vggss,C1,12345,best,3528,c-qYpm6h0Ew_000220,0.05219387755102041
vggss,C1,12345,best,3529,c25HvZPRCsA_000330,0.33432397959183674
vggss,C1,12345,best,3530,c3AJOT4VwSE_000510,-0.06167091836734694
vggss,C1,12345,best,3531,c3LAEOrcrrc_000150,-0.03839285714285716
vggss,C1,12345,best,3532,c3OHPJY7nhA_000022,-0.07065051020408161
vggss,C1,12345,best,3533,c3S3FoxyI1c_000040,0.08204081632653061
vggss,C1,12345,best,3534,c40hgtfiYm0_000010,0.009209183673469387
vggss,C1,12345,best,3535,c4r8Kd6Q1n8_000008,0.2774744897959184
vggss,C1,12345,best,3536,c5D90N1qrD0_000030,-0.0035331632653061162
vggss,C1,12345,best,3537,c5OHWKb2Z8E_000167,-0.4013392857142857
vggss,C1,12345,best,3538,c8AulW4IZVs_000030,0.20788265306122447
vggss,C1,12345,best,3539,c8lfu6yJ0K4_000003,-0.03284438775510204
vggss,C1,12345,best,3540,cBF73TX0xZk_000030,0.028341836734693857
vggss,C1,12345,best,3541,cCVd_I1M_fs_000030,0.1392219387755102
vggss,C1,12345,best,3542,cD7zMUwX7T4_000038,0.33626275510204084
vggss,C1,12345,best,3543,cE5Yihyqup4_000070,0.13428571428571429
vggss,C1,12345,best,3544,cEEoKQ38fHY_000030,0.017882653061224496
vggss,C1,12345,best,3545,cEjYmO5-dLk_000010,0.16224489795918368
vggss,C1,12345,best,3546,cG6OF9vcGPE_000081,0.047602040816326525
vggss,C1,12345,best,3547,cGUhG5PZp0A_000030,-0.2242091836734694
vggss,C1,12345,best,3548,cGzNyfp3mW4_000030,0.04340561224489796
vggss,C1,12345,best,3549,cIS8PcMk0Uw_000030,0.047181122448979596
vggss,C1,12345,best,3550,cIriwVhRPVA_000031,0.12562500000000001
vggss,C1,12345,best,3551,cK5aT07gOis_000151,0.08477040816326531
vggss,C1,12345,best,3552,cK9JgR-LGfU_000046,-0.1768622448979592
vggss,C1,12345,best,3553,cN5WLE0XTsE_000185,0.18582908163265308
vggss,C1,12345,best,3554,cONmLYsDHl0_000018,-0.1254591836734694
vggss,C1,12345,best,3555,cOgNXgF21u4_000030,-0.07933673469387753
vggss,C1,12345,best,3556,cP6CiaQSYxE_000023,-0.34798469387755104
vggss,C1,12345,best,3557,cQjxonV53eo_000022,0.02140306122448983
vggss,C1,12345,best,3558,cQqDrbtd9Ec_000050,0.004119897959183674
vggss,C1,12345,best,3559,cRCeYK81z_I_000013,0.06612244897959184
vggss,C1,12345,best,3560,cRT5SWbyA54_000004,-0.014846938775510216
vggss,C1,12345,best,3561,cTrxMjSFgB4_000043,0.13614795918367348
vggss,C1,12345,best,3562,cUzDGcBVrlE_000030,0.02644132653061227
vggss,C1,12345,best,3563,cVQsteRY8F4_000020,-0.022487244897959197
vggss,C1,12345,best,3564,cXEJWtj2kT8_000030,-0.14239795918367348
vggss,C1,12345,best,3565,cY6KAjqmoaY_000030,0.2673979591836735
vggss,C1,12345,best,3566,cYM7vTqRUJ0_000198,-0.0803061224489796
vggss,C1,12345,best,3567,cYS85XxZMuE_000120,0.003622448979591842
vggss,C1,12345,best,3568,c_PsOVPaW4w_000001,0.11136479591836734
vggss,C1,12345,best,3569,cagBxHqLuKA_000011,-0.0856377551020408
vggss,C1,12345,best,3570,cb2348GeL-8_000172,-0.32308673469387755
vggss,C1,12345,best,3571,ccCzbG5FcZI_000038,-0.03290816326530612
vggss,C1,12345,best,3572,cdEytWP8M9U_000057,-0.08588010204081632
vggss,C1,12345,best,3573,cdIvqn14xgI_000030,0.09457908163265305
vggss,C1,12345,best,3574,cdbYsoEasio_000070,-0.033839285714285704
vggss,C1,12345,best,3575,ceYRr2xK3XI_000018,0.16338010204081635
vggss,C1,12345,best,3576,ce_9wpa4mQw_000230,0.2752295918367347
vggss,C1,12345,best,3577,cef972vNfUE_000030,-0.02892857142857142
vggss,C1,12345,best,3578,cfi_mCKjbyw_000040,-0.16817602040816323
vggss,C1,12345,best,3579,ch4uegReLhc_000030,-0.022091836734693893
vggss,C1,12345,best,3580,chP180PR-9g_000041,0.08098214285714286
vggss,C1,12345,best,3581,chtrHNfaT9U_000070,-0.30012755102040817
vggss,C1,12345,best,3582,ciVsS-oZEPc_000103,0.2105229591836735
vggss,C1,12345,best,3583,ck5S__5JJvE_000005,0.19401785714285716
vggss,C1,12345,best,3584,ckIK43SCbkw_000036,-0.14579081632653063
vggss,C1,12345,best,3585,cmB8l4mQ1XQ_000030,0.6007397959183673
vggss,C1,12345,best,3586,cocA3THl4S0_000040,0.7932908163265306
vggss,C1,12345,best,3587,cocA3THl4S0_000057,-0.007461734693877564
vggss,C1,12345,best,3588,corrUpd5ENc_000230,0.06613520408163266
vggss,C1,12345,best,3589,cpxofMBzU8g_000181,-0.0992219387755102
vggss,C1,12345,best,3590,cq5rnI5NauM_000252,-0.23371173469387754
vggss,C1,12345,best,3591,cqalBFm19UA_000221,-0.14265306122448979
vggss,C1,12345,best,3592,crToMuDxmL8_000050,-0.08926020408163265
vggss,C1,12345,best,3593,cur9zG87bAQ_000004,0.20812499999999998
vggss,C1,12345,best,3594,cwq3iq632ys_000030,0.33625000000000005
vggss,C1,12345,best,3595,cxkCPSXyT-Y_000020,0.08192602040816326
vggss,C1,12345,best,3596,cyHNChAtP5g_000010,0.07544642857142855
vggss,C1,12345,best,3597,cyZ9arOPVb8_000030,0.009999999999999995
vggss,C1,12345,best,3598,d-1th_S4J0U_000000,-0.003903061224489794
vggss,C1,12345,best,3599,d-4OPdDD7WQ_000026,-0.12839285714285714
vggss,C1,12345,best,3600,d-m8eXCpeDg_000030,-0.3699107142857143
vggss,C1,12345,best,3601,d0Uz_RnRV88_000460,0.32846938775510204
vggss,C1,12345,best,3602,d16xAFjwcVw_000020,0.08784438775510203
vggss,C1,12345,best,3603,d1QQRXy2pTM_000006,0.02579081632653061
vggss,C1,12345,best,3604,d1VB1vA-UsI_000220,-0.05942602040816326
vggss,C1,12345,best,3605,d2nT1ZwZiZw_000051,-0.06744897959183675
vggss,C1,12345,best,3606,d4G_b-s_Odw_000030,0.09709183673469388
vggss,C1,12345,best,3607,d4riR8ZeH9k_000040,-0.10128826530612245
vggss,C1,12345,best,3608,d6np1zhRar0_000240,-0.23732142857142854
vggss,C1,12345,best,3609,d7Xf7brOPzw_000149,0.23417091836734694
vggss,C1,12345,best,3610,d8LvZQyYZpQ_000010,0.09227040816326529
vggss,C1,12345,best,3611,d8bhrEHxJsA_000344,0.16641581632653063
vggss,C1,12345,best,3612,d8hPjmvBv5I_000251,-0.20200255102040818
vggss,C1,12345,best,3613,d8ya35A6yzk_000075,-0.06419642857142857
vggss,C1,12345,best,3614,dBl76lmp-d0_000035,-0.08209183673469386
vggss,C1,12345,best,3615,dBxAjOGP6os_000069,-0.07608418367346939
vggss,C1,12345,best,3616,dCcCTlI_neI_000722,0.043418367346938776
vggss,C1,12345,best,3617,dEZKBTNubi8_000365,0.05641581632653061
vggss,C1,12345,best,3618,dEalicSMdE8_000155,0.19443877551020408
vggss,C1,12345,best,3619,dEuEtrdRX9o_000030,-0.5463137755102041
vggss,C1,12345,best,3620,dFKYXLU3hWg_000098,-0.042334183673469375
vggss,C1,12345,best,3621,dFcVaitADW8_000130,0.14105867346938777
vggss,C1,12345,best,3622,dGD-Y3XEHgI_000010,-0.07390306122448981
vggss,C1,12345,best,3623,dHebN5DsE2g_000006,0.11470663265306122
vggss,C1,12345,best,3624,dI3xU5LXeoE_000081,0.2574617346938775
vggss,C1,12345,best,3625,dIIiaO12I5Q_000006,0.08440051020408162
vggss,C1,12345,best,3626,dIloYYVJIO4_000000,0.23201530612244897
vggss,C1,12345,best,3627,dIloYYVJIO4_000124,0.010969387755102054
vggss,C1,12345,best,3628,dIzQVYDYtKA_000008,-0.001109693877551013
vggss,C1,12345,best,3629,dIzQVYDYtKA_000085,-0.05498724489795918
vggss,C1,12345,best,3630,dL8HIuBPZV4_000000,0.04651785714285714
vggss,C1,12345,best,3631,dLRlnhW9_Pc_000070,0.286875
vggss,C1,12345,best,3632,dLZEZTNhFwM_000032,-0.024400510204081627
vggss,C1,12345,best,3633,dMS5TJzMTfs_000081,0.29075255102040815
vggss,C1,12345,best,3634,dMW3YcQPPhk_000412,-0.026505102040816325
vggss,C1,12345,best,3635,dNK9bD3LNCc_000060,-0.14514030612244896
vggss,C1,12345,best,3636,dOQfuOw6okA_000381,-0.23035714285714287
vggss,C1,12345,best,3637,dQpqPwiKva0_000054,0.0035331632653061162
vggss,C1,12345,best,3638,dQv6_xbhRss_000110,0.006964285714285728
vggss,C1,12345,best,3639,dU5GJkZ2Ltw_000044,0.11526785714285714
vggss,C1,12345,best,3640,dUjpH8UAycU_000012,-0.09473214285714285
vggss,C1,12345,best,3641,dV_7-zHqOfs_000040,-0.1405612244897959
vggss,C1,12345,best,3642,dWM_a65_MrQ_000054,-0.16746173469387754
vggss,C1,12345,best,3643,dYL0n0ZJxkA_000039,-0.1981122448979592
vggss,C1,12345,best,3644,dYQ-nXyfhho_000030,0.1163520408163265
vggss,C1,12345,best,3645,da-UIZplRqE_000030,0.2657525510204081
vggss,C1,12345,best,3646,davLHMXIHDM_000320,0.11372448979591837
vggss,C1,12345,best,3647,ddeSMfFLYTI_000420,0.26529336734693876
vggss,C1,12345,best,3648,ddtqWAxjBI8_000031,0.10496173469387755
vggss,C1,12345,best,3649,ddtqWAxjBI8_000049,0.033596938775510204
vggss,C1,12345,best,3650,ddySWSpptVo_000122,0.2972959183673469
vggss,C1,12345,best,3651,deyvkq2LZoY_000006,0.2234438775510204
vggss,C1,12345,best,3652,dfwr8wgZU8M_000040,0.037206632653061206
vggss,C1,12345,best,3653,djJ4ETLTBWE_000090,0.07349489795918365
vggss,C1,12345,best,3654,dlFXGfbcYvg_000027,-0.17186224489795918
vggss,C1,12345,best,3655,dm5DJNfGJTs_000032,0.2383418367346939
vggss,C1,12345,best,3656,dm5DJNfGJTs_000122,0.003852040816326549
vggss,C1,12345,best,3657,dmDn2Tqsyeg_000030,0.20100765306122448
vggss,C1,12345,best,3658,dmOYEzKEWew_000085,0.15229591836734693
vggss,C1,12345,best,3659,dmOYEzKEWew_000158,-0.0567219387755102
vggss,C1,12345,best,3660,dn7CK_jxV_U_000148,0.010089285714285717
vggss,C1,12345,best,3661,dnjPwzmnCbk_000293,-0.05363520408163266
vggss,C1,12345,best,3662,dpTKSxH3asA_000030,-0.2756887755102041
vggss,C1,12345,best,3663,dpURejDIKn8_000000,-0.12107142857142858
vggss,C1,12345,best,3664,dpeUDViV6oA_000043,-0.014107142857142863
vggss,C1,12345,best,3665,dq75lff004o_000001,-0.053558673469387766
vggss,C1,12345,best,3666,dqu_dkIqqrw_000085,-0.0649107142857143
vggss,C1,12345,best,3667,dtGl5xh6g0g_000138,-0.15363520408163264
vggss,C1,12345,best,3668,dvUScIfbsOY_000051,0.07760204081632653
vggss,C1,12345,best,3669,dwEU1TXu5bw_000174,-0.2802678571428572
vggss,C1,12345,best,3670,dweVBqei9LA_000160,-0.17850765306122449
vggss,C1,12345,best,3671,dxDbrvoKTD8_000331,-0.18656887755102042
vggss,C1,12345,best,3672,dxVMVOPXRUQ_000069,-0.38838010204081636
vggss,C1,12345,best,3673,dyFoyYMZu-E_000508,-0.032142857142857154
vggss,C1,12345,best,3674,dyX9ElZE7TQ_000070,0.008750000000000008
vggss,C1,12345,best,3675,dzah9kCDVJs_000540,0.12121173469387753
vggss,C1,12345,best,3676,e03gY44qb9g_000030,0.10867346938775509
vggss,C1,12345,best,3677,e2yjPsXo4_M_000016,0.025599489795918362
vggss,C1,12345,best,3678,e42ylHtkQ5M_000030,0.026033163265306136
vggss,C1,12345,best,3679,e4RCfcPk5Ck_000196,0.0007780612244897844
vggss,C1,12345,best,3680,e4Xh8ZImhUA_000097,-0.0622448979591837
vggss,C1,12345,best,3681,e5VbU4nhYa0_000003,-0.18917091836734695
vggss,C1,12345,best,3682,e5Wu9El1mI4_000156,-0.08790816326530612
vggss,C1,12345,best,3683,e5aCQbqUY9I_000000,-0.2455994897959184
vggss,C1,12345,best,3684,e5sOqiyIhkc_000171,0.050714285714285684
vggss,C1,12345,best,3685,e8OMvCTmsX0_000363,0.12184948979591839
vggss,C1,12345,best,3686,e8iKX9r6nEA_000000,-0.19530612244897963
vggss,C1,12345,best,3687,eA1dUOMkkvM_000000,0.19818877551020408
vggss,C1,12345,best,3688,eB0kQ_zYdHc_000180,0.12696428571428572
vggss,C1,12345,best,3689,eFwVC47pOig_000100,0.10854591836734695
vggss,C1,12345,best,3690,eGzcSSGZzqM_000000,-0.1249107142857143
vggss,C1,12345,best,3691,eIkUuCRE_0U_000030,-0.06024234693877552
vggss,C1,12345,best,3692,eIxOyj3LfJM_000007,0.034005102040816325
vggss,C1,12345,best,3693,eJSpibgl0-c_000030,0.00718112244897956
vggss,C1,12345,best,3694,eJwNvNpCMN4_000030,-0.22389030612244898
vggss,C1,12345,best,3695,eKMhRfdwwWI_000030,-0.20655612244897958
vggss,C1,12345,best,3696,eM0PkfqGmIE_000030,-0.19265306122448977
vggss,C1,12345,best,3697,eO8SL6GZeqc_000004,-0.17380102040816325
vggss,C1,12345,best,3698,ePXInfDyqAc_000028,0.12863520408163265
vggss,C1,12345,best,3699,eQ8CMCLS5rY_000550,-0.20860969387755102
vggss,C1,12345,best,3700,eR9TsnHiAEk_000030,0.05346938775510204
vggss,C1,12345,best,3701,eSKFXcMdFXI_000606,-0.016033163265306127
vggss,C1,12345,best,3702,eSKFXcMdFXI_000716,-0.11663265306122449
vggss,C1,12345,best,3703,eSMCZfnJ5gI_000030,0.1504719387755102
vggss,C1,12345,best,3704,eSSs8vV3VNc_000491,-0.1124362244897959
vggss,C1,12345,best,3705,eTUwICWlPb4_000086,-0.4666454081632653
vggss,C1,12345,best,3706,eUClW6xPg8I_000040,0.12932397959183672
vggss,C1,12345,best,3707,eVhGXZQx-t8_000036,0.13125
vggss,C1,12345,best,3708,eXkDr7HlT0k_000000,0.11206632653061227
vggss,C1,12345,best,3709,eZ5iippq3rA_000030,-0.08531887755102044
vggss,C1,12345,best,3710,e_ySE_yqUyg_000130,0.2432908163265306
vggss,C1,12345,best,3711,eaCEhB62Tzo_000277,0.3053698979591837
vggss,C1,12345,best,3712,eaLhdHS_3uU_000130,-0.04036989795918366
vggss,C1,12345,best,3713,eb1X3b1x25I_000105,0.14816326530612245
vggss,C1,12345,best,3714,ebvV-vMMmpg_000038,-0.42507653061224493
vggss,C1,12345,best,3715,ecrdsx4xuiY_000001,0.07713010204081631
vggss,C1,12345,best,3716,edKvAj0fYxQ_000030,-0.4014923469387755
vggss,C1,12345,best,3717,edObQJBoSPU_000060,0.11577806122448979
vggss,C1,12345,best,3718,eeZ8P9lmQ6U_000048,0.32556122448979596
vggss,C1,12345,best,3719,eeiDM1H_Y-w_000020,0.009298469387755103
vggss,C1,12345,best,3720,eg-vJOCRwmo_000622,-0.24121173469387755
vggss,C1,12345,best,3721,egq3Z_2dg7g_000633,-0.05832908163265302
vggss,C1,12345,best,3722,eiXotzZ1hBI_000037,0.06258928571428575
vggss,C1,12345,best,3723,eiyyoUt64Zc_000100,-0.11596938775510203
vggss,C1,12345,best,3724,ejwXH7ztxpE_000135,0.3883673469387755
vggss,C1,12345,best,3725,ekxnklqMf8c_000048,0.017844387755102026
vggss,C1,12345,best,3726,em7akjDUsWk_000030,-0.4491071428571429
vggss,C1,12345,best,3727,emARK6c6Snk_000010,0.13568877551020408
vggss,C1,12345,best,3728,emAtRpVf2_A_000270,-0.08505102040816327
vggss,C1,12345,best,3729,emKeqXN646s_000108,-0.2648979591836734
vggss,C1,12345,best,3730,emMPlK_7bdY_000003,0.1370408163265306
vggss,C1,12345,best,3731,emP2Sg9QEg4_000090,-0.03368622448979594
vggss,C1,12345,best,3732,emRK12scb7w_000068,-0.01318877551020406
vggss,C1,12345,best,3733,emzhoSCRtL0_000051,0.4809948979591837
vggss,C1,12345,best,3734,ens9NP4O468_000017,-0.1414795918367347
vggss,C1,12345,best,3735,eo0BtTJ9axE_000062,0.08215561224489795
vggss,C1,12345,best,3736,eo4MuYGCoGI_000089,0.38086734693877544
vggss,C1,12345,best,3737,eoWx7tqlCc0_000260,0.335561224489796
vggss,C1,12345,best,3738,eoalVl5ikL4_000030,-0.05088010204081634
vggss,C1,12345,best,3739,ep5lN_jtf8o_000062,-0.28190051020408163
vggss,C1,12345,best,3740,eq2XqmviZD4_000085,0.3000892857142857
vggss,C1,12345,best,3741,ereEhTuBlwA_000000,0.10048469387755102
vggss,C1,12345,best,3742,eskqejEOXyU_000045,-0.008724489795918347
vggss,C1,12345,best,3743,eskqejEOXyU_000102,-0.20031887755102043
vggss,C1,12345,best,3744,etLbte75hN4_000018,0.10809948979591838
vggss,C1,12345,best,3745,etmmUjsRNRs_000030,0.15238520408163267
vggss,C1,12345,best,3746,eu_Ehoag0Vg_000244,0.01878826530612246
vggss,C1,12345,best,3747,evvK3lYqQ00_000089,-0.21693877551020407
vggss,C1,12345,best,3748,ew7xSiF0TlA_000099,-0.20298469387755103
vggss,C1,12345,best,3749,exqbdXoRCUo_000210,0.21713010204081634
vggss,C1,12345,best,3750,eyFBIA_HOmE_000030,-0.32005102040816324
vggss,C1,12345,best,3751,ez50pKMB62U_000064,-0.0817219387755102
vggss,C1,12345,best,3752,ez50pKMB62U_000422,-0.20771683673469388
vggss,C1,12345,best,3753,ezUkPETm6cs_000030,-0.17020408163265308
vggss,C1,12345,best,3754,f-22ZuQyAJ4_000119,0.08758928571428572
vggss,C1,12345,best,3755,f-3r6Pou7UM_000015,-0.09830357142857143
vggss,C1,12345,best,3756,f1YFrUS19Og_000032,-0.1761224489795918
vggss,C1,12345,best,3757,f1Z-HuZ-_ZA_000030,0.03251275510204082
vggss,C1,12345,best,3758,f1mXMVWFLiA_000183,0.30423469387755103
vggss,C1,12345,best,3759,f5RrGFBbbSY_000020,0.005790816326530612
vggss,C1,12345,best,3760,f61vxWAeITg_000070,0.04136479591836734
vggss,C1,12345,best,3761,f6wrXzvByrg_000030,-0.06987244897959186
vggss,C1,12345,best,3762,f724u5z_UDw_000030,0.1796811224489796
vggss,C1,12345,best,3763,f8cJ5g7Pe88_000030,0.1221045918367347
vggss,C1,12345,best,3764,f9gjQDw0I5Q_000419,0.10196428571428573
vggss,C1,12345,best,3765,f9sagpKa8Zo_000040,0.29446428571428573
vggss,C1,12345,best,3766,fAns8GJzYeQ_000030,-0.0889030612244898
vggss,C1,12345,best,3767,fB9W0awy06E_000160,0.2307780612244898
vggss,C1,12345,best,3768,fB_tldbRb28_000220,0.1131377551020408
vggss,C1,12345,best,3769,fE7-2gllNvE_000230,-0.050025510204081636
vggss,C1,12345,best,3770,fESL2PLuIwA_000140,0.5450765306122449
vggss,C1,12345,best,3771,fF3u_xLxF9Q_000120,0.12224489795918367
vggss,C1,12345,best,3772,fFKL_Njts_U_000371,-0.2574362244897959
vggss,C1,12345,best,3773,fFSnuSjcrzw_000039,-0.0847576530612245
vggss,C1,12345,best,3774,fFucfdLwSPM_000010,0.01838010204081636
vggss,C1,12345,best,3775,fGvhcD5G82M_000007,0.14409438775510203
vggss,C1,12345,best,3776,fJEkkvr19I8_000030,-0.07746173469387754
vggss,C1,12345,best,3777,fJNauQt9Di0_000150,-0.19001275510204085
vggss,C1,12345,best,3778,fK39zLd_OrM_000706,-0.35084183673469393
vggss,C1,12345,best,3779,fL6pMyvoGVg_000024,0.1244515306122449
vggss,C1,12345,best,3780,fLEM7amr21o_000250,-0.27535714285714286
vggss,C1,12345,best,3781,fLPEAElOWho_000137,0.2851785714285714
vggss,C1,12345,best,3782,fLPEAElOWho_000148,0.04292091836734695
vggss,C1,12345,best,3783,fLZ5jPkCUOQ_000004,0.1324872448979592
vggss,C1,12345,best,3784,fLZ5jPkCUOQ_000014,0.03595663265306123
vggss,C1,12345,best,3785,fPFpRsKbzfU_000000,-0.09984693877551021
vggss,C1,12345,best,3786,fPV1g05NMfE_000078,0.06556122448979591
vggss,C1,12345,best,3787,fQRh2QW5RX8_000030,0.1562882653061225
vggss,C1,12345,best,3788,fSEpr4pZviU_000108,-0.021237244897959195
vggss,C1,12345,best,3789,fTxaj8RU_gE_000093,-0.3003061224489796
vggss,C1,12345,best,3790,fW6NVxZZekE_000100,-0.2845408163265306
vggss,C1,12345,best,3791,fWVfi9pAh_4_000010,0.025599489795918362
vggss,C1,12345,best,3792,fWjgRBl7LNc_000060,0.0013392857142856852
vggss,C1,12345,best,3793,fXGErRbyv6M_000079,-0.327015306122449
vggss,C1,12345,best,3794,fYnJ1cXVezA_000179,-0.12414540816326529
vggss,C1,12345,best,3795,f_8Jnw9bU64_000008,0.21387755102040817
vggss,C1,12345,best,3796,f_cBi2vT3Qw_000002,0.05909438775510205
vggss,C1,12345,best,3797,fakJJOOLBhw_000083,0.38978316326530615
vggss,C1,12345,best,3798,fakJJOOLBhw_000140,-0.2893239795918367
vggss,C1,12345,best,3799,favWHteInt0_000448,-0.008852040816326512
vggss,C1,12345,best,3800,fbJxpi7W9ds_000130,-0.48303571428571423
vggss,C1,12345,best,3801,fbdz2U-fJsk_000110,0.15385204081632653
vggss,C1,12345,best,3802,fc9x20wj8ss_000076,-0.02599489795918367
vggss,C1,12345,best,3803,fdFk48aKQ_c_000239,0.08006377551020408
vggss,C1,12345,best,3804,fe3dZmkaq0Q_000070,-0.13874999999999998
vggss,C1,12345,best,3805,feMC18447Ec_000024,0.005931122448979614
vggss,C1,12345,best,3806,ff21Bursam0_000160,0.02517857142857144
vggss,C1,12345,best,3807,ff7CHJ9kvnk_000003,0.2708163265306123
vggss,C1,12345,best,3808,fh3sWiAtViA_000033,0.09281887755102043
vggss,C1,12345,best,3809,fhAAzi6MSXw_000070,-0.14258928571428572
vggss,C1,12345,best,3810,fhKxzcGgIjM_000005,0.24982142857142858
vggss,C1,12345,best,3811,fiAJqNva0oA_000030,0.4363775510204082
vggss,C1,12345,best,3812,ficqj4JyX4c_000098,0.2507908163265306
vggss,C1,12345,best,3813,fil2wCcFeY0_000001,0.10567602040816328
vggss,C1,12345,best,3814,fjJPvFZswhg_000030,-0.23605867346938778
vggss,C1,12345,best,3815,fjiv34te9vc_000030,0.25552295918367346
vggss,C1,12345,best,3816,fkGPfJmuElE_000042,0.12571428571428572
vggss,C1,12345,best,3817,flLjMZMydXc_000030,-0.01581632653061224
vggss,C1,12345,best,3818,fmSvZ3RR8YY_000380,0.057053571428571453
vggss,C1,12345,best,3819,fn41SZiLTUQ_000083,-0.13545918367346937
vggss,C1,12345,best,3820,fnj0Bhpamqo_000115,0.024553571428571425
vggss,C1,12345,best,3821,fou66e3D0VM_000013,0.07850765306122448
vggss,C1,12345,best,3822,fowc2nadbvE_000000,-0.02215561224489801
vggss,C1,12345,best,3823,fp86HeXZCdo_000068,0.12788265306122448
vggss,C1,12345,best,3824,fpCo9vXA3EM_000112,-0.07207908163265306
vggss,C1,12345,best,3825,fqZlpAZ4RkQ_000193,-0.27804846938775507
vggss,C1,12345,best,3826,fqvUeh_JTic_000001,0.035701530612244896
vggss,C1,12345,best,3827,frCqvzJkCUQ_000053,-0.06905612244897957
vggss,C1,12345,best,3828,fruUoi4bWvo_000018,-0.2214030612244898
vggss,C1,12345,best,3829,fsHgHsYyJbs_000030,-0.13429846938775505
vggss,C1,12345,best,3830,ftxxMmqrYQ8_000003,0.1814158163265306
vggss,C1,12345,best,3831,fvIV8Wu_-Lo_000129,0.043392857142857164
vggss,C1,12345,best,3832,fvOZ_L5EY0k_000030,-0.1461607142857143
vggss,C1,12345,best,3833,fw3aeZ0BieE_000010,-0.38015306122448983
vggss,C1,12345,best,3834,fw5gg4WM-ko_000321,0.08954081632653063
vggss,C1,12345,best,3835,fw8zeOi0DiA_000137,-0.08785714285714286
vggss,C1,12345,best,3836,fwFuuaK8WqE_000332,-0.158125
vggss,C1,12345,best,3837,fwKMB57hL6E_000056,-0.02057397959183671
vggss,C1,12345,best,3838,fwKMB57hL6E_000097,0.21355867346938778
vggss,C1,12345,best,3839,fxUSMBlLOso_000012,-0.2668494897959184
vggss,C1,12345,best,3840,fybJWy6rywA_000089,-0.22429846938775505
vggss,C1,12345,best,3841,g-FzdV9ZTJQ_000018,0.14082908163265306
vggss,C1,12345,best,3842,g-ghr5fAVpE_000030,-0.1228954081632653
vggss,C1,12345,best,3843,g0RkIkC2meo_000030,-0.0678316326530612
vggss,C1,12345,best,3844,g0vwHQf1lO0_000006,-0.21716836734693876
vggss,C1,12345,best,3845,g1B7AXhFQ1I_000060,0.04313775510204082
vggss,C1,12345,best,3846,g1Mn4tB463U_000160,-0.6590561224489796
vggss,C1,12345,best,3847,g27CnmPRgdI_000031,0.06853316326530613
vggss,C1,12345,best,3848,g295Y8wuo7w_000024,0.17891581632653064
vggss,C1,12345,best,3849,g2at4AqJsqk_000142,0.07075255102040817
vggss,C1,12345,best,3850,g3J2VYx8zYE_000060,0.3159311224489796
vggss,C1,12345,best,3851,g3JUdaGVCLk_000030,0.5085331632653061
vggss,C1,12345,best,3852,g3bUrhq5Vpw_000296,0.051250000000000004
vggss,C1,12345,best,3853,g3kkGbxwSLQ_000030,-0.18309948979591836
vggss,C1,12345,best,3854,g4E8Tl7dEs8_000338,-0.4896045918367347
vggss,C1,12345,best,3855,g4xhZgKwiNo_000030,0.0869260204081633
vggss,C1,12345,best,3856,g5FVJveyyVM_000030,-0.15519132653061224
vggss,C1,12345,best,3857,g6FX9VjYD-w_000030,0.05547193877551021
vggss,C1,12345,best,3858,g87FgSOzbvo_000023,-0.14663265306122453
vggss,C1,12345,best,3859,g9q3jv6SpTA_000160,0.06906887755102041
vggss,C1,12345,best,3860,gA4PlwSKj8A_000039,0.18141581632653062
vggss,C1,12345,best,3861,gB1ytjgpcW4_000190,0.01447704081632653
vggss,C1,12345,best,3862,gBHlKMGENc0_000551,0.30960459183673467
vggss,C1,12345,best,3863,gBRTGtmHZW0_000154,0.1317219387755102
vggss,C1,12345,best,3864,gCHF0oBPZv8_000030,0.16299744897959187
vggss,C1,12345,best,3865,gE-sdOo_bck_000000,-0.2469515306122449
vggss,C1,12345,best,3866,gEvCUcZ6w88_000030,0.4102168367346939
vggss,C1,12345,best,3867,gFJjYWXeBn0_000030,-0.10195153061224488
vggss,C1,12345,best,3868,gFs6lRAQsLg_000160,0.14863520408163267
vggss,C1,12345,best,3869,gGmvLozUXgE_000024,-0.125625
vggss,C1,12345,best,3870,gItGfthUf8E_000203,0.35475765306122453
vggss,C1,12345,best,3871,gLPkzyEy--c_000876,0.10177295918367348
vggss,C1,12345,best,3872,gLSoyIcevss_000030,-0.13516581632653063
vggss,C1,12345,best,3873,gLifHKl6khE_000034,-0.15552295918367348
vggss,C1,12345,best,3874,gMBz6lX9HNQ_000202,0.1153954081632653
vggss,C1,12345,best,3875,gMDf19Ad_qA_000058,-0.03252551020408163
vggss,C1,12345,best,3876,gMvxkbFe2M4_000019,0.15715561224489794
vggss,C1,12345,best,3877,gMwbOxrQP9Q_000030,0.41904336734693876
vggss,C1,12345,best,3878,gNmZoBiNLzU_000180,0.3564030612244898
vggss,C1,12345,best,3879,gNx6DV8EcF8_000107,0.5942091836734693
vggss,C1,12345,best,3880,gPekns88rQA_000270,-0.06914540816326531
vggss,C1,12345,best,3881,gPw-sP3px30_000002,0.011594387755102041
vggss,C1,12345,best,3882,gQKWGk5HBcs_000220,0.0917984693877551
vggss,C1,12345,best,3883,gQSjOkhrDf0_000434,0.17045918367346938
vggss,C1,12345,best,3884,gQXJt2cE-8c_000070,0.17380102040816325
vggss,C1,12345,best,3885,gT1HfA-JhYc_000129,0.22915816326530608
vggss,C1,12345,best,3886,gTUu9V5zAME_000078,-0.13432397959183673
vggss,C1,12345,best,3887,gUNC_cONok8_000060,-0.10118622448979592
vggss,C1,12345,best,3888,gVW13w2fXh8_000030,-0.008622448979591836
vggss,C1,12345,best,3889,gWSppirU_18_000000,-0.2768494897959184
vggss,C1,12345,best,3890,gXpT8TZjAnI_000030,-0.25363520408163265
vggss,C1,12345,best,3891,gYxWz9JAbjE_000048,-0.027742346938775524
vggss,C1,12345,best,3892,gZ4u6eUJxV4_000371,0.21239795918367346
vggss,C1,12345,best,3893,gZbqznxxrbE_000367,0.25869897959183674
vggss,C1,12345,best,3894,g_DBLppDZAs_000030,0.03048469387755101
vggss,C1,12345,best,3895,g_p6sqfaXHM_000110,-0.26252551020408166
vggss,C1,12345,best,3896,ga6Q5sJLaqU_000030,0.11744897959183673
vggss,C1,12345,best,3897,gaFQgJLQHtU_000090,0.08630102040816325
vggss,C1,12345,best,3898,gcyPMu7k1LM_000184,0.06807397959183675
vggss,C1,12345,best,3899,gd2-qjVH_DI_000020,0.14326530612244898
vggss,C1,12345,best,3900,gd2-qjVH_DI_000032,-0.12709183673469387
vggss,C1,12345,best,3901,gdR6nuDBghI_000134,-0.7211479591836735
vggss,C1,12345,best,3902,ge191yHHQio_000030,0.31600765306122447
vggss,C1,12345,best,3903,gefp9ta8LTA_000030,0.07746173469387756
vggss,C1,12345,best,3904,gf1y74QzhTI_000030,0.009579081632653072
vggss,C1,12345,best,3905,gfFpHArBxQU_000030,0.1881377551020408
vggss,C1,12345,best,3906,gg6yoeBoYxg_000000,0.34098214285714284
vggss,C1,12345,best,3907,gg_wdPHtU7Y_000001,0.1476785714285714
vggss,C1,12345,best,3908,ggb93ZYIeaA_000082,-0.2819260204081633
vggss,C1,12345,best,3909,ggjbkDEZKXQ_000090,-0.08758928571428568
vggss,C1,12345,best,3910,gh4oE_5g4YY_000439,0.04608418367346939
vggss,C1,12345,best,3911,ghRyW0bkt8c_000105,0.14988520408163264
vggss,C1,12345,best,3912,gkIENhK7fxg_000020,-0.014757653061224493
vggss,C1,12345,best,3913,gkaTHw410NA_000011,-0.16815051020408162
vggss,C1,12345,best,3914,gklbB7TYoK4_000030,0.14269132653061226
vggss,C1,12345,best,3915,gl9j63Ln1y4_000144,0.07978316326530613
vggss,C1,12345,best,3916,glLQrEijrKg_000300,-0.1867984693877551
vggss,C1,12345,best,3917,glLssX4biLE_000094,-0.49304846938775515
vggss,C1,12345,best,3918,gmy8czZ3uLc_000030,-0.009081632653061222
vggss,C1,12345,best,3919,gmyjKCxNFwY_000030,-0.10913265306122447
vggss,C1,12345,best,3920,gpIWcn9yiXg_000350,-0.053176020408163265
vggss,C1,12345,best,3921,gpJFhQtQ4cs_000133,-0.09266581632653065
vggss,C1,12345,best,3922,gpO6rllg_84_000000,-0.20019132653061222
vggss,C1,12345,best,3923,grryyLLuWk0_000034,0.021619897959183704
vggss,C1,12345,best,3924,gs-lSymjBVE_000030,0.09080357142857143
vggss,C1,12345,best,3925,gseikrqMhAY_000029,-0.28040816326530615
vggss,C1,12345,best,3926,guD3o7aspko_000030,0.2257780612244898
vggss,C1,12345,best,3927,guGNQyMTm8Y_000101,-0.10309948979591838
vggss,C1,12345,best,3928,gvuoL6ugzvw_000040,-0.12934948979591837
vggss,C1,12345,best,3929,gwi6bU0Rbbc_000000,0.3021428571428571
vggss,C1,12345,best,3930,gx7Ylk3LVaU_000020,-0.1281377551020408
vggss,C1,12345,best,3931,gxVhAVNjSU0_000030,0.4721683673469388
vggss,C1,12345,best,3932,gyhxCxzvIps_000010,-0.40040816326530615
vggss,C1,12345,best,3933,gykTJfcqaH4_000234,-0.08576530612244898
vggss,C1,12345,best,3934,h0vsyCyimhY_000155,0.050255102040816325
vggss,C1,12345,best,3935,h1LxMPb7WD8_000085,-0.16669642857142855
vggss,C1,12345,best,3936,h1QxsOmXVCE_000187,-0.39863520408163267
vggss,C1,12345,best,3937,h4MaAn43I20_000069,0.20526785714285714
vggss,C1,12345,best,3938,h6HkOxlVt5c_000070,0.44156887755102037
vggss,C1,12345,best,3939,h6YMk2FOHHM_000017,-0.11901785714285712
vggss,C1,12345,best,3940,h6zc38gOkA4_000130,0.43871173469387753
vggss,C1,12345,best,3941,h7hGEzZUXQQ_000000,0.22429846938775508
vggss,C1,12345,best,3942,h8-Z6EtIYQA_000030,-0.1891581632653061
vggss,C1,12345,best,3943,h8fMUaesCrA_000168,0.005191326530612245
vggss,C1,12345,best,3944,h9vUucEhRN4_000090,-0.009234693877551006
vggss,C1,12345,best,3945,hAukn8dWZ2M_000030,0.02892857142857143
vggss,C1,12345,best,3946,hBQFoDI3NMI_000030,0.3156887755102041
vggss,C1,12345,best,3947,hBTte9j8Xrk_000136,0.1936734693877551
vggss,C1,12345,best,3948,hC7sSMWLwDo_000016,-0.08841836734693877
vggss,C1,12345,best,3949,hCR2_Lrjw8I_000048,0.14329081632653062
vggss,C1,12345,best,3950,hCX2DpwEBQY_000030,0.12261479591836735
vggss,C1,12345,best,3951,hCbPUyqgdPY_000191,-0.18020408163265306
vggss,C1,12345,best,3952,hDGiU8zHWdU_000030,-0.1369387755102041
vggss,C1,12345,best,3953,hDIziLujP38_000160,0.005012755102040814
vggss,C1,12345,best,3954,hDnMfsCScSc_000096,0.057117346938775515
vggss,C1,12345,best,3955,hFkC9DzHoho_000099,0.09485969387755105
vggss,C1,12345,best,3956,hFkC9DzHoho_000189,-0.12747448979591838
vggss,C1,12345,best,3957,hH6thMA3640_000120,-0.47793367346938775
vggss,C1,12345,best,3958,hHb0Eq1I7Fk_000000,-0.1408545918367347
vggss,C1,12345,best,3959,hHbJRPjqgXQ_000090,0.030484693877551004
vggss,C1,12345,best,3960,hIYihNrwF2Q_000440,0.12827806122448981
vggss,C1,12345,best,3961,hIazzIF19gY_000110,0.14237244897959184
vggss,C1,12345,best,3962,hNL5kuYOnok_000119,-0.05524234693877551
vggss,C1,12345,best,3963,hQYRDNl-lGI_000382,0.19684948979591838
vggss,C1,12345,best,3964,hRHKxyErgZw_000030,0.1506887755102041
vggss,C1,12345,best,3965,hSAgDYarzOs_000060,0.17383928571428572
vggss,C1,12345,best,3966,hSV8LmYR6TY_000010,0.14228316326530613
vggss,C1,12345,best,3967,hT8dAeHe7Ow_000050,-0.279234693877551
vggss,C1,12345,best,3968,hTxXqAik2UU_000003,0.10063775510204082
vggss,C1,12345,best,3969,hTxXqAik2UU_000058,0.23957908163265307
vggss,C1,12345,best,3970,hUJWpx4ji1M_000092,0.2205867346938776
vggss,C1,12345,best,3971,hUcuXIvDN2E_000030,-0.0210076530612245
vggss,C1,12345,best,3972,hYk2rw9wcXc_000070,0.01053571428571429
vggss,C1,12345,best,3973,hZ4oCZEjcWE_000129,-0.16066326530612246
vggss,C1,12345,best,3974,hZQ5AlAjgVI_000068,-0.26267857142857143
vggss,C1,12345,best,3975,h_Q_2UKcQX0_000368,0.16582908163265309
vggss,C1,12345,best,3976,h_m8EqsraXs_000206,-0.07204081632653062
vggss,C1,12345,best,3977,ha8lvNZ7n7c_000046,-0.16133928571428569
vggss,C1,12345,best,3978,haEhBq0E5Eo_000119,0.05153061224489794
vggss,C1,12345,best,3979,haVBNvKQsEI_000020,-0.008035714285714285
vggss,C1,12345,best,3980,hbLS-Dlgj_o_000002,0.11109693877551022
vggss,C1,12345,best,3981,hdebdzPVZdQ_000101,-0.13479591836734695
vggss,C1,12345,best,3982,hfBuRqBEBo4_000250,0.4078316326530612
vggss,C1,12345,best,3983,hfdMfiv2R9w_000058,-0.06901785714285714
vggss,C1,12345,best,3984,hfewjg0CTQM_000060,0.05232142857142858
vggss,C1,12345,best,3985,hhnMBQ3Zgws_000000,0.11544642857142857
vggss,C1,12345,best,3986,hidrmMfy49s_000014,0.295625
vggss,C1,12345,best,3987,hizN7823a6c_000030,0.2568622448979592
vggss,C1,12345,best,3988,hjRCaD9JmJY_000511,0.11714285714285713
vggss,C1,12345,best,3989,hkAmMR-HE2Y_000074,0.23109693877551019
vggss,C1,12345,best,3990,hkWcUtga1lw_000400,-0.08862244897959186
vggss,C1,12345,best,3991,hl6DOlVU-CQ_000024,0.02813775510204082
vggss,C1,12345,best,3992,hm4pu5tkD0U_000154,-0.2565433673469387
vggss,C1,12345,best,3993,hmD1w6133Og_000110,-0.03813775510204083
vggss,C1,12345,best,3994,hnpnc72pQOQ_000677,-0.41904336734693876
vggss,C1,12345,best,3995,hoOwwU30m0I_000067,0.1693622448979592
vggss,C1,12345,best,3996,hs4z6xnkvbQ_000030,0.12464285714285715
vggss,C1,12345,best,3997,hsch-EsQFlU_000021,-0.1891454081632653
vggss,C1,12345,best,3998,hsmrvZEc_uw_000150,0.016160714285714327
vggss,C1,12345,best,3999,hv-gJtaC_uo_000302,0.030140306122448945
vggss,C1,12345,best,4000,hwSuNTGOaZc_000030,0.03869897959183674
vggss,C1,12345,best,4001,hwdxp1xG-jQ_000077,-0.36855867346938775
vggss,C1,12345,best,4002,hyNm8rXY2-g_000104,0.04993622448979594
vggss,C1,12345,best,4003,hzSgd10rtQ0_000120,-0.05167091836734694
vggss,C1,12345,best,4004,i-L8ZreRItY_000009,0.17618622448979593
vggss,C1,12345,best,4005,i-g4r-1mKcg_000214,-0.07404336734693877
vggss,C1,12345,best,4006,i-ywi0EpUtE_000001,0.2003188775510204
vggss,C1,12345,best,4007,i0uH_RoDvqM_000030,0.15636479591836736
vggss,C1,12345,best,4008,i3022Z7Sm-A_000123,0.050650510204081636
vggss,C1,12345,best,4009,i3HsITnarf4_000030,-0.15639030612244895
vggss,C1,12345,best,4010,i489LgRABaQ_000002,0.4223341836734694
vggss,C1,12345,best,4011,i6G_2fsacJc_000062,-0.03214285714285717
vggss,C1,12345,best,4012,i7zNzUXtXj0_000215,-0.30660714285714286
vggss,C1,12345,best,4013,i99_Kgi0WIU_000030,0.03072704081632653
vggss,C1,12345,best,4014,iC0iQ1QKan4_000785,-0.14452806122448977
vggss,C1,12345,best,4015,iCIa_pmLDqs_000030,-0.21886479591836736
vggss,C1,12345,best,4016,iFgbO8LRJfo_000365,0.04665816326530614
vggss,C1,12345,best,4017,iHL96O04zDo_000002,0.032219387755102066
vggss,C1,12345,best,4018,iHL96O04zDo_000012,0.2212372448979592
vggss,C1,12345,best,4019,iJ6DxdwyDeE_000064,-0.0997704081632653
vggss,C1,12345,best,4020,iKWclBFnR2M_000001,-0.23241071428571428
vggss,C1,12345,best,4021,iM93yND9Ghw_000010,-0.40207908163265305
vggss,C1,12345,best,4022,iNFsYjfTRlA_000030,-0.052551020408163285
vggss,C1,12345,best,4023,iPFoT3Iz234_000010,-0.050688775510204065
vggss,C1,12345,best,4024,iPuIoRYYBfk_000030,0.24321428571428574
vggss,C1,12345,best,4025,iRXQiy4dReE_000045,0.12306122448979594
vggss,C1,12345,best,4026,iSyWKTPonhQ_000121,0.13400510204081637
vggss,C1,12345,best,4027,iTCfi5_b4Ow_000035,-0.3346938775510204
vggss,C1,12345,best,4028,iTmNN9uGRfs_000314,-0.18681122448979595
vggss,C1,12345,best,4029,iUtE4nRvBsM_000040,0.18711734693877552
vggss,C1,12345,best,4030,iW8es1xXsG4_000533,0.07640306122448978
vggss,C1,12345,best,4031,iWiNV03Wa6Y_000072,-0.19980867346938777
vggss,C1,12345,best,4032,iXNnJE6gNEk_000020,0.1795918367346939
vggss,C1,12345,best,4033,iY6gP4y8Shk_000010,-0.06088010204081633
vggss,C1,12345,best,4034,iYE4gYV7RA0_000060,-0.23426020408163267
vggss,C1,12345,best,4035,iZqemiYznPQ_000454,0.2582908163265306
vggss,C1,12345,best,4036,ia8IrM5BKBU_000176,-0.04940051020408165
vggss,C1,12345,best,4037,idPIRRspMp0_000121,0.06548469387755103
vggss,C1,12345,best,4038,idUZsNLnyDg_000030,-0.015089285714285708
vggss,C1,12345,best,4039,idmwtF7qPLI_000176,0.49844387755102043
vggss,C1,12345,best,4040,ifGuIUPl1hE_000030,-0.0037244897959183634
vggss,C1,12345,best,4041,ifHRDBx-ctw_000030,-0.2867091836734694
vggss,C1,12345,best,4042,ig59gOwKj0k_000105,0.06954081632653061
vggss,C1,12345,best,4043,ihQiGrQMR3U_000006,0.036173469387755064
vggss,C1,12345,best,4044,iiAWiz5IGMw_000425,0.08823979591836735
vggss,C1,12345,best,4045,iikhslprd_A_000009,0.32455357142857144
vggss,C1,12345,best,4046,ik3SNmU2v9k_000135,-0.3775892857142857
vggss,C1,12345,best,4047,io2ZMAWqkeQ_000010,-0.0006250000000000006
vggss,C1,12345,best,4048,ioQdfK6Ae9k_000000,-0.19223214285714285
vggss,C1,12345,best,4049,ioQdfK6Ae9k_000010,-0.20533163265306126
vggss,C1,12345,best,4050,ioTmuyoOeV8_000018,0.18860969387755103
vggss,C1,12345,best,4051,iosDKvAHUCI_000012,-0.04201530612244897
vggss,C1,12345,best,4052,ipKCHDizaQI_000030,-0.16915816326530614
vggss,C1,12345,best,4053,ipSnR0fR_uA_000044,-0.10135204081632654
vggss,C1,12345,best,4054,ipSnR0fR_uA_000058,0.15637755102040818
vggss,C1,12345,best,4055,iq5Lh7AB1Ns_000019,-0.25696428571428576
vggss,C1,12345,best,4056,it0U4Vscl5o_000208,-0.0904336734693878
vggss,C1,12345,best,4057,ivmTP1YxO4k_000328,0.03808673469387755
vggss,C1,12345,best,4058,ixn9yG0ny8w_000030,0.16176020408163266
vggss,C1,12345,best,4059,ixrRVADA0Jk_000104,0.002551020408163261
vggss,C1,12345,best,4060,ixscoaWEEnQ_000104,0.09639030612244898
vggss,C1,12345,best,4061,iyroRIRrXUw_000090,0.39414540816326527
vggss,C1,12345,best,4062,iz8en2Dt7vE_000017,-0.1630229591836735
vggss,C1,12345,best,4063,izGLFfu3VAY_000026,0.14285714285714282
vggss,C1,12345,best,4064,j-JCj72-vCg_000060,0.14553571428571427
vggss,C1,12345,best,4065,j-UGe1kz-HY_000003,-0.4305357142857143
vggss,C1,12345,best,4066,j1JUsTMZcuY_000004,0.15385204081632653
vggss,C1,12345,best,4067,j1JUsTMZcuY_000042,-0.19698979591836735
vggss,C1,12345,best,4068,j3slcVPwhPU_000023,0.27153061224489794
vggss,C1,12345,best,4069,j42ETHcp044_000000,-0.19514030612244898
vggss,C1,12345,best,4070,j4QXK7I4kfk_000030,0.21987244897959185
vggss,C1,12345,best,4071,j50SGKJ0MQI_000160,0.0816326530612245
vggss,C1,12345,best,4072,j5_x1BgTo1Y_000437,-0.08299744897959185
vggss,C1,12345,best,4073,j6s-UMrMIE8_000190,-0.4065688775510204
vggss,C1,12345,best,4074,j7Vej9AOKY0_000031,0.09766581632653062
vggss,C1,12345,best,4075,j9Z63H5hvrQ_000010,0.04026785714285716
vggss,C1,12345,best,4076,jA-9WQtQg-Y_000131,0.06744897959183674
vggss,C1,12345,best,4077,jBv48uOrgbs_000320,0.06533163265306124
vggss,C1,12345,best,4078,jDSo2g-tW98_000019,0.2849872448979591
vggss,C1,12345,best,4079,jEP-WEblweY_000115,0.22715561224489794
vggss,C1,12345,best,4080,jEU8MG1w6oo_000080,0.1465688775510204
vggss,C1,12345,best,4081,jEbK05u3Yq8_000011,-0.011249999999999982
vggss,C1,12345,best,4082,jGOFaS079Rc_000081,-0.19003826530612244
vggss,C1,12345,best,4083,jH6-RU2or84_000040,0.09457908163265308
vggss,C1,12345,best,4084,jIqAaU2Bgf0_000530,-0.10165816326530609
vggss,C1,12345,best,4085,jJp1gPilmxs_000009,0.052869897959183676
vggss,C1,12345,best,4086,jKjj66pRXZA_000020,-0.016224489795918368
vggss,C1,12345,best,4087,jOMEUwArKss_000004,-0.29128826530612245
vggss,C1,12345,best,4088,jPKhBkLgFLk_000016,-0.011645408163265286
vggss,C1,12345,best,4089,jQEi2K1fvRI_000263,0.30059948979591833
vggss,C1,12345,best,4090,jR-H47v1arg_000080,0.03728316326530612
vggss,C1,12345,best,4091,jRImoxsY_uo_000030,0.03764030612244895
vggss,C1,12345,best,4092,jTuNUZEFBJk_000100,0.1961862244897959
vggss,C1,12345,best,4093,jU0LDjmqrRw_000030,-0.001275510204081634
vggss,C1,12345,best,4094,jUjEZr4O6fU_000030,0.05429846938775511
vggss,C1,12345,best,4095,jVG2woyJ5Eg_000028,0.013954081632653062
vggss,C1,12345,best,4096,jVbT8XQkJx8_000079,-0.37844387755102044
vggss,C1,12345,best,4097,jVbT8XQkJx8_000094,0.0872704081632653
vggss,C1,12345,best,4098,jWlZ5adnMNw_000013,-0.19970663265306124
vggss,C1,12345,best,4099,jWqqtybjzXE_000030,-0.16693877551020408
vggss,C1,12345,best,4100,jXSblZUHZ-8_000017,0.3840561224489796
vggss,C1,12345,best,4101,jXqFEx-S0hw_000161,-0.414859693877551
vggss,C1,12345,best,4102,jYgUTPUi28Y_000201,-0.021313775510204067
vggss,C1,12345,best,4103,j_cywbssn70_000115,-0.044158163265306125
vggss,C1,12345,best,4104,jaI41fTAM54_000030,-0.11202806122448979
vggss,C1,12345,best,4105,jbH4PifIg-g_000006,-0.1523341836734694
vggss,C1,12345,best,4106,jbaZyROpitQ_000010,-0.1397576530612245
vggss,C1,12345,best,4107,jbffNajOX7M_000019,0.08181122448979591
vggss,C1,12345,best,4108,jcKRIZHO37k_000082,0.021811224489795916
vggss,C1,12345,best,4109,jejadhR_m9w_000030,-0.10288265306122449
vggss,C1,12345,best,4110,jhTQR8w9SYI_000057,-0.3448852040816327
vggss,C1,12345,best,4111,jhplcoP39vM_000118,0.13566326530612244
vggss,C1,12345,best,4112,ji4meumtHT4_000030,-0.10914540816326529
vggss,C1,12345,best,4113,jin4FoKXn1o_000180,-0.4055229591836734
vggss,C1,12345,best,4114,jkvXuu8XltI_000080,-0.011020408163265327
vggss,C1,12345,best,4115,jlgz0tRGQYM_000010,0.5182780612244897
vggss,C1,12345,best,4116,jm4ipHk0QX4_000001,-0.12317602040816328
vggss,C1,12345,best,4117,jpEcGnA4tco_000322,0.26466836734693877
vggss,C1,12345,best,4118,jpHrNr6bDmU_000230,0.015714285714285722
vggss,C1,12345,best,4119,jqqjc0XrU58_000092,-0.2433801020408163
vggss,C1,12345,best,4120,jr2kxASSRBY_000030,-0.1301530612244898
vggss,C1,12345,best,4121,jrwhxVnvMdk_000030,-0.16863520408163263
vggss,C1,12345,best,4122,jtRq_vXe9uQ_000246,0.24183673469387754
vggss,C1,12345,best,4123,jtfG2FbwINE_000121,0.005548469387755106
vggss,C1,12345,best,4124,jucJMIMABN8_000010,-0.17719387755102042
vggss,C1,12345,best,4125,jwZHGy2SI88_000215,-0.4999617346938776
vggss,C1,12345,best,4126,jwxvQraiIGs_000032,-0.44173469387755104
vggss,C1,12345,best,4127,jwxvQraiIGs_000084,0.03283163265306122
vggss,C1,12345,best,4128,jxC-0T5lXw4_000250,-0.12776785714285713
vggss,C1,12345,best,4129,jy9DUEVrrIQ_000192,-0.3271428571428572
vggss,C1,12345,best,4130,jzaDcRQkQEA_000089,0.2629974489795918
vggss,C1,12345,best,4131,k0Z95PrMVOI_000064,0.2020025510204082
vggss,C1,12345,best,4132,k0ikzr_6EQg_000887,-0.12480867346938776
vggss,C1,12345,best,4133,k1vIk-7zyNE_000159,0.3103061224489796
vggss,C1,12345,best,4134,k211h3tMeGQ_000060,0.32441326530612247
vggss,C1,12345,best,4135,k3AYfr6PIgs_000019,0.005841836734693864
vggss,C1,12345,best,4136,k3uGdspoVtg_000119,-0.07927295918367346
vggss,C1,12345,best,4137,k45PjHhGXbo_000129,0.15025510204081632
vggss,C1,12345,best,4138,k4ExqQTNklk_000210,-0.11389030612244896
vggss,C1,12345,best,4139,k6ROAVZxzqM_000017,-0.22367346938775512
vggss,C1,12345,best,4140,k7WzaCeUIrI_000136,0.20052295918367352
vggss,C1,12345,best,4141,k8YMZkfLIvE_000319,-0.022193877551020397
vggss,C1,12345,best,4142,k91ukyGncNI_000077,-0.13270408163265304
vggss,C1,12345,best,4143,k9bi4ygv1m0_000033,0.03933673469387755
vggss,C1,12345,best,4144,kAE_Lb-f39I_000007,0.0378061224489796
vggss,C1,12345,best,4145,kC34iOvwo40_000293,-0.2009183673469388
vggss,C1,12345,best,4146,kEa1IlvIW0k_000039,0.3361096938775511
vggss,C1,12345,best,4147,kEnOc-apG_o_000078,-0.008660714285714272
vggss,C1,12345,best,4148,kGo-dAQXtsA_000025,0.464719387755102
vggss,C1,12345,best,4149,kH6fFjIZkB0_000030,-0.034017857142857155
vggss,C1,12345,best,4150,kHNWRR0hJ08_000022,-0.020331632653061225
vggss,C1,12345,best,4151,kHum8R_CcR0_000091,0.2840561224489796
vggss,C1,12345,best,4152,kI04KR_InWQ_000000,0.25505102040816324
vggss,C1,12345,best,4153,kKafEAL6m7A_000236,0.3130357142857143
vggss,C1,12345,best,4154,kKqIgmARIoA_000030,0.03219387755102042
vggss,C1,12345,best,4155,kLNtUnSm7lc_000060,-0.09372448979591835
vggss,C1,12345,best,4156,kLySMIzASNE_000030,-0.1485204081632653
vggss,C1,12345,best,4157,kNKfoDp0uUw_000030,0.04029336734693878
vggss,C1,12345,best,4158,kO6CR2aAM3I_000024,-0.20614795918367346
vggss,C1,12345,best,4159,kO8TVRcXI98_000303,-0.2731377551020408
vggss,C1,12345,best,4160,kO_VmIHmggc_000045,0.06605867346938775
vggss,C1,12345,best,4161,kOheqjodDmw_000050,0.1346938775510204
vggss,C1,12345,best,4162,kQ7tkcg8Xag_000300,-0.16026785714285713
vggss,C1,12345,best,4163,kQ7tkcg8Xag_000415,-0.10158163265306122
vggss,C1,12345,best,4164,kQQrsmLvoCE_000120,-0.21573979591836734
vggss,C1,12345,best,4165,kQ_5qrWH7v4_000338,-0.15696428571428572
vggss,C1,12345,best,4166,kRoKSjo1ONs_000226,0.08821428571428572
vggss,C1,12345,best,4167,kRqRKQoKluE_000033,0.0021045918367346914
vggss,C1,12345,best,4168,kTOX4xMk89M_000100,-0.21838010204081632
vggss,C1,12345,best,4169,kTizt7af0PE_000020,-0.36970663265306125
vggss,C1,12345,best,4170,kV9bDDyCiEM_000008,-0.11737244897959184
vggss,C1,12345,best,4171,kVuG_F3qCuY_000176,0.19406887755102042
vggss,C1,12345,best,4172,kWPAWeNuBKc_000506,0.04794642857142857
vggss,C1,12345,best,4173,kWdmJHAFMxk_000031,-0.10406887755102041
vggss,C1,12345,best,4174,kX4-OMWCdCc_000150,0.058673469387755084
vggss,C1,12345,best,4175,kXAfPnwvchE_000111,-0.21832908163265308
vggss,C1,12345,best,4176,kYXS4eqiMyA_000507,-0.23668367346938773
vggss,C1,12345,best,4177,kYvyOw8ZDS4_000016,0.08676020408163268
vggss,C1,12345,best,4178,kZQkCqkUBVA_000168,-0.04059948979591837
vggss,C1,12345,best,4179,kZegES0woJo_000035,0.00011479591836734138
vggss,C1,12345,best,4180,kdbA6lP1bmU_000037,-0.14524234693877552
vggss,C1,12345,best,4181,kf0YrFpuNKQ_000030,0.07790816326530614
vggss,C1,12345,best,4182,kh77cZfsDvc_000089,0.20872448979591837
vggss,C1,12345,best,4183,kiA86HI-GLU_000140,-0.2828954081632653
vggss,C1,12345,best,4184,kiAMVnSBGw0_000030,0.15331632653061225
vggss,C1,12345,best,4185,kl2E2erlkRg_000050,0.17707908163265307
vggss,C1,12345,best,4186,kl3HZbyUNys_000030,0.2932525510204082
vggss,C1,12345,best,4187,klExMKT88MQ_000160,0.03917091836734692
vggss,C1,12345,best,4188,kmV2hj-I7Xo_000097,-0.030841836734693887
vggss,C1,12345,best,4189,kmvLXRZp5oI_000163,0.1830484693877551
vggss,C1,12345,best,4190,knzA9iuVOdw_000010,-0.25357142857142856
vggss,C1,12345,best,4191,koUnrPY_3n8_000007,0.03696428571428572
vggss,C1,12345,best,4192,kpBkoalXnXM_000228,0.023290816326530614
vggss,C1,12345,best,4193,kq6PDicCx9Q_000084,-0.5998341836734694
vggss,C1,12345,best,4194,kr8ssbrDDMY_000030,-0.006517857142857131
vggss,C1,12345,best,4195,krghmEqeJtU_000122,0.014961734693877555
vggss,C1,12345,best,4196,ks0EpvbEO7Y_000083,0.0377423469387755
vggss,C1,12345,best,4197,ksfpCXlY-hA_000100,0.027525510204081616
vggss,C1,12345,best,4198,ksk9rjj5WB0_000030,-0.09715561224489798
vggss,C1,12345,best,4199,ktis2aZfphM_000010,-0.13028061224489795
vggss,C1,12345,best,4200,ktso7GeckG8_000130,0.3141198979591837
vggss,C1,12345,best,4201,ktvOqV10lW0_000030,-0.07665816326530613
vggss,C1,12345,best,4202,kuihSZXsIJ4_000030,-0.2947576530612245
vggss,C1,12345,best,4203,kwJKOXT5XR8_000255,0.1966454081632653
vggss,C1,12345,best,4204,kwsgIBkX-3k_000300,-0.08792091836734695
vggss,C1,12345,best,4205,kxTwZeZxuvo_000036,-0.06089285714285713
vggss,C1,12345,best,4206,kxTwZeZxuvo_000099,0.33235969387755104
vggss,C1,12345,best,4207,kx_G2a2hL6U_000153,-0.012602040816326543
vggss,C1,12345,best,4208,kxkk4w2yzbk_000030,-0.06584183673469389
vggss,C1,12345,best,4209,kzxmNNpXkF4_000057,0.12761479591836733
vggss,C1,12345,best,4210,l-iIfi3SNpw_000120,0.17355867346938775
vggss,C1,12345,best,4211,l-qyJLFOVYI_000000,0.15506377551020406
vggss,C1,12345,best,4212,l13XyX-sMwk_000406,0.25160714285714286
vggss,C1,12345,best,4213,l1coM570kVw_000030,-0.47506377551020407
vggss,C1,12345,best,4214,l1vEAtUWXHU_000034,0.09214285714285714
vggss,C1,12345,best,4215,l30pHj4I0Ps_000580,-0.024515306122448982
vggss,C1,12345,best,4216,l3abwXzDR1g_000030,-0.17471938775510204
vggss,C1,12345,best,4217,l59Gy1sqDSM_000003,0.05201530612244898
vggss,C1,12345,best,4218,l5O87Umi7DI_000210,0.04774234693877552
vggss,C1,12345,best,4219,l5l0Awx8eeQ_000023,0.14919642857142856
vggss,C1,12345,best,4220,l6RTgFxEWFY_000181,0.2504336734693877
vggss,C1,12345,best,4221,l70yarlcd-I_000029,0.37299744897959186
vggss,C1,12345,best,4222,l7RTgupQWcc_000030,0.18432397959183675
vggss,C1,12345,best,4223,l7oD9WX-1CU_000010,0.5273469387755102
vggss,C1,12345,best,4224,l8huGsnYzus_000023,0.09936224489795917
vggss,C1,12345,best,4225,l9L7_RaTw6I_000060,-0.26140306122448975
vggss,C1,12345,best,4226,lA3KGYqG5rQ_000458,-0.39797193877551024
vggss,C1,12345,best,4227,lA3KGYqG5rQ_000484,-0.036058673469387764
vggss,C1,12345,best,4228,lAA0QneMahs_000038,-0.36979591836734693
vggss,C1,12345,best,4229,lAF6nVFk6Is_000077,-0.21052295918367345
vggss,C1,12345,best,4230,lAXpiE0dm_k_000340,0.2625892857142857
vggss,C1,12345,best,4231,lBftiRlNTYI_000363,0.24317602040816327
vggss,C1,12345,best,4232,lBm9NJCDgBU_000105,-0.001403061224489778
vggss,C1,12345,best,4233,lEjV0us_eF0_000021,0.03853316326530612
vggss,C1,12345,best,4234,lF1C6JSDZJU_000209,-0.02368622448979593
vggss,C1,12345,best,4235,lGZKkiZEDBY_000003,0.0817091836734694
vggss,C1,12345,best,4236,lI3P985JB7k_000149,0.011811224489795935
vggss,C1,12345,best,4237,lIvNNndi03c_000081,-0.29270408163265305
vggss,C1,12345,best,4238,lJSwhBfEdyA_000079,-0.2283673469387755
vggss,C1,12345,best,4239,lKkW2wWkSJE_000111,-0.03442602040816326
vggss,C1,12345,best,4240,lLdaRlWf2GU_000040,0.020867346938775524
vggss,C1,12345,best,4241,lMms5mWwXjw_000162,-0.10599489795918368
vggss,C1,12345,best,4242,lNEMzNU9Unc_000080,0.04822704081632653
vggss,C1,12345,best,4243,lNTgZsEJqEo_000103,-0.31720663265306126
vggss,C1,12345,best,4244,lO7WoIty5h8_000195,0.31128826530612247
vggss,C1,12345,best,4245,lQNWx4KRlz0_000450,0.020905612244897967
vggss,C1,12345,best,4246,lSr8MKcWTdo_000130,-0.08736515364433703
vggss,C1,12345,best,4247,lVye-L3oq6A_000030,-0.027818877551020416
vggss,C1,12345,best,4248,lX7W1jwY6-8_000658,-0.2577678571428571
vggss,C1,12345,best,4249,lXUcalwkWCo_000070,-0.12567602040816328
vggss,C1,12345,best,4250,lYOw8di2k4I_000030,0.5746811224489796
vggss,C1,12345,best,4251,lZ6T7D65kys_000066,0.24192602040816327
vggss,C1,12345,best,4252,laSDlOFM5vc_000025,-0.00529336734693879
vggss,C1,12345,best,4253,lb1awXgoyQE_000000,-0.02709183673469387
vggss,C1,12345,best,4254,lb_m2AVVb5M_000100,-0.18279336734693874
vggss,C1,12345,best,4255,lbnENIVqZk0_000207,0.16869897959183675
vggss,C1,12345,best,4256,lcGYtyHeKR4_000055,0.19849489795918365
vggss,C1,12345,best,4257,lchja4Ln8lw_000153,0.1918877551020408
vggss,C1,12345,best,4258,lg6lt9pvfKY_000684,0.02007653061224489
vggss,C1,12345,best,4259,liZ8HrN_mKQ_000190,-0.24385204081632655
vggss,C1,12345,best,4260,ljQ1uYYhtxM_000027,-0.0821811224489796
vggss,C1,12345,best,4261,ljQ1uYYhtxM_000164,0.17503826530612246
vggss,C1,12345,best,4262,ljUu7ZnlKZA_000031,-0.06466836734693879
vggss,C1,12345,best,4263,ljjWDXhYU9A_000018,-0.06772959183673469
vggss,C1,12345,best,4264,lkLg1kI06UM_000406,0.4101275510204082
vggss,C1,12345,best,4265,ll1dqj73iDs_000211,-0.056288265306122465
vggss,C1,12345,best,4266,lm5ia1UoyGw_000030,0.22692602040816323
vggss,C1,12345,best,4267,lmaIgor5XTg_000030,0.005306122448979586
vggss,C1,12345,best,4268,lnZakZnnpMo_000080,-0.30684948979591836
vggss,C1,12345,best,4269,loKkvegkPJ8_000030,0.0599107142857143
vggss,C1,12345,best,4270,lpoMqe5RO_A_000002,-0.22464285714285714
vggss,C1,12345,best,4271,lqCx0HgF1ZM_000030,-0.08973214285714289
vggss,C1,12345,best,4272,lqeAf-DqE3I_000140,0.2964285714285715
vggss,C1,12345,best,4273,lsAu4_RaXHU_000020,-0.29909438775510205
vggss,C1,12345,best,4274,lsY8RejLczg_000176,-0.022933673469387753
vggss,C1,12345,best,4275,lu52106QS6E_000025,-0.12775510204081633
vggss,C1,12345,best,4276,luSAuu-BoPs_000232,-0.011313775510204092
vggss,C1,12345,best,4277,lutN6JqHO_s_000097,0.05051020408163265
vggss,C1,12345,best,4278,lutN6JqHO_s_000173,-0.08096938775510207
vggss,C1,12345,best,4279,lv_tTIdHC2Q_000130,-0.10677295918367348
vggss,C1,12345,best,4280,lwTJnSlhz-Q_000417,0.17246173469387757
vggss,C1,12345,best,4281,lxFXp7wgzrs_000087,0.6626147959183672
vggss,C1,12345,best,4282,m-2-HsrBkak_000030,0.1291454081632653
vggss,C1,12345,best,4283,m-FO9gFY5Go_000030,-0.21653061224489797
vggss,C1,12345,best,4284,m0GjXTf9Ls4_000171,-0.10941326530612244
vggss,C1,12345,best,4285,m0kxHYaGpL8_000000,0.02193877551020408
vggss,C1,12345,best,4286,m1GaYAKcH9g_000050,-0.005446428571428574
vggss,C1,12345,best,4287,m2HW_e9DDhg_000013,-0.3437627551020408
vggss,C1,12345,best,4288,m4Dj_vTsAt0_000022,-0.10860969387755103
vggss,C1,12345,best,4289,m4HJsIC5-x0_000345,0.31528061224489795
vggss,C1,12345,best,4290,m4emitvY_Dg_000178,-0.2616709183673469
vggss,C1,12345,best,4291,m77lSpgTPpI_000016,-0.0589795918367347
vggss,C1,12345,best,4292,mA1d-1wXTgU_000056,0.04003826530612242
vggss,C1,12345,best,4293,mC0O0048pPw_000029,0.03010204081632653
vggss,C1,12345,best,4294,mC87qMYLJX4_000057,0.01723214285714285
vggss,C1,12345,best,4295,mCY1Z1cmc-s_000359,0.15915816326530613
vggss,C1,12345,best,4296,mCaniZpghFE_000310,-0.24075255102040818
vggss,C1,12345,best,4297,mCxWczXC6Qg_000122,0.019400510204081636
vggss,C1,12345,best,4298,mDtpxEQFyts_000018,-0.15947704081632652
vggss,C1,12345,best,4299,mDtpxEQFyts_000051,0.26798469387755103
vggss,C1,12345,best,4300,mEL68q2FRBo_000100,-0.15590561224489796
vggss,C1,12345,best,4301,mEslZvugQCc_000030,-0.002283163265306143
vggss,C1,12345,best,4302,mEuLwjBPLxk_000048,-0.028622448979591833
vggss,C1,12345,best,4303,mFD6P7We2ww_000081,0.13984693877551022
vggss,C1,12345,best,4304,mFZRSbjdhNg_000001,0.15520408163265306
vggss,C1,12345,best,4305,mFnSuE0zskc_000000,0.13799744897959182
vggss,C1,12345,best,4306,mH0qxsxLypw_000080,-0.0746173469387755
vggss,C1,12345,best,4307,mHRF_-IOT2s_000440,-0.18150510204081632
vggss,C1,12345,best,4308,mJOGqViXauo_000100,0.005969387755102057
vggss,C1,12345,best,4309,mJaX4ZpfULM_000030,-0.6946683673469387
vggss,C1,12345,best,4310,mKEJRZtNx9o_000044,0.025255102040816352
vggss,C1,12345,best,4311,mMADjF3VZdU_000395,0.17085459183673468
vggss,C1,12345,best,4312,mMR8S8qxGTg_000166,0.009540816326530616
vggss,C1,12345,best,4313,mMf4vJFT8Fw_000030,-0.1115051020408163
vggss,C1,12345,best,4314,mMqRFspSg10_000184,0.02700255102040816
vggss,C1,12345,best,4315,mOPJRy2Nv_o_000134,-0.16341836734693876
vggss,C1,12345,best,4316,mPU9j7icxs0_000123,0.1209183673469388
vggss,C1,12345,best,4317,mSHxFybELNY_000015,0.011862244897959187
vggss,C1,12345,best,4318,mSHxFybELNY_000030,-0.33852040816326534
vggss,C1,12345,best,4319,mSlE2F9N-8g_000030,0.2858801020408163
vggss,C1,12345,best,4320,mTM0WQRcfNU_000050,0.15496173469387756
vggss,C1,12345,best,4321,mW5_chAgg8c_000120,-0.17057397959183673
vggss,C1,12345,best,4322,mWaz8lJKZe8_000140,-0.06900510204081631
vggss,C1,12345,best,4323,mYZyXIYEJAQ_000095,-0.0807015306122449
vggss,C1,12345,best,4324,mYbbc_0WyvI_000030,-0.12534438775510204
vggss,C1,12345,best,4325,mZ6ALw9GOUU_000030,0.07539540816326529
vggss,C1,12345,best,4326,mZIBXZlICgw_000000,0.4412882653061224
vggss,C1,12345,best,4327,mZKUFZhLXAE_000021,0.0334311224489796
vggss,C1,12345,best,4328,mZXjs-SYlCA_000005,0.08499999999999999
vggss,C1,12345,best,4329,mZ_z2lorJeY_000070,0.04243622448979591
vggss,C1,12345,best,4330,maG3tkd7WJY_000075,-0.14510204081632655
vggss,C1,12345,best,4331,magdHwtSIjY_000031,-0.02441326530612245
vggss,C1,12345,best,4332,mbLiZ_jpgeY_000020,0.032091836734693874
vggss,C1,12345,best,4333,mbVT9tKSUXo_000005,-0.26010204081632654
vggss,C1,12345,best,4334,mcBEkWVDcmc_000107,0.34059948979591836
vggss,C1,12345,best,4335,mcYd-WlyCIw_000006,0.19158163265306122
vggss,C1,12345,best,4336,mcrf1Mb99d4_000068,-0.5527933673469387
vggss,C1,12345,best,4337,mdrKLSXXZNc_000302,0.13207908163265306
vggss,C1,12345,best,4338,meoZvdQ2qBs_000162,0.25410714285714286
vggss,C1,12345,best,4339,mg2EyWA0Jxc_000030,-0.09281887755102039
vggss,C1,12345,best,4340,mh6JxDJ0Bno_000030,-0.038775510204081626
vggss,C1,12345,best,4341,mhQGbJQlVns_000002,0.11815051020408163
vggss,C1,12345,best,4342,mhZMQF-y8n0_000097,-0.22448979591836735
vggss,C1,12345,best,4343,miT69L7G9iA_000140,0.03723214285714285
vggss,C1,12345,best,4344,mjhlzNVpnXs_000026,0.2880994897959184
vggss,C1,12345,best,4345,mlpF226Gvlo_000000,-0.00792091836734693
vggss,C1,12345,best,4346,mmkqzl_NHKs_000184,-0.015063775510204089
vggss,C1,12345,best,4347,mnWYh3iPoy8_000020,0.025867346938775515
vggss,C1,12345,best,4348,mo_x30i1gns_000099,-0.01706632653061224
vggss,C1,12345,best,4349,momJJOUPFzU_000017,-0.06891581632653063
vggss,C1,12345,best,4350,mpNxnTHMCHs_000164,0.12214285714285714
vggss,C1,12345,best,4351,mt6Pa7pBz_A_000210,-0.4538265306122449
vggss,C1,12345,best,4352,muEqLs4xcvs_000030,-0.00015306122448979775
vggss,C1,12345,best,4353,muQm_S77_E0_000070,0.015535714285714305
vggss,C1,12345,best,4354,muuSxbHjipw_000112,-0.0307015306122449
vggss,C1,12345,best,4355,mv_YCUYtGaA_000408,-0.48820153061224486
vggss,C1,12345,best,4356,mw1VGZoYQts_000070,0.07512755102040816
vggss,C1,12345,best,4357,mwoQMUhI9nY_000139,0.04125000000000001
vggss,C1,12345,best,4358,mxH5Ueh1fYo_000536,-0.302984693877551
vggss,C1,12345,best,4359,mxQ37FEFLKY_000030,-0.0980612244897959
vggss,C1,12345,best,4360,myOH_8igzTw_000161,-0.12720663265306126
vggss,C1,12345,best,4361,n-tBbgUkFxo_000021,0.1039158163265306
vggss,C1,12345,best,4362,n-tBbgUkFxo_000032,-0.10538265306122452
vggss,C1,12345,best,4363,n0Bbn5VNaMg_000043,-0.5488775510204082
vggss,C1,12345,best,4364,n1VpqsLRy1E_000006,0.0591071428571428
vggss,C1,12345,best,4365,n2JanKszFoQ_000200,-0.13297193877551022
vggss,C1,12345,best,4366,n3Pfv9Fo3zk_000009,-0.02700255102040816
vggss,C1,12345,best,4367,n3rUVrPeFAQ_000135,0.16624999999999998
vggss,C1,12345,best,4368,n3t92d8Xgp8_000020,0.41781887755102043
vggss,C1,12345,best,4369,n4-THBrsn4o_000106,-0.13091836734693874
vggss,C1,12345,best,4370,n4-THBrsn4o_000123,-0.21709183673469387
vggss,C1,12345,best,4371,n4jf0RXGw7I_000019,-0.14460459183673469
vggss,C1,12345,best,4372,n51vOkMOXdQ_000039,0.009311224489795916
vggss,C1,12345,best,4373,n5SqYqXBMXQ_000005,-0.38026785714285716
vggss,C1,12345,best,4374,n5cvuVxjDoI_000098,0.12478316326530611
vggss,C1,12345,best,4375,n7-lKjrJFA0_000088,0.01056122448979592
vggss,C1,12345,best,4376,n7QAOoPX6yw_000003,-0.1250892857142857
vggss,C1,12345,best,4377,n7t58h1fwc0_000168,0.35183673469387755
vggss,C1,12345,best,4378,n88E2blrCiU_000185,0.12524234693877553
vggss,C1,12345,best,4379,n9PJa0BvCLc_000016,0.16209183673469388
vggss,C1,12345,best,4380,n9etMRi77Wo_000273,0.124375
vggss,C1,12345,best,4381,nA1cZ1g8auk_000080,0.06048469387755101
vggss,C1,12345,best,4382,nAS_8fZfU_Y_000034,0.17543367346938776
vggss,C1,12345,best,4383,nB7FX1TBv34_000030,-0.26875000000000004
vggss,C1,12345,best,4384,nC1p4WWdMgY_000267,0.22363520408163265
vggss,C1,12345,best,4385,nCqe6N5e__0_000000,-0.0190561224489796
vggss,C1,12345,best,4386,nEX4I5j6H-Y_000151,-0.3397576530612245
vggss,C1,12345,best,4387,nEmU3E8rras_000012,-0.12868622448979591
vggss,C1,12345,best,4388,nFa1PNr2dLA_000030,0.07316326530612247
vggss,C1,12345,best,4389,nG8nq9UVWX8_000351,0.022359693877551032
vggss,C1,12345,best,4390,nKe3zn_yk94_000031,-0.08772959183673469
vggss,C1,12345,best,4391,nLKEdmVu3FY_000040,-0.16831632653061224
vggss,C1,12345,best,4392,nMOlAg-Kjf8_000017,-0.0560969387755102
vggss,C1,12345,best,4393,nMUUYby3ZQQ_000064,-0.12549744897959184
vggss,C1,12345,best,4394,nMoJVla31tc_000120,-0.016288265306122457
vggss,C1,12345,best,4395,nRMmafPUAEU_000080,-0.061415816326530606
vggss,C1,12345,best,4396,nSBDyxxscks_000220,0.36338010204081633
vggss,C1,12345,best,4397,nTcGKRvqIbM_000003,-0.039910714285714285
vggss,C1,12345,best,4398,nU7x170OvJ4_000030,-0.496109693877551
vggss,C1,12345,best,4399,nVpU4g6jWu8_000030,-0.027997448979591846
vggss,C1,12345,best,4400,nXY2Vrfm0vY_000001,-0.2932270408163265
vggss,C1,12345,best,4401,nXtEwct1VUE_000022,-0.03836734693877551
vggss,C1,12345,best,4402,nbPY6Y1ffgo_000040,0.04091836734693878
vggss,C1,12345,best,4403,nbS9NjA7Ywg_000078,0.23764030612244896
vggss,C1,12345,best,4404,nbjXrDmWMQg_000184,0.34630102040816324
vggss,C1,12345,best,4405,ncHAOlb2wgw_000068,0.0692091836734694
vggss,C1,12345,best,4406,ncJgdczUs_8_000000,-0.00395408163265306
vggss,C1,12345,best,4407,ncfUAo5uxwk_000012,0.004375000000000004
vggss,C1,12345,best,4408,nfFldYRXbDM_000098,-0.38821428571428573
vggss,C1,12345,best,4409,nfdEqi5YMjk_000210,0.15590561224489796
vggss,C1,12345,best,4410,nfitcQXx-Y0_000020,-0.017602040816326554
vggss,C1,12345,best,4411,nfitcQXx-Y0_000058,-0.05891581632653063
vggss,C1,12345,best,4412,nhAiQyirHe0_000127,-0.05006377551020409
vggss,C1,12345,best,4413,nhDAmqYHxdA_000417,0.0733545918367347
vggss,C1,12345,best,4414,nlDpRreRKO4_000030,-0.1259948979591837
vggss,C1,12345,best,4415,nlYlNF30bVg_000030,0.10771683673469387
vggss,C1,12345,best,4416,nljhIF3wxz4_000035,0.013660714285714276
vggss,C1,12345,best,4417,nmMqbo6pcTU_000144,0.4336989795918368
vggss,C1,12345,best,4418,nmRMfbrXwt0_000001,-0.17636479591836735
vggss,C1,12345,best,4419,nmp9yqhsjqg_000350,-0.04419642857142857
vggss,C1,12345,best,4420,nn25vUXHhdE_000400,0.07067602040816326
vggss,C1,12345,best,4421,no6AAqgGIv8_000150,0.35630102040816325
vggss,C1,12345,best,4422,noH950QMOLg_000198,-0.09880102040816324
vggss,C1,12345,best,4423,noN35nW5gl4_000000,0.047002551020408165
vggss,C1,12345,best,4424,nou1eQNbW30_000002,0.1775765306122449
vggss,C1,12345,best,4425,npcdmOfFZis_000050,-0.10371173469387758
vggss,C1,12345,best,4426,nqHztbgP_4U_000100,-0.32223214285714286
vggss,C1,12345,best,4427,nqd6uO6hDSo_000030,0.032933673469387775
vggss,C1,12345,best,4428,nqnviB5WXSM_000030,0.15465561224489796
vggss,C1,12345,best,4429,nqsycWEgIio_000209,-0.012882653061224499
vggss,C1,12345,best,4430,nsNtEAfJfd0_000055,-0.006785714285714284
vggss,C1,12345,best,4431,nstNNjnev5k_000827,-0.2758290816326531
vggss,C1,12345,best,4432,nt9PKJU4LLk_000047,0.10466836734693877
vggss,C1,12345,best,4433,ny11DBcW3hI_000019,0.062423469387755115
vggss,C1,12345,best,4434,ny4wkNf3P40_000001,0.06297193877551019
vggss,C1,12345,best,4435,nzrNxN3vG1w_000030,0.09707908163265305
vggss,C1,12345,best,4436,nzwmPWAAQFg_000030,0.19932397959183673
vggss,C1,12345,best,4437,o-xlfN7kkOA_000030,0.11098214285714286
vggss,C1,12345,best,4438,o0Aq9oY4JNk_000006,0.037933673469387724
vggss,C1,12345,best,4439,o0Bn4m6dQbI_000100,0.10877551020408165
vggss,C1,12345,best,4440,o0auMW1-gjE_000458,0.1338520408163265
vggss,C1,12345,best,4441,o0mATRdzZSc_000050,0.23044642857142858
vggss,C1,12345,best,4442,o1psbzO1YPU_000065,0.10482142857142857
vggss,C1,12345,best,4443,o3F3tUpmVaw_000030,0.15269132653061226
vggss,C1,12345,best,4444,o4SLkvEa8Mk_000184,0.22608418367346939
vggss,C1,12345,best,4445,o4Z9DJi8AJo_000050,-0.09193877551020409
vggss,C1,12345,best,4446,o505NNzv0TI_000035,0.034579081632653066
vggss,C1,12345,best,4447,o8JY_sqvaQc_000057,0.20279336734693879
vggss,C1,12345,best,4448,o8uxxMXuhZ8_000030,0.07535714285714284
vggss,C1,12345,best,4449,o9Fiss83B1c_000557,0.29267857142857145
vggss,C1,12345,best,4450,oBY7XYM4gi0_000155,-0.134859693877551
vggss,C1,12345,best,4451,oBsTZmqrpFQ_000070,-0.27052295918367353
vggss,C1,12345,best,4452,oCVRgGxkKo4_000090,-0.2353826530612245
vggss,C1,12345,best,4453,oD0Xp--xxjE_000030,-0.3049107142857143
vggss,C1,12345,best,4454,oE2ei00EhWI_000110,-0.09619897959183672
vggss,C1,12345,best,4455,oE64sF3UtfU_000010,-0.14589285714285716
vggss,C1,12345,best,4456,oEDGxlhyhp4_000043,-0.03581632653061225
vggss,C1,12345,best,4457,oEFUBoCTThI_000002,-0.043596938775510186
vggss,C1,12345,best,4458,oEMLpCOWrqY_000030,-0.13738520408163268
vggss,C1,12345,best,4459,oIUof9ZzRcs_000018,0.2838137755102041
vggss,C1,12345,best,4460,oIgPIGUQ8yY_000030,0.18973214285714285
vggss,C1,12345,best,4461,oJe-kIzMuiU_000041,-0.19200255102040817
vggss,C1,12345,best,4462,oKVfrZKftHs_000030,-0.06723214285714287
vggss,C1,12345,best,4463,oLYZ4FyktN0_000040,0.28128826530612244
vggss,C1,12345,best,4464,oMOSgo1nT04_000011,0.0017729591836734768
vggss,C1,12345,best,4465,oPBrZeFpToY_000090,0.2925382653061225
vggss,C1,12345,best,4466,oPzAaB7LoqU_000030,-0.0442984693877551
vggss,C1,12345,best,4467,oSME-ts1WnQ_000110,0.07461734693877552
vggss,C1,12345,best,4468,oSUCIMc3Vp8_000055,-0.18843112244897958
vggss,C1,12345,best,4469,oT8Vg7egGwI_000043,0.14331632653061224
vggss,C1,12345,best,4470,oT8Vg7egGwI_000077,0.2528188775510204
vggss,C1,12345,best,4471,oVcQgIsw2Ac_000030,-0.011747448979591832
vggss,C1,12345,best,4472,oYEzy8gH6q8_000030,-0.17815051020408157
vggss,C1,12345,best,4473,oZoJ26C6LrU_000100,0.001377551020408159
vggss,C1,12345,best,4474,o_kiCratdFg_000010,0.09246173469387756
vggss,C1,12345,best,4475,oaKEAU7SoCE_000030,-0.20239795918367348
vggss,C1,12345,best,4476,oamW0GRj-04_000029,0.222359693877551
vggss,C1,12345,best,4477,ob2_1sTTEiU_000014,-0.13303571428571428
vggss,C1,12345,best,4478,oclGXBsr6S8_000077,-0.17783163265306123
vggss,C1,12345,best,4479,odDT-H4NqXc_000022,-0.1316581632653061
vggss,C1,12345,best,4480,ohPrrSyvV-Y_000034,0.054668367346938765
vggss,C1,12345,best,4481,ohQhjIk-qB0_000132,-0.010433673469387762
vggss,C1,12345,best,4482,ohgUAJN2ymk_000083,-0.07197704081632653
vggss,C1,12345,best,4483,oiNhFODWPVk_000185,0.07692602040816326
vggss,C1,12345,best,4484,oj-Ck2nCkT8_000024,-0.017219387755102025
vggss,C1,12345,best,4485,ok-srXYE5tg_000004,0.02110969387755103
vggss,C1,12345,best,4486,okS_ICEUKE8_000002,0.19456632653061223
vggss,C1,12345,best,4487,ol8ZVX3qLQY_000106,0.15823979591836734
vggss,C1,12345,best,4488,omd7aw4XjGE_000424,-0.4031377551020408
vggss,C1,12345,best,4489,onEBRYQ_Xew_000095,-0.0742219387755102
vggss,C1,12345,best,4490,ooi_oagj_j8_000043,0.28793367346938775
vggss,C1,12345,best,4491,opSdcEJ1UF0_000371,0.17125
vggss,C1,12345,best,4492,opuHiPsyay0_000030,0.13933673469387756
vggss,C1,12345,best,4493,oqCoWD5LptA_000001,0.2274362244897959
vggss,C1,12345,best,4494,oqOyiPlZVDw_000020,-0.09960459183673467
vggss,C1,12345,best,4495,oqyY1c8C6-k_000101,-0.09293367346938777
vggss,C1,12345,best,4496,ortMPr9w06U_000021,0.04776785714285714
vggss,C1,12345,best,4497,oswEaAsFXDM_000170,-0.04288265306122448
vggss,C1,12345,best,4498,ouvOmkKBFM0_000614,-0.010484693877551035
vggss,C1,12345,best,4499,ov4fdnGwzWU_000520,0.00011479591836735525
vggss,C1,12345,best,4500,ov_g-r7Vo8M_000030,0.027780612244897945
vggss,C1,12345,best,4501,ovmrWtaq3og_000017,-0.09830357142857143
vggss,C1,12345,best,4502,p-ASHwSVFSI_000080,-0.07242346938775511
vggss,C1,12345,best,4503,p-C-Nal08lU_000030,0.03505102040816327
vggss,C1,12345,best,4504,p0NU0nB-uks_000013,-0.030982142857142875
vggss,C1,12345,best,4505,p0c-sBtVkio_000187,0.2785459183673469
vggss,C1,12345,best,4506,p0dBtgjr7-8_000030,0.1536352040816327
vggss,C1,12345,best,4507,p2m6Ei_vkSk_000000,-0.3489413265306123
vggss,C1,12345,best,4508,p4iWwYv6BuY_000220,0.24090561224489795
vggss,C1,12345,best,4509,p6EUe5qs7aw_000668,-0.056670918367346945
vggss,C1,12345,best,4510,p6LLoRUj0nw_000145,0.36691326530612245
vggss,C1,12345,best,4511,pBVTBsWiHdk_000063,-0.43595663265306117
vggss,C1,12345,best,4512,pCF6jJMaCnU_000030,-0.08201530612244898
vggss,C1,12345,best,4513,pFIDYtC0abw_000002,0.12031887755102041
vggss,C1,12345,best,4514,pGC5c8KiuOk_000020,0.16575255102040815
vggss,C1,12345,best,4515,pGnTEZvUcuo_000163,0.06733418367346941
vggss,C1,12345,best,4516,pH-qdjZgqis_000113,0.16079081632653064
vggss,C1,12345,best,4517,pHhY5aGpjnc_000039,0.007908163265306134
vggss,C1,12345,best,4518,pI2gLesgVes_000009,0.04801020408163266
vggss,C1,12345,best,4519,pIXtTgeKAbs_000183,0.19206632653061226
vggss,C1,12345,best,4520,pJnmT-ViaBk_000012,0.01204081632653059
vggss,C1,12345,best,4521,pK5UyBgIZQU_000071,-0.18812500000000001
vggss,C1,12345,best,4522,pKG3RMK__dc_000110,-0.10029336734693879
vggss,C1,12345,best,4523,pKt19mzJKCo_000243,0.07409438775510203
vggss,C1,12345,best,4524,pL4zRe6Purs_000070,-0.3238010204081633
vggss,C1,12345,best,4525,pMfpDNSFc-w_000009,0.3670663265306122
vggss,C1,12345,best,4526,pNin81AXlRY_000005,-0.04625
vggss,C1,12345,best,4527,pOvO5y-p550_000170,-0.1408035714285714
vggss,C1,12345,best,4528,pP0fJ64QFHE_000430,-0.0726658163265306
vggss,C1,12345,best,4529,pPiZRPr_htM_000098,0.01096938775510202
vggss,C1,12345,best,4530,pRm4t8VZxKw_000208,0.03878826530612243
vggss,C1,12345,best,4531,pSlVtxLOYiM_000050,0.011530612244897959
vggss,C1,12345,best,4532,pSzTPGlNa5U_000030,-0.07396683673469384
vggss,C1,12345,best,4533,pTY56E9D_cE_000154,0.23141581632653063
vggss,C1,12345,best,4534,pUn8YqN2meU_000009,0.08321428571428573
vggss,C1,12345,best,4535,pUn8YqN2meU_000059,-0.16309948979591837
vggss,C1,12345,best,4536,pVf84f6xrBw_000070,-0.10971938775510204
vggss,C1,12345,best,4537,pWLDewht-Kw_000156,-0.0019515306122448936
vggss,C1,12345,best,4538,pX0Jhk6e2Uw_000030,-0.321109693877551
vggss,C1,12345,best,4539,p_6nbBAJNxI_000032,0.18210459183673472
vggss,C1,12345,best,4540,p_dE26TA8ig_000030,-0.22982142857142857
vggss,C1,12345,best,4541,paCqw1LucVY_000005,-0.11114795918367348
vggss,C1,12345,best,4542,pawRXvTZnRo_000080,-0.04089285714285715
vggss,C1,12345,best,4543,pb1RbeEwwmc_000005,-0.07174744897959182
vggss,C1,12345,best,4544,pb1RbeEwwmc_000057,-0.21744897959183673
vggss,C1,12345,best,4545,pbVP6Z1c4_k_000420,0.38730867346938774
vggss,C1,12345,best,4546,pc-FTQNfxx0_000266,0.21926020408163266
vggss,C1,12345,best,4547,pcGbob7fSgE_000040,-0.10945153061224488
vggss,C1,12345,best,4548,pcbfKzW8zFI_000016,-0.18014030612244897
vggss,C1,12345,best,4549,pf00DOALuZ0_000275,0.025216836734693875
vggss,C1,12345,best,4550,pf00DOALuZ0_000293,-0.060267857142857165
vggss,C1,12345,best,4551,pfB7MFteFFY_000095,-0.26543367346938773
vggss,C1,12345,best,4552,pgQxDv8Iugo_000160,0.20705357142857145
vggss,C1,12345,best,4553,ph0-RkqW1vM_000000,0.23230867346938777
vggss,C1,12345,best,4554,phib36cTLiI_000062,0.273813775510204
vggss,C1,12345,best,4555,pi2Vyqa-wgE_000087,-0.10756377551020407
vggss,C1,12345,best,4556,pjuHVmcoVFc_000036,0.2307015306122449
vggss,C1,12345,best,4557,pjuyGQPd4S4_000039,-0.06494897959183675
vggss,C1,12345,best,4558,plfLL0Niy9k_000110,0.02829081632653061
vggss,C1,12345,best,4559,pljrosvt-o8_000017,-0.2889413265306122
vggss,C1,12345,best,4560,pmTVoCl7GB8_000002,-0.04700255102040815
vggss,C1,12345,best,4561,pmdoDcNBt0E_000030,-0.08989795918367349
vggss,C1,12345,best,4562,pnRvEfIkgSA_000013,0.08854591836734693
vggss,C1,12345,best,4563,pnsntPDPfxg_000064,0.1028316326530612
vggss,C1,12345,best,4564,pp4xXyiezA8_000020,-0.049770408163265306
vggss,C1,12345,best,4565,pt67dyEbwGY_000039,0.15335459183673467
vggss,C1,12345,best,4566,puQFxYICkII_000000,0.16316326530612246
vggss,C1,12345,best,4567,puWLQ77Iq74_000064,-0.1414158163265306
vggss,C1,12345,best,4568,puoRo9q7-ec_000009,-0.10783163265306123
vggss,C1,12345,best,4569,pv6hda1OnnI_000037,-0.3134821428571429
vggss,C1,12345,best,4570,px6RnApJYgk_000040,0.2767984693877551
vggss,C1,12345,best,4571,pxEmmUYLHrE_000030,0.12156887755102042
vggss,C1,12345,best,4572,pyDI0mBb2Gc_000005,0.0246173469387755
vggss,C1,12345,best,4573,pzRIDUOCOlA_000471,0.05380102040816327
vggss,C1,12345,best,4574,q0m71v7DDXc_000087,-0.036556122448979586
vggss,C1,12345,best,4575,q1gQRZ3Hi1I_000030,0.03418367346938775
vggss,C1,12345,best,4576,q221aOp6MDo_000022,-0.1721938775510204
vggss,C1,12345,best,4577,q221aOp6MDo_000033,0.3006632653061225
vggss,C1,12345,best,4578,q2ATPV_el44_000080,0.10901785714285711
vggss,C1,12345,best,4579,q3Q0g4kRlmU_000002,0.512844387755102
vggss,C1,12345,best,4580,q3W8UiycXe8_000340,-0.07456632653061226
vggss,C1,12345,best,4581,q3kIovi3flQ_000018,-0.3481505102040816
vggss,C1,12345,best,4582,q45BrzW-_xQ_000020,-0.14345663265306124
vggss,C1,12345,best,4583,q4pqpYX6b7U_000030,0.07858418367346937
vggss,C1,12345,best,4584,q797zkZNePo_000206,0.025051020408163267
vggss,C1,12345,best,4585,q7xg-g9opJY_000117,0.038813775510204054
vggss,C1,12345,best,4586,qAOjOLJDHYw_000030,0.014158163265306133
vggss,C1,12345,best,4587,qAQuljp-atA_000030,0.212640306122449
vggss,C1,12345,best,4588,qAyPuWeUDxc_000000,-0.06713010204081632
vggss,C1,12345,best,4589,qC9C5ejBrzg_000126,0.1878954081632653
vggss,C1,12345,best,4590,qCUcATSMC9M_000048,0.04706632653061225
vggss,C1,12345,best,4591,qDXFW2kemrE_000310,0.002971938775510205
vggss,C1,12345,best,4592,qEJ_jxZzt7k_000030,0.4423979591836735
vggss,C1,12345,best,4593,qEm2BSgblJ8_000101,0.1340688775510204
vggss,C1,12345,best,4594,qEtEMpphMK0_000223,0.06155612244897962
vggss,C1,12345,best,4595,qHDSQ2RC-sQ_000030,0.14427295918367344
vggss,C1,12345,best,4596,qIKzxOrcrhE_000016,0.060229591836734694
vggss,C1,12345,best,4597,qJCY09mrxtg_000216,0.24099489795918366
vggss,C1,12345,best,4598,qJT2h5uGAC0_000930,0.17192602040816327
vggss,C1,12345,best,4599,qK24rhShDUI_000098,0.1788392857142857
vggss,C1,12345,best,4600,qL-ifTe9Reg_000007,0.15649234693877553
vggss,C1,12345,best,4601,qLVjaU5V9f0_000150,-0.10779336734693878
vggss,C1,12345,best,4602,qMKO8bQpzMg_000090,-0.007448979591836713
vggss,C1,12345,best,4603,qNj8RLCaoL4_000446,-0.008022959183673474
vggss,C1,12345,best,4604,qPLJ0Gbu5D8_000013,-0.1820280612244898
vggss,C1,12345,best,4605,qPsoKSYzuyo_000010,-0.15235969387755102
vggss,C1,12345,best,4606,qRW1-q1SU5U_000043,0.012295918367346947
vggss,C1,12345,best,4607,qSSEMouWssA_000043,-0.03461734693877552
vggss,C1,12345,best,4608,qShzBJddv_s_000027,0.15072704081632654
vggss,C1,12345,best,4609,qUnSjSA4kK0_000526,0.1403316326530612
vggss,C1,12345,best,4610,qUvHb5szJfs_000060,0.32090561224489794
vggss,C1,12345,best,4611,qVT6GX1KHUY_000050,0.35056122448979593
vggss,C1,12345,best,4612,qV_QfHwVCVo_000016,-0.030216836734693886
vggss,C1,12345,best,4613,qViEyqjnY3M_000159,0.001594387755102046
vggss,C1,12345,best,4614,qVvAWkoLOz0_000108,-0.34128826530612244
vggss,C1,12345,best,4615,qW4kBJsudLI_000030,0.14889030612244897
vggss,C1,12345,best,4616,qWLvv_rrSH4_000030,0.2523341836734694
vggss,C1,12345,best,4617,qWo7zzrDqEU_000427,-0.10068877551020408
vggss,C1,12345,best,4618,qX0k93co9R0_000082,-0.05539540816326531
vggss,C1,12345,best,4619,qXedsy6pIEg_000002,-0.04302295918367348
vggss,C1,12345,best,4620,qY0tqG5jmfs_000043,-0.05374999999999999
vggss,C1,12345,best,4621,qYjhJeSVJ2A_000030,-0.05359693877551021
vggss,C1,12345,best,4622,qaZYMjKrUCo_000460,0.09596938775510205
vggss,C1,12345,best,4623,qae-O4JFM0M_000135,0.08591836734693876
vggss,C1,12345,best,4624,qazCqvKglIs_000203,-0.2017984693877551
vggss,C1,12345,best,4625,qbRZ67ynqp0_000050,-0.11880102040816326
vggss,C1,12345,best,4626,qcBV8r9ADAw_000108,0.24832908163265305
vggss,C1,12345,best,4627,qdfN5FWH1-E_000227,0.30442602040816324
vggss,C1,12345,best,4628,qe9i9yZsA_4_000040,0.08609693877551018
vggss,C1,12345,best,4629,qfCsJyj-gJo_000024,-0.5201530612244898
vggss,C1,12345,best,4630,qfhr7pKsEag_000030,0.12538265306122448
vggss,C1,12345,best,4631,qfwEfapK0go_000038,0.12766581632653062
vggss,C1,12345,best,4632,qhOBY9WjMU0_000381,-0.13567602040816326
vggss,C1,12345,best,4633,qhOaqSH-x5E_000030,-0.0707015306122449
vggss,C1,12345,best,4634,qhvy5UeP_fk_000007,-0.08543367346938778
vggss,C1,12345,best,4635,qhyrLOJ7LcQ_000440,-0.044579081632653055
vggss,C1,12345,best,4636,qigQFZRmydQ_000191,-0.13576530612244897
vggss,C1,12345,best,4637,qilVdOks5WY_000030,0.2689158163265306
vggss,C1,12345,best,4638,qjjP3COeDwk_000091,0.11238520408163266
vggss,C1,12345,best,4639,qkmZcE3ECqk_000066,-0.0764030612244898
vggss,C1,12345,best,4640,qkvIEmIRP4g_000030,0.17544642857142856
vggss,C1,12345,best,4641,qm0u7bsHQeI_000044,0.18025510204081632
vggss,C1,12345,best,4642,qnPXk4FMUhA_000037,-0.12725765306122452
vggss,C1,12345,best,4643,qnRL01qPRA4_000100,0.07923469387755103
vggss,C1,12345,best,4644,qo9E1wNhdvQ_000299,0.010599489795918376
vggss,C1,12345,best,4645,qoVQyvJcKkQ_000460,0.04743622448979592
vggss,C1,12345,best,4646,qrZAB7XymYU_000022,0.19525510204081634
vggss,C1,12345,best,4647,qrZAB7XymYU_000109,0.22737244897959188
vggss,C1,12345,best,4648,qu14BGKi1lc_000030,-0.04830357142857142
vggss,C1,12345,best,4649,qu3cJGVvvWs_000110,-0.15801020408163263
vggss,C1,12345,best,4650,qu3cJGVvvWs_000237,-0.06896683673469386
vggss,C1,12345,best,4651,qwoyjr7tSBA_000531,0.008367346938775527
vggss,C1,12345,best,4652,qxnBcZ0CETg_000171,-0.02051020408163265
vggss,C1,12345,best,4653,r-5NCjm4GlQ_000053,-0.20137755102040816
vggss,C1,12345,best,4654,r-QpsjA-LHo_000054,0.22191326530612246
vggss,C1,12345,best,4655,r0Xvr8maR34_000000,-0.08446428571428573
vggss,C1,12345,best,4656,r1am09HyMkA_000040,0.06562500000000002
vggss,C1,12345,best,4657,r1j1X3KJibM_000194,0.1914158163265306
vggss,C1,12345,best,4658,r38dp-thzOc_000206,-0.2822704081632653
vggss,C1,12345,best,4659,r3LmyYHbT4o_000005,-0.08017857142857145
vggss,C1,12345,best,4660,r3h6brMAl5w_000239,0.029999999999999992
vggss,C1,12345,best,4661,r4BoQxrLtic_000030,0.22110969387755103
vggss,C1,12345,best,4662,r6bYfNqe_iQ_000435,0.0804464285714286
vggss,C1,12345,best,4663,r6lXYeXskDA_000014,0.13229591836734694
vggss,C1,12345,best,4664,r8EDAvs9gLg_000027,-0.0869387755102041
vggss,C1,12345,best,4665,r93h4dD3XRU_000020,0.09215561224489796
vggss,C1,12345,best,4666,r9lsNndMDIU_000052,-0.18417091836734695
vggss,C1,12345,best,4667,rCB9BicDeyE_000056,0.0006505102040816335
vggss,C1,12345,best,4668,rCfU5yBlw7U_000108,-0.2115433673469388
vggss,C1,12345,best,4669,rFwJ2L-geWw_000030,-0.345484693877551
vggss,C1,12345,best,4670,rI99Dvpxo2w_000131,0.023290816326530614
vggss,C1,12345,best,4671,rIReA3dk0EA_000296,-0.038609693877551025
vggss,C1,12345,best,4672,rISwHbEC01M_000016,0.29091836734693877
vggss,C1,12345,best,4673,rKwsKLBKTIY_000059,-0.07723214285714286
vggss,C1,12345,best,4674,rLa17dibI70_000175,0.16048469387755102
vggss,C1,12345,best,4675,rLe9N0YyjqY_000006,-0.1974362244897959
vggss,C1,12345,best,4676,rLmNuF9xTPI_000030,0.08978316326530611
vggss,C1,12345,best,4677,rM0mOUPtSpU_000060,0.141109693877551
vggss,C1,12345,best,4678,rMrXgKbKssw_000051,-0.027920918367346934
vggss,C1,12345,best,4679,rMwYBw7zMmY_000073,-0.02256377551020411
vggss,C1,12345,best,4680,rNQ0EBdxPvM_000030,-0.007818877551020412
vggss,C1,12345,best,4681,rNyJbdv2KF4_000060,-0.07908163265306123
vggss,C1,12345,best,4682,rO0jmZHwV8Q_000120,-0.01176020408163265
vggss,C1,12345,best,4683,rOQt6_E-x_0_000000,0.06917091836734696
vggss,C1,12345,best,4684,rOolowH8rI4_000023,0.4213010204081633
vggss,C1,12345,best,4685,rPGgxEE2hjk_000091,0.14823979591836733
vggss,C1,12345,best,4686,rPGgxEE2hjk_000118,0.27625
vggss,C1,12345,best,4687,rQ3IPqTLi-I_000058,-0.09063775510204082
vggss,C1,12345,best,4688,rQUz1GGqc6E_000333,0.18286989795918368
vggss,C1,12345,best,4689,rREf2jL0jQs_000010,-0.0009438775510204125
vggss,C1,12345,best,4690,rRzWGIhwWAI_000030,-0.2408673469387755
vggss,C1,12345,best,4691,rTh92nlG9io_000030,-0.3141326530612245
vggss,C1,12345,best,4692,rUU-ScAcnW4_000030,0.008686224489795918
vggss,C1,12345,best,4693,rXHHLtG_iGQ_000562,-0.32678571428571423
vggss,C1,12345,best,4694,rYmiCpCbsm0_000020,0.1221683673469388
vggss,C1,12345,best,4695,raCETItMU_g_000299,0.26718112244897957
vggss,C1,12345,best,4696,raCIGB3B4mg_000271,0.007538265306122449
vggss,C1,12345,best,4697,raCIGB3B4mg_000286,-0.01762755102040818
vggss,C1,12345,best,4698,raIIQCRNwu0_000080,-0.3611479591836735
vggss,C1,12345,best,4699,rajXrf_Dzfw_000029,0.1586989795918367
vggss,C1,12345,best,4700,rcaxwyTo-E4_000150,0.08056122448979591
vggss,C1,12345,best,4701,rdVo1ikBoJA_000000,-0.04396683673469386
vggss,C1,12345,best,4702,res8Qtx-MHE_000020,0.0033418367346939037
vggss,C1,12345,best,4703,rf_2xYkZcM4_000030,0.1007015306122449
vggss,C1,12345,best,4704,rfa-iUp5UQc_000050,0.21084183673469392
vggss,C1,12345,best,4705,rg4bhfytF9A_000039,-0.34609693877551023
vggss,C1,12345,best,4706,rglibN33aks_000012,0.1915688775510204
vggss,C1,12345,best,4707,rgqJFceVM2I_000066,0.14137755102040817
vggss,C1,12345,best,4708,rhAwhUVsWRo_000005,0.37940051020408166
vggss,C1,12345,best,4709,rhT8kzRAEEM_000117,-0.2360714285714286
vggss,C1,12345,best,4710,rhWrIKdn8ic_000116,-0.03457908163265306
vggss,C1,12345,best,4711,rjGjz5DolWA_000030,0.22178571428571428
vggss,C1,12345,best,4712,rjYPJUBcoN8_000050,0.240765306122449
vggss,C1,12345,best,4713,rkMa9cC-zDQ_000022,0.01357142857142856
vggss,C1,12345,best,4714,rkQr7lgIjpY_000179,0.2930994897959184
vggss,C1,12345,best,4715,rkaM1yOncZ4_000000,-0.05178571428571427
vggss,C1,12345,best,4716,rmL21Z7wZuk_000020,0.6256887755102041
vggss,C1,12345,best,4717,rmzYDIM8xsM_000028,0.14266581632653064
vggss,C1,12345,best,4718,ro_xNfE2_8Q_000219,0.13057397959183675
vggss,C1,12345,best,4719,rpoClsGXZWA_000000,0.15062499999999998
vggss,C1,12345,best,4720,rq4oQdSxrnI_000079,0.0060331632653061185
vggss,C1,12345,best,4721,rqNRRqAjk6g_000533,-0.20410714285714288
vggss,C1,12345,best,4722,rrWsWt-rDrQ_000100,0.013954081632653062
vggss,C1,12345,best,4723,rtmgVQY5idQ_000004,0.10168367346938775
vggss,C1,12345,best,4724,ruK8QzIWrSY_000080,-0.028099489795918392
vggss,C1,12345,best,4725,rvjDcbLtU5I_000079,-0.005165816326530605
vggss,C1,12345,best,4726,rwka0Ui94-w_000235,0.17508928571428567
vggss,C1,12345,best,4727,rwmtZb4cEiY_000031,0.051160714285714295
vggss,C1,12345,best,4728,ryWnOaICR80_000014,0.15176020408163263
vggss,C1,12345,best,4729,ryskM4LGrtk_000530,-0.3240051020408163
vggss,C1,12345,best,4730,rzxqz7XqLHA_000220,0.0817729591836735
vggss,C1,12345,best,4731,s-5NrplJjlg_000383,-0.08422193877551022
vggss,C1,12345,best,4732,s2N0szde6QA_000196,-0.16664540816326529
vggss,C1,12345,best,4733,s2avsLDhTUM_000062,0.15674744897959184
vggss,C1,12345,best,4734,s2rKr07YOiM_000110,-0.022908163265306106
vggss,C1,12345,best,4735,s477WHLPoOU_000000,-0.29470663265306124
vggss,C1,12345,best,4736,s5YKy0zJOIk_000040,0.0778826530612245
vggss,C1,12345,best,4737,s87IYYmn1fQ_000060,-0.3460204081632653
vggss,C1,12345,best,4738,s9EclzUqn9o_000157,-0.07043367346938775
vggss,C1,12345,best,4739,s9GDIk99v54_000045,-0.3600382653061225
vggss,C1,12345,best,4740,s9PftT7RgGo_000135,-0.05533163265306122
vggss,C1,12345,best,4741,s9d-2nhuJCQ_000030,-0.41765306122448975
vggss,C1,12345,best,4742,sAL3qAUtF20_000101,-0.06734693877551022
vggss,C1,12345,best,4743,sAMjMyCdGOc_000030,-0.15776785714285715
vggss,C1,12345,best,4744,sE7fflraCpY_000009,-0.02473214285714285
vggss,C1,12345,best,4745,sFhwuCH4-J8_000200,0.1497448979591837
vggss,C1,12345,best,4746,sH9j4mHGGkQ_000120,-0.19686224489795917
vggss,C1,12345,best,4747,sI2qIWCfEJ8_000025,0.09471938775510204
vggss,C1,12345,best,4748,sI5ZziqZ9jI_000030,-0.1853571428571429
vggss,C1,12345,best,4749,sIvDDObKvoI_000130,-0.07969387755102042
vggss,C1,12345,best,4750,sK43mohcBSA_000077,0.25941326530612246
vggss,C1,12345,best,4751,sNuctsHhAJg_000047,-0.03243622448979594
vggss,C1,12345,best,4752,sP0anQjatZQ_000032,-0.10821428571428572
vggss,C1,12345,best,4753,sQ3NiBJoqtc_000112,-0.03096938775510205
vggss,C1,12345,best,4754,sQNdEhz_yNg_000110,0.13512755102040816
vggss,C1,12345,best,4755,sRKyvq20rY4_000002,-0.20205357142857144
vggss,C1,12345,best,4756,sS4SfCOFWxw_000030,0.0828954081632653
vggss,C1,12345,best,4757,sUktuuWltHc_000010,0.07035714285714284
vggss,C1,12345,best,4758,sWXpzTZWNAI_000030,-0.042742346938775516
vggss,C1,12345,best,4759,sYIymaJi6tc_000090,-0.11596938775510207
vggss,C1,12345,best,4760,sZxl2Jj1Ujk_000317,0.07220663265306122
vggss,C1,12345,best,4761,sbZ5Ls141fg_000030,0.029132653061224485
vggss,C1,12345,best,4762,sbkfFiRlJXc_000021,0.3855484693877551
vggss,C1,12345,best,4763,sbpW3Z87Nbc_000030,0.1194387755102041
vggss,C1,12345,best,4764,sdJgpGJBQcI_000560,0.06406887755102042
vggss,C1,12345,best,4765,sg_uyXvNPAw_000047,0.2133801020408163
vggss,C1,12345,best,4766,sgkwq9a7mgU_000000,-0.31781887755102045
vggss,C1,12345,best,4767,skSyu-Q5nZI_000000,0.3773341836734694
vggss,C1,12345,best,4768,smJRVhMRxIQ_000007,0.18832908163265308
vggss,C1,12345,best,4769,snR9TvRupjU_000000,-0.031530612244897976
vggss,C1,12345,best,4770,sosmMya-v6k_000782,-0.03151785714285713
vggss,C1,12345,best,4771,st6A74RGLmY_000037,0.020561224489795926
vggss,C1,12345,best,4772,svnqpdO-7fc_000066,-0.033494897959183687
vggss,C1,12345,best,4773,sxP8Z_FiKw8_000030,0.38559948979591835
vggss,C1,12345,best,4774,syIwNMo2TUA_000000,-0.010216836734693868
vggss,C1,12345,best,4775,syJs8zsdI8o_000034,0.15123724489795917
vggss,C1,12345,best,4776,syn7nPwCkGU_000013,0.3734693877551021
vggss,C1,12345,best,4777,t-6BSzXBNbM_000051,0.12711734693877552
vggss,C1,12345,best,4778,t-yy7v7P0IE_000100,-0.0410204081632653
vggss,C1,12345,best,4779,t0E2aNbebu0_000010,-0.17985969387755105
vggss,C1,12345,best,4780,t1nkAcgSC3E_000205,0.04988520408163264
vggss,C1,12345,best,4781,t4h65x4f46I_000049,0.24473214285714287
vggss,C1,12345,best,4782,t5kpBQv8trY_000015,-0.7038137755102041
vggss,C1,12345,best,4783,t6jlx6jAb-Q_000070,0.1004591836734694
vggss,C1,12345,best,4784,t8BwqzzqcDs_000108,0.16516581632653063
vggss,C1,12345,best,4785,t9PEpPvVNzI_000310,0.05044642857142856
vggss,C1,12345,best,4786,tB67geb0fVg_000063,0.10316326530612245
vggss,C1,12345,best,4787,tFVvupXoRoM_000030,-0.36343112244897957
vggss,C1,12345,best,4788,tGKi7ueROn8_000197,-0.04891581632653061
vggss,C1,12345,best,4789,tGhxTy-CjV8_000010,-0.007500000000000007
vggss,C1,12345,best,4790,tHOs4zebKis_000270,0.10871173469387754
vggss,C1,12345,best,4791,tI5h94hKdVs_000005,0.15102040816326529
vggss,C1,12345,best,4792,tIPnM_oW39U_000173,-0.2644770408163265
vggss,C1,12345,best,4793,tJT4SruI5Hs_000018,0.17665816326530615
vggss,C1,12345,best,4794,tJeSG7_rM2I_000257,-0.11839285714285713
vggss,C1,12345,best,4795,tMXsrzj5YYA_000030,0.09209183673469387
vggss,C1,12345,best,4796,tMeM2z6NCL4_000030,-0.2173341836734694
vggss,C1,12345,best,4797,tOTQJaRkmaY_000381,-0.310969387755102
vggss,C1,12345,best,4798,tPE0GmzqkRY_000030,0.15664540816326533
vggss,C1,12345,best,4799,tQi00qSZC60_000031,-0.10858418367346942
vggss,C1,12345,best,4800,tRYgfHwu-_U_000019,0.38496173469387757
vggss,C1,12345,best,4801,tRsClUJDxCQ_000029,-0.076109693877551
vggss,C1,12345,best,4802,tSX2jYLgPng_000030,0.18016581632653061
vggss,C1,12345,best,4803,tWi-PtHOMSE_000178,-0.12966836734693876
vggss,C1,12345,best,4804,tXLaQKRWM8I_000000,0.16322704081632652
vggss,C1,12345,best,4805,tYCgvipu3ko_000043,-0.04892857142857143
vggss,C1,12345,best,4806,tYEIYOHYtso_000000,-0.03940051020408164
vggss,C1,12345,best,4807,tZFs-kLTpyg_000003,-0.20743622448979593
vggss,C1,12345,best,4808,t_RxQe51MVo_000010,-0.17121173469387754
vggss,C1,12345,best,4809,t_nChjR23qA_000031,0.14113520408163266
vggss,C1,12345,best,4810,t_nChjR23qA_000109,-0.2649362244897959
vggss,C1,12345,best,4811,tagcgGVNKZo_000023,0.2972193877551021
vggss,C1,12345,best,4812,tcZ7hytrOO4_000319,0.07766581632653062
vggss,C1,12345,best,4813,te8Yhl8mOyY_000040,0.1614923469387755
vggss,C1,12345,best,4814,telZ8Dc0i_M_000294,-0.08875000000000001
vggss,C1,12345,best,4815,teoER4j9H14_000290,0.1212372448979592
vggss,C1,12345,best,4816,tf7iVpC0nrU_000337,-0.18220663265306122
vggss,C1,12345,best,4817,tgPq6ApMOWk_000028,-0.3030357142857143
vggss,C1,12345,best,4818,tgRjq29TIJo_000010,-0.09485969387755101
vggss,C1,12345,best,4819,ti2rs-r9r3A_000001,0.2098214285714286
vggss,C1,12345,best,4820,ti2rs-r9r3A_000110,0.13140306122448978
vggss,C1,12345,best,4821,tiMD7FdhbPo_000050,0.11790816326530612
vggss,C1,12345,best,4822,tjKzkajbKc0_000030,-0.10442602040816326
vggss,C1,12345,best,4823,tk1WqHXdPuY_000015,0.22825255102040815
vggss,C1,12345,best,4824,tkq3HREJFi8_000071,-0.2903316326530612
vggss,C1,12345,best,4825,tlFgdrl3NQA_000065,0.1537372448979592
vggss,C1,12345,best,4826,tlovZjft0Gw_000245,-0.14693877551020407
vggss,C1,12345,best,4827,tm0Em1IlvsA_000318,-0.034591836734693876
vggss,C1,12345,best,4828,tnepPZChA5U_000219,-0.08000000000000002
vggss,C1,12345,best,4829,toTu8BntJPg_000017,0.14591836734693875
vggss,C1,12345,best,4830,tpXTRVMDYsw_000041,0.07737244897959183
vggss,C1,12345,best,4831,tpbdbCtj86c_000021,-0.3554464285714286
vggss,C1,12345,best,4832,tpkiIAELa1k_000071,0.19603316326530612
vggss,C1,12345,best,4833,tptTsP3_G3w_000834,-0.05584183673469388
vggss,C1,12345,best,4834,tq3Hlgw2ZB0_000180,0.006811224489795917
vggss,C1,12345,best,4835,trg8QrMK6dc_000002,-0.1800637755102041
vggss,C1,12345,best,4836,tsKGLd-n3HI_000025,-0.035931122448979586
vggss,C1,12345,best,4837,tu3g4ZBt3o0_000030,-0.3475255102040816
vggss,C1,12345,best,4838,tw3R0zsmGho_000003,0.08030612244897961
vggss,C1,12345,best,4839,twvjW7ymUIQ_004159,-0.06520408163265307
vggss,C1,12345,best,4840,tyjP12Yob3I_000044,0.07049744897959181
vggss,C1,12345,best,4841,u-VdtPI08UM_000004,0.03498724489795918
vggss,C1,12345,best,4842,u-__x3dDLSs_000047,-0.16744897959183674
vggss,C1,12345,best,4843,u0LKPT1u1E8_000039,0.03955357142857144
vggss,C1,12345,best,4844,u0VZUjxb4p8_000157,-0.038928571428571423
vggss,C1,12345,best,4845,u0Ys0J4rvFQ_000023,-0.06627551020408164
vggss,C1,12345,best,4846,u0aPBeSCVvI_000000,-0.22385204081632654
vggss,C1,12345,best,4847,u1J8YFkRSEs_000145,0.3782142857142857
vggss,C1,12345,best,4848,u1WvUkJWLjI_000020,0.01868622448979592
vggss,C1,12345,best,4849,u2Nl7-qnStw_000026,0.12626275510204082
vggss,C1,12345,best,4850,u3fTQHv01rE_000163,-0.18137755102040817
vggss,C1,12345,best,4851,u3lR-6BMyiQ_000278,0.12200255102040816
vggss,C1,12345,best,4852,u5rQmh0SE1g_000102,0.135765306122449
vggss,C1,12345,best,4853,u7eeBFLqfoM_000180,-0.04637755102040816
vggss,C1,12345,best,4854,u7iDdlWkmAk_000023,0.2370280612244898
vggss,C1,12345,best,4855,u8D5Z_glilQ_000001,0.008941326530612262
vggss,C1,12345,best,4856,uA6Ycad4cLg_000173,-0.2774362244897959
vggss,C1,12345,best,4857,uAcYglB_pRw_000390,0.05176020408163266
vggss,C1,12345,best,4858,uBRNy4AKKqA_000026,0.005140306122448989
vggss,C1,12345,best,4859,uBRRkjFZnJ8_000091,-0.2722704081632653
vggss,C1,12345,best,4860,uCWzv5Ss-B0_000030,-0.12825255102040817
vggss,C1,12345,best,4861,uEVID59IoHE_000030,0.021313775510204074
vggss,C1,12345,best,4862,uEtmoOj6wHY_000086,0.11306122448979591
vggss,C1,12345,best,4863,uG4Y4HedL60_000015,0.3651785714285714
vggss,C1,12345,best,4864,uH56Q1Cn8vs_000028,-0.16778061224489793
vggss,C1,12345,best,4865,uInycnRkFYk_000051,0.2800382653061224
vggss,C1,12345,best,4866,uJkw2pAMaBI_000020,-0.1354081632653061
vggss,C1,12345,best,4867,uLX_TWyRO4o_000013,-0.2738520408163265
vggss,C1,12345,best,4868,uLdRi__nG2c_000030,0.25035714285714283
vggss,C1,12345,best,4869,uNDLAH1xjO4_000095,0.4381887755102041
vggss,C1,12345,best,4870,uPUk0gCy-OA_000084,0.2463392857142857
vggss,C1,12345,best,4871,uR0W234PpW4_000017,-0.12020408163265306
vggss,C1,12345,best,4872,uRpkjgpWS4Y_000008,-0.16846938775510203
vggss,C1,12345,best,4873,uRyLEBGX5ag_000020,0.09488520408163265
vggss,C1,12345,best,4874,uSRcSa1-d5o_000098,0.06650510204081633
vggss,C1,12345,best,4875,uWUAuCEknZ8_000067,0.025663265306122465
vggss,C1,12345,best,4876,ub4VKXpuZds_000030,0.03220663265306123
vggss,C1,12345,best,4877,ueKKohFYF8g_000000,0.09341836734693879
vggss,C1,12345,best,4878,uercY3R8Tjc_000361,0.019617346938775523
vggss,C1,12345,best,4879,uh5D5Uuteew_000074,-0.07295918367346937
vggss,C1,12345,best,4880,uhmXridEbTs_000494,0.17033163265306123
vggss,C1,12345,best,4881,uiEid6SosC8_000014,0.4437117346938775
vggss,C1,12345,best,4882,uiLrE9GB0Uw_000023,-0.007066326530612253
vggss,C1,12345,best,4883,ukYd1nfdJlM_000060,0.2164795918367347
vggss,C1,12345,best,4884,uki8gvAywnU_000125,0.013762755102040836
vggss,C1,12345,best,4885,ulQVPou-bTw_000003,0.21163265306122447
vggss,C1,12345,best,4886,um-biLfru-c_000009,0.07080357142857144
vggss,C1,12345,best,4887,umrpCv0-Ii4_000030,-0.13315051020408164
vggss,C1,12345,best,4888,unZVgi2s9w8_000015,-0.1384438775510204
vggss,C1,12345,best,4889,urZASbmHOO8_000130,-0.22267857142857142
vggss,C1,12345,best,4890,usAbPEHJsdI_000080,-0.005216836734693864
vggss,C1,12345,best,4891,uvlhlXGMPos_000030,0.09936224489795917
vggss,C1,12345,best,4892,ux7HhOxMRE4_000020,0.3303698979591837
vggss,C1,12345,best,4893,uz-_ROIn0bM_000035,0.07223214285714288
vggss,C1,12345,best,4894,v-J-jzNonoY_000040,0.21042091836734694
vggss,C1,12345,best,4895,v-wAote9cyA_000001,0.01599489795918369
vggss,C1,12345,best,4896,v0L5_nBtMpk_000001,0.03554846938775513
vggss,C1,12345,best,4897,v0a6jM7PALg_000239,0.260140306122449
vggss,C1,12345,best,4898,v3nzRrcUBZk_000052,0.11237244897959184
vggss,C1,12345,best,4899,v41-hFzfeRs_000009,-0.01758928571428571
vggss,C1,12345,best,4900,v44s14ocMV4_000033,-0.04016581632653059
vggss,C1,12345,best,4901,v5IM8bUpeP8_000030,0.2011607142857143
vggss,C1,12345,best,4902,v6A7Iggebm4_000180,0.009056122448979576
vggss,C1,12345,best,4903,v6mv66B4zXc_000013,0.0630484693877551
vggss,C1,12345,best,4904,v7Jaa5ztvgs_000011,-0.21725765306122446
vggss,C1,12345,best,4905,v7RnP9pIjwU_000343,0.19692602040816326
vggss,C1,12345,best,4906,v8E9cP0aWTs_000050,-0.19468112244897962
vggss,C1,12345,best,4907,v9A68q_iQqo_000020,-0.014910714285714284
vggss,C1,12345,best,4908,vConpHixES0_000090,-0.0019770408163265404
vggss,C1,12345,best,4909,vCsS20WJfBI_000030,-0.0006505102040816266
vggss,C1,12345,best,4910,vE_dAmxPPLY_000070,0.08582908163265307
vggss,C1,12345,best,4911,vEvvRfuVk30_000108,0.33011479591836734
vggss,C1,12345,best,4912,vGxfIpG97dU_000030,-0.015714285714285722
vggss,C1,12345,best,4913,vJ29SrUu6n4_000036,-0.35298469387755105
vggss,C1,12345,best,4914,vJG_xzuu7M4_000100,-0.30214285714285716
vggss,C1,12345,best,4915,vORveL941KQ_000010,0.108125
vggss,C1,12345,best,4916,vOzH8Cfagng_000054,-0.11260204081632652
vggss,C1,12345,best,4917,vS5cYNOFeBs_000012,0.08216836734693878
vggss,C1,12345,best,4918,vS5cYNOFeBs_000036,-0.12802295918367348
vggss,C1,12345,best,4919,vUui_D_rT9c_000034,0.08889030612244898
vggss,C1,12345,best,4920,vVItJE6Djsk_000054,0.05191326530612246
vggss,C1,12345,best,4921,vVle7Qb4tDU_000056,0.3798086734693878
vggss,C1,12345,best,4922,vXBBhgvMCkM_000210,-0.15530612244897957
vggss,C1,12345,best,4923,vY7O2jWCWdQ_000374,-0.13590561224489794
vggss,C1,12345,best,4924,v_oFiTzjGN8_000010,0.09747448979591833
vggss,C1,12345,best,4925,vaErFk6zS30_000044,0.105
vggss,C1,12345,best,4926,vcZ3gN9ZRcA_000100,-0.1704209183673469
vggss,C1,12345,best,4927,vchsE_Dn7mo_000112,0.045497448979591855
vggss,C1,12345,best,4928,vchsE_Dn7mo_000147,0.19418367346938775
vggss,C1,12345,best,4929,vd2Ov9nGycg_000031,-0.356186224489796
vggss,C1,12345,best,4930,vf6_C1USc60_000280,0.09751275510204083
vggss,C1,12345,best,4931,vf8cYm5yVy4_000026,-0.14011479591836734
vggss,C1,12345,best,4932,vfIylWPACmg_000077,-0.11061224489795918
vggss,C1,12345,best,4933,vfIylWPACmg_000088,0.21334183673469387
vggss,C1,12345,best,4934,vfVD4eZ5Nvs_000009,-0.18181122448979595
vggss,C1,12345,best,4935,vg92QEL4w4I_000419,-0.4551275510204082
vggss,C1,12345,best,4936,vh8Uh1zTLQw_000035,0.09640306122448979
vggss,C1,12345,best,4937,vh8Uh1zTLQw_000058,0.1019642857142857
vggss,C1,12345,best,4938,vhUM-UOKpSk_000053,0.027516530935689773
vggss,C1,12345,best,4939,vjx-jzh9q7U_000189,0.2969642857142857
vggss,C1,12345,best,4940,vkxPLFRLAy0_000000,0.07035714285714285
vggss,C1,12345,best,4941,vlVN2yCot7M_000170,0.07665816326530613
vggss,C1,12345,best,4942,vmBkZflwViA_000010,0.17465561224489798
vggss,C1,12345,best,4943,vmQcsFtmxG8_000000,-0.026811224489795935
vggss,C1,12345,best,4944,vnvMxxgYlgo_000200,0.05892857142857143
vggss,C1,12345,best,4945,vpyjAR_k70Y_000066,-0.14655612244897964
vggss,C1,12345,best,4946,vq4jQd5-PL0_000030,-0.15460459183673472
vggss,C1,12345,best,4947,vuGwgfWdi5Q_000000,0.12783163265306122
vggss,C1,12345,best,4948,vwAXcR6wRuQ_000010,0.1584183673469388
vggss,C1,12345,best,4949,vw_q2SV_YOY_000130,-0.09914540816326531
vggss,C1,12345,best,4950,vzY4mHyr-F8_000214,-0.22868622448979592
vggss,C1,12345,best,4951,vzqv9lqcdkg_000060,0.07112244897959186
vggss,C1,12345,best,4952,w-5phSpjv8E_000018,-0.18807397959183675
vggss,C1,12345,best,4953,w1-Rli9XnlI_000068,0.3258163265306122
vggss,C1,12345,best,4954,w2vMywh5Nto_000010,-0.02519132653061225
vggss,C1,12345,best,4955,w5qf9O6c20o_000030,0.22937499999999997
vggss,C1,12345,best,4956,w6h01lI5TKQ_000035,0.2830867346938776
vggss,C1,12345,best,4957,wCPEfqnHzNc_000067,0.21521683673469388
vggss,C1,12345,best,4958,wDg2v3NuCoQ_000075,-0.06946428571428573
vggss,C1,12345,best,4959,wFmekjmLAp4_000030,0.16628826530612245
vggss,C1,12345,best,4960,wGcq9cUby6A_000044,-0.04753826530612246
vggss,C1,12345,best,4961,wGms6MZt-vU_000040,-0.07794642857142857
vggss,C1,12345,best,4962,wKvTE7MmPHs_000031,-0.1745280612244898
vggss,C1,12345,best,4963,wNG49_jvQto_000030,-0.08281887755102041
vggss,C1,12345,best,4964,wOzgCyoi9l8_000006,-0.2543877551020408
vggss,C1,12345,best,4965,wOzgCyoi9l8_000074,0.31670918367346934
vggss,C1,12345,best,4966,wPfv8ifzzyg_000030,-0.08772959183673468
vggss,C1,12345,best,4967,wTN2MR0oMZ0_000032,0.07609693877551021
vggss,C1,12345,best,4968,wTduj6YOVuU_000010,0.0662627551020408
vggss,C1,12345,best,4969,wVVBhbrnj9s_000040,0.24102040816326528
vggss,C1,12345,best,4970,w_z9oSn-eIM_000280,-0.03794642857142856
vggss,C1,12345,best,4971,waqwL6fKEE4_000120,-0.2925
vggss,C1,12345,best,4972,wauLTa8cx-Y_000159,0.13762755102040813
vggss,C1,12345,best,4973,weFQftCey64_000087,-0.030331632653061224
vggss,C1,12345,best,4974,wfRWvI16wxw_000047,-0.019132653061224525
vggss,C1,12345,best,4975,wfRWvI16wxw_000086,0.17332908163265304
vggss,C1,12345,best,4976,wgT4rbZ5kvc_000022,0.30051020408163265
vggss,C1,12345,best,4977,whdTql5vKno_000711,0.2511607142857143
vggss,C1,12345,best,4978,wiOUhsE48-g_000461,-0.27133928571428567
vggss,C1,12345,best,4979,wibHmlHjDt8_000175,0.29776785714285714
vggss,C1,12345,best,4980,wjLClGwjeIU_000114,-0.04817602040816327
vggss,C1,12345,best,4981,wjmMSonpdT0_000030,-0.13309948979591835
vggss,C1,12345,best,4982,wm4O1oQKpcU_000073,0.2276785714285714
vggss,C1,12345,best,4983,wmQyktOSKv4_000030,-0.2283545918367347
vggss,C1,12345,best,4984,wmStqt_0Ja4_000192,0.14938775510204083
vggss,C1,12345,best,4985,wnQskk_yWkI_000011,0.0026147959183673436
vggss,C1,12345,best,4986,wnpgfk58Ws8_000039,0.16534438775510205
vggss,C1,12345,best,4987,woWw2_6KmN0_000004,0.06812499999999999
vggss,C1,12345,best,4988,wq2BsXHkz4E_000378,-0.0624234693877551
vggss,C1,12345,best,4989,wtvKeNPMwPk_000066,0.14006377551020407
vggss,C1,12345,best,4990,wuIdKobdk7g_000017,-0.2531122448979592
vggss,C1,12345,best,4991,wurA98TaEr4_000031,0.12330357142857144
vggss,C1,12345,best,4992,wy5edFMFcyM_000370,0.11411989795918369
vggss,C1,12345,best,4993,wyhurCZbKQU_000030,0.03714285714285713
vggss,C1,12345,best,4994,x-mRAs2I2D8_000045,0.17206632653061227
vggss,C1,12345,best,4995,x-t8155hXt4_000080,0.45061224489795915
vggss,C1,12345,best,4996,x0-ldlMh_TE_000024,0.09247448979591838
vggss,C1,12345,best,4997,x0fI4QXOz9M_000030,-0.22067602040816328
vggss,C1,12345,best,4998,x1BSrucmESI_000039,0.10563775510204083
vggss,C1,12345,best,4999,x1x54MgStxQ_000130,0.3841581632653061
vggss,C1,12345,best,5000,x50I2W-Ahek_000241,-0.005127551020408183
vggss,C1,12345,best,5001,x9MU-enAr8A_000257,-0.18165816326530612
vggss,C1,12345,best,5002,x9gE-IPfg3M_000080,-0.29006377551020407
vggss,C1,12345,best,5003,xAJtCxlsvGg_000084,-0.12644132653061227
vggss,C1,12345,best,5004,xA_YD_b7EdA_000040,-0.1934566326530612
vggss,C1,12345,best,5005,xAmYnybedFw_000117,0.1417219387755102
vggss,C1,12345,best,5006,xB2jrWz3N8E_000042,0.2429081632653061
vggss,C1,12345,best,5007,xHPKvUzFmrA_000092,0.04961734693877551
vggss,C1,12345,best,5008,xHnIZIPMRNg_000041,-0.2312372448979592
vggss,C1,12345,best,5009,xJq5BhrKS4A_000007,-0.026466836734693883
vggss,C1,12345,best,5010,xMhM0NkLJ5A_000189,0.0012499999999999976
vggss,C1,12345,best,5011,xN-nKHyKx3E_000504,-0.03956632653061225
vggss,C1,12345,best,5012,xNoaAN29jXQ_000351,0.1433545918367347
vggss,C1,12345,best,5013,xPNQ_MQjp0g_000048,0.1582780612244898
vggss,C1,12345,best,5014,xQTPEQDb0Gg_000030,-0.2949234693877551
vggss,C1,12345,best,5015,xS0uJ2FiPIQ_000004,0.25450255102040814
vggss,C1,12345,best,5016,xUh3zW3bkNU_000005,-0.030153061224489797
vggss,C1,12345,best,5017,xV7nHX2RLjQ_000153,-0.14919642857142856
vggss,C1,12345,best,5018,xXGIKM4daMU_000030,0.16825255102040818
vggss,C1,12345,best,5019,xX_x4lBDBVU_000042,-0.014221938775510208
vggss,C1,12345,best,5020,xXz-ENUCuT0_000201,-0.07040816326530612
vggss,C1,12345,best,5021,xZF-QuI4roY_000474,0.10428571428571427
vggss,C1,12345,best,5022,xZjbiCtvuNU_000896,0.28739795918367345
vggss,C1,12345,best,5023,x_5t0os3A2I_000009,-0.13987244897959183
vggss,C1,12345,best,5024,x_5t0os3A2I_000025,0.2547704081632653
vggss,C1,12345,best,5025,x_CFMV_BSPE_000212,0.0062244897959183865
vggss,C1,12345,best,5026,x_i_FLv7pNA_000021,0.060829081632653076
vggss,C1,12345,best,5027,x_v89ZU2Zsk_000193,0.002653061224489786
vggss,C1,12345,best,5028,xanOeYcQpcM_000020,-0.28376275510204085
vggss,C1,12345,best,5029,xbD2eVjgebU_000001,-0.14577806122448977
vggss,C1,12345,best,5030,xbD9dc3D4tw_000034,-0.11528061224489797
vggss,C1,12345,best,5031,xbpucbIm_2Y_000100,-0.01565051020408164
vggss,C1,12345,best,5032,xcATi4rdSu8_000002,0.028392857142857164
vggss,C1,12345,best,5033,xcYIvw3nMLE_000000,-0.2363137755102041
vggss,C1,12345,best,5034,xcpTytjZNoQ_000135,0.14210459183673468
vggss,C1,12345,best,5035,xdcjFp3L0FE_000003,0.44440051020408156
vggss,C1,12345,best,5036,xfSN6wDm41o_000290,0.031785714285714306
vggss,C1,12345,best,5037,xhy_lrB3Ueo_000030,-0.029885204081632658
vggss,C1,12345,best,5038,xiTI9orA7SA_000021,-0.02447704081632652
vggss,C1,12345,best,5039,xjgC2ajAK0M_000001,0.09996173469387756
vggss,C1,12345,best,5040,xkm6iX4LUcQ_000182,-0.2789285714285714
vggss,C1,12345,best,5041,xl31V1yQ2Dw_000059,0.19348214285714285
vggss,C1,12345,best,5042,xoXTlNWkC7w_000170,-0.6846173469387755
vggss,C1,12345,best,5043,xohOGGDgwZ8_000024,-0.033864795918367344
vggss,C1,12345,best,5044,xohrYDd1KCU_000140,-0.576186224489796
vggss,C1,12345,best,5045,xqhQTB860Lc_000036,-0.002015306122448976
vggss,C1,12345,best,5046,xtU4NZPuylU_000000,-0.033915816326530616
vggss,C1,12345,best,5047,xuMBy2NoROI_000030,0.14971938775510205
vggss,C1,12345,best,5048,xv3l1Blx6JQ_000250,-0.46614795918367347
vggss,C1,12345,best,5049,xvVz2LbGiMM_000167,-0.24372448979591838
vggss,C1,12345,best,5050,xvuvBU9es1Y_000516,-0.039859693877551026
vggss,C1,12345,best,5051,xwDJy7bJurM_000277,0.09897959183673466
vggss,C1,12345,best,5052,y-3Z8vypfDs_000038,-0.2897831632653061
vggss,C1,12345,best,5053,y0TDJyuco0I_000010,0.028775510204081638
vggss,C1,12345,best,5054,y0d6Crj5U8g_000069,0.17270408163265305
vggss,C1,12345,best,5055,y1DgTYLdesA_000136,-0.06302295918367345
vggss,C1,12345,best,5056,y2c2SzM2Mng_000054,0.1641198979591837
vggss,C1,12345,best,5057,y3b46Xk89rM_000114,-0.04452806122448978
vggss,C1,12345,best,5058,y4T4YGZKamk_000240,0.13622448979591836
vggss,C1,12345,best,5059,y6jT3Q3gyvs_000012,0.06761479591836735
vggss,C1,12345,best,5060,y7BjYF0OAv0_000237,-0.13776785714285714
vggss,C1,12345,best,5061,y7mhiv2Ltc4_000070,-0.11706632653061225
vggss,C1,12345,best,5062,y8Gfi9gGPRc_000248,-0.06516581632653061
vggss,C1,12345,best,5063,y8Yv4pnO7qc_000030,0.018303571428571433
vggss,C1,12345,best,5064,y9_9tveI1OY_000100,0.003877551020408161
vggss,C1,12345,best,5065,yGBSo4TDeTg_000029,0.14762755102040814
vggss,C1,12345,best,5066,yGeIkgt-Hr0_000019,0.1653954081632653
vggss,C1,12345,best,5067,yGeSIM_8BHY_000037,0.09637755102040818
vggss,C1,12345,best,5068,yIXMPZL2eSQ_000042,-0.06567602040816325
vggss,C1,12345,best,5069,yInXc5FJNyc_000119,0.07795918367346939
vggss,C1,12345,best,5070,yInXc5FJNyc_000129,0.15516581632653065
vggss,C1,12345,best,5071,yIx3ml9_nsQ_000060,-0.04397959183673469
vggss,C1,12345,best,5072,yJoELHadsvo_000030,0.12653061224489795
vggss,C1,12345,best,5073,yKKMhxuHcJ4_000041,-0.11447704081632652
vggss,C1,12345,best,5074,yLazKv68TeA_000078,0.08992346938775511
vggss,C1,12345,best,5075,yO5YnmljmoQ_000001,-0.0013265306122449
vggss,C1,12345,best,5076,yOP7z54BXYo_000030,0.09838010204081632
vggss,C1,12345,best,5077,yQa3SuKpfLE_000093,-0.2193622448979592
vggss,C1,12345,best,5078,yVZe2RGcZIE_000013,0.07803571428571426
vggss,C1,12345,best,5079,yXeKrbtMz2M_000010,-0.03676020408163267
vggss,C1,12345,best,5080,yc4mmvlO39M_000030,0.24493622448979596
vggss,C1,12345,best,5081,ycYXVLz9v3Y_000000,0.26798469387755103
vggss,C1,12345,best,5082,ycjnLHuYx7U_000035,-0.0006632653061224847
vggss,C1,12345,best,5083,ye0GZg0oR_I_000045,-0.22508928571428571
vggss,C1,12345,best,5084,yfQCVtm-1F8_000151,0.3362755102040817
vggss,C1,12345,best,5085,yfcMvoqT0iM_000073,-0.042882653061224484
vggss,C1,12345,best,5086,yjXeSP2y-Tw_000027,0.10465561224489796
vggss,C1,12345,best,5087,yk1pg24IRVo_000004,0.1411734693877551
vggss,C1,12345,best,5088,yl5ar5m-rk4_000091,-0.15917091836734693
vggss,C1,12345,best,5089,ymuNh7Cwhrs_000040,-0.3710331632653061
vggss,C1,12345,best,5090,ypOiMHz2Lz0_000000,0.04457908163265306
vggss,C1,12345,best,5091,yqKLtv30fcQ_000005,-0.03755102040816327
vggss,C1,12345,best,5092,yqVMoUeG_wA_000010,-0.11637755102040817
vggss,C1,12345,best,5093,yrOG_y_XhuA_000011,0.013813775510204074
vggss,C1,12345,best,5094,yrscqyUOIlI_000000,0.028915816326530605
vggss,C1,12345,best,5095,yuQhlkeLh5U_000051,-0.3574234693877551
vggss,C1,12345,best,5096,yvGSUZAf_CI_000230,-0.13542091836734693
vggss,C1,12345,best,5097,ywS3pG7yQfg_000161,0.06918367346938772
vggss,C1,12345,best,5098,yy0n-N17n04_000010,-0.19823979591836738
vggss,C1,12345,best,5099,yyqydavJ4YQ_000201,-0.35214285714285715
vggss,C1,12345,best,5100,yzG0xXcCRJA_000055,0.31891581632653065
vggss,C1,12345,best,5101,yzvEwiMw7Hk_000135,-0.08835459183673477
vggss,C1,12345,best,5102,z4HX8-du2nQ_000070,-0.24965561224489796
vggss,C1,12345,best,5103,z5-LFayciG8_000247,0.06021683673469388
vggss,C1,12345,best,5104,z6oOz1AYk7Y_000041,0.08015306122448976
vggss,C1,12345,best,5105,z6oqPB07X3o_000030,0.3388775510204082
vggss,C1,12345,best,5106,z6pCw302VWc_000098,-0.24312499999999998
vggss,C1,12345,best,5107,z7q3Ym9hxlA_000108,-0.1920280612244898
vggss,C1,12345,best,5108,z7rxl5KsPjs_000090,0.19729591836734695
vggss,C1,12345,best,5109,z7vNtEcM9Bk_000030,-0.10880102040816327
vggss,C1,12345,best,5110,z8Wjdss5uMg_000010,0.22003826530612242
vggss,C1,12345,best,5111,z8X-Xb03RIc_000016,-0.03543367346938776
vggss,C1,12345,best,5112,z9yN3i-Pa8k_000173,0.13719387755102042
vggss,C1,12345,best,5113,zAfVwdU7ARk_000250,0.03276785714285714
vggss,C1,12345,best,5114,zAgJRZWBQI8_000050,0.12978316326530612
vggss,C1,12345,best,5115,zBuVTpKmgQE_000020,-0.1282780612244898
vggss,C1,12345,best,5116,zD9Kgrva0RU_000013,-0.34293367346938775
vggss,C1,12345,best,5117,zJ2HcF4fRlY_000038,-0.2803061224489796
vggss,C1,12345,best,5118,zLfhRM6G0OU_000039,0.12989795918367347
vggss,C1,12345,best,5119,zLjGbjdmoOo_000074,-0.24309948979591833
vggss,C1,12345,best,5120,zM-nWQl3W6Y_000170,-0.06871173469387759
vggss,C1,12345,best,5121,zNydHH-46z0_000043,-0.6873852040816326
vggss,C1,12345,best,5122,zOMh7kh4gPQ_000004,0.17156887755102038
vggss,C1,12345,best,5123,zQ6QCEz5fPU_000057,-0.1507015306122449
vggss,C1,12345,best,5124,zUxqWMvjKBw_000099,-0.342155612244898
vggss,C1,12345,best,5125,zY2CAiwNJ6A_000030,-0.09747448979591836
vggss,C1,12345,best,5126,zY_gApMrhb0_000084,-0.19100765306122447
vggss,C1,12345,best,5127,zZQXakb7WSM_000009,-0.21076530612244898
vggss,C1,12345,best,5128,z_WasI8m3iM_000012,0.3842984693877551
vggss,C1,12345,best,5129,zayC5mUo7sY_000100,0.007946428571428583
vggss,C1,12345,best,5130,zcrQlstpqUI_000131,-0.05008928571428571
vggss,C1,12345,best,5131,zey5f-NjbtE_000002,0.12258928571428572
vggss,C1,12345,best,5132,zey5f-NjbtE_000201,0.2658673469387755
vggss,C1,12345,best,5133,zfWvVJbYaiU_000120,0.3025382653061225
vggss,C1,12345,best,5134,zgM0pD0JIqc_000000,0.1680357142857143
vggss,C1,12345,best,5135,zgM0pD0JIqc_000015,-0.0917984693877551
vggss,C1,12345,best,5136,zgR4fR2nPvM_000139,0.17732142857142857
vggss,C1,12345,best,5137,zh4tznWde1M_000330,-0.07133928571428572
vggss,C1,12345,best,5138,zi5NCXyuLMI_000230,0.05909438775510205
vggss,C1,12345,best,5139,zjRqBIxxdrg_000362,0.16502551020408163
vggss,C1,12345,best,5140,zk1GeJP6Y00_000000,-0.034591836734693876
vggss,C1,12345,best,5141,zmVhTFChkWI_000072,-0.19577806122448982
vggss,C1,12345,best,5142,znKsInR4DN0_000183,0.22679846938775508
vggss,C1,12345,best,5143,zoo7FpCz7F0_000332,-0.2782780612244898
vggss,C1,12345,best,5144,zpWuikVorYg_000032,0.33693877551020407
vggss,C1,12345,best,5145,zr88Jqze7_U_000034,-0.04077806122448978
vggss,C1,12345,best,5146,zrklTYnpE80_000098,-0.013176020408163278
vggss,C1,12345,best,5147,zrrM6Qg2Dwg_000030,0.027971938775510186
vggss,C1,12345,best,5148,zsZr_xJ7ECQ_000029,0.01924744897959184
vggss,C1,12345,best,5149,zt-j0_ZVzxg_000480,-0.027908163265306117
vggss,C1,12345,best,5150,ztfegVzqeCI_000030,-0.08969387755102043
vggss,C1,12345,best,5151,ztlvu_7eQIE_000164,0.22452806122448982
vggss,C1,12345,best,5152,zwBmiXviAAM_000202,0.15473214285714285
vggss,C1,12345,best,5153,zxd98l89Prk_000036,-0.037959183673469385
vggss,C1,12345,best,5154,zxpo56cpUBU_000007,0.05031887755102041
vggss,C1,12345,best,5155,zxxWGaZIxD0_000289,-0.02950255102040815
vggss,C1,12345,best,5156,zz0fdUGTHWo_000045,0.10954081632653062
vggss,C1,12345,best,5157,zzvCPtdNxNo_000068,0.0670280612244898
