dataset,group,seed,kind,sample_index,sample_id,rho_full_common,rho_full_specific,common_spatial_std,specific_spatial_std,common_specific_std_ratio
vggss,C3,12345,best,0,-0BIyqJj9ZU_000030,0.9794897959183674,0.04551020408163265,0.11847564049246946,0.017488987981793574,6.7742993828919795
vggss,C3,12345,best,1,-0UuUoXQUoI_000107,0.9854081632653061,0.5279591836734694,0.13699990694877606,0.027353010385452275,5.008586075836084
vggss,C3,12345,best,2,-2-wdcN5vOw_000017,0.9896938775510205,0.6946938775510204,0.13776737917943258,0.025429885112545327,5.417538402934734
vggss,C3,12345,best,3,-23CeprtibU_000030,0.9531632653061225,0.521734693877551,0.06176472209235551,0.01983163541188796,3.1144542953492884
vggss,C3,12345,best,4,-2Dm0VjW8oM_000001,0.9853061224489796,0.8629591836734694,0.13750916106106664,0.04254944249117545,3.231750006820545
vggss,C3,12345,best,5,-2sOH8XovEE_000484,0.9872448979591837,0.5139795918367347,0.10965619102543732,0.017471322504031436,6.2763532068127414
vggss,C3,12345,best,6,-3Kv4fdm7Uk_000030,0.976326530612245,0.725,0.09759896384854168,0.02943943737354796,3.315245553443786
vggss,C3,12345,best,7,-4bPiXbovf0_000008,0.9794897959183674,-0.003775510204081633,0.10172240922868961,0.01801276586671123,5.647239850970321
vggss,C3,12345,best,8,-5CGQGSFGyg_000060,0.9659183673469388,0.21,0.13751159823208986,0.028414605140114915,4.839468912343074
vggss,C3,12345,best,9,-5z9IXBJefc_000227,0.9864285714285714,0.7830612244897959,0.17664558566973246,0.07293991700044339,2.421795814062397
vggss,C3,12345,best,10,-79qo5MUYBk_000207,0.9906122448979592,0.8421428571428572,0.14794037219326062,0.02747524221401854,5.384497470154343
vggss,C3,12345,best,11,-7TanrCbmME_000030,0.9697959183673469,-0.3773469387755102,0.11107066324690215,0.02694472019527149,4.1221679958804645
vggss,C3,12345,best,12,-7sg--aJdrc_000049,0.9959183673469387,0.8170408163265306,0.06247367591725824,0.01015413317984953,6.152536588867551
vggss,C3,12345,best,13,-7tYmeOmsRg_000058,0.9772448979591837,0.3929591836734694,0.10497483652697998,0.019059691859367126,5.507688020432963
vggss,C3,12345,best,14,-7tYmeOmsRg_000180,0.9701020408163266,0.6085714285714285,0.08822785716836719,0.024546457319826746,3.5943214134246366
vggss,C3,12345,best,15,-86gl1hp1Aw_000105,0.9931632653061224,0.29275510204081634,0.2030483885736754,0.020359792589858178,9.973008697289966
vggss,C3,12345,best,16,-8cgbhIR_pw_000030,0.9874489795918368,0.5406122448979592,0.1254958509444232,0.020636159171196197,6.081356995907911
vggss,C3,12345,best,17,-A3zsFeU_OI_000030,0.9958163265306123,0.7286734693877551,0.15016208612966853,0.01392023750415934,10.787322133318515
vggss,C3,12345,best,18,-ANxUxvGASw_000010,0.9944897959183674,0.5644897959183673,0.13607228327496385,0.011202227617140513,12.146895057440169
vggss,C3,12345,best,19,-ByoSbgzr4M_000000,0.9785714285714285,0.40316326530612245,0.10180717843851661,0.0339838771621499,2.995749365287432
vggss,C3,12345,best,20,-CZ1LIc8aos_000020,0.9622448979591837,0.7663265306122449,0.10929742964239592,0.043721971281121465,2.4998284944574083
vggss,C3,12345,best,21,-Cr0WQoFQQs_000045,0.9961224489795918,0.3470408163265306,0.1627328094444788,0.010218465312087322,15.925366919040547
vggss,C3,12345,best,22,-Cv3gOXEoxA_000040,0.993265306122449,0.29897959183673467,0.1372173941337599,0.016286963891403747,8.424983013941794
vggss,C3,12345,best,23,-D64b_8YJK4_000046,0.98,0.46438775510204083,0.20603482334756762,0.023898765420876246,8.621149240102184
vggss,C3,12345,best,24,-E5o64ACjm0_000017,0.9814285714285714,-0.14673469387755103,0.10437043370910838,0.017651281309364476,5.912909770110404
vggss,C3,12345,best,25,-FoTxwPOz3U_000000,0.9939795918367347,-0.6659183673469388,0.1627069613169477,0.020203592477852785,8.053367810467735
vggss,C3,12345,best,26,-GOaBCyC5Js_000087,0.9915306122448979,0.851938775510204,0.1999828058134827,0.048478576028153454,4.125179041920387
vggss,C3,12345,best,27,-GW1J75oAKU_000304,0.9880612244897959,0.945204081632653,0.12681663463326973,0.055326111941759216,2.2921660348510895
vggss,C3,12345,best,28,-HMEhGV38GM_000216,0.9873469387755102,0.2779591836734694,0.16777611966528772,0.02391304800667768,7.016090948273784
vggss,C3,12345,best,29,-IKnJa9U66I_000150,0.9694897959183674,0.13479591836734695,0.0920591939251783,0.0195976384753555,4.697463627617427
vggss,C3,12345,best,30,-Igq1W20Gi8_000000,0.9837755102040816,0.42091836734693877,0.20353392076373306,0.02615909543648805,7.780617692148234
vggss,C3,12345,best,31,-JGpAlLrSD0_000458,0.9953061224489796,0.9487755102040817,0.1460296810371881,0.03324545280450593,4.392470810847128
vggss,C3,12345,best,32,-JUBdOr8Hes_000030,0.9881632653061224,0.8774489795918368,0.2272406486267331,0.05937204791635311,3.8274012199626886
vggss,C3,12345,best,33,-JUhUI_KvUI_000026,0.9929591836734694,-0.3551020408163265,0.0993840621099214,0.013763180361330863,7.221009933805099
vggss,C3,12345,best,34,-K-ccLMFE5M_000259,0.9825510204081632,0.40530612244897957,0.13515073666085367,0.016967353598860053,7.965339784628155
vggss,C3,12345,best,35,-K1BRF6qng8_000030,0.9884693877551021,0.3623469387755102,0.12028263336020337,0.016627404503654606,7.233999349313114
vggss,C3,12345,best,36,-KBH8YmHR-0_000050,0.9955102040816326,0.3010204081632653,0.09906252743524173,0.006730601663484439,14.718227639690232
vggss,C3,12345,best,37,-Lmibx_Iu_E_000173,0.9827551020408163,0.889795918367347,0.11378462823277521,0.030671652569070937,3.70976516431706
vggss,C3,12345,best,38,-Lv13WPa4xk_000170,0.9946938775510205,0.7373469387755102,0.16213210138530468,0.015445287889086244,10.497188692731875
vggss,C3,12345,best,39,-N00SskHxS4_000529,0.9914285714285714,0.6515306122448979,0.168781389514712,0.03097529075499863,5.4489041232801005
vggss,C3,12345,best,40,-NCa3eFLULw_000221,0.9942857142857143,-0.5670408163265306,0.15608945340337835,0.015751107426229465,9.90974470426448
vggss,C3,12345,best,41,-NwBdmVSg1w_000000,0.9836734693877551,0.2156122448979592,0.11452613907273158,0.018935129446841035,6.048342019221742
vggss,C3,12345,best,42,-OAyRsvFGgc_000030,0.9929591836734694,0.9670408163265306,0.22824642147535837,0.07890929285256391,2.892516371954057
vggss,C3,12345,best,43,-OVb-UG8yJw_000030,0.9760204081632653,0.7522448979591837,0.147743116905954,0.036624078671445404,4.0340432378206
vggss,C3,12345,best,44,-PvlrLjIAYo_000009,0.9839795918367347,0.4779591836734694,0.14871636040940997,0.02928224543740191,5.078721190536027
vggss,C3,12345,best,45,-Q3MX7Tgx_E_000111,0.9842857142857143,-0.39918367346938777,0.1382867362993572,0.024106052443986753,5.73659816847585
vggss,C3,12345,best,46,-RBs9pPhHY8_000030,0.9896938775510205,0.8172448979591836,0.12930451245516789,0.028721197360622414,4.502058560847051
vggss,C3,12345,best,47,-S-TDT5oq0Q_000290,0.9901020408163266,0.03346938775510204,0.1553423135891131,0.014053918188219184,11.05330993881337
vggss,C3,12345,best,48,-SWaCArvQug_000021,0.9758163265306122,0.0019387755102040817,0.07978119053003738,0.014394813724074184,5.542356577814527
vggss,C3,12345,best,49,-Vo4CAMX26U_000030,0.988265306122449,0.45071428571428573,0.11293205486227743,0.014076440525631945,8.022770717969378
vggss,C3,12345,best,50,-W3WpZvJX2o_000027,0.9854081632653061,0.12724489795918367,0.08997358940214355,0.012855521976113827,6.9988281743299705
vggss,C3,12345,best,51,-Wd5YV97ftU_000320,0.9931632653061224,0.7028571428571428,0.13376986925633533,0.01740687287547881,7.684888044697444
vggss,C3,12345,best,52,-XwtCzUaN1I_000160,0.9901020408163266,0.8887755102040816,0.1265685166865485,0.029728832569063255,4.257433129690388
vggss,C3,12345,best,53,-Y-UegG9tLw_000282,0.9891836734693877,0.8216326530612245,0.1350811226201689,0.03333603206576516,4.052105612140086
vggss,C3,12345,best,54,-YwPSwhe2jo_000030,0.9863265306122448,0.6793877551020409,0.10156801494435834,0.017245511452354974,5.889533356257093
vggss,C3,12345,best,55,-Z1ZSWDouUU_000030,0.991734693877551,0.9061224489795918,0.12501061958194837,0.03431840105347231,3.642670280213999
vggss,C3,12345,best,56,-ZJqu_4zLMc_000030,0.9924489795918368,0.14030612244897958,0.11915982269478667,0.011730506734263254,10.158113830388642
vggss,C3,12345,best,57,-ZSgg6jFUd8_000688,0.9830612244897959,0.4695918367346939,0.11605075017371798,0.018386089804932105,6.311877696941692
vggss,C3,12345,best,58,-_QPd-VskKY_000030,0.9948979591836735,0.748265306122449,0.11335264720281124,0.0212225467111647,5.341142547382355
vggss,C3,12345,best,59,-_umX4zgLVY_000028,0.9984693877551021,0.7753061224489796,0.2281642640324161,0.014789118071089362,15.427847890297462
vggss,C3,12345,best,60,-aK9JKAGme0_000041,0.9873469387755102,0.7315306122448979,0.1476729548052115,0.02329081202897244,6.340395286412289
vggss,C3,12345,best,61,-aK9JKAGme0_000051,0.9953061224489796,0.731938775510204,0.16114774917816374,0.01161541474957356,13.873611287455748
vggss,C3,12345,best,62,-aUJLRXkj-Y_000118,0.9957142857142857,0.7914285714285715,0.14116038516335372,0.020180486566719585,6.994895028752514
vggss,C3,12345,best,63,-cA9HsnV1ao_000030,0.9885714285714285,-0.09214285714285714,0.10508515944119831,0.014177268255160703,7.412229038055057
vggss,C3,12345,best,64,-d1KR2BSfHM_000065,0.9934693877551021,0.43051020408163265,0.12236833946346451,0.013694354117455485,8.935678047604153
vggss,C3,12345,best,65,-e4wXAy1iVo_000000,0.9798979591836735,0.8191836734693878,0.14745420578849047,0.055416091760126615,2.6608553780147264
vggss,C3,12345,best,66,-fAVezaAX18_000126,0.9892857142857143,-0.19255102040816327,0.11146164024407945,0.01691901677064224,6.587950219275562
vggss,C3,12345,best,67,-fJsZm3YRc0_000030,0.9826530612244898,-0.05448979591836735,0.09900548933700572,0.01421101887640978,6.966811472001795
vggss,C3,12345,best,68,-fPdOa99Iwg_000030,0.9876530612244898,0.42918367346938774,0.1222192111763974,0.017414457810557615,7.018261062500683
vggss,C3,12345,best,69,-fTfRh0_RQ4_000030,0.9862244897959184,0.7759183673469388,0.14074368150363634,0.0231584168551148,6.0774310430702645
vggss,C3,12345,best,70,-g-GjgEq8l4_000017,0.980204081632653,-0.09785714285714285,0.13082596347763867,0.021728627830451944,6.020903137486227
vggss,C3,12345,best,71,-gCqnkIUmp0_000140,0.9959183673469387,-0.6514285714285715,0.12950501583525764,0.014676748947056365,8.823821699371083
vggss,C3,12345,best,72,-gSfPQqi6nI_000030,0.9916326530612245,0.678265306122449,0.15294214112595222,0.01862064537049268,8.213578964793182
vggss,C3,12345,best,73,-hYRFCQdbLg_000030,0.9847959183673469,0.813265306122449,0.14348767015801464,0.060445022993853216,2.3738541744389146
vggss,C3,12345,best,74,-hedbpc8T0E_000030,0.9873469387755102,0.7853061224489796,0.10961383390941876,0.021708586000649854,5.0493308917557975
vggss,C3,12345,best,75,-hss7xpzIVc_000030,0.9783673469387755,0.5772448979591837,0.10957578487854762,0.021631444680875665,5.065578674706986
vggss,C3,12345,best,76,-iF4a6f5PJ8_000000,0.9936734693877551,0.46224489795918366,0.13362210701109056,0.011981636318691636,11.152241935655894
vggss,C3,12345,best,77,-iF4a6f5PJ8_000060,0.9970408163265306,0.8642857142857143,0.20289817079966474,0.020993597309345316,9.664764347430083
vggss,C3,12345,best,78,-jZENGDFArw_000080,0.9872448979591837,0.24581632653061225,0.11729293720751811,0.015535672777286657,7.5499103829608085
vggss,C3,12345,best,79,-kPDH9n0PG4_000310,0.9514285714285714,-0.22540816326530613,0.10745072553287653,0.03472436326892066,3.0943900886167763
vggss,C3,12345,best,80,-kZVoaYYU6o_000000,0.993265306122449,0.2163265306122449,0.14218487787226783,0.015771710429162752,9.015184403167854
vggss,C3,12345,best,81,-lPXTBXa0tE_000030,0.9881632653061224,0.876734693877551,0.21018576583458606,0.07725450271769112,2.7206927549927
vggss,C3,12345,best,82,-mKtgDnG0oM_000030,0.9958163265306123,0.5835714285714285,0.16520481757053243,0.018642905828555337,8.861537953889583
vggss,C3,12345,best,83,-nQ9a0P1TlY_000023,0.9938775510204082,-0.24112244897959184,0.14776716340236415,0.012948718311915127,11.411721209997443
vggss,C3,12345,best,84,-oGJwGEsIiA_000090,0.9934693877551021,0.10571428571428572,0.10424516537137146,0.0104385177274926,9.986586993746652
vggss,C3,12345,best,85,-oOARU0JwWE_000153,0.9856122448979592,-0.09275510204081633,0.12559328446178897,0.018493198881270427,6.791322867834809
vggss,C3,12345,best,86,-oSzD8P2BtU_000030,0.9927551020408163,-0.35897959183673467,0.13518458852192453,0.01663338791755508,8.127303300565067
vggss,C3,12345,best,87,-ocADGlyaHc_000030,0.9940816326530613,0.7163265306122449,0.17196151548310545,0.020043932687966993,8.579230341675384
vggss,C3,12345,best,88,-r2-9oyIzkQ_000030,0.9847959183673469,0.2789795918367347,0.10585034732098692,0.016772540595835113,6.3109310552076545
vggss,C3,12345,best,89,-r3nM90RCNs_000161,0.9893877551020408,-0.16693877551020408,0.10112403313568184,0.010931150813852123,9.250996062330044
vggss,C3,12345,best,90,-rTTPoBJNI4_000123,0.9957142857142857,0.7664285714285715,0.1627806245523793,0.020309289900122228,8.015082031568205
vggss,C3,12345,best,91,-rb6uia1wSo_000190,0.986734693877551,0.8068367346938775,0.2015744436278119,0.04403138644487602,4.577971758399385
vggss,C3,12345,best,92,-rqhMzJRYoc_000030,0.9942857142857143,0.751734693877551,0.10357421532125871,0.018321025635427365,5.653297876565232
vggss,C3,12345,best,93,-t-htrAtNvM_000030,0.9898979591836735,0.23122448979591836,0.1191522719649794,0.019444552983193038,6.127796924309294
vggss,C3,12345,best,94,-u-40BIU1HE_000003,0.9783673469387755,-0.03744897959183673,0.12842896922230013,0.029350350366166445,4.375721843864132
vggss,C3,12345,best,95,-uD3ZbhFTnk_000077,0.9469387755102041,0.2036734693877551,0.05293173537147902,0.015568658506181944,3.3998905782705098
vggss,C3,12345,best,96,-vAtBe4LMCQ_000063,0.9960204081632653,0.3823469387755102,0.17633404706115324,0.012950889267491078,13.61559375723963
vggss,C3,12345,best,97,-wi8kPVJLcw_000205,0.9792857142857143,0.011020408163265306,0.12123150028213055,0.026044271024557218,4.654824094244028
vggss,C3,12345,best,98,-wnDAPcoPsk_000030,0.9880612244897959,-0.41091836734693876,0.15778995072703225,0.021395584154948306,7.374883975324369
vggss,C3,12345,best,99,-xQbyezhw_k_000040,0.9841836734693877,-0.08010204081632653,0.1072476063181507,0.020704533393372606,5.179909359970411
vggss,C3,12345,best,100,-yicwYUKKuo_000304,0.9581632653061225,0.5912244897959184,0.13895259143375824,0.03566380353728426,3.896179814037279
vggss,C3,12345,best,101,-z3AAq0FK-0_000001,0.9801020408163266,-0.19642857142857142,0.06309311820696006,0.013478299877083105,4.681088771013033
vggss,C3,12345,best,102,-z4OZ7ls5Bo_000540,0.9924489795918368,0.7207142857142858,0.17684970742142955,0.040138424131383826,4.40599528378476
vggss,C3,12345,best,103,-zCtwbk005g_000030,0.9693877551020408,0.6675510204081633,0.11231593830386367,0.028524441642156388,3.9375332815584896
vggss,C3,12345,best,104,-zSyfcXmHdk_001083,0.9666326530612245,0.6114285714285714,0.06935146701325036,0.025736165924956565,2.6947085752971343
vggss,C3,12345,best,105,-zgGL2o1jqw_000080,0.9925510204081632,0.4990816326530612,0.11547845757713925,0.012722142521357234,9.076966193648621
vggss,C3,12345,best,106,-ziWHyk_fYQ_000106,0.9853061224489796,0.32357142857142857,0.09615282946535827,0.01548413217059415,6.209765481591646
vggss,C3,12345,best,107,0-jDld11jhw_000093,0.9687755102040816,0.6708163265306123,0.13850309006029313,0.04615815727259728,3.0006200040077915
vggss,C3,12345,best,108,007P6bFgRCU_000010,0.9918367346938776,0.9287755102040817,0.1727385573862833,0.059899426333720245,2.8838098786438713
vggss,C3,12345,best,109,00QQLLcny14_000083,0.9833673469387755,-0.275,0.09416668212430357,0.01567306141511584,6.008186890244989
vggss,C3,12345,best,110,00wORCOKNHw_000014,0.9954081632653061,0.5856122448979592,0.18076552032841214,0.02056115345785446,8.79160406535261
vggss,C3,12345,best,111,00z0M1DJyAw_000090,0.9865306122448979,0.9227551020408163,0.1178046514365007,0.04520746872212306,2.6058670119446643
vggss,C3,12345,best,112,01SaXyGY5SM_000030,0.9873469387755102,0.631938775510204,0.1365314668925504,0.02564101881238956,5.324728626874193
vggss,C3,12345,best,113,02UvvE1oA1I_000030,0.9870408163265306,0.2990816326530612,0.15726390120123077,0.02385676822219717,6.5920035663047996
vggss,C3,12345,best,114,030h_KwNm-g_000003,0.9935714285714285,0.8614285714285714,0.1876089333620947,0.0233244064067794,8.043460146002467
vggss,C3,12345,best,115,04QV0Xi5YTk_000030,0.9695918367346938,0.8975510204081633,0.1253995743370174,0.0603561608681655,2.0776598864683367
vggss,C3,12345,best,116,052VMqTM4Xs_000000,0.9928571428571429,0.7988775510204081,0.1674028774247408,0.020279989479524696,8.254584036828811
vggss,C3,12345,best,117,064Ilsz8Fzg_000051,0.9918367346938776,0.8696938775510205,0.11926907644549228,0.027050028321675374,4.409203385192804
vggss,C3,12345,best,118,06si40RVDco_000030,0.9876530612244898,0.7475510204081632,0.12274555425567149,0.023481819799318692,5.227259015897603
vggss,C3,12345,best,119,076qdKSC8nU_000030,0.9911224489795918,0.8898979591836734,0.13406179956562478,0.031452302938384726,4.262384214861874
vggss,C3,12345,best,120,077aWlQn6XI_000030,0.9796938775510204,0.08591836734693878,0.0931837432473657,0.01689363104698741,5.515909693315036
vggss,C3,12345,best,121,09NfjFeq2cs_000078,0.976938775510204,0.6851020408163265,0.1019141786271117,0.02649631437731414,3.8463530125672696
vggss,C3,12345,best,122,09pZj6CEvRw_000250,0.9938775510204082,0.8722448979591837,0.1623011251606573,0.0339789585514317,4.7765185302837585
vggss,C3,12345,best,123,0CEsVHHkwww_000030,0.9886734693877551,0.9204081632653062,0.11016315239181548,0.029960064192838528,3.6769998783296405
vggss,C3,12345,best,124,0CzC0-cXe8M_000030,0.9909183673469387,0.8802040816326531,0.17365156312457755,0.027660636898273843,6.277930756374386
vggss,C3,12345,best,125,0Dt2-TtqvJU_000030,0.9926530612244898,-0.42214285714285715,0.1519054638454716,0.016808866496767095,9.037222341832988
vggss,C3,12345,best,126,0E6KS8B6DMc_000540,0.9691836734693877,0.6735714285714286,0.11324448638299522,0.038670885944745555,2.928417170085094
vggss,C3,12345,best,127,0EOQco76eXQ_000030,0.9913265306122448,0.9186734693877551,0.21089808504138335,0.047730800936958785,4.418490385693095
vggss,C3,12345,best,128,0F04c_rY4aw_000000,0.9975510204081632,0.8977551020408163,0.1804203262963791,0.022183296760983826,8.13316110045933
vggss,C3,12345,best,129,0FEd3Pd-ksw_000397,0.975,0.00510204081632653,0.10213282415245446,0.01978052000715971,5.163303296146244
vggss,C3,12345,best,130,0FHSJnza9P8_000046,0.9890816326530613,0.82,0.1401447996556676,0.035400532809475194,3.9588330607881947
vggss,C3,12345,best,131,0G50t4FlbIA_000060,0.9762244897959184,-0.036734693877551024,0.1400717255470467,0.028658206000967936,4.887665527364684
vggss,C3,12345,best,132,0H814XXq-WQ_000030,0.9883673469387755,-0.5222448979591837,0.11429170996299036,0.018112081436153084,6.310247133433017
vggss,C3,12345,best,133,0HBJuYt2Eys_000032,0.9959183673469387,-0.02683673469387755,0.14379572603450652,0.009598818201362484,14.980565629849696
vggss,C3,12345,best,134,0HXYdGGKV2k_000030,0.9937755102040816,0.8533673469387755,0.23542760097104434,0.05109064351344964,4.608037495340373
vggss,C3,12345,best,135,0IqPUUWnnd8_000085,0.9843877551020408,0.6311224489795918,0.18408121167525582,0.032709914085530825,5.627688632685337
vggss,C3,12345,best,136,0Iy18mslB4A_000170,0.9805102040816327,0.7968367346938775,0.13408785756655875,0.03695614036580989,3.628297117591063
vggss,C3,12345,best,137,0IzhjqyDzt8_000000,0.9968367346938776,0.9563265306122449,0.15961550715172576,0.031916047847095196,5.001105021411759
vggss,C3,12345,best,138,0JkiTl-4B5E_000017,0.9898979591836735,0.9524489795918367,0.1831724715226129,0.041159177844151955,4.450343304139607
vggss,C3,12345,best,139,0K92tp-4GEk_000108,0.9897959183673469,0.12153061224489796,0.08821986122660608,0.012191215209390293,7.236346804759435
vggss,C3,12345,best,140,0LwSy-xZSPw_000112,0.985204081632653,-0.026020408163265306,0.15992432835063455,0.01819089971093064,8.791446871346249
vggss,C3,12345,best,141,0MU2SG5ME1E_000016,0.9992857142857143,0.9420408163265306,0.22476418137731785,0.013440766484961933,16.722571709641187
vggss,C3,12345,best,142,0N0C0Wbe6AI_000030,0.9961224489795918,0.9704081632653061,0.12808317468858227,0.03652670191307065,3.506562815153843
vggss,C3,12345,best,143,0NIE-eDk92M_000029,0.9645918367346938,0.881734693877551,0.1264955102740179,0.06594985973589698,1.9180557893615273
vggss,C3,12345,best,144,0NLXz4JgvcQ_000096,0.9964285714285714,-0.03397959183673469,0.1569073203794399,0.013826032075797993,11.348687715986204
vggss,C3,12345,best,145,0NQXsEwBqAk_000136,0.9971428571428571,0.9439795918367347,0.17877883533151465,0.03306508524381368,5.406876589406747
vggss,C3,12345,best,146,0O-gZoirpRA_000030,0.961530612244898,0.31704081632653064,0.10652128616837367,0.03133295874696147,3.3996561585076486
vggss,C3,12345,best,147,0OH28bnOdEE_000058,0.9909183673469387,0.22489795918367347,0.12059792163046375,0.013706881930203526,8.798348322000397
vggss,C3,12345,best,148,0OLYyjqNdn4_000352,0.9939795918367347,0.8951020408163265,0.13194106671957143,0.029346077937120383,4.496037494423635
vggss,C3,12345,best,149,0Olm321vgk8_000030,0.981938775510204,0.49448979591836734,0.12157327295577919,0.019317919890381296,6.293290046011242
vggss,C3,12345,best,150,0PHUQku2P5I_000050,0.9868367346938776,0.7620408163265306,0.11842882923812446,0.02363830078369424,5.010039863771299
vggss,C3,12345,best,151,0QSPtpp1HN8_000030,0.9888775510204082,0.11326530612244898,0.1779288582209128,0.01859042247359623,9.570995950932431
vggss,C3,12345,best,152,0QabiRBcEKc_000050,0.9956122448979592,0.5021428571428571,0.13422017239430648,0.012086038653513717,11.105389966238878
vggss,C3,12345,best,153,0RZRFj7zDnQ_000030,0.9915306122448979,0.5633673469387755,0.1849514864719192,0.036090535669984866,5.124653403959763
vggss,C3,12345,best,154,0Rqa18lmDtw_000153,0.9780612244897959,0.7658163265306123,0.1110937789812361,0.035383186433260494,3.1397335904379435
vggss,C3,12345,best,155,0T966F09Q_8_000000,0.9861224489795918,0.866734693877551,0.21109328024070922,0.06268889287814201,3.3673154932093556
vggss,C3,12345,best,156,0TSOlaZXXM8_000080,0.9858163265306122,0.7394897959183674,0.1954104782730288,0.0434781659610618,4.494450811196466
vggss,C3,12345,best,157,0U9_6RyH3_M_000030,0.9948979591836735,0.23642857142857143,0.12400260499318384,0.011441045502493504,10.83839802631309
vggss,C3,12345,best,158,0UF1FHDPM1A_000030,0.9975510204081632,-0.12632653061224489,0.1569784062742187,0.012686474274654906,12.373682622588912
vggss,C3,12345,best,159,0UeEkqkZmvo_000160,0.9934693877551021,0.8763265306122449,0.1431542298119623,0.045249776110596364,3.16364504129423
vggss,C3,12345,best,160,0W1En_XsDnM_000000,0.9913265306122448,-0.055,0.13309370014947758,0.01562527812505061,8.517845191894558
vggss,C3,12345,best,161,0W_wPc-zV3I_000101,0.9746938775510204,0.5528571428571428,0.0814470336127338,0.020669594055237685,3.940427344391656
vggss,C3,12345,best,162,0Wkk9iNzA9c_000030,0.9938775510204082,0.44479591836734694,0.1848080859685767,0.019235339604690035,9.607737100909624
vggss,C3,12345,best,163,0Wxl_LzqguI_000288,0.991938775510204,-0.0910204081632653,0.13452308684851094,0.009823746980090678,13.693663641901862
vggss,C3,12345,best,164,0XDEooC1h7s_000000,0.9915306122448979,0.7712244897959184,0.14574984618822012,0.02272548699720584,6.413497154368594
vggss,C3,12345,best,165,0YTieIiZNN4_000010,0.9871428571428571,0.6730612244897959,0.13997199600549076,0.025827409604160006,5.419513538165498
vggss,C3,12345,best,166,0ZxpQ87jdgQ_000037,0.9866326530612245,0.5486734693877551,0.11721835558906979,0.013392266366262482,8.752689976684142
vggss,C3,12345,best,167,0_9-dbUW0hU_000030,0.981326530612245,0.8839795918367347,0.1516358272800877,0.060024509297483965,2.526231851868613
vggss,C3,12345,best,168,0_B2YnBAz3A_000220,0.9892857142857143,0.37081632653061225,0.09791854472737804,0.012747463047285827,7.681414283309237
vggss,C3,12345,best,169,0apGJGFHQO4_000067,0.9860204081632653,0.8665306122448979,0.1856584118879831,0.060815873308528876,3.052795294841983
vggss,C3,12345,best,170,0bBJkY4_zs8_000033,0.981734693877551,0.45357142857142857,0.10131243858818577,0.019364363374052344,5.231901335002902
vggss,C3,12345,best,171,0bobzCB2ObQ_000076,0.9818367346938776,0.6726530612244898,0.11956215416756803,0.019824584573037495,6.031004267810939
vggss,C3,12345,best,172,0eA2QcSRgh0_000063,0.9868367346938776,0.8690816326530613,0.09444369726033419,0.02271554670249921,4.1576678077461064
vggss,C3,12345,best,173,0eDN0YmnJRY_000002,0.9936734693877551,0.2280612244897959,0.11686306394148441,0.010170120336654997,11.490824107585855
vggss,C3,12345,best,174,0g_-KI5NZ-E_000030,0.9511224489795919,0.3862244897959184,0.11972702827398377,0.03320871162237899,3.6052897696067503
vggss,C3,12345,best,175,0glBUluF4Yk_000175,0.993265306122449,-0.27918367346938777,0.1413412413845249,0.015426796203794186,9.162060580651369
vggss,C3,12345,best,176,0hfU27A6tus_000070,0.993061224489796,0.9240816326530612,0.14549599757993,0.05453739175511093,2.667820973787126
vggss,C3,12345,best,177,0hjqlmdPT6g_000050,0.9808163265306122,0.5322448979591837,0.150506919350268,0.0254597583961067,5.911561178572829
vggss,C3,12345,best,178,0iX0QmnbrK4_000085,0.976938775510204,0.8458163265306122,0.18298902443730203,0.062035754129197665,2.9497348264067713
vggss,C3,12345,best,179,0jy-sVREk4o_000030,0.9847959183673469,-0.45071428571428573,0.10988741522284137,0.020553006052890656,5.346537384364093
vggss,C3,12345,best,180,0kQkVbOikzQ_000004,0.9942857142857143,0.9528571428571428,0.18467132649023765,0.037776208732845935,4.888561681672101
vggss,C3,12345,best,181,0m9-5BkL4Mc_000030,0.9966326530612245,0.8325510204081633,0.1646351115441663,0.02999196863976508,5.48930660476497
vggss,C3,12345,best,182,0mNvPaqfwUI_000220,0.983265306122449,0.6805102040816327,0.11598117295559522,0.027169028996638696,4.26887442204667
vggss,C3,12345,best,183,0n-Z2AQCRnU_000385,0.9912244897959184,0.24602040816326531,0.12877110311467072,0.011588846508769554,11.111641095360662
vggss,C3,12345,best,184,0n56ajMNoMA_000118,0.9912244897959184,0.3216326530612245,0.09921272836997984,0.015375936821068198,6.452467223593035
vggss,C3,12345,best,185,0nYltlo90Zc_000147,0.9756122448979592,0.5105102040816326,0.12729984546631304,0.04143718204642035,3.0721163742192776
vggss,C3,12345,best,186,0nYltlo90Zc_000161,0.9728571428571429,0.4953061224489796,0.12807515345255016,0.04743502082946479,2.7000125901282384
vggss,C3,12345,best,187,0nvBTp-q7tU_000112,0.9952040816326531,0.9428571428571428,0.0996966632914495,0.021155985846168353,4.712456513082134
vggss,C3,12345,best,188,0oTdsarJHA4_000220,0.9859183673469388,0.8785714285714286,0.12798142021188758,0.042587399162288396,3.005147595986949
vggss,C3,12345,best,189,0olhNr566Z0_000018,0.9808163265306122,0.7395918367346939,0.182001864265106,0.06672634026885026,2.727586490309429
vggss,C3,12345,best,190,0q5kQGcOn2I_000083,0.9661224489795919,0.406734693877551,0.09500051855447897,0.02115509899351753,4.490667643937265
vggss,C3,12345,best,191,0q6GOUn_dhU_000066,0.9777551020408163,0.7836734693877551,0.10693523138715778,0.04450957572328548,2.402521921394409
vggss,C3,12345,best,192,0q9FUj_2qMc_000539,0.9677551020408163,0.501938775510204,0.10116897301564239,0.026112023990735537,3.8744209583882436
vggss,C3,12345,best,193,0sT6vnChbrc_000000,0.9643877551020408,-0.23265306122448978,0.0869158897690628,0.020329709724695756,4.275313860653932
vggss,C3,12345,best,194,0slFEpnTKkY_000115,0.9843877551020408,0.8209183673469388,0.1965499404666095,0.05942722381946253,3.307405728117473
vggss,C3,12345,best,195,0teMcpgy9Jo_000058,0.9855102040816327,0.9081632653061225,0.1509006228288826,0.03127313446645426,4.8252477854674
vggss,C3,12345,best,196,0ti14lvd2Aw_000000,0.9825510204081632,-0.7376530612244898,0.07608812189331914,0.01170865745150519,6.498449733324271
vggss,C3,12345,best,197,0w9PLY1owzk_000108,0.9921428571428571,0.8630612244897959,0.18994576026697535,0.0286918433340972,6.620200663135681
vggss,C3,12345,best,198,0wdNFZhpdQw_000368,0.9937755102040816,0.9255102040816326,0.1631977740053823,0.027515930895791903,5.931028632956068
vggss,C3,12345,best,199,0welW-8hB1c_000071,0.9872448979591837,0.8314285714285714,0.15185118583064405,0.03936840831889351,3.857183775392014
vggss,C3,12345,best,200,0wzsE67O5tE_000230,0.9924489795918368,0.9567346938775511,0.15398657198367557,0.04616749236195832,3.3353895588784326
vggss,C3,12345,best,201,0x9TnOQ5Nhw_000020,0.9876530612244898,0.6176530612244898,0.09119980658944186,0.015586005904776707,5.851390481091213
vggss,C3,12345,best,202,0xPWkrfjMu0_000178,0.9606122448979592,0.20479591836734695,0.10169249410311106,0.02072575157015367,4.906576910318387
vggss,C3,12345,best,203,0yxJzCQW5zI_000030,0.99,0.2760204081632653,0.18325475868772825,0.02130372232646561,8.60200653573441
vggss,C3,12345,best,204,10YXuv9Go0E_000140,0.9916326530612245,0.22989795918367348,0.09812101449509893,0.012715339272710183,7.716743721159485
vggss,C3,12345,best,205,10aBef0Ghkc_000040,0.9830612244897959,0.7586734693877552,0.16114504170908966,0.037109145044911064,4.342461717025953
vggss,C3,12345,best,206,10aF24rMeu0_000030,0.9961224489795918,0.18928571428571428,0.13110843347795437,0.008815788619336615,14.872002850701318
vggss,C3,12345,best,207,10hGfv89L3g_000030,0.9835714285714285,0.43295918367346936,0.08296209827270203,0.0165873293561448,5.001534393598364
vggss,C3,12345,best,208,115l3adqQ1M_000417,0.9663265306122449,0.7893877551020408,0.12179515263459109,0.048335719359420354,2.519775318309273
vggss,C3,12345,best,209,126AbihZt28_000009,0.9953061224489796,0.8655102040816327,0.1500824602309892,0.024414837117560168,6.147182531193036
vggss,C3,12345,best,210,12T-9dLEbY8_000020,0.9825510204081632,0.7548979591836734,0.10327249069684047,0.02155645568223323,4.790791780392607
vggss,C3,12345,best,211,130v5XJl8G0_000070,0.9936734693877551,0.7791836734693878,0.13062223991606023,0.02129649568365778,6.133508623031131
vggss,C3,12345,best,212,13W_9xdaOZE_000068,0.9909183673469387,0.621938775510204,0.12731231187865774,0.015741577153952437,8.08764653208156
vggss,C3,12345,best,213,14jcqHjMXcI_000000,0.9983673469387755,0.6369387755102041,0.17871845284222396,0.009034071994334664,19.782712928820985
vggss,C3,12345,best,214,14lBeX_dOHU_000234,0.9931632653061224,0.6923469387755102,0.14668950513897616,0.0152811180818311,9.599396088260493
vggss,C3,12345,best,215,14tRPoQA4q0_000004,0.9865306122448979,-0.5047959183673469,0.11979636878359765,0.017232818046096162,6.951641250035465
vggss,C3,12345,best,216,15Mw2jyyHk0_000030,0.9916326530612245,0.8243877551020408,0.20994170693587264,0.038288521156202376,5.483150056367849
vggss,C3,12345,best,217,15pi8h_bHQE_000173,0.9944897959183674,0.4362244897959184,0.1035562317370605,0.01156157758364641,8.956929189623606
vggss,C3,12345,best,218,169a2JSphHA_000269,0.9835714285714285,0.7885714285714286,0.1853912026552021,0.04923459298113384,3.7654663404294206
vggss,C3,12345,best,219,16CvcIXIjzQ_000332,0.9946938775510205,0.8209183673469388,0.12479628889517348,0.02232945796003301,5.5888633355338735
vggss,C3,12345,best,220,17K-oEuH1p0_000020,0.985,0.8607142857142858,0.11532490671722397,0.02558127459888573,4.508176724010745
vggss,C3,12345,best,221,17WW_p1N7BQ_000030,0.9904081632653061,0.6196938775510205,0.13184995198647187,0.02545431393350966,5.179866655643635
vggss,C3,12345,best,222,17yDXvJTdeo_000603,0.9794897959183674,0.4237755102040816,0.10449797746141368,0.020281951128864474,5.15226453300621
vggss,C3,12345,best,223,18212B4yfLg_000080,0.9942857142857143,0.9154081632653062,0.14057324691267276,0.025097394937371717,5.601109089746589
vggss,C3,12345,best,224,18r-Vtspi8g_000030,0.9916326530612245,0.6227551020408163,0.09030816219396613,0.008724920114152553,10.350600465381765
vggss,C3,12345,best,225,190Zx0wVrhQ_000003,0.9964285714285714,0.018163265306122448,0.16449653629049008,0.011263896082534001,14.60387552274753
vggss,C3,12345,best,226,19r6_MQei4M_000119,0.9963265306122449,0.8326530612244898,0.1611735885658467,0.017407014348843897,9.259117349814284
vggss,C3,12345,best,227,1ACn3u5UnBw_000030,0.9437755102040817,-0.2553061224489796,0.07160139099438376,0.02062465034873118,3.4716414476713124
vggss,C3,12345,best,228,1CZ-bybGzu4_000030,0.9895918367346939,-0.7679591836734694,0.20839589048678658,0.03736682416031355,5.577029762891092
vggss,C3,12345,best,229,1D6UsaTflJ8_000060,0.9569387755102041,0.7148979591836735,0.11075576810203719,0.03723612897355591,2.974416813860886
vggss,C3,12345,best,230,1ETrMAVZdY8_000030,0.9733673469387755,-0.3436734693877551,0.09320494755517429,0.014328217664680449,6.504992437749443
vggss,C3,12345,best,231,1ErGsKIlhAI_000051,0.981326530612245,0.6242857142857143,0.1350791270926302,0.0371688253335805,3.634204898334298
vggss,C3,12345,best,232,1F3_bvIT0ig_000000,0.9970408163265306,0.9514285714285714,0.16169035333542164,0.029550279059803158,5.471703093165263
vggss,C3,12345,best,233,1F9zCsJyw6k_000230,0.9737755102040816,0.4471428571428571,0.12786832261634123,0.02678414056810617,4.774031195483023
vggss,C3,12345,best,234,1FWUnWVX5Xk_000159,0.9926530612244898,0.2956122448979592,0.16171168255825072,0.014370100144872226,11.253344160997745
vggss,C3,12345,best,235,1FnA3w94zXI_000030,0.9925510204081632,0.8192857142857143,0.16553377367091598,0.025147013603859646,6.582641433236005
vggss,C3,12345,best,236,1GDAnA4hAqQ_000105,0.9958163265306123,0.7683673469387755,0.1731722449777306,0.024164004886850044,7.166537409201164
vggss,C3,12345,best,237,1HUCwslugK8_000283,0.978265306122449,0.6898979591836735,0.11150292730998776,0.06348992931411482,1.7562301378275262
vggss,C3,12345,best,238,1Isq_KJHriU_000016,0.9873469387755102,0.8591836734693877,0.1375326955597699,0.02995795762047497,4.590856870221762
vggss,C3,12345,best,239,1JY4rwQZn3s_000011,0.9940816326530613,-0.8556122448979592,0.15887327609817886,0.02076878265356106,7.649619082076441
vggss,C3,12345,best,240,1JsIcP2nXMw_000108,0.9952040816326531,-0.5953061224489796,0.19959769022059898,0.014419467339147913,13.84223740905493
vggss,C3,12345,best,241,1MTKUN3uFrs_000440,0.9837755102040816,0.11153061224489796,0.12479725016387262,0.015070356780423169,8.28097516085272
vggss,C3,12345,best,242,1MaEJRh2oGY_000034,0.9851020408163266,-0.2836734693877551,0.1342693853731367,0.021438505386267667,6.263001219252081
vggss,C3,12345,best,243,1MaEJRh2oGY_000089,0.9854081632653061,-0.050816326530612244,0.16209174214667255,0.01968333511476693,8.234973453511305
vggss,C3,12345,best,244,1OFDyTzUj24_000030,0.9877551020408163,-0.20989795918367346,0.11837307417018388,0.013115535439853844,9.025409196065807
vggss,C3,12345,best,245,1P9yEzO1Bic_000025,0.9785714285714285,0.9074489795918367,0.14651939916426773,0.05866489396922807,2.4975652259956806
vggss,C3,12345,best,246,1PN-bfs2EhY_000030,0.9726530612244898,0.4266326530612245,0.14690703360277815,0.02967704861126656,4.950190146165901
vggss,C3,12345,best,247,1Qvce8w_Vds_000011,0.9774489795918367,-0.5091836734693878,0.1255939527669032,0.026475870614572287,4.7437137986985185
vggss,C3,12345,best,248,1RhYdQnZ_hw_000030,0.9886734693877551,0.6289795918367347,0.15269135822705754,0.024777235157054173,6.162566455022151
vggss,C3,12345,best,249,1SJFTbu1abo_000042,0.9783673469387755,0.7926530612244898,0.06690551625938605,0.020172116933399802,3.316732521444383
vggss,C3,12345,best,250,1TAOyk0Xgss_000370,0.9966326530612245,0.4342857142857143,0.1288936982224733,0.012723364270389045,10.13047300095355
vggss,C3,12345,best,251,1TJrceFMGrU_000114,0.9862244897959184,0.8613265306122448,0.17859434252745565,0.03573416990137881,4.997858996594869
vggss,C3,12345,best,252,1Tg9VvRZN5k_000030,0.9645918367346938,0.2910204081632653,0.08647432350280497,0.02346881398489141,3.684648212665319
vggss,C3,12345,best,253,1Thl21awe2g_000020,0.9808163265306122,0.23408163265306123,0.09122582658029589,0.01766097996082124,5.165388714707192
vggss,C3,12345,best,254,1U8Y6VifI-M_000050,0.998265306122449,0.3408163265306122,0.153718230904297,0.009120891340294297,16.85342201427181
vggss,C3,12345,best,255,1UXkMZNI5o4_000373,0.9928571428571429,0.6707142857142857,0.19054181388918356,0.024358660437773797,7.822343694799569
vggss,C3,12345,best,256,1V-_jMSJR6A_000024,0.9798979591836735,0.47316326530612246,0.1533496825608646,0.03228902415368997,4.749282041815435
vggss,C3,12345,best,257,1VHm2PacRWc_000020,0.9807142857142858,0.700204081632653,0.09620206062327184,0.019695152239652,4.884555318622491
vggss,C3,12345,best,258,1WLMVX_Y2Pk_000018,0.9958163265306123,-0.4960204081632653,0.14362603443768002,0.011098932295621602,12.94052712568927
vggss,C3,12345,best,259,1_0T2ZIjWnw_000031,0.9956122448979592,0.9495918367346938,0.2199190750994243,0.057325764085932825,3.836304297135226
vggss,C3,12345,best,260,1_JeO9Pg1aQ_000020,0.9918367346938776,0.8836734693877552,0.09422296464262084,0.020148597084463076,4.67640323778561
vggss,C3,12345,best,261,1_Q80fDGLRM_000010,0.9953061224489796,0.6134693877551021,0.13090983111232027,0.012593239807088397,10.395246427264462
vggss,C3,12345,best,262,1_v-Kro86Io_000010,0.9724489795918367,0.11581632653061225,0.1219279308149119,0.029982825565797414,4.066592407955036
vggss,C3,12345,best,263,1_xoCNmTn3Y_000012,0.9987755102040816,0.7061224489795919,0.1772637580237826,0.013167560546498893,13.462156289147655
vggss,C3,12345,best,264,1_yyvTRVoZQ_000002,0.9840816326530613,0.10642857142857143,0.13501377428512898,0.021222782972503657,6.361737499745132
vggss,C3,12345,best,265,1_yyvTRVoZQ_000209,0.9955102040816326,0.5581632653061225,0.14069913133224252,0.019092130543579843,7.369482992538816
vggss,C3,12345,best,266,1aDnyPubxdY_000118,0.9968367346938776,0.24193877551020407,0.1765252443562353,0.01054382102177061,16.74205622342702
vggss,C3,12345,best,267,1cqcTbDxsHM_000130,0.9838775510204082,0.8380612244897959,0.09254754284054585,0.023514632939331977,3.935742610965673
vggss,C3,12345,best,268,1cwGW0cBdRs_000030,0.9786734693877551,0.6212244897959184,0.1079135806003024,0.028291053856522502,3.814406531039243
vggss,C3,12345,best,269,1cxvg7qu0G0_000070,0.9786734693877551,0.731326530612245,0.10491198916647669,0.029472382460974552,3.559671136372991
vggss,C3,12345,best,270,1dyFP4MGkIM_000030,0.9952040816326531,0.9575510204081633,0.15451498034930533,0.03235401699534471,4.775758768116425
vggss,C3,12345,best,271,1eBzpkIY-TY_000198,0.9910204081632653,-0.09653061224489796,0.10323478062209157,0.010462756273913206,9.866881911364683
vggss,C3,12345,best,272,1f-L1M-S6RQ_000030,0.9844897959183674,0.8320408163265306,0.13427112068409322,0.042113767374184374,3.1882951598958837
vggss,C3,12345,best,273,1g3n6Zaqid8_000064,0.981326530612245,0.63,0.15638644922339492,0.03257404324769985,4.800952956137486
vggss,C3,12345,best,274,1gSwLBNvEWE_000034,0.9887755102040816,0.8626530612244898,0.13578540416855805,0.031698573428725105,4.2836440092130434
vggss,C3,12345,best,275,1gWu-9hPzFs_000022,0.9898979591836735,0.7360204081632653,0.13978586299400264,0.025076389921970744,5.574401396252373
vggss,C3,12345,best,276,1hba9jmspEQ_000030,0.9878571428571429,0.4129591836734694,0.08343930369467611,0.01439753592845896,5.795387773941609
vggss,C3,12345,best,277,1hknEtsmdOc_000030,0.9875510204081632,-0.009795918367346938,0.08859416596961395,0.013577212553603689,6.525210209373876
vggss,C3,12345,best,278,1hoUEfsTmdE_000030,0.9829591836734693,0.08295918367346938,0.10166186344707129,0.014829110480413616,6.85556045869015
vggss,C3,12345,best,279,1hwkxJOl1PY_000020,0.9977551020408163,0.611734693877551,0.15227756546880325,0.015510323292659112,9.817820208871776
vggss,C3,12345,best,280,1kTMiyc5eXg_000163,0.991734693877551,0.5461224489795918,0.14266715500104263,0.018882026999316126,7.555711842071287
vggss,C3,12345,best,281,1kiR-BU9Fik_000071,0.9943877551020408,-0.1523469387755102,0.14488348823243,0.014231783195136846,10.180276515309638
vggss,C3,12345,best,282,1mkIuq3rjUg_000019,0.9920408163265306,-0.5623469387755102,0.18136238380915928,0.02132045897631272,8.506495287491466
vggss,C3,12345,best,283,1n6JyJt4kJ4_000018,0.9910204081632653,0.8886734693877552,0.09846658493248883,0.020845686289958316,4.7235952591266654
vggss,C3,12345,best,284,1nUqhH8bAPk_000030,0.9929591836734694,0.7770408163265307,0.16916405162286316,0.023119018266843448,7.317094941936734
vggss,C3,12345,best,285,1oJAVJPX0YY_000020,0.9958163265306123,0.4583673469387755,0.12091071527514827,0.01169895929593516,10.335168472392162
vggss,C3,12345,best,286,1obzCbmFpa8_000410,0.9960204081632653,-0.19714285714285715,0.14885919966790356,0.013320026740155767,11.1755931554656
vggss,C3,12345,best,287,1p3NSKpuJDs_000144,0.9833673469387755,0.07653061224489796,0.1370529016226396,0.019371720688795516,7.074895608107243
vggss,C3,12345,best,288,1p5jl5JeZx8_000117,0.956530612244898,0.3576530612244898,0.10087234864883594,0.021396018420766567,4.714538315733135
vggss,C3,12345,best,289,1q8kkQhS97g_000140,0.9689795918367347,0.5820408163265306,0.15107258717335592,0.0326562946643919,4.626139882859521
vggss,C3,12345,best,290,1rtXsGC-q3Q_000030,0.9939795918367347,0.6706122448979592,0.13255024216953612,0.018089884204910502,7.327312915223378
vggss,C3,12345,best,291,1sukRxLM77w_000021,0.9905102040816327,0.8512244897959184,0.15612277378287204,0.020707290853988796,7.539507455790552
vggss,C3,12345,best,292,1tC7bTilFWk_000030,0.993061224489796,0.4079591836734694,0.18672435464205295,0.024454791930671883,7.635491447705104
vggss,C3,12345,best,293,1uCzQCdCC1U_000170,0.99,0.93,0.10493498039244445,0.03343775288887094,3.1382186698128827
vggss,C3,12345,best,294,1uhuVsFGe6E_000050,0.993265306122449,-0.6962244897959183,0.14563825776298917,0.01995023288636671,7.300078078913717
vggss,C3,12345,best,295,1veIcvGPRYw_000003,0.9931632653061224,0.7156122448979592,0.1365358190666391,0.017712561851886556,7.708417348566478
vggss,C3,12345,best,296,1vrJPFfLMvA_000233,0.9884693877551021,-0.22408163265306122,0.17125895677171105,0.027972315623545695,6.122444744172478
vggss,C3,12345,best,297,1vrR6Im_RDo_000030,0.9904081632653061,-0.2590816326530612,0.11550204748489691,0.014012348936794303,8.242875481184033
vggss,C3,12345,best,298,1vy-ZxTMQf4_000377,0.9956122448979592,0.8395918367346938,0.14961457386882676,0.025482581462665164,5.87124872289838
vggss,C3,12345,best,299,1woaZGPrY9g_000002,0.9859183673469388,0.47581632653061223,0.11426698415905127,0.01554052430562565,7.352839705523112
vggss,C3,12345,best,300,1xS-iGBR2b8_000014,0.9808163265306122,0.561734693877551,0.20552381961206415,0.026851098663474012,7.654205222210947
vggss,C3,12345,best,301,1xYpHbg0fEE_000030,0.9901020408163266,-0.10418367346938776,0.14517590984333742,0.016327430806630204,8.8915342262167
vggss,C3,12345,best,302,1xyVkQJ8A54_000000,0.9956122448979592,0.7510204081632653,0.13921432958691315,0.018566135347558552,7.498293370204254
vggss,C3,12345,best,303,1yKGjTOk7NY_000030,0.9795918367346939,0.45346938775510204,0.11275459560090317,0.022533308920652726,5.00390759288614
vggss,C3,12345,best,304,1yWGmdevTuM_000030,0.9941836734693877,0.9074489795918367,0.16521284467209482,0.025953220819511683,6.365793510603026
vggss,C3,12345,best,305,1z19uJK6SB0_000076,0.9853061224489796,0.9083673469387755,0.14174839262959632,0.04271726315340118,3.318292937461051
vggss,C3,12345,best,306,1zQtgRqPHZU_000024,0.9640816326530612,0.09826530612244898,0.06849878880072584,0.017484496848548324,3.9176871598917673
vggss,C3,12345,best,307,20Nlj7Cz4E0_000030,0.986938775510204,0.48387755102040814,0.15638648024984672,0.024720906058382203,6.32608205704581
vggss,C3,12345,best,308,20qZLse0acs_000030,0.9865306122448979,0.20714285714285716,0.191301232587699,0.02152806085134736,8.886133958308937
vggss,C3,12345,best,309,21I0YiLHzvg_000038,0.9833673469387755,-0.20275510204081632,0.07674060936356296,0.015149112956899054,5.0656833559759376
vggss,C3,12345,best,310,24tWz7gmngI_000030,0.9963265306122449,0.6989795918367347,0.16975531424238127,0.01946159717142666,8.722578766125858
vggss,C3,12345,best,311,253aGgk7NSE_000010,0.9803061224489796,0.8878571428571429,0.11958327471302593,0.038942937463504135,3.0707307281351057
vggss,C3,12345,best,312,25PvbXDbZO8_000035,0.9934693877551021,0.8722448979591837,0.14250675013218145,0.026631529539213987,5.3510539048215495
vggss,C3,12345,best,313,25QsgUI0x8U_000020,0.991734693877551,0.8460204081632653,0.16025717801128622,0.0323887551176799,4.947926446355062
vggss,C3,12345,best,314,26dqZUTv5os_000175,0.991938775510204,-0.018163265306122448,0.14294340337185188,0.015067707659576065,9.48673856709758
vggss,C3,12345,best,315,28StN9ykZ68_000094,0.9908163265306122,0.2543877551020408,0.14967630297412546,0.015846531952848932,9.445366558404361
vggss,C3,12345,best,316,28ehZa0fzmo_000028,0.9931632653061224,0.7478571428571429,0.15354156947014558,0.022631727478484763,6.784350404365397
vggss,C3,12345,best,317,28p0DrP3KgI_000021,0.9822448979591837,0.27653061224489794,0.1101783231935449,0.018556953161742898,5.937306746060504
vggss,C3,12345,best,318,29MZ0dwOBOM_000112,0.9946938775510205,-0.13428571428571429,0.13962342729238886,0.013340938554203239,10.465787450044035
vggss,C3,12345,best,319,29ZWMYIEq3g_000141,0.9910204081632653,-0.23938775510204083,0.10758986851640678,0.011024101211001723,9.759513855790377
vggss,C3,12345,best,320,29dwfsI1XlQ_000006,0.9891836734693877,0.3523469387755102,0.13993653333239728,0.020057618090214096,6.9767273812373
vggss,C3,12345,best,321,2ACsPTob5cY_000118,0.9856122448979592,0.32551020408163267,0.12452111517121621,0.019471688507846738,6.3949829066460495
vggss,C3,12345,best,322,2ACsPTob5cY_000349,0.9854081632653061,0.6006122448979592,0.12437226459791957,0.019960990376303434,6.230766222179403
vggss,C3,12345,best,323,2ASyuuVhr6M_000052,0.9891836734693877,0.6846938775510204,0.15908414365497636,0.018596081687076403,8.554713102036652
vggss,C3,12345,best,324,2B-xGbzOjYY_000030,0.9920408163265306,-0.6141836734693877,0.2017684786499514,0.024818440678660295,8.129780644254517
vggss,C3,12345,best,325,2BR2Ivk_EFA_000021,0.9954081632653061,0.20214285714285715,0.18479837791391615,0.012817100756270378,14.41811072784999
vggss,C3,12345,best,326,2Bljhdt61Y4_000038,0.9814285714285714,0.8633673469387755,0.14863375908676432,0.042016016938397016,3.5375499611181125
vggss,C3,12345,best,327,2C4aXzGI2eI_000415,0.9873469387755102,0.8911224489795918,0.15294174688279083,0.0356053680760416,4.295468777521314
vggss,C3,12345,best,328,2EYGJpU7juM_000130,0.9947959183673469,0.9110204081632653,0.1846425698265182,0.02968670963081664,6.219704781120228
vggss,C3,12345,best,329,2HZcxlRs-hg_000030,0.9793877551020408,0.7225510204081632,0.12876324184677035,0.038994620594468725,3.302077052777763
vggss,C3,12345,best,330,2IEoe3YvCJo_000020,0.9915306122448979,-0.3445918367346939,0.1686743248423191,0.014748896805421713,11.43640280812828
vggss,C3,12345,best,331,2INpPpv4NRg_000560,0.9586734693877551,0.46969387755102043,0.08518840570470534,0.022948536299215228,3.712149855397032
vggss,C3,12345,best,332,2ISY5z0QQfc_000101,0.9860204081632653,0.7079591836734694,0.16433282330260376,0.04305651944695173,3.8166769031359324
vggss,C3,12345,best,333,2Jpg_KvJWL0_000030,0.9860204081632653,0.5788775510204082,0.13616690164182232,0.020360549015199514,6.6877814316387685
vggss,C3,12345,best,334,2JpvRGz5Dq0_000001,0.9968367346938776,0.7283673469387755,0.21511431694028277,0.021008109479743395,10.239584725493838
vggss,C3,12345,best,335,2K5Px-N6BEI_000447,0.9577551020408164,0.5416326530612245,0.11457132739557521,0.028593587754109716,4.006888830489907
vggss,C3,12345,best,336,2KEg1a42Wx0_000288,0.9878571428571429,0.013265306122448979,0.09005309478362189,0.012423572711041933,7.2485666464996585
vggss,C3,12345,best,337,2LRhkMH48_Q_000030,0.9915306122448979,-0.49204081632653063,0.13782927298996617,0.018138884622275208,7.5985528250566645
vggss,C3,12345,best,338,2M0i--pR-To_000037,0.9638775510204082,0.5527551020408163,0.11043423962307237,0.03893343996354576,2.8364881121851653
vggss,C3,12345,best,339,2MKPKDQcgVc_000036,0.9907142857142858,0.7806122448979592,0.11891004194266251,0.021951005929078685,5.417065729326844
vggss,C3,12345,best,340,2NESqWU89V0_000338,0.9620408163265306,0.881938775510204,0.15647266704782703,0.06011361087535587,2.60294906210624
vggss,C3,12345,best,341,2Oe5kao1ycY_000310,0.9840816326530613,0.7508163265306123,0.11208960201242864,0.02315550453502282,4.8407324419510065
vggss,C3,12345,best,342,2PHV2xNjGVU_000126,0.9660204081632653,-0.08275510204081632,0.09969822174021141,0.02699977410256301,3.6925576251672174
vggss,C3,12345,best,343,2Pl5B1Tpn1U_000024,0.9670408163265306,0.21173469387755103,0.06173732661017342,0.01640515889944611,3.76328732861331
vggss,C3,12345,best,344,2QuZzkvq_YQ_000000,0.9895918367346939,0.12112244897959183,0.13140753236755373,0.0174364954683554,7.536349985353336
vggss,C3,12345,best,345,2REf8hLLYMw_000030,0.9960204081632653,0.30357142857142855,0.15409196866512476,0.010185688482153815,15.128282092575958
vggss,C3,12345,best,346,2RHarmH7DEk_000024,0.9880612244897959,0.8864285714285715,0.09678940755124976,0.04348339751102704,2.22589340050314
vggss,C3,12345,best,347,2SchRwpsT7s_000048,0.9505102040816327,-0.6007142857142858,0.1059774281624084,0.03366767921339427,3.147749730259001
vggss,C3,12345,best,348,2Ssh4YWMroo_000030,0.9979591836734694,0.9010204081632653,0.16449646733732903,0.022784520940394803,7.219658809928821
vggss,C3,12345,best,349,2T8OhRXZDTs_000030,0.9925510204081632,0.7151020408163266,0.1447946058715956,0.03577747778136991,4.047088136184748
vggss,C3,12345,best,350,2TprtMP1RDo_000030,0.9953061224489796,-0.37173469387755104,0.12411866197795735,0.01032534692898687,12.020774007071156
vggss,C3,12345,best,351,2U5f3uTl7qg_000167,0.9937755102040816,-0.3110204081632653,0.14947499711279535,0.013892632517373778,10.759299717016603
vggss,C3,12345,best,352,2UvzCdos0nc_000036,0.9935714285714285,0.8258163265306122,0.14971368593768763,0.02578089282722337,5.807156755238409
vggss,C3,12345,best,353,2VFVe0RCn7g_000010,0.9875510204081632,0.8872448979591837,0.18579311776948967,0.05005621770717818,3.7116891023679264
vggss,C3,12345,best,354,2Vg5WTQZqwI_000022,0.9723469387755102,0.7379591836734694,0.09963740670889645,0.025380197651904225,3.9257931744838426
vggss,C3,12345,best,355,2VptepDtAZ4_000058,0.981938775510204,0.6464285714285715,0.14189398545329954,0.01776499892201346,7.9872780221490425
vggss,C3,12345,best,356,2VptepDtAZ4_000071,0.9834693877551021,0.5845918367346938,0.10334062353507568,0.021062535411283802,4.906371503580388
vggss,C3,12345,best,357,2Vu6HtlYio4_000219,0.9883673469387755,-0.36183673469387756,0.14509801235163372,0.017371908921176887,8.352450672519634
vggss,C3,12345,best,358,2W4dw8XuetE_000050,0.9884693877551021,0.2196938775510204,0.12065045568940949,0.013073716606953344,9.228474145235849
vggss,C3,12345,best,359,2Wk4Y3_dMuc_000440,0.9830612244897959,0.5774489795918367,0.06544146255775656,0.013597730624651519,4.812675317976722
vggss,C3,12345,best,360,2YJpjSldLtg_000495,0.991938775510204,0.8226530612244898,0.08927544510755198,0.014183434412793655,6.294346101888008
vggss,C3,12345,best,361,2YW7WBtqzzQ_000000,0.9959183673469387,0.28214285714285714,0.15492458333705617,0.01591600490642012,9.733886377137484
vggss,C3,12345,best,362,2YXcqoFlYFY_000160,0.9818367346938776,0.42989795918367346,0.11357681293193714,0.01529571235788192,7.425401986813037
vggss,C3,12345,best,363,2ZNKLUHeJtg_000030,0.9896938775510205,0.7459183673469387,0.11862526154769495,0.029487081812914765,4.022956978256811
vggss,C3,12345,best,364,2ZZEtUCIkUw_000030,0.9975510204081632,0.6829591836734694,0.13311455231995495,0.010893753627098848,12.219346689540025
vggss,C3,12345,best,365,2ZogsGp-T4o_000040,0.9825510204081632,0.7698979591836734,0.1954267170900607,0.04136094257992843,4.724909658729515
vggss,C3,12345,best,366,2_RltCGlGOA_000010,0.9840816326530613,0.8786734693877551,0.11433746198148978,0.045376748172348005,2.5197367944308873
vggss,C3,12345,best,367,2bCuw7U_Rac_000390,0.9941836734693877,0.9098979591836734,0.21636591662259336,0.053668895186113494,4.031495633965961
vggss,C3,12345,best,368,2bYyywE97aA_000030,0.9953061224489796,0.8470408163265306,0.14731593086477224,0.0197177525319118,7.47123337846703
vggss,C3,12345,best,369,2cEM6Hu90v0_000038,0.9926530612244898,0.848265306122449,0.17053173926398313,0.0434340010613475,3.9262268061171457
vggss,C3,12345,best,370,2drXOn18U3Q_000136,0.968469387755102,-0.3497959183673469,0.10024273602882601,0.02535351797882195,3.953799867638084
vggss,C3,12345,best,371,2eDP3jKoUd4_000030,0.9886734693877551,-0.47551020408163264,0.1506749199501059,0.018312895300320927,8.227804368404016
vggss,C3,12345,best,372,2eYaXTKSpMI_000004,0.9720408163265306,0.553469387755102,0.12522414057444656,0.023485167394683332,5.332052289429085
vggss,C3,12345,best,373,2es7oZzwLWM_000030,0.995,0.8573469387755102,0.1755077467019524,0.048821763751084386,3.594866985895285
vggss,C3,12345,best,374,2f7NnTVQzR0_000150,0.9929591836734694,0.4396938775510204,0.18429271288123603,0.014850171751656588,12.410140162902664
vggss,C3,12345,best,375,2ffgd7k0vI8_000040,0.9884693877551021,0.8631632653061224,0.11993783102898152,0.026317927465605226,4.557267329873437
vggss,C3,12345,best,376,2g5hx_rynAI_000035,0.9512244897959183,0.7178571428571429,0.098705356155943,0.03116753690615704,3.166928347695133
vggss,C3,12345,best,377,2j4dsRMuj4Y_000079,0.9188775510204081,-0.32112244897959186,0.06440674801734574,0.024334019997755797,2.646777968592351
vggss,C3,12345,best,378,2kHcvpsu_QY_000030,0.9891836734693877,0.8806122448979592,0.18924676324516904,0.05576213205083336,3.39382222818614
vggss,C3,12345,best,379,2kQCMxf0onU_000036,0.9933673469387755,0.8287755102040816,0.12170403268563099,0.024173785802893553,5.034545837295508
vggss,C3,12345,best,380,2kdJKmgMcxU_000000,0.9959183673469387,0.9,0.19739885634058096,0.02899145079745176,6.808864369006727
vggss,C3,12345,best,381,2ke9wf3Ajkg_000080,0.9840816326530613,0.14326530612244898,0.0878695543523823,0.014816886484266845,5.930365630167017
vggss,C3,12345,best,382,2mQ1JOOs6LE_000054,0.981938775510204,0.8525510204081632,0.11852178730181501,0.04164874489610865,2.845746915002205
vggss,C3,12345,best,383,2mw1UMcc_Ys_000030,0.9961224489795918,0.22510204081632654,0.15205432056330362,0.010365633019254136,14.669081982823734
vggss,C3,12345,best,384,2o4-lEtFb2k_000060,0.9912244897959184,-0.4240816326530612,0.10601177897093236,0.01321753479376287,8.020540942397028
vggss,C3,12345,best,385,2p37j052q3o_000004,0.978265306122449,-0.013163265306122449,0.14066317806440737,0.02499037990734866,5.628693064527763
vggss,C3,12345,best,386,2qAlWm3NES8_000034,0.9778571428571429,0.7153061224489796,0.07892704761400923,0.021851976592251094,3.6118951199132012
vggss,C3,12345,best,387,2qHRJAQDCDo_000095,0.9876530612244898,0.684795918367347,0.1299718430513445,0.02473832628539379,5.25386566382559
vggss,C3,12345,best,388,2rW2I6KmWhw_000030,0.9957142857142857,0.5798979591836735,0.14811784323604402,0.019211945821171743,7.709674210761972
vggss,C3,12345,best,389,2rciuzaEEWo_000025,0.9893877551020408,-0.61,0.08070293612861767,0.014182060094913216,5.690494581782515
vggss,C3,12345,best,390,2ro_sQ7_vUM_000024,0.975,0.06377551020408163,0.09686146509780504,0.021565025476214486,4.491599845529515
vggss,C3,12345,best,391,2sKmbnOi5S0_000006,0.960204081632653,0.12316326530612245,0.0755556036760399,0.0208877976595815,3.6172125423372044
vggss,C3,12345,best,392,2uHcWdkV4W4_000120,0.9697959183673469,0.2870408163265306,0.11351312323164413,0.026393593025390176,4.300783266698342
vggss,C3,12345,best,393,2uRe-e8RVEM_000190,0.9914285714285714,0.4589795918367347,0.1512564290943795,0.018689552341245638,8.093100697793302
vggss,C3,12345,best,394,2vYkvwD-fkc_000010,0.9786734693877551,-0.0017346938775510204,0.11432550907826064,0.01647251352124536,6.940380345161639
vggss,C3,12345,best,395,2vcA_vgImHQ_000020,0.9829591836734693,0.5847959183673469,0.16915867452822625,0.03819985601694223,4.428254244026515
vggss,C3,12345,best,396,2vycuIKwnnA_000000,0.9910204081632653,-0.4289795918367347,0.10249596829789538,0.011629007352728503,8.813819201330787
vggss,C3,12345,best,397,2wGvpfAkly0_000030,0.9953061224489796,-0.07418367346938776,0.14390882483698522,0.014343247675804414,10.03321061517641
vggss,C3,12345,best,398,2wsp3s4hIKs_000008,0.9825510204081632,-0.4223469387755102,0.08059040237726495,0.01259253040962228,6.399857674013138
vggss,C3,12345,best,399,2xBIHi3oqy4_000030,0.9876530612244898,-0.42183673469387756,0.12082618690447607,0.011061721773387335,10.922909595788587
vggss,C3,12345,best,400,2xQuWif8axE_000030,0.9948979591836735,0.07081632653061225,0.16369029247494596,0.01188901012160384,13.768201961364296
vggss,C3,12345,best,401,2zec0wuZgLE_000500,0.9785714285714285,0.2556122448979592,0.10368401621144258,0.0167950935240747,6.173470606925655
vggss,C3,12345,best,402,3-PFuDkTM48_000080,0.9903061224489796,0.8893877551020408,0.17686345025042877,0.052930357338338375,3.3414369209694246
vggss,C3,12345,best,403,3-qCp_EP-5Q_000234,0.9948979591836735,0.6619387755102041,0.17318562743095203,0.019808502452645347,8.742994471438388
vggss,C3,12345,best,404,30jlal45IKo_000097,0.9883673469387755,0.6190816326530613,0.12425096908953742,0.016548154959171023,7.50844848843268
vggss,C3,12345,best,405,31GOxPXDNkk_000068,0.9816326530612245,0.781530612244898,0.16711903896373523,0.04204058979679665,3.9751830260114267
vggss,C3,12345,best,406,31O2j4aAgYU_000030,0.9726530612244898,0.8436734693877551,0.12970352983812475,0.03952806501993643,3.2813022790947977
vggss,C3,12345,best,407,31uVf6wvCTA_000208,0.9957142857142857,-0.835,0.12121075008864077,0.019448836312329507,6.232288047578442
vggss,C3,12345,best,408,36ToDxW_hns_000090,0.9908163265306122,0.8348979591836735,0.2094971310677279,0.05851935323855965,3.579963199758773
vggss,C3,12345,best,409,387WVkfK-5w_000057,0.9989795918367347,0.8036734693877551,0.1875758955387778,0.015605418658943326,12.019920749212307
vggss,C3,12345,best,410,38F6eeIR-s0_000030,0.9927551020408163,-0.29459183673469386,0.07101609549077023,0.0065653085617051075,10.816870954855213
vggss,C3,12345,best,411,39jhSrtRm70_000079,0.9904081632653061,0.8766326530612245,0.1207031610940706,0.03568389141280273,3.382567212127669
vggss,C3,12345,best,412,39rXWSXGOyo_000080,0.973265306122449,0.6283673469387755,0.14009393380460125,0.0351338817054716,3.9874311349657567
vggss,C3,12345,best,413,3AcKnYk_cLY_000030,0.976938775510204,0.7727551020408163,0.10312299020872183,0.034141456268757246,3.020462554290322
vggss,C3,12345,best,414,3AwevAQzwcs_000030,0.9957142857142857,0.8256122448979591,0.16503164444849527,0.022638348213534235,7.2899154519512095
vggss,C3,12345,best,415,3AzacBprTzU_000060,0.9926530612244898,0.20244897959183675,0.12321875319441287,0.0150505868353485,8.186973341465706
vggss,C3,12345,best,416,3ClbaJYWVO4_000030,0.9891836734693877,0.7579591836734694,0.1780336073632379,0.06164748266139333,2.887929882572987
vggss,C3,12345,best,417,3DK5YAQAVlI_000080,0.9830612244897959,0.3157142857142857,0.11059603018079117,0.018377576370032515,6.0179877887018405
vggss,C3,12345,best,418,3DTZsjKMOyA_000289,0.9773469387755102,0.8325510204081633,0.12398372174526724,0.059785190208728765,2.0738199763587164
vggss,C3,12345,best,419,3F9Qszr4j1Q_000030,0.991734693877551,0.9245918367346939,0.1686190733068789,0.04268744049636232,3.9500862864159787
vggss,C3,12345,best,420,3FE8b0QVvsM_000030,0.9858163265306122,-0.34785714285714286,0.1595240438500862,0.026376956970606307,6.047856241637541
vggss,C3,12345,best,421,3FNTvu5iROw_000076,0.9953061224489796,0.748061224489796,0.16189437627153022,0.023083935835961925,7.013291729017837
vggss,C3,12345,best,422,3GtKbvwaycY_000025,0.9856122448979592,0.8694897959183674,0.18950588883394068,0.05001758789490747,3.788785041616035
vggss,C3,12345,best,423,3GtKbvwaycY_000037,0.9871428571428571,0.7856122448979592,0.1777084894940036,0.053341172851821,3.331544471053693
vggss,C3,12345,best,424,3GtvLj8K1F4_000140,0.9920408163265306,0.6036734693877551,0.14989890255100277,0.021007434337430148,7.1355168909855555
vggss,C3,12345,best,425,3H3261x-QgI_000030,0.9942857142857143,0.7773469387755102,0.1677812533233826,0.023062074588351758,7.275202093402555
vggss,C3,12345,best,426,3HgbEKrbA9s_000054,0.9909183673469387,0.781734693877551,0.17680263436489618,0.05011942338345583,3.5276270641066043
vggss,C3,12345,best,427,3IwOig7sw6c_000030,0.9890816326530613,0.5289795918367347,0.13143587417917238,0.01969746704513671,6.672729741239689
vggss,C3,12345,best,428,3JYjNHFJfO4_000363,0.9964285714285714,-0.24581632653061225,0.18101771932342875,0.009274280309779163,19.51824974845289
vggss,C3,12345,best,429,3KQxT20mY-k_000030,0.9877551020408163,-0.034489795918367344,0.08986213518994245,0.01329585704319348,6.75865684310628
vggss,C3,12345,best,430,3KbSLoAAzy0_000069,0.9925510204081632,0.34581632653061223,0.14220745111155028,0.02356209735156077,6.035432626804352
vggss,C3,12345,best,431,3LLKsRSkAbE_000110,0.9962244897959184,0.8480612244897959,0.11158176847336342,0.02181147172324517,5.115737713124934
vggss,C3,12345,best,432,3LNnX2Vq0XM_000000,0.9885714285714285,0.27622448979591835,0.1347990766919591,0.014895711426163407,9.049522566286612
vggss,C3,12345,best,433,3LiCT1BSrgQ_000150,0.9748979591836735,-0.019489795918367348,0.13840687802533247,0.023420390337683946,5.909674263739005
vggss,C3,12345,best,434,3LtXT2KVI-c_000030,0.9968367346938776,0.4542857142857143,0.18517075203306946,0.014009323067284352,13.21768019366292
vggss,C3,12345,best,435,3LxtO_vMokk_000010,0.9892857142857143,0.8760204081632653,0.12754440843168915,0.029972625011436167,4.255363298443967
vggss,C3,12345,best,436,3MUeg3nD2OU_000120,0.9923469387755102,0.8818367346938776,0.19166178193155833,0.052360246862174956,3.660444581861107
vggss,C3,12345,best,437,3NGZcpAZcl0_000030,0.9931632653061224,0.47244897959183674,0.1422100596752331,0.012707083589661659,11.191400345468224
vggss,C3,12345,best,438,3NvKtRbbOYU_000310,0.993265306122449,0.9098979591836734,0.13653122861840084,0.047498643794127354,2.8744237248155136
vggss,C3,12345,best,439,3O7CzEL0pXA_000421,0.9754081632653061,0.1856122448979592,0.12433350827256445,0.022109370465017573,5.623566191958765
vggss,C3,12345,best,440,3O7CzEL0pXA_000496,0.9924489795918368,0.703265306122449,0.1484110741372856,0.0219710503953292,6.754846557943181
vggss,C3,12345,best,441,3OlQmVVOzbQ_000250,0.9916326530612245,0.8144897959183673,0.12213250084844293,0.027822995998865795,4.389624354380156
vggss,C3,12345,best,442,3PD-JrOG1WA_000000,0.9955102040816326,0.8909183673469387,0.13775954436076923,0.02119840137739173,6.498581751909411
vggss,C3,12345,best,443,3Pfu7BPWvL8_000036,0.9846938775510204,-0.007653061224489796,0.13674682310208053,0.016977144904950843,8.054759729488007
vggss,C3,12345,best,444,3QEd9nR_p7w_000018,0.9278571428571428,0.3026530612244898,0.07996769006717261,0.025845810276237103,3.0940291371207542
vggss,C3,12345,best,445,3RSmQOcI9JI_000105,0.9880612244897959,0.8010204081632653,0.12872018101811072,0.02224832765508957,5.78561153061158
vggss,C3,12345,best,446,3RfBwL7tXuk_000188,0.9862244897959184,0.5889795918367347,0.11479718090314892,0.025353919926889207,4.5277882565764624
vggss,C3,12345,best,447,3RfrTU1p5SA_000500,0.986734693877551,0.6089795918367347,0.08467828902198986,0.01327400235670304,6.3792582483028895
vggss,C3,12345,best,448,3S-yoXKDvE4_000025,0.9937755102040816,0.9379591836734694,0.17510400137814072,0.03258839744285219,5.373200743768004
vggss,C3,12345,best,449,3S3cX2QxOoA_000000,0.9861224489795918,0.15071428571428572,0.12730222059995153,0.016527473740637472,7.7024609203851275
vggss,C3,12345,best,450,3SyOlb_hSjg_000030,0.9912244897959184,0.8576530612244898,0.14101010855144802,0.035437989758628406,3.9790662368797323
vggss,C3,12345,best,451,3T3hm1hHCto_000228,0.981938775510204,0.3806122448979592,0.09409284194610669,0.014955328725275979,6.291593028448817
vggss,C3,12345,best,452,3T7FYQRx0YM_000033,0.9964285714285714,0.8083673469387755,0.1553255257768707,0.016009169339295,9.702285139530595
vggss,C3,12345,best,453,3T8XhCkaA8M_000030,0.9897959183673469,0.8036734693877551,0.18664984472302645,0.040030234254538395,4.662721770154647
vggss,C3,12345,best,454,3UCK4XCrvoc_000030,0.9708163265306122,0.5153061224489796,0.11575297229440909,0.02722731255029265,4.2513550347871165
vggss,C3,12345,best,455,3VfSV1vJydw_000191,0.9931632653061224,0.9164285714285715,0.2024118877069793,0.040689219149117474,4.974582750413127
vggss,C3,12345,best,456,3Vpt-gR-8Lk_000030,0.9913265306122448,0.386530612244898,0.0981223801948169,0.014100607525125373,6.958734226165511
vggss,C3,12345,best,457,3X9dtfeV1mQ_000040,0.978265306122449,0.7428571428571429,0.1517905981820422,0.04456567876647291,3.405997673174349
vggss,C3,12345,best,458,3XhpZyBrIVk_000018,0.9689795918367347,-0.47306122448979593,0.057631141806345584,0.013784779670383204,4.180780773026566
vggss,C3,12345,best,459,3YI7HlxdMxQ_000208,0.9904081632653061,0.4164285714285714,0.16200214644596522,0.020848815231646625,7.770328656376624
vggss,C3,12345,best,460,3c6dQju-FYU_000021,0.9918367346938776,0.8758163265306123,0.11089969629279268,0.02142427680305997,5.176356584272342
vggss,C3,12345,best,461,3cThgRIaqgU_000016,0.9961224489795918,0.7148979591836735,0.2060097383209968,0.024081325762168863,8.554750695853828
vggss,C3,12345,best,462,3eaA8bsLJBA_000042,0.9943877551020408,0.9302040816326531,0.19847286014233467,0.05395611585121409,3.6784126694669914
vggss,C3,12345,best,463,3g3cr1rw3HU_000105,0.9812244897959184,0.2602040816326531,0.11480120628475006,0.01834736951841323,6.2570934852288635
vggss,C3,12345,best,464,3gR0QBgrzYQ_000020,0.9260204081632653,0.5937755102040816,0.07020349557752892,0.03011115144897086,2.331478279616847
vggss,C3,12345,best,465,3gjFMkV2ucY_000030,0.985204081632653,0.08428571428571428,0.16982674881773424,0.025214002751050894,6.73541406711618
vggss,C3,12345,best,466,3h1-zP8M-yU_000020,0.9952040816326531,0.3420408163265306,0.15110845490062208,0.012231615700155525,12.35392433876914
vggss,C3,12345,best,467,3k8zGf8Btfo_000250,0.980204081632653,0.6558163265306123,0.11184020986729791,0.026391571833698745,4.2377244740115065
vggss,C3,12345,best,468,3mCWARDySc8_000059,0.9941836734693877,0.9142857142857143,0.20916035148546858,0.057294148480577914,3.6506407204283984
vggss,C3,12345,best,469,3mDPQ_CPopw_000030,0.9895918367346939,0.8291836734693877,0.13538812489568,0.03146046242670668,4.303437217780673
vggss,C3,12345,best,470,3mENYq_Ta3s_000012,0.9943877551020408,-0.3395918367346939,0.1631520162179464,0.012386787389687594,13.171455284182546
vggss,C3,12345,best,471,3mkiTkMVemM_000030,0.9944897959183674,-0.4794897959183673,0.1206948417180726,0.011343880103206276,10.6396436333948
vggss,C3,12345,best,472,3mtdpXbogzk_000180,0.9920408163265306,0.8158163265306122,0.19253586749779011,0.037088365182956,5.191274043706574
vggss,C3,12345,best,473,3njuN-F2Ecs_000332,0.9868367346938776,0.7018367346938775,0.1585444881936385,0.03609934291399477,4.391894017887371
vggss,C3,12345,best,474,3oGWyWYbFyk_000006,0.9910204081632653,0.8330612244897959,0.1320587013035663,0.029231523955113765,4.51768103183221
vggss,C3,12345,best,475,3oaky81Equ8_000016,0.9807142857142858,0.63,0.1426806832095926,0.028236595954023776,5.053041217925572
vggss,C3,12345,best,476,3oaky81Equ8_000045,0.976326530612245,0.49857142857142855,0.1418658889641874,0.02467614841212096,5.749109893280697
vggss,C3,12345,best,477,3otUlQ4wvLY_000030,0.9890816326530613,0.6764285714285714,0.15291941402624215,0.019536682702540747,7.827296801332345
vggss,C3,12345,best,478,3p3A4QDXw-g_000030,0.9945918367346939,0.545,0.14984657281626787,0.025015025917373628,5.990262545048785
vggss,C3,12345,best,479,3ptxRyVuU0w_000520,0.9738775510204082,0.7021428571428572,0.12706349660748914,0.028618904540892134,4.439844873375024
vggss,C3,12345,best,480,3qEb6Y-D7Mw_000050,0.981326530612245,0.2648979591836735,0.11512683201844084,0.016259566659301034,7.080559674853593
vggss,C3,12345,best,481,3qesirWAGt4_000020,0.9883673469387755,0.5474489795918367,0.13772700495821136,0.01486391210653651,9.265865135037023
vggss,C3,12345,best,482,3sQrJVyxju0_000065,0.9870408163265306,0.813469387755102,0.1791093111688865,0.04987719446903924,3.5910061316713953
vggss,C3,12345,best,483,3sYnYraOuIo_000510,0.991734693877551,0.7931632653061225,0.1951786777976087,0.019382690939533723,10.069741007917242
vggss,C3,12345,best,484,3sz7nQTcwcE_000009,0.9975510204081632,-0.6037755102040816,0.2067191507882371,0.01333100505275027,15.506644095494485
vggss,C3,12345,best,485,3t6pqBKV0kY_000030,0.9777551020408163,0.41816326530612247,0.1014384732096647,0.02253251258643543,4.501871365678529
vggss,C3,12345,best,486,3twm2ErD0kM_000154,0.9922448979591837,0.9118367346938776,0.15231269333481748,0.037616301516916306,4.049114006232681
vggss,C3,12345,best,487,3uLmjElob2Q_000004,0.995,0.47622448979591836,0.0651366673173206,0.008034024881990457,8.107600894208678
vggss,C3,12345,best,488,3uuyQ4O0L68_000030,0.9795918367346939,0.9433673469387756,0.1346057452160541,0.052521892322458005,2.5628502566061884
vggss,C3,12345,best,489,3vDDWN5GKAA_000139,0.9833673469387755,0.8089795918367347,0.13749022236449532,0.04010461552102087,3.4282892524534914
vggss,C3,12345,best,490,3vLc6D64xcs_000330,0.978265306122449,0.4362244897959184,0.10258874645590076,0.018586212576372284,5.519615469496817
vggss,C3,12345,best,491,3vpG1PgFF34_000030,0.9963265306122449,0.7608163265306123,0.17131350557401592,0.022185045639848543,7.72202628541383
vggss,C3,12345,best,492,3xh2kScw64U_000030,0.9677551020408163,0.24775510204081633,0.10719132199313285,0.02617858608732137,4.094618465473466
vggss,C3,12345,best,493,3ypSlMWAZeo_000239,0.9905102040816327,-0.10193877551020408,0.14183513305838852,0.014208619473297601,9.98233032596451
vggss,C3,12345,best,494,4-DcTjFR4qw_000100,0.9901020408163266,0.8413265306122449,0.15445105559223765,0.0322717305133973,4.785955172999438
vggss,C3,12345,best,495,4-SlE4qtKvw_000222,0.9929591836734694,0.7481632653061224,0.21557204015940282,0.019933645346495964,10.81448156682978
vggss,C3,12345,best,496,4-SlE4qtKvw_000239,0.9942857142857143,0.661734693877551,0.19658637362540476,0.02081692836368334,9.44358217460959
vggss,C3,12345,best,497,40s88hEcn5I_000170,0.9925510204081632,0.8504081632653061,0.1098688990775526,0.023371575998889747,4.700962360551631
vggss,C3,12345,best,498,40sAH2ZB0Pg_000030,0.9851020408163266,0.843469387755102,0.1756275652796769,0.055977610826911973,3.1374609006221044
vggss,C3,12345,best,499,42vB40Fkdis_000076,0.9937755102040816,0.731938775510204,0.19196345271608614,0.032482079707721684,5.909826416393293
vggss,C3,12345,best,500,448X3t13rlk_000325,0.9939795918367347,0.8101020408163265,0.14821591672514609,0.028772710818199564,5.151267034296792
vggss,C3,12345,best,501,44Nt8WOHyyU_000040,0.9922448979591837,0.7022448979591837,0.23834315328866357,0.03365068074252616,7.082862754317377
vggss,C3,12345,best,502,45JHcLU57B8_000020,0.9875510204081632,0.913469387755102,0.13876152265662872,0.03397319197288642,4.084441720029504
vggss,C3,12345,best,503,45vBbOhzS6g_000050,0.9925510204081632,-0.4409183673469388,0.12714839847769627,0.01473156655953933,8.631016800814178
vggss,C3,12345,best,504,466XkuormNQ_000030,0.9906122448979592,0.5876530612244898,0.17481413928134912,0.02937762452055146,5.95058797756285
vggss,C3,12345,best,505,46t-4NFQ9_w_000002,0.9843877551020408,0.6435714285714286,0.10096568122846517,0.019664968362898532,5.134291566873554
vggss,C3,12345,best,506,46zbt7TQHRs_000000,0.9911224489795918,0.45102040816326533,0.14284395131823868,0.014700198604027291,9.717144316615213
vggss,C3,12345,best,507,476vNb6thyM_000030,0.9921428571428571,0.9613265306122449,0.17942163377405979,0.06190463550787058,2.8983553865081406
vggss,C3,12345,best,508,47mYYtNAp_4_000000,0.9004081632653061,0.7274489795918367,0.060545958953085066,0.03559816179345236,1.7008170057876808
vggss,C3,12345,best,509,48zE-hRAYEA_000030,0.9826530612244898,0.4926530612244898,0.12389428827819471,0.02706956100064793,4.576885760180197
vggss,C3,12345,best,510,49PCE6AXrGw_000030,0.9840816326530613,0.4676530612244898,0.11339024567622481,0.015984685336413028,7.093680187618235
vggss,C3,12345,best,511,4BFOgNwhpkQ_000303,0.9910204081632653,0.733265306122449,0.15312055816399578,0.02613675854668341,5.858437184951759
vggss,C3,12345,best,512,4BFOgNwhpkQ_000336,0.9779591836734693,0.7405102040816327,0.1626504580281989,0.03694177820072475,4.402886540664897
vggss,C3,12345,best,513,4BUKAcdGfaI_000009,0.9853061224489796,0.8409183673469388,0.12216080695815568,0.026430112468924686,4.622031294864399
vggss,C3,12345,best,514,4DKN1qAMQig_000021,0.986938775510204,0.1136734693877551,0.12120512662172628,0.02213127274616995,5.476645108117522
vggss,C3,12345,best,515,4GPDqOodSUU_000140,0.9851020408163266,-0.014489795918367347,0.09114526365025159,0.018013985269209314,5.059694581078794
vggss,C3,12345,best,516,4GclkzsR830_000030,0.9780612244897959,-0.062040816326530614,0.09150870423046936,0.017925678615276632,5.10489483798308
vggss,C3,12345,best,517,4GxRRVp3hD4_000018,0.9927551020408163,0.30020408163265305,0.1626057084324202,0.011416098792380352,14.243544260579718
vggss,C3,12345,best,518,4IJCSuJoo9o_000002,0.965204081632653,0.006122448979591836,0.12140407817179387,0.025052274147847078,4.846030242816379
vggss,C3,12345,best,519,4JTxc-TKxPo_000092,0.9925510204081632,-0.3543877551020408,0.12126102884622332,0.010477711732840626,11.573235830315031
vggss,C3,12345,best,520,4K6nNmzeTk0_000030,0.9940816326530613,0.2696938775510204,0.17498834314313616,0.01416562301286138,12.353028383168121
vggss,C3,12345,best,521,4K88ptVpPn8_000145,0.9847959183673469,0.8773469387755102,0.105009141352874,0.029929804401129117,3.508514120089354
vggss,C3,12345,best,522,4L9KyVVsQOc_000030,0.981326530612245,0.7307142857142858,0.17973418186465231,0.048283546280442007,3.7224726788027254
vggss,C3,12345,best,523,4LnCvnu9QOo_000010,0.9965306122448979,-0.7438775510204082,0.12560798221754102,0.013151405393192239,9.550917066442297
vggss,C3,12345,best,524,4Mj0Eu8AThg_000002,0.9957142857142857,0.9093877551020408,0.15464193281018093,0.02399625415364677,6.444419692341007
vggss,C3,12345,best,525,4O-dYCrVKLY_000030,0.9864285714285714,0.0463265306122449,0.12564258635824344,0.0135198395061575,9.293201025132033
vggss,C3,12345,best,526,4P518ZMug-U_000115,0.9860204081632653,-0.11530612244897959,0.09709796986101094,0.01572869862833278,6.173299657868973
vggss,C3,12345,best,527,4PYTtp78Ig0_000060,0.9561224489795919,0.438469387755102,0.10790789958830424,0.02072297979695787,5.207161356406143
vggss,C3,12345,best,528,4Psj5jYa7a4_000020,0.9935714285714285,0.26,0.13804978609540466,0.01830676405283983,7.540916881702517
vggss,C3,12345,best,529,4Q1DDOpej1o_000000,0.9853061224489796,-0.7216326530612245,0.13774690337939607,0.027113062018107585,5.080462814838145
vggss,C3,12345,best,530,4RWpCBNrYSM_000174,0.9861224489795918,0.4853061224489796,0.12346320766414262,0.025849787631943507,4.776178799688656
vggss,C3,12345,best,531,4TgXgwVndiw_000160,0.9663265306122449,0.14887755102040817,0.07230767903655354,0.015801994743396587,4.575857681940428
vggss,C3,12345,best,532,4Tpy1lsfcSM_000030,0.9952040816326531,0.7227551020408163,0.1675245790182263,0.01676130679821738,9.994720640519692
vggss,C3,12345,best,533,4U7GK4-5No4_000046,0.9944897959183674,-0.5102040816326531,0.1487030124623554,0.015747750398553036,9.442809842605762
vggss,C3,12345,best,534,4UCZF_UnG10_000027,0.9916326530612245,0.46551020408163263,0.12304048025392939,0.01295665324264158,9.496316521691838
vggss,C3,12345,best,535,4ViTIFEK5Fo_000090,0.9885714285714285,0.748061224489796,0.13644154550971566,0.03251258638765475,4.196576177696015
vggss,C3,12345,best,536,4Vq6WDtxTt4_000030,0.9918367346938776,0.43214285714285716,0.1723874231926879,0.022030433924576962,7.824967215029477
vggss,C3,12345,best,537,4WH0ZxvF9Nw_000003,0.9759183673469388,0.6703061224489796,0.12429541906804205,0.03519954584684847,3.531165419259823
vggss,C3,12345,best,538,4WRgvRI06zc_000030,0.9972448979591837,0.940204081632653,0.14349639205496098,0.03416573335135002,4.200009131350634
vggss,C3,12345,best,539,4WsPXawPBF8_000005,0.9897959183673469,0.946734693877551,0.13009890174048036,0.0351073585700435,3.7057445230724793
vggss,C3,12345,best,540,4YHYnWM_jMQ_000083,0.9863265306122448,0.04724489795918367,0.12825715781853025,0.015840611517996463,8.096730209740814
vggss,C3,12345,best,541,4ZJrKmDGdA4_000140,0.993061224489796,-0.15836734693877552,0.14695974015691213,0.011827554083186628,12.425201281964261
vggss,C3,12345,best,542,4_6e0icNw7Q_000182,0.990204081632653,0.6837755102040817,0.1807971479821212,0.021104291529854425,8.566842801918417
vggss,C3,12345,best,543,4_cfXx3iLes_000030,0.9864285714285714,0.8014285714285714,0.09884303781796835,0.027413724207320214,3.605604151791042
vggss,C3,12345,best,544,4_f33b75_LY_000160,0.9848979591836735,0.0613265306122449,0.10021029427726229,0.013962808878954736,7.176943775854654
vggss,C3,12345,best,545,4azTRWgh-9I_000000,0.9891836734693877,-0.2304081632653061,0.14903375906645736,0.020506165950260367,7.2677534858516575
vggss,C3,12345,best,546,4cgDBRTdmq0_000221,0.9719387755102041,0.3355102040816327,0.08042567184382386,0.015503954312283193,5.187429621106769
vggss,C3,12345,best,547,4dGlrvX_EfI_000020,0.985204081632653,0.820204081632653,0.12315134977320336,0.03219890351514622,3.8247063200544553
vggss,C3,12345,best,548,4dVhbo5rq7w_000212,0.9648979591836735,0.8525510204081632,0.14758881222683642,0.06745527947266117,2.1879504966939236
vggss,C3,12345,best,549,4ep09nZl3LA_000030,0.9924489795918368,0.3485714285714286,0.13228696268630893,0.01415845738928141,9.343317499154683
vggss,C3,12345,best,550,4euUZgSSuIw_000160,0.9889795918367347,0.37051020408163265,0.1798594761513194,0.020570326096662987,8.74363757317863
vggss,C3,12345,best,551,4ewhrrQCJic_000120,0.9884693877551021,0.10877551020408163,0.111911143153326,0.010372387942324101,10.789332579499577
vggss,C3,12345,best,552,4go6CQ_RhYQ_000250,0.9912244897959184,-0.3843877551020408,0.11716875358571364,0.014274296889971545,8.208373028028507
vggss,C3,12345,best,553,4h550TCCd9w_000153,0.9783673469387755,0.7870408163265306,0.1628184786496635,0.057525630553818145,2.8303640843595543
vggss,C3,12345,best,554,4hYiaSYueCE_000216,0.9651020408163266,0.5858163265306122,0.1378638319391353,0.03436398633662125,4.011869594774446
vggss,C3,12345,best,555,4i9DgH80kDg_000030,0.9875510204081632,0.9053061224489796,0.20452967728776222,0.0645162805960508,3.1702025503975193
vggss,C3,12345,best,556,4jKkc7qQQ88_000016,0.9978571428571429,0.8346938775510204,0.18429170119363036,0.025209842193260237,7.31030760846651
vggss,C3,12345,best,557,4k74Cvw2rLU_000160,0.9935714285714285,-0.02163265306122449,0.11715345441481546,0.011228132573042745,10.433921549526886
vggss,C3,12345,best,558,4kGozLe1X_Q_000073,0.9909183673469387,0.8492857142857143,0.13093948088359858,0.03244385816058962,4.035878847561173
vggss,C3,12345,best,559,4lchD4CmjDc_000010,0.9959183673469387,0.73,0.15839702181145068,0.018223148927704425,8.692077447199132
vggss,C3,12345,best,560,4mCpxmwhci4_000049,0.9898979591836735,0.39714285714285713,0.15519900977946405,0.017893216911343088,8.67362255476143
vggss,C3,12345,best,561,4nlB8qkQJ9s_000020,0.9897959183673469,0.3302040816326531,0.1134274508769894,0.013848160736278765,8.190795372546294
vggss,C3,12345,best,562,4p8n4Zf-WMM_000190,0.9962244897959184,0.9511224489795919,0.18867142500092374,0.032661159308933825,5.77662976431202
vggss,C3,12345,best,563,4q4ejLxTo8I_000010,0.990204081632653,0.4186734693877551,0.1057817373642175,0.015738228793193195,6.721324156246111
vggss,C3,12345,best,564,4q9NPjOpWy8_000146,0.9893877551020408,0.5730612244897959,0.13245759460956955,0.024638795556431805,5.3759768535029835
vggss,C3,12345,best,565,4qaiLMEce6Y_000025,0.9946938775510205,0.7455102040816326,0.1680450689116335,0.023486734508838085,7.1548928544493045
vggss,C3,12345,best,566,4t1VqRz4w2g_000030,0.9853061224489796,0.7003061224489796,0.11287036936168335,0.024533214051073587,4.600716772238168
vggss,C3,12345,best,567,4tHvsHkl8L0_000027,0.996734693877551,0.8004081632653062,0.12736314592850193,0.015008736477957665,8.485933916925767
vggss,C3,12345,best,568,4tKvAMmAUMM_000030,0.9837755102040816,0.7706122448979592,0.09895787792268569,0.0223325352305842,4.431108107563345
vggss,C3,12345,best,569,4tOFGK47I5E_000005,0.9938775510204082,0.5087755102040816,0.15343054952805463,0.014666090878228332,10.461584535509784
vggss,C3,12345,best,570,4thEVesl7yA_000001,0.9936734693877551,0.904795918367347,0.15555404484004015,0.03228678579542228,4.8178857389420005
vggss,C3,12345,best,571,4uihL55gcWo_000028,0.9627551020408164,-0.6453061224489796,0.07847647662594782,0.02739514959746744,2.8646120856811317
vggss,C3,12345,best,572,4v1VgwCvm_U_000030,0.9948979591836735,0.5546938775510204,0.13372808408770656,0.0129822711912665,10.300823493632517
vggss,C3,12345,best,573,4vsI0Kwn8jY_000030,0.9857142857142858,0.7010204081632653,0.15387704168994373,0.029786008122672368,5.166084728648696
vggss,C3,12345,best,574,4vzHgTC_16s_000010,0.990204081632653,0.2830612244897959,0.12819401868825256,0.016461344241460993,7.787578997672123
vggss,C3,12345,best,575,4wozMD0enDU_000000,0.9966326530612245,0.5656122448979591,0.19473011983963165,0.015177885944695253,12.829857896493866
vggss,C3,12345,best,576,4xWlOt4GOzs_000094,0.9970408163265306,0.71,0.1911900353088692,0.019964711462256028,9.57639862065227
vggss,C3,12345,best,577,4xWlOt4GOzs_000203,0.9918367346938776,0.8260204081632653,0.18113992514397131,0.036523515311625,4.959542464586278
vggss,C3,12345,best,578,4z8HTrCvEsc_000012,0.9925510204081632,0.7687755102040816,0.13318322125743254,0.022045858806128072,6.041189977158508
vggss,C3,12345,best,579,4z8HTrCvEsc_000097,0.9943877551020408,0.830204081632653,0.14205055959034313,0.025142004473136168,5.6499297715948575
vggss,C3,12345,best,580,5-FHy1Q61n8_000114,0.9734693877551021,0.6831632653061225,0.07466120212317254,0.020942011759164443,3.5651399197834954
vggss,C3,12345,best,581,5055BM1GUWc_000079,0.973265306122449,0.6542857142857142,0.09498642209200882,0.026205061262733993,3.6247357386295542
vggss,C3,12345,best,582,51NV5b5e5As_000050,0.985204081632653,0.7327551020408163,0.09745697717925889,0.020571236371932623,4.737536209161891
vggss,C3,12345,best,583,51nfpGY_AJk_000080,0.9939795918367347,0.23795918367346938,0.13674448914472132,0.013501928928328657,10.127774325475457
vggss,C3,12345,best,584,52GtuAAT-94_000042,0.9927551020408163,0.18112244897959184,0.14122311712798424,0.016432332074093475,8.594222444581112
vggss,C3,12345,best,585,534-Tg2cSto_000030,0.9857142857142858,-0.09693877551020408,0.10334363248160064,0.01568949617339913,6.586803766000807
vggss,C3,12345,best,586,53KoRxxr1jc_000030,0.9857142857142858,-0.14887755102040817,0.10389274591318223,0.015798597069910315,6.576074157309463
vggss,C3,12345,best,587,55L7peYRB_Q_000120,0.9721428571428572,-0.2519387755102041,0.10980290061563971,0.02570185026160961,4.272178831406948
vggss,C3,12345,best,588,55l9j-CggDQ_000030,0.996938775510204,0.23826530612244898,0.1544158557548493,0.01191373102891705,12.961166856969543
vggss,C3,12345,best,589,573QotnRHDY_000030,0.9859183673469388,0.7401020408163266,0.18386479527974195,0.03288680769083521,5.590837426612884
vggss,C3,12345,best,590,59iKy1LlNpo_000031,0.9865306122448979,0.835,0.1951447859528932,0.05556898809118378,3.511757054720484
vggss,C3,12345,best,591,5A0sMC5olxI_000380,0.9920408163265306,0.9244897959183673,0.12493737922751938,0.04264272474782711,2.929863885723804
vggss,C3,12345,best,592,5AWSzMZZgCA_000077,0.9797959183673469,0.24520408163265306,0.12696451705383777,0.018527772860139402,6.852659410942416
vggss,C3,12345,best,593,5AdvAAdZ8Xs_000570,0.986734693877551,0.7922448979591836,0.19579689147897014,0.04937564365531785,3.9654549689679324
vggss,C3,12345,best,594,5BLIgNC4-4w_000160,0.9583673469387755,0.7778571428571428,0.09744624060214738,0.03606823685045042,2.701718994643079
vggss,C3,12345,best,595,5BaYRFSfA68_000206,0.998265306122449,-0.44051020408163266,0.13353655979428455,0.010055764830889553,13.279602500655502
vggss,C3,12345,best,596,5C58IGwUCFY_000030,0.9941836734693877,0.5047959183673469,0.1723223015018026,0.015886626868996587,10.847003767558533
vggss,C3,12345,best,597,5CffrmMy0n4_000142,0.9764285714285714,-0.6528571428571428,0.10484403201105225,0.02499501293242158,4.194598030195725
vggss,C3,12345,best,598,5CffrmMy0n4_000164,0.9858163265306122,-0.1430612244897959,0.11014061479302016,0.014650607741344978,7.51781883301647
vggss,C3,12345,best,599,5DN1Q9s5B20_000030,0.9964285714285714,0.8904081632653061,0.1818849885665123,0.02742960261948067,6.630974246682542
vggss,C3,12345,best,600,5DW8WjxxCag_000030,0.9851020408163266,0.3722448979591837,0.1479308742220332,0.01719138564250569,8.604941876021568
vggss,C3,12345,best,601,5DjZHCumLfs_000011,0.9783673469387755,0.7247959183673469,0.10893139944865322,0.02774354916574028,3.9263685694247625
vggss,C3,12345,best,602,5FEZg17q5hA_000260,0.9960204081632653,0.027244897959183674,0.18679382203961306,0.015245101517276816,12.252710933274221
vggss,C3,12345,best,603,5FlNBuS7YgM_000140,0.9885714285714285,0.8372448979591837,0.1907620045902958,0.054684917630458074,3.4883842356570787
vggss,C3,12345,best,604,5G-00T0zJ14_000030,0.996938775510204,-0.48387755102040814,0.19813242998532518,0.01585964273876974,12.492868423888257
vggss,C3,12345,best,605,5GLnohP0IkU_000030,0.965,-0.11173469387755101,0.14424944690187802,0.024632016601644137,5.856176911323195
vggss,C3,12345,best,606,5Gu-I_I3I7Q_000029,0.9868367346938776,0.5640816326530612,0.11044773104311584,0.020162622182588436,5.477845591854303
vggss,C3,12345,best,607,5GyhFsJoiYc_000044,0.9877551020408163,0.8978571428571429,0.10163952835184327,0.03629824971495915,2.800122021033863
vggss,C3,12345,best,608,5HQ0rDexH84_000184,0.9947959183673469,-0.2524489795918367,0.10352493811865052,0.011703550344472693,8.845601127143684
vggss,C3,12345,best,609,5Hr6HKMTS18_000400,0.9808163265306122,0.5705102040816327,0.12826452393010906,0.02147855336740944,5.97174873633397
vggss,C3,12345,best,610,5Hvz5Dn0IHA_000118,0.9965306122448979,0.7842857142857143,0.15729627506496538,0.01939766550590113,8.109031213942364
vggss,C3,12345,best,611,5IGRrTij-24_000030,0.9908163265306122,0.6692857142857143,0.11970788884428668,0.021919097564782226,5.461351156930078
vggss,C3,12345,best,612,5JHMkSN2rdc_000074,0.9840816326530613,0.23887755102040817,0.05409401986384034,0.00846881955139148,6.387433282239714
vggss,C3,12345,best,613,5JHMkSN2rdc_000089,0.9774489795918367,0.0936734693877551,0.054802545629921935,0.010826332782899276,5.061967586705375
vggss,C3,12345,best,614,5JaMY3ZmbXM_000188,0.9783673469387755,0.823265306122449,0.11159593728484445,0.039158306725992804,2.8498662637720344
vggss,C3,12345,best,615,5KdvPp1_JeI_000184,0.9915306122448979,0.8304081632653061,0.13696001718731582,0.02361923246003994,5.798665025166708
vggss,C3,12345,best,616,5KeG0Q_mzgg_000300,0.981326530612245,0.15581632653061225,0.17880056197232533,0.025047694138401588,7.138404077611251
vggss,C3,12345,best,617,5LPLWyCFT7A_000022,0.991734693877551,0.7770408163265307,0.1381441054604923,0.024242579916176607,5.698407757678934
vggss,C3,12345,best,618,5LvUzlaQzok_000230,0.9843877551020408,-0.37020408163265306,0.15080579213929302,0.018036325994539942,8.361225683376192
vggss,C3,12345,best,619,5MMIZJ0zCZk_000030,0.9781632653061224,0.4577551020408163,0.11925200900953431,0.020279669047890886,5.880372540987629
vggss,C3,12345,best,620,5NQBuAOle3E_000008,0.9934693877551021,-0.4689795918367347,0.16699847937223491,0.014184017176185284,11.773708202540986
vggss,C3,12345,best,621,5NyjOIjRKKM_000018,0.988265306122449,-0.1430612244897959,0.15491036225264365,0.0207849631354045,7.453001539789785
vggss,C3,12345,best,622,5PhDkTZcLFE_000147,0.9614285714285714,0.39979591836734696,0.08477696768199625,0.01974040428768245,4.294591257935639
vggss,C3,12345,best,623,5QNq0IEPICQ_000030,0.9943877551020408,0.5501020408163265,0.1430562600135713,0.016872972056370963,8.478426890984837
vggss,C3,12345,best,624,5QeFh-ZAf8E_000380,0.9971428571428571,0.7651020408163265,0.15162569387392996,0.01887016456127528,8.035207821403484
vggss,C3,12345,best,625,5R3bR-rkqIk_000146,0.9970408163265306,0.5185714285714286,0.12035031891593019,0.011888906883699951,10.122908699111278
vggss,C3,12345,best,626,5R3bR-rkqIk_000170,0.9948979591836735,0.8736734693877551,0.1336036809473065,0.02360291132172534,5.660474639174311
vggss,C3,12345,best,627,5RAfE1H_CTA_000006,0.9914285714285714,0.378469387755102,0.1048313263459225,0.01229433447460785,8.526799605333357
vggss,C3,12345,best,628,5V0xKS-FGMk_000030,0.991734693877551,0.8279591836734694,0.13822906536523047,0.02218346130502813,6.231176616874451
vggss,C3,12345,best,629,5VCZHHd4UKI_000098,0.9915306122448979,0.4560204081632653,0.17073156671500564,0.01917856681100244,8.902206739299187
vggss,C3,12345,best,630,5VYm2PFJ9iM_000376,0.9834693877551021,0.9214285714285714,0.22801559339784822,0.043251844543630825,5.271812007181213
vggss,C3,12345,best,631,5X7flUpy7Ts_000002,0.9973469387755102,0.25846938775510203,0.15865579758323883,0.009072456085912091,17.48763466924938
vggss,C3,12345,best,632,5X7flUpy7Ts_000015,0.9975510204081632,0.8242857142857143,0.1850219965884004,0.017402929557376677,10.631658076784785
vggss,C3,12345,best,633,5__UnpOFMZo_000005,0.996734693877551,0.5468367346938775,0.17525669309922226,0.012186812612283047,14.38084745166112
vggss,C3,12345,best,634,5aEBWi9H0rg_000460,0.9678571428571429,0.3510204081632653,0.09549423879752722,0.021873910611125355,4.365668329510207
vggss,C3,12345,best,635,5bSfEeWEtUg_000028,0.993061224489796,0.47653061224489796,0.18706652428581605,0.01758182523164438,10.639767021977173
vggss,C3,12345,best,636,5d8P-k6MNIQ_000120,0.9720408163265306,0.758061224489796,0.13373410402075636,0.038074262356990046,3.5124542339611247
vggss,C3,12345,best,637,5fLzQegwHUg_000030,0.9891836734693877,0.8589795918367347,0.12798610617783843,0.02848031029958376,4.493845215573685
vggss,C3,12345,best,638,5faEEBTatTg_000004,0.9759183673469388,0.5552040816326531,0.11055612123039538,0.02530923239923143,4.3682131281766035
vggss,C3,12345,best,639,5g20l907PQM_000028,0.946734693877551,0.8831632653061224,0.09939848971258351,0.052800025367862255,1.8825462491744238
vggss,C3,12345,best,640,5gJ_PWgJWIw_000420,0.9690816326530612,0.5089795918367347,0.09290498191998228,0.02677182729189341,3.4702518026520437
vggss,C3,12345,best,641,5gsfdVBThoI_000203,0.9887755102040816,0.7547959183673469,0.11199960345027603,0.020589432437917034,5.439664438929365
vggss,C3,12345,best,642,5hFnrhyWv3c_000027,0.9924489795918368,0.9277551020408163,0.1496950023655051,0.04204330929901189,3.56049523363812
vggss,C3,12345,best,643,5hLkSi3BcWA_000021,0.9976530612244898,0.9761224489795919,0.18271465649875732,0.04177599615662196,4.3736756345376815
vggss,C3,12345,best,644,5i5ZKyhw_gg_000113,0.9437755102040817,0.6506122448979592,0.08625889643727765,0.029429061949412923,2.9310786930807495
vggss,C3,12345,best,645,5iTVbHhYhC4_000030,0.9914285714285714,-0.2602040816326531,0.15819598681089617,0.019865599793066503,7.963312885529375
vggss,C3,12345,best,646,5iwbk0HAdNc_000000,0.9818367346938776,0.19714285714285715,0.09493862111485972,0.014957787049211925,6.347103405236787
vggss,C3,12345,best,647,5j-4OJ7XpDM_000222,0.9885714285714285,0.7539795918367347,0.15490685176974245,0.026826040110326337,5.774495644256979
vggss,C3,12345,best,648,5jQIuYPAODg_000030,0.9878571428571429,0.9179591836734694,0.1480561326073439,0.05919831476473111,2.501019381983355
vggss,C3,12345,best,649,5jpljP-cYyA_000410,0.9928571428571429,0.8916326530612245,0.09302443942283456,0.020996799990120246,4.430410322839953
vggss,C3,12345,best,650,5jrESZzRxq4_000017,0.9931632653061224,0.3413265306122449,0.10369001615104631,0.00933888176295696,11.103044109877995
vggss,C3,12345,best,651,5kzHSZIhArw_000163,0.9724489795918367,0.6146938775510205,0.12486878406732972,0.03085426388125612,4.047051148194372
vggss,C3,12345,best,652,5lyszxMsT20_000110,0.9892857142857143,0.8496938775510204,0.16205270213304115,0.04544038148896821,3.5662707227135297
vggss,C3,12345,best,653,5oPlF8LSdmg_000094,0.978265306122449,0.7782653061224489,0.09889714552407643,0.02287756584734377,4.3228875914506
vggss,C3,12345,best,654,5ott6Y1gZcY_000218,0.9957142857142857,0.768673469387755,0.09342607007209616,0.010013076089081864,9.330406484573388
vggss,C3,12345,best,655,5q2l2Meutsc_000214,0.9968367346938776,0.9456122448979591,0.17285913367920633,0.03061832720582719,5.645609981145811
vggss,C3,12345,best,656,5qVc9y3TNnY_000030,0.9937755102040816,-0.2835714285714286,0.15270027887053692,0.014089731798812392,10.837699471568923
vggss,C3,12345,best,657,5qWSbdY3IvQ_000005,0.9948979591836735,0.29581632653061224,0.16169396652925408,0.020805373655144954,7.771740570939894
vggss,C3,12345,best,658,5sa8jQUZ1Bg_000035,0.9924489795918368,0.46724489795918367,0.15039219838441895,0.04046533187047085,3.716569009388653
vggss,C3,12345,best,659,5uOe6-ISwyw_000240,0.9876530612244898,-0.37673469387755104,0.10256035749174269,0.014271071147909051,7.186591421819762
vggss,C3,12345,best,660,5uRkBz98fCk_000024,0.9563265306122449,-0.151734693877551,0.09796365507515759,0.01932022989433904,5.070522225196792
vggss,C3,12345,best,661,5uUROIui4Z0_000002,0.9895918367346939,0.8622448979591837,0.15170574473352041,0.02870292569144121,5.285375656975513
vggss,C3,12345,best,662,5wC1sG4US3Y_000205,0.9843877551020408,0.8070408163265306,0.11257294923828798,0.03430506132994786,3.281525957804171
vggss,C3,12345,best,663,5x2orPz0jq0_000012,0.9861224489795918,0.6362244897959184,0.08923143151364668,0.017472001273534377,5.107109947891861
vggss,C3,12345,best,664,5xVe-bGbbYA_000045,0.9604081632653061,0.7441836734693877,0.1121765669196984,0.05285520950205593,2.1223370028518196
vggss,C3,12345,best,665,5z1rE_l-0Ow_000000,0.9734693877551021,0.8231632653061225,0.10467416286947234,0.04199905542802441,2.4922980243890716
vggss,C3,12345,best,666,6-RIiM19Be8_000160,0.9755102040816327,-0.1433673469387755,0.11792602466880088,0.02252403705872149,5.235563427699963
vggss,C3,12345,best,667,60AkV1YbZlU_000006,0.981734693877551,0.4088775510204082,0.10610876273142932,0.017932087462182663,5.917256591303394
vggss,C3,12345,best,668,61AWnBVuJL0_000040,0.9838775510204082,0.13622448979591836,0.11480417786341872,0.020255608290017876,5.667772412443181
vggss,C3,12345,best,669,61d0zvVfnVA_000140,0.9874489795918368,0.42081632653061224,0.11197011446255316,0.015836571486538296,7.070350710551973
vggss,C3,12345,best,670,63Qy15I3QGE_000030,0.986734693877551,0.9211224489795918,0.1507442051256035,0.03867664473048061,3.897551252857354
vggss,C3,12345,best,671,63Wmu5s4e88_000162,0.9963265306122449,0.669795918367347,0.14672537854550852,0.01722975844153929,8.515811701211536
vggss,C3,12345,best,672,63rqIYPHvlc_000030,0.986734693877551,0.2496938775510204,0.128065939637876,0.012466390524676234,10.27289650395434
vggss,C3,12345,best,673,63xbVEyvD24_000030,0.9940816326530613,0.21693877551020407,0.17839243484997921,0.016435204548581803,10.854287473128695
vggss,C3,12345,best,674,64E7E2yd7cQ_000030,0.9954081632653061,-0.5722448979591837,0.18413217748814986,0.01684456760366188,10.931249873586601
vggss,C3,12345,best,675,682ODyTqKyw_000130,0.9670408163265306,0.48142857142857143,0.06771705887589058,0.016129785757753076,4.198261520202842
vggss,C3,12345,best,676,68jDXIGUBMo_000082,0.9943877551020408,0.1,0.17118096656298348,0.014825985531346732,11.546009282219643
vggss,C3,12345,best,677,695GiTHasWE_000066,0.9633673469387755,0.5677551020408164,0.06001794735331618,0.01484661872179175,4.042533082985576
vggss,C3,12345,best,678,6BCoBGdvyiQ_000162,0.9968367346938776,-0.2757142857142857,0.1897870335327261,0.012089879443430627,15.698008770124849
vggss,C3,12345,best,679,6BXR7JlTiBQ_000009,0.9931632653061224,0.613265306122449,0.16459081640562628,0.021664428668660883,7.597283959014273
vggss,C3,12345,best,680,6BXR7JlTiBQ_000590,0.9955102040816326,-0.6059183673469388,0.16475181021580382,0.016851341458797436,9.776777155612928
vggss,C3,12345,best,681,6BaY9WneGaQ_000140,0.9857142857142858,-0.7905102040816326,0.11029941474303484,0.02671563258914111,4.128646940138987
vggss,C3,12345,best,682,6Bh50bxvod4_000070,0.9401020408163265,-0.2342857142857143,0.07375717276849227,0.01890691137376316,3.9010693661389872
vggss,C3,12345,best,683,6BitLl5Bnxw_000030,0.9944897959183674,-0.08224489795918367,0.15676014217356918,0.01447499912453572,10.829716867329841
vggss,C3,12345,best,684,6BlGk51vrbY_000275,0.9791836734693877,0.828265306122449,0.13351292920979335,0.030116402515335143,4.433229670834993
vggss,C3,12345,best,685,6Cnvft_h2M0_000055,0.9941836734693877,0.6014285714285714,0.09507557435528666,0.009758143663359684,9.743202973356572
vggss,C3,12345,best,686,6DXkv8hTM0k_000003,0.9857142857142858,0.4206122448979592,0.1140363588666776,0.019939119882681704,5.719227304798186
vggss,C3,12345,best,687,6DwlcJyDyxc_000290,0.9894897959183674,0.11061224489795918,0.12016304491263671,0.014421652283456092,8.332127453279584
vggss,C3,12345,best,688,6E2jKYWemGI_000320,0.9878571428571429,0.06806122448979592,0.09273464385512684,0.012927756681390812,7.173297435943861
vggss,C3,12345,best,689,6EIgJvYx4AE_000551,0.9944897959183674,0.40653061224489795,0.12738914960356387,0.030603258798081574,4.162600801570502
vggss,C3,12345,best,690,6EQR7Hz4xIM_000051,0.9953061224489796,0.7579591836734694,0.14790885816811292,0.015161058811192491,9.755839615826881
vggss,C3,12345,best,691,6EwAjQDFHcs_000140,0.9909183673469387,0.09275510204081633,0.14269507638755233,0.02085439028460202,6.842447774314083
vggss,C3,12345,best,692,6FUmapkqPn0_000080,0.9927551020408163,0.6859183673469388,0.16822508474896655,0.021536655621819868,7.811105294293198
vggss,C3,12345,best,693,6FlgBpUP9G4_000041,0.9909183673469387,0.8467346938775511,0.12365619878699964,0.03196422586724966,3.8685810599810893
vggss,C3,12345,best,694,6G1N9npWG2E_000030,0.9894897959183674,0.8744897959183674,0.14253909614636875,0.04232511389083818,3.3677191398467374
vggss,C3,12345,best,695,6GjsjhAbXRo_000020,0.9855102040816327,0.6956122448979591,0.13650798277039217,0.02461926217475479,5.544763356489654
vggss,C3,12345,best,696,6GoWuxmiXRc_000070,0.9959183673469387,0.8706122448979592,0.14290360964724338,0.03506857374697491,4.074976378518119
vggss,C3,12345,best,697,6HA2HwIJ2Mw_000006,0.9973469387755102,0.8745918367346939,0.1621912461115836,0.026506871305819878,6.118837800218719
vggss,C3,12345,best,698,6HQqly6duac_000199,0.9843877551020408,-0.6640816326530612,0.1973533814455719,0.03507912282392948,5.625949726170059
vggss,C3,12345,best,699,6HuIs2xW5kI_000086,0.9960204081632653,0.46408163265306124,0.16361717038123896,0.016700651582757093,9.797053101219634
vggss,C3,12345,best,700,6HuIs2xW5kI_000104,0.9754081632653061,-0.10316326530612245,0.12268857585949691,0.0259230596545347,4.7327968802492455
vggss,C3,12345,best,701,6I9BFjKBjLY_000037,0.9931632653061224,0.5842857142857143,0.05233245661217322,0.006785692626695384,7.712176116892433
vggss,C3,12345,best,702,6KiFICzs6UI_000150,0.9795918367346939,0.628265306122449,0.09254681738524184,0.02190672953945091,4.224583921510427
vggss,C3,12345,best,703,6LhWo-WzgLU_000034,0.9948979591836735,-0.7321428571428571,0.13304402872053894,0.012540563224059382,10.60909516928958
vggss,C3,12345,best,704,6M4vQCuhOSw_000160,0.9973469387755102,0.7147959183673469,0.18729997022873132,0.01703085819752123,10.997682445385637
vggss,C3,12345,best,705,6ODACANcE7Q_000221,0.9943877551020408,0.9343877551020409,0.1436008437936821,0.032586697361552924,4.406732053893503
vggss,C3,12345,best,706,6OgSNQOTw2U_000060,0.9909183673469387,0.5366326530612245,0.15100557111254176,0.014919098624174667,10.121628317937034
vggss,C3,12345,best,707,6P6z2S6XLIs_000264,0.9968367346938776,0.8969387755102041,0.21700597499645394,0.04322987527706982,5.019814968366545
vggss,C3,12345,best,708,6QvSd79Ocw8_000030,0.9946938775510205,0.4626530612244898,0.13544500045023802,0.017653983802443825,7.672205999842851
vggss,C3,12345,best,709,6R8cO4ARzkY_000030,0.9909183673469387,0.33010204081632655,0.08400354170304247,0.01412770320576575,5.946015461930092
vggss,C3,12345,best,710,6RDnl3NFgsY_000054,0.9968367346938776,0.37887755102040815,0.17370124070463203,0.012489189510689032,13.908127549507324
vggss,C3,12345,best,711,6TUnFZqFhGg_000354,0.9926530612244898,0.4583673469387755,0.15009310912026605,0.020352383055297976,7.3747191526642855
vggss,C3,12345,best,712,6TrIWYcBxBM_000010,0.9770408163265306,-0.39693877551020407,0.08450463125319814,0.018371822573263398,4.599686880069163
vggss,C3,12345,best,713,6Upef-zCzLM_000014,0.9511224489795919,0.28755102040816327,0.07301902436260105,0.02217518215710206,3.292826360806926
vggss,C3,12345,best,714,6V9JinlbpHw_000082,0.9947959183673469,0.708265306122449,0.18642956371147384,0.024158772362723197,7.716847566275066
vggss,C3,12345,best,715,6VycuUJbRjI_000030,0.9894897959183674,-0.7590816326530613,0.11432322961238907,0.022059911247072215,5.182397532427154
vggss,C3,12345,best,716,6Yk15FbL2yw_000081,0.9834693877551021,0.8597959183673469,0.13047523415095927,0.03483475737944062,3.7455473775731076
vggss,C3,12345,best,717,6Z8wLKsHcbw_000075,0.9935714285714285,-0.2396938775510204,0.09200708303193424,0.010427862521452362,8.823196780994746
vggss,C3,12345,best,718,6ZAzQ_xUCUo_000145,0.9831632653061224,0.12295918367346939,0.12739648716169621,0.019474580561634872,6.54168066719078
vggss,C3,12345,best,719,6ZDqSPh5u20_000022,0.9830612244897959,0.766734693877551,0.1166173559435354,0.029573881649857952,3.9432549749212757
vggss,C3,12345,best,720,6_TGlFO0DCk_000010,0.9929591836734694,0.8820408163265306,0.13692794196673674,0.03881985402288775,3.527265761638505
vggss,C3,12345,best,721,6_WjTR_-4hQ_000030,0.9884693877551021,0.8540816326530613,0.142777776972293,0.04693169963519634,3.0422460316186175
vggss,C3,12345,best,722,6a5b72cfSbk_000039,0.9748979591836735,0.273265306122449,0.09822388496494988,0.021568367049637566,4.554071466740939
vggss,C3,12345,best,723,6ayVxYbKBe0_000030,0.9903061224489796,0.84,0.170580885883954,0.04292596855069757,3.973838952113335
vggss,C3,12345,best,724,6azSzS5ZjN0_000051,0.9847959183673469,-0.08653061224489796,0.12231610818026845,0.021713826059263502,5.633097909434815
vggss,C3,12345,best,725,6b-072VA4UA_000022,0.9609183673469388,0.031122448979591835,0.15577969947415163,0.04023881652340543,3.871378756468654
vggss,C3,12345,best,726,6dFdcTWdues_000400,0.9952040816326531,0.9333673469387755,0.21031091589597553,0.042933193023575164,4.898562186616102
vggss,C3,12345,best,727,6dFyXSkUu14_000000,0.9756122448979592,0.7966326530612244,0.12077811982235186,0.037688376205875194,3.2046517250462996
vggss,C3,12345,best,728,6dhU9_K2uw8_000030,0.9834693877551021,0.8734693877551021,0.13192468332228807,0.04751946533679023,2.7762240670698404
vggss,C3,12345,best,729,6dwkWDQSjkA_000057,0.9908163265306122,-0.1840816326530612,0.1448409937982088,0.019701837626312623,7.351648944906928
vggss,C3,12345,best,730,6e8U65rgekA_000046,0.9891836734693877,-0.5931632653061224,0.1317506971443053,0.02291154816349938,5.750405699523992
vggss,C3,12345,best,731,6gAQiZDRvXI_000011,0.9875510204081632,0.779795918367347,0.20024380435687125,0.030262701495162664,6.616851585073434
vggss,C3,12345,best,732,6gBqjgsHL2k_000030,0.9893877551020408,0.5687755102040817,0.150328525803269,0.024880464722645018,6.042030463621007
vggss,C3,12345,best,733,6hZQHsHfuSo_000175,0.9985714285714286,0.8389795918367347,0.12511118544559438,0.011136577824779816,11.234257723877397
vggss,C3,12345,best,734,6hyBe3FO-xI_000030,0.9915306122448979,0.6246938775510205,0.11097967045737427,0.016272255568476467,6.820177448071204
vggss,C3,12345,best,735,6iZZQvXNBnI_000009,0.991734693877551,0.6959183673469388,0.17714928596647342,0.014790576586124897,11.977172420219096
vggss,C3,12345,best,736,6jNme_qT8VU_000290,0.9312244897959183,0.25673469387755105,0.09039606877352198,0.03217205144643215,2.8097701175206478
vggss,C3,12345,best,737,6jirqq-c7E0_000290,0.9676530612244898,0.6638775510204081,0.1223064509314828,0.04785797174704484,2.5556129202035196
vggss,C3,12345,best,738,6k54aEMkp-w_000115,0.9886734693877551,0.5095918367346939,0.16092270021163987,0.027807291466081865,5.787068489138053
vggss,C3,12345,best,739,6kXUG1Zo6VA_000000,0.9918367346938776,0.9025510204081633,0.14643930419719883,0.03126918630844711,4.683182438861207
vggss,C3,12345,best,740,6kuESYFcEqw_000030,0.955204081632653,0.11989795918367346,0.06904090449270218,0.01641677810054729,4.2055087831394005
vggss,C3,12345,best,741,6l5RWxeju8U_000020,0.9704081632653061,0.2783673469387755,0.13152657676429386,0.02840116601783341,4.631027355767959
vggss,C3,12345,best,742,6m3-rzozCRE_000020,0.9891836734693877,0.7125510204081633,0.17011392060189842,0.021073219747213424,8.072516807707713
vggss,C3,12345,best,743,6mbQDmij4oQ_000010,0.9909183673469387,0.7460204081632653,0.12690635369919692,0.02341694840232755,5.4194232108647835
vggss,C3,12345,best,744,6psjy93yoTA_000030,0.9626530612244898,0.8392857142857143,0.1633605189410078,0.047166669613678096,3.46347368340872
vggss,C3,12345,best,745,6ptv5WYOzoI_000023,0.9909183673469387,0.1629591836734694,0.1146483233682298,0.015929077143440162,7.19742407773094
vggss,C3,12345,best,746,6r-V0mrdTnQ_000119,0.9914285714285714,0.6594897959183673,0.16811717504204682,0.0691235296507325,2.4321265984464278
vggss,C3,12345,best,747,6rpRjYMA3n4_000073,0.9840816326530613,-0.39571428571428574,0.13288086797240836,0.020653342097705658,6.433867571833319
vggss,C3,12345,best,748,6s2pBWctGDM_000006,0.9909183673469387,0.7029591836734694,0.11115535048251082,0.016591978866861395,6.6993425783899525
vggss,C3,12345,best,749,6taAP7SFewI_000030,0.9878571428571429,0.801734693877551,0.11151795038738194,0.021430401352999243,5.203726638174917
vggss,C3,12345,best,750,6ty4Rhu7Y5Q_000014,0.9923469387755102,0.40346938775510205,0.1381936738129503,0.01740713682919089,7.938908918163181
vggss,C3,12345,best,751,6uB3h15H90k_000102,0.9792857142857143,-0.06275510204081633,0.10782283784360536,0.016709919529224695,6.452624601514649
vggss,C3,12345,best,752,6uMAVCznTbA_000480,0.9941836734693877,-0.6470408163265307,0.18465680785202404,0.019207994398255927,9.613539239098838
vggss,C3,12345,best,753,6vFwzk19b4A_000010,0.9722448979591837,0.4003061224489796,0.09751506343315143,0.016017144956419618,6.088167629029774
vggss,C3,12345,best,754,6vl7eSBL-ag_000090,0.9841836734693877,0.42806122448979594,0.11911816614389314,0.018876301819053126,6.310460983605334
vggss,C3,12345,best,755,6wO8ORMfyFI_000430,0.9838775510204082,0.8185714285714286,0.1292864251643776,0.02590658859158828,4.990484359116127
vggss,C3,12345,best,756,6wRJg4fbELE_000003,0.9940816326530613,0.15122448979591838,0.13453390000558965,0.012200972574892346,11.02648982937958
vggss,C3,12345,best,757,6wRJg4fbELE_000196,0.9777551020408163,-0.4863265306122449,0.11133077840894369,0.023074638277062503,4.824811425954737
vggss,C3,12345,best,758,6wg3GJZk7Q0_000001,0.9944897959183674,-0.02826530612244898,0.17368894085388448,0.01636283659445725,10.614842961441044
vggss,C3,12345,best,759,6xEHP-C-ZuU_000030,0.988265306122449,-0.07571428571428572,0.07896957643630817,0.014350469745628123,5.502926234199845
vggss,C3,12345,best,760,6xL7BK7WeMU_000001,0.9942857142857143,0.7703061224489796,0.12689183292823933,0.0210521565494385,6.027498067965097
vggss,C3,12345,best,761,6zTszR6wgys_000200,0.9589795918367346,0.11653061224489795,0.08903272243116547,0.024395854530671387,3.6495021036967645
vggss,C3,12345,best,762,6zlMP_kQ_-w_000030,0.9968367346938776,0.9409183673469388,0.1714217277406649,0.04552460569365615,3.765474189808359
vggss,C3,12345,best,763,7-Ly3ICovLE_000030,0.9839795918367347,-0.4843877551020408,0.10959209559654733,0.019539895521124916,5.608632629486961
vggss,C3,12345,best,764,7-vFjIl7wCI_000021,0.9845918367346939,0.21591836734693878,0.15573865560686023,0.019126430014537975,8.142588841121082
vggss,C3,12345,best,765,7-z44NWB-84_000107,0.9915306122448979,0.34448979591836737,0.19500775004875565,0.015597594633829802,12.50242454857758
vggss,C3,12345,best,766,7-z44NWB-84_000170,0.9938775510204082,0.779795918367347,0.20285503991562004,0.018999857708752305,10.676661005843988
vggss,C3,12345,best,767,70CtvdsGQf4_000002,0.9951020408163266,0.15846938775510205,0.15659180471767314,0.010886785234713686,14.383658843417185
vggss,C3,12345,best,768,70SeDyvtqi8_000205,0.9729591836734693,-0.06030612244897959,0.09975322545500577,0.018031885830153138,5.532046198307069
vggss,C3,12345,best,769,72baZt5rKAs_000260,0.9456122448979591,0.28989795918367345,0.11590754608653454,0.019217878281906797,6.031235310489968
vggss,C3,12345,best,770,73cuZZq-J3w_000020,0.9891836734693877,0.9446938775510204,0.104359990572657,0.03509888201243165,2.9733138091319775
vggss,C3,12345,best,771,74j6uEsqh4M_000120,0.9939795918367347,-0.38051020408163266,0.14993949502189624,0.01423955564245676,10.529787500870855
vggss,C3,12345,best,772,74p3DLeDCHE_000030,0.9925510204081632,-0.6065306122448979,0.13149377338065982,0.020116697343572566,6.53654877512352
vggss,C3,12345,best,773,75AjL_RBmfA_000059,0.9942857142857143,0.8739795918367347,0.13112095046833389,0.025653209847079656,5.111288265677233
vggss,C3,12345,best,774,75PJeJ2hGcw_000030,0.985204081632653,0.7903061224489796,0.10959661705056592,0.022515537064830417,4.867599504066788
vggss,C3,12345,best,775,77lgNFP6Tts_000119,0.9860204081632653,0.40622448979591835,0.10358115300352846,0.01605176362445827,6.452945322824252
vggss,C3,12345,best,776,784FrdBASsk_000097,0.9757142857142858,0.7908163265306123,0.14372920282478366,0.04685763725307169,3.067359159586342
vggss,C3,12345,best,777,7916WqcPKBA_000030,0.9633673469387755,0.415,0.10707680334975132,0.02442307505244233,4.384247402091308
vggss,C3,12345,best,778,799dPLm5vs4_000002,0.9941836734693877,0.8539795918367347,0.12775315377462249,0.02755825806120176,4.63574851105997
vggss,C3,12345,best,779,7AhpZQt1Ml0_000120,0.9926530612244898,0.7121428571428572,0.14152742582075692,0.02266141436049016,6.245304179579713
vggss,C3,12345,best,780,7B_3t_ELwxA_000030,0.9842857142857143,0.6311224489795918,0.16357532410216905,0.026324447505816355,6.213817937338562
vggss,C3,12345,best,781,7CBrxJI9Pxs_000163,0.9401020408163265,0.26051020408163267,0.0989166243485349,0.03056030314728028,3.2367684270611696
vggss,C3,12345,best,782,7CRVoUCXg_A_000030,0.9810204081632653,-0.0776530612244898,0.14671274720676755,0.02188164936321855,6.704830370482992
vggss,C3,12345,best,783,7EgbS-lbHWY_000005,0.9942857142857143,0.3414285714285714,0.1623468498908364,0.018341965424378014,8.851115250444414
vggss,C3,12345,best,784,7GZdzd_wcBg_000230,0.9751020408163266,0.14510204081632652,0.11025390343649083,0.018257930047121854,6.038685828674815
vggss,C3,12345,best,785,7Gua0-UrKIw_000030,0.9943877551020408,0.845,0.13296320638393985,0.02150444709895178,6.1830562660883785
vggss,C3,12345,best,786,7HF6OiDKaQA_000232,0.9880612244897959,0.7117346938775511,0.12348918221029108,0.02110730030971286,5.850543669645217
vggss,C3,12345,best,787,7I2yJgXKncw_000021,0.9596938775510204,0.17061224489795918,0.06850017096910736,0.01899753138892125,3.605740638968201
vggss,C3,12345,best,788,7IUnipVNZoo_000112,0.9879591836734694,0.7166326530612245,0.14202824358760857,0.025588590055732267,5.550452106906605
vggss,C3,12345,best,789,7JqR7JlgRlE_000030,0.9818367346938776,0.6805102040816327,0.14495195430791383,0.034571075275104335,4.192867972848332
vggss,C3,12345,best,790,7LWqCLxcNXc_000019,0.9742857142857143,-0.3722448979591837,0.09733702357677287,0.022057900929106457,4.412796298687334
vggss,C3,12345,best,791,7LsJrF1AwZg_000030,0.991734693877551,0.671734693877551,0.11711903317344499,0.015794628953769572,7.415117728706958
vggss,C3,12345,best,792,7LsexUAG4ps_000032,0.9940816326530613,0.8583673469387755,0.147276098060056,0.027104616114316294,5.433616821537154
vggss,C3,12345,best,793,7MT92mDKdKU_000106,0.9972448979591837,-0.39653061224489794,0.13615870336368116,0.010945297747640241,12.439926852884051
vggss,C3,12345,best,794,7OqOXtp8_tk_000030,0.9830612244897959,0.33163265306122447,0.12902809418603642,0.021560342362884642,5.9845104504534055
vggss,C3,12345,best,795,7OqsePnrOSo_000061,0.9831632653061224,0.92,0.13284044376649193,0.048611564782828645,2.732692197010205
vggss,C3,12345,best,796,7PK3nvCihMk_000011,0.9874489795918368,0.8266326530612245,0.18059885646847187,0.03521453340576381,5.1285318589202715
vggss,C3,12345,best,797,7P_SwPV1FcU_000000,0.991734693877551,0.8121428571428572,0.12644816414599713,0.02722940033598119,4.64381009444807
vggss,C3,12345,best,798,7QnyKZe6VBA_000030,0.9921428571428571,-0.5104081632653061,0.13303289632364312,0.020754431651036954,6.409854943775172
vggss,C3,12345,best,799,7QpwDHOfZeg_000350,0.9757142857142858,0.6495918367346939,0.08952376397135933,0.027264222331547783,3.2835619840060586
vggss,C3,12345,best,800,7R11YUfwU50_000164,0.9952040816326531,0.39755102040816326,0.13936493796244961,0.00933092226403551,14.935815991052525
vggss,C3,12345,best,801,7RNTXUuCKoQ_000029,0.991734693877551,0.29275510204081634,0.15251155845378797,0.01337836205045027,11.399867777435052
vggss,C3,12345,best,802,7SKRc8oyLvE_000009,0.9928571428571429,0.7007142857142857,0.13683139352074988,0.019363019120762215,7.066635252868747
vggss,C3,12345,best,803,7SLiFO2MoHc_000017,0.9972448979591837,0.7635714285714286,0.1936697952356122,0.011972072342973622,16.176797941692733
vggss,C3,12345,best,804,7SR2Nk3gkQ4_000187,0.9913265306122448,0.6070408163265306,0.17052797330407982,0.022673957812652416,7.520873713936373
vggss,C3,12345,best,805,7S_iHrdfrvQ_000030,0.9908163265306122,0.7971428571428572,0.1454945252931191,0.02742441740293763,5.305291381596829
vggss,C3,12345,best,806,7Soo7mXCnq0_000063,0.9971428571428571,0.7868367346938776,0.15850378497774467,0.022730694302050367,6.973116741244777
vggss,C3,12345,best,807,7T04388Ijk8_000030,0.9879591836734694,0.7221428571428572,0.11202628347762819,0.027082537810060422,4.13647658366837
vggss,C3,12345,best,808,7T5uQKw-DOg_000338,0.9884693877551021,0.4389795918367347,0.1479116427366507,0.01860215653768332,7.951316958171955
vggss,C3,12345,best,809,7UoFNdp0UYg_000020,0.9879591836734694,0.5263265306122449,0.12975608977754097,0.02205030768741452,5.884547808446266
vggss,C3,12345,best,810,7V0G65FK2VQ_000000,0.9824489795918367,0.8794897959183674,0.15471715990729845,0.04651655726593982,3.326066437435706
vggss,C3,12345,best,811,7VMWi8xm0NM_000020,0.9861224489795918,0.7381632653061224,0.07533372251280178,0.016132978393289567,4.669548342303394
vggss,C3,12345,best,812,7XQN9XDnRm4_000080,0.9903061224489796,0.3745918367346939,0.1276679940139904,0.015400249352948371,8.289995251898205
vggss,C3,12345,best,813,7_szvK1eHfw_000354,0.9744897959183674,0.6720408163265306,0.07822083566512662,0.02446498651654171,3.197256438798302
vggss,C3,12345,best,814,7fLnFGd79-s_000018,0.9953061224489796,0.41214285714285714,0.20679661009560102,0.013976112647559172,14.796432692728516
vggss,C3,12345,best,815,7fLnFGd79-s_000056,0.9958163265306123,0.5207142857142857,0.21159432565563274,0.016680040050904996,12.685480670902372
vggss,C3,12345,best,816,7fRaV39Y-2o_000050,0.9888775510204082,0.185,0.11341815381368932,0.014489919450765651,7.827383319766921
vggss,C3,12345,best,817,7fft0a682rE_000000,0.985,-0.1407142857142857,0.12255594499340744,0.021584607198609763,5.677932605662665
vggss,C3,12345,best,818,7gTiMEazgmE_000030,0.9905102040816327,0.9298979591836735,0.15100012141124333,0.0625992310614355,2.412172144144236
vggss,C3,12345,best,819,7gr6ZOKZwuQ_000010,0.9907142857142858,0.5296938775510204,0.11610561984088448,0.015980841414371883,7.26530079551809
vggss,C3,12345,best,820,7hIUlBvcT5k_000106,0.985204081632653,0.6825510204081633,0.11077974964044474,0.021680426928529038,5.109666428877877
vggss,C3,12345,best,821,7ivVufYPEnA_000268,0.9771428571428571,0.8726530612244898,0.16093261943407422,0.07519557691564618,2.140187309349421
vggss,C3,12345,best,822,7j8DS1YoQwQ_000169,0.991734693877551,0.764795918367347,0.1518553176216215,0.022414312607880765,6.774926373081363
vggss,C3,12345,best,823,7l_TPfOhh5c_000570,0.9904081632653061,-0.4691836734693878,0.14558066201612355,0.018566665994180453,7.840969512876164
vggss,C3,12345,best,824,7mtYFBOmeNs_000030,0.9918367346938776,0.8367346938775511,0.13977529620896167,0.020353563178664654,6.867362484986375
vggss,C3,12345,best,825,7n0vuxy-OXg_000026,0.9903061224489796,0.6488775510204081,0.14853057668094735,0.023552834556093378,6.306271813152988
vggss,C3,12345,best,826,7nQxWCn_dBg_000160,0.9818367346938776,0.5076530612244898,0.11000741114051821,0.0228220944616214,4.820215398087644
vggss,C3,12345,best,827,7nglQSmcjAk_000030,0.991938775510204,0.6473469387755102,0.17280043552190927,0.026618622345996053,6.491712203426702
vggss,C3,12345,best,828,7nl6lLs3dn8_000119,0.9873469387755102,-0.06459183673469387,0.1313478392263323,0.015094845835283163,8.701502530043452
vggss,C3,12345,best,829,7oNljd7R1f8_000019,0.9840816326530613,0.5917346938775511,0.15143891419485697,0.030933614043251456,4.895610127646731
vggss,C3,12345,best,830,7rMhrFb-DsE_000183,0.9945918367346939,0.49581632653061225,0.14184061984911608,0.012245771707428929,11.582824115777703
vggss,C3,12345,best,831,7rqy1JhY7TU_000030,0.9922448979591837,0.43112244897959184,0.15578492350257894,0.01932836297893822,8.05991297205744
vggss,C3,12345,best,832,7rxfucuwC-Q_000360,0.9810204081632653,0.6572448979591837,0.1416606633143323,0.03442901849090813,4.1145716469303775
vggss,C3,12345,best,833,7s6xFTV74tE_000070,0.9821428571428571,-0.08346938775510204,0.1817774173458125,0.017147045411475607,10.601092665454686
vggss,C3,12345,best,834,7sYsxcdTcXY_000056,0.9895918367346939,0.8771428571428571,0.15036932997515282,0.029895810649416776,5.029779313847985
vggss,C3,12345,best,835,7tE6gxSwrH4_000030,0.9906122448979592,0.17785714285714285,0.16936245256757268,0.014128419539672664,11.987360093038161
vggss,C3,12345,best,836,7tMPoaU2oL4_000000,0.9945918367346939,-0.7111224489795919,0.08712663007269866,0.008787421657145623,9.914925386771483
vggss,C3,12345,best,837,7u3_Unnj0ZU_000075,0.9778571428571429,-0.12224489795918367,0.09525675497704768,0.01747869414709804,5.449878244643522
vggss,C3,12345,best,838,7uK5ctEget0_000020,0.9809183673469388,0.3662244897959184,0.1202929454691338,0.02850657792833583,4.219831148149192
vggss,C3,12345,best,839,7wJc_LpV8E4_000012,0.9915306122448979,0.6226530612244898,0.12430901259475559,0.021968836086936817,5.658425057332583
vggss,C3,12345,best,840,7xkj4XqaynU_000002,0.9656122448979592,0.5127551020408163,0.10144746557004197,0.024159243944341054,4.1991159079216365
vggss,C3,12345,best,841,7yjEC7Cr6i8_000030,0.9877551020408163,0.5972448979591837,0.12769419241853677,0.02455900182679521,5.199486254332025
vggss,C3,12345,best,842,7yk8XI5q7go_000030,0.9897959183673469,0.8035714285714286,0.12177448345291528,0.04048820424344931,3.007653358017662
vggss,C3,12345,best,843,7zS81_mUsK0_000080,0.9886734693877551,0.8697959183673469,0.10251633066533909,0.02936867999200397,3.4906686542687853
vggss,C3,12345,best,844,8-DsEUYJMJo_000442,0.9938775510204082,0.3675510204081633,0.10342155526588431,0.011157757205862649,9.269027220949319
vggss,C3,12345,best,845,8-viBoPGFCA_000003,0.9893877551020408,0.7291836734693877,0.16568503088261824,0.03942810640777138,4.202206141199855
vggss,C3,12345,best,846,80Lqw4-iQXI_000001,0.9625510204081633,-0.08642857142857142,0.06446201074647527,0.008116103730288149,7.942482364525749
vggss,C3,12345,best,847,829gGkJX9dM_000109,0.9786734693877551,-0.4057142857142857,0.1032702569581941,0.018874040078871553,5.471550157075244
vggss,C3,12345,best,848,83XmpVJP-YY_000001,0.9788775510204082,0.5279591836734694,0.1162194166465472,0.02043255812843046,5.687952331570078
vggss,C3,12345,best,849,84JbG7gFceA_000007,0.9907142857142858,0.6042857142857143,0.1780755333766049,0.024171188702661106,7.367264207283269
vggss,C3,12345,best,850,84fDGWoRtsU_000210,0.9897959183673469,0.16693877551020408,0.10403104051784097,0.014479562807713054,7.184681050067695
vggss,C3,12345,best,851,84uy3xSw9H0_000030,0.9933673469387755,0.8711224489795918,0.20264912946985822,0.03727246921392805,5.436965506812515
vggss,C3,12345,best,852,86roBf8WIso_000020,0.9941836734693877,0.7769387755102041,0.19930327409401755,0.05403751817205785,3.68823885396489
vggss,C3,12345,best,853,87tCTDAXZto_000050,0.9864285714285714,0.5975510204081632,0.14623613424339915,0.026999744939626955,5.4162042852772085
vggss,C3,12345,best,854,88OXNd0yTMI_000040,0.9714285714285714,0.5194897959183673,0.07721300072065086,0.014486956382938742,5.329829032382844
vggss,C3,12345,best,855,89536Yebjvc_000110,0.9444897959183673,0.5029591836734694,0.10004045479359144,0.03023015695206026,3.3092932647434843
vggss,C3,12345,best,856,89PzuqeWWYQ_000024,0.9910204081632653,-0.7356122448979592,0.08066556641085537,0.009898366981629925,8.149381262642628
vggss,C3,12345,best,857,8AgLb-bpocg_000037,0.9564285714285714,0.5077551020408163,0.08935611400150943,0.023111629828326437,3.866283540591819
vggss,C3,12345,best,858,8Aq06SXi6G8_000010,0.9868367346938776,0.7259183673469388,0.10891742425096139,0.031759169501466275,3.429479610476994
vggss,C3,12345,best,859,8B3FjLzkdPA_000020,0.9893877551020408,0.8948979591836734,0.15246048916830357,0.04742017939473101,3.215097266908355
vggss,C3,12345,best,860,8BQgOfXaBa4_000125,0.9956122448979592,0.9085714285714286,0.13866618867980848,0.020509917031150116,6.760933672681592
vggss,C3,12345,best,861,8C4-ZFYWkcc_000102,0.9961224489795918,0.4246938775510204,0.09243555025280925,0.009999479674303797,9.244036016228511
vggss,C3,12345,best,862,8CqqK9CzuXM_000090,0.9968367346938776,0.8664285714285714,0.18143712733377232,0.019751862145001096,9.185823898618661
vggss,C3,12345,best,863,8CrTpWNBiTo_000120,0.9784693877551021,-0.21489795918367346,0.10937710392997255,0.016774800156254994,6.520322323433938
vggss,C3,12345,best,864,8DHtPopFvII_000080,0.9837755102040816,0.441530612244898,0.17472136284118478,0.027664437421115764,6.315738873757944
vggss,C3,12345,best,865,8DKdz6E8W-E_000051,0.9936734693877551,-0.690204081632653,0.16193567379245108,0.021361640393544563,7.580675959763261
vggss,C3,12345,best,866,8ERVM9Uv6hk_000102,0.9898979591836735,0.7751020408163265,0.11298790387019485,0.021284570840893316,5.308441721226301
vggss,C3,12345,best,867,8EtCndQcHvs_000033,0.980204081632653,0.6106122448979592,0.11100490176412867,0.02497575858004532,4.4445057157470025
vggss,C3,12345,best,868,8F8HvVMwXyw_000090,0.9961224489795918,0.32857142857142857,0.19238646316258878,0.013460024832977832,14.293172973294293
vggss,C3,12345,best,869,8F8RrwXoa68_000028,0.991734693877551,0.6770408163265306,0.12524250748216662,0.013251351694523938,9.45130054422467
vggss,C3,12345,best,870,8FB9Cb00yTs_000065,0.9862244897959184,0.8362244897959183,0.1345447654490369,0.03203499666907685,4.19993068327402
vggss,C3,12345,best,871,8FZM56axVms_000081,0.9910204081632653,0.9202040816326531,0.17263048373117143,0.04867833829611629,3.546351206177973
vggss,C3,12345,best,872,8HBG5mO7ef4_000156,0.9676530612244898,0.3212244897959184,0.10589731707924739,0.02643060831368858,4.006616715832548
vggss,C3,12345,best,873,8Hye31i3cUI_000092,0.991938775510204,0.3746938775510204,0.10533426761987882,0.013679097923600253,7.700381136840017
vggss,C3,12345,best,874,8J4YSr55IbY_000009,0.9886734693877551,0.25581632653061226,0.14933561717224764,0.018587511458201457,8.034190994747474
vggss,C3,12345,best,875,8JPwzZvlX6E_000095,0.9577551020408164,-0.016020408163265307,0.09554969193780327,0.024921006429928103,3.8341024551502807
vggss,C3,12345,best,876,8JgqLELdUkY_000030,0.9966326530612245,0.9168367346938775,0.1685849848377009,0.023425890157479333,7.196524174936238
vggss,C3,12345,best,877,8LXFSLK3otM_000010,0.9945918367346939,0.5646938775510204,0.12198068318516948,0.014240637566420238,8.565675702104999
vggss,C3,12345,best,878,8OXOwCahOOU_000089,0.9897959183673469,0.838265306122449,0.19258569425199112,0.04961244651696034,3.8818020027727203
vggss,C3,12345,best,879,8OukwZl_vsg_000030,0.983265306122449,-0.5311224489795918,0.08577694179144961,0.01322544273799531,6.48575200775861
vggss,C3,12345,best,880,8QHoSMEiBAg_000025,0.9908163265306122,0.9363265306122449,0.09848201949683828,0.04253673867793146,2.31522261832292
vggss,C3,12345,best,881,8QiTQN5reqs_000218,0.9884693877551021,0.456734693877551,0.10750827295082335,0.020474250076387812,5.250901622756314
vggss,C3,12345,best,882,8S-R5p17_IE_000160,0.9879591836734694,0.731326530612245,0.10716686623558545,0.032918524740825496,3.2555184984543764
vggss,C3,12345,best,883,8TCdnr4F6tw_000303,0.9690816326530612,-0.2083673469387755,0.2001615772421233,0.036819176470346736,5.43634041905659
vggss,C3,12345,best,884,8TWtLCjUI5I_000000,0.9881632653061224,0.13989795918367348,0.17253300290419551,0.025556036620944668,6.751164332062141
vggss,C3,12345,best,885,8UgHOeB_mUE_000399,0.9861224489795918,0.6522448979591837,0.1231348899115346,0.01899906256474956,6.481103448756274
vggss,C3,12345,best,886,8VbxIzaSHfw_000030,0.9884693877551021,0.9246938775510204,0.14494234108329795,0.05225631763565934,2.773680726871392
vggss,C3,12345,best,887,8VoDhx0Zsxc_000030,0.9834693877551021,0.358265306122449,0.1324140722159879,0.017956640210241476,7.374100648319846
vggss,C3,12345,best,888,8X0W6KSpWn4_000099,0.9905102040816327,-0.5696938775510204,0.09053958105154486,0.013981542333873475,6.475650460406794
vggss,C3,12345,best,889,8YaDsXWhDTA_000496,0.9743877551020408,0.17704081632653063,0.14483295676104288,0.02892014226411123,5.008030577386714
vggss,C3,12345,best,890,8ZOyve_7Nzs_000099,0.9896938775510205,0.054285714285714284,0.14836982740996288,0.02100271048091377,7.064318081458775
vggss,C3,12345,best,891,8_rFjamYo1Y_000022,0.9392857142857143,-0.345,0.0855484091585987,0.027826086351287888,3.0743960210070727
vggss,C3,12345,best,892,8_vWCyWokX0_000079,0.9873469387755102,0.6975510204081633,0.11637935870351601,0.022158072190868548,5.252233032776043
vggss,C3,12345,best,893,8a0Ctyt3Fpo_000270,0.9865306122448979,-0.44816326530612244,0.12774672505495693,0.02008314559691562,6.360892243622251
vggss,C3,12345,best,894,8aYRcSu-9Y8_000012,0.9928571428571429,0.14091836734693877,0.15822387998436382,0.016447562785546547,9.619898221237044
vggss,C3,12345,best,895,8aZFjhn4U-A_000021,0.9945918367346939,-0.8001020408163265,0.1509909972908133,0.016671340527917338,9.05691999020524
vggss,C3,12345,best,896,8ax7BlXzssY_000000,0.9968367346938776,0.0067346938775510205,0.16804172559637104,0.013699544940434735,12.266226821913582
vggss,C3,12345,best,897,8bakI0ITCqQ_000030,0.9871428571428571,-0.37979591836734694,0.16693953742996007,0.02288139194464423,7.295864597478523
vggss,C3,12345,best,898,8cPqZBlI6Z4_000008,0.9915306122448979,0.673469387755102,0.11079659155808742,0.01974026054718813,5.612721842917604
vggss,C3,12345,best,899,8d6SwUPTyOQ_000030,0.9898979591836735,0.4610204081632653,0.10280568960748067,0.015240861453916489,6.745398868583139
vggss,C3,12345,best,900,8dMtEVjgsHs_000003,0.9906122448979592,0.4860204081632653,0.16356557457357143,0.01918062355685403,8.527646355643256
vggss,C3,12345,best,901,8dMtEVjgsHs_000017,0.985,0.6988775510204082,0.16143965524051437,0.03281477976379936,4.9197238684079645
vggss,C3,12345,best,902,8eFIwBWxrxU_000075,0.9716326530612245,-0.31816326530612243,0.12520332621319458,0.02893577926778269,4.3269381154215845
vggss,C3,12345,best,903,8evHpuXTcgM_000030,0.9945918367346939,0.5156122448979592,0.12358787684200544,0.01145084800709105,10.792901692998845
vggss,C3,12345,best,904,8ewn7JCJbEM_000030,0.9939795918367347,0.7506122448979592,0.11693647700014666,0.01657281695539468,7.055920385464839
vggss,C3,12345,best,905,8h_-FrApEwU_000242,0.9672448979591837,0.8157142857142857,0.14941332954199427,0.058489211945768775,2.5545450959491536
vggss,C3,12345,best,906,8iYLKlaHuLI_000242,0.9924489795918368,0.6339795918367347,0.10190181367017244,0.01499535770824902,6.795557375341287
vggss,C3,12345,best,907,8m-a_6wLTkU_000230,0.9840816326530613,0.5366326530612245,0.14471157288644254,0.02456163832549714,5.891771996993344
vggss,C3,12345,best,908,8mOksvfiImI_000130,0.9858163265306122,0.42826530612244895,0.09330125556470237,0.015527855933618136,6.008637378113689
vggss,C3,12345,best,909,8nVK-2QYw9o_000100,0.9576530612244898,-0.4719387755102041,0.09185530557564758,0.027299459676436915,3.364729802873388
vggss,C3,12345,best,910,8oEdgb8iXYA_000001,0.995,0.6509183673469388,0.15032007085451804,0.02093268966381232,7.181115913373807
vggss,C3,12345,best,911,8q8JrJNAa-Q_000030,0.9773469387755102,0.2758163265306122,0.11321291879806769,0.021256398102840406,5.326063157564757
vggss,C3,12345,best,912,8rKtax0rSuw_000030,0.9796938775510204,0.8444897959183674,0.09892446294502846,0.026085494167060467,3.792316998538813
vggss,C3,12345,best,913,8sDQkl2g4AA_000030,0.9854081632653061,0.7294897959183674,0.1205020709259537,0.020815091246091915,5.789168517268847
vggss,C3,12345,best,914,8spcnH0LalI_000032,0.9971428571428571,-0.763265306122449,0.1502721939210691,0.014103559397358825,10.65491268461
vggss,C3,12345,best,915,8u61Rjy5IJM_000004,0.9926530612244898,0.7780612244897959,0.13644167421470046,0.02154395361656265,6.333177124453437
vggss,C3,12345,best,916,8vasA2D2_Kc_000030,0.9970408163265306,0.6688775510204081,0.15652743411426356,0.013318842510382303,11.752330128706554
vggss,C3,12345,best,917,8ws1ligErwo_000000,0.9856122448979592,-0.7038775510204082,0.15471050924878585,0.01686618512579912,9.17282171960363
vggss,C3,12345,best,918,8xU2s6Y-_a0_000030,0.9942857142857143,0.756938775510204,0.1596270384713157,0.021201459517412594,7.5290589471076395
vggss,C3,12345,best,919,8zIpoSKNOgA_000018,0.9926530612244898,0.9273469387755102,0.1479261190032507,0.04978107259430066,2.971533381950201
vggss,C3,12345,best,920,8zcXuYEmXUE_000100,0.9728571428571429,0.35061224489795917,0.09035511240542092,0.017072146994874377,5.292545362487127
vggss,C3,12345,best,921,9-A6dZ8mbjM_000332,0.9924489795918368,-0.26632653061224487,0.11137201179305602,0.011531207405491652,9.658313121661129
vggss,C3,12345,best,922,9-b18y3Nexg_000285,0.981734693877551,0.9440816326530612,0.1662312239179184,0.054353067483472725,3.058359566706419
vggss,C3,12345,best,923,9-rrXPvMbro_000076,0.9779591836734693,0.9106122448979592,0.1834826339161931,0.052993521489914215,3.46235971412305
vggss,C3,12345,best,924,9-tUObAs28M_000030,0.9788775510204082,0.3479591836734694,0.1052115235606541,0.024811105809399506,4.24050118398171
vggss,C3,12345,best,925,90q-9qr7-Qg_000075,0.9925510204081632,0.543469387755102,0.13509467312179124,0.01392090521490391,9.704446013838027
vggss,C3,12345,best,926,91k-dD34c94_000560,0.9881632653061224,0.4754081632653061,0.1336857621467057,0.01683086699891797,7.942892196539854
vggss,C3,12345,best,927,91vBzCaNTQ0_000079,0.9929591836734694,0.7281632653061224,0.16746676825982365,0.04611691266960308,3.631352546507425
vggss,C3,12345,best,928,91z1LeIpLbk_000004,0.9928571428571429,0.11846938775510205,0.1819242172550168,0.018797287393416198,9.678216513236706
vggss,C3,12345,best,929,91z1LeIpLbk_000053,0.988265306122449,0.10081632653061225,0.14785469014796698,0.015626300965452592,9.461912353720278
vggss,C3,12345,best,930,92k_81uqMSM_000070,0.9858163265306122,0.6619387755102041,0.08813879485570916,0.0183714790889826,4.797588393879844
vggss,C3,12345,best,931,94PSD94IXXk_000016,0.9724489795918367,0.3795918367346939,0.13380507428387473,0.019513397701385608,6.857087439691423
vggss,C3,12345,best,932,94t9laP3N3E_000011,0.9914285714285714,0.7297959183673469,0.09232821620015957,0.015340562315497774,6.018567918262368
vggss,C3,12345,best,933,97IV2XK2l3U_000000,0.9770408163265306,0.7540816326530613,0.10041388972512905,0.02329260743042302,4.310976777721163
vggss,C3,12345,best,934,97plxBxUju4_000010,0.980204081632653,0.8851020408163265,0.15428908653806056,0.057629275699641734,2.677269229309778
vggss,C3,12345,best,935,9888dOKNSBs_000030,0.9868367346938776,0.8448979591836735,0.14370672288698275,0.06282411267701558,2.287445325742871
vggss,C3,12345,best,936,98DR68euGmo_000079,0.9862244897959184,-0.12897959183673469,0.09023840840308014,0.014003491425848433,6.44399354838844
vggss,C3,12345,best,937,98T0aXt-aq0_000190,0.9959183673469387,0.8325510204081633,0.14505269647014665,0.02398863807735013,6.046724953806535
vggss,C3,12345,best,938,99iIggWrfNM_000030,0.9915306122448979,0.012551020408163265,0.12189339834995941,0.012606561556793327,9.66904399751052
vggss,C3,12345,best,939,9AUSYLKYKGg_001113,0.9907142857142858,0.6978571428571428,0.14848385037823816,0.019185458067563426,7.739395632636869
vggss,C3,12345,best,940,9A_OmOetiuw_000090,0.9827551020408163,0.6065306122448979,0.1470504272162869,0.04384292139689507,3.354028940842909
vggss,C3,12345,best,941,9BGpWG8iqpQ_000000,0.9960204081632653,-0.41285714285714287,0.15493435663954447,0.015468965449722446,10.015818908065658
vggss,C3,12345,best,942,9Ci8qOMBNNU_000070,0.9872448979591837,0.3943877551020408,0.17944235870709743,0.021598883540513904,8.307946027418968
vggss,C3,12345,best,943,9EsgN-WS2qY_000030,0.9904081632653061,-0.5860204081632653,0.12565601277556931,0.019292096978006504,6.513341339659471
vggss,C3,12345,best,944,9FDzG0xNp5s_000150,0.978265306122449,-0.341734693877551,0.11519991808521117,0.02032552098869086,5.667747367917826
vggss,C3,12345,best,945,9FnCP6GoFOs_000000,0.9918367346938776,0.8411224489795919,0.15840901127297338,0.03040019805908386,5.210788790424979
vggss,C3,12345,best,946,9FoazVf3CVg_000030,0.9828571428571429,0.5029591836734694,0.08856306512378792,0.017155680475746483,5.1623172423263695
vggss,C3,12345,best,947,9HSUOow1vB4_000000,0.9965306122448979,0.545,0.1746818391254649,0.014137587771734681,12.355844713106347
vggss,C3,12345,best,948,9HcahqYUVoc_000090,0.996734693877551,0.8934693877551021,0.13356770427439105,0.024952495617390998,5.352879580561839
vggss,C3,12345,best,949,9J8sce4390s_000106,0.995,0.04642857142857143,0.13662365519234532,0.012475305810064887,10.951527543486703
vggss,C3,12345,best,950,9JAatGaveSc_000035,0.9796938775510204,0.6159183673469387,0.11090461302828948,0.02827654684746324,3.9221413288744276
vggss,C3,12345,best,951,9JBG-Wi1gUQ_000030,0.9914285714285714,-0.6256122448979592,0.09142576638970741,0.010611429298413692,8.615782456692681
vggss,C3,12345,best,952,9M3XChzFowA_000038,0.9789795918367347,0.4254081632653061,0.0879694710988378,0.016852780366710427,5.21987880840157
vggss,C3,12345,best,953,9MT7lQN7fN0_000085,0.9888775510204082,0.7768367346938776,0.11824347556898723,0.023893956373435818,4.948677134961407
vggss,C3,12345,best,954,9NUBwDtWAmk_000030,0.9635714285714285,0.560204081632653,0.11500221489626494,0.03821626742997112,3.009247700786038
vggss,C3,12345,best,955,9OcAwC8y-eQ_000030,0.9903061224489796,0.8528571428571429,0.11782546117333934,0.023241727896442025,5.069565468554372
vggss,C3,12345,best,956,9PEyCM-BrG4_000024,0.986734693877551,0.7246938775510204,0.10812864647650608,0.018011204469812532,6.003410080527031
vggss,C3,12345,best,957,9PmzQI8ZYpg_000030,0.981326530612245,0.5378571428571428,0.11666206407216044,0.028041946090734727,4.160269893347611
vggss,C3,12345,best,958,9QEm6u4bowQ_000030,0.9884693877551021,0.8746938775510205,0.17419486214945024,0.04323352711205018,4.029161481504434
vggss,C3,12345,best,959,9QjGgc1UkkU_000044,0.9921428571428571,0.8556122448979592,0.21009503592929699,0.05318585190632021,3.950205334669667
vggss,C3,12345,best,960,9QjGgc1UkkU_000105,0.9901020408163266,0.898061224489796,0.20745156789867789,0.07304596573392955,2.8400140351942462
vggss,C3,12345,best,961,9QwaP-cvdeU_000360,0.9939795918367347,-0.08469387755102041,0.12762753050527362,0.01287480822685827,9.912965556957074
vggss,C3,12345,best,962,9R4qwSl7u2A_000480,0.9911224489795918,0.4337755102040816,0.15389575685320067,0.015631162368339488,9.84544547786878
vggss,C3,12345,best,963,9R6XN9-Z27U_000030,0.9719387755102041,-0.5806122448979592,0.11540605491195847,0.028440310140400316,4.057833910468532
vggss,C3,12345,best,964,9RNNZ3e-9IA_000028,0.9872448979591837,0.633265306122449,0.14458962196103478,0.01951648107488812,7.408590790840795
vggss,C3,12345,best,965,9Rbte5hjob8_000100,0.9877551020408163,0.4642857142857143,0.17656707573693928,0.02537276681083544,6.95892084033722
vggss,C3,12345,best,966,9SZC5O-gwAI_000263,0.9626530612244898,0.6605102040816326,0.08289603248242015,0.014122534880162643,5.869770065065365
vggss,C3,12345,best,967,9Srnaag2tCo_000079,0.978265306122449,0.6907142857142857,0.16586446874318966,0.047454961329347484,3.495197637862459
vggss,C3,12345,best,968,9Ti98L4PRCo_000017,0.995,-0.061632653061224486,0.17325089823614123,0.01629442638159698,10.632525145641935
vggss,C3,12345,best,969,9TzyRdTYDvo_000024,0.9880612244897959,0.34744897959183674,0.12374222817114491,0.01567793947791764,7.892760929804308
vggss,C3,12345,best,970,9Vg_aX3jhjU_000020,0.9885714285714285,0.778469387755102,0.13142790558912532,0.024463871085825994,5.372326608820004
vggss,C3,12345,best,971,9Vj1UPzlrTc_000030,0.8430612244897959,0.3286734693877551,0.07246616505426205,0.03683040858762332,1.9675634301438065
vggss,C3,12345,best,972,9WClEjrr_RA_000027,0.9841836734693877,0.7248979591836735,0.11460544206944731,0.022829975862825192,5.019954587690264
vggss,C3,12345,best,973,9WtDINM2mNc_000237,0.9924489795918368,0.2562244897959184,0.11403705908951207,0.015006191481117271,7.599333863826024
vggss,C3,12345,best,974,9XHRHFTY0iU_000409,0.9796938775510204,0.21142857142857144,0.09639857997657102,0.014276191840551934,6.752401554506158
vggss,C3,12345,best,975,9XHRHFTY0iU_000480,0.990204081632653,-0.5079591836734694,0.1070789887174165,0.01688422539014912,6.341954471887726
vggss,C3,12345,best,976,9XuTWG0Svls_000041,0.981938775510204,0.7887755102040817,0.10854995154490331,0.02264764586709326,4.792990502497436
vggss,C3,12345,best,977,9ZBaKqh-Bmk_000027,0.9792857142857143,-0.2689795918367347,0.11897773055572677,0.026225849156179534,4.536658845522733
vggss,C3,12345,best,978,9ZBaKqh-Bmk_000131,0.9946938775510205,0.6677551020408163,0.1400854330758902,0.013665088005006933,10.251337790474707
vggss,C3,12345,best,979,9ZClVJ2V7bA_000022,0.9884693877551021,-0.11734693877551021,0.1323177155301241,0.014527256351250939,9.10823849533916
vggss,C3,12345,best,980,9ZYj5toEbGA_000000,0.9922448979591837,0.4110204081632653,0.14602098749879366,0.016263112189201748,8.978662005157139
vggss,C3,12345,best,981,9aR-uBVtrVA_000010,0.9957142857142857,-0.6918367346938775,0.15851646569497407,0.016977673814926167,9.33675999568398
vggss,C3,12345,best,982,9ao6stS2toU_000003,0.9842857142857143,0.5983673469387755,0.11396977168861676,0.022505113667542303,5.06417223090893
vggss,C3,12345,best,983,9cYVBOJmXIw_000030,0.996938775510204,-0.908469387755102,0.1365278920155329,0.020363375955025395,6.704580434848757
vggss,C3,12345,best,984,9crt3kBm2Hc_000012,0.9923469387755102,-0.5326530612244897,0.18064507276387504,0.019628329199124963,9.203283220455068
vggss,C3,12345,best,985,9e6oA02wk94_000020,0.9866326530612245,0.8394897959183674,0.16732442994743538,0.03035008111842647,5.513146053696955
vggss,C3,12345,best,986,9eUl4gF0ED4_000002,0.9931632653061224,-0.1233673469387755,0.11599042044865795,0.010934527326192682,10.607721485208902
vggss,C3,12345,best,987,9ezA12O_aOE_000170,0.9878571428571429,0.4919387755102041,0.1222815867611132,0.016377045337268824,7.466645187996159
vggss,C3,12345,best,988,9fWNP6yAgrU_000003,0.99,0.27040816326530615,0.10215789224969242,0.012153938354167578,8.405332434046988
vggss,C3,12345,best,989,9grtLEqt_RM_000330,0.9928571428571429,0.4120408163265306,0.13441293954280514,0.013346352482455326,10.071136643476182
vggss,C3,12345,best,990,9h3a7fN0f-c_000240,0.9931632653061224,-0.19857142857142857,0.13327669313417703,0.015594014598678341,8.546656942688305
vggss,C3,12345,best,991,9i3NIA1NLeY_000060,0.9593877551020408,0.2957142857142857,0.10270203634852719,0.022744811049047905,4.515405123702986
vggss,C3,12345,best,992,9iVLuQ403ww_000039,0.981326530612245,0.2283673469387755,0.09915985594551877,0.010780006353280903,9.198496985610717
vggss,C3,12345,best,993,9ipjwnbdxmg_000120,0.9831632653061224,0.3977551020408163,0.09645951793631645,0.014650420129465004,6.584078619173286
vggss,C3,12345,best,994,9jrTswHdg4I_000290,0.9888775510204082,-0.18540816326530613,0.09052167088218593,0.01060033107147894,8.539513555924863
vggss,C3,12345,best,995,9kFZhnbKUXo_000030,0.9884693877551021,-0.6065306122448979,0.15413615611790454,0.018542161187209177,8.312739521660038
vggss,C3,12345,best,996,9m1FFbsR704_000127,0.9873469387755102,-0.1339795918367347,0.12017889247003857,0.017259473390707766,6.963068324827398
vggss,C3,12345,best,997,9nsLTLNvOSw_000150,0.9914285714285714,0.9026530612244898,0.18822472693079872,0.036874820616421,5.104424205577802
vggss,C3,12345,best,998,9oeGmqm6g8E_000080,0.9861224489795918,-0.37510204081632653,0.10859073056375376,0.015491502326573866,7.009696559737723
vggss,C3,12345,best,999,9ofZp-R3BlY_000021,0.981734693877551,0.42112244897959183,0.07899276532539849,0.01613623777301894,4.895364485610184
vggss,C3,12345,best,1000,9omaijBLqrg_000060,0.9731632653061224,0.4033673469387755,0.130929659495066,0.029574547889884527,4.42710603666906
vggss,C3,12345,best,1001,9pfZ4sXXsE4_000330,0.9883673469387755,-0.5685714285714286,0.12393285591246324,0.019953562616807266,6.211064073744517
vggss,C3,12345,best,1002,9q3JJ7Fhvbs_000070,0.9943877551020408,0.8646938775510205,0.15380975999152363,0.025047587144012444,6.140701661488836
vggss,C3,12345,best,1003,9rXAmXuAOw8_000000,0.9940816326530613,0.3451020408163265,0.17380282084632576,0.014217133632904298,12.224884799849844
vggss,C3,12345,best,1004,9s26XGoKYG0_000250,0.9727551020408163,0.601326530612245,0.12220596608619252,0.032944218325071856,3.709481429498327
vggss,C3,12345,best,1005,9s8jDGsBij4_000010,0.9794897959183674,-0.052653061224489796,0.10746318738559243,0.020590511753991028,5.219063453571668
vggss,C3,12345,best,1006,9t0s8TUHMiM_000020,0.9860204081632653,-0.7598979591836734,0.13107325100044473,0.02387829073467081,5.489222509973419
vggss,C3,12345,best,1007,9tDqkjQLtNM_000096,0.9940816326530613,0.010612244897959184,0.10182724282731509,0.011121428018916895,9.155950355845755
vggss,C3,12345,best,1008,9u9Zgbbngkg_000030,0.9834693877551021,0.6706122448979592,0.10395965674200254,0.023034770185276585,4.513162315309388
vggss,C3,12345,best,1009,9uOOfuRD6Fc_000070,0.9712244897959184,0.8206122448979591,0.11324621149804238,0.05046319571187555,2.244134758025086
vggss,C3,12345,best,1010,9uTzThSwQ80_000580,0.9758163265306122,0.5275510204081633,0.11650450772559157,0.0288628248684094,4.03649013070466
vggss,C3,12345,best,1011,9wW-losmGws_000097,0.9886734693877551,0.850204081632653,0.16410705771032047,0.027113270118853207,6.052647172065337
vggss,C3,12345,best,1012,9wkgTdE7nz8_000030,0.9926530612244898,0.25979591836734695,0.14853581299884328,0.016852966207145333,8.813630263844411
vggss,C3,12345,best,1013,9xV0nmojVeg_000030,0.9953061224489796,0.9644897959183674,0.17953634113609157,0.057404303007480506,3.1275763615263426
vggss,C3,12345,best,1014,9y2BI6yaNkA_000114,0.9807142857142858,0.7904081632653062,0.1023369994515264,0.02418394056074792,4.2316097823042895
vggss,C3,12345,best,1015,9ytPHkPCXgA_000050,0.9611224489795919,0.4325510204081633,0.10754676645343994,0.03406608919614578,3.1570036065545124
vggss,C3,12345,best,1016,9zPrLhdmgpg_000031,0.9728571428571429,-0.013265306122448979,0.092551437923183,0.011086812455645254,8.347885227918423
vggss,C3,12345,best,1017,9zW-E0XdWdw_000160,0.9783673469387755,0.8928571428571429,0.12224096589353062,0.040579218095618694,3.0124031864164698
vggss,C3,12345,best,1018,A-odqVz9Oc4_000001,0.9805102040816327,0.17642857142857143,0.1466296788047739,0.021322015534892262,6.8769145470709745
vggss,C3,12345,best,1019,A0dHhG6Y8C0_000030,0.9934693877551021,0.24897959183673468,0.1149351677992058,0.011429962583084636,10.055603153880835
vggss,C3,12345,best,1020,A458iJLZGvg_000080,0.9905102040816327,0.5747959183673469,0.15248418111931877,0.01930355585273906,7.899279401296532
vggss,C3,12345,best,1021,A4P0IgZQf90_000136,0.9888775510204082,0.5116326530612245,0.1244704611550959,0.02396443098604124,5.193966893167513
vggss,C3,12345,best,1022,A58nnmnhfUo_000001,0.9878571428571429,-0.33755102040816326,0.14449963017631007,0.022605598409966295,6.392205486257044
vggss,C3,12345,best,1023,A6PMpITUNMs_000180,0.9772448979591837,0.3843877551020408,0.10948708283939926,0.01380147588763796,7.932998161266745
vggss,C3,12345,best,1024,A6T7Pu4pL1M_000030,0.9883673469387755,-0.6388775510204082,0.11953091368199842,0.01277940575937682,9.3534015534559
vggss,C3,12345,best,1025,A6_-Ji7bq5E_000337,0.9895918367346939,0.7461224489795918,0.1111729928167393,0.019610811867909864,5.6689643226172155
vggss,C3,12345,best,1026,A7DQjMwCtI8_000270,0.991734693877551,0.8164285714285714,0.09981832313610241,0.02023095733452557,4.933939678957027
vggss,C3,12345,best,1027,A7o-wmriwc8_000007,0.9845918367346939,0.11255102040816327,0.13962544615015174,0.02062845980017302,6.768583185690899
vggss,C3,12345,best,1028,A7pW5W-4snM_000150,0.9931632653061224,-0.5890816326530612,0.12432588494313834,0.022530020723856858,5.518232160855967
vggss,C3,12345,best,1029,A8gbOIvxvMA_000030,0.9954081632653061,0.9251020408163265,0.18444749640896016,0.05740442319275876,3.213123417155547
vggss,C3,12345,best,1030,A9JSptUG5HU_000020,0.9692857142857143,0.6628571428571428,0.11556447278758704,0.02320800623821781,4.979508864371172
vggss,C3,12345,best,1031,A9KMqwqLboE_000030,0.9787755102040816,0.8293877551020408,0.11926005245543239,0.03777380203079175,3.1572160080210137
vggss,C3,12345,best,1032,A9LkQyImgNI_000030,0.991938775510204,0.9578571428571429,0.1859800333127289,0.06441666991810398,2.8871413804714567
vggss,C3,12345,best,1033,A9n6gH2uS5U_000019,0.9809183673469388,0.8791836734693877,0.09214032824407048,0.027376822861492626,3.365632626920787
vggss,C3,12345,best,1034,AA0Ekw6dlQo_000046,0.9938775510204082,0.723265306122449,0.15193494318301656,0.017930419720627686,8.473585423559612
vggss,C3,12345,best,1035,AA0N8XMqx9s_000030,0.9834693877551021,-0.016122448979591836,0.14314542539331854,0.022512961259358654,6.358356137347897
vggss,C3,12345,best,1036,AAHybONa3n4_000150,0.9963265306122449,0.17979591836734693,0.1513494715663111,0.011686175583306917,12.95115501965466
vggss,C3,12345,best,1037,AA_XVhso6IU_000244,0.9878571428571429,0.8170408163265306,0.17913783915049206,0.03679330034917913,4.868762449968386
vggss,C3,12345,best,1038,AAdciXShS1c_000019,0.9885714285714285,0.7837755102040816,0.15463014948939877,0.023801583561200677,6.496632843432473
vggss,C3,12345,best,1039,AAyqgdDOUYA_000020,0.9690816326530612,0.7121428571428572,0.10709071657062737,0.04199964828209164,2.5498003185967177
vggss,C3,12345,best,1040,ABH4iCT5Iik_000030,0.9408163265306122,0.11346938775510204,0.10598916156449702,0.028655768125851765,3.6987025124927304
vggss,C3,12345,best,1041,ACWNRYsyMGk_000030,0.9876530612244898,-0.6556122448979592,0.12065021257007981,0.022724025410817212,5.309367965793915
vggss,C3,12345,best,1042,ACjLm_tKyu8_000060,0.9722448979591837,0.19540816326530613,0.08403064712145819,0.016439606849651796,5.111475468358784
vggss,C3,12345,best,1043,ADjyDcauxzM_000030,0.9946938775510205,-0.2506122448979592,0.15682491927340791,0.017359582502810056,9.03391076646124
vggss,C3,12345,best,1044,ADtA2TMXVvo_000042,0.991938775510204,0.5444897959183673,0.17871619777222075,0.03136859937206942,5.697296065164756
vggss,C3,12345,best,1045,ADtA2TMXVvo_000092,0.9946938775510205,0.736734693877551,0.19152219853354627,0.033961881530678195,5.639328267503138
vggss,C3,12345,best,1046,AEwl00_Vv9s_000052,0.9858163265306122,0.3198979591836735,0.1343755637267439,0.02000033363654162,6.718666106710987
vggss,C3,12345,best,1047,AF0CtMb81t8_000030,0.9957142857142857,-0.004489795918367347,0.19712721666261138,0.010037557021490328,19.63896356858184
vggss,C3,12345,best,1048,AF7sah5a_DE_000030,0.9944897959183674,0.7704081632653061,0.1456725805368539,0.02936659618935346,4.960485702788596
vggss,C3,12345,best,1049,AFACjpDiMSQ_000062,0.9877551020408163,0.5598979591836735,0.11218926252773592,0.020799162960276715,5.393931608786402
vggss,C3,12345,best,1050,AGA3hiGZJCo_000000,0.9853061224489796,0.4380612244897959,0.11805398816972096,0.02942220926943356,4.012410729889209
vggss,C3,12345,best,1051,AGDQXlgdzhA_000285,0.9874489795918368,0.5120408163265306,0.13100931989590936,0.019006682095325605,6.8928032382952855
vggss,C3,12345,best,1052,AGTyP86x_Sc_000110,0.9954081632653061,0.0386734693877551,0.16146424814644067,0.010721634262780642,15.059667601883403
vggss,C3,12345,best,1053,AHIV0RMwnN8_000150,0.9909183673469387,0.16918367346938776,0.10304451093931155,0.011592287697453806,8.889057417195124
vggss,C3,12345,best,1054,AHIV0RMwnN8_000210,0.9981632653061224,0.7891836734693878,0.14963051951671869,0.011915375633190515,12.55776772155801
vggss,C3,12345,best,1055,AHIiNsAzgKo_000024,0.9921428571428571,0.47489795918367345,0.172988974012573,0.012170088174261984,14.214274501183993
vggss,C3,12345,best,1056,AIDJFkDURPY_000030,0.9864285714285714,0.9020408163265307,0.166340876049695,0.04069540914850796,4.087460466183657
vggss,C3,12345,best,1057,AIVt3e5EVtc_000070,0.9866326530612245,0.7838775510204081,0.109911178926284,0.021478570820246137,5.11724824924941
vggss,C3,12345,best,1058,AIuayXjDos8_000130,0.9941836734693877,0.043163265306122446,0.1500847803046648,0.01384362501121357,10.841436414457455
vggss,C3,12345,best,1059,AJw-x30L46E_000080,0.9953061224489796,0.9331632653061225,0.21075413515848526,0.04863414879440801,4.333459932637249
vggss,C3,12345,best,1060,AK_xkz5nfIM_000089,0.9884693877551021,0.7813265306122449,0.0868813049229599,0.016164243955859185,5.374906810378058
vggss,C3,12345,best,1061,AKmkhvb9shk_000000,0.9907142857142858,0.48581632653061224,0.16511942138799676,0.021077881691948176,7.833776837786928
vggss,C3,12345,best,1062,AKxHQn994OI_000140,0.9796938775510204,0.4442857142857143,0.10693427816922185,0.02158465780838257,4.954179914202443
vggss,C3,12345,best,1063,AKxm4V3OylU_000030,0.9974489795918368,-0.2453061224489796,0.17453073573520395,0.008790368429457863,19.85476913007706
vggss,C3,12345,best,1064,ALVS3Q_jNaU_000030,0.9594897959183674,0.15091836734693878,0.11514266114236192,0.03783340883899268,3.043412282313063
vggss,C3,12345,best,1065,ALdjQ9kbwd8_000030,0.9938775510204082,0.7543877551020408,0.2303551857351289,0.03571685785433625,6.449480709489744
vggss,C3,12345,best,1066,ALtDtYnWFuo_000030,0.9938775510204082,0.898469387755102,0.16176537185602688,0.044459736988562,3.6384689342099272
vggss,C3,12345,best,1067,AMLJZImQ5Xk_000030,0.9379591836734694,0.008571428571428572,0.07558838498433973,0.014682292556299766,5.148268548286544
vggss,C3,12345,best,1068,AMLvdc8Dbq4_000170,0.9895918367346939,0.9425510204081633,0.17237972332772283,0.06237916571471126,2.763418223900187
vggss,C3,12345,best,1069,AMvZ3ANXNW0_000320,0.9938775510204082,0.9366326530612245,0.13294868848074626,0.04126777498594254,3.221610288561327
vggss,C3,12345,best,1070,AMxnCzC33lo_000070,0.993265306122449,0.25948979591836735,0.1737708786074236,0.0157868974857564,11.007284918661627
vggss,C3,12345,best,1071,AN_nK_tgQSc_000032,0.9906122448979592,0.878265306122449,0.14773766446043643,0.03474839132940499,4.251640401419589
vggss,C3,12345,best,1072,ANxHyEeVnV8_000026,0.9934693877551021,0.7206122448979592,0.1219441660773718,0.01838118382361829,6.634184568715519
vggss,C3,12345,best,1073,AO4Rp4DQXCw_000358,0.9842857142857143,0.8907142857142857,0.11780946448680829,0.04375205862969359,2.692661058166838
vggss,C3,12345,best,1074,AOwwp601QZw_000130,0.9897959183673469,0.8574489795918367,0.14665360786725753,0.03340204247990379,4.390558091035634
vggss,C3,12345,best,1075,APag9oaOG_w_000674,0.9697959183673469,0.25755102040816324,0.15367586802380934,0.03626104542464419,4.23804295282028
vggss,C3,12345,best,1076,AQ3TnlK8dS8_000584,0.9934693877551021,0.04642857142857143,0.08189438118507703,0.010917548799317356,7.501169235918383
vggss,C3,12345,best,1077,AS_f4Rn-hAc_000007,0.998061224489796,0.8345918367346938,0.14848545686668477,0.019389881078323623,7.657883834712114
vggss,C3,12345,best,1078,AScmP_vDPhs_000001,0.9778571428571429,0.8765306122448979,0.09232278046731898,0.03530633338805462,2.6149070607981924
vggss,C3,12345,best,1079,ATAL-_Dblvg_000000,0.9842857142857143,0.4954081632653061,0.13668712950927175,0.020713742193927638,6.598862157768017
vggss,C3,12345,best,1080,ATYQeoKUFeU_000039,0.986938775510204,0.9012244897959184,0.14653019084693425,0.06008427751713704,2.438744325504145
vggss,C3,12345,best,1081,ATnl-fq5nAk_000030,0.9797959183673469,0.9101020408163265,0.15469585975205757,0.05377978852206978,2.8764683536934057
vggss,C3,12345,best,1082,AWcZq1PRcII_000020,0.9911224489795918,0.5302040816326531,0.11089985399269048,0.018881660109058587,5.873416497921474
vggss,C3,12345,best,1083,AWet9qFT15M_000079,0.9914285714285714,0.9443877551020409,0.12563411811493763,0.039237576567197015,3.2018827131125356
vggss,C3,12345,best,1084,AY0jDdFbBZQ_000025,0.9121428571428571,0.5351020408163265,0.07564053190286883,0.03367132272602068,2.2464377927278454
vggss,C3,12345,best,1085,AYhduTuI_zM_000102,0.9907142857142858,0.9488775510204082,0.13475295571964757,0.04849645863048471,2.7786143467997952
vggss,C3,12345,best,1086,AZfD5KrH5d8_000030,0.9713265306122449,0.6508163265306123,0.11963130669966199,0.0254163208430317,4.7068695519895
vggss,C3,12345,best,1087,A_0xhMEZ1Cg_000030,0.980204081632653,0.5531632653061225,0.15779852217480173,0.04580720732920607,3.444840481995319
vggss,C3,12345,best,1088,A_oaLt-n4fQ_000220,0.9898979591836735,0.6190816326530613,0.12896647250905485,0.018743967386792335,6.88042557094552
vggss,C3,12345,best,1089,Abezh6k-jOM_000030,0.995,0.9588775510204082,0.1709895988653436,0.0485676868809216,3.5206453065095813
vggss,C3,12345,best,1090,AcHARmL5j-g_000004,0.9841836734693877,0.5729591836734694,0.10845844916248398,0.01845451114310297,5.877069748499857
vggss,C3,12345,best,1091,AcJXSEfGGcI_000030,0.981734693877551,0.7951020408163265,0.1829903822811256,0.04103015630751393,4.459899711559574
vggss,C3,12345,best,1092,AcLX-YyZE08_000167,0.9913265306122448,-0.5003061224489795,0.08849411452671913,0.011674229550376149,7.580295911165102
vggss,C3,12345,best,1093,AcNCcWJezXI_000030,0.9757142857142858,0.48244897959183675,0.1432850732247441,0.03028871351903543,4.730642426747319
vggss,C3,12345,best,1094,AcYJvz2tqkA_000050,0.9888775510204082,0.8211224489795919,0.14926839979825446,0.03673655623881894,4.063211554939516
vggss,C3,12345,best,1095,Aclv9drugo0_000050,0.9825510204081632,0.5974489795918367,0.11769547972446087,0.021070616335800103,5.585763503485656
vggss,C3,12345,best,1096,AdWWI5m-9u4_000342,0.9929591836734694,0.5388775510204081,0.17231883945954182,0.019545485314816015,8.816298837507984
vggss,C3,12345,best,1097,Af4OOFNWp2Q_000000,0.9916326530612245,0.8714285714285714,0.13052069181328982,0.022143015958924952,5.894440579160682
vggss,C3,12345,best,1098,AgLNBaSMRBA_000000,0.998061224489796,0.2453061224489796,0.1978860291167331,0.011902757509849154,16.625225621288905
vggss,C3,12345,best,1099,AgVUGzrzJ20_000320,0.9860204081632653,0.8870408163265306,0.15132148312915553,0.0544490919863335,2.7791369444165683
vggss,C3,12345,best,1100,AgtY6m-b3Gk_000030,0.9966326530612245,0.98,0.24820925200887203,0.07721002371892628,3.2147283481280575
vggss,C3,12345,best,1101,Ah-IBgwj2lg_000030,0.9941836734693877,0.5957142857142858,0.12590781077204255,0.022371718370107818,5.627990156548522
vggss,C3,12345,best,1102,Ahhba-EM4nI_000000,0.9496938775510204,0.4901020408163265,0.09592632387694582,0.02249423109170658,4.264485569027206
vggss,C3,12345,best,1103,AhlnqK6ONro_000030,0.9906122448979592,0.8853061224489795,0.13307881116665043,0.03597905026275486,3.698786104546296
vggss,C3,12345,best,1104,AiHq9qStg00_000042,0.9666326530612245,-0.5972448979591837,0.09672943326002009,0.012622613859574337,7.663185639371371
vggss,C3,12345,best,1105,Aiks9EreMFY_000171,0.9866326530612245,0.743265306122449,0.14537599046118607,0.048249330513302206,3.013015702282259
vggss,C3,12345,best,1106,AjLuenrAsbE_000030,0.9808163265306122,0.6824489795918367,0.20497235525026497,0.05324540702577283,3.8495781457929406
vggss,C3,12345,best,1107,AkAdDFHQars_000030,0.9897959183673469,0.4029591836734694,0.11572048363221528,0.019046286053945555,6.075750584888599
vggss,C3,12345,best,1108,AlPu_yxLT2g_000230,0.9934693877551021,-0.05795918367346939,0.1377495576018386,0.013894105085494348,9.914244692567582
vggss,C3,12345,best,1109,AlZv9bRtnws_000030,0.9886734693877551,0.9026530612244898,0.1644557761107052,0.06481979736071765,2.5371226509012406
vggss,C3,12345,best,1110,AlnFwT2U1xM_000163,0.9791836734693877,0.7902040816326531,0.08145975894850171,0.02543664446737177,3.202456953510209
vggss,C3,12345,best,1111,Amd-OLa3tMI_000030,0.9659183673469388,0.3173469387755102,0.08142196728488968,0.0207995724105629,3.9145981310433178
vggss,C3,12345,best,1112,AmipJSk2B-o_000005,0.9942857142857143,0.8953061224489796,0.13282296513210717,0.02738268099671076,4.850619453517427
vggss,C3,12345,best,1113,Ap9gDgwq1DU_000030,0.996734693877551,0.5894897959183674,0.17627207887457333,0.024319986115108452,7.248033697069702
vggss,C3,12345,best,1114,ApgCxwAImCE_000030,0.9911224489795918,0.8281632653061225,0.16134628504834825,0.034141073098937255,4.725870349206178
vggss,C3,12345,best,1115,Aq3pc1q58Kw_000084,0.9858163265306122,0.7792857142857142,0.13852895617307667,0.03509708484639677,3.947021719306659
vggss,C3,12345,best,1116,Aq58qBpVkv8_000160,0.9847959183673469,0.5024489795918368,0.11421286663235779,0.02378895989100624,4.801087023377496
vggss,C3,12345,best,1117,AqjB8DGt85U_000034,0.9912244897959184,0.893265306122449,0.14013285808466738,0.02073018036026635,6.759847509733239
vggss,C3,12345,best,1118,Ar5_nY1UZ80_000030,0.9952040816326531,0.4602040816326531,0.13751043963321155,0.010964953572860392,12.540904867446661
vggss,C3,12345,best,1119,Ar5r0pzgaRU_000030,0.9526530612244898,0.6190816326530613,0.11041501219483635,0.033870166116824106,3.2599489419094
vggss,C3,12345,best,1120,AraV2kvytIY_000024,0.9959183673469387,0.9723469387755102,0.22410372989491403,0.044941427631675475,4.986573451373004
vggss,C3,12345,best,1121,Arah6WF7OPM_000026,0.9825510204081632,0.8991836734693878,0.1415849245909939,0.050480142658405384,2.8047647477759012
vggss,C3,12345,best,1122,As1qH-6EF4I_000030,0.9941836734693877,-0.17653061224489797,0.1397844531084274,0.01547852107928829,9.030866217281707
vggss,C3,12345,best,1123,AsghD21CFr4_000030,0.9859183673469388,0.5610204081632653,0.07785694131211114,0.01781105557033015,4.371270473256289
vggss,C3,12345,best,1124,At3hmrH23NI_000400,0.991938775510204,0.3985714285714286,0.10433829855952224,0.010329881171963193,10.100629118823907
vggss,C3,12345,best,1125,Atrj65qRrBo_000200,0.9127551020408163,0.3523469387755102,0.06576916319807531,0.0227673467816496,2.888749568794069
vggss,C3,12345,best,1126,AwFuGITwrms_000030,0.9827551020408163,0.6362244897959184,0.1212322929715955,0.029072077494322595,4.170059501088995
vggss,C3,12345,best,1127,AwJ8orGuOXg_000000,0.9878571428571429,0.5472448979591836,0.14473071078521932,0.01856166614336378,7.797290914908728
vggss,C3,12345,best,1128,AwUYzbOW5WQ_000006,0.9889795918367347,0.2841836734693878,0.1115144648159214,0.01696021727701959,6.5750610970661905
vggss,C3,12345,best,1129,Awtmlyq0MY8_000030,0.9717346938775511,0.3895918367346939,0.09919162295878342,0.02641151832524089,3.7556198677146186
vggss,C3,12345,best,1130,Ax1rIOmzMWY_000000,0.9897959183673469,-0.643673469387755,0.1341358479302116,0.023365885519488552,5.740670423910716
vggss,C3,12345,best,1131,Ayr3X0IMj04_000000,0.9604081632653061,0.5488775510204081,0.09048954307259609,0.030540660911813053,2.9629202633789418
vggss,C3,12345,best,1132,Az8NdAwKHzo_000008,0.9960204081632653,0.9576530612244898,0.17955651699553296,0.0312943263550419,5.737669983958743
vggss,C3,12345,best,1133,AzkP4-XZjK0_000080,0.9846938775510204,0.3119387755102041,0.0865937597479308,0.013730383488582614,6.306725505513894
vggss,C3,12345,best,1134,AznWFbIOSZw_000030,0.9874489795918368,0.5431632653061225,0.10616538328489752,0.020546658041732543,5.16703899336154
vggss,C3,12345,best,1135,B-1QW7g81gA_000030,0.9893877551020408,0.821734693877551,0.14803399084578772,0.04566571838452272,3.241687552121379
vggss,C3,12345,best,1136,B-ABbng7Zo4_000508,0.9803061224489796,0.49734693877551023,0.13784797657891862,0.03050760629253799,4.518478941189023
vggss,C3,12345,best,1137,B-K7y3QUkkw_000030,0.9825510204081632,0.5657142857142857,0.10404711236337313,0.02310177381676308,4.503858153432123
vggss,C3,12345,best,1138,B-yqXExuYrk_000405,0.943469387755102,0.31540816326530613,0.10120446983926325,0.02953391987624969,3.426719861884941
vggss,C3,12345,best,1139,B0TIfxXf4t0_000100,0.9925510204081632,0.5445918367346939,0.1494229613281417,0.02485703151113601,6.011295486397877
vggss,C3,12345,best,1140,B1vY4Y0MTq8_000074,0.996938775510204,0.8921428571428571,0.1525861591884402,0.023429193688178487,6.512650892695023
vggss,C3,12345,best,1141,B22gKoTyOfM_000030,0.9767346938775511,0.5751020408163265,0.0985897973035758,0.015046237019061057,6.55245541982883
vggss,C3,12345,best,1142,B2d1f3VfiYA_000171,0.9924489795918368,0.6582653061224489,0.15388630846978985,0.024900224763610857,6.1801172451535065
vggss,C3,12345,best,1143,B2dwWGTj7O4_000400,0.9803061224489796,0.8654081632653061,0.166876273057722,0.055710348379270205,2.995426844607861
vggss,C3,12345,best,1144,B33GgQddG30_000028,0.9901020408163266,-0.15255102040816326,0.13045440325180202,0.014076962682993297,9.267226616250605
vggss,C3,12345,best,1145,B3bZSOpO9lM_000018,0.9873469387755102,0.1063265306122449,0.09637752308991313,0.012975762102289344,7.427503859130479
vggss,C3,12345,best,1146,B5XbkI3zj3U_000059,0.9974489795918368,0.8838775510204082,0.20966242113519606,0.021116457460864203,9.92886337700204
vggss,C3,12345,best,1147,B5u3PG7PWDE_000030,0.9904081632653061,-0.4691836734693878,0.11228742062137718,0.014370335200340941,7.813834476088847
vggss,C3,12345,best,1148,B6V6cA5p08M_000083,0.9909183673469387,0.7344897959183674,0.16413534414851477,0.021355447861153537,7.6858769348070615
vggss,C3,12345,best,1149,B6d2FiFv8tU_000002,0.996938775510204,0.4937755102040816,0.1648777351361035,0.009719559296742623,16.963499074629855
vggss,C3,12345,best,1150,B7Iab-AC3Dw_000110,0.9706122448979592,0.4573469387755102,0.16472148268039363,0.04501732857269394,3.6590683610734813
vggss,C3,12345,best,1151,B7WXCogPmmg_000135,0.9766326530612245,0.26816326530612244,0.15393517630969983,0.035109937389696005,4.384376269348643
vggss,C3,12345,best,1152,B7iRvj8y9aU_000030,0.986734693877551,0.8973469387755102,0.10876634427661096,0.03977609278370345,2.734465269579553
vggss,C3,12345,best,1153,B90BOtSOD2Q_000410,0.996938775510204,0.736734693877551,0.197370273389187,0.022917910083875965,8.61205374603717
vggss,C3,12345,best,1154,B98yOZSj2GE_000012,0.9848979591836735,0.6334693877551021,0.10476334812647206,0.017570546633014352,5.962441027852027
vggss,C3,12345,best,1155,B9a-LlMTQ9o_000170,0.985204081632653,0.47122448979591836,0.11829605978207153,0.022598007554981855,5.234800435138031
vggss,C3,12345,best,1156,B9wRwZkoFvY_000038,0.9818367346938776,-0.23,0.12540274070781338,0.022369776810917667,5.60590039712019
vggss,C3,12345,best,1157,BAekfGvUtFM_000030,0.9895918367346939,0.8431632653061224,0.14647651783864585,0.03355615473862104,4.365116294748174
vggss,C3,12345,best,1158,BB3CCG8SD54_000000,0.9973469387755102,0.5152040816326531,0.09723957706990961,0.008766435111458224,11.092259947582571
vggss,C3,12345,best,1159,BBfh0v1KH2Y_000030,0.9962244897959184,0.8645918367346939,0.16748649750953995,0.024596628527406055,6.809327437820316
vggss,C3,12345,best,1160,BBgW_3zDdto_000030,0.9977551020408163,0.9741836734693877,0.196384512300222,0.046477116010355805,4.225402287363625
vggss,C3,12345,best,1161,BBukw6JpCeg_000070,0.9878571428571429,0.5951020408163266,0.1436325958597672,0.025499542729198584,5.632751825596419
vggss,C3,12345,best,1162,BCzUvCRiBZs_000020,0.9894897959183674,0.5603061224489796,0.1337705408804282,0.02410379757089569,5.549770341663939
vggss,C3,12345,best,1163,BE8Mv5ww4BM_000171,0.965,0.6087755102040816,0.12788382030151763,0.03301532651307265,3.873468289065114
vggss,C3,12345,best,1164,BEGgDbKEXMw_000028,0.9939795918367347,0.9360204081632653,0.14929966959427,0.036192640175002684,4.12513894737603
vggss,C3,12345,best,1165,BEHaVb_cz44_000210,0.9839795918367347,0.623061224489796,0.12098582806579357,0.023367141469300162,5.17760498111184
vggss,C3,12345,best,1166,BFEeNJkKx6g_000030,0.9924489795918368,0.8776530612244898,0.1285934105047462,0.0356697434214923,3.605111732518492
vggss,C3,12345,best,1167,BGVT6ozn17E_000026,0.9762244897959184,0.24377551020408164,0.07836379215983065,0.016941570384622545,4.625532957143074
vggss,C3,12345,best,1168,BGtTepVOst4_000252,0.9696938775510204,0.4172448979591837,0.07940727828220899,0.021070215628832236,3.7686979422056317
vggss,C3,12345,best,1169,BHajqlL5wmw_000500,0.9891836734693877,-0.30357142857142855,0.08894376319055765,0.013420628084027547,6.627391999366509
vggss,C3,12345,best,1170,BHf4pvm-gGM_000030,0.981734693877551,0.6956122448979591,0.14077016346531793,0.032188527313322425,4.373302391099295
vggss,C3,12345,best,1171,BIFzpJ9D6-w_000063,0.9595918367346938,0.1586734693877551,0.09851518893848847,0.028655773086292316,3.4378827834037353
vggss,C3,12345,best,1172,BKE_Z-iGErM_000041,0.9910204081632653,-0.16683673469387755,0.08870160624922417,0.010753945355717727,8.248285007517053
vggss,C3,12345,best,1173,BLEthZXy35s_000250,0.9648979591836735,0.7782653061224489,0.13998991907909786,0.03519450988242596,3.977606721808633
vggss,C3,12345,best,1174,BMgYWTTJv3s_000240,0.9646938775510204,0.7503061224489795,0.08951179006905113,0.028872214238065495,3.100274517603075
vggss,C3,12345,best,1175,BNfeHeas6hA_000076,0.9972448979591837,-0.22642857142857142,0.18618010059241633,0.00940869612185062,19.78808733763166
vggss,C3,12345,best,1176,BNrmXcZQ-p4_000030,0.9905102040816327,0.7844897959183673,0.1828523317709796,0.02254992688823201,8.108777144922966
vggss,C3,12345,best,1177,BNxowL6utbQ_000030,0.9889795918367347,0.8389795918367347,0.13362829781596658,0.02710066484519664,4.93081253095719
vggss,C3,12345,best,1178,BOgYLyIbVN8_000031,0.9772448979591837,-0.1596938775510204,0.11041673470443397,0.021786767529979222,5.068064115178966
vggss,C3,12345,best,1179,BQPk4cmN__4_000030,0.9945918367346939,0.9075510204081633,0.14792190252828055,0.02662255415730001,5.556262620569026
vggss,C3,12345,best,1180,BQsQzaDrHKY_000210,0.9951020408163266,-0.22122448979591836,0.08289728310383537,0.010161431468199745,8.158032002012991
vggss,C3,12345,best,1181,BR3U7WaCP-4_000005,0.9865306122448979,-0.4337755102040816,0.12491855628363163,0.019091347120155894,6.543202818398683
vggss,C3,12345,best,1182,BR5NGmkK8w4_000056,0.9924489795918368,0.6272448979591837,0.15124576775566,0.01639307418953683,9.226199186739196
vggss,C3,12345,best,1183,BR_GZnsBJT4_000045,0.9906122448979592,0.7376530612244898,0.12498534826771569,0.015178747285894585,8.234233426091953
vggss,C3,12345,best,1184,BRhvg3c0Jq4_000030,0.9943877551020408,0.6629591836734694,0.17241953758822068,0.02122414266482114,8.1237456942845
vggss,C3,12345,best,1185,BS1fqEDAvh0_000330,0.9844897959183674,-0.19163265306122448,0.12894850421573617,0.01807863430087136,7.13264630888192
vggss,C3,12345,best,1186,BT2JPFpMrzM_000002,0.9918367346938776,0.576734693877551,0.17678194256048024,0.021292451814569378,8.302563936742928
vggss,C3,12345,best,1187,BT2JPFpMrzM_000018,0.9938775510204082,-0.4610204081632653,0.18259726601262774,0.017349057365508996,10.524909922520774
vggss,C3,12345,best,1188,BUGx2e7OgFE_000030,0.9953061224489796,0.6203061224489796,0.20064728093235817,0.018078186595447694,11.09886104300326
vggss,C3,12345,best,1189,BUSFTmkQTvw_000030,0.9897959183673469,0.19693877551020408,0.15675270861901533,0.01942009569704126,8.071675395652006
vggss,C3,12345,best,1190,BUyHfzUvQX0_000005,0.9633673469387755,0.22744897959183674,0.10771029038170461,0.02816211206292753,3.8246524316439294
vggss,C3,12345,best,1191,BVMzjiOUpZo_000031,0.9598979591836735,0.33448979591836736,0.1051859920527015,0.022109674758792042,4.7574644674894495
vggss,C3,12345,best,1192,BWVovghBe2c_000030,0.9926530612244898,0.8440816326530612,0.1630349220602326,0.034918078953886725,4.669069059484592
vggss,C3,12345,best,1193,BWlYf-hKucs_000083,0.9881632653061224,0.840204081632653,0.08923945230896194,0.023274595353440973,3.83419994864781
vggss,C3,12345,best,1194,BWvKAcOV_co_000030,0.9839795918367347,0.7776530612244898,0.20154290151707763,0.05635393638189005,3.576376637672566
vggss,C3,12345,best,1195,BXoTkN2Frl4_000118,0.9945918367346939,0.9042857142857142,0.17965281631074592,0.05561668140357518,3.2301966204549086
vggss,C3,12345,best,1196,BYBRY2mupcc_000030,0.99,-0.01846938775510204,0.1256380033868843,0.01254213430761995,10.017274596601407
vggss,C3,12345,best,1197,BZTmMcmbNNg_000000,0.9926530612244898,0.5495918367346939,0.10119009733491924,0.013516379909763782,7.486479220802523
vggss,C3,12345,best,1198,BZU01hhyVKs_000480,0.9751020408163266,0.5533673469387755,0.11966215255934454,0.027144306111244243,4.408370288374244
vggss,C3,12345,best,1199,B_ZxmAiGJFQ_000170,0.996734693877551,0.6326530612244898,0.18301583517773515,0.015479765490024359,11.822907478519376
vggss,C3,12345,best,1200,BaBT2r8L6E4_000013,0.9793877551020408,0.8330612244897959,0.13607937225485,0.03610828900273619,3.7686463693845553
vggss,C3,12345,best,1201,BaZGT-2NhEA_000157,0.9909183673469387,0.7110204081632653,0.1806732644584543,0.052093309620215814,3.4682623503026684
vggss,C3,12345,best,1202,BbNHWQrTu2o_000030,0.9921428571428571,0.4243877551020408,0.10089155703051689,0.010195644798690544,9.895554329577534
vggss,C3,12345,best,1203,BbVoVbQHoXo_000030,0.9826530612244898,0.15316326530612245,0.1221628228561237,0.016871009411191833,7.240990736160916
vggss,C3,12345,best,1204,BbWdsbZ9TsM_000130,0.9907142857142858,0.8755102040816326,0.10795538623414117,0.027935153340670302,3.864499504177441
vggss,C3,12345,best,1205,BeHNQZRpizU_000098,0.99,0.9143877551020408,0.09257846961324157,0.02207752622802968,4.193335279371278
vggss,C3,12345,best,1206,BfQ3-G4gjlM_000030,0.9756122448979592,0.7342857142857143,0.11240543828264624,0.02999500008800171,3.747472510513827
vggss,C3,12345,best,1207,BfbrxdAWlWs_000030,0.9945918367346939,0.7297959183673469,0.127257306940239,0.01714909387433724,7.42064320556745
vggss,C3,12345,best,1208,BfrgQGGlUMk_000065,0.9938775510204082,-0.22520408163265307,0.1084315250642433,0.011253408322846685,9.635438611438765
vggss,C3,12345,best,1209,Bg2XkNb5LZE_000140,0.9863265306122448,0.8118367346938775,0.14270631365079603,0.044362623105164777,3.2168141480836354
vggss,C3,12345,best,1210,Bg7_qkxGkAA_000020,0.981326530612245,-0.17285714285714285,0.12211062873329713,0.0180792863744396,6.754173046671603
vggss,C3,12345,best,1211,Bgnaur8-fas_000160,0.9848979591836735,0.9513265306122449,0.1289236261249356,0.06228084931930349,2.070036416233917
vggss,C3,12345,best,1212,Bho0lwcxn1g_000020,0.9814285714285714,0.1840816326530612,0.09640175230414723,0.019369954664961088,4.976870311345197
vggss,C3,12345,best,1213,Bi9gmCJNqDE_000030,0.9818367346938776,0.909795918367347,0.1583943046094097,0.056413705366000426,2.8077273701803542
vggss,C3,12345,best,1214,BiRPlINV5N4_000023,0.9830612244897959,0.12581632653061225,0.1222409849038411,0.017787436528217675,6.872321636112104
vggss,C3,12345,best,1215,BioGVnRl7OE_000127,0.9934693877551021,0.5741836734693877,0.11970954146866308,0.011675903099910158,10.252700835585404
vggss,C3,12345,best,1216,BjHakHE9geo_000011,0.9905102040816327,0.49020408163265305,0.12067440249497781,0.022004030309644217,5.4841954313290975
vggss,C3,12345,best,1217,BjYsesK0GQw_000030,0.9963265306122449,0.7312244897959184,0.10578287001518494,0.01602342476625282,6.601764077176301
vggss,C3,12345,best,1218,BjiPjoHIpM0_000005,0.9881632653061224,0.7129591836734694,0.15997035589952313,0.04183972024345146,3.8234088318160033
vggss,C3,12345,best,1219,Bk34jgx0Vo4_000356,0.9811224489795919,0.14612244897959184,0.14586474412971212,0.024772797896139308,5.888101325544834
vggss,C3,12345,best,1220,Bo3Mvu8I81g_000458,0.9903061224489796,0.9002040816326531,0.1713225458032335,0.05737938778554437,2.9857855305733136
vggss,C3,12345,best,1221,BoFlhQi81aQ_000089,0.9730612244897959,0.21479591836734693,0.08914190034095672,0.015162868264780562,5.878960285370968
vggss,C3,12345,best,1222,Bpw53tN6h8E_000030,0.9833673469387755,-0.14540816326530612,0.1186831679193463,0.0209280420513364,5.671011536971159
vggss,C3,12345,best,1223,Bq10zG74Wc0_000040,0.990204081632653,0.653469387755102,0.1312620503748827,0.02514510384663659,5.220183268101329
vggss,C3,12345,best,1224,BqCBBcWN9bw_000023,0.9418367346938775,0.1186734693877551,0.056815940994585305,0.014327342920920784,3.9655602094665214
vggss,C3,12345,best,1225,BqY5blRv2Lw_000090,0.9667346938775511,0.5585714285714286,0.1222821652459973,0.05149870902704405,2.3744704975377537
vggss,C3,12345,best,1226,BqmRiPZgeVY_000296,0.9893877551020408,0.30051020408163265,0.15601737702401391,0.01947201386297067,8.012390404092068
vggss,C3,12345,best,1227,BrjXD7rdihs_000497,0.9814285714285714,0.4331632653061224,0.11250129920353857,0.019738712373687087,5.699525737733009
vggss,C3,12345,best,1228,BsnjK6DypAg_000030,0.9937755102040816,0.7882653061224489,0.14140778697082357,0.024174422519912774,5.849479417940355
vggss,C3,12345,best,1229,Bw73mqfb-0k_000045,0.9958163265306123,0.10387755102040816,0.16960979407448992,0.015059688041811283,11.262503818378587
vggss,C3,12345,best,1230,BwJ2YYLFwTc_000118,0.99,0.8423469387755103,0.14258197721561408,0.037450628530795574,3.8071985119921075
vggss,C3,12345,best,1231,Bw_fNvTp6jg_000030,0.95,0.8327551020408164,0.09734512071325598,0.037321638323500654,2.608275656858284
vggss,C3,12345,best,1232,Bx9dAclTA04_000176,0.9903061224489796,0.7921428571428571,0.2114273083214383,0.04300791407792729,4.91600936372657
vggss,C3,12345,best,1233,BxnLAGsByCI_000010,0.9881632653061224,0.9225510204081633,0.11850612076633281,0.04550009018586007,2.6045249642859085
vggss,C3,12345,best,1234,BxtN7sKDt5E_000030,0.993265306122449,0.023979591836734693,0.1482951453947525,0.01651614553994637,8.97879865711295
vggss,C3,12345,best,1235,BymkWsAcLR4_000000,0.9934693877551021,0.5612244897959183,0.14944265442070256,0.020142144915836834,7.4194012129861475
vggss,C3,12345,best,1236,BzOeIRpjUN4_000599,0.9970408163265306,-0.14234693877551022,0.17398524672472424,0.00983970836741322,17.681951560772074
vggss,C3,12345,best,1237,BzcOUlROXVo_000110,0.9848979591836735,0.16173469387755102,0.12667890973360918,0.021192214723692374,5.977615430254454
vggss,C3,12345,best,1238,C-fRZcWsRYM_000010,0.9779591836734693,0.6756122448979592,0.13908655283508795,0.03319648700400435,4.189797336637173
vggss,C3,12345,best,1239,C00BpiE52mM_000270,0.9758163265306122,0.603265306122449,0.1636377918380312,0.039163787955768144,4.178293274972402
vggss,C3,12345,best,1240,C1pyHakPaIE_000030,0.9955102040816326,0.5725510204081633,0.13703002555087543,0.012861067813213617,10.65463828828343
vggss,C3,12345,best,1241,C1tpllWtBVk_000000,0.9904081632653061,0.6391836734693878,0.11839706278100284,0.015189336397206337,7.79474887413638
vggss,C3,12345,best,1242,C3LXTkKw6sU_000030,0.9622448979591837,-0.1879591836734694,0.09845527189441002,0.016755446391194,5.876016048498368
vggss,C3,12345,best,1243,C3yqIuEs_zQ_000430,0.9834693877551021,0.8694897959183674,0.11641445402593364,0.029902386999126992,3.893149200073305
vggss,C3,12345,best,1244,C46X66FU_Dw_000030,0.9792857142857143,0.6044897959183674,0.07657386567767137,0.018732368909553005,4.087783346964769
vggss,C3,12345,best,1245,C4EJRCN7f7Q_000558,0.995,-0.02387755102040816,0.1350707212463547,0.011218401158656098,12.04010440847307
vggss,C3,12345,best,1246,C5enZKUmB4k_000030,0.9929591836734694,0.4120408163265306,0.11779632290531195,0.020312419308762653,5.79922662656414
vggss,C3,12345,best,1247,C6Ex7oHBFdU_000030,0.9940816326530613,0.15448979591836734,0.1596055875191464,0.013476994961459585,11.842817184066144
vggss,C3,12345,best,1248,C70SFMHqnRI_000120,0.9927551020408163,0.5044897959183674,0.1507212231561462,0.014630608574127228,10.301774009775755
vggss,C3,12345,best,1249,C7KSF6CW6EM_000357,0.9916326530612245,-0.175,0.1782569504453931,0.0157011660498786,11.353102685438536
vggss,C3,12345,best,1250,C7hEJn-CQEU_000030,0.990204081632653,0.42051020408163264,0.15871756876796703,0.023473776953131447,6.761484063040558
vggss,C3,12345,best,1251,C989KLZ_3Tw_000021,0.9924489795918368,0.8361224489795919,0.16432177253528746,0.026038780430764564,6.3106554845073655
vggss,C3,12345,best,1252,CA5iF0mpXFE_000030,0.9881632653061224,0.6409183673469387,0.13090510748036274,0.0237300797663623,5.516420878867944
vggss,C3,12345,best,1253,CAbXVOWLYps_000030,0.9629591836734694,0.7284693877551021,0.07723294752066477,0.02710702889098085,2.849185273357716
vggss,C3,12345,best,1254,CCX_4cW_SAU_000000,0.9622448979591837,0.6948979591836735,0.10128505867303328,0.02726513538358382,3.7148195762862937
vggss,C3,12345,best,1255,CD2NWcdAcDM_000006,0.973265306122449,0.44255102040816324,0.06805435109271724,0.016490361696958434,4.1269168222834995
vggss,C3,12345,best,1256,CDABuTQLNe8_000140,0.9804081632653061,0.5826530612244898,0.10397038851465139,0.019019931440479074,5.466391340053778
vggss,C3,12345,best,1257,CDIex7WRfFo_000025,0.9762244897959184,0.5495918367346939,0.1232995282542492,0.029117999137752506,4.234478051563201
vggss,C3,12345,best,1258,CF7-FnDkLwU_000030,0.9912244897959184,0.823469387755102,0.1567264058873201,0.02298818101837816,6.817694960815882
vggss,C3,12345,best,1259,CGYflJRiLt0_000030,0.9875510204081632,0.7239795918367347,0.14472306830627024,0.025908578356935275,5.585913140908806
vggss,C3,12345,best,1260,CHxOPxrzSfQ_000214,0.9935714285714285,0.476734693877551,0.1323767118479884,0.019423999881585552,6.815110824495264
vggss,C3,12345,best,1261,CIJ9L83uKtE_000030,0.9956122448979592,0.9336734693877551,0.17902153186447614,0.0483108566854025,3.705617000962206
vggss,C3,12345,best,1262,CIJhL5kL8Sg_000788,0.9979591836734694,0.9457142857142857,0.11738001977793286,0.027249431104330677,4.307613591216515
vggss,C3,12345,best,1263,CK5D-skzB5Y_000170,0.9873469387755102,0.017653061224489796,0.10007122507713911,0.012816255098507591,7.808148660273785
vggss,C3,12345,best,1264,CK7_1E8cNMM_000043,0.9941836734693877,0.8855102040816326,0.18547003893021793,0.034725294920107085,5.341064470638224
vggss,C3,12345,best,1265,CL5vkiMs2c0_000010,0.991938775510204,0.8425510204081633,0.21039817501718433,0.027115001072821086,7.759475076255057
vggss,C3,12345,best,1266,CLtTzEgjeJk_000066,0.9764285714285714,0.8208163265306122,0.17839695070507927,0.046466518853469724,3.839257923918226
vggss,C3,12345,best,1267,CMCtge02AnU_000260,0.9429591836734694,0.5293877551020408,0.08864108722027116,0.03883877041231692,2.2822835604538207
vggss,C3,12345,best,1268,COhPkkb8I0c_000096,0.9912244897959184,0.8691836734693877,0.14939743077404546,0.03231627313902895,4.622978340705243
vggss,C3,12345,best,1269,CPVPmzfWJhQ_000020,0.9892857142857143,0.7242857142857143,0.13986996867958149,0.024378952307127357,5.73732484142436
vggss,C3,12345,best,1270,CPvs0cy_RR4_000034,0.9887755102040816,-0.4304081632653061,0.05455027874688503,0.009554741077260887,5.709236734494879
vggss,C3,12345,best,1271,CQ8oRAR8mVo_000014,0.9957142857142857,0.30459183673469387,0.09662261007176631,0.00893595775556798,10.812787248413404
vggss,C3,12345,best,1272,CQGQV-JxPoI_000030,0.996734693877551,-0.1463265306122449,0.19298730540764572,0.010183232559171794,18.951477763691713
vggss,C3,12345,best,1273,CQNxQ_dD040_000005,0.9935714285714285,-0.1730612244897959,0.1909195180508594,0.014591348771567262,13.084432497623911
vggss,C3,12345,best,1274,CQpGLOiNpnI_000590,0.9556122448979592,0.764795918367347,0.09867593365259554,0.04118629706185231,2.3958437803817874
vggss,C3,12345,best,1275,CRdma6NINIw_000030,0.9812244897959184,0.46418367346938777,0.11780643035120761,0.019017538912522412,6.194620181564924
vggss,C3,12345,best,1276,CSEWnDLoCNA_000021,0.975204081632653,-0.016224489795918368,0.1300203932813838,0.02176344472871911,5.974256139231878
vggss,C3,12345,best,1277,CT7CrLxIuQI_000030,0.990204081632653,-0.3345918367346939,0.12044471167665814,0.013075462301343597,9.211506935726593
vggss,C3,12345,best,1278,CTDxHMKWxI8_000265,0.9941836734693877,0.5809183673469388,0.09910329820032139,0.01425807926278921,6.950676621567223
vggss,C3,12345,best,1279,CTWtiwntfgw_000030,0.9777551020408163,0.2556122448979592,0.12447985679656523,0.02820484374945257,4.413421251411162
vggss,C3,12345,best,1280,CU72qSlceqM_000030,0.99,-0.24224489795918366,0.14445473588061844,0.013353155342876458,10.818022570049788
vggss,C3,12345,best,1281,CUJ1MnvyKOw_000040,0.9906122448979592,0.03173469387755102,0.20007726978871176,0.019242470024166975,10.397691644442268
vggss,C3,12345,best,1282,CUL0UrnVfZI_000030,0.9951020408163266,-0.6569387755102041,0.1289901653449644,0.01590814906234362,8.10843328406437
vggss,C3,12345,best,1283,CUt0oGFuxL8_000053,0.9947959183673469,0.7606122448979592,0.157328980039252,0.01869856672502453,8.413959334578122
vggss,C3,12345,best,1284,CV3EAozMSzw_000047,0.9946938775510205,0.5072448979591837,0.1335553291022078,0.01259417822753195,10.604529068061339
vggss,C3,12345,best,1285,CWA2pRIDHuI_000000,0.9909183673469387,0.12489795918367347,0.17473068612171752,0.016918848463355216,10.32757557348949
vggss,C3,12345,best,1286,CWY1Y5hjfpo_000030,0.9911224489795918,0.898469387755102,0.18213838630625223,0.05130755750510944,3.5499328980553027
vggss,C3,12345,best,1287,CW_UrQzAqzU_000025,0.99,0.7566326530612245,0.13613921792096206,0.029727756126148648,4.579532250710758
vggss,C3,12345,best,1288,CWxZNhucY8o_000573,0.986938775510204,-0.32948979591836736,0.08905826295224313,0.013332249316072124,6.679912806977195
vggss,C3,12345,best,1289,CX-gGuT3iEs_000230,0.9888775510204082,0.8303061224489796,0.13149822442685744,0.03403274371756699,3.863873730491521
vggss,C3,12345,best,1290,CXISjTeWfTE_000200,0.9911224489795918,0.5842857142857143,0.12094860702623857,0.013287378213915298,9.102518576582272
vggss,C3,12345,best,1291,CZgx_6XaEkg_000030,0.991734693877551,0.8981632653061224,0.17524223450191942,0.040828277187497264,4.292178033796229
vggss,C3,12345,best,1292,C_GSeZOpoRo_000030,0.9789795918367347,0.8648979591836735,0.1147206390832778,0.03106948991252459,3.6923888807402707
vggss,C3,12345,best,1293,CcR1jeBHtCk_000058,0.9770408163265306,0.6627551020408163,0.12660103126209385,0.027289141783389217,4.639245611569776
vggss,C3,12345,best,1294,CdSt0vG0uk0_000320,0.9940816326530613,-0.8063265306122449,0.15818252283776527,0.024060556644421485,6.574350094034103
vggss,C3,12345,best,1295,Ce1P47VwTAI_000030,0.950204081632653,0.7848979591836734,0.12860809332942288,0.02868896166966025,4.482842384129615
vggss,C3,12345,best,1296,Ce2fbtvF_TI_000136,0.9941836734693877,0.7924489795918367,0.1791157108446204,0.027291292081319835,6.563108493028088
vggss,C3,12345,best,1297,CfnFpH_Xe4Y_000013,0.99,0.41316326530612246,0.09883756357565278,0.014473021073022764,6.829090006638818
vggss,C3,12345,best,1298,Cg07QFTiJtI_000030,0.9672448979591837,0.24091836734693878,0.10239698327923945,0.024039898016095965,4.259459969866732
vggss,C3,12345,best,1299,CgMmtC41T9k_000030,0.9931632653061224,0.27693877551020407,0.14690833432011038,0.01287292735596144,11.412193222086138
vggss,C3,12345,best,1300,CgMt2IylPic_000494,0.9890816326530613,0.8387755102040816,0.1577860992127474,0.02924962750077908,5.3944652528838075
vggss,C3,12345,best,1301,CguHOT6Ve3E_000020,0.988265306122449,0.13020408163265307,0.07186021873545582,0.010967577849257422,6.55205914406354
vggss,C3,12345,best,1302,CgzmlbU6hsk_000030,0.9879591836734694,-0.19255102040816327,0.1282086514648991,0.015877840702716868,8.074690624838
vggss,C3,12345,best,1303,ChBwdyjZAJI_000030,0.996734693877551,0.7786734693877551,0.09292228559456592,0.014253697087372385,6.519170782497371
vggss,C3,12345,best,1304,Chc1xUT9KB0_000070,0.9892857142857143,0.5462244897959184,0.10226173164151602,0.01488870038434206,6.868412218776409
vggss,C3,12345,best,1305,Cih7zp6KJac_000060,0.9903061224489796,-0.044489795918367346,0.1533009606671058,0.02029420407095894,7.553928211773522
vggss,C3,12345,best,1306,CiuMO1EkzU4_000010,0.9821428571428571,-0.45948979591836736,0.11692767408730705,0.016513353616597302,7.080795143258178
vggss,C3,12345,best,1307,CjO1ZZZI8CE_000030,0.978265306122449,-0.6439795918367347,0.09818216626996512,0.022133197073696372,4.4359685563296765
vggss,C3,12345,best,1308,CjuYza6dsvs_000030,0.9692857142857143,0.4928571428571429,0.13454245199980236,0.026060459486290398,5.162704520639054
vggss,C3,12345,best,1309,ClaW4rHT6t0_000000,0.981938775510204,0.8283673469387756,0.13566003447792868,0.04385704855860945,3.0932321926915813
vggss,C3,12345,best,1310,CljO1-A89-g_000030,0.9860204081632653,-0.5214285714285715,0.13647083605561103,0.02354724175127479,5.795618760665369
vggss,C3,12345,best,1311,Cmb7oRnRLio_000034,0.9885714285714285,0.23346938775510204,0.08498438953292307,0.010354549890477042,8.207444112185138
vggss,C3,12345,best,1312,Cmhpj4MJ_hQ_000020,0.9908163265306122,-0.06897959183673469,0.17324207845114747,0.021152129061225225,8.190290346172487
vggss,C3,12345,best,1313,Cmz0InA1eM4_000030,0.9978571428571429,-0.3256122448979592,0.16078787120067223,0.014033872724888844,11.45712764770323
vggss,C3,12345,best,1314,Co7vOJiMeO0_000064,0.9940816326530613,0.7366326530612245,0.1506393217296391,0.020979402422943213,7.180343781617866
vggss,C3,12345,best,1315,CpoUHOCPaNw_000020,0.9805102040816327,0.8735714285714286,0.1651763936953536,0.052966549733902135,3.11850393361812
vggss,C3,12345,best,1316,Cpwy_3wUjSc_000330,0.9939795918367347,-0.6569387755102041,0.17698932058178204,0.02289876414962814,7.729208416020837
vggss,C3,12345,best,1317,Cqb1zyyTiHw_000000,0.9879591836734694,0.2729591836734694,0.12721846084375485,0.019731483754583345,6.4474857758329405
vggss,C3,12345,best,1318,Cqb1zyyTiHw_000011,0.9866326530612245,-0.08765306122448979,0.10184756768962262,0.015609189234870376,6.52484675258461
vggss,C3,12345,best,1319,CqmuLdNiEjE_000077,0.9955102040816326,0.8213265306122449,0.11795957830266207,0.017732051429366926,6.652336802232785
vggss,C3,12345,best,1320,CrOlDmMSVSM_000120,0.9962244897959184,0.6781632653061225,0.12909735988008486,0.017068920529128027,7.56329960408339
vggss,C3,12345,best,1321,Cs0UHi69c7Y_000030,0.9881632653061224,0.8470408163265306,0.1336371861707869,0.040826920721611315,3.2732614610351307
vggss,C3,12345,best,1322,CsRF3qYnSLI_000030,0.9880612244897959,0.9201020408163265,0.13616097671966482,0.03755911965170275,3.6252440947052906
vggss,C3,12345,best,1323,Cs_DJvnYWTs_000010,0.9959183673469387,-0.8836734693877552,0.20215263084443516,0.024018175074703895,8.416652398264166
vggss,C3,12345,best,1324,Ct9ltnuEPvc_000038,0.9890816326530613,0.7372448979591837,0.12865213228006384,0.022047860820646862,5.83512991698436
vggss,C3,12345,best,1325,CxSALNdzjKs_000096,0.9909183673469387,0.4923469387755102,0.17331767101453802,0.015432030752617138,11.231034579499191
vggss,C3,12345,best,1326,CxSALNdzjKs_000125,0.9970408163265306,-0.0413265306122449,0.13636695735715193,0.00884272247428346,15.42137704239123
vggss,C3,12345,best,1327,D-7c7OP4dFg_000051,0.9866326530612245,0.2280612244897959,0.10605496334716767,0.015501291299946974,6.841685721210236
vggss,C3,12345,best,1328,D-p9s8y2z_U_000000,0.9878571428571429,0.9003061224489796,0.13667017399570208,0.055616576194969264,2.4573640332801436
vggss,C3,12345,best,1329,D05-MrPXqjw_000030,0.9918367346938776,0.7811224489795918,0.11304410139320697,0.022366588826890566,5.054150289439667
vggss,C3,12345,best,1330,D0L-M4trkpw_000210,0.9694897959183674,0.5722448979591837,0.11953644672004671,0.0359196266970812,3.3278866656417714
vggss,C3,12345,best,1331,D0Vk5yjzXB0_000017,0.9778571428571429,0.8428571428571429,0.09523541738454079,0.03171056665827168,3.003270752328189
vggss,C3,12345,best,1332,D1KdCkSFmnk_000000,0.9963265306122449,0.5035714285714286,0.14976557624977743,0.012935103556615304,11.578227850613839
vggss,C3,12345,best,1333,D1VQAb8CfWM_000008,0.9945918367346939,0.8246938775510204,0.17611877698334671,0.024488250721250986,7.191970508147005
vggss,C3,12345,best,1334,D1VQAb8CfWM_000022,0.9956122448979592,0.9605102040816327,0.14809890080265975,0.032479738288969086,4.559731962278703
vggss,C3,12345,best,1335,D1eDJb5FMw0_000065,0.9962244897959184,0.5779591836734694,0.21248903313198195,0.009898634937869027,21.466498609729157
vggss,C3,12345,best,1336,D1tl1eS7ubI_000000,0.9920408163265306,-0.21061224489795918,0.15781526584072547,0.01659301617984052,9.510945094627292
vggss,C3,12345,best,1337,D2ISzNuhtxE_000009,0.9911224489795918,0.8987755102040816,0.16222092913974545,0.02617156428815365,6.1983658047208685
vggss,C3,12345,best,1338,D2IvCQMkGWk_000055,0.9894897959183674,0.42683673469387756,0.17940003038698144,0.030883376593588766,5.808951292723089
vggss,C3,12345,best,1339,D30UC-C-lIs_000029,0.986938775510204,0.8238775510204082,0.1072735832328656,0.027301112710099613,3.9292751314557752
vggss,C3,12345,best,1340,D3BJuOwltoI_000010,0.9809183673469388,0.06959183673469388,0.11465106473814853,0.018236109331297053,6.287035389801203
vggss,C3,12345,best,1341,D3FV0JAngZ4_000210,0.9918367346938776,0.951530612244898,0.23565751785041983,0.06083612775778596,3.8736442725064757
vggss,C3,12345,best,1342,D4Jb8jIl-2A_000378,0.9637755102040816,0.24112244897959184,0.08044705487403586,0.021340411510957773,3.769704948413403
vggss,C3,12345,best,1343,D5Zi0Mfo0Ts_000048,0.9959183673469387,0.27918367346938777,0.1326051754869079,0.0117453796627288,11.289986300544992
vggss,C3,12345,best,1344,D668Jl6zuAk_000190,0.9873469387755102,-0.8194897959183673,0.10871070558082416,0.020365878671826133,5.337884376735142
vggss,C3,12345,best,1345,D7iyQCgox0g_000017,0.9942857142857143,0.33683673469387754,0.17789405057514132,0.014014755246345871,12.693339801387143
vggss,C3,12345,best,1346,D8R-u0sG5eg_000009,0.9590816326530612,0.18448979591836734,0.06714577465567426,0.015737478060558852,4.266615934096485
vggss,C3,12345,best,1347,D9ag3OB7E4k_000000,0.9795918367346939,0.48489795918367345,0.16161545984288236,0.010521345239009338,15.360722053266608
vggss,C3,12345,best,1348,D9qpDjafWRM_000030,0.9845918367346939,0.8427551020408163,0.08773660564812948,0.035181666597456744,2.493816073354293
vggss,C3,12345,best,1349,DA2QCyip6mY_000618,0.9760204081632653,0.026020408163265306,0.10835606896514548,0.01973450801125627,5.490690160775266
vggss,C3,12345,best,1350,DC4_1CHRcx8_000196,0.9924489795918368,0.5561224489795918,0.14011543612838565,0.016780864447035963,8.349715032298858
vggss,C3,12345,best,1351,DCftdpZ9lIs_000162,0.9910204081632653,0.551530612244898,0.11047161098930809,0.01253917990411684,8.810114523760701
vggss,C3,12345,best,1352,DCrct29xGEY_000030,0.9340816326530612,0.5278571428571428,0.06273435079276561,0.02005926808308186,3.127449642376346
vggss,C3,12345,best,1353,DDZlMjb-0i4_000150,0.9948979591836735,0.6005102040816327,0.11583350422127403,0.014569094117010439,7.950631884931699
vggss,C3,12345,best,1354,DDhKU_VH0Js_000228,0.9804081632653061,0.28744897959183674,0.10127876694603404,0.022910783453095666,4.42057196138133
vggss,C3,12345,best,1355,DDlAcAppYtE_000026,0.9877551020408163,0.5575510204081633,0.17374692861239313,0.019646034634307943,8.843867571574888
vggss,C3,12345,best,1356,DDoJMpe85o0_000386,0.9224489795918367,0.5527551020408163,0.056965857321836504,0.022423445381386246,2.5404596105968618
vggss,C3,12345,best,1357,DEGSyVygE98_000110,0.9952040816326531,0.461734693877551,0.1730545764065108,0.01740746771728886,9.941398669643108
vggss,C3,12345,best,1358,DEXE_V8oBYI_000030,0.9302040816326531,-0.11214285714285714,0.08254895382333773,0.02801002019606808,2.9471222528759755
vggss,C3,12345,best,1359,DFTZgruYPL4_000115,0.9926530612244898,0.5160204081632653,0.1718065247573493,0.020921368208508265,8.212011903097205
vggss,C3,12345,best,1360,DFf71XYDX3g_000016,0.9966326530612245,0.6919387755102041,0.12864774257933478,0.01206493271607621,10.662947370432908
vggss,C3,12345,best,1361,DGS6j6k14ak_000105,0.9924489795918368,0.6170408163265306,0.11266804170304211,0.014215736816081249,7.92558578993871
vggss,C3,12345,best,1362,DGeHJrq-FoI_000012,0.9922448979591837,0.6168367346938776,0.1240447234303655,0.015558793826496366,7.972643947445297
vggss,C3,12345,best,1363,DHoVXJe-MXY_000293,0.9864285714285714,0.6324489795918368,0.13400694908232255,0.022743745331039133,5.89203524449594
vggss,C3,12345,best,1364,DHoVXJe-MXY_000729,0.9640816326530612,0.7942857142857143,0.1196757952438228,0.044820508749736955,2.6701123789569916
vggss,C3,12345,best,1365,DIAS8gDM8Hg_000003,0.986734693877551,0.7196938775510204,0.11937302201362396,0.01831715330647246,6.517007310925486
vggss,C3,12345,best,1366,DIooS7FSHYk_000030,0.99,0.5262244897959184,0.1448636199732754,0.021532259121069718,6.727748312833726
vggss,C3,12345,best,1367,DJbFAoB4-_o_000170,0.993265306122449,0.38948979591836735,0.15168162556918177,0.015909532901320654,9.534008729859734
vggss,C3,12345,best,1368,DKH0HIZP284_000070,0.9907142857142858,0.5542857142857143,0.15045524037107527,0.014270103121668511,10.543388445638893
vggss,C3,12345,best,1369,DKPvyyDnRe4_000003,0.9680612244897959,0.6970408163265306,0.08404286982877211,0.025129558506533794,3.3443830621584776
vggss,C3,12345,best,1370,DKSrNxPQrbY_000090,0.993061224489796,0.7543877551020408,0.15153581520808912,0.023690826756072994,6.396392019929987
vggss,C3,12345,best,1371,DLMKy0_82iw_000150,0.9366326530612245,0.693265306122449,0.07895766091946693,0.03233384283126231,2.441951033519774
vggss,C3,12345,best,1372,DLbcnJVnyaI_000134,0.9926530612244898,0.4101020408163265,0.11467979024005968,0.012050511819275864,9.516590827006963
vggss,C3,12345,best,1373,DLncH1MUazE_000005,0.9924489795918368,0.5923469387755103,0.1463262958734489,0.017560173242568464,8.332850357007427
vggss,C3,12345,best,1374,DNDz_sjBBY0_000230,0.9870408163265306,0.8438775510204082,0.11777946956061956,0.03146844184296699,3.742780470299726
vggss,C3,12345,best,1375,DNwWLZCupMc_000300,0.9831632653061224,0.4977551020408163,0.07925891475597599,0.014010177868596312,5.657238294856637
vggss,C3,12345,best,1376,DPdAsDw3chc_000030,0.9792857142857143,0.8072448979591836,0.10696811782059094,0.035030416919484476,3.053578210800385
vggss,C3,12345,best,1377,DPpmV4JqYsM_000030,0.9935714285714285,0.7274489795918367,0.18971330015922167,0.01803166553461559,10.521119072169286
vggss,C3,12345,best,1378,DQIwRVrlYqI_000159,0.9730612244897959,0.7374489795918368,0.11595500043742075,0.02740513549334289,4.231141293411518
vggss,C3,12345,best,1379,DRC7KTs-BLc_000008,0.951734693877551,0.22724489795918368,0.07254631767648584,0.01803813331612729,4.021830663133231
vggss,C3,12345,best,1380,DRSs6q_sTr4_000000,0.9948979591836735,0.33816326530612245,0.2013074100876802,0.01712281173828836,11.756679519960862
vggss,C3,12345,best,1381,DSGMDArb1QI_000030,0.993061224489796,0.8884693877551021,0.19229184460926835,0.03557882601519505,5.404670871578059
vggss,C3,12345,best,1382,DShnW2mZR-0_000002,0.9879591836734694,-0.14448979591836736,0.07587045557719146,0.010495217072898542,7.229050628510512
vggss,C3,12345,best,1383,DTkc7PSmJ90_000030,0.9966326530612245,0.8148979591836735,0.17767277167416762,0.01653705129788932,10.7439209369112
vggss,C3,12345,best,1384,DUNOn71oGCw_000040,0.9923469387755102,0.8983673469387755,0.19122680372829398,0.04080949721037034,4.685840718461492
vggss,C3,12345,best,1385,DUSKxRMntZY_000268,0.991734693877551,0.7173469387755103,0.13004127685960915,0.016996789890329298,7.65093159936036
vggss,C3,12345,best,1386,DUlxiX4ri1Q_000045,0.9845918367346939,0.1536734693877551,0.12049419531292063,0.01656787775889363,7.27275979859517
vggss,C3,12345,best,1387,DVDQyIt56nQ_000200,0.9883673469387755,-0.11142857142857143,0.1103077142685688,0.013865071690522623,7.955798334888445
vggss,C3,12345,best,1388,DVU3ovcB058_000037,0.9938775510204082,0.7940816326530612,0.15741877370844898,0.02167077564786369,7.264104260336771
vggss,C3,12345,best,1389,DWLJMnVOT20_000083,0.9740816326530612,0.09020408163265306,0.08072242503999165,0.015653063296587194,5.156973016111894
vggss,C3,12345,best,1390,DXWEVucEPvU_000006,0.9883673469387755,0.6716326530612244,0.11127533678887523,0.019418553406298493,5.7303618071149724
vggss,C3,12345,best,1391,DYTLct-5tVs_000000,0.9886734693877551,0.029693877551020407,0.1902239441403909,0.022655728838751457,8.396284467133215
vggss,C3,12345,best,1392,DYdalOQnx1Y_000030,0.9894897959183674,0.7819387755102041,0.13621988643385005,0.023361811818805648,5.830878507641971
vggss,C3,12345,best,1393,DZ2idjIBgKk_000030,0.9987755102040816,-0.6173469387755102,0.24303187852708305,0.007878123815015261,30.848953917667295
vggss,C3,12345,best,1394,DZFP5hm7iKg_000161,0.9624489795918367,0.4409183673469388,0.1285399945037956,0.02787346512834777,4.611554175697672
vggss,C3,12345,best,1395,DZFP5hm7iKg_000195,0.965,0.4804081632653061,0.1199915163395027,0.020502314553903424,5.8525839131005615
vggss,C3,12345,best,1396,DaaY_n80b2Y_000005,0.9879591836734694,0.45755102040816326,0.1275297521903873,0.0222395483992434,5.734367888276272
vggss,C3,12345,best,1397,Daqv2F6SEmQ_000030,0.9951020408163266,0.9287755102040817,0.20055313573757394,0.04353749966934648,4.606445874492368
vggss,C3,12345,best,1398,Db0c4aAwUbY_000030,0.9877551020408163,0.6307142857142857,0.1386529004369412,0.023247470148644145,5.9642145812166065
vggss,C3,12345,best,1399,Db6Hjt0x28k_000056,0.985204081632653,0.8263265306122449,0.1581229324838166,0.04064144998386561,3.8906813744733606
vggss,C3,12345,best,1400,Dbo9tI1f2mo_000083,0.986938775510204,0.6254081632653061,0.15411508314611158,0.023563999229830573,6.540277040537812
vggss,C3,12345,best,1401,DcMUa81JfBE_000010,0.9937755102040816,0.7790816326530612,0.1331990078334012,0.014245881298048496,9.35000124222906
vggss,C3,12345,best,1402,DcMUa81JfBE_000032,0.9893877551020408,0.6315306122448979,0.15038572385055748,0.022821296357791926,6.589709957436794
vggss,C3,12345,best,1403,DcU6AzN7imA_000210,0.9905102040816327,0.9179591836734694,0.15172135605643036,0.03441318888534846,4.408814206724861
vggss,C3,12345,best,1404,Ddo9DOeh-PA_000218,0.975204081632653,0.3772448979591837,0.12070450538289039,0.02685609883163607,4.4944914054569365
vggss,C3,12345,best,1405,DeiK0fdPv8Y_000008,0.9764285714285714,-0.674795918367347,0.0911662043540063,0.020227828978480033,4.506969307037158
vggss,C3,12345,best,1406,DexDu4FDEWM_000031,0.9871428571428571,0.4630612244897959,0.13769050273504738,0.01631705050234253,8.438443131329407
vggss,C3,12345,best,1407,DfrOLl-Or0Q_000011,0.9934693877551021,-0.7336734693877551,0.20956847736588397,0.02054593704756243,10.199996081013358
vggss,C3,12345,best,1408,DhiZ6pZ8LEc_000170,0.9893877551020408,0.5416326530612245,0.09300773031122175,0.014074335481643717,6.6083212548490105
vggss,C3,12345,best,1409,DiUgEH6m7fw_000099,0.9951020408163266,0.8686734693877551,0.14941925712557463,0.020593396582448333,7.255687837960837
vggss,C3,12345,best,1410,DitJemO43co_000014,0.9957142857142857,0.046122448979591835,0.15670639788768065,0.01292265654810185,12.126484775353605
vggss,C3,12345,best,1411,Dj9gyAoqmQ0_000030,0.9586734693877551,0.6928571428571428,0.07493159856372894,0.024881996703549396,3.011478518242871
vggss,C3,12345,best,1412,DjPrMmqCqlg_000075,0.9777551020408163,0.44142857142857145,0.10094466442470837,0.02054857463041597,4.912489855879844
vggss,C3,12345,best,1413,DjXyE3_g0b4_000156,0.9934693877551021,0.9478571428571428,0.14629653191714345,0.03741372646674076,3.9102368497614095
vggss,C3,12345,best,1414,DjqOjkoVu3M_000153,0.9944897959183674,-0.22510204081632654,0.12566690151945295,0.008414789650247532,14.934051443075145
vggss,C3,12345,best,1415,DkhdvvtvwTE_000020,0.9904081632653061,0.7827551020408163,0.16534231135252841,0.02246167934565039,7.361084129470767
vggss,C3,12345,best,1416,Dm8tMkoPiX0_000090,0.9848979591836735,0.8038775510204081,0.13581592218194377,0.0421881226328408,3.219292865054384
vggss,C3,12345,best,1417,Dm8tMkoPiX0_000135,0.9844897959183674,0.6520408163265307,0.1708492738248,0.03454371307656167,4.945886200656388
vggss,C3,12345,best,1418,DmJL3kSguyw_000023,0.9883673469387755,0.5779591836734694,0.18904714444872261,0.03139739200609839,6.021109791921684
vggss,C3,12345,best,1419,DmTSz-8AGRg_000003,0.9904081632653061,-0.025816326530612246,0.10677492503597973,0.01106897983018068,9.646320318052004
vggss,C3,12345,best,1420,Do5DfkHBhtg_000400,0.9944897959183674,0.9340816326530612,0.16945914715905427,0.022434282985023195,7.553579816755578
vggss,C3,12345,best,1421,DoPxrS9KYB0_000490,0.9894897959183674,0.5518367346938775,0.1560791895782683,0.02591609312142971,6.022481430629228
vggss,C3,12345,best,1422,DoT_HlcSeck_000030,0.9944897959183674,0.7097959183673469,0.11705913168809269,0.013098240735044434,8.937011775550909
vggss,C3,12345,best,1423,DpLi9YH5idY_000030,0.9909183673469387,0.5369387755102041,0.09984853584763027,0.015930683483420808,6.267686879319614
vggss,C3,12345,best,1424,DpdjtEEqTIQ_000003,0.9738775510204082,0.6690816326530612,0.13907478166487544,0.03626052241597079,3.8354323765512146
vggss,C3,12345,best,1425,DpxmQlaOtDg_000194,0.9907142857142858,0.8758163265306123,0.15027467642703646,0.03087389659309405,4.8673699470979725
vggss,C3,12345,best,1426,DqQT03hOLA4_000240,0.991938775510204,-0.2292857142857143,0.09411463659602481,0.010523368104225992,8.94339489637639
vggss,C3,12345,best,1427,Dqv8aWzOgmo_000049,0.9961224489795918,0.23979591836734693,0.14146993658977958,0.011471256891116176,12.332557620546345
vggss,C3,12345,best,1428,Dr0Crzj0f4I_000141,0.9596938775510204,-0.7080612244897959,0.15855313297349946,0.020028205085753693,7.916492381350751
vggss,C3,12345,best,1429,DrN1hZuDLqA_000153,0.9903061224489796,0.6065306122448979,0.11042197998119473,0.01749337893971117,6.312215630939615
vggss,C3,12345,best,1430,Dr_iScgnMPY_000026,0.9911224489795918,0.8865306122448979,0.11981431853177474,0.03593974791500824,3.3337551174570415
vggss,C3,12345,best,1431,DroAzooK4yw_000030,0.9951020408163266,0.9625510204081633,0.18561779236455603,0.07548168426667469,2.459110367871145
vggss,C3,12345,best,1432,DtUw0XOALfk_000064,0.8960204081632653,0.2033673469387755,0.1081699280257367,0.0235690019350374,4.589499730361198
vggss,C3,12345,best,1433,Dtj3xlb92Vk_000070,0.9712244897959184,0.8863265306122449,0.13349240914048607,0.06161208601358924,2.1666594620906494
vggss,C3,12345,best,1434,Dvq1kY70ip4_000025,0.9926530612244898,0.5738775510204082,0.12524460852653715,0.014095774809225744,8.88525889648606
vggss,C3,12345,best,1435,Dx13FJh7_tU_000022,0.9966326530612245,0.8039795918367347,0.23334323732668105,0.018053506519138476,12.925092257247337
vggss,C3,12345,best,1436,DyC9UIPr8tY_000034,0.9848979591836735,0.5783673469387756,0.07748368546038381,0.01767121767535822,4.384739460735159
vggss,C3,12345,best,1437,DymSRUrjT5c_000560,0.9841836734693877,0.33183673469387753,0.10379212319950862,0.016776043581791727,6.186924985826923
vggss,C3,12345,best,1438,DyzH7KzpIMk_000013,0.9963265306122449,0.325,0.13761306375600194,0.015093410010927316,9.117426986769255
vggss,C3,12345,best,1439,E-hmA_v9ePI_000022,0.9787755102040816,0.4175510204081633,0.12012524579785422,0.028946380449007356,4.149922855103413
vggss,C3,12345,best,1440,E-pIudhSCSg_000496,0.9853061224489796,0.6442857142857142,0.17889379961595103,0.039141282220914765,4.570463445889897
vggss,C3,12345,best,1441,E0pr-jw5Nrg_000129,0.9846938775510204,0.8594897959183674,0.14519639240725934,0.043055145221376,3.372335447034384
vggss,C3,12345,best,1442,E1cKPUWHa8I_000084,0.9881632653061224,0.9375510204081633,0.0938885173861265,0.03109744787282395,3.0191711477447525
vggss,C3,12345,best,1443,E2DcawleYIY_000030,0.9728571428571429,0.5731632653061225,0.09603724114367429,0.02106682520065383,4.5586954953560666
vggss,C3,12345,best,1444,E3KhunKjg9s_000181,0.9934693877551021,-0.5410204081632654,0.1924945155488026,0.018122777465776854,10.621689523711817
vggss,C3,12345,best,1445,E3XIdP8kxwg_000110,0.9925510204081632,0.7544897959183674,0.09137908732908509,0.015221431644057036,6.003317523996673
vggss,C3,12345,best,1446,E3rjAlJCmUs_000422,0.9856122448979592,0.7710204081632653,0.13003508023243596,0.04349334987390092,2.9897692545973835
vggss,C3,12345,best,1447,E4oNVFYPj8Y_000300,0.9871428571428571,0.46183673469387754,0.12502028162743908,0.018368372784662423,6.806279635822229
vggss,C3,12345,best,1448,E6QQRZHrx6s_000030,0.9933673469387755,0.7292857142857143,0.12673675663454584,0.017470935230319277,7.25414838780956
vggss,C3,12345,best,1449,E6_602iIrgY_000561,0.9670408163265306,0.5583673469387755,0.08214984292537829,0.021739553323223332,3.7788192656939974
vggss,C3,12345,best,1450,E6tdua70y5E_000316,0.9962244897959184,0.668469387755102,0.13889193866339128,0.01653696085601115,8.398879326905123
vggss,C3,12345,best,1451,E7CeefZM4I8_000008,0.9912244897959184,-0.4530612244897959,0.16459485683633998,0.020551472630909343,8.008908159154974
vggss,C3,12345,best,1452,E7m7feGvswI_000229,0.9840816326530613,0.25020408163265306,0.10618830431600831,0.013448243260195643,7.896072539846628
vggss,C3,12345,best,1453,E7m7feGvswI_000620,0.9910204081632653,-0.09520408163265306,0.20099303895465703,0.018954597906253402,10.603919953814819
vggss,C3,12345,best,1454,E7n4klULtxI_000530,0.991938775510204,0.38642857142857145,0.10490787826130847,0.014168671041733189,7.404214407427979
vggss,C3,12345,best,1455,E7q_QwLYI8U_000210,0.9838775510204082,0.7020408163265306,0.15991497966494778,0.04335076846855628,3.6888614738384464
vggss,C3,12345,best,1456,E8SPrMj1cto_000030,0.9921428571428571,0.6631632653061225,0.1055807219339861,0.017119089430930986,6.167426273457134
vggss,C3,12345,best,1457,E9Xbw70cul8_000037,0.9928571428571429,0.43826530612244896,0.15461260998408824,0.017362965621049917,8.90473513330259
vggss,C3,12345,best,1458,EAJT9Bk_GeQ_000030,0.9836734693877551,0.8262244897959183,0.14780233835182469,0.04468406048824593,3.3077195030362976
vggss,C3,12345,best,1459,EBEXWRdUZB8_000024,0.9727551020408163,0.6830612244897959,0.18770046373425037,0.045668011485887935,4.110108095953608
vggss,C3,12345,best,1460,EBHtpU1tB3E_000000,0.9971428571428571,-0.6297959183673469,0.14516872782075785,0.011190439563374694,12.972567073761972
vggss,C3,12345,best,1461,EC7ZXHrHhvE_000057,0.9886734693877551,0.17408163265306123,0.11823208240186482,0.01752357260234518,6.747030704574581
vggss,C3,12345,best,1462,ECP7EJka6N8_000590,0.9837755102040816,0.5274489795918368,0.15263169559677855,0.02635554842974998,5.79125477140475
vggss,C3,12345,best,1463,ECVfSkmVy5Y_000001,0.9965306122448979,0.8821428571428571,0.18843466641416168,0.022549033231946927,8.356662765798403
vggss,C3,12345,best,1464,ED8UQJIMgeY_000521,0.9797959183673469,0.866938775510204,0.12093088292224013,0.046278505466813495,2.613111242517548
vggss,C3,12345,best,1465,EFSxZd_eGjM_000017,0.9918367346938776,0.39938775510204083,0.17019141499663543,0.019228038069220937,8.851210632304051
vggss,C3,12345,best,1466,EF_X0Ri1S3U_000030,0.9894897959183674,0.6776530612244898,0.15271019404316152,0.02598894295478391,5.875967880219285
vggss,C3,12345,best,1467,EHiNnO7ZU9I_000110,0.9836734693877551,0.6516326530612245,0.1145094380128542,0.0352102922441824,3.2521581252076643
vggss,C3,12345,best,1468,EIzBD62ja8E_000030,0.9920408163265306,0.7575510204081632,0.20032226792390193,0.04895571835008989,4.091907435437195
vggss,C3,12345,best,1469,EJJx3eIB6ro_000081,0.9945918367346939,0.9121428571428571,0.1310140898703495,0.025180068263668514,5.20308715998937
vggss,C3,12345,best,1470,EJPTTiY0zxI_000308,0.971530612244898,-0.047448979591836735,0.0937431654990111,0.022910499729565357,4.091711948912148
vggss,C3,12345,best,1471,EJwOhdjhxXY_000012,0.9829591836734693,0.8427551020408163,0.17238245234939203,0.027003244903540898,6.383768060659546
vggss,C3,12345,best,1472,EM2O8RPZcuk_000000,0.9965306122448979,0.46255102040816326,0.16545130291310034,0.012276377706671107,13.47720857620668
vggss,C3,12345,best,1473,ENQli94rpHM_000000,0.9901020408163266,-0.15806122448979593,0.15392442470207343,0.015874870223963167,9.696106017277799
vggss,C3,12345,best,1474,ENX0totqysA_000030,0.9824489795918367,0.4503061224489796,0.2026259524748795,0.03713772263559838,5.456068334159303
vggss,C3,12345,best,1475,EN_fOMt-IVE_000060,0.9935714285714285,0.38551020408163267,0.13553743361351145,0.01557406532117014,8.702765194471908
vggss,C3,12345,best,1476,EO2y901299I_000030,0.9924489795918368,-0.5074489795918368,0.13054326513935188,0.016915589328062183,7.717334738245662
vggss,C3,12345,best,1477,EOKUV6hgMhM_000122,0.9929591836734694,0.7392857142857143,0.1401706177136583,0.02260021285178597,6.202181308331412
vggss,C3,12345,best,1478,EOSB-mXWEHA_000092,0.9938775510204082,0.8537755102040816,0.16281664466017665,0.02902616594217163,5.60930592709191
vggss,C3,12345,best,1479,EPzNwL4OVYI_000263,0.9929591836734694,0.8048979591836735,0.15725229789599635,0.03591012829539941,4.379051408628428
vggss,C3,12345,best,1480,EQ91XVsmq-I_000030,0.9923469387755102,-0.37020408163265306,0.12669101906632776,0.015734748636613505,8.051670985803222
vggss,C3,12345,best,1481,EQHrQIaQNv8_000030,0.9971428571428571,0.9658163265306122,0.22909104728157004,0.06276016515178459,3.6502620209414127
vggss,C3,12345,best,1482,EQKs1YLMUuI_000004,0.9924489795918368,0.8977551020408163,0.19406488969252594,0.07078112261247263,2.741760550408803
vggss,C3,12345,best,1483,ER2x_QMrxeU_000860,0.9829591836734693,0.8230612244897959,0.1539096423123985,0.043367745533211786,3.548942662802976
vggss,C3,12345,best,1484,ERxlveTpCnw_000137,0.9965306122448979,-0.18275510204081633,0.1466445556952441,0.00983294461171633,14.913595213432961
vggss,C3,12345,best,1485,EScf6Anv-8E_000030,0.9906122448979592,0.11714285714285715,0.1952629755809795,0.024322147806794703,8.028196240400705
vggss,C3,12345,best,1486,ETJOLbXNiwA_000007,0.9916326530612245,0.9213265306122449,0.1606674837034947,0.04116540189056044,3.9029737674038607
vggss,C3,12345,best,1487,EUF5k23kQuc_000034,0.9918367346938776,0.7203061224489796,0.2058613102819601,0.022421769883361326,9.18131402439934
vggss,C3,12345,best,1488,EUXUKCqUKyo_000005,0.9955102040816326,0.9435714285714286,0.15774967487238944,0.043837216601981116,3.5985330981360786
vggss,C3,12345,best,1489,EUy-RsUXJ00_000030,0.9874489795918368,0.8858163265306123,0.1466561738251499,0.027902949595252028,5.255938026354925
vggss,C3,12345,best,1490,EVSNLohmKFc_000540,0.9689795918367347,0.6869387755102041,0.09521646579239196,0.026913810492322363,3.5378292427062354
vggss,C3,12345,best,1491,EVX-0lgG7Zo_000120,0.9711224489795919,0.8163265306122449,0.12786417808648054,0.04531251947025592,2.8218289245737758
vggss,C3,12345,best,1492,EW2eK_x3Rfc_000020,0.9879591836734694,0.28153061224489795,0.12992378031786175,0.014619575510084434,8.886973512209137
vggss,C3,12345,best,1493,EW3ZkpsGNBA_000001,0.9926530612244898,0.8775510204081632,0.1299943114515548,0.021411377987214566,6.071272550938975
vggss,C3,12345,best,1494,EWWyukVobq8_000009,0.9978571428571429,0.639795918367347,0.142030329436945,0.013892240808334996,10.223716346158522
vggss,C3,12345,best,1495,EXEYAlExz_o_000067,0.9923469387755102,0.8007142857142857,0.14422081240041465,0.025575492480946132,5.63902386270215
vggss,C3,12345,best,1496,EYWZz8l8yKg_000110,0.9862244897959184,0.7760204081632653,0.1013214620288638,0.021961970950330853,4.613495858728354
vggss,C3,12345,best,1497,Ef0c2AieZ24_000130,0.9971428571428571,0.8872448979591837,0.177334655960252,0.01987470547577344,8.922630636032148
vggss,C3,12345,best,1498,EfpGZ55vTVo_000030,0.9944897959183674,0.884795918367347,0.10214193377053972,0.01779275796753524,5.740646501060063
vggss,C3,12345,best,1499,EfzPbZ8MKAo_000017,0.9959183673469387,0.8928571428571429,0.13047018707919036,0.03166618573334926,4.12017374551636
vggss,C3,12345,best,1500,EhlXJGEcuBU_000010,0.9767346938775511,0.7410204081632653,0.11432423055448235,0.031153516636497562,3.6697054746155704
vggss,C3,12345,best,1501,EhvCJi5Zbsw_000088,0.9883673469387755,0.7818367346938776,0.13983882750653598,0.027945283815710466,5.004022447176595
vggss,C3,12345,best,1502,EiOtCVfF83c_000001,0.9937755102040816,0.3876530612244898,0.1316291751083103,0.01022795266760614,12.869552625639809
vggss,C3,12345,best,1503,EksjhWF0zqE_000020,0.993061224489796,0.5666326530612245,0.09299317550852378,0.013376836630010377,6.95180617664848
vggss,C3,12345,best,1504,EktnWQuAjdI_000030,0.9877551020408163,0.804795918367347,0.13422138146296939,0.03268584985132045,4.106406352397384
vggss,C3,12345,best,1505,ElJFYwRtrH4_000030,0.9861224489795918,0.14979591836734693,0.12908296217130388,0.02232203053393692,5.782760756242798
vggss,C3,12345,best,1506,EnXFqxbu-w0_000150,0.9884693877551021,0.21877551020408162,0.11631682883540603,0.015295373883718025,7.604706476591963
vggss,C3,12345,best,1507,EqFttu-PgP0_000030,0.986734693877551,0.8608163265306122,0.137256617622693,0.03361931110106391,4.082671926562749
vggss,C3,12345,best,1508,EqfXm8FwFe0_000009,0.9870408163265306,0.5333673469387755,0.16090259943133634,0.028761376860652697,5.594398356201814
vggss,C3,12345,best,1509,EqkH0kLuIic_000054,0.9871428571428571,0.8597959183673469,0.14375335856212948,0.0452796635576814,3.1747885754275367
vggss,C3,12345,best,1510,EsLDe5fYDrs_000080,0.9901020408163266,0.9191836734693878,0.1476676293637938,0.04929189413968613,2.995779162905061
vggss,C3,12345,best,1511,EtcoN3RhRZg_000127,0.9888775510204082,-0.5536734693877551,0.12643729281303304,0.017574370002354768,7.194413956010478
vggss,C3,12345,best,1512,EtoEpxSMfSc_000090,0.9895918367346939,0.9372448979591836,0.19900282148591564,0.06070590239029932,3.2781461711327085
vggss,C3,12345,best,1513,Evh-bm79BgQ_000275,0.9924489795918368,0.2986734693877551,0.1437779605031255,0.015546232568649211,9.24841178518521
vggss,C3,12345,best,1514,ExrHL878QsA_000039,0.9936734693877551,-0.683265306122449,0.14835923441787177,0.012530447449375648,11.839899174970327
vggss,C3,12345,best,1515,EyEVKlDZtrw_000025,0.9903061224489796,0.7453061224489796,0.0747854488477133,0.01738026349931697,4.302894996422368
vggss,C3,12345,best,1516,EzCuOP46kpM_000210,0.9933673469387755,0.8968367346938776,0.1593697178348461,0.03410867997064635,4.672409426925884
vggss,C3,12345,best,1517,F-bjopMLAo4_000090,0.9814285714285714,0.7873469387755102,0.14341179772083318,0.025207284670783373,5.689299724022053
vggss,C3,12345,best,1518,F-c6oa091zo_000150,0.9871428571428571,0.6681632653061225,0.11670084791340542,0.018783506845337205,6.212942496537865
vggss,C3,12345,best,1519,F-mbfDB9bN4_000020,0.9909183673469387,-0.24061224489795918,0.11111786326316349,0.01027395899179233,10.81548635262545
vggss,C3,12345,best,1520,F-p8xsDSjnw_000030,0.9928571428571429,0.6259183673469387,0.2114555796237421,0.027276884721385227,7.7521895107750245
vggss,C3,12345,best,1521,F0AtWOUItaQ_000060,0.9888775510204082,0.746734693877551,0.13417613664320288,0.02499815152580129,5.367442328874435
vggss,C3,12345,best,1522,F0CgRLr_pTI_000003,0.9490816326530612,0.13112244897959183,0.07293306459317685,0.0204478970247635,3.5667758158626772
vggss,C3,12345,best,1523,F0xRrtS-_Wk_000030,0.9897959183673469,-0.033775510204081635,0.10915898573236771,0.013283733696728632,8.217492779100965
vggss,C3,12345,best,1524,F1X7egd8Us0_000030,0.9964285714285714,0.981326530612245,0.2344312640788112,0.07278740305231939,3.2207669768119445
vggss,C3,12345,best,1525,F4JohaJr23s_000072,0.990204081632653,0.7397959183673469,0.111035807944403,0.022089413948859563,5.026652504293152
vggss,C3,12345,best,1526,F6IUxAJutsk_000030,0.9948979591836735,0.8698979591836735,0.1784405674302335,0.03844024883816953,4.642024253834944
vggss,C3,12345,best,1527,F6oEu35qy_A_000025,0.9578571428571429,0.816734693877551,0.06777984386942401,0.0265152281593247,2.55626100828356
vggss,C3,12345,best,1528,F9Z4BYM8ttI_000395,0.9907142857142858,0.5980612244897959,0.11646554678597344,0.016390878322367755,7.10550981438494
vggss,C3,12345,best,1529,FD1LeLl1xBA_000060,0.9872448979591837,0.4260204081632653,0.13688534724718493,0.017023543735538788,8.04094314166912
vggss,C3,12345,best,1530,FF2bhR7s3VY_000030,0.995,-0.23561224489795918,0.13129955444502034,0.01073536539732712,12.230562219867354
vggss,C3,12345,best,1531,FFSWmryaZ60_000030,0.9504081632653061,0.7113265306122449,0.1205197061308677,0.02613744065678714,4.610998747483419
vggss,C3,12345,best,1532,FGEcmA0EFpI_000000,0.991938775510204,0.8044897959183673,0.10916662559653567,0.021065228233030787,5.182313924582111
vggss,C3,12345,best,1533,FH0MZoQHSro_000030,0.9836734693877551,0.9015306122448979,0.1109178716013874,0.04306629872987675,2.5755143783563503
vggss,C3,12345,best,1534,FHChU52nch0_000010,0.9908163265306122,0.03653061224489796,0.10248046369928629,0.011226300691755467,9.128604917428175
vggss,C3,12345,best,1535,FHgtLE-TzQ4_000030,0.9871428571428571,0.8207142857142857,0.13567572085768145,0.032564626103544915,4.16635279110151
vggss,C3,12345,best,1536,FHhZzDbLmw0_000016,0.9859183673469388,0.6255102040816326,0.13630946307582054,0.02086162659344432,6.533980582255039
vggss,C3,12345,best,1537,FIktp5ggvX4_000010,0.9948979591836735,0.13948979591836735,0.14587879376915866,0.014454968050439485,10.09194854392801
vggss,C3,12345,best,1538,FJ6cTKn5MUw_000010,0.9803061224489796,-0.7225510204081632,0.10624126700696872,0.02644713054816461,4.017118863367266
vggss,C3,12345,best,1539,FK1DCWrW02s_000030,0.996734693877551,0.8691836734693877,0.13998634510989763,0.025613415814245234,5.465352459239052
vggss,C3,12345,best,1540,FKElIiHW0Ws_000001,0.9926530612244898,0.5689795918367347,0.08210244494564739,0.01161491499799698,7.068708204907755
vggss,C3,12345,best,1541,FKbldjY5sJw_000020,0.9963265306122449,-0.631938775510204,0.19893393866383993,0.016781957292642907,11.854036760721062
vggss,C3,12345,best,1542,FLuiWytkGd4_000029,0.9966326530612245,0.32755102040816325,0.1833073506115336,0.01179274210402434,15.544082028977718
vggss,C3,12345,best,1543,FMLhPfYb-oY_000030,0.985204081632653,-0.061122448979591834,0.12306970236452407,0.019606734274026833,6.276909792547925
vggss,C3,12345,best,1544,FMr1WHtXJbc_000030,0.9258163265306123,0.7916326530612245,0.11997641090639061,0.05130621142350104,2.338438321162706
vggss,C3,12345,best,1545,FNFgjJ00J9w_000030,0.9952040816326531,0.9068367346938776,0.11986591928837245,0.02600565328459568,4.609225462502587
vggss,C3,12345,best,1546,FQHhMhW4sHw_000040,0.9912244897959184,-0.27744897959183673,0.1774759259703885,0.021721600873300797,8.170480942246472
vggss,C3,12345,best,1547,FRoMl49q5gc_000160,0.9797959183673469,-0.7972448979591836,0.1343225853390808,0.021505388499778996,6.245996687781818
vggss,C3,12345,best,1548,FRwFfq3Tl1g_000310,0.9913265306122448,0.1863265306122449,0.14005638120702102,0.016377757011061422,8.551621636126846
vggss,C3,12345,best,1549,FRzHx9ibb9I_000240,0.9895918367346939,-0.6714285714285714,0.10721174859609096,0.017392733791092685,6.164168892816445
vggss,C3,12345,best,1550,FTOafffuu5U_000150,0.9781632653061224,-0.3620408163265306,0.10326442976131121,0.020635446334560797,5.00422564586651
vggss,C3,12345,best,1551,FZiKkwC6bIE_000000,0.9925510204081632,0.4976530612244898,0.12598988590390633,0.01518015751935417,8.29964285569986
vggss,C3,12345,best,1552,FaMZfnJKuqA_000019,0.9892857142857143,0.6638775510204081,0.11832563881293061,0.023802153585085743,4.971215667101341
vggss,C3,12345,best,1553,FatuEXsaQ20_000030,0.9672448979591837,0.22255102040816327,0.1015821351938138,0.02099544425105521,4.838294154633493
vggss,C3,12345,best,1554,FayXchyGICg_000027,0.9929591836734694,-0.855204081632653,0.14188536415204447,0.019732031290237668,7.190611147177818
vggss,C3,12345,best,1555,FbwgXeLSRTE_000002,0.9943877551020408,0.8042857142857143,0.17815475600305752,0.027145842281162198,6.56287449686863
vggss,C3,12345,best,1556,Fc_P1r8SSRw_000071,0.9368367346938775,0.2764285714285714,0.08240236260847073,0.027684508469762566,2.976479163372968
vggss,C3,12345,best,1557,FfwAkXR6JMc_000025,0.9962244897959184,-0.7311224489795919,0.1310999212312639,0.01321971152485257,9.917003180046773
vggss,C3,12345,best,1558,FgzVC4jxtxg_000100,0.9768367346938776,0.8508163265306122,0.2025317909230774,0.06825847819017948,2.9671301835764656
vggss,C3,12345,best,1559,Fh6RuC3pNhw_000030,0.9677551020408163,0.5143877551020408,0.09809805674297588,0.01769825826650745,5.5428085219334084
vggss,C3,12345,best,1560,FjRjHKz1kU0_000030,0.9931632653061224,-0.27183673469387754,0.16360758659411323,0.01449971845249939,11.283500926592913
vggss,C3,12345,best,1561,Fl0yc47JSWM_000025,0.9912244897959184,0.5529591836734694,0.15374327216751904,0.017805833324014586,8.634432849608151
vggss,C3,12345,best,1562,Fl_gvQ9bPvM_000129,0.9835714285714285,0.20938775510204083,0.1354780509123208,0.01484079841873516,9.128757570164963
vggss,C3,12345,best,1563,Fm5ZiCupuqc_000045,0.9918367346938776,-0.2944897959183673,0.12261278250937464,0.013823248867916223,8.870040876856313
vggss,C3,12345,best,1564,FmekHi2dLdI_000083,0.9906122448979592,0.8773469387755102,0.12067473890809285,0.024359072020528567,4.953995735403812
vggss,C3,12345,best,1565,FmpWIi0pt7o_000094,0.9845918367346939,0.7890816326530612,0.14045293913063656,0.04645874280496493,3.0231756317699303
vggss,C3,12345,best,1566,FndCEC7yK2g_000104,0.9960204081632653,0.6010204081632653,0.16651718210923844,0.020430659795421417,8.150357539924165
vggss,C3,12345,best,1567,Fo_FDiZhzDo_000030,0.9968367346938776,0.3298979591836735,0.19429668013393803,0.012348098681529867,15.734947148143915
vggss,C3,12345,best,1568,Fot4v0DdGyE_000020,0.9948979591836735,0.7257142857142858,0.18454249842812698,0.025119827869483195,7.346487379888391
vggss,C3,12345,best,1569,FpYuJwh_vo8_000070,0.995,0.20438775510204082,0.12962307504251683,0.014439492236742615,8.976982910290918
vggss,C3,12345,best,1570,FrCNRlxXulg_000012,0.9909183673469387,0.34622448979591836,0.11201860585715596,0.00967222165713799,11.581476296553594
vggss,C3,12345,best,1571,FrJx8vk4GWs_000100,0.9728571428571429,0.7585714285714286,0.10600789403401875,0.0462965788679657,2.289756535495747
vggss,C3,12345,best,1572,FrLkQovl2Ok_000000,0.9806122448979592,0.6918367346938775,0.15597217294588447,0.026248857785782006,5.942055620811378
vggss,C3,12345,best,1573,FrnRa5sseEM_000104,0.9609183673469388,0.519795918367347,0.06103463599911603,0.018610600210899275,3.279563007504249
vggss,C3,12345,best,1574,FsO5303dhUc_000072,0.996734693877551,0.8762244897959184,0.15061228960272754,0.0228226161360018,6.5992561372113006
vggss,C3,12345,best,1575,FsVcCpJ6Gak_000030,0.9903061224489796,0.7869387755102041,0.12791068102276842,0.020988960768704976,6.094188389426417
vggss,C3,12345,best,1576,Fsu8KjtWhPo_000003,0.993061224489796,0.7533673469387755,0.1100707795277392,0.01459183494227889,7.543313090036147
vggss,C3,12345,best,1577,Fsu8KjtWhPo_000079,0.9927551020408163,0.835204081632653,0.11024894442968114,0.01949600764426222,5.65494979492009
vggss,C3,12345,best,1578,FsywuRmOMTM_000030,0.9916326530612245,0.04897959183673469,0.16160973316837174,0.01885268402412881,8.572240056722627
vggss,C3,12345,best,1579,Fup02r6oh-8_000030,0.99,-0.03948979591836735,0.1594357555827361,0.016614552123705505,9.59615127724415
vggss,C3,12345,best,1580,FvmWB20IUaM_000184,0.9753061224489796,0.39510204081632655,0.09285993690854386,0.019793144484528093,4.691520186756107
vggss,C3,12345,best,1581,FwVYUHKoLtQ_000034,0.991938775510204,0.9208163265306123,0.2064114481644903,0.06492741363215028,3.1791108965763732
vggss,C3,12345,best,1582,FxkZsO4Kd78_000022,0.9956122448979592,0.539795918367347,0.12679595402284255,0.01379379463098576,9.19224603634549
vggss,C3,12345,best,1583,Fz-dxPOWP58_000038,0.9873469387755102,0.6525510204081633,0.15038632669356947,0.029272672529736986,5.13743070574775
vggss,C3,12345,best,1584,FzzboZDObbs_000041,0.9894897959183674,0.7814285714285715,0.09880102621302812,0.02123515700530365,4.65270994645115
vggss,C3,12345,best,1585,G--718JDmAQ_000000,0.9948979591836735,-0.06316326530612244,0.14638086630024896,0.012551271402594296,11.66263254175132
vggss,C3,12345,best,1586,G-tO6Sqyiu4_000030,0.9764285714285714,0.06459183673469387,0.12883490182408053,0.021582154962617926,5.969510553845676
vggss,C3,12345,best,1587,G2jq2X-00n4_000000,0.9853061224489796,0.08255102040816327,0.12015379839324435,0.018533006535639295,6.483232936986586
vggss,C3,12345,best,1588,G3Ze1ntr30g_000440,0.9895918367346939,0.32326530612244897,0.11422635574058332,0.014387671867749214,7.9391827107642206
vggss,C3,12345,best,1589,G3c7Ye58Y2Q_000025,0.9954081632653061,0.6755102040816326,0.1805003900768185,0.01982266404134805,9.105758423807877
vggss,C3,12345,best,1590,G4fTKotMoWI_000030,0.9933673469387755,0.9695918367346938,0.24530168527132976,0.07967206886694153,3.078891872144081
vggss,C3,12345,best,1591,G5LqrMcq1QE_000280,0.9886734693877551,0.7441836734693877,0.1591247006391407,0.033908376175432714,4.69278445584869
vggss,C3,12345,best,1592,G7Fr50rWppo_000040,0.9938775510204082,0.7381632653061224,0.1522251678036715,0.0304848647274615,4.993467058639871
vggss,C3,12345,best,1593,G7IRrV4fNpU_000191,0.9903061224489796,0.8344897959183674,0.13887056079373414,0.023504159450142045,5.908339802081069
vggss,C3,12345,best,1594,G7ZE5J9gHMQ_000150,0.9791836734693877,0.09969387755102041,0.10141950973761069,0.014375191047248938,7.055176477603747
vggss,C3,12345,best,1595,G7qe64jM9zs_000200,0.9909183673469387,0.7513265306122449,0.10328810363368612,0.013731832351340515,7.521800513651264
vggss,C3,12345,best,1596,G8VETC-kEio_000049,0.995,-0.6429591836734694,0.14498918034927133,0.015223937503763633,9.523763501618907
vggss,C3,12345,best,1597,G93_g41lh7U_000032,0.9881632653061224,0.6660204081632654,0.19360383535265416,0.03239126531137119,5.977038361779838
vggss,C3,12345,best,1598,GBLKj2d0iC4_000030,0.9784693877551021,0.48775510204081635,0.17729885840230564,0.02716018015084016,6.5278969954409956
vggss,C3,12345,best,1599,GBifExKnaWI_000001,0.9843877551020408,-0.5413265306122449,0.13871173565379444,0.01812244089436659,7.654141981332843
vggss,C3,12345,best,1600,GC1ajVlK-ek_000050,0.9959183673469387,0.9292857142857143,0.13313841368795726,0.028164513509199574,4.727168947706812
vggss,C3,12345,best,1601,GCDWVj9BjU8_000012,0.996734693877551,0.5771428571428572,0.19933918140624526,0.013765366170838669,14.481211682442321
vggss,C3,12345,best,1602,GD8XWhkFC50_000030,0.9840816326530613,-0.04295918367346939,0.13009936386059714,0.01595951933044976,8.151834724268653
vggss,C3,12345,best,1603,GESrnHr-SjU_000021,0.9960204081632653,0.26377551020408163,0.14327349079642437,0.014441061150447418,9.92125781504536
vggss,C3,12345,best,1604,GG6XkHATIyw_000090,0.9880612244897959,0.921734693877551,0.16356656340905373,0.04986878166830108,3.2799390307348184
vggss,C3,12345,best,1605,GGpS5Zychoc_000053,0.9903061224489796,0.5993877551020408,0.1257930808219645,0.01935162902495462,6.50038715912494
vggss,C3,12345,best,1606,GGqC1H9BeTg_000180,0.9612244897959183,0.63,0.09354536567040377,0.028324294585660378,3.302654736466503
vggss,C3,12345,best,1607,GHowpWCU9Lo_000030,0.9915306122448979,0.011224489795918367,0.18504283136162678,0.0190690294915273,9.70384106038771
vggss,C3,12345,best,1608,GIWJpC_OW1E_000023,0.9963265306122449,-0.5314285714285715,0.17160111870460615,0.01221479753567632,14.048625710201325
vggss,C3,12345,best,1609,GIvdJOuBLgI_000340,0.9894897959183674,0.1543877551020408,0.09691319803895868,0.010419193108789342,9.301411061976133
vggss,C3,12345,best,1610,GK9b04Q2X90_000018,0.9824489795918367,-0.5619387755102041,0.09154510319246087,0.021050597465227628,4.348812585660783
vggss,C3,12345,best,1611,GKPDhTCffNw_000292,0.9794897959183674,0.7257142857142858,0.08476360140160037,0.019163804340876365,4.423109310336661
vggss,C3,12345,best,1612,GLIXnXZEOxY_000090,0.9835714285714285,0.09040816326530612,0.11866889593553201,0.015008494858173725,7.9067819296286155
vggss,C3,12345,best,1613,GMKY1SWCmIQ_000055,0.9633673469387755,0.3620408163265306,0.13938305153983388,0.026369647251724335,5.285738190173154
vggss,C3,12345,best,1614,GNYKzDo4w7w_000110,0.9959183673469387,-0.4085714285714286,0.14297422261680112,0.01169216994053375,12.22820257864592
vggss,C3,12345,best,1615,GO2Tf8KLJ14_000061,0.995,0.9635714285714285,0.19856603690151936,0.08407339077899306,2.361817872000637
vggss,C3,12345,best,1616,GOZBp_5NGtk_000016,0.9897959183673469,0.39948979591836736,0.11059664072791228,0.01816455259671928,6.088597015479879
vggss,C3,12345,best,1617,GO_1gBjIR1c_000030,0.9972448979591837,0.9172448979591836,0.17145880816933082,0.02651973831877697,6.4653280552143135
vggss,C3,12345,best,1618,GS8dnIAHj2A_000013,0.9916326530612245,-0.43051020408163265,0.12860690813325681,0.014172656493440634,9.074297976020123
vggss,C3,12345,best,1619,GSAMEMX_oAg_000200,0.9891836734693877,0.6642857142857143,0.1509038247765233,0.027403355202703327,5.50676454252714
vggss,C3,12345,best,1620,GSSWxAo_oyo_000011,0.9925510204081632,0.3389795918367347,0.16539021676215215,0.012680419576052175,13.042960902847623
vggss,C3,12345,best,1621,GUJCLsTnqTA_000174,0.9742857142857143,0.002142857142857143,0.05684275309625006,0.014278659094460447,3.9809587665205055
vggss,C3,12345,best,1622,GUJCLsTnqTA_000192,0.9853061224489796,0.08765306122448979,0.10247979743701434,0.01303240427667492,7.86346059110752
vggss,C3,12345,best,1623,GVj556hlo5A_000045,0.9926530612244898,0.8214285714285714,0.16369071774498906,0.033846547766091306,4.836260373620152
vggss,C3,12345,best,1624,GVk8l4S9NN0_000039,0.9858163265306122,0.22,0.1797922072603342,0.02653485989356889,6.775698382485504
vggss,C3,12345,best,1625,GW4XJ_zY-SQ_000010,0.9957142857142857,0.8485714285714285,0.12287478499748024,0.024277382253261662,5.06128641530007
vggss,C3,12345,best,1626,GWTZtu3NOCc_000030,0.9896938775510205,0.45357142857142857,0.15586331829116953,0.019043740347067732,8.184490832714417
vggss,C3,12345,best,1627,GWlU-skSlAg_000100,0.9670408163265306,0.4583673469387755,0.14592230525842798,0.04145154082346973,3.520310761905556
vggss,C3,12345,best,1628,GX88nJyAb_I_000030,0.9938775510204082,0.8948979591836734,0.14594202395433314,0.04854524365854991,3.0063094333368223
vggss,C3,12345,best,1629,GXLeUXSVFYU_000030,0.9870408163265306,0.8096938775510204,0.15222472371046744,0.0457173176040151,3.3296949971775764
vggss,C3,12345,best,1630,GXRooshOGuc_000030,0.9836734693877551,-0.24244897959183673,0.18477375073464605,0.023363180287022563,7.90875850225243
vggss,C3,12345,best,1631,GXuqtCdONDs_000091,0.9824489795918367,0.816734693877551,0.1752412932670259,0.04960055026759348,3.5330513940189046
vggss,C3,12345,best,1632,GYQVFv7wGHY_000026,0.9734693877551021,0.014183673469387755,0.11811547422886377,0.01593381203548818,7.412882363981329
vggss,C3,12345,best,1633,GafN7X_ifI0_000030,0.9928571428571429,-0.4443877551020408,0.1476991829881916,0.014226005478725488,10.382336996078818
vggss,C3,12345,best,1634,GbI7rZa22Zs_000052,0.9979591836734694,-0.47520408163265304,0.23442931391673483,0.011573425434306674,20.25582790915339
vggss,C3,12345,best,1635,GbJ84ESfKOs_000030,0.9883673469387755,0.11673469387755102,0.15432210912193503,0.020706072393454577,7.45298800224025
vggss,C3,12345,best,1636,GdFlyobMoAE_000009,0.9941836734693877,0.955204081632653,0.17559043557360302,0.053778420955741514,3.265072355287452
vggss,C3,12345,best,1637,GeUJHkgzFSE_000012,0.9892857142857143,0.5729591836734694,0.12519494352518837,0.018483864487835996,6.773201762411622
vggss,C3,12345,best,1638,Gg6Jx9UTBZI_000158,0.9607142857142857,0.07020408163265306,0.04505871013906885,0.011384721536536703,3.9578227710236966
vggss,C3,12345,best,1639,Ggh5JPnDPNw_000070,0.9959183673469387,0.6461224489795918,0.16416865027371616,0.03981717503735331,4.123061219679854
vggss,C3,12345,best,1640,GhEPMDQZ174_000030,0.9903061224489796,-0.031224489795918367,0.1443544406256278,0.019367154598535507,7.453569903167061
vggss,C3,12345,best,1641,GjoBV2mf8jo_000080,0.9892857142857143,-0.2573469387755102,0.1603773728854959,0.015078521418408368,10.636147168229757
vggss,C3,12345,best,1642,GjoBV2mf8jo_000131,0.9912244897959184,-0.3593877551020408,0.13561668915315972,0.01702617469813197,7.96518839713532
vggss,C3,12345,best,1643,GjqHhBTAO0U_000030,0.9976530612244898,0.7204081632653061,0.16762957531025363,0.013694045833513595,12.241055517720836
vggss,C3,12345,best,1644,GkStiQ3hR5g_000220,0.9853061224489796,0.29591836734693877,0.11074125446923164,0.01771281911135819,6.252040049244322
vggss,C3,12345,best,1645,Gl91Nx0dVuU_000167,0.9951020408163266,0.11295918367346938,0.18166137872971772,0.014891185366004976,12.199255751958585
vggss,C3,12345,best,1646,GlnhrMSrP5c_000014,0.9818367346938776,0.7241836734693877,0.09404118067969078,0.02291384249883901,4.104120934079722
vggss,C3,12345,best,1647,GmIZBYNqyT0_000010,0.9964285714285714,0.3837755102040816,0.1939937339250139,0.015785187458208397,12.289605963731265
vggss,C3,12345,best,1648,GmgaXjkHfk4_000164,0.9961224489795918,0.9156122448979592,0.12170165791441312,0.02729588541421292,4.45860817729852
vggss,C3,12345,best,1649,GmnVEP2AlQI_000102,0.9713265306122449,0.6464285714285715,0.11904263636190013,0.03358638304593242,3.544372021217603
vggss,C3,12345,best,1650,Gn7-NxQCzok_000010,0.9912244897959184,0.5511224489795918,0.12089702609634825,0.015530531852709174,7.784474301519736
vggss,C3,12345,best,1651,GnmgSQq6E54_000180,0.9941836734693877,0.85,0.1291545063858501,0.02098008198366283,6.156053464730148
vggss,C3,12345,best,1652,GnyxoE5mCeQ_000030,0.9751020408163266,0.7175510204081633,0.14591697347166763,0.0328997302220554,4.435202735305333
vggss,C3,12345,best,1653,GouCuaIlrTU_000036,0.9753061224489796,0.022551020408163265,0.10465237204459411,0.01686779469705235,6.204271152463229
vggss,C3,12345,best,1654,GpCE19eTlaM_000079,0.9863265306122448,0.20173469387755102,0.15096823747611585,0.016675867203316277,9.053096647716963
vggss,C3,12345,best,1655,Gr-aT8sYNN8_000030,0.9915306122448979,0.8428571428571429,0.13625716851240552,0.027724155391860256,4.914745520161465
vggss,C3,12345,best,1656,GrACpo7aonA_000030,0.9531632653061225,-0.048877551020408166,0.0814862747934188,0.02315366659481835,3.5193680646526597
vggss,C3,12345,best,1657,Grnk9p9P7Qk_000017,0.9892857142857143,-0.12316326530612245,0.11523985438450601,0.015319682158318436,7.5223397713856555
vggss,C3,12345,best,1658,GsBd9c0-Mk4_000330,0.9872448979591837,-0.48418367346938773,0.11914726513059022,0.03137544987634145,3.797467943891788
vggss,C3,12345,best,1659,GtJiY4ezw_E_000010,0.9943877551020408,0.9413265306122449,0.11991869699807486,0.03300999335251837,3.632799792397599
vggss,C3,12345,best,1660,GtZEBM9fBts_000005,0.9959183673469387,0.953265306122449,0.16057881421496217,0.04380428094959218,3.665824680463273
vggss,C3,12345,best,1661,GteozUDpJRc_000030,0.9889795918367347,0.8901020408163265,0.13036248826374106,0.033771406115246386,3.8601439282354257
vggss,C3,12345,best,1662,GuEoGHNGYr4_000030,0.9979591836734694,-0.8546938775510204,0.12130976348451736,0.014257726774585006,8.508352376394047
vggss,C3,12345,best,1663,Guwl5G6Wr4Y_000030,0.985204081632653,0.8763265306122449,0.15943171868284264,0.048346626900537766,3.2976802913435366
vggss,C3,12345,best,1664,GvBjQc3Tywo_000130,0.9816326530612245,0.8256122448979591,0.12223284467929253,0.03608265055783408,3.3875794263887293
vggss,C3,12345,best,1665,GvRM_UnjJoE_000030,0.9833673469387755,0.2656122448979592,0.09114415641581146,0.01520680700649026,5.993641951062518
vggss,C3,12345,best,1666,GvegcC3HzLA_000058,0.9905102040816327,0.8125510204081633,0.13992253599357463,0.0260635671441996,5.3685105810512255
vggss,C3,12345,best,1667,GwBS2NzjAvA_000030,0.9812244897959184,0.5596938775510204,0.079247939896279,0.016533196059580455,4.793261968871249
vggss,C3,12345,best,1668,GyHmkrrU0ZM_000125,0.9803061224489796,0.6409183673469387,0.13860061908737145,0.02897395741602298,4.783627486479409
vggss,C3,12345,best,1669,GydL9SSi7U0_000070,0.993061224489796,0.8595918367346939,0.14586714828025032,0.022532027251053084,6.473769388568128
vggss,C3,12345,best,1670,GzPqONtFJXA_000060,0.9572448979591837,0.27744897959183673,0.07065714046155686,0.019108457756461045,3.697689335376421
vggss,C3,12345,best,1671,H-bTMbePj0A_000121,0.9829591836734693,0.8138775510204082,0.14882672290868196,0.04151712458008173,3.5847068989956767
vggss,C3,12345,best,1672,H0MTqgT8UkU_000110,0.9791836734693877,0.6956122448979591,0.07729681023898494,0.01540687985845309,5.017032062892054
vggss,C3,12345,best,1673,H1ynbvzW0js_000026,0.9970408163265306,0.8303061224489796,0.24046978964791305,0.0238014147949394,10.10317208954491
vggss,C3,12345,best,1674,H2g3fH2PfM0_000102,0.9942857142857143,0.9488775510204082,0.15298626799700357,0.042906650552365186,3.5655607237458984
vggss,C3,12345,best,1675,H3P5GZ8fMCw_000030,0.9951020408163266,0.7948979591836735,0.17676377898455978,0.019275831156392247,9.170228642822565
vggss,C3,12345,best,1676,H3XoJGQoMJI_000040,0.9970408163265306,0.8344897959183674,0.16666672339223246,0.01749819961240144,9.524792669190452
vggss,C3,12345,best,1677,H4rdJlSSt5Y_000030,0.9953061224489796,0.8629591836734694,0.20518075247045167,0.05400863515179659,3.7990360595814163
vggss,C3,12345,best,1678,H5XxUukegis_000002,0.9688775510204082,0.7551020408163265,0.0791044460658804,0.022281873919443175,3.5501702573073897
vggss,C3,12345,best,1679,H5rRqioLDxY_000030,0.9866326530612245,-0.36428571428571427,0.11104804507447541,0.01811261318743827,6.130978668030691
vggss,C3,12345,best,1680,H6RE7PjUrjI_000015,0.9779591836734693,0.8703061224489796,0.14354855601496647,0.05604594080968445,2.561265881902406
vggss,C3,12345,best,1681,H6c8ZDrdUaM_000030,0.9923469387755102,0.6095918367346939,0.09001971630383461,0.01516477137310479,5.936107712344906
vggss,C3,12345,best,1682,H85puQUqrQY_000150,0.9952040816326531,-0.6089795918367347,0.1346522198378171,0.015294891929716484,8.803737905215334
vggss,C3,12345,best,1683,H942QC8B3bc_000030,0.9974489795918368,0.7440816326530613,0.15881364383785496,0.013112373733501869,12.111738657363698
vggss,C3,12345,best,1684,HAEoz3VbaP8_000000,0.9841836734693877,0.8685714285714285,0.16360173442132056,0.06674799834710779,2.4510358133969343
vggss,C3,12345,best,1685,HALbfdYE3hM_000215,0.9851020408163266,0.8634693877551021,0.1032155884056986,0.04137816013125076,2.4944460574926643
vggss,C3,12345,best,1686,HAkUrI9yU8U_000062,0.991734693877551,0.5643877551020409,0.12991702493209117,0.0232820707854223,5.580131858951167
vggss,C3,12345,best,1687,HC4f5gUkLME_000171,0.9793877551020408,0.6503061224489796,0.1629175260397448,0.031962472819123816,5.097150241212495
vggss,C3,12345,best,1688,HCmwbTIHIcw_000002,0.9777551020408163,0.5189795918367347,0.08167613805467747,0.014602021135918575,5.593481703280622
vggss,C3,12345,best,1689,HDWZu2roOgU_000032,0.9834693877551021,0.44010204081632653,0.17684159444959588,0.025678065101322506,6.8868738260379265
vggss,C3,12345,best,1690,HDvPMEU33HM_000089,0.9911224489795918,-0.7559183673469387,0.08990480382701665,0.013563952907791874,6.628215567997913
vggss,C3,12345,best,1691,HEBbCfH6xME_000003,0.9871428571428571,-0.6080612244897959,0.1301324159306372,0.019784869226928854,6.577370536951347
vggss,C3,12345,best,1692,HINQ5Td2jZc_000090,0.9938775510204082,0.3681632653061224,0.12241569183392703,0.010722387166976228,11.416831898306553
vggss,C3,12345,best,1693,HIQ63_WoKwg_000030,0.9887755102040816,0.8836734693877552,0.15345487126203922,0.04331278793203796,3.5429460579361702
vggss,C3,12345,best,1694,HIT2YWOALto_000002,0.9826530612244898,0.7870408163265306,0.11623673663322971,0.024272864182800735,4.788752400946269
vggss,C3,12345,best,1695,HJ6T0inw2mo_000012,0.9856122448979592,0.5391836734693878,0.09396660732059081,0.021992385060325265,4.272688344753866
vggss,C3,12345,best,1696,HJg4jZNv1pc_000150,0.9920408163265306,0.034489795918367344,0.14256108751426155,0.013716085424867422,10.393715342119162
vggss,C3,12345,best,1697,HJhFxiKjBoo_000030,0.991938775510204,0.4860204081632653,0.17068872284029704,0.019592536269226364,8.711925832103457
vggss,C3,12345,best,1698,HJrYNAIm1AY_000110,0.9952040816326531,-0.3830612244897959,0.16073419908945685,0.011474746764902038,14.007646737886773
vggss,C3,12345,best,1699,HKN2548Ts6A_000030,0.9353061224489796,-0.31214285714285717,0.0772893918993052,0.02378843278311099,3.249032527866995
vggss,C3,12345,best,1700,HKhBeY4I830_000009,0.9861224489795918,0.46510204081632656,0.11516538519847519,0.01921730177580565,5.992796831835518
vggss,C3,12345,best,1701,HKvc2fgaeak_000189,0.9894897959183674,0.014285714285714285,0.10885263232002373,0.013321240052769913,8.171358814106032
vggss,C3,12345,best,1702,HKvimMUXe7c_000181,0.9915306122448979,0.10469387755102041,0.2016011078798518,0.02122490686549368,9.498327090782393
vggss,C3,12345,best,1703,HLn-Q2t8NH8_000000,0.9809183673469388,0.748061224489796,0.11425307448214966,0.025659618604824866,4.452641180748738
vggss,C3,12345,best,1704,HLsRePLObfI_000030,0.9844897959183674,0.8686734693877551,0.1397513453999224,0.05284074360719315,2.644764926830027
vggss,C3,12345,best,1705,HLxIwN7KAks_000020,0.9968367346938776,0.8693877551020408,0.18535209447746848,0.015571509024922546,11.903284015750069
vggss,C3,12345,best,1706,HMhAM5aicvI_000030,0.9946938775510205,0.8863265306122449,0.18269828475442768,0.02843737838458854,6.42458254356667
vggss,C3,12345,best,1707,HMyRA33XJRM_000077,0.9688775510204082,0.6396938775510204,0.10254411161782782,0.033365520470421475,3.073355672923884
vggss,C3,12345,best,1708,HN4KMLVaT74_000061,0.9936734693877551,0.8964285714285715,0.14576854987588925,0.030409292385744736,4.793552839928054
vggss,C3,12345,best,1709,HNNDBeHGlBc_000015,0.9704081632653061,0.22020408163265306,0.09532278654213902,0.022424610640070713,4.2508112213019205
vggss,C3,12345,best,1710,HN_mjGAWjJ4_000171,0.9886734693877551,0.7025510204081633,0.16796620487288874,0.038233861262007646,4.393126912342332
vggss,C3,12345,best,1711,HNtNFaXeYQ4_000140,0.9874489795918368,0.8258163265306122,0.15762470684377333,0.03327086127993691,4.737620271310037
vggss,C3,12345,best,1712,HOTIBJemUB8_000087,0.9822448979591837,0.8040816326530612,0.1372356925748404,0.04522383362554989,3.034587773145066
vggss,C3,12345,best,1713,HOhpKjQWqxc_000030,0.9731632653061224,0.14561224489795918,0.11818130587872794,0.024982521657813287,4.73055952867619
vggss,C3,12345,best,1714,HOm3GkVl8D8_000040,0.990204081632653,0.43979591836734694,0.18981973310245334,0.022661511853415178,8.376304914265761
vggss,C3,12345,best,1715,HOqx0IZGgBk_000286,0.9640816326530612,0.6274489795918368,0.09027042962952808,0.029029812629845404,3.1095767230933316
vggss,C3,12345,best,1716,HP4bUf_w4hU_000522,0.9896938775510205,-0.24459183673469387,0.18424529107412144,0.023001752729864003,8.010054417936123
vggss,C3,12345,best,1717,HPfBYRU8tVM_000030,0.9830612244897959,0.691734693877551,0.12754421377106373,0.030135650588748,4.232336494460351
vggss,C3,12345,best,1718,HQ8eR2lvjSE_000030,0.9744897959183674,0.6941836734693878,0.08972183899465087,0.013165359268387612,6.814993587762477
vggss,C3,12345,best,1719,HQAaW-5IwHo_000002,0.9929591836734694,-0.3016326530612245,0.13056199427612966,0.012230833273855398,10.674824139351053
vggss,C3,12345,best,1720,HQAaW-5IwHo_000016,0.9962244897959184,-0.024183673469387754,0.15867033894106447,0.009639539636379315,16.460364802303182
vggss,C3,12345,best,1721,HQSHJVH2x4w_000024,0.981938775510204,0.7077551020408164,0.11278743585951077,0.025485074757459408,4.425627035937896
vggss,C3,12345,best,1722,HS28EUWt8dE_000110,0.9947959183673469,0.013469387755102041,0.12780417397025215,0.011895257707848076,10.744128215560341
vggss,C3,12345,best,1723,HSPBrLMYWQA_000030,0.9808163265306122,0.1353061224489796,0.09792155713404244,0.018028830660927708,5.431387036445973
vggss,C3,12345,best,1724,HShbaC9ORSo_000410,0.9948979591836735,-0.7455102040816326,0.1543514581206392,0.015533381415402328,9.936758391034548
vggss,C3,12345,best,1725,HU7oqkJeItQ_000000,0.9923469387755102,0.7914285714285715,0.19778392481789955,0.059756919097181053,3.309807931969333
vggss,C3,12345,best,1726,HUm2vzjI6DQ_000220,0.9881632653061224,0.39571428571428574,0.1258211607569579,0.017823102364235156,7.059442188327311
vggss,C3,12345,best,1727,HVSrOlC3270_000045,0.9839795918367347,0.8467346938775511,0.12544607881016948,0.031521841258968245,3.9796558132364477
vggss,C3,12345,best,1728,HXq7yu1jWJE_000035,0.9842857142857143,0.9268367346938775,0.2119517121356332,0.0556308456649305,3.809967466830131
vggss,C3,12345,best,1729,HXqj_9oZReQ_000014,0.9891836734693877,-0.40520408163265303,0.1348235942411307,0.019935481168983714,6.762996744261871
vggss,C3,12345,best,1730,HYQ8F3qtKEA_000083,0.9768367346938776,0.8534693877551021,0.146032177664636,0.06225982002271592,2.3455284260596185
vggss,C3,12345,best,1731,HZDIyvYqEC8_000066,0.9877551020408163,0.8663265306122448,0.10821184689684171,0.028581298983350007,3.786106676252901
vggss,C3,12345,best,1732,HZRJxOXw2os_000207,0.996938775510204,0.623265306122449,0.14565965533434214,0.01958402801064259,7.437676011042569
vggss,C3,12345,best,1733,H_-2X4LNDH0_000001,0.9936734693877551,0.8916326530612245,0.14720061479398464,0.023574394551704268,6.244088876647016
vggss,C3,12345,best,1734,HaLZD-2ppdU_000008,0.9928571428571429,-0.01989795918367347,0.11094366802009281,0.0076004689302194275,14.596950403807497
vggss,C3,12345,best,1735,HajY_r6RNy0_000090,0.9770408163265306,0.8692857142857143,0.17405557841052635,0.057731044867948465,3.0149389952780807
vggss,C3,12345,best,1736,HbKm3MFLDjQ_000000,0.9907142857142858,0.6713265306122449,0.09223985383404719,0.01261068334730797,7.314421534003376
vggss,C3,12345,best,1737,Hc_UM8l_sTg_000030,0.9913265306122448,0.894795918367347,0.18471321654296083,0.044832491382199045,4.1200747682807135
vggss,C3,12345,best,1738,HeLV1buhzpI_000030,0.9918367346938776,-0.19112244897959182,0.14080214233112287,0.017534684267418336,8.029921735902088
vggss,C3,12345,best,1739,HejDlgS37cw_000288,0.9783673469387755,0.1210204081632653,0.12966519204037133,0.023871859356177062,5.431717324809862
vggss,C3,12345,best,1740,Hexc6YWqptw_000005,0.9897959183673469,0.5607142857142857,0.14617446947778248,0.017171775516880556,8.512484299255311
vggss,C3,12345,best,1741,HfnGMq0S-vo_000019,0.9755102040816327,-0.2527551020408163,0.09548733652785593,0.024663311522720017,3.871634854869036
vggss,C3,12345,best,1742,HgJaV3YXwnM_000030,0.9941836734693877,0.9170408163265306,0.18829336969846158,0.06402910223872539,2.9407466779157807
vggss,C3,12345,best,1743,HhJNtJYbWkk_000032,0.983265306122449,-0.22448979591836735,0.1359578847129108,0.014859779844670068,9.149387550427027
vggss,C3,12345,best,1744,HhUYxDk7_98_000018,0.9901020408163266,-0.10377551020408163,0.18331373226575637,0.023796090101412298,7.7035232042123045
vggss,C3,12345,best,1745,HhsGpNE4abY_000300,0.9621428571428572,0.7014285714285714,0.12796004401314723,0.039375762411298455,3.249715971885041
vggss,C3,12345,best,1746,HhvCh6gOZS8_000372,0.9880612244897959,0.2943877551020408,0.1339782933866512,0.022388931585963417,5.984130724248046
vggss,C3,12345,best,1747,Hi6yZLHQ2SA_000000,0.9921428571428571,-0.28591836734693876,0.12430371139186945,0.015207210544794071,8.173998184987497
vggss,C3,12345,best,1748,HiM0cqYAV7Q_000020,0.9945918367346939,-0.10448979591836735,0.17366493025790206,0.01829276722703558,9.493639103505128
vggss,C3,12345,best,1749,Hjj6LamDw20_000030,0.99,0.655,0.13331192019282384,0.025422026270608508,5.24395336444725
vggss,C3,12345,best,1750,Hjx-S-6U9k0_000000,0.9875510204081632,0.8542857142857143,0.1103306986628203,0.02348499249160226,4.697923522959279
vggss,C3,12345,best,1751,Hjx-S-6U9k0_000050,0.975,0.6590816326530612,0.0743378863519131,0.018562658359121513,4.004700453660194
vggss,C3,12345,best,1752,Hjyl1n_1muU_000006,0.9851020408163266,0.6704081632653062,0.09570849921650958,0.01841633244432418,5.196935899471475
vggss,C3,12345,best,1753,Hk8N0oXixHU_000270,0.9193877551020408,0.5210204081632653,0.07984761382873391,0.030956319961129762,2.579363888504654
vggss,C3,12345,best,1754,HkQHdrxx_v0_000010,0.9886734693877551,0.6940816326530612,0.13667556319216417,0.023192572515424083,5.893074737667368
vggss,C3,12345,best,1755,Hm6hH83SFGk_000010,0.9942857142857143,0.6458163265306123,0.14240334506539973,0.014357391219398032,9.918469371580608
vggss,C3,12345,best,1756,Hmh623kqD5g_000030,0.9797959183673469,0.06428571428571428,0.15007584673442512,0.018944317398340235,7.921945329504123
vggss,C3,12345,best,1757,HmqjTIXdF5Y_000004,0.9685714285714285,0.8812244897959184,0.15225523993842716,0.049605654527175615,3.0693121860738017
vggss,C3,12345,best,1758,HoJJ9jdljtw_000292,0.9864285714285714,0.9236734693877551,0.13788740485496684,0.06932317795575982,1.9890519869553998
vggss,C3,12345,best,1759,HoO07sydAZI_000030,0.9518367346938775,0.5568367346938775,0.06687533440397496,0.02120247304146605,3.1541289675589113
vggss,C3,12345,best,1760,HpDgnUgkNTo_000120,0.9828571428571429,-0.42775510204081635,0.111292419011539,0.025844781263421334,4.3061853717080405
vggss,C3,12345,best,1761,HpseKJL6jRQ_000129,0.9895918367346939,0.5963265306122449,0.10174800900945649,0.014067597974088077,7.232791923459288
vggss,C3,12345,best,1762,HqF7uiKEjUA_000050,0.9833673469387755,0.5266326530612245,0.11173384827704148,0.015915740187421593,7.02033628101985
vggss,C3,12345,best,1763,HqHNS2jKgu8_000115,0.9912244897959184,0.8030612244897959,0.1330263805698998,0.023296421436771787,5.710163723254373
vggss,C3,12345,best,1764,HrEUzoS9ErQ_000000,0.9957142857142857,0.5215306122448979,0.13831894834818456,0.015237335632247224,9.077633497516198
vggss,C3,12345,best,1765,HrPnGYGrvm0_000100,0.9866326530612245,0.9418367346938775,0.20508005388640516,0.10008962915590577,2.0489640696635996
vggss,C3,12345,best,1766,Ht9kn-X06os_000184,0.9796938775510204,-0.405,0.15885510319708984,0.021682354339174457,7.326469289826123
vggss,C3,12345,best,1767,HwGK5RvNOFI_000030,0.993265306122449,0.5480612244897959,0.15648356735789698,0.015707405345782924,9.96240715210862
vggss,C3,12345,best,1768,HwWQUXnD0oo_000117,0.9922448979591837,0.8781632653061224,0.11511729300217066,0.040787352026769454,2.822377214549676
vggss,C3,12345,best,1769,HwaeZS9P6GI_000180,0.9833673469387755,0.2726530612244898,0.13011970525011365,0.015915933653655456,8.175436520510294
vggss,C3,12345,best,1770,HxMoMMrA6Eo_000030,0.9837755102040816,0.05326530612244898,0.11976342012156826,0.01781001779061563,6.724497500764622
vggss,C3,12345,best,1771,HxQgKit-huA_000000,0.9931632653061224,-0.5445918367346939,0.10207043715505072,0.010402343307036729,9.81225423371718
vggss,C3,12345,best,1772,HyqNo624chI_000114,0.9941836734693877,0.24051020408163265,0.11155450710703882,0.012972298477735603,8.599440361205085
vggss,C3,12345,best,1773,HzXWXYxXyYA_000050,0.9970408163265306,0.8852040816326531,0.21967411840760706,0.0457385387249571,4.802823276200176
vggss,C3,12345,best,1774,I-DxUDHO_5Q_000275,0.9858163265306122,0.004387755102040816,0.0842729268695741,0.014445082612052611,5.834021800557853
vggss,C3,12345,best,1775,I-HlrcP6Qg4_000030,0.9895918367346939,0.5152040816326531,0.10428413670404871,0.012921301717461448,8.070714467035652
vggss,C3,12345,best,1776,I-bNKpYykUY_001034,0.9897959183673469,0.6179591836734694,0.12148309181248867,0.016446461658509416,7.386579212899159
vggss,C3,12345,best,1777,I0CQd_aWJ9g_000030,0.9924489795918368,0.45357142857142857,0.14959539739594205,0.016119667583166283,9.280302873749335
vggss,C3,12345,best,1778,I0Rj_topRmI_000005,0.98,-0.2746938775510204,0.08815730849714877,0.01911257622003485,4.612528812559421
vggss,C3,12345,best,1779,I1GC1yWdM_c_000030,0.9956122448979592,0.9205102040816326,0.1626644355205463,0.0348486181320433,4.667744210235308
vggss,C3,12345,best,1780,I1NE3H6soBU_000300,0.981734693877551,0.8076530612244898,0.1539534642417362,0.0389020563081594,3.9574634055898397
vggss,C3,12345,best,1781,I1fcUe9MoMw_000120,0.990204081632653,0.9141836734693878,0.14892097170232646,0.04542878278802819,3.2781193455522537
vggss,C3,12345,best,1782,I1xnDP0v7Bs_000167,0.9785714285714285,0.6524489795918368,0.15829718929536676,0.03925094553493667,4.0329522547289685
vggss,C3,12345,best,1783,I2S72eajLzw_000030,0.9845918367346939,0.13326530612244897,0.16668831656024735,0.025336997155645725,6.578850506091049
vggss,C3,12345,best,1784,I3OYmetiXqA_000597,0.9888775510204082,0.7077551020408164,0.20434691980043831,0.03550896975049207,5.754797202968879
vggss,C3,12345,best,1785,I5f96kvSXzU_000004,0.9812244897959184,0.0014285714285714286,0.08230998448830561,0.009543751440193485,8.624489542095294
vggss,C3,12345,best,1786,I7OqRsLtmh0_000310,0.9893877551020408,0.2723469387755102,0.14492717145766898,0.015759763219449004,9.196024676234694
vggss,C3,12345,best,1787,IBGfcPIw-KY_000000,0.9941836734693877,0.6207142857142857,0.14773770100778214,0.013172608404807115,11.21552364327993
vggss,C3,12345,best,1788,IBnelTCAXKg_000270,0.986734693877551,-0.5594897959183673,0.09539134605733351,0.015510590677941676,6.150078229644338
vggss,C3,12345,best,1789,IBq1BKfKfIk_000256,0.9961224489795918,0.8771428571428571,0.17147923534466927,0.0252736445950336,6.784903328836309
vggss,C3,12345,best,1790,IC9hh-3zlQY_000792,0.9941836734693877,-0.43173469387755103,0.14473244400753452,0.012190503492201363,11.872556707778664
vggss,C3,12345,best,1791,IClqeKMGVdQ_000058,0.9883673469387755,0.7789795918367347,0.09424167148678575,0.02233696532085009,4.219090200172238
vggss,C3,12345,best,1792,ID9p52w2ah4_000079,0.990204081632653,0.6930612244897959,0.18648521818802838,0.026348818806992143,7.077555147881662
vggss,C3,12345,best,1793,IE4pLXxV7MQ_000000,0.9987755102040816,0.8839795918367347,0.17542673917295049,0.020686378954834588,8.480301920213625
vggss,C3,12345,best,1794,IE4pLXxV7MQ_000036,0.9968367346938776,0.9095918367346939,0.18501780999101897,0.03294417712272863,5.616100511533879
vggss,C3,12345,best,1795,IEjaZmXmm4c_000020,0.976530612244898,0.6513265306122449,0.07222465839477903,0.02110053231873558,3.4228832383839585
vggss,C3,12345,best,1796,IFclJMPODCA_000221,0.9916326530612245,0.8046938775510204,0.15478767478076685,0.029510954602549908,5.2450920976779365
vggss,C3,12345,best,1797,IGF__xZmktU_000167,0.9960204081632653,0.8091836734693878,0.17380507529861786,0.021140963332347797,8.22124671266416
vggss,C3,12345,best,1798,IHSblFkJ6-Y_000029,0.9942857142857143,0.4166326530612245,0.1993571159273386,0.018686053732932573,10.668764993219982
vggss,C3,12345,best,1799,IHg3nrJZQ1I_000100,0.9894897959183674,0.36418367346938774,0.1457478791769179,0.019077254148724694,7.639877208778554
vggss,C3,12345,best,1800,II0KddTM6H0_000105,0.9877551020408163,0.5609183673469388,0.1253642393466393,0.011142217421171547,11.251282810944994
vggss,C3,12345,best,1801,IID8ylEYH5o_000062,0.9378571428571428,0.35642857142857143,0.09088471586937198,0.023417688148559736,3.8810285324839673
vggss,C3,12345,best,1802,IIKc_1iCxMQ_000014,0.9863265306122448,0.9193877551020408,0.18651691224279446,0.0607629398816539,3.069583410645826
vggss,C3,12345,best,1803,IIdwBaHYhE4_000070,0.9861224489795918,-0.37795918367346937,0.11931113320045658,0.022199552292740097,5.374483756569938
vggss,C3,12345,best,1804,IJ0jeaVklt8_000016,0.9723469387755102,0.6586734693877551,0.13299234632849652,0.036956585457028485,3.598610225588461
vggss,C3,12345,best,1805,IJXrQCDz-wc_000233,0.9956122448979592,0.4940816326530612,0.1918132605552383,0.014016110850105632,13.685198597997156
vggss,C3,12345,best,1806,IKDGba7vsOA_000044,0.9528571428571428,0.44673469387755105,0.09368017125831998,0.028648347182788487,3.2700026518319243
vggss,C3,12345,best,1807,IL3ThGKdOMk_000221,0.9784693877551021,0.4310204081632653,0.16598862902177278,0.03877422383343949,4.280901398176322
vggss,C3,12345,best,1808,ILKdRNizGCs_000594,0.9872448979591837,0.13918367346938776,0.13640705041462675,0.015576495819298179,8.757236030303302
vggss,C3,12345,best,1809,ILv7AQF-ltI_000030,0.9727551020408163,0.22959183673469388,0.1278757513304857,0.019950069216407816,6.409789858037938
vggss,C3,12345,best,1810,IMKIBJD-JSM_000013,0.9929591836734694,-0.601530612244898,0.1381668186737816,0.015780598291183914,8.755486713768688
vggss,C3,12345,best,1811,IMOQv1QHxSQ_000041,0.9868367346938776,-0.41377551020408165,0.11960170284596217,0.01504968358734285,7.947124080837827
vggss,C3,12345,best,1812,IMQtdwaG8I8_000101,0.9895918367346939,-0.038979591836734696,0.11859055348128464,0.013028666443116763,9.102278732750717
vggss,C3,12345,best,1813,IMjpwQHZaWo_000033,0.9843877551020408,0.46877551020408165,0.10314423480760797,0.01997927181175126,5.162562268507772
vggss,C3,12345,best,1814,INCP-fQ1HDQ_000007,0.9836734693877551,0.062448979591836734,0.11917964634889988,0.015532476269100898,7.672932781876295
vggss,C3,12345,best,1815,INdCGM4pQOs_000497,0.9921428571428571,0.4460204081632653,0.1671432984033405,0.020853145090607105,8.015256100559476
vggss,C3,12345,best,1816,IRYPJTybCu8_000130,0.9897959183673469,0.2838775510204082,0.1384484330149866,0.012370077167922306,11.192204473388955
vggss,C3,12345,best,1817,IS2lQophwDw_000050,0.9928571428571429,-0.20122448979591837,0.19201007255565228,0.016307531816417413,11.774318438695207
vggss,C3,12345,best,1818,IT7iv85SaUQ_000086,0.981734693877551,0.43020408163265306,0.0983266780719508,0.015062930963077053,6.527725468102699
vggss,C3,12345,best,1819,ITaflypbuAs_000015,0.9897959183673469,0.7391836734693877,0.12569152554725094,0.02291439201725708,5.485265568145612
vggss,C3,12345,best,1820,IUItviB2VsQ_000030,0.9690816326530612,0.3852040816326531,0.08261454315363645,0.023147620284754932,3.569029651313511
vggss,C3,12345,best,1821,IU_j5shHQP4_000430,0.9934693877551021,0.7036734693877551,0.14143996156710797,0.019130399231943186,7.39346627596444
vggss,C3,12345,best,1822,IUgHJv3LBns_000089,0.9810204081632653,0.7164285714285714,0.11191833330307581,0.028243389385975166,3.962638186713212
vggss,C3,12345,best,1823,IVJkeUVwUaY_000037,0.9873469387755102,0.840204081632653,0.12951938512409392,0.047449482398007614,2.7296269332862604
vggss,C3,12345,best,1824,IVJkeUVwUaY_000145,0.986938775510204,0.9082653061224489,0.1373934787737434,0.05277060050821509,2.603598925359104
vggss,C3,12345,best,1825,IWYbTgMqixk_000012,0.9877551020408163,0.52,0.15041736957815482,0.025783209316856452,5.833927333468743
vggss,C3,12345,best,1826,IXKMzUr2sIo_000094,0.9662244897959184,-0.24357142857142858,0.11118633554501067,0.02076018866206458,5.355747838081222
vggss,C3,12345,best,1827,IXTJfi5PUdk_000000,0.9910204081632653,0.7744897959183673,0.16185484771779554,0.029592186671391924,5.46951293309689
vggss,C3,12345,best,1828,IYiHhVWrh0w_000030,0.9896938775510205,0.6992857142857143,0.14777386991222402,0.02801286264100253,5.275214882749144
vggss,C3,12345,best,1829,IYllzXfvkmY_000020,0.9962244897959184,-0.2739795918367347,0.14009252632621993,0.011533228555844374,12.146861188771737
vggss,C3,12345,best,1830,IZ51tUuibq8_000030,0.9956122448979592,0.2123469387755102,0.16273264521522054,0.012349486207170633,13.177280615992842
vggss,C3,12345,best,1831,IZQPvlIJEoI_000030,0.9842857142857143,0.011224489795918367,0.13805918576029258,0.020944749877623233,6.5915891365115336
vggss,C3,12345,best,1832,IZtiMmPN0Xc_000000,0.9861224489795918,0.5273469387755102,0.11335025364495657,0.022001311485664587,5.151977131854721
vggss,C3,12345,best,1833,IblhEF_MiH8_000400,0.9863265306122448,0.8441836734693877,0.13964844579385846,0.03617784873194071,3.8600538917773077
vggss,C3,12345,best,1834,IckvLvmXEBk_000330,0.9936734693877551,0.9416326530612245,0.13829312215065487,0.038427537310396505,3.598802625148708
vggss,C3,12345,best,1835,Idf-WCbVe_U_000011,0.985,-0.6424489795918368,0.08036577716882627,0.014660871885378558,5.481650600123988
vggss,C3,12345,best,1836,IdkAQNGihZU_000151,0.9864285714285714,0.7029591836734694,0.07780897747115081,0.018406499122244537,4.227255653255511
vggss,C3,12345,best,1837,IdqTtYcY8L4_000140,0.9954081632653061,0.7108163265306122,0.1005974056706917,0.015325858106643858,6.5639003682986
vggss,C3,12345,best,1838,IevRzGh8uMs_000134,0.9416326530612245,0.43887755102040815,0.07089124301301397,0.03161986775924687,2.2419841712425455
vggss,C3,12345,best,1839,Ih0xy7tt2JY_000030,0.996938775510204,0.9463265306122449,0.20101568288283223,0.03647778929883094,5.510632270943965
vggss,C3,12345,best,1840,Ih3hZZRw9Fg_000415,0.9901020408163266,0.565,0.09239381476126919,0.01912420638674558,4.831249615947702
vggss,C3,12345,best,1841,Ih7sLCzExYU_000030,0.9964285714285714,0.8611224489795918,0.1440346492178994,0.02178522817313037,6.61157404793905
vggss,C3,12345,best,1842,Ii5W65uAeF0_000056,0.9922448979591837,0.47346938775510206,0.18419215690396337,0.017112656264161183,10.76350474529864
vggss,C3,12345,best,1843,IiCNAp2sR9c_000030,0.9976530612244898,-0.17173469387755103,0.14847472070991535,0.010360149857589238,14.331329445119124
vggss,C3,12345,best,1844,IiYSoGSDUY8_000030,0.9914285714285714,0.8484693877551021,0.2232096852729381,0.04433002145295154,5.035181079482121
vggss,C3,12345,best,1845,IisvMeU0iKQ_000180,0.993061224489796,0.43989795918367347,0.11541119467543941,0.017267661979768135,6.683660753300726
vggss,C3,12345,best,1846,IixugYA0nKg_000135,0.9878571428571429,-0.8527551020408163,0.13913083422067837,0.03645720113306911,3.8162785374787704
vggss,C3,12345,best,1847,IjQYJJo-cnw_000003,0.98,0.7339795918367347,0.12819970240948433,0.035408511130905894,3.620590030897593
vggss,C3,12345,best,1848,Ik2nR__c03E_000030,0.9962244897959184,0.618061224489796,0.1557733824628818,0.013780375616433511,11.304001196971537
vggss,C3,12345,best,1849,IkS4Dfi2m10_000162,0.9940816326530613,0.6657142857142857,0.16709138621152633,0.017284695680875362,9.667013483865063
vggss,C3,12345,best,1850,IkUsSY47oBk_000020,0.9979591836734694,0.6410204081632653,0.14957876196662453,0.01340429320209207,11.159018958439306
vggss,C3,12345,best,1851,IlN12VWPl5o_000040,0.9895918367346939,-0.5314285714285715,0.12954109296787286,0.02077618363987089,6.235076432385533
vggss,C3,12345,best,1852,IlZZUe9pIcI_000214,0.976326530612245,-0.26163265306122446,0.114488220162388,0.02081706985433624,5.499727913846619
vggss,C3,12345,best,1853,ImTFnUGgOZo_000091,0.9945918367346939,0.6452040816326531,0.1109678874359341,0.018638913494106568,5.953559871986154
vggss,C3,12345,best,1854,ImhA1R3CLI4_000480,0.9538775510204082,0.446530612244898,0.1301688915459598,0.032265622883829524,4.034290365774906
vggss,C3,12345,best,1855,InrS4Fdndr4_000000,0.9938775510204082,0.1816326530612245,0.1752798515448315,0.008985324528885402,19.507347896155995
vggss,C3,12345,best,1856,Ip0faarZ9c0_000253,0.9617346938775511,0.8470408163265306,0.13758257093473153,0.058118216134274994,2.3672882632334056
vggss,C3,12345,best,1857,IpCLfHuI_VM_000172,0.9609183673469388,0.544795918367347,0.07208818080053145,0.019211445367776574,3.752355922238168
vggss,C3,12345,best,1858,IsGRLS6yPuE_000500,0.9944897959183674,0.8345918367346938,0.1598340898973662,0.023959758862222107,6.670939003037305
vggss,C3,12345,best,1859,ItIo1RvO0PE_000020,0.9941836734693877,0.8308163265306122,0.14247525145165355,0.025865940208624323,5.508218541545569
vggss,C3,12345,best,1860,Iu1k5XJoeXk_000000,0.9893877551020408,0.7628571428571429,0.17866185423733769,0.03783756149880828,4.721812060826509
vggss,C3,12345,best,1861,IwqD859w2_E_000030,0.9815306122448979,-0.10806122448979592,0.12743417848806055,0.021655542929893103,5.884598640662647
vggss,C3,12345,best,1862,IwqNzs5BSvs_000035,0.996938775510204,0.0476530612244898,0.12614191627231558,0.009005334306830192,14.007466238831567
vggss,C3,12345,best,1863,IwqNzs5BSvs_000046,0.9975510204081632,0.9519387755102041,0.14678494798976446,0.0309445287825531,4.743486288681946
vggss,C3,12345,best,1864,Iy2HaWAAnvQ_000173,0.9898979591836735,0.18948979591836734,0.14638835273759276,0.0143118188682157,10.228493952134784
vggss,C3,12345,best,1865,Iy47-2ecO1g_000250,0.9874489795918368,0.9070408163265307,0.13024764348826018,0.053263835269148865,2.4453297970396317
vggss,C3,12345,best,1866,IyL7GafTLfY_000030,0.9812244897959184,0.6880612244897959,0.11263483671966232,0.02323233050555624,4.848193627958443
vggss,C3,12345,best,1867,IyV2j4BsEM8_000030,0.9873469387755102,-0.16693877551020408,0.14759724364864335,0.018065979467492034,8.169899889138598
vggss,C3,12345,best,1868,IzKed528MCk_000070,0.9961224489795918,0.8376530612244898,0.1807266952792265,0.02598688441104335,6.954534926950502
vggss,C3,12345,best,1869,IzZFPvqT1_s_000190,0.9880612244897959,0.38346938775510203,0.15163716651305245,0.01826069830735741,8.304017949409765
vggss,C3,12345,best,1870,J-MC4VxOaJc_000511,0.9724489795918367,0.7748979591836734,0.147733565479054,0.047942372376722504,3.0814821660928735
vggss,C3,12345,best,1871,J1SB5arXFf4_000006,0.9891836734693877,0.3979591836734694,0.07201590905291377,0.01116489332374251,6.450210222767609
vggss,C3,12345,best,1872,J2nDnAerah0_000030,0.9904081632653061,-0.21714285714285714,0.14479846429736246,0.017704588563954453,8.178583974109626
vggss,C3,12345,best,1873,J2zZ026RO9c_000095,0.9935714285714285,0.9051020408163265,0.16569936103768615,0.04253529555887787,3.8955732847400366
vggss,C3,12345,best,1874,J3_suqJKrug_000058,0.9804081632653061,-0.3221428571428571,0.11204363835286986,0.020524402066984266,5.45904518861011
vggss,C3,12345,best,1875,J4IWp4vNFnw_000100,0.9822448979591837,0.20673469387755103,0.08494833735937352,0.012633895836438936,6.723843417670408
vggss,C3,12345,best,1876,J5q9wLnXFh8_000206,0.996734693877551,0.8348979591836735,0.16439796909960058,0.028274877515201673,5.814276967644293
vggss,C3,12345,best,1877,J65y3xLtzhY_000016,0.9959183673469387,0.8274489795918367,0.18803657994080966,0.028797002039948463,6.52972763206243
vggss,C3,12345,best,1878,J66wMnYRl7s_000306,0.9846938775510204,-0.12724489795918367,0.09948209718472029,0.015123914257401998,6.577800924521337
vggss,C3,12345,best,1879,J6iYFxXuHrI_000654,0.9675510204081633,-0.4776530612244898,0.11340224966127105,0.03475943473604308,3.2624883149690844
vggss,C3,12345,best,1880,J75Aju6BsT8_000010,0.9942857142857143,0.12877551020408162,0.11071602932299489,0.012944933026211341,8.552846824221747
vggss,C3,12345,best,1881,JA4NSoCs-Q0_000408,0.9778571428571429,0.05826530612244898,0.08455323140317851,0.014624713586357087,5.7815307564078
vggss,C3,12345,best,1882,JBTEFp-SiAA_000171,0.9973469387755102,0.6938775510204082,0.14243634272209968,0.015024764482464377,9.480104855443107
vggss,C3,12345,best,1883,JBbLvj_lHRI_000089,0.9793877551020408,0.7396938775510205,0.1650224873322926,0.04318171089196674,3.82158288598501
vggss,C3,12345,best,1884,JCapiyzc_AA_000030,0.9941836734693877,0.30122448979591837,0.16770745459839886,0.018041260992920215,9.295772322356566
vggss,C3,12345,best,1885,JDBu-3VCyWc_000110,0.9812244897959184,0.8642857142857143,0.13425119337606167,0.048475626086694736,2.7694576473538324
vggss,C3,12345,best,1886,JDbNy8sAMOo_000023,0.9941836734693877,0.6171428571428571,0.10572077642553819,0.01587436588678911,6.659842489426342
vggss,C3,12345,best,1887,JEWRZmHMQkY_000166,0.986938775510204,-0.02163265306122449,0.13096444553263858,0.01859870045274028,7.041591205010383
vggss,C3,12345,best,1888,JErx-AImWqk_000000,0.9937755102040816,-0.42775510204081635,0.13832700870385545,0.015363196676705592,9.003790787472859
vggss,C3,12345,best,1889,JFG4YvcJ3bo_000228,0.9830612244897959,0.6963265306122449,0.127002170259985,0.029910092978624955,4.246130908076623
vggss,C3,12345,best,1890,JFJuEOZx1K4_000160,0.981734693877551,0.703469387755102,0.10450782650432502,0.015201311650880149,6.874921645216982
vggss,C3,12345,best,1891,JFVs86eb014_000052,0.9958163265306123,0.708469387755102,0.22179497115672106,0.02032953169393127,10.909989196796444
vggss,C3,12345,best,1892,JHM3zMBQxTQ_000030,0.9895918367346939,0.898061224489796,0.168208126875407,0.04766043762398575,3.529303029117677
vggss,C3,12345,best,1893,JIMJ7ewIoPA_000030,0.9954081632653061,0.5269387755102041,0.17592016390352744,0.01908694799437429,9.216778080779513
vggss,C3,12345,best,1894,JIVlpGCaiTs_000030,0.9587755102040816,0.4254081632653061,0.1169545686571316,0.03494746804177361,3.3465820332772833
vggss,C3,12345,best,1895,JIemsK_0lXc_000364,0.9803061224489796,0.711530612244898,0.1399954046207578,0.037134109006173546,3.7699949821734933
vggss,C3,12345,best,1896,JJMEP5noh34_000110,0.996734693877551,0.7687755102040816,0.13534722495869583,0.013052315083683154,10.369595285658933
vggss,C3,12345,best,1897,JKJ1okT8Vpw_000006,0.9783673469387755,-0.35867346938775513,0.12214849610317899,0.018073088228807776,6.758584618011171
vggss,C3,12345,best,1898,JKUSKYdYo9w_000000,0.998061224489796,0.8863265306122449,0.1705551036473752,0.02008596669761421,8.491256916583136
vggss,C3,12345,best,1899,JKbUVdMJAO8_000030,0.9717346938775511,0.7683673469387755,0.18897922316512586,0.05464002981256543,3.458622255759948
vggss,C3,12345,best,1900,JLtieDCSa6Y_000000,0.9828571428571429,-0.01989795918367347,0.10523280449478647,0.01791957602816992,5.872505260691351
vggss,C3,12345,best,1901,JLzD44Im1Ec_000030,0.9842857142857143,0.6748979591836735,0.10863222884579275,0.028975740789915903,3.7490751188524847
vggss,C3,12345,best,1902,JMF7NvH3qoE_000030,0.9879591836734694,0.5755102040816327,0.1283722256880477,0.020553789040824,6.2456720477705785
vggss,C3,12345,best,1903,JNbrtgeDFSk_000000,0.9893877551020408,0.6033673469387755,0.13096399910148532,0.017911646076356782,7.31166742259142
vggss,C3,12345,best,1904,JP637fg_ZC0_000030,0.9796938775510204,0.7398979591836735,0.1512529322046462,0.035536572066531914,4.256261181339297
vggss,C3,12345,best,1905,JQ_4fYOd-R0_000030,0.9972448979591837,0.6964285714285714,0.11851997816715167,0.010037511205327353,11.807705689458942
vggss,C3,12345,best,1906,JRIKh0r_We8_000098,0.970204081632653,0.6392857142857142,0.13457316511507694,0.04659667432637399,2.8880422704095805
vggss,C3,12345,best,1907,JS68nchziLA_000029,0.9667346938775511,0.5559183673469388,0.13705124398480584,0.045833315760298164,2.9902101061499606
vggss,C3,12345,best,1908,JUvqnkyxiSg_000013,0.9818367346938776,0.1520408163265306,0.07350920742622907,0.009678603762124472,7.595021888786742
vggss,C3,12345,best,1909,JV2OwVsxY_0_000000,0.9844897959183674,0.6859183673469388,0.08749277182092778,0.01932585490227448,4.527239403553147
vggss,C3,12345,best,1910,JVjDa0NmfeE_000012,0.9958163265306123,0.9412244897959183,0.09312674005954812,0.019137519346814708,4.866186592519283
vggss,C3,12345,best,1911,JVjDa0NmfeE_000196,0.9822448979591837,0.5641836734693878,0.09269735813056165,0.018748166015113706,4.944342718953647
vggss,C3,12345,best,1912,JW3fRqCF5bY_000130,0.9898979591836735,0.7083673469387755,0.12896022586870226,0.017780671683120246,7.252832073330969
vggss,C3,12345,best,1913,JXZuAd9Lgew_000020,0.9857142857142858,0.4283673469387755,0.10965863343423861,0.02002269979225263,5.476715656330659
vggss,C3,12345,best,1914,JXmpEFLhr9E_000030,0.9941836734693877,0.8312244897959183,0.13193130582167456,0.019661718613756013,6.710059706040696
vggss,C3,12345,best,1915,JYeBZqAjKG8_000120,0.9909183673469387,0.16622448979591836,0.0958075556930258,0.013416684699650233,7.140926230123263
vggss,C3,12345,best,1916,JZnOGRCBW0I_000030,0.9722448979591837,0.8113265306122449,0.15073110063792455,0.053971276035301136,2.792802240572105
vggss,C3,12345,best,1917,J_ZRXchuwNA_000030,0.9961224489795918,0.5898979591836735,0.20653052589743395,0.018230172389034932,11.329049527894632
vggss,C3,12345,best,1918,JcMSFU-Twgw_000030,0.9965306122448979,0.9231632653061225,0.17747264703130294,0.028767458814932825,6.16921529889109
vggss,C3,12345,best,1919,JdBTLOZo3dA_000180,0.9927551020408163,0.8751020408163265,0.18207282597971583,0.04000393245373954,4.551373197879095
vggss,C3,12345,best,1920,JebRsHS1xic_000144,0.9947959183673469,0.7112244897959183,0.11785767970582406,0.018254247234233665,6.45645247341649
vggss,C3,12345,best,1921,JefjXywAVzs_000181,0.9958163265306123,-0.17214285714285715,0.15665112038116782,0.01224181320021139,12.796398525217064
vggss,C3,12345,best,1922,JfDeETDDwhM_000040,0.9947959183673469,0.15653061224489795,0.12394448153762319,0.010455617183711845,11.854343876582302
vggss,C3,12345,best,1923,JgXnbgS_XBk_000480,0.9973469387755102,-0.24775510204081633,0.16817823431595444,0.012534699834754708,13.417013293740792
vggss,C3,12345,best,1924,Jgg8HRAvNQM_000022,0.993061224489796,0.851326530612245,0.14345612311050512,0.03272604485605033,4.3835460026262
vggss,C3,12345,best,1925,JgxnHxZXzrI_000011,0.9897959183673469,0.7292857142857143,0.08701772697160037,0.01619575325159526,5.372873099497811
vggss,C3,12345,best,1926,JhU9GLQkSHs_000083,0.9956122448979592,0.5623469387755102,0.15968160009303395,0.01154022382503733,13.836958668565288
vggss,C3,12345,best,1927,Jhk0I2wZelU_000030,0.9823469387755102,0.31918367346938775,0.1222728480205065,0.022273095968897594,5.489710464645315
vggss,C3,12345,best,1928,JixXL5s6fnE_000070,0.9913265306122448,-0.2573469387755102,0.13211395238772522,0.012839674214209066,10.289509701229093
vggss,C3,12345,best,1929,Jj3Ie49Mzik_000020,0.9792857142857143,-0.1639795918367347,0.1319667267121191,0.025955833713973718,5.084280018371084
vggss,C3,12345,best,1930,JkqXWP4nddE_000012,0.9959183673469387,0.8128571428571428,0.15357453228816487,0.016454387524929504,9.333348449189563
vggss,C3,12345,best,1931,JlmUCZKjkuY_000244,0.9804081632653061,0.7670408163265307,0.20174856226218435,0.04759757396315135,4.238631204572994
vggss,C3,12345,best,1932,Jogry7CVLzA_000007,0.990204081632653,0.6558163265306123,0.11728315058486552,0.01836575542043909,6.385969316260311
vggss,C3,12345,best,1933,Jp3ggRQzpHM_000072,0.9918367346938776,0.5763265306122449,0.11982391708981555,0.01625222700946583,7.372769099276436
vggss,C3,12345,best,1934,JrGD2jdHUek_000030,0.9860204081632653,0.876734693877551,0.15025602814693592,0.0424685250631484,3.538056193934527
vggss,C3,12345,best,1935,JrPXRMnZWH4_000117,0.9911224489795918,0.3873469387755102,0.12504872469779824,0.020129509014769065,6.212209379078731
vggss,C3,12345,best,1936,JrbVM5zjdug_000030,0.9888775510204082,0.936734693877551,0.18453152394874126,0.0609419075295397,3.0279906131801884
vggss,C3,12345,best,1937,Jte0G7PeVEM_000160,0.9856122448979592,-0.8446938775510204,0.119256639766606,0.029210039952755337,4.082727718260334
vggss,C3,12345,best,1938,JtiEjJram8k_000210,0.9943877551020408,0.6835714285714286,0.13772019008727712,0.020341185742719262,6.770509439774003
vggss,C3,12345,best,1939,Ju4r0QU0Qg0_000018,0.9952040816326531,0.7524489795918368,0.25959488207802073,0.019525443378787824,13.295210615295993
vggss,C3,12345,best,1940,Ju7Kg_H2iZQ_000030,0.99,0.8998979591836734,0.1382438855242409,0.04213535057328501,3.280947794270671
vggss,C3,12345,best,1941,JurvV_uIqjA_000026,0.9952040816326531,0.7526530612244898,0.1825290598755964,0.023839161799442656,7.656689501552181
vggss,C3,12345,best,1942,Jv6rpwJ7bgc_000030,0.9939795918367347,0.6410204081632653,0.1943224327379933,0.02849862389857463,6.8186602072288975
vggss,C3,12345,best,1943,JwhuPQxlCpg_000030,0.9888775510204082,0.48112244897959183,0.0881226709877784,0.015690392799569183,5.6163457545943665
vggss,C3,12345,best,1944,K-PitCewkDg_000068,0.9970408163265306,0.9182653061224489,0.17738087671317226,0.019768829203268407,8.972755790911767
vggss,C3,12345,best,1945,K-PitCewkDg_000080,0.9804081632653061,0.7335714285714285,0.09352270835895966,0.019408106231101088,4.8187446650045365
vggss,C3,12345,best,1946,K-Zg1-fR9kU_000088,0.9353061224489796,0.017653061224489796,0.08332100866935709,0.0263866671590168,3.1576935490651685
vggss,C3,12345,best,1947,K082-sINKZI_000223,0.9914285714285714,0.7726530612244898,0.1997614678976016,0.0360088451758761,5.547566630418643
vggss,C3,12345,best,1948,K0Y8oGYR7lw_000010,0.9898979591836735,0.30612244897959184,0.15395416480677765,0.02152615294158891,7.151959071578251
vggss,C3,12345,best,1949,K0nW8q0RzTU_000030,0.9856122448979592,0.5341836734693878,0.07649714134407573,0.01153507654535509,6.631697764925485
vggss,C3,12345,best,1950,K1ASf4xAexc_000030,0.9881632653061224,0.7380612244897959,0.1163345634291041,0.028857646262535126,4.031325436965287
vggss,C3,12345,best,1951,K1PzpuR6CqY_000010,0.9785714285714285,0.8919387755102041,0.11069209310381636,0.03886805562325765,2.8478937607977755
vggss,C3,12345,best,1952,K1WTjvf8hG8_000020,0.9893877551020408,0.9127551020408163,0.1318572452061985,0.04467307258656701,2.9516045700838442
vggss,C3,12345,best,1953,K2ObTK7rK58_000020,0.9881632653061224,-0.33846938775510205,0.13194401513128953,0.016021545898148498,8.23541098780845
vggss,C3,12345,best,1954,K2bRcQYebN4_000004,0.9937755102040816,0.7759183673469388,0.12536628294080504,0.02161209032425469,5.800747686127783
vggss,C3,12345,best,1955,K2pP4vbDrBw_000108,0.9690816326530612,0.6887755102040817,0.14556178873842182,0.04045744514076668,3.5978986866807228
vggss,C3,12345,best,1956,K3ByFtd0ugA_000148,0.9941836734693877,0.9083673469387755,0.1861679088845224,0.05364740932227899,3.4702124713263567
vggss,C3,12345,best,1957,K3CenN7d30Y_000030,0.9879591836734694,0.5939795918367347,0.18098284567597134,0.024716075916405653,7.3224749061335155
vggss,C3,12345,best,1958,K49OWIVNULE_000220,0.9808163265306122,-0.4423469387755102,0.10809310608770986,0.023179038620022893,4.6633990244243835
vggss,C3,12345,best,1959,K5ChYCNCkvM_000030,0.9965306122448979,0.34938775510204084,0.14477239157041788,0.01425086274571979,10.158851022117934
vggss,C3,12345,best,1960,K5DXRUo2ujw_000020,0.996734693877551,0.885,0.14886582239912946,0.02268464904480513,6.562403593068604
vggss,C3,12345,best,1961,K6KbEnGnymk_000030,0.9897959183673469,0.2997959183673469,0.14524666785935203,0.028063515146891618,5.175640581698116
vggss,C3,12345,best,1962,K7CQ6G0ILFQ_000061,0.9893877551020408,0.5742857142857143,0.0983016900984503,0.02029250444913461,4.844236468931387
vggss,C3,12345,best,1963,K7dXkfKAano_000576,0.9921428571428571,0.49357142857142855,0.14040250646648927,0.016618796765377777,8.448415878037103
vggss,C3,12345,best,1964,K8On7nUJuP8_000030,0.9947959183673469,0.646734693877551,0.1547934013208045,0.013577519935762342,11.400712505167332
vggss,C3,12345,best,1965,KAuoWt8dTJs_000061,0.9874489795918368,0.16142857142857142,0.1286373354161035,0.017949544847514643,7.166607092765089
vggss,C3,12345,best,1966,KAuoWt8dTJs_000087,0.976530612244898,0.6443877551020408,0.1775344748634992,0.036571988170081816,4.854384017567126
vggss,C3,12345,best,1967,KBOdG9xNLaA_000006,0.9971428571428571,0.9474489795918367,0.14758956746482624,0.024699708393780457,5.975356676761019
vggss,C3,12345,best,1968,KC-wRA_SwK0_000140,0.9865306122448979,0.838469387755102,0.1590579791840327,0.027959070368459904,5.688958076498244
vggss,C3,12345,best,1969,KCXiP1di11k_000028,0.9961224489795918,-0.1492857142857143,0.11799965275131072,0.00989873116136089,11.92068466430479
vggss,C3,12345,best,1970,KDE80kI1Kf0_000040,0.9821428571428571,-0.1136734693877551,0.16274357456298433,0.02580068191999443,6.307723767442944
vggss,C3,12345,best,1971,KDgNhw175fM_000089,0.991938775510204,-0.3501020408163265,0.1085720694067118,0.010024201645125208,10.8309941529868
vggss,C3,12345,best,1972,KG4T5A7hfRc_000170,0.9694897959183674,0.5708163265306122,0.1792776063646221,0.03292149113760654,5.4456101522033284
vggss,C3,12345,best,1973,KHVZFbmt8xk_000030,0.9889795918367347,-0.19540816326530613,0.11390100169174297,0.015441637523421517,7.376225579636912
vggss,C3,12345,best,1974,KI9v2anRrw4_000048,0.9936734693877551,0.7368367346938776,0.13055098751645175,0.018554162492097678,7.036210207388997
vggss,C3,12345,best,1975,KJMpCjosdu4_000051,0.9916326530612245,-0.4676530612244898,0.13020393287679222,0.01829364920424623,7.117439031605019
vggss,C3,12345,best,1976,KJcjnqKzqfw_000115,0.9721428571428572,0.7502040816326531,0.1527293584675709,0.06151634045363485,2.4827445413903275
vggss,C3,12345,best,1977,KKFdi5WQ0V0_000256,0.9820408163265306,0.7403061224489796,0.08201270501594539,0.017823852507928332,4.6012894787737295
vggss,C3,12345,best,1978,KLWutuuzmco_000012,0.998265306122449,0.26785714285714285,0.16726429841536763,0.006543070586928806,25.563578474839343
vggss,C3,12345,best,1979,KPyYUly5xCc_000350,0.988265306122449,0.8836734693877552,0.13982401776217446,0.0315683072594827,4.429252940706004
vggss,C3,12345,best,1980,KQAR_64a35I_000011,0.9965306122448979,0.25255102040816324,0.18045075271013433,0.01320516219441979,13.665167459009995
vggss,C3,12345,best,1981,KQGJCKwsFbA_000157,0.9846938775510204,-0.16989795918367348,0.07962388564784847,0.01835643956678197,4.3376541163209446
vggss,C3,12345,best,1982,KSOxq1eovtw_000030,0.9791836734693877,0.36142857142857143,0.10457374968161327,0.019558771118783846,5.346642130352595
vggss,C3,12345,best,1983,KS_5Qiec4AI_000009,0.9835714285714285,0.758061224489796,0.10472190108031101,0.024656427447782663,4.247245522575842
vggss,C3,12345,best,1984,KSx1Y32_Wd0_000062,0.9835714285714285,0.6936734693877551,0.14273105153353355,0.039472686134336916,3.615944733220807
vggss,C3,12345,best,1985,KTHsyIQI2L0_000200,0.9916326530612245,0.31295918367346937,0.1778029689211468,0.02194167718211833,8.103435641923022
vggss,C3,12345,best,1986,KUoMl-m6w-o_000026,0.9493877551020408,0.11469387755102041,0.09865669896174692,0.026621868325405775,3.7058518115949393
vggss,C3,12345,best,1987,KUrZc88Ma3g_000010,0.9863265306122448,0.710204081632653,0.16411985769332338,0.038758130766268564,4.234462664957978
vggss,C3,12345,best,1988,KVuoi20iigU_000280,0.9837755102040816,0.39193877551020406,0.14521325728812967,0.02125979352781537,6.8304171015649375
vggss,C3,12345,best,1989,KWxQKX94CL4_000085,0.9847959183673469,0.5043877551020408,0.12926232438885998,0.030208629814486593,4.278986673102003
vggss,C3,12345,best,1990,KXO4lC4LjxI_000011,0.9645918367346938,-0.2586734693877551,0.10013982960146019,0.021184361153115942,4.7270639354036375
vggss,C3,12345,best,1991,KXRngbBe0bg_000080,0.985,0.7824489795918367,0.15626686852710597,0.046695177167921695,3.3465312266650318
vggss,C3,12345,best,1992,KXuB62SMFvA_000030,0.985,0.43765306122448977,0.16519587204496353,0.03438213493000647,4.804700824461934
vggss,C3,12345,best,1993,KYnOCgdquQU_000345,0.9931632653061224,0.38173469387755105,0.14578083214006252,0.01221304391954889,11.936486358385846
vggss,C3,12345,best,1994,K_EsxukdNXM_000030,0.9973469387755102,0.9044897959183673,0.18536460668840882,0.0283754027362123,6.532580644286294
vggss,C3,12345,best,1995,K_GkTGJxTSk_000019,0.9893877551020408,0.4328571428571429,0.18434046500040094,0.01737344004029139,10.610475793676446
vggss,C3,12345,best,1996,KacYEZwBTY4_000050,0.9776530612244898,0.8885714285714286,0.12375821762029832,0.036355562913837965,3.4041067638975386
vggss,C3,12345,best,1997,KbOySeP46l4_000570,0.9927551020408163,0.6123469387755102,0.14446884225074086,0.0175320240085844,8.24028316297097
vggss,C3,12345,best,1998,Kc1yfZngUms_000009,0.9961224489795918,-0.6194897959183674,0.2363586612757351,0.015811442364213908,14.948583173581081
vggss,C3,12345,best,1999,KcC_g1wPovM_000080,0.9846938775510204,-0.3286734693877551,0.10686804907622073,0.014851912493471196,7.195574921627045
vggss,C3,12345,best,2000,KcWPqFhrna0_000030,0.9680612244897959,0.20959183673469386,0.10051234927873326,0.02106458126403223,4.771628166677972
vggss,C3,12345,best,2001,KdIIocq3jeM_000409,0.9592857142857143,0.03214285714285714,0.07666895478365471,0.01749218284714381,4.383041010583394
vggss,C3,12345,best,2002,KdioKgAO4cQ_000059,0.9851020408163266,0.928469387755102,0.1071496201329693,0.04713358389220025,2.2733179038121185
vggss,C3,12345,best,2003,KdxSaA69fm8_000030,0.9929591836734694,0.3426530612244898,0.1765739599548402,0.013474662703276463,13.104146934372238
vggss,C3,12345,best,2004,Ke1oAMn5aXE_000060,0.9280612244897959,0.25142857142857145,0.082475331064424,0.025723790239545945,3.2061889129243575
vggss,C3,12345,best,2005,KeprFzFcbYU_000010,0.9853061224489796,0.25010204081632653,0.09583632759129185,0.017326300455637083,5.531263170500524
vggss,C3,12345,best,2006,KhjtXdPpEHM_000099,0.9947959183673469,0.8221428571428572,0.165331955465022,0.019300395523078447,8.566247011224528
vggss,C3,12345,best,2007,KiA1NLu5MCo_000001,0.995,0.8233673469387756,0.10587875586232802,0.023217326814647284,4.560333612374855
vggss,C3,12345,best,2008,KiCOEV4Rbos_000002,0.9866326530612245,0.6774489795918367,0.1250992260544154,0.028788717913083843,4.345425400050918
vggss,C3,12345,best,2009,KjGMB5wI-YE_000000,0.9896938775510205,0.3551020408163265,0.12342931656138689,0.019990357616182574,6.174442645361608
vggss,C3,12345,best,2010,KksMNKXuiNw_000012,0.9889795918367347,0.595204081632653,0.13116729206805747,0.02021398682613035,6.48893724905862
vggss,C3,12345,best,2011,KlTTpDOhFUg_000063,0.9915306122448979,0.8518367346938776,0.11688740470124853,0.028887281727599787,4.046327577771734
vggss,C3,12345,best,2012,Klg9f9U3kDQ_000552,0.981734693877551,0.5176530612244898,0.0661323641395189,0.012275279899860088,5.3874424598882396
vggss,C3,12345,best,2013,Kmizok5mDVE_000330,0.9954081632653061,0.40153061224489794,0.11752463673011143,0.0072981152335535255,16.10342300293983
vggss,C3,12345,best,2014,Kp3-Drt61_M_000011,0.9794897959183674,0.21061224489795918,0.09481803231437935,0.019731318352327637,4.8054585416586715
vggss,C3,12345,best,2015,Kp3-Drt61_M_000046,0.9812244897959184,0.626938775510204,0.08853944889706089,0.015064918284060804,5.8771941027213295
vggss,C3,12345,best,2016,Kp3BH28CB0U_000164,0.9690816326530612,0.8438775510204082,0.14303680190539997,0.05490612873788356,2.6051154068472675
vggss,C3,12345,best,2017,Kp3BH28CB0U_000199,0.9498979591836735,0.8003061224489796,0.11100883707521811,0.04356989738193147,2.547833337823139
vggss,C3,12345,best,2018,KpBPs6klq2U_000426,0.990204081632653,0.841530612244898,0.1469076448837904,0.023824401266608685,6.166268072796869
vggss,C3,12345,best,2019,Kp_F7FrKrSc_000210,0.9871428571428571,0.8128571428571428,0.18316194007963782,0.05830083046437379,3.1416694860215344
vggss,C3,12345,best,2020,KpzZokdRUuY_000040,0.9946938775510205,-0.043979591836734694,0.16552214998146755,0.013982619367309844,11.837706915518565
vggss,C3,12345,best,2021,KqF-WZRVs-w_000070,0.9952040816326531,0.5198979591836734,0.15174843256297094,0.011659479018953377,13.015026856370874
vggss,C3,12345,best,2022,KqsNyXIEIwg_000030,0.996938775510204,0.9580612244897959,0.1756494800500917,0.042797583991345825,4.104191490940472
vggss,C3,12345,best,2023,KrAPRaQI9cE_000386,0.9939795918367347,0.6008163265306122,0.13713778069827884,0.027956842818539874,4.9053386173969
vggss,C3,12345,best,2024,Krasofv8pvM_000300,0.9761224489795919,0.4107142857142857,0.11953589185282285,0.025495182509645626,4.688567803254543
vggss,C3,12345,best,2025,KsSbIGkUf7Y_000313,0.9571428571428572,0.06938775510204082,0.11413743394656597,0.029025447903420765,3.932322916302505
vggss,C3,12345,best,2026,Kt3KMQU1hJQ_000260,0.993265306122449,0.8391836734693877,0.21238284435541177,0.034575745251911205,6.142538441558888
vggss,C3,12345,best,2027,KuFurXDu4l8_000000,0.9957142857142857,-0.5286734693877551,0.09964624117564873,0.011493440343435883,8.669835854027689
vggss,C3,12345,best,2028,KuLE8odpCc8_000100,0.9662244897959184,0.5013265306122449,0.08657076183944634,0.01829117054880019,4.73292628311997
vggss,C3,12345,best,2029,KuOnJLFsdsA_000000,0.9907142857142858,0.893061224489796,0.17653784476688977,0.046572195452126826,3.790627498941061
vggss,C3,12345,best,2030,Kvpav8cFKhM_000120,0.9953061224489796,0.5426530612244898,0.17281596910113506,0.01866413324220905,9.25925500308317
vggss,C3,12345,best,2031,KwoVfQeJmiE_000073,0.9475510204081633,-0.30959183673469387,0.0788539872874796,0.020987389450178542,3.757207987904793
vggss,C3,12345,best,2032,Kx8xFS9jbjg_000004,0.9935714285714285,0.7785714285714286,0.1022791765443494,0.015928416320422564,6.4211767502091535
vggss,C3,12345,best,2033,KxLMzuKzpOM_000571,0.9896938775510205,0.7594897959183673,0.14530547084326065,0.028812379612202118,5.043161057815697
vggss,C3,12345,best,2034,KxxDWc08nSo_000028,0.9724489795918367,0.7060204081632653,0.0979019258726205,0.03419411135025702,2.8631223917414257
vggss,C3,12345,best,2035,KxzuJRh9GaQ_000030,0.9959183673469387,-0.881938775510204,0.18374163370640695,0.027502811131871474,6.680831018523739
vggss,C3,12345,best,2036,Kz4SvP0c_VE_000019,0.9883673469387755,0.25846938775510203,0.1407351893020213,0.017220912067687586,8.172342367747722
vggss,C3,12345,best,2037,KzdmGVwiPN0_000019,0.983265306122449,0.6388775510204082,0.18930328531807963,0.04029674461804931,4.697731469685242
vggss,C3,12345,best,2038,KzvdKLdBw3s_000060,0.990204081632653,0.35336734693877553,0.16357695215462406,0.023051259579161487,7.096226199391675
vggss,C3,12345,best,2039,L11Wkfojbzc_000263,0.976530612244898,0.01673469387755102,0.0696889336327077,0.015291003827070541,4.557512013000309
vggss,C3,12345,best,2040,L1znjiyEMKc_000215,0.9912244897959184,0.7212244897959184,0.1307907754483192,0.024534672142276812,5.330854828214625
vggss,C3,12345,best,2041,L2Xbs0ke8TY_000470,0.9796938775510204,-0.14755102040816326,0.07965384527685815,0.015133568681810665,5.263388097785269
vggss,C3,12345,best,2042,L3FlG2uJgY8_000250,0.9839795918367347,0.7763265306122449,0.22166918670223063,0.05289285202665398,4.190910079693305
vggss,C3,12345,best,2043,L3a132_uApg_000090,0.9624489795918367,0.8534693877551021,0.08498094662517797,0.042987443667449,1.976878348072773
vggss,C3,12345,best,2044,L3lYFx1wx-M_000195,0.9947959183673469,0.15928571428571428,0.19303487761109672,0.0186607837070493,10.344414288354665
vggss,C3,12345,best,2045,L3t6q50x8JU_000037,0.9906122448979592,0.8064285714285714,0.08353132984291817,0.018612405187731555,4.487938501251746
vggss,C3,12345,best,2046,L3wNweyCqdY_000394,0.9941836734693877,0.07153061224489796,0.12047520788421844,0.01130446982481526,10.657307220171846
vggss,C3,12345,best,2047,L5UDz2PJ9sk_000030,0.9948979591836735,0.9030612244897959,0.1444995995205527,0.028709792931129685,5.033111867688656
vggss,C3,12345,best,2048,L6QtigLJD_4_000030,0.996938775510204,0.4033673469387755,0.13087796403348076,0.011443689827382657,11.436692710799774
vggss,C3,12345,best,2049,L6V8S8U9iLs_000312,0.9866326530612245,0.7555102040816326,0.20817273057175156,0.06086013438018033,3.4205105311030164
vggss,C3,12345,best,2050,L76AuckUoe8_000006,0.9929591836734694,-0.18020408163265306,0.1455061192965019,0.011247281954756857,12.937002902729084
vggss,C3,12345,best,2051,L7wH_Co3RXY_000004,0.9977551020408163,0.015408163265306122,0.1924202386498163,0.012101845975678635,15.900073347200733
vggss,C3,12345,best,2052,L9-nSe9P0l8_000364,0.9696938775510204,0.05877551020408163,0.12842413053700533,0.029473089183524,4.357335253774375
vggss,C3,12345,best,2053,LA4CTzhrLu8_000008,0.991938775510204,-0.1060204081632653,0.13677761089844717,0.011285029722270154,12.120270328444674
vggss,C3,12345,best,2054,LA91bTw_08Q_000203,0.9826530612244898,0.18336734693877552,0.1106017339069871,0.017822698767674616,6.205667017589259
vggss,C3,12345,best,2055,LAeWwMC2EaI_000030,0.9947959183673469,0.9107142857142857,0.15398577041511932,0.04655327764269378,3.3077320913253967
vggss,C3,12345,best,2056,LBXYlTnm0Fw_000054,0.9612244897959183,-0.44,0.13411314540938274,0.03547018677052448,3.7810104095879753
vggss,C3,12345,best,2057,LBxiUTpsRxQ_000020,0.9875510204081632,0.4054081632653061,0.12337119844257016,0.01705154674298267,7.235191053465099
vggss,C3,12345,best,2058,LC4vDpnkDtM_000063,0.9905102040816327,0.8726530612244898,0.18423397630588803,0.023489511493183884,7.843244264971134
vggss,C3,12345,best,2059,LC4vDpnkDtM_000100,0.9897959183673469,0.7925510204081633,0.1601304685251548,0.023715020253543908,6.75228048777337
vggss,C3,12345,best,2060,LC79lWBAlR4_000410,0.9835714285714285,0.8512244897959184,0.1611864533548693,0.06376313146467015,2.52789424942499
vggss,C3,12345,best,2061,LCFNAzdifzU_000003,0.9835714285714285,0.6756122448979592,0.094025949874947,0.02457996678256455,3.825308256382306
vggss,C3,12345,best,2062,LDDOczcTYxI_000147,0.9894897959183674,0.6921428571428572,0.13945604628454727,0.018708359011874676,7.454210505369869
vggss,C3,12345,best,2063,LDGzSk_vzPo_000260,0.9915306122448979,0.8488775510204082,0.1456078204381784,0.03160557953010523,4.607028967764465
vggss,C3,12345,best,2064,LDoXsip0BEQ_000177,0.9388775510204082,0.30112244897959184,0.08404583349949618,0.027167683123880043,3.0935959138017544
vggss,C3,12345,best,2065,LEFSHa_n9jE_000287,0.9854081632653061,-0.2510204081632653,0.09121799015993301,0.015303474827897326,5.96060641035904
vggss,C3,12345,best,2066,LEUkbkdBupE_000004,0.9918367346938776,0.9457142857142857,0.16826561878440147,0.04346305000190306,3.8714636634344313
vggss,C3,12345,best,2067,LEZFcGFwJlc_000030,0.9929591836734694,0.4387755102040816,0.1304244956297595,0.014575117191707582,8.948435468084172
vggss,C3,12345,best,2068,LFYRuK8YstI_000030,0.9760204081632653,0.7833673469387755,0.15668939273448132,0.0622509106387009,2.5170618570368153
vggss,C3,12345,best,2069,LHVhSXvr6Ds_000028,0.9886734693877551,0.1840816326530612,0.0749907400418057,0.010079070177651597,7.440243863772599
vggss,C3,12345,best,2070,LI46aCaqKQg_000108,0.996938775510204,0.7959183673469388,0.13388427564197838,0.06469412924944475,2.0694965245726293
vggss,C3,12345,best,2071,LIU7EYJEbYQ_000010,0.986734693877551,0.027040816326530614,0.12030372743682102,0.011730622961576573,10.255527590552823
vggss,C3,12345,best,2072,LLkNFGrrgUo_000030,0.976938775510204,0.7722448979591837,0.05956969595517966,0.0176789247068945,3.3695316283545473
vggss,C3,12345,best,2073,LMcCvGwYIS4_000022,0.9716326530612245,0.42857142857142855,0.12324025575656723,0.02746058315496211,4.487896526490837
vggss,C3,12345,best,2074,LN92tji7ADA_000002,0.9440816326530612,0.8778571428571429,0.0875906041466679,0.03547478686794384,2.4690945846335044
vggss,C3,12345,best,2075,LPjblqE3xHk_000218,0.9973469387755102,0.5590816326530612,0.1921146439541091,0.014163761526420373,13.56381520514505
vggss,C3,12345,best,2076,LPvJFjsxMj8_000030,0.9947959183673469,0.753061224489796,0.12508514554551733,0.017669728754621597,7.079064273287203
vggss,C3,12345,best,2077,LRODueKSk2M_000040,0.9971428571428571,-0.37285714285714283,0.18959501410503402,0.014646543850146824,12.944693030986516
vggss,C3,12345,best,2078,LTD5rh_DOTY_000260,0.9939795918367347,0.21489795918367346,0.1686316153020101,0.019079911268561445,8.838176075790749
vggss,C3,12345,best,2079,LU1CGfgJXfM_000080,0.9718367346938775,0.0826530612244898,0.13007268798204483,0.02658952511876746,4.891877060648846
vggss,C3,12345,best,2080,LUfzlkl-Dac_000001,0.9912244897959184,0.769795918367347,0.1376607412559256,0.02621423254345911,5.25137407809691
vggss,C3,12345,best,2081,LUg8N2STi2k_000540,0.9781632653061224,-0.08091836734693877,0.121875245449493,0.024757237236595366,4.922812843968748
vggss,C3,12345,best,2082,LVYHbuggoj8_000050,0.9868367346938776,0.689795918367347,0.10400556430695479,0.021247396643598312,4.8949791850518745
vggss,C3,12345,best,2083,LXZNhyX5SkE_000206,0.9944897959183674,0.925,0.14224755162143055,0.04053830605833595,3.5089663444923342
vggss,C3,12345,best,2084,LaGXHHzobMA_000012,0.9955102040816326,0.8351020408163266,0.19239554577892948,0.027362620399285675,7.031327518030844
vggss,C3,12345,best,2085,LaUs2LAnO1w_000123,0.9961224489795918,0.8709183673469387,0.150609819487596,0.02275479785121499,6.618815973333474
vggss,C3,12345,best,2086,LataVY-O5FA_000063,0.9940816326530613,-0.7315306122448979,0.14437780392630392,0.01681875753981518,8.584332319704187
vggss,C3,12345,best,2087,LataVY-O5FA_000090,0.9718367346938775,-0.1953061224489796,0.12289817252391949,0.029141797972037087,4.217247427281118
vggss,C3,12345,best,2088,LbWDdMprV5k_000113,0.9938775510204082,0.6443877551020408,0.11527438365611516,0.015900771522243045,7.249609460450505
vggss,C3,12345,best,2089,LdBuyaHo5Vg_000017,0.9931632653061224,0.8273469387755102,0.11101395501572002,0.022513295844332634,4.931039674658121
vggss,C3,12345,best,2090,LdpRTw1ieMI_000030,0.9898979591836735,0.4738775510204082,0.13211080394540292,0.021694913830474956,6.0894827689901305
vggss,C3,12345,best,2091,Le2MGWRa_SE_000030,0.9947959183673469,0.8976530612244898,0.1421685134490071,0.025711487665835326,5.5293771911112115
vggss,C3,12345,best,2092,Le4cUq4dLUI_000030,0.9912244897959184,0.6239795918367347,0.08155340995847217,0.012931766822939528,6.306439875934464
vggss,C3,12345,best,2093,LeKSh68pvMQ_000030,0.9825510204081632,-0.3623469387755102,0.1932060391954524,0.020830955596892364,9.274948443761051
vggss,C3,12345,best,2094,LfXdaE7ph_I_000011,0.9891836734693877,0.37765306122448977,0.16290968458243185,0.017378654199458932,9.37412544795925
vggss,C3,12345,best,2095,LgEdRFbdjH4_000004,0.9865306122448979,0.21540816326530612,0.09432634598025318,0.014138201400007459,6.671735909788596
vggss,C3,12345,best,2096,LhRNnXaSsCk_000030,0.9892857142857143,0.8628571428571429,0.10999540265081392,0.03591223989125629,3.0628945168523165
vggss,C3,12345,best,2097,LhgaG9ZtdwI_000003,0.9948979591836735,0.09928571428571428,0.1306893596929574,0.015440426884829914,8.464102752324715
vggss,C3,12345,best,2098,LhpzNXhZ44c_000030,0.9736734693877551,0.6348979591836734,0.10608178309770104,0.02829472859320034,3.74917125457758
vggss,C3,12345,best,2099,LiXfod3qOQw_000020,0.9916326530612245,0.6292857142857143,0.18432420146130654,0.018859697181996524,9.773444381559981
vggss,C3,12345,best,2100,Lj8Oo7QRjcQ_000030,0.9961224489795918,-0.6510204081632653,0.17629388363468854,0.015241639886346666,11.56659552051293
vggss,C3,12345,best,2101,LjxhswBV1UA_000020,0.986938775510204,0.8094897959183673,0.16066094292305602,0.03313488694925444,4.848694464209452
vggss,C3,12345,best,2102,LjzgGsaVCP4_000076,0.9910204081632653,0.8440816326530612,0.15384838243854415,0.025283835870767695,6.084851334461413
vggss,C3,12345,best,2103,Lk19eZ_2ZOE_000030,0.9946938775510205,0.4859183673469388,0.13062645120188143,0.016068212987669202,8.129494630306718
vggss,C3,12345,best,2104,LkJeC5nr8Is_000022,0.9957142857142857,0.35775510204081634,0.14477863348539416,0.013334784385188987,10.85721593265509
vggss,C3,12345,best,2105,LpaMZAVe9Cg_000116,0.9713265306122449,-0.22336734693877552,0.09495550060124328,0.02208003347217219,4.300514341199581
vggss,C3,12345,best,2106,LsxjV7E7F_M_000097,0.9883673469387755,0.045816326530612246,0.13404157287740862,0.015795237217967436,8.486201949846839
vggss,C3,12345,best,2107,LvE-KeIoTC4_000085,0.9881632653061224,0.9206122448979592,0.086618229800837,0.032585501367420264,2.6581831233519058
vggss,C3,12345,best,2108,Lvcjl09Esns_000198,0.9618367346938775,-0.12163265306122449,0.07389837071545256,0.021141955610296442,3.4953422510953986
vggss,C3,12345,best,2109,LvpgSdHLuCY_000320,0.9527551020408164,0.355,0.07269671747111754,0.02136555847511861,3.402518944486143
vggss,C3,12345,best,2110,LwZNG7Uuu7g_000065,0.9836734693877551,0.5685714285714286,0.15495206928022623,0.021737034789167074,7.1284823704403575
vggss,C3,12345,best,2111,LwZNG7Uuu7g_000079,0.9947959183673469,0.803265306122449,0.1651901346755183,0.024891173944580444,6.636494326997588
vggss,C3,12345,best,2112,Lyj48v3SEzs_000075,0.9859183673469388,0.7446938775510205,0.12118044402901894,0.022962769106276898,5.277257436512486
vggss,C3,12345,best,2113,LyravGP_Li8_000264,0.970204081632653,0.29551020408163264,0.12019937044816409,0.03210830625171309,3.7435599843187317
vggss,C3,12345,best,2114,LzoAb4spthk_000042,0.9877551020408163,0.3594897959183673,0.09432829095961806,0.017246416776002662,5.469442852086825
vggss,C3,12345,best,2115,M-bmsXbJBdw_000034,0.9669387755102041,0.7097959183673469,0.10008795940037035,0.02793277169152294,3.583173216954518
vggss,C3,12345,best,2116,M0FSrDPm6IE_000013,0.9956122448979592,0.8825510204081632,0.1562598584639927,0.03636977700645352,4.296420581194812
vggss,C3,12345,best,2117,M0Iwz8p-3XU_000030,0.9896938775510205,0.44755102040816325,0.14667586264735344,0.018187174266745414,8.06479668012776
vggss,C3,12345,best,2118,M0YbiT8Z7d4_000204,0.9837755102040816,0.6854081632653061,0.16161757758389958,0.044312792997830766,3.6471990739065174
vggss,C3,12345,best,2119,M14YsutGzIk_000005,0.9955102040816326,0.8520408163265306,0.12518201943068066,0.016566861662680725,7.556169779136349
vggss,C3,12345,best,2120,M1P1xla8rg0_000000,0.9616326530612245,0.6579591836734694,0.1061134388262039,0.033824539022409596,3.1371732444276956
vggss,C3,12345,best,2121,M4QNImtbFlQ_000030,0.9910204081632653,0.40938775510204084,0.10977990377811017,0.01425877061143254,7.699114234300798
vggss,C3,12345,best,2122,M5xJm4N_8pg_000014,0.9830612244897959,0.8313265306122449,0.12569155937548254,0.042157296321184555,2.981490046654652
vggss,C3,12345,best,2123,M61BBJpvvx8_000030,0.9903061224489796,0.7268367346938776,0.10553191241417723,0.018716348654268244,5.638488273732322
vggss,C3,12345,best,2124,M6NJA3tF044_000057,0.9966326530612245,0.9042857142857142,0.13329479427215085,0.019154430711509112,6.9589535851911
vggss,C3,12345,best,2125,M6StDnohba8_000082,0.9775510204081632,0.12061224489795919,0.10756291431801396,0.017029542408895284,6.316253938909662
vggss,C3,12345,best,2126,M7NvD1WJQ7o_000070,0.9964285714285714,0.916734693877551,0.13170035429446553,0.028281433372314233,4.656777913646767
vggss,C3,12345,best,2127,M7kdWvNks4U_000060,0.9698979591836735,0.7544897959183674,0.11910697192717415,0.033336885215178066,3.57282844988006
vggss,C3,12345,best,2128,M7rGKqfZh6k_000030,0.9870408163265306,0.7910204081632654,0.0780302476176955,0.021750303433193497,3.5875475419166913
vggss,C3,12345,best,2129,M83C5w1YAdc_000010,0.9975510204081632,-0.00836734693877551,0.1564163719058973,0.012262198198558763,12.755981380588164
vggss,C3,12345,best,2130,M83GjpnyZgo_000018,0.9770408163265306,0.46244897959183673,0.0822971287466693,0.015805581680029233,5.206839609747099
vggss,C3,12345,best,2131,M9r2bFnSN1w_000433,0.9658163265306122,0.6246938775510205,0.08500692843578277,0.025996782220225167,3.269901933080335
vggss,C3,12345,best,2132,MAqLrKdONiM_000030,0.9876530612244898,0.9130612244897959,0.16284253094336018,0.048654467861392145,3.3469183427772626
vggss,C3,12345,best,2133,MB23r3XMRNU_000023,0.9922448979591837,0.5636734693877551,0.12801147294521034,0.01348467391799157,9.493108526296243
vggss,C3,12345,best,2134,MBRmjThZops_000000,0.9544897959183674,0.275,0.10394047962365428,0.029695377157346877,3.500224262951938
vggss,C3,12345,best,2135,MBjlZQZ4Sns_000044,0.9945918367346939,0.26142857142857145,0.12962972312527557,0.008955560879130915,14.47477437480782
vggss,C3,12345,best,2136,MCa8xcBlBe8_000030,0.9971428571428571,0.970204081632653,0.18059288924156222,0.03117230889399918,5.793375455622
vggss,C3,12345,best,2137,MDMHvUb2JmM_000340,0.9952040816326531,0.6969387755102041,0.16183605229356068,0.015985891611255795,10.123680069218699
vggss,C3,12345,best,2138,MDa1ZVdDz2Y_000060,0.9948979591836735,0.3292857142857143,0.14539370265810472,0.011575066033243899,12.56093937093146
vggss,C3,12345,best,2139,MDotfX0EyFg_000110,0.9719387755102041,0.7501020408163265,0.12860917626219553,0.03214015912905564,4.001510252198132
vggss,C3,12345,best,2140,ME7oIRHOPlE_000040,0.995,0.9083673469387755,0.08888778579419343,0.013769780013049822,6.455280019720952
vggss,C3,12345,best,2141,MEUcv-QM0cQ_000030,0.9880612244897959,0.708469387755102,0.13049547449988644,0.025592087305124977,5.0990555379104965
vggss,C3,12345,best,2142,MFm2C-ve7qw_000030,0.9925510204081632,0.9136734693877551,0.15212267811376323,0.040110401386137064,3.7925992474944366
vggss,C3,12345,best,2143,MFnTQnXK-Pc_000097,0.9904081632653061,0.5324489795918367,0.15137742844145607,0.022298605905329352,6.7886498861920765
vggss,C3,12345,best,2144,MGlXtoSD6SA_000033,0.9885714285714285,0.7109183673469388,0.1543443023621248,0.0228448373070647,6.756200549276587
vggss,C3,12345,best,2145,MHT46cURY6c_000030,0.9939795918367347,0.8467346938775511,0.18071681854331426,0.024973216813880518,7.236425322782964
vggss,C3,12345,best,2146,MHykFW1zgoA_000121,0.9884693877551021,0.7362244897959184,0.14576153362350813,0.02266020017830691,6.4324909963967905
vggss,C3,12345,best,2147,MI6AgoqRlZg_000069,0.9884693877551021,0.31183673469387757,0.14273520119044167,0.01756228518046418,8.127370653860952
vggss,C3,12345,best,2148,MI6mYvpTgCM_000083,0.9901020408163266,0.5304081632653062,0.1226892872250083,0.017884678409538217,6.860021992879442
vggss,C3,12345,best,2149,MKC9LvRivTM_000030,0.9046938775510204,0.5993877551020408,0.07636368918871797,0.044334640227076054,1.7224384543912716
vggss,C3,12345,best,2150,MKXeCiPtZwo_000280,0.9737755102040816,0.6912244897959183,0.13876487888309852,0.054232445899774835,2.558705892401483
vggss,C3,12345,best,2151,MLMRHScRnhs_000042,0.9872448979591837,0.185,0.12618255590069402,0.019918225728104703,6.3350299179836025
vggss,C3,12345,best,2152,MM78BP5nkUs_000417,0.9910204081632653,0.7585714285714286,0.13613362286478584,0.024396801047504336,5.579978399615288
vggss,C3,12345,best,2153,MMCrV1ia670_000030,0.9923469387755102,0.6090816326530613,0.1306285089958675,0.018265430610017754,7.151679683052407
vggss,C3,12345,best,2154,MMVkRbIJ8Ms_000000,0.9320408163265306,-0.12459183673469387,0.07537808585535978,0.025579706075549536,2.946792493734329
vggss,C3,12345,best,2155,MMcIAn91Zrc_000005,0.9912244897959184,0.44479591836734694,0.09340658615363084,0.017957853404708336,5.2014338266699935
vggss,C3,12345,best,2156,MN-NfHbxdQE_000107,0.9940816326530613,0.8811224489795918,0.1905870709669939,0.036359697868055416,5.241712174248791
vggss,C3,12345,best,2157,MNEuyIAtj3U_000172,0.991734693877551,0.4533673469387755,0.2051936065958727,0.01858507603002994,11.04077305168507
vggss,C3,12345,best,2158,MNN2LtdpPc0_000170,0.9837755102040816,0.43979591836734694,0.13226043957551228,0.016858506202781266,7.845323778075447
vggss,C3,12345,best,2159,MNnlykTxbB0_000030,0.990204081632653,0.8086734693877551,0.13639327674572024,0.02069233963030555,6.591486471929042
vggss,C3,12345,best,2160,MON5q_Vvgx8_000062,0.9908163265306122,0.16561224489795917,0.15545486472154824,0.016108934144665868,9.650226596340257
vggss,C3,12345,best,2161,MPW-geOjDG4_000197,0.9942857142857143,0.6108163265306122,0.1576837755613681,0.017266481279520688,9.132363045410568
vggss,C3,12345,best,2162,MPe6ztPtF0Y_000030,0.9786734693877551,0.8029591836734694,0.1235992993739873,0.03435086742979857,3.598142015673462
vggss,C3,12345,best,2163,MQ6ckvo-f2k_000050,0.9647959183673469,-0.12275510204081633,0.07911681278288295,0.016610321440044745,4.763111482728164
vggss,C3,12345,best,2164,MQtUV_cFcm8_000020,0.981326530612245,-0.03387755102040816,0.11559122367602424,0.019678180409867498,5.874080899170015
vggss,C3,12345,best,2165,MT0ujxJyAvs_000108,0.9597959183673469,0.1853061224489796,0.10324467829953146,0.03199906782016557,3.2264901865193534
vggss,C3,12345,best,2166,MUC3GjvBI7I_000030,0.9978571428571429,0.8709183673469387,0.1897610988664559,0.02440266979354581,7.77624335664474
vggss,C3,12345,best,2167,MVLEz28ZdFU_000010,0.9857142857142858,0.3768367346938776,0.09938951276334174,0.013582497379298073,7.317469680857621
vggss,C3,12345,best,2168,MW0ZTvRCS1o_000220,0.9613265306122449,0.4876530612244898,0.09623996845442301,0.02298860936133135,4.186419758661271
vggss,C3,12345,best,2169,MX5ei7dDgPc_000137,0.9840816326530613,0.8226530612244898,0.16607373104157386,0.03497049737189931,4.7489668012278
vggss,C3,12345,best,2170,MXoUiFrXVak_000011,0.9956122448979592,-0.8026530612244898,0.14719569213835937,0.017389375598252772,8.464691058438527
vggss,C3,12345,best,2171,MYLbHRi-eXA_000039,0.993265306122449,0.8973469387755102,0.18677115019563312,0.030426846317792224,6.138367027752657
vggss,C3,12345,best,2172,MYv6qs-tjFY_000260,0.9896938775510205,-0.5721428571428572,0.1262562924191098,0.017232396975491483,7.326681981541854
vggss,C3,12345,best,2173,MYxhRD4RVmQ_000010,0.9853061224489796,-0.23183673469387756,0.09072090934566213,0.015266047553623097,5.942658636886749
vggss,C3,12345,best,2174,MZ7yHPG9ThU_000017,0.9903061224489796,0.28448979591836737,0.12061135709139192,0.015770508491865558,7.647905402264192
vggss,C3,12345,best,2175,MZFo739aKwI_000109,0.9924489795918368,0.8355102040816327,0.15032930230019534,0.02753611258156666,5.459350947047965
vggss,C3,12345,best,2176,M_0KYUcqS8g_000009,0.9961224489795918,-0.8056122448979591,0.18552333206316418,0.02114427159109805,8.77416520421878
vggss,C3,12345,best,2177,M_3Mk2nMydQ_000030,0.9956122448979592,0.8594897959183674,0.1086767248704355,0.015737090258204373,6.90576994141455
vggss,C3,12345,best,2178,MabWpP62b1E_000168,0.9944897959183674,0.21183673469387754,0.1452296931330081,0.01444375519262804,10.054843162056084
vggss,C3,12345,best,2179,MasEB_CwVoI_000175,0.9925510204081632,0.6879591836734694,0.14147700076465905,0.020247145996338145,6.987503364190008
vggss,C3,12345,best,2180,MbPDtTzoOj4_000040,0.9944897959183674,0.9183673469387755,0.19472872632982335,0.050360956882597306,3.866660571676184
vggss,C3,12345,best,2181,Mdwn6x9edFI_000530,0.9748979591836735,0.4483673469387755,0.15852793440086385,0.0281076389195787,5.640030272711359
vggss,C3,12345,best,2182,MeF_9KT_T8k_000040,0.9760204081632653,-0.06887755102040816,0.14612891533755726,0.026633574371505056,5.486643035562619
vggss,C3,12345,best,2183,Mel-OwQFWmo_000130,0.9779591836734693,0.6307142857142857,0.11431293084737719,0.029204539041330583,3.9142179469294236
vggss,C3,12345,best,2184,MetDvJdgZ64_000049,0.9929591836734694,0.20204081632653062,0.17027695734441733,0.015320784784031987,11.114114566891356
vggss,C3,12345,best,2185,MgD5JedaXGs_000020,0.9957142857142857,0.3710204081632653,0.17581171774430857,0.01654895482959253,10.623735429498263
vggss,C3,12345,best,2186,Mgd0Hsgl8gU_000100,0.9941836734693877,0.8741836734693877,0.10232069157469566,0.024110391379435252,4.243842000091679
vggss,C3,12345,best,2187,MiQZ0dGQuIA_000170,0.9953061224489796,0.11071428571428571,0.17756273312222198,0.015125044151895252,11.739650564919005
vggss,C3,12345,best,2188,Mj6ezUbjRHE_000133,0.9956122448979592,0.9057142857142857,0.17034192398662468,0.027058311298903976,6.295364189764664
vggss,C3,12345,best,2189,MmMtqNIzmjg_000075,0.9913265306122448,-0.28581632653061223,0.21004743120454153,0.019585453652404237,10.724665097494787
vggss,C3,12345,best,2190,Mn8WGSW8jHY_000065,0.9879591836734694,-0.15224489795918367,0.12342546982696075,0.018101638770343785,6.818469387930265
vggss,C3,12345,best,2191,MnGVz1Xu4L4_000046,0.9820408163265306,0.6528571428571428,0.09593777141919657,0.019174756785167685,5.003337069360256
vggss,C3,12345,best,2192,MnGVz1Xu4L4_000075,0.9638775510204082,0.8477551020408163,0.1046162125862247,0.03155933784738263,3.314905182489468
vggss,C3,12345,best,2193,MnH4tzgKXVc_000030,0.9818367346938776,0.7228571428571429,0.09199734663989219,0.02608767155197512,3.526468295823319
vggss,C3,12345,best,2194,MoWyfzqzZrk_000019,0.9939795918367347,0.888061224489796,0.13518170747409886,0.03332693038053108,4.056230379773269
vggss,C3,12345,best,2195,MoYPhggPrPg_000074,0.9925510204081632,0.8108163265306122,0.1504425144341496,0.025687795452412506,5.856575536536382
vggss,C3,12345,best,2196,MpWGx5odhh8_000160,0.9859183673469388,0.7355102040816327,0.13740007640699078,0.04131471871180898,3.3256931353067096
vggss,C3,12345,best,2197,MqJra27MtFc_000000,0.9966326530612245,0.7692857142857142,0.17511412712738905,0.013217811002677214,13.24834551590429
vggss,C3,12345,best,2198,Mqlg9NYMidw_000011,0.9929591836734694,-0.2973469387755102,0.09632488959246424,0.011891192702886126,8.100523807766155
vggss,C3,12345,best,2199,Mr--N4d6lIM_000323,0.9878571428571429,-0.3373469387755102,0.11661947335255764,0.014914102849859497,7.819409221363676
vggss,C3,12345,best,2200,Mr87MY9Vdiw_000002,0.9679591836734693,-0.17061224489795918,0.1263546100454504,0.022216166474422396,5.687507346999907
vggss,C3,12345,best,2201,MrHp70quN94_000030,0.9872448979591837,0.7709183673469387,0.15721245669733508,0.02147442253714541,7.320916612560669
vggss,C3,12345,best,2202,Ms-M0gM_Sy8_000030,0.9938775510204082,0.8738775510204082,0.20722160419805727,0.03457293637554755,5.993751932063809
vggss,C3,12345,best,2203,Mt4F5APXeqI_000838,0.9880612244897959,0.11642857142857142,0.18308451330787714,0.019223453767790312,9.524017667139647
vggss,C3,12345,best,2204,MueF0HZVVcg_000011,0.9929591836734694,0.9208163265306123,0.17711791161809867,0.03153376904629432,5.616769481569873
vggss,C3,12345,best,2205,Mw9Kg1um1pk_000050,0.9904081632653061,0.8098979591836735,0.1814149032618641,0.04977668849271155,3.6445755785547567
vggss,C3,12345,best,2206,MxSoqiN92v0_000134,0.9943877551020408,0.813469387755102,0.14088220299764379,0.01726272458638281,8.161064164157176
vggss,C3,12345,best,2207,My0YmR6tYAk_000060,0.981734693877551,0.6255102040816326,0.12921075783398286,0.02773531797247043,4.658708364628634
vggss,C3,12345,best,2208,MyUItl-2v0U_000050,0.9834693877551021,0.47653061224489796,0.08212377658395924,0.013846325679826268,5.931088036128705
vggss,C3,12345,best,2209,MyjxrBI9k4o_000080,0.9885714285714285,0.9538775510204082,0.23795005709822967,0.07585190065728717,3.137034867106782
vggss,C3,12345,best,2210,N-kdCENmuAs_000039,0.9529591836734694,-0.3763265306122449,0.09177499816126515,0.022759986528590986,4.032295803250052
vggss,C3,12345,best,2211,N00JbKpZKKw_000446,0.9914285714285714,0.7728571428571429,0.16329351991209826,0.04299331385210768,3.798114294557758
vggss,C3,12345,best,2212,N0c6P3Po5J0_000118,0.9878571428571429,0.3323469387755102,0.16401644833760703,0.02074876622444981,7.904877165387033
vggss,C3,12345,best,2213,N0d1cK2k1Eg_000000,0.9896938775510205,0.7154081632653061,0.15675088566388448,0.018245774061097737,8.591078961023468
vggss,C3,12345,best,2214,N0jVgldCwAk_000000,0.9827551020408163,-0.14775510204081632,0.1382112514830025,0.025250726661851228,5.473555408281059
vggss,C3,12345,best,2215,N1c73HkaxvY_000000,0.9955102040816326,0.5630612244897959,0.17386883187881416,0.01305494843404246,13.318231991282998
vggss,C3,12345,best,2216,N1dCXhy56po_000009,0.9864285714285714,0.7711224489795918,0.1473065635335498,0.03549307523619695,4.150290234172832
vggss,C3,12345,best,2217,N2CdQ4bWCkE_000022,0.9963265306122449,-0.586530612244898,0.13480985254664835,0.011097751511003924,12.14749243691195
vggss,C3,12345,best,2218,N3B-vKpsKoE_000125,0.9915306122448979,-0.28285714285714286,0.16065954200745172,0.019928615957215387,8.061751119715018
vggss,C3,12345,best,2219,N4JQ0uzRjpA_000274,0.9857142857142858,0.76,0.13734133064813056,0.030134284845797034,4.557643605976804
vggss,C3,12345,best,2220,N4SfahxM8Z4_000004,0.9837755102040816,0.7753061224489796,0.11776707615483638,0.031216654246164117,3.7725720132005347
vggss,C3,12345,best,2221,N4yxwdPnRQk_000028,0.991734693877551,0.6833673469387755,0.1252430710947636,0.013377985679272444,9.361878095654747
vggss,C3,12345,best,2222,N6e5C5sXdBI_000000,0.9961224489795918,0.40183673469387754,0.15971300645254624,0.016714015461087656,9.555633523516736
vggss,C3,12345,best,2223,N7_5mcVZgO8_000042,0.9822448979591837,-0.63,0.16020350812051737,0.024247589330237237,6.606987026159352
vggss,C3,12345,best,2224,N7tVUQOobkY_000289,0.9830612244897959,0.7267346938775511,0.14384772860332692,0.03596907026738717,3.999206193932468
vggss,C3,12345,best,2225,N8iIq2UzZLk_000030,0.9816326530612245,0.8166326530612245,0.19312781671975895,0.050950131285130484,3.7905263803730813
vggss,C3,12345,best,2226,N9N4AZXwWaM_000140,0.9892857142857143,-0.32540816326530614,0.1074430962411031,0.01883424439311856,5.704667200790887
vggss,C3,12345,best,2227,N9VpRM5Dx3g_000133,0.993265306122449,0.8052040816326531,0.14102456913630382,0.026248879227155658,5.372593927378335
vggss,C3,12345,best,2228,N9hbVla0XmE_000087,0.9848979591836735,0.7070408163265306,0.14231028353782504,0.030186175401264562,4.7144191553284145
vggss,C3,12345,best,2229,NAiOfUtiXeM_000030,0.9804081632653061,0.5226530612244898,0.11873189308457745,0.02091663662659965,5.676433319761664
vggss,C3,12345,best,2230,ND5nBdo7Lwo_000090,0.9915306122448979,0.9090816326530612,0.12510232172645785,0.034486033741132724,3.6276227839226363
vggss,C3,12345,best,2231,NDovY5OEt2o_000030,0.990204081632653,0.40469387755102043,0.11334597879430205,0.018191932308922316,6.230562914897776
vggss,C3,12345,best,2232,NEGXDnMhd5A_000040,0.9872448979591837,0.4993877551020408,0.13983516164893262,0.016335667546675463,8.560113092984132
vggss,C3,12345,best,2233,NEUZUB2K1aI_000078,0.9877551020408163,0.5206122448979592,0.10695333529813991,0.01420685564923162,7.528290421105567
vggss,C3,12345,best,2234,NE_DQerjrVU_000020,0.990204081632653,0.14346938775510204,0.15538428343542365,0.02105926242551049,7.3784295145681975
vggss,C3,12345,best,2235,NEi-LsJkgE4_000030,0.9977551020408163,0.49020408163265305,0.10546392540921153,0.009614511269732859,10.969244556529794
vggss,C3,12345,best,2236,NF1lwZ24RYI_000030,0.9951020408163266,0.6554081632653062,0.1834563714601021,0.02508263820082855,7.3140779686421515
vggss,C3,12345,best,2237,NGvamh45l6k_000022,0.991938775510204,0.7836734693877551,0.12164199115787899,0.020136958347299252,6.0407331166870835
vggss,C3,12345,best,2238,NGvamh45l6k_000039,0.985204081632653,0.3636734693877551,0.12261877647360768,0.014999091170316009,8.175080415290541
vggss,C3,12345,best,2239,NIUD5tnT_NQ_000308,0.9947959183673469,-0.05102040816326531,0.18066308902147332,0.013973678036865122,12.928814342569723
vggss,C3,12345,best,2240,NIXYf0CSnhE_000080,0.9828571428571429,-0.3110204081632653,0.0961640010922998,0.016245310266442978,5.919493042305284
vggss,C3,12345,best,2241,NIklY_eIHdQ_000039,0.9881632653061224,0.4853061224489796,0.15710762703543363,0.024426503832435595,6.43185075167461
vggss,C3,12345,best,2242,NIuu97_y33A_000030,0.9918367346938776,0.8320408163265306,0.14673412166924876,0.027445638443179585,5.346354830587412
vggss,C3,12345,best,2243,NJJg575V_fc_000080,0.9952040816326531,0.7022448979591837,0.1329332617077906,0.013877300859573232,9.579187123848138
vggss,C3,12345,best,2244,NJUl3gPX07o_000030,0.9820408163265306,0.6187755102040816,0.07002133398410199,0.015460560114047889,4.529029573804294
vggss,C3,12345,best,2245,NJo3COkwasM_000017,0.9572448979591837,-0.13051020408163266,0.06123946777816798,0.01622530760247162,3.7743178298104687
vggss,C3,12345,best,2246,NKfyi7q0JNU_000030,0.9970408163265306,-0.012857142857142857,0.14835750105661685,0.00945007383001881,15.699083808779253
vggss,C3,12345,best,2247,NPXZIqxKvXA_000030,0.9908163265306122,0.5609183673469388,0.1742095712824234,0.023938002637910506,7.277531626908942
vggss,C3,12345,best,2248,NRJw5ZZMBnw_000030,0.990204081632653,0.8360204081632653,0.12087751093357628,0.023672252754340768,5.106295213555923
vggss,C3,12345,best,2249,NRRYGxnq-FM_000258,0.9956122448979592,0.9102040816326531,0.1046634815444143,0.01669790849280104,6.268059355429921
vggss,C3,12345,best,2250,NSEzNYgLuAs_000077,0.9923469387755102,0.7140816326530612,0.15701233185357039,0.023858088833894738,6.58109427568674
vggss,C3,12345,best,2251,NSfsygAoz0I_000001,0.9868367346938776,0.7894897959183673,0.145013143198132,0.02530301195685756,5.7310625092927285
vggss,C3,12345,best,2252,NTyKi3QGd4k_000090,0.9618367346938775,0.26510204081632655,0.1084726198854629,0.03495685420851158,3.103042946554702
vggss,C3,12345,best,2253,NUEfNw3Mdsw_000249,0.9760204081632653,0.3140816326530612,0.0635684410803297,0.011014038739983354,5.771583211303084
vggss,C3,12345,best,2254,NV0P4YtItzc_000110,0.9953061224489796,-0.022653061224489797,0.11182257254967075,0.008786233503043266,12.72702034505901
vggss,C3,12345,best,2255,NXCTvtrCPXs_000177,0.9925510204081632,0.5887755102040816,0.1505273191336512,0.023686807916642752,6.354900992289812
vggss,C3,12345,best,2256,NXeVBvS5cxQ_000030,0.9781632653061224,0.24387755102040817,0.17697468528232171,0.021714188943528574,8.150186301803597
vggss,C3,12345,best,2257,NY1zBHjxxc4_000140,0.9880612244897959,0.3190816326530612,0.1393415353165734,0.01772494836800944,7.8613224943470925
vggss,C3,12345,best,2258,NYKrP5HnEC8_000030,0.9947959183673469,0.6061224489795919,0.15442502957521886,0.01296100116293236,11.91459113643664
vggss,C3,12345,best,2259,NZMsQG4Zx7I_000050,0.950204081632653,0.6586734693877551,0.09059319060237138,0.03216176244532982,2.8167980767958922
vggss,C3,12345,best,2260,N_bWjtccFg0_000020,0.9888775510204082,0.7320408163265306,0.15264656073906696,0.02956168009490116,5.163663237306856
vggss,C3,12345,best,2261,NaGTvAwqJVc_000080,0.9937755102040816,0.7398979591836735,0.12742013638432043,0.016950508133919406,7.517186822815177
vggss,C3,12345,best,2262,Nayu_7okwmY_000032,0.9890816326530613,0.826734693877551,0.13316095999097063,0.02905046300145607,4.583780987734905
vggss,C3,12345,best,2263,NboCft3LZAg_000140,0.9928571428571429,0.9462244897959183,0.2002819129294401,0.05384539812525743,3.719573443649462
vggss,C3,12345,best,2264,NcIR-UiXJI0_000030,0.9876530612244898,0.564795918367347,0.1510112940930241,0.024584440782499956,6.142555587455912
vggss,C3,12345,best,2265,NcKhJQPS_hs_000047,0.9871428571428571,0.8544897959183674,0.16895895009653994,0.03463045961721147,4.878911569876095
vggss,C3,12345,best,2266,Ncdv7wCGgYE_000030,0.9929591836734694,0.1493877551020408,0.12259161857504833,0.013710467568396226,8.941461548520216
vggss,C3,12345,best,2267,NcllrpzRk38_000041,0.9920408163265306,0.6265306122448979,0.11292274056280024,0.013585860324810293,8.311784300960495
vggss,C3,12345,best,2268,NdYDEnBhiSE_000018,0.9872448979591837,0.5327551020408163,0.1245987348795706,0.01648329184389512,7.559092932381583
vggss,C3,12345,best,2269,NdiSW-p2I0c_000030,0.9864285714285714,0.7852040816326531,0.20754211214555807,0.04427665423451152,4.687393745839743
vggss,C3,12345,best,2270,NdqYvzceNo0_000001,0.9873469387755102,0.5997959183673469,0.12138433482335374,0.02349074061559201,5.167326854853811
vggss,C3,12345,best,2271,NfOHjeI-Bns_000210,0.9953061224489796,0.6753061224489796,0.1547861980353564,0.03209272645860981,4.823092803753683
vggss,C3,12345,best,2272,Ng1LL3S02kI_000048,0.9620408163265306,0.4658163265306122,0.0949527534047901,0.028673763188857063,3.311485582809367
vggss,C3,12345,best,2273,Ng9bw-BkB94_000030,0.9868367346938776,0.5797959183673469,0.11941380697992236,0.023742438094352863,5.029551156682806
vggss,C3,12345,best,2274,NgAEMX5d5iM_000083,0.9893877551020408,0.7871428571428571,0.12059526120263722,0.022832736360758565,5.281682374693294
vggss,C3,12345,best,2275,Nht8x-egV7Y_000015,0.9255102040816326,-0.0006122448979591836,0.07408725055999324,0.02416478213563081,3.06591841565797
vggss,C3,12345,best,2276,Ni_RNKhQ47k_000118,0.9262244897959183,-0.0476530612244898,0.11055795882779493,0.03721258005327485,2.970983432740117
vggss,C3,12345,best,2277,Ni_RNKhQ47k_000136,0.9145918367346939,0.030918367346938775,0.1253144350974386,0.04610970689792379,2.717745210891401
vggss,C3,12345,best,2278,NjLHnT9ZtPw_000119,0.9925510204081632,0.5604081632653061,0.15477773924841418,0.019449764363357987,7.957820791906597
vggss,C3,12345,best,2279,Nluf6HIYXXQ_000030,0.9947959183673469,0.5404081632653062,0.08334565899127569,0.00882956229287316,9.439387392798473
vggss,C3,12345,best,2280,NpGTa9fRvUU_000030,0.9720408163265306,0.7337755102040816,0.12211412468486237,0.03178326090380068,3.8420892385607863
vggss,C3,12345,best,2281,Nqb7nw58q08_000030,0.9924489795918368,0.8884693877551021,0.16717867662843797,0.0468069985687713,3.5716598316555217
vggss,C3,12345,best,2282,NqzZbJJl3E4_000030,0.981938775510204,-0.1983673469387755,0.11176106742881028,0.020639370938574205,5.414945434210549
vggss,C3,12345,best,2283,Ns-iXXKmzzU_000030,0.9871428571428571,0.4661224489795918,0.15122083111386722,0.025285340829154873,5.9805731761979795
vggss,C3,12345,best,2284,Ns9Zf0DrFlk_000212,0.9854081632653061,0.25010204081632653,0.11506840966751682,0.021924246588765142,5.24845445437028
vggss,C3,12345,best,2285,NsbLeONN0-c_000188,0.9851020408163266,0.8598979591836735,0.1325092433799984,0.05436476498552444,2.43741039651843
vggss,C3,12345,best,2286,Nsjm00Bwebo_000140,0.9857142857142858,0.5775510204081633,0.12049683165157299,0.02629633801246676,4.5822666104476975
vggss,C3,12345,best,2287,NtM3gudMBCQ_000010,0.965204081632653,0.8294897959183674,0.12287506868905573,0.05611179996751477,2.1898258255873584
vggss,C3,12345,best,2288,NuqLe9Svlio_000443,0.9923469387755102,0.8406122448979592,0.19477116246006299,0.037455227824283475,5.200106200763417
vggss,C3,12345,best,2289,NuvgBjmUW1g_000140,0.9905102040816327,0.6178571428571429,0.12179276269841838,0.017181968794529334,7.088405534597215
vggss,C3,12345,best,2290,Nuyu78uZcVE_000058,0.9923469387755102,0.7275510204081632,0.1574251929620917,0.05887467246122619,2.6739035035102594
vggss,C3,12345,best,2291,Nuyu78uZcVE_000162,0.9907142857142858,0.6866326530612245,0.14948653254012442,0.06374501193152408,2.345070273117295
vggss,C3,12345,best,2292,NvN2PoU3Pzs_000678,0.9884693877551021,0.5041836734693877,0.14716935831557051,0.020516587273745366,7.173189008091027
vggss,C3,12345,best,2293,NwBREzh6M_I_000050,0.985,0.5035714285714286,0.09617073705560036,0.02050762325856259,4.689511594935605
vggss,C3,12345,best,2294,NwGcF_Ud-ig_000000,0.996938775510204,0.6623469387755102,0.12668069934167858,0.011740849829674754,10.78973849248082
vggss,C3,12345,best,2295,NwpT3VmaDGE_000205,0.9926530612244898,0.8060204081632653,0.1757389397871741,0.03657920118569069,4.804340556674619
vggss,C3,12345,best,2296,NyWZtL6Essc_000038,0.9853061224489796,0.5620408163265306,0.13035607848016817,0.024279013731706673,5.369084589706062
vggss,C3,12345,best,2297,NynrI4Tm9zo_000052,0.9879591836734694,0.898673469387755,0.14764212115236167,0.04300745675589513,3.4329423846278475
vggss,C3,12345,best,2298,O-UIOSuqzWA_000001,0.9948979591836735,0.6538775510204081,0.160043284775597,0.014984758445644309,10.680404716308093
vggss,C3,12345,best,2299,O-VVb8Ag49g_000040,0.9803061224489796,0.5429591836734694,0.08063166840063846,0.0203392596968938,3.96433644106292
vggss,C3,12345,best,2300,O2HttJtcec4_000030,0.9929591836734694,0.6338775510204082,0.21406275771417146,0.03643521581116357,5.875160965797922
vggss,C3,12345,best,2301,O3HG59u1yek_000030,0.9933673469387755,0.45255102040816325,0.12688944074056313,0.01376399768830717,9.218937957854978
vggss,C3,12345,best,2302,O41WqVK8Cjw_000100,0.9947959183673469,0.054693877551020405,0.14659137165706926,0.010849742977029866,13.511045558168501
vggss,C3,12345,best,2303,O4XYhK_tQnk_000028,0.9829591836734693,0.9089795918367347,0.16758671106438525,0.05766544356795036,2.9061895772449686
vggss,C3,12345,best,2304,O67-3jP1DUs_000443,0.9844897959183674,0.38663265306122446,0.08944226975782882,0.01172537610872208,7.628093881892281
vggss,C3,12345,best,2305,O69hivnI5oM_000073,0.991734693877551,0.13693877551020409,0.12731639328920313,0.012893911259789193,9.874148404158063
vggss,C3,12345,best,2306,O7-ggV4SQRs_000030,0.9940816326530613,0.7348979591836735,0.12458387978131844,0.019716234789122482,6.318847442923119
vggss,C3,12345,best,2307,O70kWGbFbbY_000204,0.9860204081632653,0.848265306122449,0.14355094966296345,0.05138344216463365,2.7937199925809395
vggss,C3,12345,best,2308,O7puBCRI2Bc_000030,0.9912244897959184,0.5874489795918367,0.1679738789098582,0.02566004716711526,6.546125103196452
vggss,C3,12345,best,2309,O8DtnVJN_dY_000030,0.985,0.43459183673469387,0.11271256988307357,0.02142638279131603,5.260457212066388
vggss,C3,12345,best,2310,O9KZqw2dyXM_000024,0.9874489795918368,0.5570408163265306,0.1405717655282644,0.024258801724652345,5.794670615796005
vggss,C3,12345,best,2311,O9M7RtFP_-Y_000010,0.9955102040816326,0.8952040816326531,0.1661648384056496,0.049374756203803605,3.3653804328627555
vggss,C3,12345,best,2312,O9dNbswLJu0_000331,0.9737755102040816,0.7088775510204082,0.1310101134127872,0.03711533394476466,3.5298109834538334
vggss,C3,12345,best,2313,OAyewg0sAeY_000000,0.993061224489796,0.821734693877551,0.17517787180941363,0.021675259963824935,8.081927141901774
vggss,C3,12345,best,2314,OBAaK0pxdW0_000046,0.9915306122448979,-0.4502040816326531,0.12422196824421283,0.014781187015620525,8.40405903212895
vggss,C3,12345,best,2315,OCReBtZOo8A_000021,0.9960204081632653,-0.4942857142857143,0.159737340963127,0.01110307954940119,14.386760020263202
vggss,C3,12345,best,2316,OCaW_fZF1e8_000251,0.9861224489795918,0.7958163265306123,0.1066760173479498,0.02681633804552225,3.978023291877557
vggss,C3,12345,best,2317,OCwzCoB6p-4_000030,0.961530612244898,-0.12091836734693878,0.05659758483354383,0.017193968949121917,3.2917114716805527
vggss,C3,12345,best,2318,ODoQDztFbaQ_000251,0.9971428571428571,0.05755102040816327,0.17760904945869382,0.010814477861041963,16.423266267760557
vggss,C3,12345,best,2319,OGnBrabqdP4_000040,0.958265306122449,0.7872448979591836,0.12365805490024562,0.03646376978101528,3.3912581075099837
vggss,C3,12345,best,2320,OGyMalgBFxY_000001,0.9924489795918368,0.7161224489795919,0.15262027387496924,0.021739406060530257,7.020443587558003
vggss,C3,12345,best,2321,OHkkIGrKEKk_000000,0.9757142857142858,0.3025510204081633,0.06861079923989148,0.013321723500085479,5.1502944975138725
vggss,C3,12345,best,2322,OI4vBlF4O-Y_000052,0.9588775510204082,0.41030612244897957,0.09489891749562772,0.022717209542671146,4.177402040394671
vggss,C3,12345,best,2323,OIYRNzlgN84_000200,0.9912244897959184,0.7614285714285715,0.17176521762824917,0.019341308139501544,8.880744590250648
vggss,C3,12345,best,2324,OIqd2UrvGcI_000109,0.9940816326530613,0.8194897959183673,0.16499656494382448,0.02290787125679283,7.202614467937449
vggss,C3,12345,best,2325,OIx8kHKwMl8_000035,0.9897959183673469,0.8877551020408163,0.11553154663787174,0.02751078039239763,4.199500886197976
vggss,C3,12345,best,2326,OKsOk8558gs_000380,0.9943877551020408,0.8559183673469388,0.22023199763406806,0.03222915852156862,6.8333151635554765
vggss,C3,12345,best,2327,OLG6jDvjB9I_000133,0.9934693877551021,0.7128571428571429,0.1333535042588329,0.020567808625795134,6.48360292946267
vggss,C3,12345,best,2328,OLRKXIQi9z4_000023,0.9877551020408163,-0.19887755102040816,0.14191645515129556,0.02128650771050263,6.666967502671886
vggss,C3,12345,best,2329,OLaCHe5fCtY_000275,0.9942857142857143,0.8756122448979592,0.18269106339909072,0.03481242389293406,5.247869667477301
vggss,C3,12345,best,2330,OMaV10b6-CU_000140,0.9934693877551021,0.6543877551020408,0.1576887952552597,0.015139890712992652,10.415451355929232
vggss,C3,12345,best,2331,OODgp3YrENY_000028,0.9877551020408163,0.3953061224489796,0.137604451470058,0.027094946725247402,5.078602031050923
vggss,C3,12345,best,2332,OOzxHnmlNhA_000017,0.9794897959183674,-0.0663265306122449,0.12204274017210551,0.01597887061807001,7.637757579317974
vggss,C3,12345,best,2333,OPXoyT08GvQ_000017,0.9939795918367347,0.9010204081632653,0.10366564279161075,0.020305141173250878,5.105388921312964
vggss,C3,12345,best,2334,OPd0cz1hRqc_000030,0.9944897959183674,0.850204081632653,0.12772519457106307,0.022998744753336176,5.553572420622451
vggss,C3,12345,best,2335,OQuFLgQSj0k_000044,0.9935714285714285,-0.18693877551020407,0.20257438980444453,0.01435497154534947,14.111793197533148
vggss,C3,12345,best,2336,ORaz32CQ29k_000130,0.9764285714285714,0.8174489795918367,0.11862983667230016,0.02706048883119309,4.383876337649655
vggss,C3,12345,best,2337,OSlYn9hTRFA_000030,0.9678571428571429,0.5357142857142857,0.14680432527539977,0.03687865558221174,3.9807396163923667
vggss,C3,12345,best,2338,OTBujHqhKhI_000000,0.9912244897959184,0.7614285714285715,0.11942689081210633,0.01822483622598538,6.55297470612245
vggss,C3,12345,best,2339,OUIkTOSII9w_000050,0.995,0.7529591836734694,0.16259868582962303,0.021243722284624865,7.6539640111612535
vggss,C3,12345,best,2340,OWJ_fMJFjWQ_000358,0.9865306122448979,0.6859183673469388,0.08198687277780516,0.015086420141954368,5.434481607058318
vggss,C3,12345,best,2341,OWuMapsvJ3w_000050,0.9860204081632653,0.26285714285714284,0.10205923159317212,0.017399886414149572,5.865511369670646
vggss,C3,12345,best,2342,OZ9ti0RBfr8_000029,0.9857142857142858,0.21520408163265306,0.10629349986356665,0.015865958713354025,6.699469082451461
vggss,C3,12345,best,2343,O_q02_oUP2M_000131,0.976326530612245,0.8367346938775511,0.16800371884756182,0.061409075822092554,2.7358125260553217
vggss,C3,12345,best,2344,ObV0Fz5rJHQ_000008,0.9887755102040816,0.43683673469387757,0.09571736786401049,0.02029318794320334,4.7167240618824735
vggss,C3,12345,best,2345,ObdJilylBPw_000527,0.9907142857142858,0.695204081632653,0.11025473233590437,0.0152260964750003,7.241168642069976
vggss,C3,12345,best,2346,ObhHyU04C40_000197,0.9925510204081632,0.3680612244897959,0.14388317285967234,0.017701347097064057,8.128374189303184
vggss,C3,12345,best,2347,Oc9azgD3RJ8_000030,0.9857142857142858,-0.3756122448979592,0.09087928006662323,0.018381491466252693,4.944064535430767
vggss,C3,12345,best,2348,Od58AkKIPnA_000060,0.9964285714285714,-0.08602040816326531,0.1325103186108096,0.01068867273068561,12.39726596085143
vggss,C3,12345,best,2349,OebTD1Qqjys_000055,0.9892857142857143,-0.461734693877551,0.13645576130630016,0.01658888221748463,8.225735737786854
vggss,C3,12345,best,2350,Oew6XicL4Ks_000150,0.9874489795918368,0.25173469387755104,0.11135246298458361,0.014521201120553502,7.668268076459174
vggss,C3,12345,best,2351,OgSyPzydMxk_000020,0.9977551020408163,-0.012142857142857143,0.12412399304942492,0.007774899583253949,15.964706903323965
vggss,C3,12345,best,2352,OhhSpbVbXYA_000145,0.9876530612244898,0.5287755102040816,0.140917828393248,0.020638636135187967,6.827865342952062
vggss,C3,12345,best,2353,OhmcZInYYwE_000173,0.9836734693877551,0.31265306122448977,0.13093674968705468,0.01801024080475509,7.270127651623879
vggss,C3,12345,best,2354,Oi855GiZQa0_000061,0.9945918367346939,-0.576734693877551,0.09430141079010454,0.012109858094722722,7.787160679545828
vggss,C3,12345,best,2355,OjGbRQ7e_AU_000134,0.9938775510204082,0.740204081632653,0.19956542193189492,0.024136030074719657,8.268361504111727
vggss,C3,12345,best,2356,OkAT5LKBbIE_000190,0.9958163265306123,0.8319387755102041,0.15513053159246126,0.018965305849943832,8.179701019317898
vggss,C3,12345,best,2357,OkMPd5IwM-w_000012,0.9856122448979592,0.4993877551020408,0.15915244229813816,0.025370425824623143,6.273148247424114
vggss,C3,12345,best,2358,Okx87oCJg5g_000250,0.9958163265306123,0.6692857142857143,0.1690231125144191,0.023359426300567913,7.235756149983436
vggss,C3,12345,best,2359,Olfg9KK_bmE_000011,0.9973469387755102,0.7153061224489796,0.17988181163494255,0.016676386966294515,10.786617748707243
vggss,C3,12345,best,2360,OmlvTSN8aeo_000033,0.9955102040816326,0.34591836734693876,0.12615803572236292,0.011500642276727426,10.969651319183708
vggss,C3,12345,best,2361,On8mxembDtg_000550,0.9911224489795918,0.8873469387755102,0.1208821015767124,0.039338215208206066,3.0728923754399524
vggss,C3,12345,best,2362,OnRh-5IRG3A_000000,0.990204081632653,0.6505102040816326,0.11126520857499814,0.01906617164478393,5.835739373794936
vggss,C3,12345,best,2363,Op6UazVNEQg_000003,0.9887755102040816,-0.18551020408163266,0.15112312381744525,0.01837319692606314,8.22519480009877
vggss,C3,12345,best,2364,OqUYjRzUis4_000120,0.9841836734693877,0.481734693877551,0.13023233055672565,0.018385747580263456,7.083330715174514
vggss,C3,12345,best,2365,OqjRuWUFQy8_000140,0.9921428571428571,0.3979591836734694,0.11184330317033231,0.013548494556484303,8.255035473059563
vggss,C3,12345,best,2366,OrSfdkVVbOQ_000000,0.9890816326530613,0.523469387755102,0.13086772448190528,0.02049095721352047,6.38660864488826
vggss,C3,12345,best,2367,OrZNGml0csQ_000022,0.9935714285714285,0.44081632653061226,0.17436196116305147,0.0202715570498159,8.601310729835376
vggss,C3,12345,best,2368,OruJS8cr2qE_000005,0.990204081632653,0.5468367346938775,0.13039194028170623,0.016759176296905615,7.780331083800435
vggss,C3,12345,best,2369,OugiXVgs0tA_000069,0.978265306122449,-0.30081632653061224,0.15258897054254836,0.028512128701798995,5.351721442423226
vggss,C3,12345,best,2370,OxbHUMFOxnk_000030,0.9938775510204082,0.2280612244897959,0.1404194337647182,0.01345631760901,10.435205072054556
vggss,C3,12345,best,2371,OzMAwy8qSEo_000030,0.9720408163265306,0.741938775510204,0.09943271141691826,0.028493641153430817,3.4896456680105947
vggss,C3,12345,best,2372,P-NCCepeHdI_000125,0.9827551020408163,-0.5694897959183673,0.10990947507670394,0.02251525762777913,4.881555294357306
vggss,C3,12345,best,2373,P02Zdk3amjk_000030,0.9865306122448979,0.7551020408163265,0.10120645371791565,0.020444421437398736,4.950321241802416
vggss,C3,12345,best,2374,P1LygmOqewM_000157,0.9692857142857143,0.8253061224489796,0.12720488170710298,0.06480315694822716,1.9629426666470908
vggss,C3,12345,best,2375,P2ldhAT8KHc_000280,0.9912244897959184,0.6116326530612245,0.09441758944104227,0.012264866108711223,7.698216075427141
vggss,C3,12345,best,2376,P4x12uMeVVc_000086,0.9956122448979592,0.8840816326530613,0.11240479142438707,0.019807631370723448,5.6748224621408445
vggss,C3,12345,best,2377,P5Au94IeCXc_000165,0.9894897959183674,0.8363265306122449,0.1538233494682881,0.023097533354711923,6.6597305914013525
vggss,C3,12345,best,2378,P5H8C-I7Qxc_000030,0.9884693877551021,0.8556122448979592,0.13020768866506374,0.036684219690633256,3.54941960775331
vggss,C3,12345,best,2379,P5tsRM1iokA_000030,0.9945918367346939,0.6455102040816326,0.14907464074760296,0.021301040014059858,6.998467710928926
vggss,C3,12345,best,2380,P8Uwpp00DBk_000000,0.9816326530612245,0.7226530612244898,0.10348856727535131,0.02832422626963347,3.6537120657838367
vggss,C3,12345,best,2381,P8VTcL2ecs8_000030,0.9952040816326531,-0.7937755102040817,0.20997586605737684,0.03169606041455566,6.6246676498935
vggss,C3,12345,best,2382,PAou66vfEPo_000371,0.9889795918367347,0.12071428571428572,0.12460230344576945,0.015103863064056582,8.249697638102386
vggss,C3,12345,best,2383,PB3i02Cjf1k_000030,0.9405102040816327,0.3933673469387755,0.07675768452040481,0.02367867070159008,3.241638244297656
vggss,C3,12345,best,2384,PBKS0vFpPTk_000016,0.9853061224489796,0.5773469387755102,0.13156437743956473,0.022302152477126157,5.899178457079495
vggss,C3,12345,best,2385,PCPIm_NB-ec_000781,0.9858163265306122,0.9004081632653061,0.1604212836594034,0.04218571400622153,3.802739563344703
vggss,C3,12345,best,2386,PD7RisfbHqI_000000,0.9905102040816327,-0.4045918367346939,0.1122388666918851,0.012965660112270572,8.656625711302068
vggss,C3,12345,best,2387,PD9qAU6kazY_000270,0.9891836734693877,0.7777551020408163,0.1076814789691951,0.018153605799386283,5.9316854270811294
vggss,C3,12345,best,2388,PEABLpVs3gg_000010,0.9728571428571429,0.5213265306122449,0.06589364581977752,0.015691635910947657,4.199284650353453
vggss,C3,12345,best,2389,PEGpW0BhDMw_000674,0.9933673469387755,0.6456122448979592,0.1664680449801442,0.018795628855345064,8.856742504404387
vggss,C3,12345,best,2390,PEi0EBPIpsQ_000030,0.995,0.7990816326530612,0.15895067307244792,0.01994185953450852,7.970704677635037
vggss,C3,12345,best,2391,PFR3S6jN0Ng_000030,0.9795918367346939,0.730204081632653,0.20932689466105323,0.03754888603333241,5.5747830834510586
vggss,C3,12345,best,2392,PGNL08Ak-2s_000027,0.9938775510204082,0.8183673469387756,0.1194534732133787,0.023519202086895865,5.078976436872162
vggss,C3,12345,best,2393,PHNkzsSrofY_000214,0.9924489795918368,0.7859183673469388,0.13968999996662584,0.022844436193758057,6.114836837373746
vggss,C3,12345,best,2394,PHeH8KxBDic_000045,0.9624489795918367,0.14581632653061224,0.12616026051786128,0.027628094192206562,4.566375792704842
vggss,C3,12345,best,2395,PIgN2TZiL5M_000026,0.9892857142857143,0.28122448979591835,0.14466681188308209,0.016606659439746204,8.711373434734144
vggss,C3,12345,best,2396,PJHg_DV7HGE_000030,0.9901020408163266,0.4670408163265306,0.08368431168135466,0.014933268436432383,5.603884510452635
vggss,C3,12345,best,2397,PJmIra-c8cc_000173,0.9809183673469388,0.7662244897959184,0.18762941910564296,0.051534581929742786,3.6408448866712178
vggss,C3,12345,best,2398,PLSAAmBa0Rc_000310,0.9877551020408163,0.8395918367346938,0.1285264630552621,0.0324389562731127,3.96210229371012
vggss,C3,12345,best,2399,PNCwMnNW-jw_000000,0.9953061224489796,-0.6532653061224489,0.17514621031826486,0.017015417166597442,10.293383265506424
vggss,C3,12345,best,2400,PNT3hW4qFpQ_000290,0.9935714285714285,0.7882653061224489,0.11510114491071667,0.027733474923527218,4.150260478648948
vggss,C3,12345,best,2401,PNcdB7ptDis_000004,0.9745918367346939,0.07428571428571429,0.07723236913542599,0.016450315795284037,4.694886718075461
vggss,C3,12345,best,2402,PPMAUKxAcXM_000086,0.9856122448979592,-0.26755102040816325,0.0961696335654217,0.014383211052689323,6.686242259334729
vggss,C3,12345,best,2403,PQKLMe0XmXE_000069,0.9909183673469387,0.7528571428571429,0.15831122459662758,0.031320809287144244,5.054506195713374
vggss,C3,12345,best,2404,PRU9zAtcQDs_000000,0.9951020408163266,0.6509183673469388,0.20408240491204088,0.01891366457469637,10.79020959190914
vggss,C3,12345,best,2405,PRriMdEO23I_000179,0.9847959183673469,0.8509183673469388,0.13340955970423976,0.04319666837995331,3.0884224341281006
vggss,C3,12345,best,2406,PS_uJXcbJ_A_000096,0.9829591836734693,0.3283673469387755,0.10817535556388833,0.018325318474123255,5.903054602660258
vggss,C3,12345,best,2407,PSt0xAYgf4g_000000,0.9896938775510205,0.47020408163265304,0.13368505500855354,0.020374932992090873,6.561251271866627
vggss,C3,12345,best,2408,PUwNDssbDXw_000000,0.9877551020408163,-0.358265306122449,0.10454557912558766,0.014494410193776385,7.212820509969939
vggss,C3,12345,best,2409,PWLeqsU7nUI_000073,0.976326530612245,0.3939795918367347,0.12880929254348542,0.022313865271331484,5.772612273902077
vggss,C3,12345,best,2410,PWLeqsU7nUI_000131,0.9955102040816326,0.21255102040816326,0.12784316836786364,0.010526131802954131,12.145313279469367
vggss,C3,12345,best,2411,PWxH3l6Iri4_000000,0.9973469387755102,0.18622448979591838,0.1688412322946298,0.011195750398725128,15.080832126612606
vggss,C3,12345,best,2412,PX2xcfpGynA_000009,0.9924489795918368,0.7427551020408163,0.14395442703566488,0.023783370247448497,6.052734559396957
vggss,C3,12345,best,2413,PX9kGT0E7B0_000030,0.9885714285714285,0.7220408163265306,0.12576959097776397,0.02893294275833772,4.3469339440600265
vggss,C3,12345,best,2414,PZACLpEasFU_000030,0.9953061224489796,0.893673469387755,0.1538385439833778,0.020559513226019423,7.482596610735167
vggss,C3,12345,best,2415,PZW8AEqyihI_000000,0.9897959183673469,0.8517346938775511,0.09669759399758711,0.025855876499790972,3.739869116344551
vggss,C3,12345,best,2416,PZiOZeRIgxs_000372,0.9825510204081632,0.039693877551020405,0.14782490325173223,0.01828045622829245,8.086499669682496
vggss,C3,12345,best,2417,PZiPN1nOwbE_000030,0.993265306122449,0.7625510204081632,0.19619829204879247,0.04495950219218435,4.3638893333409525
vggss,C3,12345,best,2418,P_HYjo4gR0E_000010,0.9931632653061224,-0.008061224489795918,0.1350687170422937,0.01336013024393873,10.109835351610599
vggss,C3,12345,best,2419,P_utET7TCMQ_000020,0.9871428571428571,0.49683673469387757,0.09975369271774281,0.016241740103126324,6.141810673262868
vggss,C3,12345,best,2420,PaQGXIh94uc_000150,0.9861224489795918,0.7811224489795918,0.1438034068719036,0.05638332150126947,2.5504600126948156
vggss,C3,12345,best,2421,PaZ4aVEsPsE_000019,0.9845918367346939,0.7058163265306122,0.22620568816505135,0.04662640450065277,4.851450387127415
vggss,C3,12345,best,2422,Pb1AZvbd0Jc_000111,0.9976530612244898,0.9418367346938775,0.20049110972142573,0.03895832897591136,5.14629644011151
vggss,C3,12345,best,2423,Pb1AZvbd0Jc_000174,0.9940816326530613,0.4058163265306122,0.1692323571045382,0.01843994921877908,9.177484986357419
vggss,C3,12345,best,2424,Pc-XnRIIgqE_000005,0.9897959183673469,0.8395918367346938,0.14700562917539245,0.02176451435069451,6.75437213101433
vggss,C3,12345,best,2425,PdLEZFUyy84_000095,0.991734693877551,0.6691836734693878,0.1338302115491228,0.017681233122161206,7.5690541844269585
vggss,C3,12345,best,2426,PeNLnpalp9s_000030,0.9667346938775511,0.35928571428571426,0.08313836650769003,0.014584193307657208,5.700580399194209
vggss,C3,12345,best,2427,PeWX2XHqnTw_000005,0.9940816326530613,0.8308163265306122,0.2060046105818356,0.05260152094941863,3.9163242214978657
vggss,C3,12345,best,2428,PeWX2XHqnTw_000043,0.9955102040816326,0.9139795918367347,0.18451791232089199,0.04078992707380507,4.523614665626303
vggss,C3,12345,best,2429,Pf4C7fuB9hM_000090,0.9964285714285714,-0.09020408163265306,0.14647731705828473,0.014024865711939885,10.444115477953076
vggss,C3,12345,best,2430,PfF-ishRsno_000048,0.9922448979591837,0.8815306122448979,0.1827565214810142,0.04241154114950008,4.309122388097147
vggss,C3,12345,best,2431,PkDHPoMjvJ8_000030,0.9824489795918367,0.79,0.0726225879502127,0.014624375212235018,4.965859183471669
vggss,C3,12345,best,2432,Pkm7v1pHu6Y_000030,0.9925510204081632,0.9051020408163265,0.14747576919823266,0.034590964924903815,4.263418771878701
vggss,C3,12345,best,2433,PlF1Z9YWZck_000075,0.9948979591836735,0.4142857142857143,0.11367700504354981,0.01292450975678937,8.795459725954727
vggss,C3,12345,best,2434,PlGrb1DKbao_000130,0.9875510204081632,-0.5077551020408163,0.0955606550328551,0.013066465997892428,7.313427750722244
vggss,C3,12345,best,2435,PqlmyFDIeUM_000039,0.9971428571428571,0.9464285714285714,0.23676307223699228,0.04034377522812476,5.868639483990041
vggss,C3,12345,best,2436,PrAm5YVvXx8_000010,0.9924489795918368,0.7693877551020408,0.15372570929879534,0.028835792460515278,5.331072815470262
vggss,C3,12345,best,2437,PskdIQWvg3c_000021,0.9893877551020408,-0.11948979591836735,0.12907786314574216,0.011308760020403695,11.413971373771744
vggss,C3,12345,best,2438,Pswmht-tZZM_000038,0.9936734693877551,0.93,0.14688763798224244,0.032832628698112154,4.473831179733969
vggss,C3,12345,best,2439,PtXXQg3DpcI_000264,0.9955102040816326,0.7706122448979592,0.16075573559087047,0.04114355693513386,3.9071910054912093
vggss,C3,12345,best,2440,PuNLqr0oZeo_000170,0.9874489795918368,0.003979591836734694,0.0956050028738058,0.011388495726414741,8.394875422577307
vggss,C3,12345,best,2441,PuvTDLP8lwM_000030,0.9945918367346939,0.49183673469387756,0.1524706082355783,0.03084197696291583,4.943606838786886
vggss,C3,12345,best,2442,PvqxX8mqtUc_000050,0.9963265306122449,0.13448979591836735,0.1518389380404727,0.012616512349884035,12.034937535004936
vggss,C3,12345,best,2443,Pvsrn7bxz9Y_000024,0.9939795918367347,0.6028571428571429,0.19386258908115203,0.030210430873177603,6.417074615551854
vggss,C3,12345,best,2444,PwC9_vE_rqk_000120,0.9924489795918368,0.5572448979591836,0.15802781179098713,0.01792699410881692,8.815075791945807
vggss,C3,12345,best,2445,PyXQVNaAbHc_000030,0.9741836734693877,0.5172448979591837,0.07540566733530482,0.01898867524205885,3.971086259260757
vggss,C3,12345,best,2446,PyponzntqzM_000036,0.8915306122448979,-0.23224489795918368,0.09111944649706405,0.03407319690194693,2.674226511802816
vggss,C3,12345,best,2447,Pyt8O3N6-wk_000110,0.9816326530612245,-0.31785714285714284,0.12555062273743153,0.02347667799322859,5.347887072167717
vggss,C3,12345,best,2448,PzS_cNwa4xM_000000,0.9935714285714285,0.3856122448979592,0.13763467154834058,0.013218141092244597,10.4125588150284
vggss,C3,12345,best,2449,Q-aa-3xMOdg_000045,0.9908163265306122,0.19551020408163267,0.1318621238234737,0.013325813121820036,9.89524035929629
vggss,C3,12345,best,2450,Q1CMSV81_ws_000030,0.9906122448979592,0.6465306122448979,0.13428571771599881,0.021391920861867655,6.277403445118897
vggss,C3,12345,best,2451,Q22V0AgIHr8_000103,0.9597959183673469,0.051224489795918364,0.0950206948250569,0.013984943678529099,6.794499642564949
vggss,C3,12345,best,2452,Q2m7w_aktCo_000000,0.9971428571428571,0.9058163265306123,0.14526319756260564,0.025757663902801396,5.639610723657547
vggss,C3,12345,best,2453,Q3aNijPpxGU_000033,0.9929591836734694,0.476734693877551,0.16048961057510566,0.013396604361410875,11.979872380003881
vggss,C3,12345,best,2454,Q4cVLAbRVDc_000045,0.9805102040816327,-0.2963265306122449,0.12881657090598517,0.017327178280858804,7.434365181564953
vggss,C3,12345,best,2455,Q5o7RYwXkvI_000070,0.9947959183673469,0.43918367346938775,0.15070595555004637,0.016816220300600187,8.961939892323338
vggss,C3,12345,best,2456,Q5zz22v6QR4_000012,0.9933673469387755,0.7577551020408163,0.12758623181577955,0.017389432495537607,7.336998021558214
vggss,C3,12345,best,2457,Q6rij_svhuc_000030,0.9837755102040816,-0.15714285714285714,0.138369518138752,0.021918382297887624,6.312943914300067
vggss,C3,12345,best,2458,QAWuHvVCI6g_000030,0.9958163265306123,0.004489795918367347,0.1458734382976096,0.009254944382826003,15.761676382226627
vggss,C3,12345,best,2459,QAgy9r331v0_000030,0.9808163265306122,0.5406122448979592,0.12472212365683648,0.019270374496045864,6.472221060489952
vggss,C3,12345,best,2460,QAjepby044Q_000040,0.9965306122448979,0.8739795918367347,0.19981868640177028,0.04360263702826878,4.582720221077968
vggss,C3,12345,best,2461,QAoCyTYnAuc_000011,0.9952040816326531,0.5677551020408164,0.1590079477261445,0.016692971824023187,9.525442767315583
vggss,C3,12345,best,2462,QBMDnMRwQCc_000070,0.9904081632653061,0.6035714285714285,0.1407484731167244,0.026207831099396173,5.3704739084634605
vggss,C3,12345,best,2463,QBj5dyzsJkY_000007,0.996938775510204,-0.23295918367346938,0.20973849562965433,0.010130421518246375,20.703827106491524
vggss,C3,12345,best,2464,QBk4A5qgzNc_000200,0.9946938775510205,-0.4092857142857143,0.20687220869655168,0.01882621732438125,10.98851697779128
vggss,C3,12345,best,2465,QDfyTkOWfyM_000236,0.9828571428571429,0.42979591836734693,0.1543347600242203,0.018142413994637802,8.506848100249266
vggss,C3,12345,best,2466,QDqBJwoQcNY_000080,0.9855102040816327,0.40775510204081633,0.1224189761156735,0.015192763501742403,8.057716168729522
vggss,C3,12345,best,2467,QEE70zlVRoM_000019,0.9874489795918368,0.22540816326530613,0.11926178382410019,0.010773328947788308,11.070095826655681
vggss,C3,12345,best,2468,QEcZFvGVGf0_000111,0.9948979591836735,0.9554081632653061,0.17245420200842432,0.060726252777318614,2.8398624008764184
vggss,C3,12345,best,2469,QFnwnAHcttY_000030,0.9883673469387755,0.10877551020408163,0.10647296816999793,0.010494206456574373,10.145880835353218
vggss,C3,12345,best,2470,QGhPi_IvNyk_000030,0.9972448979591837,-0.6560204081632653,0.16860948418471883,0.014872092636522536,11.337307284561394
vggss,C3,12345,best,2471,QHPJK945JVg_000010,0.9879591836734694,0.7940816326530612,0.10745086389727707,0.021634681389331056,4.966602556498265
vggss,C3,12345,best,2472,QHmGUrpOgAU_000070,0.9890816326530613,0.6254081632653061,0.15148983765389706,0.034359664848211444,4.4089439848474745
vggss,C3,12345,best,2473,QJDLZ53UsLk_000320,0.9886734693877551,0.8621428571428571,0.14152124417534687,0.03360123735023595,4.211786688098053
vggss,C3,12345,best,2474,QJEw9jknWlw_000050,0.9958163265306123,0.403265306122449,0.11842261660549501,0.009429331746285949,12.558961736831419
vggss,C3,12345,best,2475,QJfusheJ-uE_000055,0.9946938775510205,0.866734693877551,0.1519773166721688,0.030362703945880087,5.005394675752869
vggss,C3,12345,best,2476,QK-mjNg8cPo_000050,0.9938775510204082,0.9185714285714286,0.1707524826383952,0.045017226293185726,3.793047610848518
vggss,C3,12345,best,2477,QKhVI1l78Uc_000014,0.9827551020408163,0.6184693877551021,0.12307227772622004,0.017465965872598736,7.046405485041079
vggss,C3,12345,best,2478,QLEBKY7baBg_000030,0.9959183673469387,0.9238775510204081,0.16289850996702665,0.039621577398821495,4.111358523849985
vggss,C3,12345,best,2479,QLEXmKz-MV4_000070,0.985,0.8311224489795919,0.11559514189964243,0.03062452856948923,3.774593350469015
vggss,C3,12345,best,2480,QMc3zhoaU-Y_000057,0.9948979591836735,0.6626530612244897,0.18711284737243716,0.020198607824055432,9.263650693271842
vggss,C3,12345,best,2481,QNRche7AZkM_000270,0.9952040816326531,0.16622448979591836,0.14544375428319936,0.010637648370083802,13.672547655573013
vggss,C3,12345,best,2482,QOEFVFFrv_Q_000077,0.9964285714285714,0.7238775510204082,0.172990834314556,0.016660680566484953,10.383179343978826
vggss,C3,12345,best,2483,QOqlkqTR82Q_000000,0.9936734693877551,0.8927551020408163,0.18233343700400959,0.030151522757981906,6.047238093662818
vggss,C3,12345,best,2484,QPPapHk6lmU_000384,0.9894897959183674,0.41959183673469386,0.18003405787187823,0.02113845171007086,8.516898983008568
vggss,C3,12345,best,2485,QPyLES56O1w_000636,0.9864285714285714,0.5711224489795919,0.1522708419046286,0.02008709972967958,7.580528993921491
vggss,C3,12345,best,2486,QRLfJ0FuEbc_000267,0.9911224489795918,-0.2710204081632653,0.15698180758135585,0.012693370856336114,12.367227693737137
vggss,C3,12345,best,2487,QS31Gm9tIig_000000,0.9936734693877551,0.7435714285714285,0.17151449505660996,0.024592920212754436,6.974141076896542
vggss,C3,12345,best,2488,QSaX7QfeWog_000030,0.9901020408163266,0.8324489795918367,0.1535827094904373,0.04810123751757324,3.1929055761679233
vggss,C3,12345,best,2489,QTT0Cc70d5k_000048,0.9470408163265306,0.4793877551020408,0.11325717790442981,0.037183371824943585,3.045909296167001
vggss,C3,12345,best,2490,QTbtvbzBs00_000038,0.9856122448979592,0.9669387755102041,0.19568108301350473,0.06816022120807912,2.8708985907796674
vggss,C3,12345,best,2491,QTbtvbzBs00_000063,0.9876530612244898,0.9692857142857143,0.1863475978368058,0.06713243299666904,2.7758207101782224
vggss,C3,12345,best,2492,QUX611hihf4_000190,0.9840816326530613,0.549795918367347,0.21355159377602012,0.06524811979134054,3.272915671117343
vggss,C3,12345,best,2493,QUte9W0g2Yo_000017,0.9895918367346939,0.6673469387755102,0.11429520068972832,0.019838550574839173,5.761267702424116
vggss,C3,12345,best,2494,QUygd54m8uc_000112,0.9876530612244898,0.9106122448979592,0.18195885390313532,0.06431010820733289,2.829397414734682
vggss,C3,12345,best,2495,QWxrKBmwNw0_000030,0.9926530612244898,0.7794897959183673,0.1441231214762573,0.023723101856231516,6.075222470892838
vggss,C3,12345,best,2496,QXnFAcMyAHA_000030,0.9908163265306122,0.8828571428571429,0.1879706514341852,0.04151756383490827,4.527497137877298
vggss,C3,12345,best,2497,Q_yoAT1Z3Yw_000022,0.9881632653061224,0.8338775510204082,0.144584585966537,0.03115429213937581,4.640920272548803
vggss,C3,12345,best,2498,QaKdsbkkmUc_000288,0.9889795918367347,-0.4490816326530612,0.1391997861605396,0.017798957149931054,7.8206708959394735
vggss,C3,12345,best,2499,Qa_6nlhGR9k_000051,0.9898979591836735,0.5929591836734693,0.08128856422739697,0.011144318292861067,7.294171082628676
vggss,C3,12345,best,2500,QayWG1ZPKGE_000012,0.9376530612244898,0.4735714285714286,0.05223054751763735,0.01508619168409952,3.462142640855285
vggss,C3,12345,best,2501,QdBB80CWUWU_000201,0.9921428571428571,-0.6512244897959184,0.17438544194983327,0.02110538484192698,8.26260422427395
vggss,C3,12345,best,2502,QdcUajqXkvs_000006,0.9605102040816327,-0.11704081632653061,0.12736998303649685,0.03198202787618992,3.982548684204032
vggss,C3,12345,best,2503,Qdr2xmK84Jo_000030,0.9866326530612245,0.6402040816326531,0.11472089191137591,0.027674639234069334,4.145343718524316
vggss,C3,12345,best,2504,Qe71m678qEU_000030,0.9855102040816327,0.9002040816326531,0.20692083496590247,0.055216961542176764,3.747414366649796
vggss,C3,12345,best,2505,QejVyYvjrrs_000010,0.9925510204081632,0.8270408163265306,0.13006954456423167,0.026201530330793973,4.964196477156311
vggss,C3,12345,best,2506,QgoTM4RZF7o_000017,0.9923469387755102,0.9055102040816326,0.17543476967482416,0.027369156259570017,6.409944391818103
vggss,C3,12345,best,2507,QiUyP9xX8jY_000160,0.9840816326530613,0.4070408163265306,0.10144123809177102,0.014181470325079366,7.153083267563324
vggss,C3,12345,best,2508,Qj3ptAKRGQg_000031,0.9964285714285714,0.5206122448979592,0.15856127400270686,0.011395535046558106,13.914333408206096
vggss,C3,12345,best,2509,Qlov2pGggJ0_000101,0.9944897959183674,0.7668367346938776,0.14444020714941638,0.022625707649087987,6.383897882426611
vggss,C3,12345,best,2510,Qm8bAH-0y3E_000024,0.9915306122448979,0.643061224489796,0.16189142766813885,0.027657788282289323,5.853375765834685
vggss,C3,12345,best,2511,QnR9JhVGgu8_000348,0.9596938775510204,0.5651020408163265,0.09616289583843263,0.01918534289557201,5.012310510260783
vggss,C3,12345,best,2512,QoffZQFqxkQ_000003,0.9962244897959184,0.746734693877551,0.14035621123140724,0.013148904618430298,10.674365302998359
vggss,C3,12345,best,2513,Qos5iZOP66A_000340,0.9703061224489796,0.3430612244897959,0.0974515546596449,0.02010805492006785,4.84639389772047
vggss,C3,12345,best,2514,Qovva-Q5vmM_000216,0.9886734693877551,-0.3663265306122449,0.09204163434925336,0.011248455391907837,8.182602067788642
vggss,C3,12345,best,2515,Qovva-Q5vmM_000424,0.9862244897959184,0.14714285714285713,0.13085016296129526,0.018090666584753716,7.233020538423495
vggss,C3,12345,best,2516,QpFdUoMjf3w_000035,0.9844897959183674,-0.41744897959183674,0.08393055795937215,0.01543200765474456,5.438732265893334
vggss,C3,12345,best,2517,QpKhFTFh0B8_000029,0.9920408163265306,0.6242857142857143,0.09262639559977807,0.011744018479001174,7.887112555672335
vggss,C3,12345,best,2518,QqdmtqL64RA_000030,0.9946938775510205,0.9537755102040816,0.19498271264371606,0.05090701338317845,3.8301738736090445
vggss,C3,12345,best,2519,QqyUVqi3fOg_000095,0.9878571428571429,-0.16040816326530613,0.10597484910743767,0.012717084562781993,8.333266055144842
vggss,C3,12345,best,2520,Qs7BbDiOqZ0_000006,0.9959183673469387,0.13795918367346938,0.20195407767166032,0.010539924010277157,19.160866575009564
vggss,C3,12345,best,2521,Qsd19T8rN_8_000190,0.99,0.5520408163265306,0.17265770875734832,0.024522074551160702,7.040909544464945
vggss,C3,12345,best,2522,Qt7FJkuqWPE_000030,0.9841836734693877,0.1689795918367347,0.08451352589573016,0.00972940840731023,8.686399250362497
vggss,C3,12345,best,2523,QtEtP5Vb_3o_000340,0.9962244897959184,0.9143877551020408,0.1346654474018787,0.02578039561848058,5.223560157678273
vggss,C3,12345,best,2524,Qu4HdM0sAOM_000059,0.981734693877551,0.4995918367346939,0.14289102142262072,0.036335008253665264,3.9325991183229387
vggss,C3,12345,best,2525,QupB4NN8fI0_000030,0.9922448979591837,0.7685714285714286,0.18293412632580572,0.037472210239473856,4.881861122061592
vggss,C3,12345,best,2526,Quqx2Iga5b8_000086,0.9954081632653061,0.6685714285714286,0.19821342971280365,0.019788364257712916,10.01666570977669
vggss,C3,12345,best,2527,QvLeTxLGV_o_000030,0.9933673469387755,0.2886734693877551,0.1474517836599568,0.014686383686888495,10.040033462532831
vggss,C3,12345,best,2528,QvpIrEHvZWI_000171,0.9868367346938776,0.2705102040816327,0.12104286747771506,0.018347418900453168,6.5972695197320315
vggss,C3,12345,best,2529,Qx5trtkwnUk_000377,0.9939795918367347,0.6259183673469387,0.129703248619748,0.015923027808647235,8.145639772688881
vggss,C3,12345,best,2530,QxOuHDxJw_o_000005,0.9835714285714285,-0.42744897959183675,0.058934980668544044,0.011089529467196905,5.314470811667451
vggss,C3,12345,best,2531,QxWre8D5a8c_000155,0.9885714285714285,-0.5324489795918367,0.11639548274325458,0.01659165455014086,7.015302927836476
vggss,C3,12345,best,2532,QyvAU6kcHBw_000083,0.9973469387755102,0.7138775510204082,0.1925237990376902,0.016391914478817764,11.745046576864256
vggss,C3,12345,best,2533,QzMsoz4XIkM_000030,0.9897959183673469,0.5930612244897959,0.1473961333505887,0.02015699941080026,7.312404507568365
vggss,C3,12345,best,2534,Qzj4QGWPtFE_000029,0.9825510204081632,0.7861224489795918,0.14140484742706022,0.020232476205010952,6.989003520589272
vggss,C3,12345,best,2535,Qzld9zDqrHI_000079,0.9876530612244898,0.7101020408163266,0.11611872170744776,0.021086646578709983,5.506741969331737
vggss,C3,12345,best,2536,R0NOe1JIC1U_000056,0.9893877551020408,-0.4603061224489796,0.10092041458266615,0.014172707214681543,7.1207577390805366
vggss,C3,12345,best,2537,R1RGIgC-xKw_000030,0.9895918367346939,0.5760204081632653,0.15512459619025115,0.02059102043939123,7.533604108978165
vggss,C3,12345,best,2538,R1Tzk_uQGJ8_000304,0.9786734693877551,0.8405102040816327,0.10414873313113124,0.028514244440733093,3.6525159678561554
vggss,C3,12345,best,2539,R1dfaoCfy88_000003,0.9907142857142858,0.8206122448979591,0.13964670538934437,0.03420010312024101,4.083224687901476
vggss,C3,12345,best,2540,R2Aq_j1TDSs_000040,0.9654081632653061,0.1236734693877551,0.1396227128558964,0.03354559167609823,4.162177677592725
vggss,C3,12345,best,2541,R2LpN5yc8DA_000271,0.9836734693877551,0.8124489795918367,0.09033834202080114,0.024782959057359187,3.6451798113258627
vggss,C3,12345,best,2542,R3urUtvSgkU_000030,0.9941836734693877,0.799795918367347,0.1845188466797797,0.03067518579785032,6.015247891105212
vggss,C3,12345,best,2543,R3ykwo65XIQ_000560,0.9859183673469388,0.7048979591836735,0.13327727334506734,0.025432786510932545,5.240372433739289
vggss,C3,12345,best,2544,R4b_-IT43P4_000030,0.9880612244897959,0.926734693877551,0.1826890904821018,0.06065242714002371,3.0120656187483017
vggss,C3,12345,best,2545,R4jlQEweREY_000030,0.9731632653061224,0.15785714285714286,0.14002050729855675,0.027338586310419962,5.1217171842272124
vggss,C3,12345,best,2546,R5FhPTwWpm8_000140,0.9959183673469387,0.935204081632653,0.1683347322925113,0.0481003780930655,3.4996550747857773
vggss,C3,12345,best,2547,R5dvHVDSXog_000048,0.9874489795918368,0.9298979591836735,0.11951383308356017,0.03791792478006843,3.1519085967062908
vggss,C3,12345,best,2548,R60qQ3ag8y8_000100,0.9864285714285714,0.7259183673469388,0.18221296346410273,0.04285653015187097,4.251696598357204
vggss,C3,12345,best,2549,R6hwadNOJcg_000052,0.9944897959183674,0.7772448979591837,0.1657729696777845,0.04363943508785633,3.798696507964527
vggss,C3,12345,best,2550,R6hwadNOJcg_000156,0.9911224489795918,0.7095918367346938,0.16292683880230793,0.035936737996196434,4.533712515018815
vggss,C3,12345,best,2551,R9qOM83klNc_000081,0.9783673469387755,-0.6661224489795918,0.11236087600853484,0.018468735884404647,6.083842267916913
vggss,C3,12345,best,2552,RCfTxRhPoNE_000071,0.9920408163265306,0.2016326530612245,0.17023354823407072,0.021961832134120177,7.751336372778924
vggss,C3,12345,best,2553,RCk6hxXs03M_000240,0.9888775510204082,-0.6070408163265306,0.15346512791140582,0.02140220247181991,7.170529673918933
vggss,C3,12345,best,2554,RDCeLCJp7NM_000000,0.9959183673469387,0.8238775510204082,0.17917873946966859,0.016001476588990166,11.197637822558995
vggss,C3,12345,best,2555,RDG7jY7P_8M_000088,0.9865306122448979,0.4626530612244898,0.11841959536764593,0.022426781548383512,5.2802759554315735
vggss,C3,12345,best,2556,RDnrb0xSkrs_000070,0.9641836734693877,-0.30826530612244896,0.08474223807129783,0.015892579774540953,5.332188938076012
vggss,C3,12345,best,2557,REDLY6m3Muw_000042,0.9873469387755102,0.6118367346938776,0.1395317422275287,0.020342479993135387,6.859131348518666
vggss,C3,12345,best,2558,RF3rog2YjYw_000030,0.9986734693877551,0.4683673469387755,0.1655982376856989,0.010492689490176425,15.782248949684158
vggss,C3,12345,best,2559,RFbWkL818XQ_000030,0.9809183673469388,0.9289795918367347,0.21238472363080588,0.08850663187854563,2.399647564515319
vggss,C3,12345,best,2560,RFeU64gTvGQ_000000,0.9830612244897959,-0.13704081632653062,0.13235603201546453,0.02288343404296302,5.783923504093385
vggss,C3,12345,best,2561,RGWC7icTM_E_000031,0.9803061224489796,0.12428571428571429,0.10572066850737391,0.021802862653202096,4.84893521502082
vggss,C3,12345,best,2562,RHYNFIUe7H8_000001,0.9885714285714285,0.17561224489795918,0.1337632296396031,0.017894523224766107,7.475093242745587
vggss,C3,12345,best,2563,RIQzc8Gx0q4_000026,0.9874489795918368,-0.08469387755102041,0.07531852944221466,0.012961397193958113,5.810988454032101
vggss,C3,12345,best,2564,RJFdWGEdzP4_000160,0.9924489795918368,0.756938775510204,0.18774870967038584,0.025939054028447015,7.23807080491387
vggss,C3,12345,best,2565,RJtn6Td3rco_000068,0.9945918367346939,0.9205102040816326,0.20122450512349346,0.045188291126789695,4.453023119615124
vggss,C3,12345,best,2566,RMX2aviLZdo_000070,0.9768367346938776,0.42520408163265305,0.1028994220986391,0.01967390560187335,5.230248847429714
vggss,C3,12345,best,2567,RObYRwt7b8U_000189,0.9931632653061224,0.36244897959183675,0.15221160268849498,0.014508396229361344,10.49127693248803
vggss,C3,12345,best,2568,RQIVLqDLQzA_000050,0.9625510204081633,0.336734693877551,0.09318613554259206,0.022610233888608815,4.121414046474762
vggss,C3,12345,best,2569,RSXUYIi95wo_000030,0.9897959183673469,-0.01989795918367347,0.12895320099917154,0.014486702845727301,8.901487272323317
vggss,C3,12345,best,2570,RSgmATBcCwE_000110,0.9976530612244898,0.4620408163265306,0.13448093232285727,0.011878300904657196,11.321563025072932
vggss,C3,12345,best,2571,RSryuuvUfDM_000050,0.9921428571428571,0.9336734693877551,0.22265171469154982,0.06534502754369001,3.407324521252727
vggss,C3,12345,best,2572,RTLGAJZ8WzM_000219,0.9956122448979592,-0.26377551020408163,0.2320068763624081,0.013984071464942764,16.59079595982011
vggss,C3,12345,best,2573,RWVuRwtjGek_000210,0.9708163265306122,0.1536734693877551,0.11794189146538007,0.03563677301668754,3.3095558739325734
vggss,C3,12345,best,2574,RXIRbazT2Rs_000270,0.9874489795918368,0.5459183673469388,0.12100207287281148,0.021679402110228535,5.581430348382238
vggss,C3,12345,best,2575,RXSyVeHp2yA_000000,0.9948979591836735,0.544795918367347,0.14148177268459558,0.013366118564386272,10.585105317079158
vggss,C3,12345,best,2576,RYO6ukdw9PM_000085,0.9933673469387755,0.8125510204081633,0.13242719178857565,0.029030820330824738,4.561606950113129
vggss,C3,12345,best,2577,RZMgq7-EbUA_000024,0.9971428571428571,0.6930612244897959,0.16517223034685502,0.01114264246115125,14.823434470120253
vggss,C3,12345,best,2578,RZajsvjHx74_000054,0.9945918367346939,0.8895918367346939,0.24445352617980917,0.047251886852980894,5.173413009736516
vggss,C3,12345,best,2579,RZlDaLFuxxQ_000046,0.9952040816326531,0.3563265306122449,0.17256000259412976,0.014595036830468745,11.823197474492957
vggss,C3,12345,best,2580,RasfE1VmcKM_000172,0.9794897959183674,0.7040816326530612,0.12104624185891054,0.02740744467076733,4.416546063048992
vggss,C3,12345,best,2581,RcVJVUfXWgU_000120,0.9666326530612245,0.05979591836734694,0.14463053468380216,0.023608646928162093,6.126167887718989
vggss,C3,12345,best,2582,RczMLTHyBKE_000250,0.9824489795918367,0.7141836734693877,0.13049265113948502,0.026225930536788605,4.975711003140024
vggss,C3,12345,best,2583,RdhHK4SbzTo_000030,0.9645918367346938,0.7771428571428571,0.15070993237391253,0.05135217770098353,2.93483040293783
vggss,C3,12345,best,2584,Rdu3_LWIlgE_000400,0.9840816326530613,0.6212244897959184,0.11053855123466462,0.023853075453000198,4.63414252189276
vggss,C3,12345,best,2585,RfbXTxSx8jo_000350,0.9931632653061224,-0.0676530612244898,0.09792086634528012,0.011555604466417901,8.473885258867329
vggss,C3,12345,best,2586,Rg-vGSWc0sk_000458,0.9875510204081632,0.3839795918367347,0.1060446474056014,0.014031106235364387,7.557825137003349
vggss,C3,12345,best,2587,Rg971GlT_Ro_000021,0.9822448979591837,0.5398979591836734,0.09958618425015024,0.02194700743119462,4.537574635738371
vggss,C3,12345,best,2588,RgyqhpOJFM4_000030,0.9781632653061224,0.8074489795918367,0.11870681346817755,0.03363002167633587,3.529787004321406
vggss,C3,12345,best,2589,Rhl5nDCU0u0_000060,0.9855102040816327,0.8818367346938776,0.21118524975940645,0.05656456954767175,3.733525269407783
vggss,C3,12345,best,2590,RhmN8ktt5FI_000320,0.981938775510204,0.6481632653061224,0.09416818959345326,0.02584295266104316,3.643863409439536
vggss,C3,12345,best,2591,RhsXiHgKzyY_000023,0.9389795918367347,-0.05316326530612245,0.06895568263331193,0.020623299957448105,3.343581423709477
vggss,C3,12345,best,2592,Ri47GANmuQ4_000016,0.9874489795918368,0.6826530612244898,0.16688267891242972,0.03390831695047718,4.921585437465402
vggss,C3,12345,best,2593,Rj0cmUyZfR4_000030,0.9943877551020408,0.7584693877551021,0.1811203514821784,0.019270717043570904,9.39873441515783
vggss,C3,12345,best,2594,Rj8hpFBBSi0_000092,0.9546938775510204,0.13673469387755102,0.11887974456582832,0.026771555577734755,4.4405243550620455
vggss,C3,12345,best,2595,RliBuXFTL-o_000036,0.9841836734693877,0.44755102040816325,0.08986599291520422,0.01560503813031972,5.758780732525069
vggss,C3,12345,best,2596,Rm2XQrio0QE_000099,0.9609183673469388,-0.3426530612244898,0.12628491990304544,0.03218748286562195,3.923417075832446
vggss,C3,12345,best,2597,RnXiQh8x--c_000126,0.9785714285714285,-0.4926530612244898,0.09137389471627588,0.018185692969475066,5.024493422914827
vggss,C3,12345,best,2598,RncwRj1HhQc_000337,0.988265306122449,0.681530612244898,0.14008688138253247,0.025360899451765773,5.523734741702105
vggss,C3,12345,best,2599,Rnf7M43L6NI_000195,0.9744897959183674,0.9187755102040817,0.1548333183515562,0.045764943568551535,3.3832297448292623
vggss,C3,12345,best,2600,RoS465ZH1lg_000013,0.9960204081632653,0.7695918367346939,0.1566835552977982,0.014099580446985638,11.112639548880741
vggss,C3,12345,best,2601,Rp37k5_Eci0_000030,0.9935714285714285,0.8804081632653061,0.16247267886180664,0.021435619146444113,7.579565477060583
vggss,C3,12345,best,2602,RpGRpTpEHTs_000109,0.9939795918367347,-0.186734693877551,0.16490512592390102,0.014649246070154304,11.256901900219363
vggss,C3,12345,best,2603,RpkcGOcFHIs_000002,0.965204081632653,-0.26877551020408164,0.09827156998000383,0.023612325525321182,4.1618759606977385
vggss,C3,12345,best,2604,RplzKlSlbR0_000023,0.9901020408163266,-0.013877551020408163,0.10169085233595458,0.009867440538084183,10.305696998473975
vggss,C3,12345,best,2605,RrXvtCBYmFM_000051,0.9913265306122448,0.821530612244898,0.10262381455039776,0.026482606029694926,3.87514032551501
vggss,C3,12345,best,2606,RrZHOh77F3Q_000042,0.9915306122448979,-0.018877551020408164,0.12028001371300648,0.012686471662420748,9.480966569238799
vggss,C3,12345,best,2607,RrlgSfQrqQc_000020,0.9720408163265306,0.7622448979591837,0.10067298464099303,0.027450893216908724,3.667384658324423
vggss,C3,12345,best,2608,RtXrVvUM8Jo_000013,0.99,0.42448979591836733,0.08006230283672006,0.010943003894708401,7.316300314526525
vggss,C3,12345,best,2609,Rtg1SUrxOPY_000130,0.9926530612244898,0.5166326530612245,0.12947974819587263,0.015296264336702139,8.464795413164804
vggss,C3,12345,best,2610,RuCO6UGsRHI_000313,0.9921428571428571,0.6402040816326531,0.1797895588003391,0.019320609953558856,9.30558399721857
vggss,C3,12345,best,2611,RuHSkgQf3uw_000019,0.9546938775510204,0.7905102040816326,0.16559186208721244,0.05616529638578261,2.948294992513019
vggss,C3,12345,best,2612,RwBKGPEg6uA_000440,0.9898979591836735,0.6270408163265306,0.13210625263202658,0.016598249756070427,7.959047163012579
vggss,C3,12345,best,2613,Rx_RzJ4-Jbg_000070,0.9864285714285714,-0.3454081632653061,0.18525709192309567,0.012576312281941726,14.730637071497148
vggss,C3,12345,best,2614,RxhbTLS3rNo_000002,0.8990816326530612,0.6516326530612245,0.07100812374222501,0.032796563298369094,2.165108676059241
vggss,C3,12345,best,2615,Ry5c8frvq1g_000390,0.9737755102040816,-0.5518367346938775,0.12338725488446793,0.02817534400994785,4.379263473798356
vggss,C3,12345,best,2616,Rz7RBslEAG0_000030,0.9740816326530612,0.7883673469387755,0.15876633786935357,0.040006647468200617,3.9684989349719793
vggss,C3,12345,best,2617,RzGho0_J5lM_000060,0.9855102040816327,0.6794897959183673,0.13082058394576804,0.029241341882402107,4.473822865991588
vggss,C3,12345,best,2618,S0sPNaWcdrs_000043,0.993061224489796,0.953265306122449,0.14701042543737566,0.04692133642864248,3.1331252821612985
vggss,C3,12345,best,2619,S1glY1D9qDU_000035,0.991734693877551,0.8840816326530613,0.11530845776946792,0.02673322025809332,4.313302200641503
vggss,C3,12345,best,2620,S63LEKmzBis_000039,0.9939795918367347,0.551530612244898,0.14639054407034036,0.015478293073396824,9.457796371742552
vggss,C3,12345,best,2621,S6R2DpF6zzM_000018,0.9865306122448979,0.6103061224489796,0.14316533550618782,0.02571025665754092,5.568413315088275
vggss,C3,12345,best,2622,S6R2DpF6zzM_000060,0.9907142857142858,0.9302040816326531,0.13154261917679622,0.03362156614510644,3.912447701248504
vggss,C3,12345,best,2623,S7C51ZWaw6A_000034,0.9842857142857143,0.6091836734693877,0.11945674805226898,0.018137164957699563,6.586296608696685
vggss,C3,12345,best,2624,S7WDWv7kqhg_000197,0.9913265306122448,-0.35806122448979594,0.14937230126645828,0.013745432899065107,10.867049613011302
vggss,C3,12345,best,2625,S86Ql_59KMI_000211,0.9824489795918367,0.8852040816326531,0.1552158785432295,0.05281035464320595,2.9391182769343134
vggss,C3,12345,best,2626,S8RC6WZFqjk_000072,0.9762244897959184,0.8564285714285714,0.15706042898784814,0.055062759184163625,2.852389370146559
vggss,C3,12345,best,2627,SA18ixsI9fI_000044,0.9978571428571429,0.8387755102040816,0.15983677040548952,0.017472258206770615,9.148031611824035
vggss,C3,12345,best,2628,SAFlijpaj0Q_000024,0.985204081632653,-0.2113265306122449,0.16928784963317392,0.029683986460403575,5.703002521544485
vggss,C3,12345,best,2629,SB1dEgUQh3w_000187,0.9637755102040816,-0.08846938775510205,0.11129181646560088,0.02390648462410967,4.655298268042436
vggss,C3,12345,best,2630,SBeC9TISHz8_000030,0.9933673469387755,0.9005102040816326,0.18798800726435502,0.05897092784125365,3.187808198819729
vggss,C3,12345,best,2631,SCxlAcrMark_000021,0.9952040816326531,0.7212244897959184,0.1507004881900058,0.016577714283328424,9.090546839835426
vggss,C3,12345,best,2632,SDhI4yyHlEM_000508,0.9909183673469387,0.05040816326530612,0.19025810726812561,0.01673362991332283,11.369804893118117
vggss,C3,12345,best,2633,SDtPpEVplNY_000080,0.9794897959183674,-0.1470408163265306,0.11126803352475877,0.01985808388561252,5.6031606153791165
vggss,C3,12345,best,2634,SGFYFPs3Fic_000550,0.981326530612245,0.47520408163265304,0.1235961664720656,0.016652792335411358,7.421948462615746
vggss,C3,12345,best,2635,SGb_Uw_pKzk_000070,0.9696938775510204,-0.22010204081632653,0.09705937379978855,0.02038160580482218,4.762106319258947
vggss,C3,12345,best,2636,SHk3gJAnm8U_000529,0.9939795918367347,-0.7020408163265306,0.18459246327972262,0.020937374729652354,8.816409204268352
vggss,C3,12345,best,2637,SHkCnBJoZkc_000010,0.9905102040816327,0.8357142857142857,0.18392346873631732,0.03282139276372769,5.6037679467270785
vggss,C3,12345,best,2638,SIZ5WUVzAMk_000216,0.9320408163265306,0.7518367346938776,0.07300188370870958,0.037347489536856446,1.9546664210633897
vggss,C3,12345,best,2639,SJ9TY-iqD9Q_000010,0.9667346938775511,-0.27979591836734696,0.0916890231323162,0.024614153171817,3.7250529194438977
vggss,C3,12345,best,2640,SJVuopldMyU_000030,0.9951020408163266,0.8906122448979592,0.17324592602084712,0.026986325592796543,6.419767130768319
vggss,C3,12345,best,2641,SJrVTQPbMXs_000016,0.9962244897959184,-0.5339795918367347,0.14775267440964135,0.011214772776379018,13.174825505233924
vggss,C3,12345,best,2642,SL5xjLgQp1c_000070,0.978265306122449,0.3227551020408163,0.17541247081847078,0.02226367962965206,7.8788625122347815
vggss,C3,12345,best,2643,SLQAve85lDU_000188,0.9829591836734693,-0.04357142857142857,0.10107328531652235,0.015234453699672095,6.634519839638085
vggss,C3,12345,best,2644,SNhfvhWPXNc_000030,0.9895918367346939,0.8702040816326531,0.2244221993604408,0.0668216598630773,3.3585247630827952
vggss,C3,12345,best,2645,SPXhFGrgAoc_000091,0.953469387755102,0.788469387755102,0.07728398294005484,0.03268680508168245,2.3643786153748154
vggss,C3,12345,best,2646,SQkoFk_gnE8_000005,0.9870408163265306,0.666530612244898,0.12731003112278894,0.028725660414788745,4.431927039604155
vggss,C3,12345,best,2647,SRjsxeOWFnw_000030,0.9966326530612245,0.888061224489796,0.1295124738246728,0.014302421932132764,9.05528269542248
vggss,C3,12345,best,2648,SSor5MN-QJM_000056,0.9880612244897959,0.6428571428571429,0.12067824121029397,0.02120977858641879,5.6897454501277815
vggss,C3,12345,best,2649,STdAr1JNXIU_000190,0.9947959183673469,0.815204081632653,0.15074495392525472,0.01856517599274097,8.119769722850803
vggss,C3,12345,best,2650,STrIfVNpIGc_000006,0.9903061224489796,0.6559183673469388,0.1314112527683923,0.021106855224279738,6.225998680145714
vggss,C3,12345,best,2651,SUFOgc9Pkd8_000030,0.9630612244897959,0.15959183673469388,0.0871110914065927,0.02060321740775349,4.228033402870888
vggss,C3,12345,best,2652,SUu1E8uOGR4_000028,0.9779591836734693,0.17520408163265305,0.11083120813147458,0.018327509367530966,6.047259663542896
vggss,C3,12345,best,2653,SVoLykPMwAs_000030,0.9968367346938776,0.42887755102040814,0.16122924799740293,0.011550527132216175,13.958605191940553
vggss,C3,12345,best,2654,SVvXfuS5eyY_000028,0.9762244897959184,-0.5626530612244898,0.14938548909544752,0.02788874159129988,5.356480090950018
vggss,C3,12345,best,2655,SX07l57Ylmc_000031,0.9801020408163266,-0.1060204081632653,0.10186070676681318,0.022458715417984436,4.53546451215306
vggss,C3,12345,best,2656,SX5-0_j1leg_001008,0.9717346938775511,0.4490816326530612,0.1083784610178651,0.023846778247303777,4.544784200780617
vggss,C3,12345,best,2657,SXeSsEP3ieo_000145,0.9944897959183674,-0.07153061224489796,0.21950497999761698,0.015426840907647659,14.228770576664221
vggss,C3,12345,best,2658,SYH5NqTtNsI_000030,0.9909183673469387,0.7646938775510204,0.1465902919822332,0.020524342730617855,7.142264865980452
vggss,C3,12345,best,2659,SZVguke6__M_000100,0.9956122448979592,0.9528571428571428,0.13092418079995932,0.032165822240367556,4.070288638095242
vggss,C3,12345,best,2660,SaUx9CZGCzU_000039,0.9923469387755102,0.8368367346938775,0.19107619986462743,0.03192960633965513,5.984295510318253
vggss,C3,12345,best,2661,Sa_ovp-50Tc_000030,0.980204081632653,0.5521428571428572,0.10353816027218987,0.017437324835324675,5.937731919889536
vggss,C3,12345,best,2662,Sb5nf9DkzTs_000050,0.9811224489795919,-0.5476530612244898,0.13158178810198595,0.021251130870232032,6.191754636752151
vggss,C3,12345,best,2663,ScNLWuogqpI_000150,0.988265306122449,0.2919387755102041,0.15808694723375846,0.016767211918777097,9.428338354614677
vggss,C3,12345,best,2664,ScQ2F8LTkuY_000021,0.9834693877551021,0.03530612244897959,0.12071498523585847,0.01513203475933008,7.9774456744112525
vggss,C3,12345,best,2665,SdeVFx40BKQ_000090,0.9881632653061224,0.836530612244898,0.17037824509778915,0.05298501471949026,3.215593050219846
vggss,C3,12345,best,2666,SdtxQcBJjBs_000060,0.9883673469387755,0.8969387755102041,0.16120356313357526,0.04397963268820943,3.6654140400948045
vggss,C3,12345,best,2667,Sem8fMv0bKQ_000212,0.9814285714285714,0.6402040816326531,0.12001960396722709,0.029823767681699115,4.024293819887661
vggss,C3,12345,best,2668,Sevpt7V3RiI_000004,0.9915306122448979,0.3539795918367347,0.12351067881764857,0.016642684195270437,7.421319624195488
vggss,C3,12345,best,2669,SgCRYHWzTmU_000012,0.9957142857142857,-0.06836734693877551,0.12601467313736675,0.012858597346985284,9.80003259585005
vggss,C3,12345,best,2670,Sgdq22nyfTM_000240,0.9959183673469387,-0.11438775510204081,0.1178537429885458,0.010274452565106364,11.470561788254821
vggss,C3,12345,best,2671,SkFx45lxlvA_000060,0.9978571428571429,0.5830612244897959,0.17777830124141544,0.01864337071662065,9.5357381421872
vggss,C3,12345,best,2672,SkQb0gnQg6s_000218,0.9970408163265306,-0.3386734693877551,0.1451564377580511,0.009431670390380849,15.3903213057671
vggss,C3,12345,best,2673,Skrr-UgHeHg_000008,0.9936734693877551,0.333265306122449,0.18066852444057313,0.019800970197009927,9.124225865854555
vggss,C3,12345,best,2674,Slcg717UTrM_000004,0.9894897959183674,0.5119387755102041,0.19343690296197688,0.018822624507917007,10.276829508053734
vggss,C3,12345,best,2675,SmtW2FlpPX4_000057,0.9911224489795918,0.5823469387755102,0.14237304544232965,0.01549520528878162,9.188200013420046
vggss,C3,12345,best,2676,SmuyUnEZaJw_000030,0.9696938775510204,0.2990816326530612,0.061291864118894646,0.013704447104547811,4.472406923921431
vggss,C3,12345,best,2677,SmzESvmFENY_000014,0.9935714285714285,-0.32877551020408163,0.11704693196720635,0.01045862663355009,11.19142465529203
vggss,C3,12345,best,2678,SmzESvmFENY_000024,0.996734693877551,0.7904081632653062,0.21103890537237768,0.014981840926508916,14.086313318075938
vggss,C3,12345,best,2679,So8G7UXguNA_000077,0.9953061224489796,0.7244897959183674,0.13586719390583948,0.02180922540135183,6.229803736973522
vggss,C3,12345,best,2680,SqEWh1M2SIc_000030,0.9737755102040816,0.87,0.09262799493949415,0.03672467802708294,2.5222275569355523
vggss,C3,12345,best,2681,Sr35u7b1OFI_000039,0.993061224489796,0.30887755102040815,0.1765368042903621,0.020572083614859148,8.581376957016165
vggss,C3,12345,best,2682,StO32FBBIH4_000011,0.9973469387755102,0.6612244897959184,0.132987810847748,0.009044137411662953,14.704311179112816
vggss,C3,12345,best,2683,StmGbhL9dgQ_000064,0.9934693877551021,0.893673469387755,0.16111717295315556,0.0313709697142777,5.135868429334117
vggss,C3,12345,best,2684,SuRVsbK22io_000320,0.9975510204081632,-0.7169387755102041,0.17433684574995717,0.01457340706669585,11.962669055499292
vggss,C3,12345,best,2685,SvsCM0fLM5g_000030,0.981734693877551,0.8684693877551021,0.11247776523371093,0.04356679290259431,2.581731583621183
vggss,C3,12345,best,2686,SwRjY1-ojAU_000030,0.9929591836734694,0.7385714285714285,0.11710306591519795,0.017970630609091393,6.516358188118072
vggss,C3,12345,best,2687,Swien0oGl7o_000090,0.9947959183673469,0.9233673469387755,0.2130159482397236,0.06442478766784045,3.3064284097913585
vggss,C3,12345,best,2688,Sx3WV9GSOmc_000060,0.9783673469387755,0.8972448979591837,0.15969919391928838,0.067463116422563,2.367207481477643
vggss,C3,12345,best,2689,SyWbd9bOCps_000096,0.9955102040816326,0.31285714285714283,0.10610428033214547,0.010970992650906642,9.671347316359475
vggss,C3,12345,best,2690,T-28g9G-WKo_000000,0.9923469387755102,0.4240816326530612,0.12368861833249434,0.012131378727944,10.195759369673624
vggss,C3,12345,best,2691,T-3hHhrPBeg_000087,0.993061224489796,-0.12857142857142856,0.10627065636935164,0.011236333082846621,9.457770216120092
vggss,C3,12345,best,2692,T0DQyRrjewU_000003,0.9874489795918368,0.6354081632653061,0.14010989613524333,0.01935909989495933,7.237417901424475
vggss,C3,12345,best,2693,T0nvf328Ll4_000013,0.9918367346938776,0.8501020408163266,0.18324020231421395,0.02986783817377056,6.135033986997173
vggss,C3,12345,best,2694,T1_nZvxh5kI_000008,0.9955102040816326,0.8647959183673469,0.1786641824519503,0.03189138746206497,5.6022706025089875
vggss,C3,12345,best,2695,T1rrvpQtj-U_000004,0.9979591836734694,0.6551020408163265,0.1391566385246936,0.009718682679468807,14.31846713327402
vggss,C3,12345,best,2696,T29-jYwTQ9A_000056,0.9865306122448979,0.5930612244897959,0.08666264316427405,0.014982780786148696,5.784149444700684
vggss,C3,12345,best,2697,T6cqaSkv9MQ_000084,0.9952040816326531,0.5857142857142857,0.1386457846629687,0.017985001228346075,7.708967205654106
vggss,C3,12345,best,2698,T7fsXVDXFQo_000300,0.9942857142857143,0.8839795918367347,0.18265105875566515,0.038497988171572295,4.744431265905433
vggss,C3,12345,best,2699,T834Iasgjs4_000336,0.9879591836734694,0.9313265306122449,0.11558439622668808,0.041856308315630246,2.761457015155009
vggss,C3,12345,best,2700,T9dKp1EN4p8_000030,0.9798979591836735,0.4940816326530612,0.17096290776382062,0.03383873321354497,5.052284513280408
vggss,C3,12345,best,2701,TAHDbSl7F_4_000290,0.9927551020408163,0.9096938775510204,0.17829345134109342,0.03392925658509618,5.254858764556925
vggss,C3,12345,best,2702,TAexBL5eToE_000022,0.9833673469387755,0.47459183673469385,0.10370691965538305,0.02268909823040781,4.570781906016679
vggss,C3,12345,best,2703,TAexBL5eToE_000052,0.9720408163265306,0.6077551020408163,0.08017630641062218,0.02424729849361766,3.3066078034105972
vggss,C3,12345,best,2704,TB3VhNczX88_000010,0.9933673469387755,0.5462244897959184,0.15959421855799405,0.01603049497687178,9.955663801289406
vggss,C3,12345,best,2705,TDORLm3QYyA_000003,0.9929591836734694,0.815204081632653,0.1381142223770216,0.02638099565898543,5.235368071863488
vggss,C3,12345,best,2706,TGJje4EKoKM_000030,0.9940816326530613,-0.21387755102040817,0.1270429723371971,0.013192443583642181,9.629980339254404
vggss,C3,12345,best,2707,TGrNNgXVp44_000077,0.9951020408163266,0.7778571428571428,0.13657834557096182,0.023547592925583716,5.8000979549197895
vggss,C3,12345,best,2708,THgnXOLqpTg_000365,0.9940816326530613,0.1496938775510204,0.12677557905417025,0.012766965297522503,9.929969738287902
vggss,C3,12345,best,2709,THhP1idrWXA_000030,0.9929591836734694,-0.7061224489795919,0.12899599818216925,0.019320190105317346,6.676745802137148
vggss,C3,12345,best,2710,TIllmI1n5cw_000129,0.9903061224489796,-0.32724489795918366,0.10154130060390212,0.014775606512688519,6.872225550721303
vggss,C3,12345,best,2711,TM23x21Qs2Q_000030,0.993061224489796,0.8203061224489796,0.12307042496301206,0.029673515786262438,4.147483764629885
vggss,C3,12345,best,2712,TMWj5Y6djcM_000040,0.9843877551020408,0.8689795918367347,0.09225924710064834,0.02749214960696415,3.3558397004095224
vggss,C3,12345,best,2713,TNCJ68vFKg8_000120,0.9910204081632653,0.023571428571428573,0.14377844599436812,0.016529347244731613,8.698374101868694
vggss,C3,12345,best,2714,TNERQa_7oB8_000013,0.9845918367346939,0.886734693877551,0.09652447287982106,0.021163814034642448,4.560825979751234
vggss,C3,12345,best,2715,TO7d2wx7Cq8_000058,0.9968367346938776,0.8379591836734694,0.12024219137289088,0.01767011039701242,6.804835321980834
vggss,C3,12345,best,2716,TOEwQXeyNe8_000210,0.9931632653061224,0.9064285714285715,0.1683388261622283,0.031498909016499814,5.344274815170544
vggss,C3,12345,best,2717,TOEwQXeyNe8_000227,0.9775510204081632,0.3168367346938776,0.1342389496893763,0.01916733721406189,7.003526269204127
vggss,C3,12345,best,2718,TP50fDa5Cls_000000,0.9628571428571429,0.5028571428571429,0.11014394668276029,0.02438765841528642,4.516380572795009
vggss,C3,12345,best,2719,TPeA5xENWIM_000065,0.9872448979591837,0.6342857142857142,0.1192709374399474,0.02577919365709218,4.626635690256917
vggss,C3,12345,best,2720,TR4-xSB97w8_000030,0.9872448979591837,0.4853061224489796,0.14616874702693627,0.023127901583173262,6.320017685187728
vggss,C3,12345,best,2721,TRW3OqA1cXE_000030,0.990204081632653,0.8363265306122449,0.1680257485267817,0.049812108656178376,3.3731908377249726
vggss,C3,12345,best,2722,TRvyzeR1xzI_000190,0.9666326530612245,0.22040816326530613,0.12088870378365474,0.032327573861055406,3.7394919984789747
vggss,C3,12345,best,2723,TSpGd9p17n0_000202,0.9959183673469387,0.9678571428571429,0.18851689054535747,0.03427320235647938,5.500416581578003
vggss,C3,12345,best,2724,TUpX4p-Ej_o_000336,0.9938775510204082,0.7702040816326531,0.1600554685722352,0.029475773906259304,5.4300684040138725
vggss,C3,12345,best,2725,TW_dVmqr9ac_000107,0.9938775510204082,0.11469387755102041,0.09248519651052903,0.009523693331610138,9.71106411034477
vggss,C3,12345,best,2726,TXW3Qm9qT0c_000030,0.9807142857142858,-0.08122448979591837,0.13078969078797117,0.02180467786063714,5.99823999345017
vggss,C3,12345,best,2727,TY7UehpsaFQ_000144,0.9920408163265306,0.83,0.19798062433877056,0.036065378373559526,5.489492506861244
vggss,C3,12345,best,2728,TYa0xjMBupM_000613,0.9936734693877551,0.8174489795918367,0.10434124501255547,0.019455515256052165,5.363067677176902
vggss,C3,12345,best,2729,TZGKriaJKAY_000163,0.9721428571428572,-0.26285714285714284,0.06936633508120132,0.013741251961188482,5.048036036099423
vggss,C3,12345,best,2730,TZl2cGkWZL4_000030,0.8863265306122449,-0.2706122448979592,0.06341199187989173,0.023789533938434648,2.665541579923202
vggss,C3,12345,best,2731,T_kADs0ZIeM_000713,0.9918367346938776,0.6696938775510204,0.10094896553179696,0.01480098197588061,6.820423516243815
vggss,C3,12345,best,2732,Ta3F2prvIZY_000091,0.9842857142857143,0.18010204081632653,0.11199958223488653,0.017560843733831884,6.3778018831244125
vggss,C3,12345,best,2733,Ta5bgIdRUjE_000048,0.9954081632653061,0.8662244897959184,0.18761300640209705,0.028672806870505736,6.543238241355612
vggss,C3,12345,best,2734,Ta9R_TuzIUM_000153,0.9912244897959184,0.8092857142857143,0.0956514827534207,0.01632806683121311,5.858102109832813
vggss,C3,12345,best,2735,Ta9R_TuzIUM_000341,0.9981632653061224,-0.8318367346938775,0.12363240791682524,0.011733819054489905,10.536416774683238
vggss,C3,12345,best,2736,TauSQlIbIME_000030,0.9898979591836735,0.2496938775510204,0.14109210767588884,0.021483039388544838,6.567604570474409
vggss,C3,12345,best,2737,TdGJdqDxrNc_000091,0.9774489795918367,0.6586734693877551,0.12048877780167634,0.04256680041412576,2.830581030978599
vggss,C3,12345,best,2738,TdpZLhPN_WM_000074,0.9922448979591837,0.6853061224489796,0.1428441927864084,0.028101062592075964,5.083231010157178
vggss,C3,12345,best,2739,TeUgb183cGM_000024,0.9843877551020408,0.7046938775510204,0.1289372375067086,0.027493765385987898,4.689690033232807
vggss,C3,12345,best,2740,TeweFm49s4M_000090,0.9648979591836735,0.6727551020408163,0.0844515017513673,0.029798467756092028,2.834088733777325
vggss,C3,12345,best,2741,Tf5WWrpzSj8_000095,0.9928571428571429,0.8585714285714285,0.1897168552310411,0.03730051357620785,5.086172737097434
vggss,C3,12345,best,2742,ThVGE9TjEjM_000136,0.9789795918367347,0.04030612244897959,0.09450527780205475,0.018081757752019683,5.226553695616167
vggss,C3,12345,best,2743,Ti0Ck0xTdw4_000030,0.9972448979591837,0.35306122448979593,0.17617870971857041,0.011481722607001765,15.344275049036058
vggss,C3,12345,best,2744,Ti2XbGtfyNg_000225,0.9773469387755102,0.740204081632653,0.12371417577483192,0.03350629419570583,3.692266744040203
vggss,C3,12345,best,2745,TipVfZMxZbk_000010,0.9740816326530612,0.48346938775510206,0.11392089303960747,0.027087843549122612,4.205609532298758
vggss,C3,12345,best,2746,TkrtTUPxHNI_000030,0.9877551020408163,0.666734693877551,0.18423647123394835,0.025425347776526646,7.246173104622795
vggss,C3,12345,best,2747,TmJZxQ_Lo8M_000147,0.9955102040816326,0.826734693877551,0.1831656215300905,0.023912711304123598,7.659759665082593
vggss,C3,12345,best,2748,ToIdgjI3u4Q_000030,0.9878571428571429,0.7326530612244898,0.12627921196639455,0.02176609782368702,5.801646808229026
vggss,C3,12345,best,2749,Tr7PDdzq40o_000180,0.9779591836734693,0.5725510204081633,0.13619347011786515,0.022547128069752693,6.040391028805603
vggss,C3,12345,best,2750,Ts04bBeY1d4_000030,0.9779591836734693,0.8560204081632653,0.17307201648591922,0.06821256858202372,2.5372452626205524
vggss,C3,12345,best,2751,TsHBKTYuBUM_000062,0.9914285714285714,0.841530612244898,0.12218761508952322,0.019124560723660172,6.389041654606864
vggss,C3,12345,best,2752,TslB1VMKXmM_000010,0.9912244897959184,-0.43755102040816324,0.1355708984675167,0.01809944516531246,7.490334495299224
vggss,C3,12345,best,2753,TstsLM4IUV8_000128,0.991938775510204,0.7038775510204082,0.13878392490763916,0.020592560930062103,6.739517507268126
vggss,C3,12345,best,2754,TwucF4h5v3U_000084,0.9864285714285714,0.6135714285714285,0.09872307056993156,0.01722544864215686,5.731233631170612
vggss,C3,12345,best,2755,TxXjcJo7Q2I_000531,0.9898979591836735,0.6489795918367347,0.10406069887553202,0.03104805555226587,3.3516011558391368
vggss,C3,12345,best,2756,TxuwrWYaUD0_000000,0.9914285714285714,0.9422448979591836,0.16607391007224398,0.03556657233135271,4.669381927643508
vggss,C3,12345,best,2757,U-1saFb-zRY_000006,0.9773469387755102,0.8373469387755103,0.14578145696234118,0.039515538846042204,3.6892185003556484
vggss,C3,12345,best,2758,U-L9YCIdLbg_000080,0.9937755102040816,0.8964285714285715,0.206171593728955,0.062316876562937745,3.308439143619936
vggss,C3,12345,best,2759,U-Qe9aNkrdE_000030,0.9875510204081632,-0.0626530612244898,0.09564331191311279,0.014018413340095513,6.82269166935986
vggss,C3,12345,best,2760,U-hpbrpact0_000112,0.9929591836734694,0.7977551020408163,0.07311612938190913,0.014278800412799884,5.120607282693436
vggss,C3,12345,best,2761,U0uy9GWzSQ8_000065,0.993265306122449,0.6295918367346939,0.08821556777092206,0.012974813578370286,6.7989853756343885
vggss,C3,12345,best,2762,U2Ek06LbrYs_000030,0.981734693877551,0.03142857142857143,0.10457769692311206,0.014878672454381119,7.028698107559892
vggss,C3,12345,best,2763,U2Z3gH8r1hE_000160,0.98,0.7272448979591837,0.06752458338995902,0.014595038523069169,4.626543690393725
vggss,C3,12345,best,2764,U37ysgI02r8_000020,0.9838775510204082,0.6012244897959184,0.14394174046598965,0.04254601637023594,3.383201360461269
vggss,C3,12345,best,2765,U3OC4jICMlI_000020,0.985,0.7239795918367347,0.1511301387971829,0.027778270563723593,5.440588479059165
vggss,C3,12345,best,2766,U3Zom0wPRg0_000030,0.9964285714285714,0.9281632653061225,0.1890853743491882,0.043097641928422775,4.387371695723495
vggss,C3,12345,best,2767,U4LITdDmjvg_000011,0.993265306122449,-0.10581632653061225,0.12920711092581352,0.009983768510748085,12.941717427313629
vggss,C3,12345,best,2768,U595LzVDCAY_000015,0.9758163265306122,0.5161224489795918,0.08957407947116681,0.023061551999768472,3.884130585489914
vggss,C3,12345,best,2769,U6_Ui8bpY9g_000042,0.9939795918367347,0.7729591836734694,0.20160217412424644,0.029201358038012732,6.903862959449069
vggss,C3,12345,best,2770,U7WkuGO-lps_000020,0.9887755102040816,0.010408163265306122,0.10502195252192617,0.012631949801456188,8.31399381509729
vggss,C3,12345,best,2771,U7vFb50UjgY_000040,0.9818367346938776,-0.07928571428571428,0.09921977233356874,0.017593059294646027,5.6397111310688075
vggss,C3,12345,best,2772,U8golAIXZps_000001,0.9937755102040816,0.42346938775510207,0.11485859383294876,0.008561262236431026,13.416081724980593
vggss,C3,12345,best,2773,U8hJTpSZVWE_000103,0.9915306122448979,0.7769387755102041,0.14873184697207795,0.02714630901759254,5.478897586986512
vggss,C3,12345,best,2774,U8rWZXjH2cU_000040,0.9898979591836735,-0.3629591836734694,0.14841084784882544,0.021463394835408933,6.914602698543603
vggss,C3,12345,best,2775,U95UReP4mdo_000030,0.9816326530612245,-0.17724489795918366,0.12427815115441893,0.020400533219918852,6.091907001385391
vggss,C3,12345,best,2776,U9o30JY6aYc_000030,0.9910204081632653,0.9353061224489796,0.13857152996489489,0.030707711354724197,4.512597124682054
vggss,C3,12345,best,2777,U9oonzVSTtY_000056,0.9893877551020408,0.8470408163265306,0.10767180893432732,0.027612489218659036,3.8993879936608
vggss,C3,12345,best,2778,UAhzckt0y3U_000030,0.9892857142857143,0.15846938775510205,0.15125741728257372,0.020898764533189784,7.237624838652951
vggss,C3,12345,best,2779,UAlfXv5Aabc_000046,0.9778571428571429,0.33938775510204083,0.10449958165193952,0.014584452413679871,7.165135768410571
vggss,C3,12345,best,2780,UBg665RgDeQ_000018,0.9823469387755102,0.48653061224489796,0.08607892879042052,0.01693122176010742,5.084035281685094
vggss,C3,12345,best,2781,UBzbRcWlsKI_000747,0.9790816326530613,-0.2545918367346939,0.1599296274933724,0.023076919111172677,6.930285049009967
vggss,C3,12345,best,2782,UCgErb1ImPY_000031,0.9912244897959184,0.8729591836734694,0.1267264747121746,0.030227222306605715,4.19246179575291
vggss,C3,12345,best,2783,UCtiIWMRy-M_000004,0.9842857142857143,0.36826530612244895,0.08354269890516536,0.011725245624943885,7.12502761796644
vggss,C3,12345,best,2784,UDSjSpHKu1I_000462,0.981734693877551,0.751734693877551,0.12996940196044082,0.024427190670781126,5.320685612689193
vggss,C3,12345,best,2785,UDlc1slA8PA_000590,0.9880612244897959,0.298265306122449,0.1382214555605935,0.020054944182480557,6.892138631896066
vggss,C3,12345,best,2786,UESue-_05Vs_000000,0.9798979591836735,-0.6358163265306123,0.09876321562311698,0.02270427354583631,4.3499835140609004
vggss,C3,12345,best,2787,UF0HDsK0fwo_000070,0.9726530612244898,0.5254081632653061,0.054797654420840065,0.010473196944340818,5.232180270461726
vggss,C3,12345,best,2788,UFIBEBkm7ao_000030,0.9791836734693877,0.5170408163265307,0.12164092684097609,0.02675945844376361,4.545717062869969
vggss,C3,12345,best,2789,UFSp546472I_000010,0.9911224489795918,0.07040816326530612,0.13649528518884826,0.016967118926839005,8.04469431595347
vggss,C3,12345,best,2790,UFcUTwPlFAU_000019,0.9878571428571429,0.4666326530612245,0.12523340873974664,0.02121534304961219,5.902964116436282
vggss,C3,12345,best,2791,UFyOGqmITjM_000000,0.9865306122448979,0.934795918367347,0.1643407976225345,0.06742130195766312,2.437520380809785
vggss,C3,12345,best,2792,UGlqxl1oiJk_000130,0.993061224489796,-0.4003061224489796,0.09516580252416555,0.010747940637372866,8.854329004502864
vggss,C3,12345,best,2793,UILmgKExLgk_000095,0.9705102040816327,0.7004081632653061,0.07123212795274622,0.021956920724777333,3.24417657856569
vggss,C3,12345,best,2794,UIM4OykJJrc_000046,0.9607142857142857,-0.05551020408163265,0.13758564338831425,0.024848077146325743,5.537074059215841
vggss,C3,12345,best,2795,UIll96Hdmd4_000094,0.9858163265306122,0.4626530612244898,0.1287982209732263,0.015497343231996578,8.310987183100078
vggss,C3,12345,best,2796,UKgZCUgOSfo_000062,0.9929591836734694,0.19938775510204082,0.1845707705324686,0.018191463546375908,10.146009971211946
vggss,C3,12345,best,2797,ULLEA-jLmpI_000030,0.9948979591836735,-0.5457142857142857,0.1460129237900075,0.014169625470179657,10.304642426667908
vggss,C3,12345,best,2798,ULLJMxwt8Jc_000150,0.9918367346938776,-0.23224489795918368,0.08699964444444748,0.013558751985608193,6.416493533976609
vggss,C3,12345,best,2799,ULZ6auGvLAw_000311,0.9839795918367347,0.5613265306122449,0.10666397141582727,0.013465871020883922,7.921059933694929
vggss,C3,12345,best,2800,UMidlzROhC0_000082,0.9760204081632653,0.03826530612244898,0.09294330827223325,0.018397747193979366,5.051885282055012
vggss,C3,12345,best,2801,UNJswfXKJ3s_000030,0.963469387755102,0.8562244897959184,0.09810061286585246,0.04839231959180675,2.0271938541764336
vggss,C3,12345,best,2802,UP30sk9je00_000049,0.981734693877551,0.88,0.1337282029530704,0.04022004317903159,3.324914455158729
vggss,C3,12345,best,2803,UR-2P-NHz1w_000240,0.9927551020408163,0.8448979591836735,0.14812439625256005,0.017415182363006702,8.505474887659265
vggss,C3,12345,best,2804,URosKU18wTk_000018,0.9876530612244898,0.6644897959183673,0.12022087658501812,0.019090149079098697,6.297534717350364
vggss,C3,12345,best,2805,URtpQZsUmBY_000030,0.9857142857142858,0.027346938775510202,0.16964076798179445,0.021302072940194188,7.963580279631135
vggss,C3,12345,best,2806,USlCCt8En7A_000460,0.9966326530612245,-0.4744897959183674,0.16923725321174157,0.01053334179222594,16.06681493395059
vggss,C3,12345,best,2807,UVsgxlTzy-c_000073,0.9385714285714286,0.48489795918367345,0.10265889344372116,0.04563378211501474,2.2496249200862013
vggss,C3,12345,best,2808,UWFjhEYXbbU_000009,0.9798979591836735,0.495,0.1079325869805848,0.018959987128966672,5.69265085711412
vggss,C3,12345,best,2809,UWz5OIijWM4_000030,0.9794897959183674,-0.23959183673469386,0.11877845303735693,0.019488895246275534,6.094673481302452
vggss,C3,12345,best,2810,UX7R8WWJLoI_000160,0.9858163265306122,0.613265306122449,0.13918247040216628,0.02289865005755753,6.078195441754005
vggss,C3,12345,best,2811,UY4v-zjlnlo_000010,0.986734693877551,0.8963265306122449,0.20374524186917745,0.06299015055166779,3.2345571503604367
vggss,C3,12345,best,2812,UZ6zyRcElGw_000070,0.9953061224489796,-0.6313265306122449,0.16575591776653037,0.01738245144289563,9.535819404476252
vggss,C3,12345,best,2813,UZidCXq6gmw_000006,0.9931632653061224,0.663469387755102,0.13304312593184536,0.020530296630493376,6.480331401263739
vggss,C3,12345,best,2814,U_bYlL9ap-o_000060,0.9879591836734694,0.37142857142857144,0.07893059613902521,0.013511170510207459,5.841876992033702
vggss,C3,12345,best,2815,UaFiUiC_Izo_000054,0.9889795918367347,-0.3958163265306123,0.13038797461013887,0.01733733457818726,7.520647076522638
vggss,C3,12345,best,2816,UbPJ8MIGZNA_000000,0.9984693877551021,0.9509183673469388,0.176782063835334,0.022216465460009726,7.957254233511932
vggss,C3,12345,best,2817,Ubd5GQAZMEo_000373,0.9818367346938776,0.1439795918367347,0.07737218326046251,0.014728092948873143,5.253374182866106
vggss,C3,12345,best,2818,UdWyYaDcEMs_001257,0.9957142857142857,0.7177551020408163,0.17822586277489227,0.022244859845894555,8.012002053938996
vggss,C3,12345,best,2819,UeEMaZqMRp0_000030,0.9940816326530613,-0.06153061224489796,0.12437902150333972,0.01420250687853466,8.757539958760612
vggss,C3,12345,best,2820,UeRUivHxW3c_000020,0.9939795918367347,-0.049591836734693875,0.11147561837882929,0.01108797630353575,10.053738872374915
vggss,C3,12345,best,2821,UfJg3VBTLow_000420,0.9859183673469388,0.34816326530612246,0.11990149657086198,0.018321289507313456,6.544380870298455
vggss,C3,12345,best,2822,UfMr4FFsS28_000021,0.9870408163265306,-0.27714285714285714,0.13505321837946674,0.014115234099600027,9.567904961866246
vggss,C3,12345,best,2823,UfkehxAd_M4_000040,0.941530612244898,0.45877551020408164,0.06118553728186748,0.021729245560150462,2.8158150780014384
vggss,C3,12345,best,2824,UhEQ1E8XPp4_000003,0.9865306122448979,-0.7619387755102041,0.15568285158851206,0.020550374115271,7.57566994718719
vggss,C3,12345,best,2825,UhEQ1E8XPp4_000017,0.9963265306122449,-0.41081632653061223,0.15221840320776003,0.016932630275007764,8.989649022953715
vggss,C3,12345,best,2826,UkKDHtVKDrc_000473,0.9698979591836735,0.8326530612244898,0.07687295420311807,0.01563862128659313,4.915583848112024
vggss,C3,12345,best,2827,UltPy7eml7I_000012,0.9939795918367347,0.519795918367347,0.15422842625529043,0.027568613209703757,5.594348365735141
vggss,C3,12345,best,2828,UmGzdua2Ayc_000014,0.9938775510204082,0.33255102040816326,0.11601643481217613,0.01072298490045838,10.819416038459286
vggss,C3,12345,best,2829,UnMk7X7PM80_000139,0.9898979591836735,0.1963265306122449,0.151278025380322,0.017816030018795344,8.491118684731026
vggss,C3,12345,best,2830,UoRitfnYmKU_000030,0.9918367346938776,0.8358163265306122,0.13258320974449606,0.023504036196609287,5.640869875941674
vggss,C3,12345,best,2831,UoSID1KzWuI_000030,0.99,0.8053061224489796,0.17760472137483654,0.03954121370404294,4.491635555351634
vggss,C3,12345,best,2832,Up72EgZT_B0_000049,0.9836734693877551,-0.2904081632653061,0.13261077947332778,0.02717854244580866,4.8792454465775945
vggss,C3,12345,best,2833,Up72EgZT_B0_000060,0.985,-0.35897959183673467,0.11428242035599402,0.02038404215568487,5.60646507121366
vggss,C3,12345,best,2834,Upq4yFKwiTM_000024,0.9909183673469387,0.5789795918367346,0.13373121796628534,0.01760359280874291,7.596813867443417
vggss,C3,12345,best,2835,Uq-owMVP9qI_000030,0.9908163265306122,0.8066326530612244,0.08460170462286899,0.01831112225689747,4.62023591104587
vggss,C3,12345,best,2836,UqMeR5Erq8I_000030,0.9889795918367347,-0.45285714285714285,0.11551464800281148,0.016713616031965885,6.911409702238113
vggss,C3,12345,best,2837,UqtPREndv_0_000000,0.9934693877551021,0.7040816326530612,0.1355190949602614,0.020675278443015938,6.554644249835457
vggss,C3,12345,best,2838,UrUJ9tUJynA_000030,0.9965306122448979,0.8036734693877551,0.16035468001071948,0.022567826082041838,7.1054553251064085
vggss,C3,12345,best,2839,UrluLxHLwQM_000110,0.9810204081632653,0.1980612244897959,0.08157397643718607,0.014682452179401421,5.555882317235084
vggss,C3,12345,best,2840,Us0qIYoVRvU_000144,0.9935714285714285,0.02806122448979592,0.12651916518656944,0.012783625734837477,9.89697037529689
vggss,C3,12345,best,2841,UsNUR6tsoTs_000030,0.9872448979591837,0.8155102040816327,0.10600192085109154,0.020535076242261717,5.1619930503562905
vggss,C3,12345,best,2842,UsdoUjuczY4_000030,0.9779591836734693,-0.059081632653061225,0.11876285751947778,0.02109293934510246,5.63045555559582
vggss,C3,12345,best,2843,Usz7ZnOHaxY_000030,0.9555102040816327,0.6880612244897959,0.08453014842852231,0.02597551077334158,3.2542246874804404
vggss,C3,12345,best,2844,UtMZGT9opoU_000265,0.9866326530612245,0.11653061224489795,0.16829936180761443,0.02201990898713829,7.643054378922146
vggss,C3,12345,best,2845,UtZofZjccBs_000290,0.971530612244898,0.24010204081632652,0.1268319354384383,0.02969370244721462,4.271341226777047
vggss,C3,12345,best,2846,UuBSbvH6ql8_000029,0.9968367346938776,0.6466326530612245,0.2032682893023704,0.018077268089494582,11.244414161258009
vggss,C3,12345,best,2847,Uv3K_pEUlX8_000020,0.9897959183673469,0.7418367346938776,0.1604736732037256,0.026238410238532725,6.115983085288456
vggss,C3,12345,best,2848,Uvn7waPvseo_000030,0.9785714285714285,0.8001020408163265,0.1023756337720347,0.03751342624463614,2.729039813756625
vggss,C3,12345,best,2849,Uvvl1qfsh8A_000063,0.9039795918367347,0.38857142857142857,0.06543463671458023,0.021827197355132066,2.997848768669106
vggss,C3,12345,best,2850,UyCw7pCgYg8_000055,0.9984693877551021,0.3276530612244898,0.1838091881398676,0.013549898544620688,13.565355307611501
vggss,C3,12345,best,2851,UzUTFdlYT68_000055,0.9948979591836735,0.9152040816326531,0.15680011680076428,0.021727533913798395,7.216655025041108
vggss,C3,12345,best,2852,UztuiHbZvCw_000991,0.9755102040816327,0.11428571428571428,0.13555828381744386,0.022703823750256008,5.9707248130797925
vggss,C3,12345,best,2853,V0zQHNmz0gU_000030,0.9905102040816327,-0.6841836734693878,0.13451054292998627,0.020973695943855786,6.413297078877075
vggss,C3,12345,best,2854,V1M3HiUz0ZQ_000070,0.9960204081632653,0.6511224489795918,0.1539267689292602,0.016023614868429965,9.60624491996058
vggss,C3,12345,best,2855,V2CS8ToddTE_000030,0.9971428571428571,0.3956122448979592,0.1750832613281842,0.013468785194466343,12.99918729122781
vggss,C3,12345,best,2856,V2OjPsg7ydY_000060,0.9845918367346939,0.5998979591836735,0.13654537671449435,0.022172239904762272,6.158393437063903
vggss,C3,12345,best,2857,V2YcUPfFy6U_000335,0.990204081632653,0.8241836734693877,0.11782153066139106,0.02742236643023487,4.2965486206721195
vggss,C3,12345,best,2858,V3Mh5k7AOxE_000063,0.9952040816326531,0.9008163265306123,0.1863328964072895,0.04351743424496965,4.281798769623658
vggss,C3,12345,best,2859,V4I4dNkN1xs_000064,0.9844897959183674,-0.3336734693877551,0.12551086828529662,0.02608582290727126,4.811459033953314
vggss,C3,12345,best,2860,V4RmD_obUBo_000125,0.9780612244897959,0.38448979591836735,0.12559903669903064,0.01978762197057228,6.347353759123698
vggss,C3,12345,best,2861,V5a0OUeceeY_000042,0.993061224489796,0.8370408163265306,0.16032257659579444,0.01792491943956764,8.944116995131193
vggss,C3,12345,best,2862,V7M8J64sUZs_000077,0.9908163265306122,0.605,0.15424446523640398,0.018423298558163576,8.372250210755906
vggss,C3,12345,best,2863,V7edkwJsgN0_000030,0.9983673469387755,0.8911224489795918,0.1667455706013557,0.019410946184667138,8.590285554089546
vggss,C3,12345,best,2864,V8tcqAyPSYw_000064,0.991734693877551,0.868061224489796,0.11491935475419944,0.02545568159753185,4.514487436287774
vggss,C3,12345,best,2865,VAfO711tnQA_000030,0.9884693877551021,0.8225510204081633,0.10891383371123312,0.02691247305112157,4.046964896326916
vggss,C3,12345,best,2866,VAqgpoyD2jc_000030,0.9894897959183674,0.9336734693877551,0.21779569704170149,0.07824700272312789,2.783438208008528
vggss,C3,12345,best,2867,VB-yZzj969U_000240,0.9892857142857143,-0.39357142857142857,0.12650121015946103,0.014273162706401428,8.862871723778921
vggss,C3,12345,best,2868,VBQPcmmUkkg_000010,0.9745918367346939,0.7948979591836735,0.1343686404532452,0.04089916700658393,3.2853637442448305
vggss,C3,12345,best,2869,VFXf1DTi2IA_000383,0.9623469387755103,-0.1929591836734694,0.07649843111054044,0.01578090502951581,4.847531302384852
vggss,C3,12345,best,2870,VHoOg4twnO0_000060,0.9924489795918368,0.7045918367346938,0.1237227279545185,0.021922566941073838,5.643624137952258
vggss,C3,12345,best,2871,VIQqrHGMJRQ_000173,0.9892857142857143,0.933265306122449,0.1513408995329366,0.05873361030014974,2.57673415203885
vggss,C3,12345,best,2872,VJ9E_Td0_dk_000030,0.9696938775510204,-0.5479591836734694,0.10251556447591009,0.01820171272705002,5.6321933003348175
vggss,C3,12345,best,2873,VKfgSYvbohY_000042,0.9881632653061224,0.9140816326530612,0.18131631568377923,0.044100503822366584,4.1114341100071625
vggss,C3,12345,best,2874,VM-U7MyZAck_000030,0.988265306122449,0.9445918367346938,0.18153243236743907,0.06413580357815968,2.830438261309269
vggss,C3,12345,best,2875,VMbJTgzMhKE_000030,0.9894897959183674,-0.8108163265306122,0.14558860195183412,0.024610841693323816,5.915628720302075
vggss,C3,12345,best,2876,VN4AS5J25os_000040,0.9872448979591837,0.8813265306122449,0.15943954440687394,0.04120802564169779,3.869138157532581
vggss,C3,12345,best,2877,VO1QA-Ihceo_000368,0.9812244897959184,0.6440816326530612,0.1268454292842915,0.032085585588822504,3.9533462443172613
vggss,C3,12345,best,2878,VOkiX4gWRI0_000125,0.9947959183673469,0.5822448979591837,0.1455184420536568,0.014580492491115614,9.980351633686317
vggss,C3,12345,best,2879,VPM383zJz68_000030,0.9888775510204082,0.9141836734693878,0.09863890745699372,0.026503918218722545,3.721672646398167
vggss,C3,12345,best,2880,VQ60kd-BrC8_000030,0.9921428571428571,0.7887755102040817,0.1016980176908529,0.017267104142136492,5.889697360582989
vggss,C3,12345,best,2881,VQbC7Oth7wQ_000030,0.9914285714285714,0.7238775510204082,0.06558239677307846,0.009229010202688404,7.1061138012367095
vggss,C3,12345,best,2882,VSkdiYt87rg_000030,0.9937755102040816,0.7524489795918368,0.12096078295446315,0.017105342020480373,7.071520862291778
vggss,C3,12345,best,2883,VSxoWInFsIA_000030,0.9905102040816327,-0.12581632653061225,0.10332254375991401,0.012193201156517786,8.473783252946967
vggss,C3,12345,best,2884,VV-DgnPPhSo_000220,0.9981632653061224,0.8671428571428571,0.17446366798044508,0.023286092265406854,7.492183144856093
vggss,C3,12345,best,2885,VViXFIbJNbk_000130,0.9911224489795918,0.7363265306122448,0.15645238985464985,0.018929394278857065,8.265049982576425
vggss,C3,12345,best,2886,VWTGBdK9VK8_000009,0.9944897959183674,0.8395918367346938,0.11568712871919984,0.013842428092356768,8.357430354511115
vggss,C3,12345,best,2887,VXq0Dkog0RU_000023,0.9837755102040816,0.7290816326530613,0.15252805700090233,0.02115302045185931,7.210698696577652
vggss,C3,12345,best,2888,VYQfSG_FUjY_000080,0.9935714285714285,-0.1913265306122449,0.1355208256786584,0.01698132430136367,7.980580505595522
vggss,C3,12345,best,2889,VZJfkEet6EQ_000030,0.9936734693877551,0.7790816326530612,0.18122571265626475,0.04742087769970858,3.8216439983222505
vggss,C3,12345,best,2890,VaAzelfgmMY_000055,0.9637755102040816,0.13755102040816328,0.09065646327323636,0.02009172181766362,4.512130124832597
vggss,C3,12345,best,2891,VaqR7OOMHSM_000033,0.9898979591836735,0.8116326530612245,0.13019112925855345,0.022685947633816452,5.738844652206024
vggss,C3,12345,best,2892,Vb5-6-BQzlI_000502,0.9871428571428571,0.025612244897959182,0.13639397624547592,0.014406871372925203,9.467286318790961
vggss,C3,12345,best,2893,VbPkC6aRKc8_000151,0.9943877551020408,0.6711224489795918,0.14013401497358777,0.014712540513616501,9.52480061780583
vggss,C3,12345,best,2894,Vbc-veezx0w_000030,0.9945918367346939,-0.3727551020408163,0.14429024424516806,0.0135256841690501,10.667870286024982
vggss,C3,12345,best,2895,Vbsefb2ve2g_000067,0.9956122448979592,0.8733673469387755,0.12912361158604924,0.015174355139146695,8.509331065604037
vggss,C3,12345,best,2896,VcJnduCJz8g_000029,0.9874489795918368,0.603265306122449,0.10018149205288156,0.016715924996544826,5.99317669070596
vggss,C3,12345,best,2897,VcLXzvRjTXg_000017,0.991938775510204,-0.053877551020408164,0.1535805221018765,0.0166692144855346,9.213422878153757
vggss,C3,12345,best,2898,VeUQBYHtFB8_000365,0.985,0.8827551020408163,0.20130292420555376,0.04906559659202301,4.102730593074684
vggss,C3,12345,best,2899,VeXcCHo5iMI_000030,0.961530612244898,0.03612244897959184,0.11759699876365315,0.025754230030182908,4.566123647487588
vggss,C3,12345,best,2900,VeiJYltEZFc_000034,0.9821428571428571,0.5937755102040816,0.1509613614904712,0.046254019446758055,3.263745795416534
vggss,C3,12345,best,2901,Vf2KIuN4VOw_000013,0.9834693877551021,0.4142857142857143,0.15516716093270444,0.021420116649177135,7.243992340194154
vggss,C3,12345,best,2902,VfNh9LIuYH0_000022,0.9505102040816327,0.6376530612244898,0.058281374024862505,0.01890913622392183,3.082180663077095
vggss,C3,12345,best,2903,VfXAJJFrmnw_000028,0.990204081632653,0.2566326530612245,0.1036665348026274,0.01256479503692,8.250555181999937
vggss,C3,12345,best,2904,VgAXZHMi_ws_000015,0.9948979591836735,-0.7905102040816326,0.1948667748873913,0.01723312425157747,11.307686989464708
vggss,C3,12345,best,2905,VgwsGjRk61M_000020,0.9811224489795919,0.37142857142857144,0.10896593808179322,0.015514618893896655,7.023436336206729
vggss,C3,12345,best,2906,VhVKUAk6_R4_000006,0.991938775510204,0.5202040816326531,0.14867518163997503,0.018527107490037328,8.024737899314443
vggss,C3,12345,best,2907,ViP3M-Hlm18_000030,0.9951020408163266,0.9704081632653061,0.16742604736514854,0.05789340154455171,2.8919711555781755
vggss,C3,12345,best,2908,Via5YWUC1Lk_000180,0.9834693877551021,0.3636734693877551,0.08536564479982114,0.01339181651337767,6.374463442994883
vggss,C3,12345,best,2909,VimrLKGBCNE_000019,0.9988775510204082,0.9364285714285714,0.22983932246507094,0.027709570251287858,8.29458271567343
vggss,C3,12345,best,2910,Vj13osgy2M0_000020,0.9884693877551021,0.5369387755102041,0.18347025842624787,0.03682336077699037,4.98244197582563
vggss,C3,12345,best,2911,VjR_I34Vczk_000010,0.9903061224489796,0.6104081632653061,0.22535310659480273,0.03577017456853413,6.300028146718596
vggss,C3,12345,best,2912,VkABXTeQSKk_000099,0.9676530612244898,-0.6259183673469387,0.07894728428079627,0.021566359934822133,3.660668027399654
vggss,C3,12345,best,2913,VkcsBNzy1UA_000091,0.9683673469387755,0.4969387755102041,0.11169294127835427,0.024659256554917706,4.529452906644088
vggss,C3,12345,best,2914,Vlh9AMaTrLQ_000441,0.9918367346938776,0.8962244897959184,0.2025559130628179,0.05699029862646431,3.5542174360314367
vggss,C3,12345,best,2915,Vlh9AMaTrLQ_000451,0.993265306122449,0.9366326530612245,0.19715450838446946,0.05592889278315381,3.525092283676566
vggss,C3,12345,best,2916,VmYPBzrkKGw_000140,0.9953061224489796,0.948265306122449,0.1668969509570324,0.03975639320028518,4.19799024816555
vggss,C3,12345,best,2917,Vp4lOXVBQzQ_000010,0.9862244897959184,-0.295,0.16145779556045317,0.02134892335959069,7.562807399742743
vggss,C3,12345,best,2918,VpCCJy5atYU_000144,0.9640816326530612,0.4794897959183673,0.08610519270563935,0.018878472733200723,4.561025350012028
vggss,C3,12345,best,2919,VpYJRHq8TC0_000110,0.991938775510204,0.8958163265306123,0.1293800624362366,0.03233848906428843,4.000807278875367
vggss,C3,12345,best,2920,VpuNCFDYgnA_000070,0.9730612244897959,0.7393877551020408,0.11575178362147398,0.032260666247663175,3.5880159055877696
vggss,C3,12345,best,2921,VrwW35FmP0w_000025,0.9835714285714285,0.3273469387755102,0.0764539387795591,0.012986187371147796,5.8873275576957615
vggss,C3,12345,best,2922,Vu-x88iPIv8_000013,0.9952040816326531,0.1896938775510204,0.1565884860687958,0.009422364735623367,16.618809657917172
vggss,C3,12345,best,2923,VuXmHBFFkPw_000030,0.9863265306122448,0.5589795918367347,0.1116942685499315,0.020366129165415425,5.484315043017807
vggss,C3,12345,best,2924,VulCKZgWspc_000080,0.9737755102040816,0.7822448979591837,0.12005475817743948,0.044286113871812846,2.710889434212735
vggss,C3,12345,best,2925,VvEIueKlA2k_000093,0.9885714285714285,0.11642857142857142,0.15812497474367762,0.019784926328626683,7.992194265332573
vggss,C3,12345,best,2926,VwaLVY1oF6k_000026,0.9874489795918368,0.5257142857142857,0.182212649387193,0.017307761636160462,10.527799793966592
vggss,C3,12345,best,2927,Vx3kxcFd5GU_000022,0.9951020408163266,0.8998979591836734,0.202380089793917,0.021109011618241087,9.587378767608087
vggss,C3,12345,best,2928,Vx5SUjzoLy8_000228,0.9921428571428571,0.17112244897959183,0.12567338696279007,0.011174730855356535,11.24621152755096
vggss,C3,12345,best,2929,VyGTIJZajCM_000005,0.9966326530612245,0.6384693877551021,0.1880387994144146,0.02109238382309951,8.915009369803059
vggss,C3,12345,best,2930,VyGYjbe6gJU_000027,0.9864285714285714,0.24183673469387756,0.13356938663697163,0.014594191970799213,9.152228976035392
vggss,C3,12345,best,2931,W1VYWwYdJRQ_000370,0.9387755102040817,0.6137755102040816,0.07233824259468485,0.019649693260721936,3.6813929680664708
vggss,C3,12345,best,2932,W1imZelV1h4_000017,0.9962244897959184,0.9008163265306123,0.17629544778789183,0.023881367445924652,7.382133715210541
vggss,C3,12345,best,2933,W3vkkSbyODo_000043,0.981938775510204,0.8714285714285714,0.1732446958307156,0.06052423919995297,2.8624018760214374
vggss,C3,12345,best,2934,W6hBBs-MuM8_000145,0.9828571428571429,0.5968367346938775,0.1272219094998104,0.022577458601127965,5.634908328143471
vggss,C3,12345,best,2935,W6iwVLm51-k_000030,0.9844897959183674,-0.7975510204081633,0.1252167705865866,0.021580037717973875,5.802435205305241
vggss,C3,12345,best,2936,W7EC4nQ6Qqk_000010,0.9975510204081632,0.9594897959183674,0.1942426071670127,0.04179109942483487,4.647942022113486
vggss,C3,12345,best,2937,W7EC4nQ6Qqk_000068,0.9943877551020408,0.6858163265306122,0.2136663645730378,0.0209093108772632,10.218718628617205
vggss,C3,12345,best,2938,WAUn8kFhvZw_000000,0.9854081632653061,-0.3777551020408163,0.1016856636757086,0.015786374959118898,6.441356165619931
vggss,C3,12345,best,2939,WBYa_u20cVo_000000,0.9915306122448979,0.9586734693877551,0.15721710654390783,0.050028676655221406,3.1425397802821826
vggss,C3,12345,best,2940,WCC01d0hcBQ_000024,0.9946938775510205,0.478265306122449,0.16134869194545692,0.014132659433580157,11.416725401454272
vggss,C3,12345,best,2941,WDoZneKkmVg_000030,0.996734693877551,0.0014285714285714286,0.15376552213956268,0.011409587823008141,13.476869149425799
vggss,C3,12345,best,2942,WEHe6W_D4lo_000041,0.9927551020408163,0.5358163265306123,0.1472953068755543,0.020267497625471295,7.2675625574239655
vggss,C3,12345,best,2943,WElvc92V5Q4_000617,0.9915306122448979,0.843265306122449,0.17948184394668332,0.045813390452383355,3.917672151621909
vggss,C3,12345,best,2944,WF7ugi9ipYw_000120,0.9839795918367347,0.3040816326530612,0.10313777042557161,0.017509810540160205,5.890284774299332
vggss,C3,12345,best,2945,WFJ96PH4rvo_000020,0.9981632653061224,0.94,0.22388172539849374,0.028762914167245843,7.783694103340964
vggss,C3,12345,best,2946,WFV3FUlTzas_000061,0.9937755102040816,0.8529591836734693,0.15428742760392453,0.02216444973912184,6.961031264926744
vggss,C3,12345,best,2947,WFgIargH3-4_000039,0.9916326530612245,0.42275510204081634,0.1049724976446952,0.01056599637765177,9.934935986418036
vggss,C3,12345,best,2948,WFjx0sH7mlc_000020,0.9861224489795918,0.3601020408163265,0.14857405229691398,0.022794489217953694,6.517981204855959
vggss,C3,12345,best,2949,WGYzVpMeSEg_000210,0.9940816326530613,0.8383673469387755,0.08740113740070538,0.014676697802912668,5.955095524509618
vggss,C3,12345,best,2950,WGqz-OVwLGs_000040,0.9953061224489796,0.18010204081632653,0.13905708876911815,0.013788770950981197,10.084806634577026
vggss,C3,12345,best,2951,WGuc_McKm_4_000030,0.9914285714285714,-0.35928571428571426,0.11735316668386699,0.014700810325683001,7.982768574249647
vggss,C3,12345,best,2952,WJIcGFOnRXs_000040,0.9948979591836735,0.2789795918367347,0.16853799405759015,0.014482114461576774,11.637664824756548
vggss,C3,12345,best,2953,WJLbFJxe11o_000030,0.9905102040816327,0.51,0.11082221972546542,0.016034504665142717,6.911483830640616
vggss,C3,12345,best,2954,WJORWlj6BW8_000030,0.9772448979591837,0.26693877551020406,0.1152259527694113,0.02083081407349613,5.531514628418572
vggss,C3,12345,best,2955,WJV6Ey6hXEw_000005,0.9947959183673469,-0.14275510204081632,0.157938098161721,0.014086929941202015,11.211676271618087
vggss,C3,12345,best,2956,WJVc82XgbZk_000014,0.9955102040816326,0.017959183673469388,0.10698675101316849,0.009519025283392312,11.239254842596807
vggss,C3,12345,best,2957,WLEZDT_vGuM_000016,0.9905102040816327,-0.41183673469387755,0.14304478506757387,0.017581656869111704,8.136024160435175
vggss,C3,12345,best,2958,WLPj0LIokkM_000020,0.9943877551020408,0.8285714285714286,0.13200312132566366,0.017668830743741377,7.470959637350172
vggss,C3,12345,best,2959,WLX3Db60418_000020,0.9874489795918368,0.5557142857142857,0.09334190489655148,0.01456187823134809,6.4100182279789735
vggss,C3,12345,best,2960,WMPQ44bukK0_000397,0.9728571428571429,0.3295918367346939,0.13236804833295396,0.029713055076167443,4.454878436217254
vggss,C3,12345,best,2961,WMXkrLwPVCU_000098,0.9977551020408163,-0.5355102040816326,0.16974701706729148,0.012377233375642675,13.714455558488453
vggss,C3,12345,best,2962,WMZ3ZAMcE3s_000220,0.9791836734693877,0.1716326530612245,0.11442545283497897,0.0234066170490717,4.888594220817445
vggss,C3,12345,best,2963,WQQfK8Bqkw0_000230,0.9927551020408163,0.9396938775510204,0.16317949141519703,0.04337628424246814,3.7619518191794294
vggss,C3,12345,best,2964,WQcS2qPupwQ_000094,0.9761224489795919,0.7130612244897959,0.09242803437998501,0.02325751206483495,3.9741152932576553
vggss,C3,12345,best,2965,WSuGM1DGvCM_000006,0.9812244897959184,-0.8514285714285714,0.14873191138632325,0.03755007096349392,3.9608956140434466
vggss,C3,12345,best,2966,WTQhmOYZNJQ_000024,0.9498979591836735,-0.12193877551020409,0.09592821794589663,0.023707237873246897,4.046368390058191
vggss,C3,12345,best,2967,WTlaLznHD1c_000053,0.9929591836734694,0.7594897959183673,0.11914572930136721,0.01414062003204604,8.425778291995286
vggss,C3,12345,best,2968,WUJXiIqMhCs_000036,0.9951020408163266,0.9558163265306122,0.13373513996555458,0.039180798993377175,3.41328261294927
vggss,C3,12345,best,2969,WUZOa6rFj6s_000030,0.9857142857142858,0.779795918367347,0.2005691855731215,0.061017484712190775,3.2870772454677977
vggss,C3,12345,best,2970,WUiy_6hI-xU_000061,0.9874489795918368,0.6862244897959183,0.13386020601242873,0.029255569845303298,4.575546014664921
vggss,C3,12345,best,2971,WVS46ZGovGw_000030,0.9922448979591837,0.06224489795918367,0.12220342748388066,0.012703125606989597,9.619949551364043
vggss,C3,12345,best,2972,WWkwE6vhGwY_000030,0.9889795918367347,0.9298979591836735,0.16011196419923263,0.03147988058810829,5.086168092382023
vggss,C3,12345,best,2973,WZLxZKna7xY_000276,0.9928571428571429,0.9570408163265306,0.12290828891220776,0.04038945893552321,3.0430783712259104
vggss,C3,12345,best,2974,W_-t9sBGOg4_000072,0.9939795918367347,0.8214285714285714,0.18144678607640943,0.0432705198886808,4.1933119024963315
vggss,C3,12345,best,2975,W_Rr3hZw4Yk_000007,0.9898979591836735,0.7970408163265306,0.21358174651257006,0.020979763216387656,10.18036973580987
vggss,C3,12345,best,2976,W_UE04p_tYY_000094,0.9910204081632653,0.7329591836734693,0.12356223018206426,0.015081574074010116,8.192926651800722
vggss,C3,12345,best,2977,W_UE04p_tYY_000105,0.985204081632653,0.901734693877551,0.11589291010312144,0.028156930496770535,4.115963922857778
vggss,C3,12345,best,2978,WaGwzEFsJLs_000246,0.9857142857142858,0.256530612244898,0.12747562057334666,0.017620062321716652,7.234686134806316
vggss,C3,12345,best,2979,Wb1u17uxbYU_000304,0.9809183673469388,0.8168367346938775,0.10184619129625219,0.03015499309797505,3.377423797291179
vggss,C3,12345,best,2980,WclYLl_KlwA_000050,0.9887755102040816,0.6011224489795919,0.13106361960536594,0.023455182444668706,5.587832024523703
vggss,C3,12345,best,2981,Wdg90rCeA34_000508,0.9842857142857143,0.3330612244897959,0.1311494811512431,0.017468229989994553,7.5078861010166955
vggss,C3,12345,best,2982,We4ilLBQBrc_000001,0.9901020408163266,0.7570408163265306,0.14580358382508235,0.028497475595898252,5.116368407244759
vggss,C3,12345,best,2983,WeAejlzuFMQ_000460,0.9503061224489796,0.7254081632653061,0.11487385092473516,0.031106156572742336,3.6929618950544563
vggss,C3,12345,best,2984,WeBPE7xdTH4_000012,0.9881632653061224,-0.08183673469387755,0.15596823433443724,0.02355483541136384,6.621495400438741
vggss,C3,12345,best,2985,WegRDdpH2ks_000518,0.9951020408163266,0.2566326530612245,0.11933289662252455,0.01070293859364331,11.149545106555946
vggss,C3,12345,best,2986,WesKosc-_c0_000047,0.9759183673469388,0.7109183673469388,0.09045958090952361,0.021837134115374402,4.142465784731142
vggss,C3,12345,best,2987,Weu8nsJRMqE_000030,0.9762244897959184,0.3066326530612245,0.13619609546499906,0.020589776146518114,6.614743865878835
vggss,C3,12345,best,2988,WftXzNONXZo_000169,0.9826530612244898,0.2342857142857143,0.08534773880385504,0.01055233896952859,8.08803991705621
vggss,C3,12345,best,2989,Wg2l9hxzqH4_000301,0.9874489795918368,-0.2892857142857143,0.12446212537526671,0.01612113323684734,7.720432772727745
vggss,C3,12345,best,2990,WgXR9P0vl30_000011,0.9939795918367347,-0.16551020408163264,0.13171031014009274,0.01591374620009979,8.276511921452338
vggss,C3,12345,best,2991,WgllfeO855E_000147,0.9877551020408163,0.49683673469387757,0.17373842345234725,0.029282251895157305,5.933233006614498
vggss,C3,12345,best,2992,Wgnr_ftHhUw_000030,0.9635714285714285,0.16010204081632654,0.10019472812207426,0.02426794065262276,4.128686877732483
vggss,C3,12345,best,2993,WhD232bSL3w_000104,0.9866326530612245,-0.5052040816326531,0.11224724491725999,0.015867949901667233,7.073834087758637
vggss,C3,12345,best,2994,Wh_g-Eiw9Kc_000010,0.9941836734693877,0.5094897959183673,0.14812969790990588,0.016912105965665798,8.758796699277557
vggss,C3,12345,best,2995,Wj5qDj8_nSw_000025,0.9839795918367347,-0.679795918367347,0.09197862796004405,0.016725000717382598,5.499469298345021
vggss,C3,12345,best,2996,Wjgj2_InitY_000514,0.9918367346938776,0.20030612244897958,0.1180928288548092,0.01428743055375817,8.265505012288303
vggss,C3,12345,best,2997,WlO51U31vYs_000014,0.9926530612244898,0.581530612244898,0.13916454904553746,0.01550857333940816,8.973394650809851
vggss,C3,12345,best,2998,WmZicfOUkd0_000014,0.9939795918367347,-0.6644897959183673,0.11072641737690321,0.016124932790434046,6.866783187002834
vggss,C3,12345,best,2999,WmxNXcXMcdw_000113,0.9469387755102041,0.31581632653061226,0.1135469050447688,0.03487353692440122,3.2559618283317677
vggss,C3,12345,best,3000,WoXgPQQjcJU_000060,0.9935714285714285,0.7360204081632653,0.12247522725476132,0.01744103874398688,7.022243861305961
vggss,C3,12345,best,3001,WohJxQ1ll6w_000052,0.9841836734693877,0.16275510204081634,0.13055778666800438,0.020263951782984846,6.4428591257126175
vggss,C3,12345,best,3002,WokAaq70lRM_000378,0.9866326530612245,0.39408163265306123,0.11892687707748305,0.015590719870681386,7.628055539701349
vggss,C3,12345,best,3003,Wqux-4IupdU_000112,0.9735714285714285,0.6363265306122449,0.16717980076618344,0.04424811580994623,3.7782354729916934
vggss,C3,12345,best,3004,Wqv0fvaXGM4_000052,0.99,0.6769387755102041,0.12561138135893052,0.018517295580630456,6.783462564064868
vggss,C3,12345,best,3005,Wr44Q8MQHL0_000030,0.9939795918367347,0.9319387755102041,0.2084383648368628,0.03703746402973565,5.627770969133237
vggss,C3,12345,best,3006,WrSpubuVkN0_000330,0.9870408163265306,0.7351020408163266,0.10206352045528722,0.02003229232969306,5.094949633098283
vggss,C3,12345,best,3007,WrbQ5NIU0R0_000170,0.9858163265306122,0.6203061224489796,0.1611754066528574,0.02273955298802588,7.087888083716009
vggss,C3,12345,best,3008,WrwRZ0NgEss_000538,0.988265306122449,0.31785714285714284,0.07825999056573683,0.012882283383306535,6.075009238435927
vggss,C3,12345,best,3009,WsG_Mg0VDn8_000025,0.9887755102040816,-0.04673469387755102,0.14668654044357254,0.022396152381215683,6.549631291426776
vggss,C3,12345,best,3010,WsKJwVVs-MY_000000,0.9812244897959184,0.02316326530612245,0.10259803552463091,0.017127317761913605,5.990315410202784
vggss,C3,12345,best,3011,WsfNsX9qA20_000079,0.9865306122448979,-0.4987755102040816,0.11750473691686193,0.020106513775482948,5.844112919274069
vggss,C3,12345,best,3012,Wu--g0m8oWA_000011,0.991734693877551,0.6238775510204082,0.08998217245295101,0.013168441804909066,6.833167795099838
vggss,C3,12345,best,3013,WvquSD2PcCE_000030,0.9921428571428571,0.5869387755102041,0.13992606807501617,0.01692832416741308,8.265795638789395
vggss,C3,12345,best,3014,Wx0Aw9na7Jo_000007,0.9914285714285714,-0.03530612244897959,0.1442262642776957,0.011190721243226951,12.88802224119262
vggss,C3,12345,best,3015,Wx0Aw9na7Jo_000034,0.9860204081632653,0.5038775510204082,0.11532904571449079,0.017338497044617374,6.651617231742353
vggss,C3,12345,best,3016,Wx65BBbjCIQ_000120,0.9956122448979592,0.8389795918367347,0.20983487374211868,0.026262170101832454,7.990005126327217
vggss,C3,12345,best,3017,WxFEd6umyB0_000001,0.9870408163265306,0.5735714285714286,0.18079108347820513,0.02209811859392128,8.181288497923841
vggss,C3,12345,best,3018,X0LgBnGmy1w_000150,0.9872448979591837,0.6508163265306123,0.09814906790956479,0.01696143449550337,5.786601831088344
vggss,C3,12345,best,3019,X1B6bDrgzXM_000050,0.9944897959183674,0.9370408163265306,0.12860406413513265,0.034905621921533465,3.684336707256779
vggss,C3,12345,best,3020,X1aRTyM821w_000024,0.9546938775510204,0.23826530612244898,0.07672710422485299,0.020370131926198406,3.766647388580377
vggss,C3,12345,best,3021,X3Ukm37HbE0_000030,0.9625510204081633,0.7761224489795918,0.11439965454931694,0.04005468658269041,2.8560866233005213
vggss,C3,12345,best,3022,X5Xs8Y1cJK0_000030,0.9829591836734693,0.6171428571428571,0.0953001135655872,0.018499365107103403,5.151534283141088
vggss,C3,12345,best,3023,X76DCP7SCR0_000150,0.9839795918367347,0.566734693877551,0.1341325742437088,0.015852350490273587,8.461368194325981
vggss,C3,12345,best,3024,X7RMG1-Srp8_000087,0.9941836734693877,0.7544897959183674,0.10815834956278403,0.018237233066461894,5.930633729832968
vggss,C3,12345,best,3025,X91RLYNmC70_000088,0.9951020408163266,0.8928571428571429,0.17421329317677267,0.024034865749516496,7.248357240367664
vggss,C3,12345,best,3026,XA6RBioito4_000067,0.9909183673469387,0.5105102040816326,0.10972409228995945,0.012152127988305169,9.029208085658292
vggss,C3,12345,best,3027,XA9I4QiBuWQ_000082,0.9901020408163266,0.7765306122448979,0.17192062626599194,0.03843952800637076,4.472495766272123
vggss,C3,12345,best,3028,XA9I4QiBuWQ_000132,0.9863265306122448,0.8722448979591837,0.1940756604978033,0.049497059593819094,3.920953327135383
vggss,C3,12345,best,3029,XAgppw__ZD4_000064,0.9958163265306123,0.8522448979591837,0.21810891779173713,0.047567186155799406,4.585281060715954
vggss,C3,12345,best,3030,XB6j1Xabe3E_000470,0.985204081632653,0.621734693877551,0.13751204286228141,0.0244143822686847,5.632419503755469
vggss,C3,12345,best,3031,XBGpHaWOSH4_000301,0.9931632653061224,0.07316326530612245,0.12774053074869185,0.014245941007490078,8.966801889852682
vggss,C3,12345,best,3032,XBMeUqtyXpM_000030,0.9845918367346939,0.5824489795918367,0.16039944182447477,0.03606352192374114,4.44769210737794
vggss,C3,12345,best,3033,XCkoQ-sCQ4Y_000170,0.973265306122449,0.21153061224489797,0.12113643817883592,0.026693288579853643,4.5380859618122065
vggss,C3,12345,best,3034,XEQXKjMuP6Q_000113,0.9824489795918367,0.16959183673469388,0.09145439166511131,0.016784313773235412,5.4488013570710425
vggss,C3,12345,best,3035,XEavANMFzQM_000040,0.9856122448979592,0.040612244897959185,0.11502730680963784,0.016935615941467728,6.7920356252285785
vggss,C3,12345,best,3036,XG1fNGITN08_000400,0.9915306122448979,0.04122448979591837,0.11717569397585825,0.012961042498003119,9.040607188342394
vggss,C3,12345,best,3037,XGCQHUilvfQ_000030,0.9948979591836735,0.13448979591836735,0.15653250888945702,0.013604979384879258,11.505530766436088
vggss,C3,12345,best,3038,XHQGUbMSPTM_000030,0.981326530612245,0.40938775510204084,0.11688546284211916,0.019505234631427774,5.99251765235306
vggss,C3,12345,best,3039,XHlsNQZbZd8_000270,0.9877551020408163,0.3873469387755102,0.16988324475484742,0.025522437721803792,6.656231140872423
vggss,C3,12345,best,3040,XHukxF8iWE0_000400,0.9614285714285714,0.5386734693877551,0.10396603701749414,0.02145217716306879,4.84640958477995
vggss,C3,12345,best,3041,XI6TRMIk71Q_000125,0.9944897959183674,0.929795918367347,0.2018110425429507,0.04009294126040923,5.033580380949353
vggss,C3,12345,best,3042,XIW8Ai-YMdA_000210,0.9728571428571429,-0.0163265306122449,0.11200668367108269,0.01876123003732376,5.9701140835785065
vggss,C3,12345,best,3043,XIohMvtR0Og_000030,0.9916326530612245,0.49979591836734694,0.1040974549357724,0.012782630552247647,8.143664522751017
vggss,C3,12345,best,3044,XJzWnBLIXQk_000099,0.9929591836734694,0.5187755102040816,0.12706278573312177,0.013034804191748368,9.747962751412743
vggss,C3,12345,best,3045,XMATVI0hyR4_000093,0.9671428571428572,-0.2403061224489796,0.10687392780324168,0.025543255320415827,4.184037095609388
vggss,C3,12345,best,3046,XMVoH1JjXw8_000030,0.9886734693877551,0.9331632653061225,0.15290359975766002,0.029810880946700712,5.129120472187269
vggss,C3,12345,best,3047,XMWD4ECxcNk_000029,0.9928571428571429,0.3497959183673469,0.1214738405471376,0.015820661994902573,7.678176841542822
vggss,C3,12345,best,3048,XOj6xGKEsUw_000035,0.9938775510204082,0.2389795918367347,0.2080495861301594,0.016202361582513407,12.840695170924922
vggss,C3,12345,best,3049,XQXsAZJqDig_000030,0.9360204081632653,0.028979591836734694,0.07762145141858047,0.023360507117461227,3.3227639720441227
vggss,C3,12345,best,3050,XR7vOriQ9VY_000194,0.9823469387755102,0.5053061224489795,0.11321870401226991,0.018525762463153253,6.111419394341033
vggss,C3,12345,best,3051,XS-3djsJWTA_000360,0.9878571428571429,0.9144897959183673,0.15677530095856984,0.05610618679614627,2.7942604891006098
vggss,C3,12345,best,3052,XS_Nwd8dxE0_000030,0.9853061224489796,0.615204081632653,0.10793421338734693,0.018894902531287,5.712345602663194
vggss,C3,12345,best,3053,XTFD-XHCo2Q_000000,0.9929591836734694,0.8475510204081632,0.1646544195467825,0.03325537105394129,4.951212821523107
vggss,C3,12345,best,3054,XUCh79kkapE_000049,0.988265306122449,0.6489795918367347,0.12512778393826005,0.02430099850726983,5.1490799401031655
vggss,C3,12345,best,3055,XUlxqSC9j9s_000007,0.9948979591836735,0.8476530612244898,0.1948774398784466,0.03597263424952542,5.417380293216019
vggss,C3,12345,best,3056,XVi3kxnZ9h4_000045,0.9922448979591837,0.7331632653061224,0.1265424983567784,0.01714441066372564,7.380976858219957
vggss,C3,12345,best,3057,XVqQKMMGoUs_000061,0.9926530612244898,0.8359183673469388,0.15466040893477404,0.029500933044023982,5.24255991171451
vggss,C3,12345,best,3058,XXkTYV7NqIA_000275,0.996938775510204,-0.08520408163265306,0.15261778785273108,0.008011673941357064,19.049425746709783
vggss,C3,12345,best,3059,XYLDjkXAuec_000380,0.9952040816326531,0.8620408163265306,0.15410498070271908,0.020021524063488776,7.696965536392143
vggss,C3,12345,best,3060,XZ5oHxjfHKY_000030,0.9896938775510205,-0.4086734693877551,0.10941288843466336,0.011379617090909061,9.614812832504798
vggss,C3,12345,best,3061,XZPPLt35KxU_000000,0.9908163265306122,-0.4139795918367347,0.11781517652290893,0.01543875600661744,7.631131450773001
vggss,C3,12345,best,3062,XZbFXz54Suo_000000,0.9568367346938775,0.8993877551020408,0.13682550535791033,0.05808929173065028,2.3554342165565707
vggss,C3,12345,best,3063,XZhLMTOmM9w_000030,0.9916326530612245,0.26755102040816325,0.1513818752584211,0.017527127243092026,8.637004408014741
vggss,C3,12345,best,3064,X_nfMNpw9SA_000060,0.9824489795918367,0.9479591836734694,0.21605057424976268,0.08078946027132222,2.6742420796497632
vggss,C3,12345,best,3065,XaIep0xC8BA_000117,0.9842857142857143,0.8025510204081633,0.1576120399838855,0.056100191848553776,2.809474170950605
vggss,C3,12345,best,3066,Xb7lSqbJYog_000490,0.9944897959183674,0.6311224489795918,0.1596651443842606,0.022121743578929844,7.217566003085572
vggss,C3,12345,best,3067,XcyHfR180hA_000008,0.9916326530612245,0.9148979591836734,0.20206771921793032,0.07756345949205232,2.605192194123775
vggss,C3,12345,best,3068,XdNW5tS4u3w_000014,0.9888775510204082,-0.6308163265306123,0.15179275852511998,0.021389424207306093,7.096626681202169
vggss,C3,12345,best,3069,Xecb_5XO81Q_000010,0.9934693877551021,0.8875510204081632,0.18695927748568947,0.03380003949538167,5.531333107206428
vggss,C3,12345,best,3070,XfLIbeSJSHE_000300,0.9940816326530613,-0.00826530612244898,0.151167660265164,0.015025093587039157,10.061012890832389
vggss,C3,12345,best,3071,XgDKqGfheRE_000030,0.9956122448979592,0.9053061224489796,0.17627653853241687,0.04260569126262836,4.137394167502642
vggss,C3,12345,best,3072,Xh8CKz7QH40_000030,0.9921428571428571,0.14173469387755103,0.13830311273593127,0.014332517960400045,9.649603308926954
vggss,C3,12345,best,3073,XiQhJPkvn1I_000654,0.9934693877551021,0.4396938775510204,0.16281184240668184,0.022219163502391875,7.327541488641338
vggss,C3,12345,best,3074,XjkUtn062ho_000000,0.973265306122449,0.42397959183673467,0.06812778338531346,0.017228831786933997,3.954289195450861
vggss,C3,12345,best,3075,Xo5rIluWHhI_000007,0.9921428571428571,-0.6010204081632653,0.1140060151940999,0.014546489693451113,7.837355788003332
vggss,C3,12345,best,3076,Xp-u8qRkJZA_000014,0.9889795918367347,0.8584693877551021,0.18683850882808206,0.02877611182462854,6.492833707581476
vggss,C3,12345,best,3077,Xq6M-3Kh_PU_000020,0.9974489795918368,0.705204081632653,0.1872345942150254,0.012093418871102645,15.482354180456321
vggss,C3,12345,best,3078,XrNfbjSoitY_000080,0.9921428571428571,0.2473469387755102,0.15259141827149278,0.017989900680387274,8.482060072618916
vggss,C3,12345,best,3079,Xr_wJ4xCnUA_000141,0.9958163265306123,-0.4342857142857143,0.15255429191472847,0.01628434849707567,9.368154454697653
vggss,C3,12345,best,3080,XrfEKRcnKxs_000030,0.995,-0.4977551020408163,0.1730972605381107,0.010730850669030716,16.130805084975247
vggss,C3,12345,best,3081,XrjkzI6TVwc_000030,0.9944897959183674,0.7637755102040816,0.21745020725762762,0.03665765461536005,5.931918163867283
vggss,C3,12345,best,3082,XryEq7dg_fY_000082,0.9889795918367347,0.878061224489796,0.13738273238618062,0.027413931958434952,5.011420200301093
vggss,C3,12345,best,3083,XuaJVdMCCoU_000030,0.9936734693877551,0.8157142857142857,0.13808055416695045,0.028337284085239316,4.872751875289121
vggss,C3,12345,best,3084,XvXsYOMYa0k_000157,0.9935714285714285,0.15285714285714286,0.1402821259734967,0.012633316569908203,11.104140800812374
vggss,C3,12345,best,3085,XvkNRGfbdw8_000017,0.9960204081632653,0.7551020408163265,0.15156845664648097,0.013902524185785798,10.902225712467914
vggss,C3,12345,best,3086,Xw_JU2taiVM_000423,0.9925510204081632,0.3227551020408163,0.09303853570744028,0.010156550939883477,9.160445928754203
vggss,C3,12345,best,3087,XwfxT99WlZE_000015,0.9945918367346939,-0.30489795918367346,0.1622176025854451,0.01782428488313662,9.100931883046684
vggss,C3,12345,best,3088,Xx13khTTtJ0_000159,0.9974489795918368,0.8088775510204081,0.20416464602331735,0.021295684695792464,9.587136968817704
vggss,C3,12345,best,3089,Xx2YziXzVkg_000030,0.9973469387755102,0.9572448979591837,0.1700434540709534,0.02503157157057061,6.793159334465117
vggss,C3,12345,best,3090,Xx8lx5KT2ks_000000,0.9984693877551021,0.8105102040816327,0.23618163265913703,0.023028583135127633,10.25602101845629
vggss,C3,12345,best,3091,XyIAPpcvVro_000000,0.9492857142857143,0.4359183673469388,0.13703236620104306,0.04293167220000296,3.1918711566290585
vggss,C3,12345,best,3092,XySWOKnenIA_000000,0.9846938775510204,-0.5136734693877552,0.1348369505277803,0.025650498983162226,5.256698928792434
vggss,C3,12345,best,3093,XyVZgPZ1clo_000852,0.9921428571428571,0.6890816326530612,0.16096230872615153,0.02056291754859027,7.827795270092235
vggss,C3,12345,best,3094,XzqUa_35-xs_000002,0.9827551020408163,0.28846938775510206,0.08893240778664303,0.014391601614817794,6.1794656471783505
vggss,C3,12345,best,3095,Y-qOOR0izlE_000102,0.9898979591836735,0.5711224489795919,0.18477064906108612,0.0274323799319969,6.7354946788838825
vggss,C3,12345,best,3096,Y0zPnwGCSw0_000014,0.9860204081632653,0.6028571428571429,0.1770519233280469,0.012822592408905622,13.807810283751962
vggss,C3,12345,best,3097,Y0zPnwGCSw0_000048,0.9718367346938775,0.4956122448979592,0.13011997303148512,0.023276134236214826,5.590274214394
vggss,C3,12345,best,3098,Y16pPj3zfo4_000007,0.9970408163265306,0.9671428571428572,0.14687636378633995,0.030451107548282952,4.823350466102238
vggss,C3,12345,best,3099,Y3AK50PotkQ_000030,0.9931632653061224,0.8914285714285715,0.17327001198018946,0.04120878793476573,4.204685958113573
vggss,C3,12345,best,3100,Y3Iu9Xq-TaU_000453,0.9567346938775511,0.5377551020408163,0.10113811751190172,0.03234970741386204,3.1263997605296248
vggss,C3,12345,best,3101,Y3Iu9Xq-TaU_000505,0.9805102040816327,0.44224489795918365,0.11626480605882412,0.020567753176406668,5.652771358234299
vggss,C3,12345,best,3102,Y3yXAMiFgyI_000030,0.9839795918367347,0.19969387755102042,0.14838327345058883,0.025534346715717443,5.811124721638278
vggss,C3,12345,best,3103,Y4Rul-qYAGQ_000400,0.9943877551020408,0.791530612244898,0.20124803400808033,0.03995779830130698,5.036514586978575
vggss,C3,12345,best,3104,Y5PXkSzapQc_000058,0.9914285714285714,0.8855102040816326,0.1445963956045979,0.04530930042998289,3.191318211324952
vggss,C3,12345,best,3105,Y5Qrawu3guY_000030,0.9891836734693877,0.8556122448979592,0.12268365530391087,0.03432157521367272,3.574534517723338
vggss,C3,12345,best,3106,Y5oaCVCDhYI_000033,0.9896938775510205,0.6541836734693878,0.08738646788903978,0.011638461402319488,7.508420990391745
vggss,C3,12345,best,3107,Y5t8KSDEeOs_000000,0.9884693877551021,-0.1689795918367347,0.12137234328161027,0.01699914404647973,7.139909100702319
vggss,C3,12345,best,3108,Y6-EXl7Njzg_000030,0.990204081632653,0.46244897959183673,0.10290436113418443,0.011830638684280572,8.698123903565236
vggss,C3,12345,best,3109,Y612uIsQ9HM_000012,0.9957142857142857,-0.8375510204081633,0.1323727060780707,0.01616452396614533,8.189087804584258
vggss,C3,12345,best,3110,Y6lUctPmnoc_000007,0.9970408163265306,0.01846938775510204,0.1718593853462274,0.012006594311419209,14.313749668611333
vggss,C3,12345,best,3111,Y7aU3aCEf5A_000030,0.9685714285714285,0.45408163265306123,0.14835890220827477,0.03455274472872823,4.293693695624839
vggss,C3,12345,best,3112,Y8JivjKVBIg_000134,0.9770408163265306,0.5503061224489796,0.16915953150521795,0.03814055939633053,4.435161260940831
vggss,C3,12345,best,3113,Y8b7Thr-UyQ_000040,0.9886734693877551,0.4803061224489796,0.13241920083708877,0.02755175166218266,4.80619898366921
vggss,C3,12345,best,3114,Y8x4eyGCecI_000320,0.9814285714285714,0.2568367346938776,0.1619270209130754,0.021900405090618486,7.3937911304864565
vggss,C3,12345,best,3115,Y9pGt8ax3PA_000010,0.9847959183673469,-0.41653061224489796,0.10380327202193868,0.015488605155595385,6.70191221089001
vggss,C3,12345,best,3116,YBd5lEnpT_8_000000,0.9928571428571429,0.05510204081632653,0.11797660955765817,0.012685235788201184,9.300308762679114
vggss,C3,12345,best,3117,YCfGy7J2oFo_000051,0.9935714285714285,0.8853061224489795,0.15462613266391653,0.02799902779865923,5.522553632070076
vggss,C3,12345,best,3118,YD0freJ-4q4_000041,0.9883673469387755,0.8041836734693878,0.09992382620357354,0.02475672777107325,4.0362291465808555
vggss,C3,12345,best,3119,YDhSHz_AO5E_000076,0.9564285714285714,-0.024183673469387754,0.07018552537119077,0.018163324397958706,3.864134330997172
vggss,C3,12345,best,3120,YDpyBLAg2Ps_000280,0.9891836734693877,0.3812244897959184,0.13585771585361595,0.01886047402589066,7.2033033563799975
vggss,C3,12345,best,3121,YFmO4K_mdTo_000181,0.9921428571428571,0.818265306122449,0.14451498056925857,0.02383697980528858,6.062638041804098
vggss,C3,12345,best,3122,YGj2ZPZ5cew_000290,0.9730612244897959,0.36489795918367346,0.09226599028850088,0.023648903607321945,3.901491241223309
vggss,C3,12345,best,3123,YGv1xUgz2pY_000045,0.9912244897959184,0.7676530612244898,0.20373832650315962,0.03170327545400831,6.426412526324643
vggss,C3,12345,best,3124,YIN5D9ffrtE_000031,0.9934693877551021,0.4036734693877551,0.0899416336792377,0.01006163841478841,8.93906439204207
vggss,C3,12345,best,3125,YIvbFqkLIgA_000070,0.9897959183673469,-0.5890816326530612,0.15459490192594183,0.020272386623692858,7.625885634267788
vggss,C3,12345,best,3126,YJGLI8Eurm4_000006,0.9689795918367347,0.22724489795918368,0.11330806240324824,0.02671375851369911,4.241561978077424
vggss,C3,12345,best,3127,YLGxmdhFdrY_000025,0.9723469387755102,0.05846938775510204,0.0755908669666909,0.017837536830603577,4.237741325192437
vggss,C3,12345,best,3128,YN5CTUvVDGw_000200,0.9848979591836735,0.3259183673469388,0.17244011626633782,0.019074645322894913,9.040279037815786
vggss,C3,12345,best,3129,YNNepx1HYM8_000031,0.9790816326530613,0.8391836734693877,0.12247864669533809,0.04362984282818957,2.8072218178196993
vggss,C3,12345,best,3130,YNwgT_8Vniw_000018,0.991938775510204,0.913469387755102,0.10831064323709465,0.02601600806980438,4.163230690368903
vggss,C3,12345,best,3131,YOA1JOyd7cw_000030,0.9814285714285714,0.8974489795918368,0.14390367477174235,0.05979564272295518,2.406591320348809
vggss,C3,12345,best,3132,YOEGhE-dE4g_000326,0.9912244897959184,0.5010204081632653,0.12633908713547817,0.01379092006089459,9.161033968554728
vggss,C3,12345,best,3133,YP9bqVB-sVg_000030,0.9910204081632653,0.519795918367347,0.12348834480692099,0.017466659729923242,7.069946212747551
vggss,C3,12345,best,3134,YPiV6baoR8A_000037,0.995,0.8514285714285714,0.13906502899748652,0.030063072901828695,4.625775596912696
vggss,C3,12345,best,3135,YPuFEZZxSdg_000233,0.9915306122448979,0.9559183673469388,0.14622935647692684,0.043724475797729666,3.3443364113359957
vggss,C3,12345,best,3136,YQwQbYsgMLQ_000018,0.9962244897959184,-0.34714285714285714,0.20985228677463708,0.013362997878851925,15.703982644998101
vggss,C3,12345,best,3137,YSLun3TqE08_000150,0.9727551020408163,0.05581632653061225,0.1438297595195035,0.03064632971609796,4.693213211889199
vggss,C3,12345,best,3138,YSsLH9_cisM_000236,0.9903061224489796,0.7895918367346939,0.14122283422839166,0.027855762132536502,5.069788920384212
vggss,C3,12345,best,3139,YTFJUFWcRns_000030,0.9859183673469388,0.8330612244897959,0.11773902257674822,0.030583492069826405,3.849757323589259
vggss,C3,12345,best,3140,YTV9OVmgbBQ_000084,0.9862244897959184,0.8405102040816327,0.14248771654969078,0.030752061522497664,4.633436247695111
vggss,C3,12345,best,3141,YUcV-grp898_000009,0.991734693877551,0.8286734693877551,0.17978610099732276,0.03215851523856936,5.590621944563413
vggss,C3,12345,best,3142,YVJWw5RxUeM_000002,0.9805102040816327,0.04479591836734694,0.10064818608787571,0.01777465702516697,5.662454467918503
vggss,C3,12345,best,3143,YVbJ9g851Vg_000025,0.9871428571428571,0.2836734693877551,0.14656695565094988,0.01727998515264364,8.48189129540582
vggss,C3,12345,best,3144,YWabd_3AEfo_000049,0.9881632653061224,0.4243877551020408,0.13820968307869477,0.01640756394302675,8.423534630650286
vggss,C3,12345,best,3145,YXqu1CeA2c4_000044,0.9958163265306123,-0.2336734693877551,0.14152298404757185,0.014677281024282451,9.642316162880086
vggss,C3,12345,best,3146,YY1Qf9Q_Zx8_000037,0.9834693877551021,0.7076530612244898,0.1162964703884578,0.01923436646393318,6.04628546547286
vggss,C3,12345,best,3147,YY3DY_U9oBk_000049,0.945204081632653,0.21193877551020407,0.0910037762429924,0.02082261645590513,4.3704294527878345
vggss,C3,12345,best,3148,Y_H9pAXuz6M_000070,0.9841836734693877,0.686734693877551,0.1438642604254704,0.03560194581874965,4.040910043453433
vggss,C3,12345,best,3149,Ya5GiXz1gbA_000019,0.990204081632653,0.6494897959183673,0.1471360327132475,0.027386146832769454,5.372644556816181
vggss,C3,12345,best,3150,YaZx80MEyKs_000060,0.9938775510204082,0.012653061224489797,0.15733274446035603,0.013419456067595313,11.724226650309317
vggss,C3,12345,best,3151,YbLR6dgY-K4_000030,0.9886734693877551,0.8869387755102041,0.207952075402823,0.07985010358321716,2.604280596656987
vggss,C3,12345,best,3152,YbZXTk6NgTo_000030,0.993061224489796,0.7807142857142857,0.1910472325576138,0.022918823611221183,8.335821933900483
vggss,C3,12345,best,3153,Yd10enP9ykM_000030,0.9785714285714285,0.6537755102040816,0.13565742174150477,0.03013816309144713,4.501184140847749
vggss,C3,12345,best,3154,Ydz4uQX5_ow_000023,0.9955102040816326,-0.5407142857142857,0.13616128467112246,0.013110333953781899,10.385798344354487
vggss,C3,12345,best,3155,Yf7ypnJ2J-U_000039,0.993061224489796,0.7258163265306122,0.18683602984831663,0.0283939835723816,6.580127419318831
vggss,C3,12345,best,3156,YfGQuqGjSOU_000126,0.965,-0.13357142857142856,0.07088640493751196,0.016058240642727355,4.41433196292371
vggss,C3,12345,best,3157,YjOOi6WAjtI_000023,0.993265306122449,0.7807142857142857,0.1637609258653805,0.018211234111507893,8.99230249101559
vggss,C3,12345,best,3158,Ykv1CiXNXLQ_000134,0.9934693877551021,0.7044897959183674,0.16202859319027646,0.020252489640841455,8.000428394913351
vggss,C3,12345,best,3159,YlLC5aGq4Yw_000009,0.9907142857142858,0.6294897959183674,0.18038766953103988,0.023053904841223553,7.824603717825794
vggss,C3,12345,best,3160,YlpOZqnLeEs_000125,0.9809183673469388,0.8048979591836735,0.12184878642988982,0.02280349939657248,5.343424897680595
vggss,C3,12345,best,3161,Yn2KgQjK5R4_000200,0.99,0.3977551020408163,0.10519036502810974,0.014627879127195988,7.191087929660357
vggss,C3,12345,best,3162,YqLZdK_e4-A_000030,0.9901020408163266,0.8510204081632653,0.19772327890180877,0.0553024480454987,3.575307891237236
vggss,C3,12345,best,3163,YqvKDLbboxE_000027,0.9886734693877551,0.5724489795918367,0.09212195365860597,0.013784413345230452,6.683052180126411
vggss,C3,12345,best,3164,YrBpFByZmKM_000137,0.9853061224489796,0.4823469387755102,0.13485145785164115,0.01949896853652889,6.915825193471837
vggss,C3,12345,best,3165,Ys9Tvftkin0_000070,0.9955102040816326,-0.3604081632653061,0.15793721506636912,0.011165453460880442,14.14516800591412
vggss,C3,12345,best,3166,YsHxZjm-zg8_000120,0.9878571428571429,0.7172448979591837,0.19503499853340656,0.04043602629905633,4.8232978456134346
vggss,C3,12345,best,3167,YsUCzO0gfro_000060,0.9970408163265306,-0.6344897959183673,0.1128775728920719,0.010027951536986346,11.256294216794197
vggss,C3,12345,best,3168,YsX-dUhC-_4_000000,0.9956122448979592,0.056020408163265305,0.1412547837668727,0.01224632337645949,11.534464624574579
vggss,C3,12345,best,3169,Ysjdu0ZZmQE_000100,0.9895918367346939,0.9271428571428572,0.0584167825075155,0.018372727857527686,3.1795377888635596
vggss,C3,12345,best,3170,Ysqh1uzqGrc_000000,0.990204081632653,0.799795918367347,0.12106307653435872,0.02551301489448411,4.74514976121197
vggss,C3,12345,best,3171,Ytblri7hn-0_000031,0.993061224489796,-0.4133673469387755,0.1712637167703147,0.021162863874419683,8.092653139319548
vggss,C3,12345,best,3172,Ytj9squ563E_000006,0.9497959183673469,0.6613265306122449,0.08897073461096525,0.03013676840146118,2.9522320849322217
vggss,C3,12345,best,3173,YuU9VpAxb24_000003,0.9880612244897959,-0.7226530612244898,0.160526199905114,0.023725587027081243,6.765952712650844
vggss,C3,12345,best,3174,YuvmP7Lsr2k_000030,0.9733673469387755,-0.2745918367346939,0.09176990533600798,0.014171428515452599,6.475698990820975
vggss,C3,12345,best,3175,Yx5pH0S0Clc_000062,0.9597959183673469,0.3613265306122449,0.059263286259726156,0.012974582670624584,4.5676448918779196
vggss,C3,12345,best,3176,YxIScOdROZE_000090,0.9940816326530613,0.421734693877551,0.11111379948580531,0.013665656699747744,8.130878883256036
vggss,C3,12345,best,3177,YzCK7OtGzqs_000010,0.9959183673469387,0.8778571428571429,0.15848184477622992,0.020514527013702873,7.725347246386449
vggss,C3,12345,best,3178,YzUXMKt3nF4_000026,0.9689795918367347,-0.1083673469387755,0.08090763630747831,0.01819510170021534,4.446671287719198
vggss,C3,12345,best,3179,Z5X0bIh2Up8_000160,0.990204081632653,0.14346938775510204,0.11679497247436525,0.013870956658094034,8.420109394993503
vggss,C3,12345,best,3180,Z5XoxwA2e4c_000150,0.9741836734693877,-0.22173469387755101,0.11349897784518363,0.013376989990650956,8.48464250362054
vggss,C3,12345,best,3181,Z8e1GUopzRk_000050,0.9956122448979592,0.4669387755102041,0.16847485006081298,0.01353784563801332,12.444731205070578
vggss,C3,12345,best,3182,Z9xfJDftEUA_000261,0.9933673469387755,0.9276530612244898,0.16549893979883173,0.04607594253921786,3.5918731268050816
vggss,C3,12345,best,3183,ZAgmaBqrdEM_000017,0.9883673469387755,0.7372448979591837,0.11649117675578964,0.030100425978698726,3.8700839927723067
vggss,C3,12345,best,3184,ZBk-DylU4Ac_000013,0.9925510204081632,0.8298979591836735,0.07936641604534767,0.017196282747073372,4.6153239751105515
vggss,C3,12345,best,3185,ZC2-HlTYjqA_000050,0.9960204081632653,0.9227551020408163,0.12123299415595425,0.02811982104314985,4.311300344690042
vggss,C3,12345,best,3186,ZD86LBLgawc_000658,0.9895918367346939,0.8915306122448979,0.1301241348185682,0.04094940304176687,3.177680873292497
vggss,C3,12345,best,3187,ZECeW7EAQtM_000010,0.9952040816326531,0.9657142857142857,0.11861372777611316,0.04070017419824077,2.9143297323096014
vggss,C3,12345,best,3188,ZEP87KTkyNM_000277,0.9959183673469387,0.21326530612244898,0.13909308143609742,0.010348300984847777,13.44115151267447
vggss,C3,12345,best,3189,ZFs03gCSB_g_000270,0.9977551020408163,0.6864285714285714,0.1789939126763528,0.01916179296569352,9.341188113075646
vggss,C3,12345,best,3190,ZGYQX-172io_000011,0.9805102040816327,0.281734693877551,0.11841063748891713,0.021738817462018032,5.446967743107631
vggss,C3,12345,best,3191,ZGYQX-172io_000022,0.9791836734693877,0.022551020408163265,0.11947687938850884,0.02099899770776555,5.689646765584703
vggss,C3,12345,best,3192,ZGubbE6cRL0_000040,0.9957142857142857,0.7176530612244898,0.2045377728057364,0.014082217631174707,14.524542807301744
vggss,C3,12345,best,3193,ZHIwj6hmd4A_000000,0.9438775510204082,0.648469387755102,0.061331841394572005,0.01689265931071354,3.630680064427427
vggss,C3,12345,best,3194,ZIPScztJi0M_000049,0.9897959183673469,0.5957142857142858,0.07966916295291447,0.01218003992034604,6.540960741830724
vggss,C3,12345,best,3195,ZIgZ_OKQyF0_000215,0.9964285714285714,0.850204081632653,0.17745656654837338,0.018904845452540214,9.386829794185322
vggss,C3,12345,best,3196,ZJHBBH9gh2Y_000000,0.9959183673469387,0.8368367346938775,0.17512103870326498,0.04475716944930714,3.9126924436454935
vggss,C3,12345,best,3197,ZK2rF-mQ1Qk_000010,0.9859183673469388,0.7210204081632653,0.09326598030766707,0.020943344311732275,4.453251539937693
vggss,C3,12345,best,3198,ZKsNHjqLM1s_000046,0.988265306122449,0.38540816326530614,0.0703222932789568,0.008650714615251803,8.129073308576585
vggss,C3,12345,best,3199,ZMcJY8yLjUs_000011,0.9905102040816327,0.6879591836734694,0.0879043097345835,0.0192206843210297,4.573422478949191
vggss,C3,12345,best,3200,ZNEEzZXROTo_000058,0.99,0.2816326530612245,0.11947822362124177,0.013589114154736206,8.792201041272444
vggss,C3,12345,best,3201,ZOkDV5Z3Nn8_000012,0.9894897959183674,0.9152040816326531,0.15921600956320395,0.0562061733354966,2.832713919391702
vggss,C3,12345,best,3202,ZP0aFBkk3WE_000092,0.9870408163265306,0.6242857142857143,0.14338610654158085,0.01864049385233149,7.692183891557497
vggss,C3,12345,best,3203,ZPO1zpDqQ8I_000080,0.981938775510204,-0.046122448979591835,0.15642866292739144,0.030323955255606678,5.15858375363052
vggss,C3,12345,best,3204,ZPXK1-_fYy0_000259,0.9880612244897959,0.893265306122449,0.1426748481547268,0.046349100122902186,3.078265765169145
vggss,C3,12345,best,3205,ZPeG32vKQ3w_000030,0.9957142857142857,0.6095918367346939,0.17536303089200184,0.019385542080883215,9.046073107490436
vggss,C3,12345,best,3206,ZS4Chf9yh8s_000020,0.9757142857142858,0.3286734693877551,0.13284389433698696,0.021379199910365885,6.213698122191022
vggss,C3,12345,best,3207,ZSqKAFe326w_000063,0.9948979591836735,0.6598979591836734,0.12542592391515608,0.017250871974914497,7.270700524445678
vggss,C3,12345,best,3208,ZT3jQW3tvt0_000015,0.9922448979591837,0.5671428571428572,0.12718534415859892,0.02506683832122037,5.073848665267449
vggss,C3,12345,best,3209,ZUp2sBZvw5Q_000082,0.9954081632653061,0.7774489795918368,0.08330011099802637,0.012252387181191282,6.798684188327063
vggss,C3,12345,best,3210,ZVKgp2DGpcI_000010,0.9822448979591837,0.05418367346938775,0.12532116970378537,0.021601150918849742,5.801596876693583
vggss,C3,12345,best,3211,ZVKgp2DGpcI_000021,0.9725510204081632,0.5051020408163265,0.1008875102885287,0.026241683452793815,3.844551759418001
vggss,C3,12345,best,3212,ZXDg02kHzPA_000149,0.9915306122448979,0.7836734693877551,0.22543884973423442,0.0327331600317484,6.887170365329158
vggss,C3,12345,best,3213,ZXbnWlzc0ro_000540,0.9911224489795918,0.7738775510204081,0.14637927656977986,0.02020630387332862,7.244238109424539
vggss,C3,12345,best,3214,ZXsQAXx_ao0_000050,0.9948979591836735,-0.6864285714285714,0.16301928974789612,0.01818818258748621,8.962923533660602
vggss,C3,12345,best,3215,ZZhkohnlobs_000382,0.9951020408163266,0.8690816326530613,0.12358083975749933,0.029751858301724696,4.153718349429468
vggss,C3,12345,best,3216,ZZoM-leT_0U_000041,0.995,0.9114285714285715,0.17052841714036857,0.032278001892028355,5.28311565600607
vggss,C3,12345,best,3217,Za8bwlW9dNE_000089,0.9757142857142858,0.3309183673469388,0.13270915111409237,0.019255479181327893,6.892020181080765
vggss,C3,12345,best,3218,ZaVSw-V89HE_000040,0.9875510204081632,0.7760204081632653,0.10084100905311646,0.017043894324099963,5.916547423702803
vggss,C3,12345,best,3219,ZahBai58_Ec_000330,0.9935714285714285,0.7166326530612245,0.15889503439948277,0.02409049503588046,6.595756299852868
vggss,C3,12345,best,3220,ZdYth-f68M0_000192,0.9794897959183674,-0.26693877551020406,0.1206266561303973,0.022388104247387033,5.38797991993788
vggss,C3,12345,best,3221,ZeFA4i5ZaBU_000112,0.9790816326530613,0.8428571428571429,0.14824214793892296,0.045351837527376794,3.268713155215289
vggss,C3,12345,best,3222,ZedCPKaacjU_000326,0.9947959183673469,0.901734693877551,0.21117262208250132,0.04283454050080948,4.929961185845115
vggss,C3,12345,best,3223,ZfSlWX1C8yY_000030,0.9876530612244898,0.5304081632653062,0.10725328388181687,0.014514807956161509,7.389232031574214
vggss,C3,12345,best,3224,Zfn6CE4-jww_000245,0.9794897959183674,0.5502040816326531,0.12114066040426888,0.027360500055018538,4.427574794344774
vggss,C3,12345,best,3225,ZggvCXDeTPo_000355,0.9790816326530613,0.6703061224489796,0.12337077424157296,0.018513822259731742,6.663711712837873
vggss,C3,12345,best,3226,Zgogkej7gHg_000274,0.9713265306122449,0.4357142857142857,0.09850698816310333,0.02184551130538783,4.509255324173082
vggss,C3,12345,best,3227,Zhu5ogju62A_000001,0.9947959183673469,0.3460204081632653,0.16254166198200112,0.013003804000612773,12.499547207443433
vggss,C3,12345,best,3228,ZkNXSaL8GWQ_000003,0.9691836734693877,0.04693877551020408,0.10700199471343637,0.02211382591198324,4.838692098749551
vggss,C3,12345,best,3229,ZkUT6D-H7mk_000006,0.9727551020408163,0.22551020408163266,0.07991540012350917,0.01509217467678923,5.2951547298490915
vggss,C3,12345,best,3230,Zl29n4sL8_A_000037,0.9956122448979592,-0.7188775510204082,0.18504680245762195,0.021540665077958935,8.590579807443712
vggss,C3,12345,best,3231,ZlOdV1o8SpY_000004,0.9920408163265306,0.9262244897959183,0.18629011420996244,0.060435017126006574,3.082486331087636
vggss,C3,12345,best,3232,ZlcjYfd0rYM_000012,0.9923469387755102,0.7545918367346939,0.15066347317215187,0.02152844548750931,6.998344272444846
vggss,C3,12345,best,3233,ZmgkpmzvL6c_000030,0.9921428571428571,0.9176530612244898,0.2007228935954271,0.05042508902732071,3.9806155520454087
vggss,C3,12345,best,3234,ZnEEAfLC9Sg_000170,0.9940816326530613,0.8988775510204081,0.20168416891249474,0.026533870497576523,7.601008263416211
vggss,C3,12345,best,3235,ZnZtPgz8Sfw_000030,0.9747959183673469,0.48520408163265305,0.15447961671846608,0.035731732128128094,4.32331732938464
vggss,C3,12345,best,3236,ZnzUnrS1MEs_000023,0.9857142857142858,0.8341836734693877,0.1523975521207106,0.03860931556214216,3.9471705183539165
vggss,C3,12345,best,3237,ZoameGbMVt8_000110,0.9916326530612245,0.8571428571428571,0.1268350897357558,0.018241405419627005,6.953142415182902
vggss,C3,12345,best,3238,Zook_bGHT3E_000030,0.9666326530612245,0.7056122448979592,0.1808970873236267,0.046845908035084774,3.8615344415598822
vggss,C3,12345,best,3239,Zoq9CxiFhDA_000025,0.9888775510204082,0.9296938775510204,0.13845340672938247,0.04857910425504593,2.8500609233650347
vggss,C3,12345,best,3240,Zpy_FG4-CcU_000065,0.9901020408163266,-0.09255102040816326,0.1272082023094784,0.013546659558368541,9.390374192351699
vggss,C3,12345,best,3241,ZqFhbOL1WPA_000230,0.9890816326530613,0.8079591836734694,0.15970742484446374,0.0482672204378708,3.308817524515171
vggss,C3,12345,best,3242,ZqZG_CV2qQU_000030,0.9922448979591837,0.8093877551020409,0.1874405929597646,0.0742396539471771,2.524804238623365
vggss,C3,12345,best,3243,ZuBxMCk0cco_000140,0.9838775510204082,0.7059183673469388,0.09690075786727952,0.02288945285010461,4.233423948656626
vggss,C3,12345,best,3244,ZvOrojEQueY_000101,0.9776530612244898,0.5136734693877552,0.1341106493257851,0.03543972378605133,3.784190027422548
vggss,C3,12345,best,3245,ZwAplWOatRo_000020,0.9874489795918368,-0.027346938775510202,0.160403600424182,0.023223431511984128,6.906972397313806
vggss,C3,12345,best,3246,ZwU142gcENM_000110,0.9863265306122448,0.7722448979591837,0.10275094492669712,0.021544754119560378,4.769186241648032
vggss,C3,12345,best,3247,ZwzKM1_rx5g_000015,0.9933673469387755,0.9307142857142857,0.1281537750685604,0.035136898420476716,3.6472705568649815
vggss,C3,12345,best,3248,ZxiXftx2EMg_000477,0.9798979591836735,0.08010204081632653,0.1362134279248453,0.020996597457238322,6.487404837962799
vggss,C3,12345,best,3249,Zy-yrZ6h_g0_000036,0.9856122448979592,0.3948979591836735,0.1791992897072304,0.036556422620345495,4.901991958247494
vggss,C3,12345,best,3250,ZyiDGq0qh2s_000030,0.9879591836734694,0.5178571428571429,0.16559001131063464,0.021877851747500454,7.568842371808891
vggss,C3,12345,best,3251,_-UGWlp0IG0_000150,0.9724489795918367,0.47122448979591836,0.10231364432592908,0.019992430078036236,5.117619215201421
vggss,C3,12345,best,3252,_-W48cCMzXU_000102,0.9736734693877551,0.15051020408163265,0.13208575701268763,0.03159625165512357,4.180424895155844
vggss,C3,12345,best,3253,_-ZSRcrbRGI_000140,0.9754081632653061,0.695204081632653,0.07493993759820329,0.015105134938777513,4.961222650571589
vggss,C3,12345,best,3254,_-_5kbw2Mcw_000000,0.9916326530612245,-0.06326530612244897,0.167158936725975,0.013130983514279678,12.730115496999373
vggss,C3,12345,best,3255,_-_U21mzk40_000030,0.986734693877551,-0.23581632653061224,0.10975216723432998,0.01747852660756533,6.279257382417196
vggss,C3,12345,best,3256,_1TjLs6_Geo_000013,0.976530612244898,-0.10214285714285715,0.11643812506040353,0.02814775304889325,4.136675664950876
vggss,C3,12345,best,3257,_1vudgh5RpE_000059,0.9886734693877551,0.7144897959183674,0.14791342253123724,0.02648760988656948,5.584249510041169
vggss,C3,12345,best,3258,_2hXtglCsD8_000002,0.9939795918367347,-0.49948979591836734,0.15380317568678398,0.016068242811221076,9.571872761306373
vggss,C3,12345,best,3259,_2hXtglCsD8_000016,0.995,-0.6258163265306123,0.15121961330039682,0.01718856981080701,8.79768444756353
vggss,C3,12345,best,3260,_2nAf41g-4k_000000,0.9786734693877551,0.8751020408163265,0.15842959001746923,0.04511038035234262,3.5120428774935357
vggss,C3,12345,best,3261,_3kxB2-MfWI_000030,0.9947959183673469,0.8343877551020408,0.16085847609231654,0.023699476357218873,6.787427437961893
vggss,C3,12345,best,3262,_4GHOB8H3FQ_000225,0.9916326530612245,0.568265306122449,0.11142018847479207,0.013932631255149023,7.997067203914909
vggss,C3,12345,best,3263,_4NEAgqguN0_000220,0.9795918367346939,0.7354081632653061,0.08020038646945583,0.025609716836165513,3.1316389393340933
vggss,C3,12345,best,3264,_4rolMIFkgQ_000030,0.9828571428571429,-0.3823469387755102,0.14053780766816237,0.020778129761021828,6.763737125744613
vggss,C3,12345,best,3265,_547JTmvb9g_000030,0.9790816326530613,-0.4144897959183673,0.13961081533326414,0.01416779902397857,9.854093433777335
vggss,C3,12345,best,3266,_6gpB_Trvo8_000000,0.976326530612245,0.3352040816326531,0.09462835876812287,0.020824068675294148,4.54418203491572
vggss,C3,12345,best,3267,_6uZ1HyHSQY_000110,0.9847959183673469,0.3946938775510204,0.11376668717013443,0.021014096045912894,5.413827314844757
vggss,C3,12345,best,3268,_8HcEdMMbzQ_000130,0.9963265306122449,-0.6624489795918367,0.16362036975834254,0.016234797486819337,10.078374546475384
vggss,C3,12345,best,3269,_8JGpCc5RI8_000160,0.9933673469387755,0.9080612244897959,0.16542147326243922,0.04433400982376143,3.7312544910787495
vggss,C3,12345,best,3270,_8VTJcZAwaw_000003,0.9925510204081632,0.7763265306122449,0.11878949933385757,0.0225947000978144,5.257405445507469
vggss,C3,12345,best,3271,_A30xsFBMXA_000040,0.9873469387755102,0.15928571428571428,0.11645951134101022,0.017376149866222677,6.702262137333121
vggss,C3,12345,best,3272,_AUtYTaYMrE_000100,0.9937755102040816,0.7054081632653061,0.15651889292907895,0.014129008342645038,11.077839939881983
vggss,C3,12345,best,3273,_AadO6XA3OU_000030,0.9886734693877551,0.34816326530612246,0.09682793181068491,0.014546967688364396,6.6562278740836245
vggss,C3,12345,best,3274,_Afs4B07Xog_000022,0.988265306122449,0.9013265306122449,0.1689644874564725,0.053661364458882234,3.148717688420702
vggss,C3,12345,best,3275,_AhsSM_70wg_000029,0.9944897959183674,-0.4323469387755102,0.2127123076602765,0.016176012817231293,13.149860232163478
vggss,C3,12345,best,3276,_AopX_dxdZ0_000010,0.991938775510204,0.08683673469387755,0.11019341869779385,0.009305637191715782,11.841576931012533
vggss,C3,12345,best,3277,_Bih7lCMSz8_000223,0.9866326530612245,0.10959183673469387,0.1120357547802125,0.017559525480373588,6.38034068206659
vggss,C3,12345,best,3278,_BoK6vI1wWA_000035,0.9907142857142858,0.7790816326530612,0.14772943271855818,0.027882911916383427,5.298206771286158
vggss,C3,12345,best,3279,_CSKpoaeeAc_000014,0.9916326530612245,0.6993877551020408,0.1444839387653797,0.020146773827759007,7.171567021132889
vggss,C3,12345,best,3280,_DGLk4D-leg_000018,0.9940816326530613,0.8634693877551021,0.1635790839153407,0.034283456297200074,4.771370847130725
vggss,C3,12345,best,3281,_DmA5okgdeQ_000004,0.993061224489796,0.6321428571428571,0.07272386962494161,0.011521893729798102,6.3117983319757585
vggss,C3,12345,best,3282,_F4l0BMbBf8_000286,0.9916326530612245,0.8053061224489796,0.19480525517988898,0.02879882458403,6.7643474340933905
vggss,C3,12345,best,3283,_GoMg7oF7Ww_000074,0.9876530612244898,0.6161224489795918,0.14406503105995425,0.029409050656811743,4.89866309324697
vggss,C3,12345,best,3284,_GzKC_7QmUE_000385,0.9719387755102041,0.4357142857142857,0.09072760483168965,0.016689140695140024,5.436325721557975
vggss,C3,12345,best,3285,_JgY3UNXvVI_000030,0.9876530612244898,0.3460204081632653,0.1508814359999076,0.021200852969745183,7.11676252909371
vggss,C3,12345,best,3286,_L5Jp1l3kMQ_000061,0.9671428571428572,0.09959183673469388,0.07806617886901662,0.014927404616857059,5.229722170246453
vggss,C3,12345,best,3287,_MBCVvbtdtI_000470,0.9861224489795918,0.93,0.15349219881141266,0.060379086301265414,2.542141794686214
vggss,C3,12345,best,3288,_NW6RuwbP1Q_000020,0.9929591836734694,-0.055,0.20453995495285082,0.016136591339919355,12.675536651092575
vggss,C3,12345,best,3289,_OocUoF31oE_000059,0.9848979591836735,0.38816326530612244,0.1344813635995908,0.03260663471336004,4.124355818433763
vggss,C3,12345,best,3290,_Oq8cy6T4KA_000091,0.9958163265306123,0.4636734693877551,0.1331022455903491,0.010798852760358461,12.325591296045308
vggss,C3,12345,best,3291,_QjCOK638vc_000036,0.9977551020408163,0.7075510204081633,0.20004143765897464,0.026064411265826405,7.674888015646575
vggss,C3,12345,best,3292,_Qnw4_agm-0_000030,0.9865306122448979,0.9409183673469388,0.18229074641452983,0.05982101672811088,3.0472692773352414
vggss,C3,12345,best,3293,_QsEc34hEik_000053,0.9693877551020408,-0.0776530612244898,0.0995509053020557,0.018214104613879265,5.465594242068713
vggss,C3,12345,best,3294,_R9Ma9rjEWg_000030,0.9953061224489796,0.08591836734693878,0.12340519476162434,0.008328874734327987,14.816550698379695
vggss,C3,12345,best,3295,_RLsXrr0fQo_000080,0.9933673469387755,0.8420408163265306,0.21524390122800535,0.05933859425258243,3.627384570517322
vggss,C3,12345,best,3296,_Sll3DT8FxE_000041,0.9626530612244898,0.4008163265306122,0.11987792599404686,0.030146614219219416,3.9764971655629875
vggss,C3,12345,best,3297,_TIP8swMSi8_000052,0.9901020408163266,0.7729591836734694,0.15158578297198635,0.03237634422594392,4.68199194801361
vggss,C3,12345,best,3298,_U8kAFAm8tQ_000030,0.9831632653061224,0.3356122448979592,0.12891896697576527,0.017271365770812157,7.464318032893068
vggss,C3,12345,best,3299,_UmY2aYt1YQ_000030,0.9918367346938776,0.6530612244897959,0.14297637703211108,0.025786439855914816,5.54463422756343
vggss,C3,12345,best,3300,_WJFzZwYgoQ_000000,0.9976530612244898,0.7673469387755102,0.2121603997842256,0.021436514179290267,9.897150162090856
vggss,C3,12345,best,3301,_X69MdLl5rU_000176,0.9891836734693877,0.8156122448979591,0.17110709422779513,0.025986204106452814,6.584535914782042
vggss,C3,12345,best,3302,_XA3BaNyf4Q_000069,0.9907142857142858,0.8397959183673469,0.15141541691662294,0.04014087977605083,3.77210010745608
vggss,C3,12345,best,3303,_Y-r06UNOoc_000073,0.9856122448979592,0.8615306122448979,0.1109559662107036,0.02937900300394481,3.7767097200611333
vggss,C3,12345,best,3304,_Yy8LLBGm60_000049,0.9929591836734694,0.7035714285714286,0.13839019829775087,0.021007421455550117,6.587681338738909
vggss,C3,12345,best,3305,_Zh3mvd4Ci8_000050,0.9931632653061224,0.7991836734693878,0.1464197960382732,0.01964064021980585,7.454940083400223
vggss,C3,12345,best,3306,_Zl_z4n_T9M_000471,0.9908163265306122,0.7077551020408164,0.13524330792046088,0.024293200735605223,5.567125937515599
vggss,C3,12345,best,3307,__2MwJ2uHu0_000004,0.9897959183673469,0.7718367346938776,0.15607841142361265,0.02439049152354844,6.399149901219606
vggss,C3,12345,best,3308,__d25T3IAOg_000325,0.9756122448979592,0.4306122448979592,0.0844200411789994,0.020335393534772494,4.151384679851186
vggss,C3,12345,best,3309,__p-iA312kg_000070,0.9843877551020408,0.7230612244897959,0.12638134558692832,0.023138963804117514,5.461841189467573
vggss,C3,12345,best,3310,__uEjp7_UDw_000100,0.9920408163265306,0.4773469387755102,0.17800170565815457,0.03314288324479705,5.370736889226385
vggss,C3,12345,best,3311,_aggk5tA7hM_000047,0.9880612244897959,0.7855102040816326,0.18148995095659698,0.03557580804807531,5.101499049897639
vggss,C3,12345,best,3312,_bAVmK7n0fs_000130,0.9908163265306122,0.5918367346938775,0.13041224289903305,0.017153693471626378,7.602575102251048
vggss,C3,12345,best,3313,_bBUW5C5yW4_000053,0.998061224489796,0.8122448979591836,0.16745327628081416,0.013167474431002501,12.717190161125314
vggss,C3,12345,best,3314,_bIE0Cnyaf4_000056,0.9725510204081632,0.3513265306122449,0.13132393427867062,0.02069789976424676,6.344795161561156
vggss,C3,12345,best,3315,_bkX5VkZg8U_000189,0.9913265306122448,0.9439795918367347,0.09760261552546262,0.032393762936416534,3.0130064147545936
vggss,C3,12345,best,3316,_cES7Twcq18_000006,0.9947959183673469,0.9348979591836735,0.1865871966775875,0.05475354340953032,3.4077647775597737
vggss,C3,12345,best,3317,_cb_U_z_Ct0_000030,0.9857142857142858,0.8040816326530612,0.12530675143419123,0.029081866692599167,4.308758882595375
vggss,C3,12345,best,3318,_dlpgziE7CU_000010,0.9837755102040816,0.8998979591836734,0.09012822980026343,0.022901259398965465,3.9355141230501434
vggss,C3,12345,best,3319,_eBYRnly4m8_000097,0.9780612244897959,0.8651020408163266,0.17733082949236373,0.04976229221945146,3.5635583005367932
vggss,C3,12345,best,3320,_eLVrgvrVBQ_000020,0.9811224489795919,0.04051020408163265,0.1609081131722185,0.02357147958700304,6.826390026909504
vggss,C3,12345,best,3321,_fTONy_pqik_000030,0.9894897959183674,0.2873469387755102,0.12673799236569308,0.011303382671151456,11.21239509029048
vggss,C3,12345,best,3322,_fprJMwmYoU_000221,0.9896938775510205,0.559795918367347,0.0545770005216617,0.010736199565092657,5.083456225898749
vggss,C3,12345,best,3323,_gG0KNGD47M_000030,0.9439795918367347,0.12836734693877552,0.07143788325995824,0.015779234681546447,4.527335114896521
vggss,C3,12345,best,3324,_hd1tNgkZz8_000009,0.985204081632653,0.8579591836734693,0.16196461960257766,0.03310632194291947,4.892256526769426
vggss,C3,12345,best,3325,_k2hN2MlHoA_000030,0.9879591836734694,-0.6858163265306122,0.15048570768349284,0.015194286241855589,9.904098507039507
vggss,C3,12345,best,3326,_kgVaDLEXMQ_000047,0.9018367346938776,0.06704081632653061,0.05875296556223677,0.024472639198708457,2.4007613190054897
vggss,C3,12345,best,3327,_mB-DrTf79o_000130,0.9785714285714285,0.6324489795918368,0.09510344241281882,0.018560427187331398,5.1239899520056635
vggss,C3,12345,best,3328,_nMkSRVn6G0_000012,0.9859183673469388,0.5385714285714286,0.12529586624107078,0.03022827295424206,4.144989243372817
vggss,C3,12345,best,3329,_pa-9nYl1QE_000037,0.9768367346938776,0.04683673469387755,0.07756580462317213,0.011776094654170429,6.586717150384206
vggss,C3,12345,best,3330,_peXjzFQ2_c_000030,0.9720408163265306,0.1593877551020408,0.08236958238631362,0.014494839488980811,5.682683305940171
vggss,C3,12345,best,3331,_pquL-kF_FM_000229,0.9927551020408163,-0.7529591836734694,0.16855477879228484,0.021030987874526928,8.014591601588107
vggss,C3,12345,best,3332,_qL20ImF8bE_000014,0.9775510204081632,0.08336734693877551,0.11267552720002424,0.020772354317971694,5.4243021987421205
vggss,C3,12345,best,3333,_qL20ImF8bE_000047,0.9906122448979592,0.6553061224489796,0.11572343703065684,0.021535667367287743,5.373570972146351
vggss,C3,12345,best,3334,_r--eecSZRk_000024,0.9936734693877551,0.8823469387755102,0.14813835971060926,0.02777320858767207,5.333858320437801
vggss,C3,12345,best,3335,_rgOfS3NOSY_000108,0.9822448979591837,0.8962244897959184,0.11434241498329119,0.049562664080694485,2.307027217042385
vggss,C3,12345,best,3336,_sQ3jyZ2MnI_000000,0.9733673469387755,0.3335714285714286,0.13020623193003192,0.026386980968898487,4.934487658269886
vggss,C3,12345,best,3337,_snV8otOVmg_000293,0.9895918367346939,0.030918367346938775,0.0927842795547819,0.011838419756486347,7.837556148821704
vggss,C3,12345,best,3338,_uZaiX3Awog_000002,0.9883673469387755,0.7416326530612245,0.12934392176897375,0.021560703994533695,5.9990583703466465
vggss,C3,12345,best,3339,_uswoJHYy14_000060,0.9820408163265306,0.7524489795918368,0.12379998477633225,0.03180271411592417,3.8927490378672887
vggss,C3,12345,best,3340,_w8u8H6TP_o_000000,0.9926530612244898,0.06622448979591837,0.1534241421572251,0.017031588513037217,9.008210951067959
vggss,C3,12345,best,3341,_wNC03n2xmg_000211,0.990204081632653,0.8546938775510204,0.17127413511472864,0.035612896957114615,4.809328915897479
vggss,C3,12345,best,3342,_xXjtC5N1-Q_000030,0.9880612244897959,0.6860204081632653,0.11385567342181795,0.027271634872852245,4.174875248683988
vggss,C3,12345,best,3343,_xsRyM_fXYI_000034,0.9934693877551021,0.9490816326530612,0.12192035204020633,0.030434243721728087,4.006025356009194
vggss,C3,12345,best,3344,_yH2zKXrXWg_000000,0.9951020408163266,0.701530612244898,0.1443807559352263,0.012922127535803662,11.17314122888719
vggss,C3,12345,best,3345,_yL7bluGUFI_000014,0.9891836734693877,-0.8068367346938775,0.11645322815886895,0.018852830795153125,6.176962463844311
vggss,C3,12345,best,3346,_yWsqs9FOnU_000010,0.9936734693877551,0.7706122448979592,0.2132614578272341,0.0547363387654488,3.8961586148661276
vggss,C3,12345,best,3347,_z72jRCSaeE_000080,0.9962244897959184,-0.5136734693877552,0.1433242283843481,0.014455015896956526,9.915189952473503
vggss,C3,12345,best,3348,a0bjjOHwpjg_000012,0.9941836734693877,0.715204081632653,0.15930660892557919,0.020947500732253713,7.605041334610785
vggss,C3,12345,best,3349,a1THgU6-Wj0_000440,0.9905102040816327,0.7343877551020408,0.17289060621065208,0.03227353517660539,5.357039607361574
vggss,C3,12345,best,3350,a23NBJ73THw_000045,0.9880612244897959,0.2897959183673469,0.1073574103303239,0.012423063146671779,8.64178255095529
vggss,C3,12345,best,3351,a23miUKGq6c_000003,0.9958163265306123,0.15112244897959184,0.1612248549156326,0.009637436477369053,16.72901868606098
vggss,C3,12345,best,3352,a23miUKGq6c_000042,0.9960204081632653,0.5428571428571428,0.1456239183366247,0.011470584427389876,12.695422736168407
vggss,C3,12345,best,3353,a23vS080B2E_000100,0.9948979591836735,0.246734693877551,0.13345413928072972,0.013393839631827872,9.963844793512514
vggss,C3,12345,best,3354,a3RfULw7aAY_000000,0.9885714285714285,0.8531632653061224,0.11379820943213538,0.02700930565391911,4.2132963686766605
vggss,C3,12345,best,3355,a3UQ9Je4xQM_000020,0.9962244897959184,0.09520408163265306,0.2033579258744503,0.010205498134354786,19.926310621711465
vggss,C3,12345,best,3356,a3_gdGLyCAw_000186,0.9403061224489796,0.3283673469387755,0.05844650365660553,0.018324147587268188,3.189589222541232
vggss,C3,12345,best,3357,a4GXcNNy5ZY_000003,0.9866326530612245,0.1936734693877551,0.11188282236942845,0.013083212154761957,8.551632507824612
vggss,C3,12345,best,3358,a4HgsaaMErU_000000,0.9945918367346939,0.9079591836734694,0.16018158131993365,0.03111871457779796,5.147435666710257
vggss,C3,12345,best,3359,a59ivTlYoNk_000310,0.9968367346938776,0.6687755102040817,0.19085466213065538,0.0205086903123639,9.30603852434187
vggss,C3,12345,best,3360,a5vTn5286-A_000080,0.9776530612244898,0.6791836734693878,0.07215832365352282,0.021097621957417323,3.4202112351413145
vggss,C3,12345,best,3361,a6LS3EVuut4_000083,0.9935714285714285,0.7451020408163266,0.17513779886410044,0.022577074090492578,7.757329322751023
vggss,C3,12345,best,3362,a6RbnrOOc-M_000090,0.9795918367346939,0.7354081632653061,0.13965114644605361,0.03369719513064085,4.144295865119909
vggss,C3,12345,best,3363,a7-ewvYJgiQ_000121,0.9885714285714285,0.5661224489795919,0.07580395664254122,0.012079781188644076,6.27527564106896
vggss,C3,12345,best,3364,a8cRcNvRJgg_000064,0.9915306122448979,0.1439795918367347,0.13155524136227054,0.015688789782855022,8.385302064920033
vggss,C3,12345,best,3365,a9lp5Gre6Mw_000009,0.9898979591836735,0.7771428571428571,0.11857207081927881,0.03337581919053386,3.552634023524089
vggss,C3,12345,best,3366,aALMH6QHOVg_000017,0.9785714285714285,-0.5933673469387755,0.10842030550415539,0.023492230706139393,4.615155830043042
vggss,C3,12345,best,3367,aAnCOKxPgaA_000140,0.9957142857142857,0.8118367346938775,0.13202305802585756,0.024423454921559264,5.4055848547994385
vggss,C3,12345,best,3368,aBI4otPGdKU_000390,0.9911224489795918,0.8005102040816326,0.16609850664949896,0.026170531826406898,6.346776127869908
vggss,C3,12345,best,3369,aBXntqgPo6Q_000040,0.9927551020408163,-0.4489795918367347,0.1590666317756638,0.016779434566567563,9.479856496034646
vggss,C3,12345,best,3370,aBdr7mO5nyw_000288,0.9873469387755102,-0.6255102040816326,0.11815063611378039,0.01875595740355494,6.299365773318856
vggss,C3,12345,best,3371,aCUZuMblJPg_000080,0.9966326530612245,0.8907142857142857,0.18032152011525662,0.03590098870984307,5.022745238930353
vggss,C3,12345,best,3372,aDclY0lRUu8_000129,0.9965306122448979,0.686734693877551,0.1746705425274002,0.015322525859571109,11.399591955545205
vggss,C3,12345,best,3373,aDsnFA2GDQw_000153,0.9922448979591837,0.9553061224489796,0.13013255520935973,0.03581421514953398,3.633544799628341
vggss,C3,12345,best,3374,aE-_vO4AagE_000070,0.9877551020408163,-0.31479591836734694,0.10457773682317088,0.016424939052953457,6.367009124722822
vggss,C3,12345,best,3375,aESAKt3teu0_000030,0.9681632653061224,0.3143877551020408,0.09070542317144126,0.02335859077831061,3.8831718930435173
vggss,C3,12345,best,3376,aEYwqY-Zt_k_000011,0.9958163265306123,0.8902040816326531,0.19986695204137092,0.020027603811354665,9.979573888317892
vggss,C3,12345,best,3377,aFKE_xiCSLY_000099,0.9736734693877551,0.8320408163265306,0.17264693921960889,0.05255009139344393,3.2853784768326406
vggss,C3,12345,best,3378,aFKTFN8p-pw_000053,0.9798979591836735,0.6179591836734694,0.16205034321947778,0.04479370926212433,3.6177031527170427
vggss,C3,12345,best,3379,aFfXpjfI2nk_000090,0.9957142857142857,0.23091836734693877,0.1553289871802418,0.011819881722124522,13.141331768954684
vggss,C3,12345,best,3380,aHx50zHbHbE_000013,0.9790816326530613,0.8987755102040816,0.1792399449288681,0.064323175636512,2.7865531071063203
vggss,C3,12345,best,3381,aIKqoPShvNs_000070,0.9733673469387755,0.1073469387755102,0.06442905036330132,0.01444056731521145,4.4616703040075745
vggss,C3,12345,best,3382,aJBHU0__eZI_000413,0.996938775510204,0.8998979591836734,0.2025845242061639,0.033799673908631984,5.993682801609117
vggss,C3,12345,best,3383,aJNiSRqdCco_000011,0.993061224489796,-0.513061224489796,0.1315911095741004,0.014746455032929776,8.923575820781947
vggss,C3,12345,best,3384,aKZ3NJi8GVU_000000,0.9822448979591837,0.8464285714285714,0.11500224941560044,0.023388464297070633,4.917050044624105
vggss,C3,12345,best,3385,aKdPOb-VW7g_000437,0.9947959183673469,0.11683673469387755,0.16227537156432875,0.012864438780579057,12.614259691554487
vggss,C3,12345,best,3386,aKiYt30HO0k_000004,0.9915306122448979,0.26316326530612244,0.18552405534548555,0.015728624715193974,11.79531323970543
vggss,C3,12345,best,3387,aLL-B4ul-Dg_000620,0.9943877551020408,0.7410204081632653,0.1514077950952108,0.018137595425953217,8.347732515775508
vggss,C3,12345,best,3388,aN4VaaPbptE_000137,0.983265306122449,0.4975510204081633,0.07870812722505045,0.015217231579319285,5.172302650109983
vggss,C3,12345,best,3389,aNKWalYyU0g_000012,0.9891836734693877,0.8063265306122449,0.15795305145116673,0.030053358677714383,5.2557537127553875
vggss,C3,12345,best,3390,aNkOcOCm32s_000010,0.9958163265306123,0.8565306122448979,0.1575542814852785,0.021409124354506103,7.359211842408545
vggss,C3,12345,best,3391,aNmPy_PCO1I_000080,0.9494897959183674,0.3693877551020408,0.06572065934362264,0.018809151234289823,3.49407894726325
vggss,C3,12345,best,3392,aO5LRQS08E4_000087,0.9944897959183674,-0.06938775510204082,0.12639100779309878,0.009978415893572635,12.666440158553685
vggss,C3,12345,best,3393,aOOqSWgmRJM_000033,0.9870408163265306,0.899795918367347,0.13396743546305767,0.05680294764638335,2.3584592175928636
vggss,C3,12345,best,3394,aP3YC0i0yyY_000082,0.993061224489796,0.7203061224489796,0.16690175687624115,0.02410206282798911,6.92479137853804
vggss,C3,12345,best,3395,aPGfndmW1zM_000263,0.9833673469387755,0.42336734693877554,0.10346849588647102,0.01655564816079336,6.2497399607405475
vggss,C3,12345,best,3396,aPRH3YE7Lpo_000253,0.9863265306122448,-0.2907142857142857,0.14231459737373495,0.014396981932059958,9.885029935115867
vggss,C3,12345,best,3397,aS4pa9XV7yA_000030,0.9965306122448979,0.8729591836734694,0.15529670229940967,0.017279851911506522,8.987154698704263
vggss,C3,12345,best,3398,aS5eOryeLbM_000210,0.9942857142857143,0.6895918367346939,0.11970936366602647,0.013600729582329132,8.801686919910527
vggss,C3,12345,best,3399,aSDoEYTHGUA_000030,0.986734693877551,0.8169387755102041,0.09260075744475883,0.02267702207103243,4.083461979915202
vggss,C3,12345,best,3400,aSJKZRwMsxE_000050,0.991734693877551,-0.048877551020408166,0.12401645789246944,0.014179228382321392,8.746347442085966
vggss,C3,12345,best,3401,aTdpU4HGxXA_000109,0.9926530612244898,0.059489795918367346,0.12411082734903786,0.013381254946002192,9.274976663240203
vggss,C3,12345,best,3402,aU3PT6cU-5g_000395,0.9862244897959184,0.12020408163265306,0.10586118933101056,0.013299598641764523,7.9597281228154
vggss,C3,12345,best,3403,aU8dxXh2yqk_000390,0.9943877551020408,0.8588775510204082,0.14235825958316686,0.028414469567799215,5.010062188332904
vggss,C3,12345,best,3404,aUG81LArlcM_000049,0.9923469387755102,-0.09908163265306122,0.10358540897668414,0.010441302349242978,9.920736466767899
vggss,C3,12345,best,3405,aUfDxRelPHg_000022,0.9373469387755102,0.36775510204081635,0.0920444562819192,0.03196968094802985,2.8791171370007524
vggss,C3,12345,best,3406,aW3_8p1ElDw_000030,0.9905102040816327,0.8194897959183673,0.14070730081153504,0.015931562926716603,8.831983494574438
vggss,C3,12345,best,3407,aWJDNhMn408_000025,0.9891836734693877,0.8541836734693877,0.13491360764924004,0.0353550827272273,3.8159607400760436
vggss,C3,12345,best,3408,aWgRtDIA2U4_000029,0.9903061224489796,0.2223469387755102,0.1419300404012569,0.014033406797132948,10.113726656185401
vggss,C3,12345,best,3409,aXV-yaFmQNk_000070,0.9887755102040816,0.580204081632653,0.09818350878646354,0.016311311459766394,6.0193509901790385
vggss,C3,12345,best,3410,aZ2SllViDNM_000165,0.9904081632653061,-0.4897959183673469,0.1076497006454694,0.016903701963973266,6.368409764612651
vggss,C3,12345,best,3411,aZNrJFxR9HU_000013,0.9875510204081632,0.8004081632653062,0.12338599577404752,0.023513789250658498,5.247388860159667
vggss,C3,12345,best,3412,aZfszZqR7i4_000120,0.9788775510204082,0.338265306122449,0.1346542030719112,0.02279459950699201,5.907285321271269
vggss,C3,12345,best,3413,aZj3L_Pjz8A_000100,0.9877551020408163,0.8007142857142857,0.10763067980414527,0.024636944878142417,4.368669911651011
vggss,C3,12345,best,3414,aZxm-nYkpNs_000003,0.9903061224489796,0.7092857142857143,0.09711394029062594,0.018029303920847454,5.386449788465331
vggss,C3,12345,best,3415,a_HZ5bMXveM_000033,0.9764285714285714,0.6580612244897959,0.1668082037699078,0.037566678366167644,4.440323473478411
vggss,C3,12345,best,3416,a_HzXa0YVIo_000170,0.9885714285714285,0.9351020408163265,0.1329040889998391,0.03908563086203684,3.400331172060636
vggss,C3,12345,best,3417,aa09xLmz7sY_000023,0.9921428571428571,0.7775510204081633,0.1780355304897091,0.027760564419102733,6.413253268265628
vggss,C3,12345,best,3418,aajx_w7vgjA_000003,0.9916326530612245,0.6411224489795918,0.1531645963315407,0.0192389664157909,7.961165533603028
vggss,C3,12345,best,3419,acepdtp7F7Y_000348,0.9947959183673469,0.3659183673469388,0.21152301015062328,0.015965807427623255,13.24850065425796
vggss,C3,12345,best,3420,ad6gQQ_0evk_000030,0.9936734693877551,0.828469387755102,0.17706263382456044,0.027768604275562984,6.376360585770588
vggss,C3,12345,best,3421,agkVG4i1-5k_000134,0.9895918367346939,0.5837755102040816,0.12764205643888413,0.01791566779389035,7.124605005369266
vggss,C3,12345,best,3422,ai3XR_nPrpI_000101,0.9928571428571429,0.9285714285714286,0.18849664277721645,0.04520185440116595,4.1701086221886134
vggss,C3,12345,best,3423,ai3XR_nPrpI_000150,0.99,0.9322448979591836,0.18354073012927538,0.04809294317442315,3.8163755015701817
vggss,C3,12345,best,3424,aidxQEWjcjI_000070,0.993265306122449,0.5704081632653061,0.14521586333725703,0.018349826141729954,7.913746005855433
vggss,C3,12345,best,3425,al7bGtNVe4E_000161,0.9895918367346939,0.7539795918367347,0.11273706052538021,0.03337643397067815,3.3777443277619748
vggss,C3,12345,best,3426,alMbWx4lVL4_000030,0.9793877551020408,0.6513265306122449,0.12432334138710406,0.02773190757389856,4.483043261838863
vggss,C3,12345,best,3427,amEW4O2Z350_000035,0.9468367346938775,0.3376530612244898,0.08512580038177854,0.012678410806729863,6.714232696781893
vggss,C3,12345,best,3428,amHGECYhLoY_000055,0.9767346938775511,-0.5094897959183673,0.15564987729370167,0.01534192999996325,10.145390918487733
vggss,C3,12345,best,3429,amZFmEB9Opg_000032,0.9972448979591837,-0.6492857142857142,0.19909131515394227,0.012122359922945341,16.423478301209318
vggss,C3,12345,best,3430,amniAzV2-jM_000030,0.9901020408163266,-0.3174489795918367,0.12028375855484416,0.013738770283602262,8.755060028800928
vggss,C3,12345,best,3431,an8sNYncBao_000450,0.9947959183673469,0.5248979591836734,0.1206031914802928,0.010454578397506414,11.535921095494258
vggss,C3,12345,best,3432,aouKweCzxj8_000290,0.9626530612244898,0.736734693877551,0.08930401046899843,0.02547595464795202,3.5054235141754524
vggss,C3,12345,best,3433,apZT-WEJ--A_000175,0.9884693877551021,0.6677551020408163,0.0976514285316853,0.014804898973990175,6.595886179516872
vggss,C3,12345,best,3434,apiwldD6mRo_000020,0.9953061224489796,0.7353061224489796,0.2117770980740953,0.033442059236773444,6.332657225881046
vggss,C3,12345,best,3435,aqhhfkXKJ1o_000010,0.9745918367346939,0.9170408163265306,0.18121882137109682,0.06678669900806213,2.7133968898391143
vggss,C3,12345,best,3436,aridgcppt0g_000038,0.9911224489795918,0.6681632653061225,0.17316305058393774,0.026046534300182455,6.648218476525867
vggss,C3,12345,best,3437,as7MhTe961k_000170,0.9821428571428571,0.7272448979591837,0.1372025966623022,0.027580594457118374,4.974606217267049
vggss,C3,12345,best,3438,asrePkOXpU0_000049,0.981734693877551,0.6422448979591837,0.09135124478349847,0.018440135768099455,4.953935585524903
vggss,C3,12345,best,3439,auC_LgwFF8g_000030,0.9906122448979592,-0.7013265306122449,0.12453442174015536,0.01744089228978338,7.140369865887298
vggss,C3,12345,best,3440,avMMHoVQdTI_000039,0.9916326530612245,0.8355102040816327,0.14814456457318834,0.029806876324244374,4.970147256010527
vggss,C3,12345,best,3441,avtZJKydB-E_000079,0.990204081632653,0.9370408163265306,0.1382956426825371,0.03413392751266959,4.051559628794709
vggss,C3,12345,best,3442,awQP-69K3rY_000420,0.9939795918367347,0.8059183673469388,0.1426043907122297,0.024092163080880455,5.9191194345434495
vggss,C3,12345,best,3443,awfbE0KxEjE_000380,0.9818367346938776,0.2969387755102041,0.13436113093621743,0.031976441043847934,4.201878837984932
vggss,C3,12345,best,3444,awn0pAyJJYk_000030,0.9972448979591837,-0.14530612244897959,0.14290526775168055,0.010697587694967944,13.358644194045915
vggss,C3,12345,best,3445,axSlCt0ZHVI_000151,0.9934693877551021,0.481734693877551,0.1600596159543528,0.019089180506486097,8.384834325390132
vggss,C3,12345,best,3446,b-5nX20MGoE_000058,0.9744897959183674,-0.44642857142857145,0.10114631837798237,0.022533649309537173,4.488678996844646
vggss,C3,12345,best,3447,b0KSxH37gVE_000100,0.9858163265306122,-0.5205102040816326,0.11284926281201471,0.017309295206761555,6.519575838531672
vggss,C3,12345,best,3448,b2kGVB2Pz0Y_000249,0.9875510204081632,-0.31612244897959185,0.14808339364006143,0.02382268832577084,6.21606561002052
vggss,C3,12345,best,3449,b2yU1j1P7n4_000058,0.9609183673469388,-0.12193877551020409,0.08529432049924904,0.02041836474978734,4.177333569287785
vggss,C3,12345,best,3450,b4glNhNvMYU_000340,0.991734693877551,0.856938775510204,0.15753886910455783,0.047561032330589,3.3123517590941
vggss,C3,12345,best,3451,b6867WvTgOk_000080,0.9879591836734694,-0.06275510204081633,0.16727189348602955,0.01620300679630129,10.323509431855154
vggss,C3,12345,best,3452,b6x51a8ipG0_000469,0.9853061224489796,-0.042346938775510205,0.0758456735642339,0.012641650534336371,5.999665420130635
vggss,C3,12345,best,3453,b7-9-67LlGw_000106,0.9738775510204082,0.6453061224489796,0.09590295083305923,0.025687300390520865,3.733477219289629
vggss,C3,12345,best,3454,b71sYw2hZB0_000030,0.9913265306122448,0.5076530612244898,0.182254549833875,0.032058262874854034,5.685103729585811
vggss,C3,12345,best,3455,b7fP0ON5qIU_000008,0.9904081632653061,0.8072448979591836,0.15935324956987504,0.02797443490382284,5.696388510357314
vggss,C3,12345,best,3456,bA8mt0JI0Ko_000030,0.9952040816326531,0.44755102040816325,0.16401449907178892,0.011204784981051532,14.637897947096231
vggss,C3,12345,best,3457,bBfi3iEu9fk_000160,0.9209183673469388,0.4962244897959184,0.1598478914109837,0.04637546954269157,3.4468199025744326
vggss,C3,12345,best,3458,bC1qDfkRyEs_000087,0.9683673469387755,0.21183673469387754,0.08929664543143458,0.01698140134202721,5.258496847985957
vggss,C3,12345,best,3459,bD5MT2FoOJg_000030,0.9931632653061224,-0.18959183673469387,0.13050037660148991,0.0118587532147079,11.004561292298074
vggss,C3,12345,best,3460,bDpowdWB7lk_000021,0.9927551020408163,-0.009183673469387756,0.11267335919707275,0.012309130697372047,9.153640656454163
vggss,C3,12345,best,3461,bE2g05K-B94_000049,0.996734693877551,0.9158163265306123,0.21666651563467829,0.03389740124944357,6.3918326375605234
vggss,C3,12345,best,3462,bFTkrENAIzk_000237,0.9894897959183674,0.696530612244898,0.10682262578337809,0.016148596654886556,6.614978878121501
vggss,C3,12345,best,3463,bGk6gbxWzCQ_000030,0.9896938775510205,0.8603061224489796,0.1287880817117857,0.02927497527619765,4.399255012061388
vggss,C3,12345,best,3464,bHYb3-Qpmcc_000020,0.988265306122449,0.8777551020408163,0.18428176880307498,0.04133012696423937,4.458775772997833
vggss,C3,12345,best,3465,bHmbZDvqpyo_000020,0.9959183673469387,-0.843469387755102,0.14882348361965939,0.021934661536153546,6.784854344543354
vggss,C3,12345,best,3466,bJGv9bWBwYI_000001,0.9955102040816326,-0.33591836734693875,0.13323395168142602,0.013638376023273769,9.769048122303085
vggss,C3,12345,best,3467,bLT5nbwpVOw_000000,0.995,0.9646938775510204,0.16434480674062046,0.06863805550380542,2.394368627350011
vggss,C3,12345,best,3468,bM5Ha8d-DoM_000009,0.991938775510204,-0.09989795918367347,0.09209317489812344,0.012145665584124983,7.582390134180379
vggss,C3,12345,best,3469,bNvp4y9WSGM_000030,0.9897959183673469,0.6383673469387755,0.148351064376057,0.01588569653454658,9.33865657407205
vggss,C3,12345,best,3470,bOD-pt3NWYc_000018,0.9941836734693877,0.8248979591836735,0.13922080467139605,0.024001587826696678,5.800483104561208
vggss,C3,12345,best,3471,bPzCbrmKoVY_000019,0.9901020408163266,0.11010204081632653,0.11519369756392848,0.013676947623896787,8.422471207147016
vggss,C3,12345,best,3472,bRCzdN1jfk0_000000,0.9875510204081632,0.4003061224489796,0.104247908249806,0.016420143933508994,6.348781635041865
vggss,C3,12345,best,3473,bSItOIS0k5w_000008,0.9881632653061224,-0.6190816326530613,0.15547221358584332,0.022962814548607793,6.770607899860838
vggss,C3,12345,best,3474,bSpAlQLisrI_000030,0.9833673469387755,0.44918367346938776,0.11585513712231736,0.025909936185437212,4.471455903756113
vggss,C3,12345,best,3475,bVR288WbDXc_000030,0.9944897959183674,0.8811224489795918,0.1786415846270864,0.03398590979595137,5.256342575486015
vggss,C3,12345,best,3476,bVg-KMzzrVA_000137,0.9933673469387755,0.6869387755102041,0.16716883898851903,0.024347602582509318,6.865926056662711
vggss,C3,12345,best,3477,bWKYTH7OYXk_000220,0.9922448979591837,-0.24336734693877551,0.08232352052330442,0.007212571527555874,11.41389311825673
vggss,C3,12345,best,3478,bWyrxAZCOhA_000020,0.9908163265306122,0.03908163265306122,0.17713855052277072,0.01949338675567416,9.087110041112226
vggss,C3,12345,best,3479,bXTlmnjGx0Y_000049,0.9861224489795918,0.095,0.09294989413114566,0.015130648969032384,6.143153166885602
vggss,C3,12345,best,3480,bXTlmnjGx0Y_000107,0.9904081632653061,0.7943877551020408,0.11942544879648372,0.02135229265515534,5.593097224978761
vggss,C3,12345,best,3481,bXZduPL_O60_001056,0.9943877551020408,-0.13010204081632654,0.16291204539264043,0.014354409666510892,11.349268216352867
vggss,C3,12345,best,3482,bY2cN3BgPsU_000070,0.9897959183673469,-0.07183673469387755,0.13778095488718503,0.01883845271893676,7.313814830911515
vggss,C3,12345,best,3483,bZOJYhzt5_U_000240,0.9946938775510205,0.9413265306122449,0.14985418460105082,0.05946685797761865,2.5199613649917567
vggss,C3,12345,best,3484,ba6ArmDZjW4_000314,0.9868367346938776,0.8346938775510204,0.06973858091608563,0.01968990205857935,3.5418449877813845
vggss,C3,12345,best,3485,baayJxbQepY_000188,0.9746938775510204,0.8308163265306122,0.15891785126433383,0.06871931970829985,2.312564384206788
vggss,C3,12345,best,3486,bcBixpb5TdI_000098,0.9921428571428571,0.5641836734693878,0.1722668116314499,0.018842423845718347,9.142497432494329
vggss,C3,12345,best,3487,bcBixpb5TdI_000113,0.9889795918367347,0.6162244897959184,0.16161388965525417,0.016873277399960713,9.578097119154247
vggss,C3,12345,best,3488,bf_I0tRLfh4_000030,0.9938775510204082,0.8410204081632653,0.1632056064315946,0.035516357466066364,4.595223668066953
vggss,C3,12345,best,3489,bgl8r_eRI1I_000000,0.9928571428571429,-0.018571428571428572,0.13146983119116845,0.012295929864014024,10.692142249114125
vggss,C3,12345,best,3490,bhA-HX-Z8h8_000200,0.9878571428571429,0.8186734693877551,0.09443779092233502,0.021560004950870147,4.3802304840622766
vggss,C3,12345,best,3491,bizmBpWUwFk_000130,0.9958163265306123,-0.1636734693877551,0.165788357742155,0.013603025428837172,12.187609191018552
vggss,C3,12345,best,3492,bjSuO7h7YTQ_000041,0.9854081632653061,0.7039795918367346,0.11839280202769308,0.0209544851240776,5.649998142481424
vggss,C3,12345,best,3493,bkCqeOhqCFU_000000,0.9891836734693877,0.5102040816326531,0.13436546398841215,0.02221661156928293,6.0479728679322164
vggss,C3,12345,best,3494,bkFvzo2HSrU_000032,0.9642857142857143,0.866734693877551,0.1490633908044841,0.073402196494778,2.030775616027905
vggss,C3,12345,best,3495,bkH3khklMuk_000110,0.9935714285714285,0.726326530612245,0.2245435821149424,0.025811569241214295,8.69933865765919
vggss,C3,12345,best,3496,bkIBHUh7LrE_000126,0.9955102040816326,0.7243877551020408,0.11214492963826828,0.012416484269152785,9.031939090590921
vggss,C3,12345,best,3497,bkzGHRpx5MM_000030,0.9916326530612245,0.7986734693877551,0.16607104228691996,0.027305818374788533,6.081892145018198
vggss,C3,12345,best,3498,bl5PHVntD70_000009,0.9911224489795918,0.8506122448979592,0.1382288564596825,0.02083298226962384,6.635096918468138
vggss,C3,12345,best,3499,blRJgHaFyNM_000024,0.9937755102040816,0.9221428571428572,0.13375037268349155,0.021905031726693207,6.105920062215886
vggss,C3,12345,best,3500,blT66g8x458_000180,0.9920408163265306,0.8835714285714286,0.15273548227008196,0.038653566910327355,3.9513942561734066
vggss,C3,12345,best,3501,blYYW-EUGDA_000030,0.9857142857142858,0.4598979591836735,0.11693061551153455,0.01956066983095525,5.977843116930941
vggss,C3,12345,best,3502,bln5A2hopKQ_000092,0.9968367346938776,0.18346938775510205,0.18089238035982164,0.017460712366253118,10.359965651197495
vggss,C3,12345,best,3503,bmKtI808DsU_000009,0.9827551020408163,0.06959183673469388,0.11202729155486671,0.013390879178517112,8.365939985075158
vggss,C3,12345,best,3504,bmefVbk2-lM_000114,0.9528571428571428,0.5687755102040817,0.09797958189078046,0.03683270265452101,2.6601246943456105
vggss,C3,12345,best,3505,bn1TUcXPHfA_000223,0.9935714285714285,0.8748979591836735,0.13132081376922244,0.030500926721480526,4.305469632722296
vggss,C3,12345,best,3506,bnFZy6N2TS0_000327,0.993061224489796,-0.19,0.15382792041380253,0.013443863198932187,11.442240830449741
vggss,C3,12345,best,3507,bnjo2Bx3_RE_000071,0.9741836734693877,0.7420408163265306,0.1286442360085757,0.036282448705152986,3.545632684662353
vggss,C3,12345,best,3508,boPZxCznYbc_000030,0.965204081632653,0.5092857142857142,0.08971144860310863,0.015225491725801548,5.892187275047483
vggss,C3,12345,best,3509,bp-XBkdA4rM_000385,0.9953061224489796,-0.25948979591836735,0.14195977394673362,0.010304847856173402,13.776018426287461
vggss,C3,12345,best,3510,bppgcyxMKvQ_000620,0.9945918367346939,0.07142857142857142,0.1673553754105499,0.013226187002960434,12.653335037005792
vggss,C3,12345,best,3511,bpxK2ub-qCs_000030,0.9806122448979592,0.45,0.11564142339089267,0.01841968228621022,6.2781443020581795
vggss,C3,12345,best,3512,bq6C0_tAbJM_000030,0.9811224489795919,0.3346938775510204,0.11055215434419847,0.020289526159210296,5.448730220543571
vggss,C3,12345,best,3513,bqMgL5qmZ-k_000030,0.9911224489795918,0.8442857142857143,0.13281832452381326,0.03121085524937292,4.2555169815951075
vggss,C3,12345,best,3514,brfMnl3U64M_000004,0.9696938775510204,0.6214285714285714,0.12893359181045025,0.033589274977002495,3.8385345292128803
vggss,C3,12345,best,3515,brpJxppIbDI_000140,0.9915306122448979,-0.2522448979591837,0.14560345350474235,0.01890617453893431,7.70137042821089
vggss,C3,12345,best,3516,bsi2kUrwjf8_000030,0.9838775510204082,0.5745918367346938,0.17769864895425305,0.03419674648904984,5.196361268202928
vggss,C3,12345,best,3517,bt6HajgJ9Ls_000420,0.9943877551020408,0.36275510204081635,0.17021864424043848,0.017438325842747553,9.761180389413983
vggss,C3,12345,best,3518,btzP6UEH1pI_000412,0.993061224489796,-0.26724489795918366,0.12878577428737076,0.013712448504861561,9.391887542309568
vggss,C3,12345,best,3519,bu2JMRlDl94_000150,0.991938775510204,0.95,0.09939554090214252,0.03123435471308059,3.1822504999764507
vggss,C3,12345,best,3520,bvsXA4ba8_4_000030,0.9954081632653061,0.5470408163265306,0.22919172848487276,0.018891197806626313,12.132196742150517
vggss,C3,12345,best,3521,bwvpRZ11cYk_000105,0.9901020408163266,0.05653061224489796,0.12905221400445743,0.015702230439715862,8.218718639999317
vggss,C3,12345,best,3522,bxKdKUZP41Y_000030,0.9939795918367347,0.9264285714285714,0.17683315321132143,0.03804100920722995,4.648487432286973
vggss,C3,12345,best,3523,bz20Ve-c1xI_000030,0.9716326530612245,0.23826530612244898,0.11231321880859656,0.021966062613702608,5.113033718593457
vggss,C3,12345,best,3524,bzHZ7yvmVMk_000138,0.9905102040816327,-0.40561224489795916,0.10607359637950803,0.01335314407785002,7.943716907500549
vggss,C3,12345,best,3525,bzRimnuUqVc_000017,0.9924489795918368,0.9059183673469388,0.1809670085262499,0.02994817039265117,6.042673263628033
vggss,C3,12345,best,3526,c-8SLUH5pp4_000030,0.9893877551020408,0.5433673469387755,0.16569753921794106,0.029513114397613414,5.614369835239762
vggss,C3,12345,best,3527,c-_S5Tt-gbw_000490,0.996938775510204,0.7452040816326531,0.177666706952549,0.019250943314550625,9.228987070896492
vggss,C3,12345,best,3528,c-qYpm6h0Ew_000220,0.9861224489795918,0.4354081632653061,0.11162662665319394,0.015521636224060985,7.1916790885844275
vggss,C3,12345,best,3529,c25HvZPRCsA_000330,0.9973469387755102,-0.09122448979591836,0.18804846661343785,0.015609498848096695,12.047053428391589
vggss,C3,12345,best,3530,c3AJOT4VwSE_000510,0.9687755102040816,0.48959183673469386,0.0773234409044028,0.0214879624982339,3.5984538278470106
vggss,C3,12345,best,3531,c3LAEOrcrrc_000150,0.9621428571428572,0.5232653061224489,0.1106881032095183,0.032981696991152526,3.3560463319765153
vggss,C3,12345,best,3532,c3OHPJY7nhA_000022,0.9587755102040816,0.2073469387755102,0.12283303836425101,0.026836433452889018,4.577099955546727
vggss,C3,12345,best,3533,c3S3FoxyI1c_000040,0.9944897959183674,0.6409183673469387,0.1557574228057583,0.017639074746715028,8.830249037567315
vggss,C3,12345,best,3534,c40hgtfiYm0_000010,0.9788775510204082,0.408265306122449,0.12025162521001787,0.015591586708138969,7.71259702178004
vggss,C3,12345,best,3535,c4r8Kd6Q1n8_000008,0.9916326530612245,0.939795918367347,0.18492890688804514,0.03418296777740746,5.409972243845666
vggss,C3,12345,best,3536,c5D90N1qrD0_000030,0.9918367346938776,0.8156122448979591,0.14532964617718563,0.026696432043036587,5.443785369629308
vggss,C3,12345,best,3537,c5OHWKb2Z8E_000167,0.9791836734693877,0.6279591836734694,0.057391790437019474,0.017772793141346496,3.2291936321198516
vggss,C3,12345,best,3538,c8AulW4IZVs_000030,0.9879591836734694,0.756734693877551,0.20047027380911708,0.02846064209261151,7.043771997721721
vggss,C3,12345,best,3539,c8lfu6yJ0K4_000003,0.9829591836734693,0.7166326530612245,0.10545685973940848,0.01905045252195267,5.535661665668357
vggss,C3,12345,best,3540,cBF73TX0xZk_000030,0.9701020408163266,0.6605102040816326,0.07004268708648408,0.01854825791595779,3.776240733973384
vggss,C3,12345,best,3541,cCVd_I1M_fs_000030,0.9904081632653061,-0.285,0.11752443981967696,0.011086972170399622,10.600228629909232
vggss,C3,12345,best,3542,cD7zMUwX7T4_000038,0.9931632653061224,0.7877551020408163,0.19409258381050312,0.060677763312318486,3.1987432168762795
vggss,C3,12345,best,3543,cE5Yihyqup4_000070,0.9907142857142858,0.36489795918367346,0.14446195420975744,0.021915542447438516,6.591758089320856
vggss,C3,12345,best,3544,cEEoKQ38fHY_000030,0.9834693877551021,-0.7148979591836735,0.12353760420718828,0.026859660836006532,4.5993731998872
vggss,C3,12345,best,3545,cEjYmO5-dLk_000010,0.9843877551020408,0.611938775510204,0.14947050830678563,0.045104432028687136,3.313876299600004
vggss,C3,12345,best,3546,cG6OF9vcGPE_000081,0.9885714285714285,0.07857142857142857,0.11337952236623618,0.01620876602770873,6.994950890920071
vggss,C3,12345,best,3547,cGUhG5PZp0A_000030,0.9951020408163266,0.4403061224489796,0.15056919803677482,0.014430598535651677,10.43402307013007
vggss,C3,12345,best,3548,cGzNyfp3mW4_000030,0.9935714285714285,0.9468367346938775,0.13333641615324646,0.030559012658142492,4.363243591828507
vggss,C3,12345,best,3549,cIS8PcMk0Uw_000030,0.9929591836734694,0.1442857142857143,0.13088096532506394,0.01700131907286634,7.6982829840507225
vggss,C3,12345,best,3550,cIriwVhRPVA_000031,0.9885714285714285,0.1629591836734694,0.15020092743954278,0.01974475495565113,7.607130489940767
vggss,C3,12345,best,3551,cK5aT07gOis_000151,0.9588775510204082,0.8878571428571429,0.09601816491616992,0.05572587872638561,1.7230444294583431
vggss,C3,12345,best,3552,cK9JgR-LGfU_000046,0.9956122448979592,0.8565306122448979,0.08378186295844736,0.012336938382419541,6.791138965064356
vggss,C3,12345,best,3553,cN5WLE0XTsE_000185,0.9859183673469388,0.8289795918367346,0.13457694500562156,0.03503259581461563,3.8414779686258913
vggss,C3,12345,best,3554,cONmLYsDHl0_000018,0.9945918367346939,0.4253061224489796,0.14418504639010876,0.012247341997198884,11.772762320435376
vggss,C3,12345,best,3555,cOgNXgF21u4_000030,0.9851020408163266,0.8076530612244898,0.19773948506543923,0.041905062948012495,4.7187492669025515
vggss,C3,12345,best,3556,cP6CiaQSYxE_000023,0.9963265306122449,0.9504081632653061,0.15700334227564136,0.030056109005110312,5.223674902461485
vggss,C3,12345,best,3557,cQjxonV53eo_000022,0.9981632653061224,0.8526530612244898,0.15172585257610297,0.015356075236261774,9.880509846540615
vggss,C3,12345,best,3558,cQqDrbtd9Ec_000050,0.9847959183673469,-0.09408163265306123,0.10139515102243572,0.012767458824416522,7.9416861582923115
vggss,C3,12345,best,3559,cRCeYK81z_I_000013,0.9906122448979592,0.3827551020408163,0.11644380000246485,0.015566490191856446,7.480414567914738
vggss,C3,12345,best,3560,cRT5SWbyA54_000004,0.9963265306122449,0.9359183673469388,0.16624813839702984,0.03201405099607309,5.192974123063095
vggss,C3,12345,best,3561,cTrxMjSFgB4_000043,0.9820408163265306,0.536734693877551,0.16395563637895386,0.036702558496696874,4.4671446104693056
vggss,C3,12345,best,3562,cUzDGcBVrlE_000030,0.9936734693877551,0.9291836734693878,0.16152961720138165,0.027386943413417384,5.898052030232962
vggss,C3,12345,best,3563,cVQsteRY8F4_000020,0.9915306122448979,0.8848979591836734,0.13557583319075378,0.03816260276844848,3.552583507297966
vggss,C3,12345,best,3564,cXEJWtj2kT8_000030,0.9861224489795918,0.8525510204081632,0.1434606358745463,0.03843732531838016,3.7323261877939657
vggss,C3,12345,best,3565,cY6KAjqmoaY_000030,0.9851020408163266,0.18591836734693878,0.09290790610473128,0.014676756793872267,6.33027496534667
vggss,C3,12345,best,3566,cYM7vTqRUJ0_000198,0.9828571428571429,0.3946938775510204,0.1338379315198262,0.02395444561162124,5.587185514111676
vggss,C3,12345,best,3567,cYS85XxZMuE_000120,0.9965306122448979,-0.8145918367346939,0.10297678361211177,0.009697192567378032,10.619236742656032
vggss,C3,12345,best,3568,c_PsOVPaW4w_000001,0.9968367346938776,0.8611224489795918,0.2074768461801119,0.026911718168813173,7.709535484826377
vggss,C3,12345,best,3569,cagBxHqLuKA_000011,0.9757142857142858,-0.3358163265306122,0.13175591205341475,0.027190623997429393,4.845637675173287
vggss,C3,12345,best,3570,cb2348GeL-8_000172,0.9935714285714285,0.9538775510204082,0.21901305123213569,0.06580603001285651,3.3281608264371387
vggss,C3,12345,best,3571,ccCzbG5FcZI_000038,0.9945918367346939,0.5540816326530612,0.16933743828431613,0.021726488286479436,7.7940547064707255
vggss,C3,12345,best,3572,cdEytWP8M9U_000057,0.9794897959183674,-0.20010204081632654,0.12960917255410112,0.022720744269831308,5.704442205539749
vggss,C3,12345,best,3573,cdIvqn14xgI_000030,0.9889795918367347,0.8181632653061225,0.13825216826652054,0.027700670595550137,4.990932179408303
vggss,C3,12345,best,3574,cdbYsoEasio_000070,0.9901020408163266,0.0473469387755102,0.1404618368770614,0.014995726658443606,9.36679095827423
vggss,C3,12345,best,3575,ceYRr2xK3XI_000018,0.9926530612244898,0.9182653061224489,0.18283626525584987,0.06357951315902197,2.875710369133352
vggss,C3,12345,best,3576,ce_9wpa4mQw_000230,0.991734693877551,0.8813265306122449,0.14969942624969707,0.030938344391202424,4.838637270204586
vggss,C3,12345,best,3577,cef972vNfUE_000030,0.9947959183673469,0.36642857142857144,0.1303411030944904,0.012139859214233507,10.736623942201124
vggss,C3,12345,best,3578,cfi_mCKjbyw_000040,0.9952040816326531,0.07877551020408163,0.19546095680792602,0.012584250375033797,15.532189123931117
vggss,C3,12345,best,3579,ch4uegReLhc_000030,0.9857142857142858,0.2646938775510204,0.09552617081872447,0.012347050127471898,7.736760589169471
vggss,C3,12345,best,3580,chP180PR-9g_000041,0.9931632653061224,0.5509183673469388,0.15180916129697097,0.0157822816106548,9.618961633182547
vggss,C3,12345,best,3581,chtrHNfaT9U_000070,0.9770408163265306,0.21622448979591838,0.09686088290239048,0.018723179109758133,5.173313908635772
vggss,C3,12345,best,3582,ciVsS-oZEPc_000103,0.924795918367347,-0.006836734693877551,0.0847790216265499,0.029244198377660957,2.899003095646857
vggss,C3,12345,best,3583,ck5S__5JJvE_000005,0.9872448979591837,0.7860204081632653,0.11841249492405308,0.026176831044342465,4.5235611111011576
vggss,C3,12345,best,3584,ckIK43SCbkw_000036,0.9925510204081632,-0.22418367346938775,0.1226238581463805,0.01336114249381153,9.177647660233854
vggss,C3,12345,best,3585,cmB8l4mQ1XQ_000030,0.9870408163265306,0.9058163265306123,0.20930389584383652,0.06588710153130409,3.176705166555136
vggss,C3,12345,best,3586,cocA3THl4S0_000040,0.9783673469387755,0.7478571428571429,0.12068973431085352,0.03405672872553158,3.5437852908161163
vggss,C3,12345,best,3587,cocA3THl4S0_000057,0.9740816326530612,0.7348979591836735,0.11872575838027845,0.041202842255132356,2.8814943795652734
vggss,C3,12345,best,3588,corrUpd5ENc_000230,0.9935714285714285,0.06561224489795918,0.1698927512153605,0.020663696569334207,8.22179858503577
vggss,C3,12345,best,3589,cpxofMBzU8g_000181,0.9944897959183674,0.08897959183673469,0.09328912059730464,0.009615244775037507,9.702209645197591
vggss,C3,12345,best,3590,cq5rnI5NauM_000252,0.9926530612244898,0.4346938775510204,0.07117902095084586,0.01158210117272468,6.145605179004066
vggss,C3,12345,best,3591,cqalBFm19UA_000221,0.9871428571428571,0.5092857142857142,0.13957955024191362,0.026234736076255587,5.320409926602754
vggss,C3,12345,best,3592,crToMuDxmL8_000050,0.9838775510204082,0.8095918367346939,0.13612379677467762,0.02994517235519264,4.5457676836871865
vggss,C3,12345,best,3593,cur9zG87bAQ_000004,0.9961224489795918,0.6560204081632653,0.13381388775294362,0.01120875773328795,11.93833348324953
vggss,C3,12345,best,3594,cwq3iq632ys_000030,0.9954081632653061,0.6275510204081632,0.14895937630666914,0.015870043915894576,9.386198116155148
vggss,C3,12345,best,3595,cxkCPSXyT-Y_000020,0.9933673469387755,0.21183673469387754,0.160176051791659,0.017504031648765843,9.150809082486578
vggss,C3,12345,best,3596,cyHNChAtP5g_000010,0.9561224489795919,0.341734693877551,0.11569408197974625,0.033468460885479445,3.456809154613412
vggss,C3,12345,best,3597,cyZ9arOPVb8_000030,0.9570408163265306,0.050816326530612244,0.10180906714632562,0.030085561893904548,3.3839842348748865
vggss,C3,12345,best,3598,d-1th_S4J0U_000000,0.9960204081632653,-0.41285714285714287,0.15493312730800676,0.015468844389196686,10.015817821285395
vggss,C3,12345,best,3599,d-4OPdDD7WQ_000026,0.9854081632653061,-0.085,0.08654527643137143,0.013483393948228313,6.4186566649076715
vggss,C3,12345,best,3600,d-m8eXCpeDg_000030,0.988265306122449,0.9179591836734694,0.11405436400286566,0.0377480690215421,3.0214622087762164
vggss,C3,12345,best,3601,d0Uz_RnRV88_000460,0.9906122448979592,0.8940816326530612,0.213859340798203,0.057498146787617596,3.7194127593040665
vggss,C3,12345,best,3602,d16xAFjwcVw_000020,0.9811224489795919,-0.22887755102040816,0.11751856613546993,0.019351727067551606,6.072768891646965
vggss,C3,12345,best,3603,d1QQRXy2pTM_000006,0.9934693877551021,0.33183673469387753,0.1584447072181874,0.016335180071246385,9.699599669371626
vggss,C3,12345,best,3604,d1VB1vA-UsI_000220,0.9973469387755102,0.9183673469387755,0.21063990145719833,0.021934597267112634,9.603089534405022
vggss,C3,12345,best,3605,d2nT1ZwZiZw_000051,0.9596938775510204,-0.4610204081632653,0.07665543903773991,0.018126710613413446,4.22886648728293
vggss,C3,12345,best,3606,d4G_b-s_Odw_000030,0.9938775510204082,0.27316326530612245,0.11182812196069768,0.014516029555882845,7.703767860914668
vggss,C3,12345,best,3607,d4riR8ZeH9k_000040,0.9837755102040816,-0.46714285714285714,0.1272447726652367,0.023352452659609845,5.448882587194703
vggss,C3,12345,best,3608,d6np1zhRar0_000240,0.9904081632653061,0.8,0.1367197124969198,0.02777300813551978,4.922754921965569
vggss,C3,12345,best,3609,d7Xf7brOPzw_000149,0.9940816326530613,0.04989795918367347,0.15299595831708016,0.011855413417754047,12.905155891734776
vggss,C3,12345,best,3610,d8LvZQyYZpQ_000010,0.9929591836734694,0.6837755102040817,0.12901782290926525,0.014138809983829709,9.12508358601753
vggss,C3,12345,best,3611,d8bhrEHxJsA_000344,0.9936734693877551,-0.1713265306122449,0.16138109138755474,0.013554779770864953,11.905843851069573
vggss,C3,12345,best,3612,d8hPjmvBv5I_000251,0.9841836734693877,0.23275510204081631,0.12285880620780093,0.020150510360046614,6.097056799682801
vggss,C3,12345,best,3613,d8ya35A6yzk_000075,0.9909183673469387,0.8798979591836734,0.0845650161415379,0.02129186103277131,3.971706184413842
vggss,C3,12345,best,3614,dBl76lmp-d0_000035,0.9965306122448979,0.936734693877551,0.17076312926032142,0.02759271790877274,6.188702752113794
vggss,C3,12345,best,3615,dBxAjOGP6os_000069,0.9827551020408163,0.7120408163265306,0.17584578719813582,0.04269227640412915,4.118913349420932
vggss,C3,12345,best,3616,dCcCTlI_neI_000722,0.9968367346938776,0.7998979591836735,0.1348826466115095,0.01328181495969663,10.155437869056893
vggss,C3,12345,best,3617,dEZKBTNubi8_000365,0.9964285714285714,0.6789795918367347,0.15263459698283574,0.01319073413510079,11.571349662538662
vggss,C3,12345,best,3618,dEalicSMdE8_000155,0.9910204081632653,0.3522448979591837,0.12119821528006026,0.013637851432601674,8.886899514855578
vggss,C3,12345,best,3619,dEuEtrdRX9o_000030,0.9678571428571429,0.5996938775510204,0.12705547332007927,0.05729988074937836,2.2173776220547836
vggss,C3,12345,best,3620,dFKYXLU3hWg_000098,0.9908163265306122,-0.8035714285714286,0.18078689447621032,0.023409370541594185,7.7228430450526195
vggss,C3,12345,best,3621,dFcVaitADW8_000130,0.9904081632653061,0.2645918367346939,0.15688113050978075,0.015846830256276215,9.899842932162867
vggss,C3,12345,best,3622,dGD-Y3XEHgI_000010,0.9786734693877551,0.32193877551020406,0.11476323439686306,0.025986925829445895,4.416191247478159
vggss,C3,12345,best,3623,dHebN5DsE2g_000006,0.9920408163265306,0.8472448979591837,0.12080851642755418,0.021724837865688865,5.560847780519143
vggss,C3,12345,best,3624,dI3xU5LXeoE_000081,0.9937755102040816,0.7126530612244898,0.1485199668930613,0.02474707561065937,6.001515865134744
vggss,C3,12345,best,3625,dIIiaO12I5Q_000006,0.998265306122449,0.8086734693877551,0.1807383837560165,0.01667052448175718,10.841793487289582
vggss,C3,12345,best,3626,dIloYYVJIO4_000000,0.9943877551020408,0.30479591836734693,0.18551742142142935,0.01912863806746961,9.698412441444145
vggss,C3,12345,best,3627,dIloYYVJIO4_000124,0.9933673469387755,0.5722448979591837,0.18022206434820973,0.017006426831852557,10.597291608056015
vggss,C3,12345,best,3628,dIzQVYDYtKA_000008,0.9920408163265306,0.5514285714285714,0.11570831045689159,0.015912692025192098,7.271447865245464
vggss,C3,12345,best,3629,dIzQVYDYtKA_000085,0.9960204081632653,0.8729591836734694,0.12859078563630108,0.023802959629513783,5.402302387508934
vggss,C3,12345,best,3630,dL8HIuBPZV4_000000,0.9955102040816326,0.7837755102040816,0.1972889762001762,0.023303774573561087,8.465966557366512
vggss,C3,12345,best,3631,dLRlnhW9_Pc_000070,0.9924489795918368,0.8262244897959183,0.14033046346458478,0.026346105270510452,5.326421572514498
vggss,C3,12345,best,3632,dLZEZTNhFwM_000032,0.991938775510204,0.3663265306122449,0.16046779751572735,0.010682630737483352,15.02137455268166
vggss,C3,12345,best,3633,dMS5TJzMTfs_000081,0.9728571428571429,-0.19704081632653062,0.10316194644009688,0.020009969119256774,5.155527518571633
vggss,C3,12345,best,3634,dMW3YcQPPhk_000412,0.991938775510204,0.29959183673469386,0.12781230135730343,0.013589524223945522,9.405207956588415
vggss,C3,12345,best,3635,dNK9bD3LNCc_000060,0.991938775510204,0.9447959183673469,0.18887557335241395,0.0665370608061433,2.838652189682765
vggss,C3,12345,best,3636,dOQfuOw6okA_000381,0.9909183673469387,0.8405102040816327,0.17746100511561813,0.021661439067872146,8.192484560216734
vggss,C3,12345,best,3637,dQpqPwiKva0_000054,0.9821428571428571,0.3166326530612245,0.11946801916548316,0.020228896127170607,5.905810105229554
vggss,C3,12345,best,3638,dQv6_xbhRss_000110,0.9810204081632653,-0.16683673469387755,0.1020114046119753,0.016087384713303204,6.341080693347167
vggss,C3,12345,best,3639,dU5GJkZ2Ltw_000044,0.9973469387755102,0.8211224489795919,0.16786479020400788,0.025814791268748853,6.502659210234383
vggss,C3,12345,best,3640,dUjpH8UAycU_000012,0.9875510204081632,-0.4312244897959184,0.1716861903312885,0.018552738050293952,9.253954314768558
vggss,C3,12345,best,3641,dV_7-zHqOfs_000040,0.9889795918367347,0.23469387755102042,0.15216765433653587,0.02315024816025587,6.573046357134775
vggss,C3,12345,best,3642,dWM_a65_MrQ_000054,0.9825510204081632,0.6616326530612245,0.11888381939239975,0.026269051779904892,4.525622789450765
vggss,C3,12345,best,3643,dYL0n0ZJxkA_000039,0.9958163265306123,0.8738775510204082,0.14855887003161633,0.03416674678861807,4.348054292400633
vggss,C3,12345,best,3644,dYQ-nXyfhho_000030,0.9490816326530612,0.8043877551020409,0.09368339992007575,0.03168494115866628,2.956716865937812
vggss,C3,12345,best,3645,da-UIZplRqE_000030,0.9956122448979592,0.8837755102040816,0.15582493092382205,0.029774002516058867,5.233590305494753
vggss,C3,12345,best,3646,davLHMXIHDM_000320,0.9960204081632653,0.48122448979591836,0.21206643751730056,0.01610912831202695,13.164364539760566
vggss,C3,12345,best,3647,ddeSMfFLYTI_000420,0.9889795918367347,0.7945918367346939,0.10724368510457899,0.022218013817275742,4.826879935648931
vggss,C3,12345,best,3648,ddtqWAxjBI8_000031,0.9933673469387755,0.8645918367346939,0.1772790331991904,0.02909686217182556,6.092719969332273
vggss,C3,12345,best,3649,ddtqWAxjBI8_000049,0.9940816326530613,0.09081632653061225,0.19415001387359349,0.015585270101804086,12.45727617201318
vggss,C3,12345,best,3650,ddySWSpptVo_000122,0.9960204081632653,0.7986734693877551,0.15840383933726387,0.030915421174714092,5.123780732019376
vggss,C3,12345,best,3651,deyvkq2LZoY_000006,0.9836734693877551,0.4063265306122449,0.11933187717544051,0.014877553583047792,8.020934121280064
vggss,C3,12345,best,3652,dfwr8wgZU8M_000040,0.9911224489795918,0.9272448979591836,0.12407710379061127,0.041050839759610804,3.022522913470056
vggss,C3,12345,best,3653,djJ4ETLTBWE_000090,0.9873469387755102,0.8390816326530612,0.12766219392274378,0.03495487176289147,3.652200322424629
vggss,C3,12345,best,3654,dlFXGfbcYvg_000027,0.9941836734693877,0.8744897959183674,0.11386453957013627,0.01855379968301226,6.136993042691407
vggss,C3,12345,best,3655,dm5DJNfGJTs_000032,0.9878571428571429,0.8318367346938775,0.156185837016805,0.04473664666913613,3.4912280791165733
vggss,C3,12345,best,3656,dm5DJNfGJTs_000122,0.9877551020408163,0.7786734693877551,0.14930752556572283,0.045170353561025514,3.305431855077405
vggss,C3,12345,best,3657,dmDn2Tqsyeg_000030,0.9908163265306122,-0.6872448979591836,0.13500017409332243,0.021715180873602833,6.21685699415149
vggss,C3,12345,best,3658,dmOYEzKEWew_000085,0.971530612244898,0.8821428571428571,0.08179166076199504,0.03384407040222714,2.416720559611313
vggss,C3,12345,best,3659,dmOYEzKEWew_000158,0.976326530612245,0.33479591836734696,0.12489582264492978,0.024376183130598632,5.123682488590763
vggss,C3,12345,best,3660,dn7CK_jxV_U_000148,0.9901020408163266,0.9064285714285715,0.1343378466830201,0.0394344426123042,3.4066120321199738
vggss,C3,12345,best,3661,dnjPwzmnCbk_000293,0.9741836734693877,0.3395918367346939,0.1094549360201571,0.020933729763581568,5.228639963174454
vggss,C3,12345,best,3662,dpTKSxH3asA_000030,0.9935714285714285,0.826734693877551,0.20342032525512976,0.02908058369218536,6.9950564750800925
vggss,C3,12345,best,3663,dpURejDIKn8_000000,0.9898979591836735,-0.41591836734693877,0.14250989156556945,0.0224782836295072,6.339892044893364
vggss,C3,12345,best,3664,dpeUDViV6oA_000043,0.9946938775510205,0.4614285714285714,0.14041905788729975,0.016031831980840253,8.758765564354434
vggss,C3,12345,best,3665,dq75lff004o_000001,0.9942857142857143,-0.5413265306122449,0.16074862851106636,0.015975201861587275,10.062384807643024
vggss,C3,12345,best,3666,dqu_dkIqqrw_000085,0.9873469387755102,0.24775510204081633,0.09206165442875293,0.012941067249885007,7.113915154839411
vggss,C3,12345,best,3667,dtGl5xh6g0g_000138,0.9936734693877551,0.9498979591836735,0.1295451241255319,0.04030829081511794,3.21385803034211
vggss,C3,12345,best,3668,dvUScIfbsOY_000051,0.9853061224489796,0.6811224489795918,0.183455609066758,0.026254627105876078,6.987553406374551
vggss,C3,12345,best,3669,dwEU1TXu5bw_000174,0.9857142857142858,0.7366326530612245,0.09471949279970708,0.01602444969006846,5.910935765763724
vggss,C3,12345,best,3670,dweVBqei9LA_000160,0.9721428571428572,-0.05959183673469388,0.09778476636051764,0.023309093363271822,4.195133840537842
vggss,C3,12345,best,3671,dxDbrvoKTD8_000331,0.9945918367346939,-0.22938775510204082,0.13673431686135998,0.013902755426259832,9.835051590067762
vggss,C3,12345,best,3672,dxVMVOPXRUQ_000069,0.9885714285714285,0.9419387755102041,0.16929538998012378,0.05293309775053633,3.1982898635175463
vggss,C3,12345,best,3673,dyFoyYMZu-E_000508,0.988265306122449,0.43520408163265306,0.13635669473150366,0.024110106214891215,5.655582497902277
vggss,C3,12345,best,3674,dyX9ElZE7TQ_000070,0.9936734693877551,0.8229591836734694,0.14460207099831152,0.039354963810969396,3.6743032389222177
vggss,C3,12345,best,3675,dzah9kCDVJs_000540,0.9897959183673469,-0.4203061224489796,0.14588084958599615,0.015816335976471942,9.223428852485526
vggss,C3,12345,best,3676,e03gY44qb9g_000030,0.9906122448979592,-0.09683673469387755,0.1946037232349615,0.018519640849993732,10.507964210063358
vggss,C3,12345,best,3677,e2yjPsXo4_M_000016,0.9638775510204082,-0.21908163265306121,0.08372298783359756,0.02349176909221231,3.5639286043107044
vggss,C3,12345,best,3678,e42ylHtkQ5M_000030,0.9936734693877551,0.5519387755102041,0.2006319669581033,0.02115200838469681,9.485244299697698
vggss,C3,12345,best,3679,e4RCfcPk5Ck_000196,0.9923469387755102,0.24520408163265306,0.14128787148467079,0.011159055876515537,12.661274667690662
vggss,C3,12345,best,3680,e4Xh8ZImhUA_000097,0.9868367346938776,0.8467346938775511,0.16907433742667202,0.026060110579045503,6.487859555078859
vggss,C3,12345,best,3681,e5VbU4nhYa0_000003,0.978265306122449,0.8044897959183673,0.12094299147584069,0.03334109496239094,3.6274450977769472
vggss,C3,12345,best,3682,e5Wu9El1mI4_000156,0.9966326530612245,0.9581632653061225,0.1453151403660656,0.022319444992160976,6.510696857251743
vggss,C3,12345,best,3683,e5aCQbqUY9I_000000,0.9887755102040816,0.6860204081632653,0.19922783553967285,0.026825711038209327,7.426749481342797
vggss,C3,12345,best,3684,e5sOqiyIhkc_000171,0.9745918367346939,-0.04989795918367347,0.09614772439010484,0.019302898528615157,4.980999317152953
vggss,C3,12345,best,3685,e8OMvCTmsX0_000363,0.996938775510204,0.16428571428571428,0.1537555457237971,0.009029377182161156,17.02836669926288
vggss,C3,12345,best,3686,e8iKX9r6nEA_000000,0.9940816326530613,-0.0920408163265306,0.18051898038340738,0.017131837941244045,10.537046929962894
vggss,C3,12345,best,3687,eA1dUOMkkvM_000000,0.9859183673469388,0.15612244897959185,0.14152473678968483,0.01570475130425666,9.011587260940933
vggss,C3,12345,best,3688,eB0kQ_zYdHc_000180,0.9942857142857143,0.05928571428571429,0.14412703904220134,0.01383122609660141,10.42040944422245
vggss,C3,12345,best,3689,eFwVC47pOig_000100,0.9940816326530613,0.23683673469387756,0.13528866987805718,0.01260734411121511,10.7309413215515
vggss,C3,12345,best,3690,eGzcSSGZzqM_000000,0.9877551020408163,0.4610204081632653,0.13041625118446631,0.02090158698141998,6.239538236995931
vggss,C3,12345,best,3691,eIkUuCRE_0U_000030,0.9946938775510205,0.32918367346938776,0.14933019762285363,0.01978512483210063,7.547599466270283
vggss,C3,12345,best,3692,eIxOyj3LfJM_000007,0.9964285714285714,0.9208163265306123,0.15022166518372124,0.03324547892928541,4.518559215322159
vggss,C3,12345,best,3693,eJSpibgl0-c_000030,0.9941836734693877,0.6724489795918367,0.1946315275908629,0.021711392391953174,8.964488508023953
vggss,C3,12345,best,3694,eJwNvNpCMN4_000030,0.9953061224489796,0.5151020408163265,0.10798454606781487,0.010704498157890296,10.087772866607423
vggss,C3,12345,best,3695,eKMhRfdwwWI_000030,0.9914285714285714,-0.07326530612244898,0.11883986637051021,0.013683246162610341,8.685063833408316
vggss,C3,12345,best,3696,eM0PkfqGmIE_000030,0.9951020408163266,0.9427551020408164,0.15010174465016193,0.039582989630954406,3.7920770020054384
vggss,C3,12345,best,3697,eO8SL6GZeqc_000004,0.9575510204081633,0.5522448979591836,0.14290500572025108,0.02431040464464436,5.878347473403056
vggss,C3,12345,best,3698,ePXInfDyqAc_000028,0.9810204081632653,0.06489795918367347,0.08697382198842776,0.01080673000185971,8.048116495319176
vggss,C3,12345,best,3699,eQ8CMCLS5rY_000550,0.9830612244897959,0.10714285714285714,0.10441282297698484,0.014678401571721813,7.11336465805227
vggss,C3,12345,best,3700,eR9TsnHiAEk_000030,0.99,0.43857142857142856,0.09429351446426269,0.013199109335109226,7.1439300993927555
vggss,C3,12345,best,3701,eSKFXcMdFXI_000606,0.9955102040816326,0.811734693877551,0.14125377648262605,0.017544145670991298,8.051333996626852
vggss,C3,12345,best,3702,eSKFXcMdFXI_000716,0.9970408163265306,0.6506122448979592,0.14777619238784884,0.010542118593285176,14.017693984392775
vggss,C3,12345,best,3703,eSMCZfnJ5gI_000030,0.9966326530612245,0.6215306122448979,0.19133715881162006,0.012878962686772018,14.856565972362233
vggss,C3,12345,best,3704,eSSs8vV3VNc_000491,0.9631632653061224,-0.11020408163265306,0.10599861300958105,0.02570847598394995,4.123099831968141
vggss,C3,12345,best,3705,eTUwICWlPb4_000086,0.9759183673469388,0.6998979591836735,0.11285248473117038,0.032938409958858245,3.4261667418715382
vggss,C3,12345,best,3706,eUClW6xPg8I_000040,0.9753061224489796,0.253469387755102,0.08533141651378971,0.016237798504427983,5.255109951667412
vggss,C3,12345,best,3707,eVhGXZQx-t8_000036,0.9935714285714285,0.798265306122449,0.11970797197256351,0.015277496698909949,7.835575050793805
vggss,C3,12345,best,3708,eXkDr7HlT0k_000000,0.9966326530612245,0.8668367346938776,0.1538180828869779,0.016450476554939985,9.350372457191048
vggss,C3,12345,best,3709,eZ5iippq3rA_000030,0.9968367346938776,0.8277551020408164,0.1593418868990017,0.021448409334208295,7.429077113185528
vggss,C3,12345,best,3710,e_ySE_yqUyg_000130,0.991734693877551,-0.42418367346938773,0.11280799853358807,0.013441194959099262,8.392706070915267
vggss,C3,12345,best,3711,eaCEhB62Tzo_000277,0.9866326530612245,0.15571428571428572,0.11715633048644643,0.017831906774748333,6.570039422388125
vggss,C3,12345,best,3712,eaLhdHS_3uU_000130,0.9842857142857143,0.4648979591836735,0.1472720505229098,0.027368123915745467,5.381152576489945
vggss,C3,12345,best,3713,eb1X3b1x25I_000105,0.9839795918367347,0.5672448979591836,0.08938393823052017,0.01504486345238726,5.941159819322725
vggss,C3,12345,best,3714,ebvV-vMMmpg_000038,0.9957142857142857,0.3488775510204082,0.14304054154298418,0.010418227665877574,13.72983449108906
vggss,C3,12345,best,3715,ecrdsx4xuiY_000001,0.9924489795918368,0.21816326530612246,0.19002373487014734,0.010564469113422084,17.987059532288615
vggss,C3,12345,best,3716,edKvAj0fYxQ_000030,0.9876530612244898,0.9344897959183673,0.16441276792650644,0.053487040790909685,3.073880429639491
vggss,C3,12345,best,3717,edObQJBoSPU_000060,0.9918367346938776,0.7493877551020408,0.13078094981181387,0.025715453823606568,5.085694800834434
vggss,C3,12345,best,3718,eeZ8P9lmQ6U_000048,0.9719387755102041,0.559795918367347,0.0782623569469786,0.01887224537267257,4.146955245733729
vggss,C3,12345,best,3719,eeiDM1H_Y-w_000020,0.9921428571428571,0.05377551020408163,0.13111699776665323,0.011423117050393344,11.478215375735674
vggss,C3,12345,best,3720,eg-vJOCRwmo_000622,0.9855102040816327,0.17714285714285713,0.15855266161678028,0.022601339460035536,7.015188719108376
vggss,C3,12345,best,3721,egq3Z_2dg7g_000633,0.9606122448979592,0.5274489795918368,0.16020658146915495,0.0450298463793363,3.5577865427200748
vggss,C3,12345,best,3722,eiXotzZ1hBI_000037,0.9916326530612245,0.8163265306122449,0.17689867384335928,0.04089329521410466,4.325860093131954
vggss,C3,12345,best,3723,eiyyoUt64Zc_000100,0.9918367346938776,0.5944897959183674,0.17828264097437965,0.027343365935993322,6.520142450337398
vggss,C3,12345,best,3724,ejwXH7ztxpE_000135,0.9920408163265306,0.8014285714285714,0.1607201161997597,0.03520852058937394,4.564807424719391
vggss,C3,12345,best,3725,ekxnklqMf8c_000048,0.9757142857142858,0.01693877551020408,0.08802693574609279,0.0168177874895388,5.2341567403469895
vggss,C3,12345,best,3726,em7akjDUsWk_000030,0.9962244897959184,0.8772448979591837,0.1967380818645978,0.03795524258249508,5.1834231183476405
vggss,C3,12345,best,3727,emARK6c6Snk_000010,0.9927551020408163,0.8524489795918367,0.20329011697759602,0.038042107234530415,5.343818514687109
vggss,C3,12345,best,3728,emAtRpVf2_A_000270,0.9786734693877551,-0.22704081632653061,0.09487609668221522,0.01692047404586178,5.607177223584876
vggss,C3,12345,best,3729,emKeqXN646s_000108,0.9884693877551021,0.030204081632653063,0.19767452380182018,0.034404834898040096,5.745544903431027
vggss,C3,12345,best,3730,emMPlK_7bdY_000003,0.9883673469387755,0.43020408163265306,0.13981518772415352,0.02517735843907773,5.553211154477057
vggss,C3,12345,best,3731,emP2Sg9QEg4_000090,0.9737755102040816,0.7192857142857143,0.10225902303233413,0.029306418736001868,3.489304645289622
vggss,C3,12345,best,3732,emRK12scb7w_000068,0.9854081632653061,0.3973469387755102,0.12201425923473506,0.018188005131322335,6.7085014741176385
vggss,C3,12345,best,3733,emzhoSCRtL0_000051,0.9958163265306123,0.7985714285714286,0.18357472166276093,0.02227168131168448,8.242517441485273
vggss,C3,12345,best,3734,ens9NP4O468_000017,0.9961224489795918,0.9541836734693877,0.137313845676801,0.02344317548090471,5.8573057130698
vggss,C3,12345,best,3735,eo0BtTJ9axE_000062,0.9838775510204082,0.2096938775510204,0.09371457770611342,0.017027692958977405,5.503656774402011
vggss,C3,12345,best,3736,eo4MuYGCoGI_000089,0.9896938775510205,0.8221428571428572,0.20604480305799042,0.055678635579695775,3.700607978495946
vggss,C3,12345,best,3737,eoWx7tqlCc0_000260,0.9928571428571429,0.6055102040816327,0.09983209454129725,0.011105087531036811,8.989762058361423
vggss,C3,12345,best,3738,eoalVl5ikL4_000030,0.9921428571428571,0.7181632653061224,0.16842546166456995,0.058202357212234074,2.8937910719046807
vggss,C3,12345,best,3739,ep5lN_jtf8o_000062,0.9979591836734694,0.6993877551020408,0.16693287804885396,0.011635079294516697,14.347377772279126
vggss,C3,12345,best,3740,eq2XqmviZD4_000085,0.9745918367346939,0.6625510204081633,0.09137718693462345,0.025864881155841523,3.5328670711477876
vggss,C3,12345,best,3741,ereEhTuBlwA_000000,0.9936734693877551,0.8381632653061224,0.11387301175872365,0.024132934244027144,4.71857299271045
vggss,C3,12345,best,3742,eskqejEOXyU_000045,0.9387755102040817,0.027857142857142858,0.08997070981163982,0.029934815000711587,3.005554228730029
vggss,C3,12345,best,3743,eskqejEOXyU_000102,0.9729591836734693,0.20081632653061224,0.08637633487066342,0.019922494161016557,4.335618531121508
vggss,C3,12345,best,3744,etLbte75hN4_000018,0.9872448979591837,0.6703061224489796,0.11347284135699323,0.02623548074956559,4.3251672206872795
vggss,C3,12345,best,3745,etmmUjsRNRs_000030,0.9855102040816327,0.9326530612244898,0.16489592338873005,0.04141045468286013,3.9819877528893883
vggss,C3,12345,best,3746,eu_Ehoag0Vg_000244,0.9894897959183674,-0.09408163265306123,0.11779491040159185,0.011781125910740953,9.998612296826165
vggss,C3,12345,best,3747,evvK3lYqQ00_000089,0.9703061224489796,0.8822448979591837,0.10830158354699687,0.06260415438420003,1.7299424393204472
vggss,C3,12345,best,3748,ew7xSiF0TlA_000099,0.9959183673469387,0.35459183673469385,0.16852005746105586,0.01474740337208334,11.427100297538638
vggss,C3,12345,best,3749,exqbdXoRCUo_000210,0.985,0.8845918367346939,0.14181610158010738,0.03142969769214393,4.51216880827827
vggss,C3,12345,best,3750,eyFBIA_HOmE_000030,0.9816326530612245,0.8577551020408163,0.1760798527672389,0.0542373167038379,3.2464705753922236
vggss,C3,12345,best,3751,ez50pKMB62U_000064,0.9957142857142857,0.018571428571428572,0.1905820736141366,0.014103709846215774,13.512903746050368
vggss,C3,12345,best,3752,ez50pKMB62U_000422,0.9898979591836735,-0.28438775510204084,0.18458445420662822,0.019283761522619437,9.572014982145191
vggss,C3,12345,best,3753,ezUkPETm6cs_000030,0.9896938775510205,0.32346938775510203,0.12618658474918115,0.01581592847776088,7.978449379473033
vggss,C3,12345,best,3754,f-22ZuQyAJ4_000119,0.9824489795918367,0.1886734693877551,0.11214989113315518,0.022311191738308426,5.026620381760839
vggss,C3,12345,best,3755,f-3r6Pou7UM_000015,0.9922448979591837,0.7511224489795918,0.1918265791323795,0.028081513164520285,6.831062771031287
vggss,C3,12345,best,3756,f1YFrUS19Og_000032,0.9678571428571429,0.40479591836734696,0.1042668937107894,0.02183220960832021,4.775828721938137
vggss,C3,12345,best,3757,f1Z-HuZ-_ZA_000030,0.9878571428571429,0.029081632653061223,0.13922592157962113,0.014084447342025705,9.885082332211473
vggss,C3,12345,best,3758,f1mXMVWFLiA_000183,0.9888775510204082,0.4142857142857143,0.11332116346136749,0.01771237164843506,6.397853755026631
vggss,C3,12345,best,3759,f5RrGFBbbSY_000020,0.9835714285714285,0.07244897959183673,0.10653864171047711,0.017762020215402755,5.998115102813002
vggss,C3,12345,best,3760,f61vxWAeITg_000070,0.9826530612244898,-0.6116326530612245,0.15745622638464118,0.028228152068392385,5.577985622408065
vggss,C3,12345,best,3761,f6wrXzvByrg_000030,0.9921428571428571,0.9291836734693878,0.18512778984527928,0.059678926151011454,3.102063019311578
vggss,C3,12345,best,3762,f724u5z_UDw_000030,0.9946938775510205,0.9108163265306123,0.12443632759162905,0.027520567561268673,4.521575629376033
vggss,C3,12345,best,3763,f8cJ5g7Pe88_000030,0.9736734693877551,0.33479591836734696,0.09678569253323586,0.016859714864529217,5.74064824410887
vggss,C3,12345,best,3764,f9gjQDw0I5Q_000419,0.9946938775510205,0.6535714285714286,0.14593572340018757,0.014889008657148208,9.801574218987634
vggss,C3,12345,best,3765,f9sagpKa8Zo_000040,0.9865306122448979,0.44295918367346937,0.14874283004062838,0.025677873590649554,5.792645933687913
vggss,C3,12345,best,3766,fAns8GJzYeQ_000030,0.9971428571428571,0.6478571428571429,0.11450008809841968,0.009493954249740857,12.060315974404977
vggss,C3,12345,best,3767,fB9W0awy06E_000160,0.9530612244897959,-0.02959183673469388,0.07869787700803002,0.022977014128357426,3.4250697922888014
vggss,C3,12345,best,3768,fB_tldbRb28_000220,0.9875510204081632,0.5733673469387756,0.14822460332915338,0.020418255359551905,7.2594156904699565
vggss,C3,12345,best,3769,fE7-2gllNvE_000230,0.9575510204081633,0.6075510204081632,0.09226029209110556,0.02395329174106658,3.8516748799468945
vggss,C3,12345,best,3770,fESL2PLuIwA_000140,0.9946938775510205,0.5801020408163265,0.1584165859523453,0.019144327065689578,8.274857894392078
vggss,C3,12345,best,3771,fF3u_xLxF9Q_000120,0.9857142857142858,0.29459183673469386,0.11745546096193106,0.01808873300002947,6.493293972648041
vggss,C3,12345,best,3772,fFKL_Njts_U_000371,0.9855102040816327,0.8618367346938776,0.11759775797370266,0.046716530313393456,2.517262244965736
vggss,C3,12345,best,3773,fFSnuSjcrzw_000039,0.9883673469387755,0.925,0.15198242342300422,0.029408388277606952,5.16799567485075
vggss,C3,12345,best,3774,fFucfdLwSPM_000010,0.9964285714285714,0.24357142857142858,0.13303127061754835,0.011425709552722336,11.643151788840264
vggss,C3,12345,best,3775,fGvhcD5G82M_000007,0.9951020408163266,0.12632653061224489,0.1349140500147361,0.013898591466434964,9.707030409560058
vggss,C3,12345,best,3776,fJEkkvr19I8_000030,0.9386734693877551,0.4061224489795918,0.10419997651059865,0.029819597484947342,3.4943455076212158
vggss,C3,12345,best,3777,fJNauQt9Di0_000150,0.9964285714285714,0.8603061224489796,0.208329554028466,0.06265512429671882,3.3250202017295494
vggss,C3,12345,best,3778,fK39zLd_OrM_000706,0.9810204081632653,0.23816326530612245,0.122329720730782,0.021261567450374694,5.753560785972351
vggss,C3,12345,best,3779,fL6pMyvoGVg_000024,0.9962244897959184,0.8127551020408164,0.14624693229650285,0.025596481681123467,5.713556031583629
vggss,C3,12345,best,3780,fLEM7amr21o_000250,0.9729591836734693,-0.17295918367346938,0.08518019659850569,0.01748943118416103,4.870381186304533
vggss,C3,12345,best,3781,fLPEAElOWho_000137,0.9903061224489796,0.8861224489795918,0.12913244667929064,0.029517251554555656,4.374812690152396
vggss,C3,12345,best,3782,fLPEAElOWho_000148,0.9855102040816327,0.8731632653061224,0.10169184204425975,0.03232603867202141,3.1458182388513722
vggss,C3,12345,best,3783,fLZ5jPkCUOQ_000004,0.9912244897959184,0.32255102040816325,0.13848346501723213,0.0186012375675056,7.444852231721836
vggss,C3,12345,best,3784,fLZ5jPkCUOQ_000014,0.9953061224489796,0.6023469387755102,0.16527671764318616,0.01808477415361082,9.138998156091812
vggss,C3,12345,best,3785,fPFpRsKbzfU_000000,0.9787755102040816,0.566734693877551,0.12129667355669438,0.023163877898925277,5.236457992308884
vggss,C3,12345,best,3786,fPV1g05NMfE_000078,0.9925510204081632,0.5687755102040817,0.18136054748412872,0.017934318579946585,10.112486107329364
vggss,C3,12345,best,3787,fQRh2QW5RX8_000030,0.9959183673469387,0.7732653061224489,0.11849895635716469,0.017004039793126997,6.968870797694896
vggss,C3,12345,best,3788,fSEpr4pZviU_000108,0.996938775510204,-0.261734693877551,0.21489450776706623,0.010317183989172474,20.82879475568048
vggss,C3,12345,best,3789,fTxaj8RU_gE_000093,0.9954081632653061,0.9294897959183673,0.13369133737325783,0.03472637329650475,3.849850263134562
vggss,C3,12345,best,3790,fW6NVxZZekE_000100,0.9856122448979592,0.661530612244898,0.17596671645182654,0.036699304296581074,4.794824311375835
vggss,C3,12345,best,3791,fWVfi9pAh_4_000010,0.9962244897959184,0.8148979591836735,0.11227239822356334,0.013272132574831052,8.459258343792767
vggss,C3,12345,best,3792,fWjgRBl7LNc_000060,0.9935714285714285,0.9335714285714286,0.12741185043262304,0.0390193917900443,3.2653469105362083
vggss,C3,12345,best,3793,fXGErRbyv6M_000079,0.9717346938775511,0.8088775510204081,0.1406060540616568,0.05319022924244876,2.643456440481842
vggss,C3,12345,best,3794,fYnJ1cXVezA_000179,0.9859183673469388,0.7243877551020408,0.14445253640959727,0.030156177390093623,4.790147456058216
vggss,C3,12345,best,3795,f_8Jnw9bU64_000008,0.9892857142857143,0.8120408163265306,0.15346005400234447,0.035901706461514485,4.274450134197629
vggss,C3,12345,best,3796,f_cBi2vT3Qw_000002,0.9971428571428571,0.9335714285714286,0.14182970753253332,0.023393856123044548,6.062690425492588
vggss,C3,12345,best,3797,fakJJOOLBhw_000083,0.9972448979591837,0.9442857142857143,0.15696686835245766,0.0307057126997172,5.111976064112113
vggss,C3,12345,best,3798,fakJJOOLBhw_000140,0.9892857142857143,0.8941836734693878,0.11036319012441918,0.023346026598654968,4.727279379129017
vggss,C3,12345,best,3799,favWHteInt0_000448,0.9191836734693878,0.5723469387755102,0.0794060135607259,0.035769448016344865,2.2199395843190333
vggss,C3,12345,best,3800,fbJxpi7W9ds_000130,0.9944897959183674,0.8517346938775511,0.16455021932649994,0.03787188606352524,4.344917468606871
vggss,C3,12345,best,3801,fbdz2U-fJsk_000110,0.9973469387755102,-0.6285714285714286,0.17751654388872884,0.015384512078333187,11.538652833763553
vggss,C3,12345,best,3802,fc9x20wj8ss_000076,0.9923469387755102,0.5919387755102041,0.13260472699131415,0.017287131586467757,7.670718900243473
vggss,C3,12345,best,3803,fdFk48aKQ_c_000239,0.9822448979591837,0.7827551020408163,0.13998450527632894,0.029771584290033987,4.701950151950383
vggss,C3,12345,best,3804,fe3dZmkaq0Q_000070,0.9910204081632653,0.7613265306122449,0.12382633265556965,0.02125143749633621,5.826727376767692
vggss,C3,12345,best,3805,feMC18447Ec_000024,0.993265306122449,0.6083673469387755,0.1626188870395877,0.015923309645854915,10.21263108338284
vggss,C3,12345,best,3806,ff21Bursam0_000160,0.9889795918367347,0.42581632653061224,0.15778338108842294,0.026394620234939804,5.977861385539377
vggss,C3,12345,best,3807,ff7CHJ9kvnk_000003,0.9754081632653061,0.8963265306122449,0.15835658905713285,0.07263440283081661,2.180187113618657
vggss,C3,12345,best,3808,fh3sWiAtViA_000033,0.9664285714285714,0.4776530612244898,0.09918600694142045,0.021991308216367498,4.51023677016173
vggss,C3,12345,best,3809,fhAAzi6MSXw_000070,0.9928571428571429,0.6791836734693878,0.19720403001417558,0.032516547910480136,6.064728351763823
vggss,C3,12345,best,3810,fhKxzcGgIjM_000005,0.9573469387755102,-0.26755102040816325,0.09390585888080162,0.03195800799011428,2.938414024736772
vggss,C3,12345,best,3811,fiAJqNva0oA_000030,0.9737755102040816,0.7546938775510204,0.14157295620111976,0.03563530853561474,3.972828130830649
vggss,C3,12345,best,3812,ficqj4JyX4c_000098,0.9755102040816327,-0.2146938775510204,0.13526172150084043,0.021287488114073706,6.35404801055017
vggss,C3,12345,best,3813,fil2wCcFeY0_000001,0.991734693877551,0.001836734693877551,0.17076187320160202,0.011520031280348137,14.823039021855987
vggss,C3,12345,best,3814,fjJPvFZswhg_000030,0.9820408163265306,0.24581632653061225,0.09008182711795377,0.015995729743194752,5.631617223107831
vggss,C3,12345,best,3815,fjiv34te9vc_000030,0.9903061224489796,0.8772448979591837,0.13323403091714328,0.03034344782562558,4.39086657794454
vggss,C3,12345,best,3816,fkGPfJmuElE_000042,0.9845918367346939,0.7706122448979592,0.15414294556829547,0.03863424133003859,3.9898012814981163
vggss,C3,12345,best,3817,flLjMZMydXc_000030,0.9855102040816327,0.7315306122448979,0.19769180807151365,0.033520330578481874,5.897668807551094
vggss,C3,12345,best,3818,fmSvZ3RR8YY_000380,0.9920408163265306,0.4963265306122449,0.14837045684440503,0.01940962523954312,7.644169066290406
vggss,C3,12345,best,3819,fn41SZiLTUQ_000083,0.9727551020408163,0.41683673469387755,0.09048980496296444,0.02036637546984799,4.44309813972215
vggss,C3,12345,best,3820,fnj0Bhpamqo_000115,0.9859183673469388,0.36336734693877554,0.12545224581894746,0.023046028025764567,5.443551733890834
vggss,C3,12345,best,3821,fou66e3D0VM_000013,0.9964285714285714,0.2845918367346939,0.20466455919413082,0.01256469746051095,16.288856921335537
vggss,C3,12345,best,3822,fowc2nadbvE_000000,0.9857142857142858,0.9121428571428571,0.17403682933371548,0.05790550899300919,3.005531466008296
vggss,C3,12345,best,3823,fp86HeXZCdo_000068,0.9807142857142858,0.7862244897959184,0.11824345750907844,0.022062685191622314,5.359431840779656
vggss,C3,12345,best,3824,fpCo9vXA3EM_000112,0.9948979591836735,0.8869387755102041,0.12296176574924711,0.031536446905738126,3.8990367594922035
vggss,C3,12345,best,3825,fqZlpAZ4RkQ_000193,0.9775510204081632,0.7023469387755102,0.07819503696563038,0.020006927246625075,3.9083981263949927
vggss,C3,12345,best,3826,fqvUeh_JTic_000001,0.9863265306122448,0.5978571428571429,0.1398023269885526,0.02156536621887299,6.482724455947528
vggss,C3,12345,best,3827,frCqvzJkCUQ_000053,0.9594897959183674,0.726938775510204,0.09688156611602497,0.037272974667957065,2.5992442776324043
vggss,C3,12345,best,3828,fruUoi4bWvo_000018,0.9703061224489796,0.3311224489795918,0.10062112392188712,0.02012727215429764,4.999242974930518
vggss,C3,12345,best,3829,fsHgHsYyJbs_000030,0.9946938775510205,0.9697959183673469,0.21365605792516632,0.06501208697513022,3.2864051573501785
vggss,C3,12345,best,3830,ftxxMmqrYQ8_000003,0.993265306122449,0.9408163265306122,0.2253186155220319,0.03196942370039892,7.047941108779521
vggss,C3,12345,best,3831,fvIV8Wu_-Lo_000129,0.9901020408163266,0.9276530612244898,0.18111868239327494,0.04429856607856169,4.088590183078802
vggss,C3,12345,best,3832,fvOZ_L5EY0k_000030,0.9920408163265306,0.6889795918367347,0.16255351450436578,0.023029884116992833,7.058373098127056
vggss,C3,12345,best,3833,fw3aeZ0BieE_000010,0.9847959183673469,0.8376530612244898,0.16784903422614514,0.041614207029713204,4.033455067551768
vggss,C3,12345,best,3834,fw5gg4WM-ko_000321,0.9863265306122448,0.9795918367346939,0.19336973498770368,0.05887053422444132,3.2846607820899005
vggss,C3,12345,best,3835,fw8zeOi0DiA_000137,0.9861224489795918,0.8305102040816327,0.10733061846648477,0.029995920166944558,3.5781738939538483
vggss,C3,12345,best,3836,fwFuuaK8WqE_000332,0.9934693877551021,0.9053061224489796,0.2076395091076791,0.04662494231166376,4.453399807333074
vggss,C3,12345,best,3837,fwKMB57hL6E_000056,0.991734693877551,0.515,0.11841979500634954,0.01783357868859566,6.6402709783694425
vggss,C3,12345,best,3838,fwKMB57hL6E_000097,0.98,0.6778571428571428,0.139269918941383,0.030412812400725842,4.5793173319958775
vggss,C3,12345,best,3839,fxUSMBlLOso_000012,0.9910204081632653,0.7882653061224489,0.1603443560126549,0.032105720490642274,4.994261258188859
vggss,C3,12345,best,3840,fybJWy6rywA_000089,0.9911224489795918,-0.6892857142857143,0.1590798142271318,0.021160229780065588,7.517867994845504
vggss,C3,12345,best,3841,g-FzdV9ZTJQ_000018,0.9940816326530613,0.8720408163265306,0.16273779894647303,0.0251566118688668,6.468987151162168
vggss,C3,12345,best,3842,g-ghr5fAVpE_000030,0.9942857142857143,0.8527551020408163,0.16122551771224056,0.03379495613214766,4.770697647359092
vggss,C3,12345,best,3843,g0RkIkC2meo_000030,0.9937755102040816,0.6801020408163265,0.13856330175092932,0.016824197605393543,8.235953060044205
vggss,C3,12345,best,3844,g0vwHQf1lO0_000006,0.9676530612244898,0.5411224489795918,0.08236873593432041,0.020027856520900243,4.112708509188879
vggss,C3,12345,best,3845,g1B7AXhFQ1I_000060,0.9960204081632653,0.7695918367346939,0.12287660656022055,0.010187416675999978,12.061606044808137
vggss,C3,12345,best,3846,g1Mn4tB463U_000160,0.9814285714285714,0.7489795918367347,0.10962409112916617,0.034003463101970686,3.2239096000434397
vggss,C3,12345,best,3847,g27CnmPRgdI_000031,0.9824489795918367,0.7355102040816327,0.10262651372595609,0.027554505657794704,3.7244911957592963
vggss,C3,12345,best,3848,g295Y8wuo7w_000024,0.9903061224489796,0.6756122448979592,0.11591720780668228,0.017476414892627842,6.632779578583945
vggss,C3,12345,best,3849,g2at4AqJsqk_000142,0.9731632653061224,0.025,0.09517075475739153,0.024222157907797165,3.9290782893771765
vggss,C3,12345,best,3850,g3J2VYx8zYE_000060,0.9843877551020408,0.748265306122449,0.1245958906238896,0.02474108577007034,5.03599121646533
vggss,C3,12345,best,3851,g3JUdaGVCLk_000030,0.9906122448979592,0.09897959183673469,0.15735815821763285,0.014273430381532901,11.024550792024343
vggss,C3,12345,best,3852,g3bUrhq5Vpw_000296,0.991734693877551,0.523061224489796,0.116818915670559,0.01577986938014896,7.403034388707738
vggss,C3,12345,best,3853,g3kkGbxwSLQ_000030,0.9936734693877551,-0.0663265306122449,0.15222978658393793,0.009120163731588948,16.691562899980514
vggss,C3,12345,best,3854,g4E8Tl7dEs8_000338,0.9628571428571429,0.4807142857142857,0.13177179608055054,0.045324738714017446,2.907281979317795
vggss,C3,12345,best,3855,g4xhZgKwiNo_000030,0.9954081632653061,0.938469387755102,0.22443602740981014,0.0676717820467288,3.316537862928337
vggss,C3,12345,best,3856,g5FVJveyyVM_000030,0.9948979591836735,0.47561224489795917,0.20391610818929537,0.022416525294731093,9.096686730357133
vggss,C3,12345,best,3857,g6FX9VjYD-w_000030,0.9779591836734693,0.10061224489795918,0.16684891043323563,0.028841863562016783,5.784955957317782
vggss,C3,12345,best,3858,g87FgSOzbvo_000023,0.9893877551020408,0.7765306122448979,0.12818496165493035,0.025765863620571688,4.974991855215222
vggss,C3,12345,best,3859,g9q3jv6SpTA_000160,0.986734693877551,0.7296938775510204,0.14704775887460303,0.03276829105373651,4.4875016104276035
vggss,C3,12345,best,3860,gA4PlwSKj8A_000039,0.9961224489795918,0.6957142857142857,0.17927971080400038,0.017042338794290558,10.519665931301741
vggss,C3,12345,best,3861,gB1ytjgpcW4_000190,0.981938775510204,-0.06908163265306122,0.12944337472109627,0.020744272328140124,6.239957356590575
vggss,C3,12345,best,3862,gBHlKMGENc0_000551,0.9458163265306122,0.34469387755102043,0.11334595185684072,0.03301281708668328,3.4333922960655863
vggss,C3,12345,best,3863,gBRTGtmHZW0_000154,0.9848979591836735,0.2266326530612245,0.10579257666233041,0.011091232811886705,9.538396538656217
vggss,C3,12345,best,3864,gCHF0oBPZv8_000030,0.9905102040816327,0.8693877551020408,0.1401582807328812,0.02190345689662198,6.398911431852424
vggss,C3,12345,best,3865,gE-sdOo_bck_000000,0.9905102040816327,-0.53,0.14111467924309856,0.016255049209746818,8.681282807712675
vggss,C3,12345,best,3866,gEvCUcZ6w88_000030,0.9916326530612245,-0.49051020408163265,0.15123930724138593,0.01420984852549274,10.643273710487463
vggss,C3,12345,best,3867,gFJjYWXeBn0_000030,0.9933673469387755,0.9151020408163265,0.1342277728356192,0.0297125603661533,4.517543125920684
vggss,C3,12345,best,3868,gFs6lRAQsLg_000160,0.9546938775510204,0.5023469387755102,0.08880659947481857,0.026932078256390848,3.2974283911322444
vggss,C3,12345,best,3869,gGmvLozUXgE_000024,0.9821428571428571,0.7098979591836735,0.11646419208286819,0.021900107844131413,5.317973450714179
vggss,C3,12345,best,3870,gItGfthUf8E_000203,0.9861224489795918,0.8324489795918367,0.13679604189397113,0.04154480319531498,3.2927353452813484
vggss,C3,12345,best,3871,gLPkzyEy--c_000876,0.9889795918367347,0.17755102040816326,0.15584027912978918,0.020985021494496187,7.426262544961507
vggss,C3,12345,best,3872,gLSoyIcevss_000030,0.9934693877551021,0.6234693877551021,0.1617030229530917,0.02011656454646564,8.038302095747355
vggss,C3,12345,best,3873,gLifHKl6khE_000034,0.9933673469387755,0.7805102040816326,0.13793361532176265,0.025547845058641026,5.399031307930588
vggss,C3,12345,best,3874,gMBz6lX9HNQ_000202,0.9871428571428571,-0.5441836734693878,0.09806077232519678,0.018655736035093285,5.256333609177079
vggss,C3,12345,best,3875,gMDf19Ad_qA_000058,0.9948979591836735,0.8356122448979592,0.17982816961275364,0.023397662170979272,7.685732373544532
vggss,C3,12345,best,3876,gMvxkbFe2M4_000019,0.9880612244897959,0.6453061224489796,0.10225027531420837,0.01822184474697986,5.611411837495521
vggss,C3,12345,best,3877,gMwbOxrQP9Q_000030,0.9894897959183674,0.7463265306122449,0.11931340277783459,0.01835598321561473,6.499973407926156
vggss,C3,12345,best,3878,gNmZoBiNLzU_000180,0.9921428571428571,0.9089795918367347,0.09273259015355627,0.028012963513410337,3.310345587290806
vggss,C3,12345,best,3879,gNx6DV8EcF8_000107,0.9913265306122448,0.5405102040816326,0.14739364134406593,0.033986380123326075,4.336844371457623
vggss,C3,12345,best,3880,gPekns88rQA_000270,0.9928571428571429,0.39816326530612245,0.16145981383505226,0.010564641951546397,15.283036999793318
vggss,C3,12345,best,3881,gPw-sP3px30_000002,0.9764285714285714,0.21918367346938775,0.09524341223921946,0.0189573019987832,5.02410164934508
vggss,C3,12345,best,3882,gQKWGk5HBcs_000220,0.9733673469387755,0.3547959183673469,0.1174015785213757,0.027896692277877954,4.208440819862899
vggss,C3,12345,best,3883,gQSjOkhrDf0_000434,0.9862244897959184,0.8072448979591836,0.12914736649976327,0.03311436970252321,3.9000400025709276
vggss,C3,12345,best,3884,gQXJt2cE-8c_000070,0.975,0.6733673469387755,0.10278184793259514,0.03376500720867678,3.044034532478427
vggss,C3,12345,best,3885,gT1HfA-JhYc_000129,0.9905102040816327,0.9351020408163265,0.18188171874511283,0.0716993613826805,2.5367271791216774
vggss,C3,12345,best,3886,gTUu9V5zAME_000078,0.9944897959183674,0.8797959183673469,0.130282586826749,0.028009122568522896,4.651434064313127
vggss,C3,12345,best,3887,gUNC_cONok8_000060,0.9868367346938776,0.16989795918367348,0.10754998420778374,0.015740690281602927,6.832609134904569
vggss,C3,12345,best,3888,gVW13w2fXh8_000030,0.9904081632653061,0.0773469387755102,0.15247235491623887,0.022699779454808614,6.716909088028159
vggss,C3,12345,best,3889,gWSppirU_18_000000,0.9529591836734694,0.21010204081632652,0.10308166388491853,0.02899273444498026,3.555430898749389
vggss,C3,12345,best,3890,gXpT8TZjAnI_000030,0.9960204081632653,-0.17214285714285715,0.1499044851305192,0.010745490931552228,13.950454761480584
vggss,C3,12345,best,3891,gYxWz9JAbjE_000048,0.9971428571428571,0.2804081632653061,0.11751877100772036,0.00704343479393618,16.684866751218365
vggss,C3,12345,best,3892,gZ4u6eUJxV4_000371,0.9880612244897959,-0.6991836734693877,0.12816561180219713,0.02664488655069417,4.810139144647928
vggss,C3,12345,best,3893,gZbqznxxrbE_000367,0.9958163265306123,0.9425510204081633,0.16396712844048697,0.028279950582429193,5.797999114693026
vggss,C3,12345,best,3894,g_DBLppDZAs_000030,0.9897959183673469,0.7483673469387755,0.1582466395102881,0.02890659937198323,5.474412173977941
vggss,C3,12345,best,3895,g_p6sqfaXHM_000110,0.9954081632653061,0.8161224489795919,0.12106377836276462,0.01519306946545644,7.968355481953135
vggss,C3,12345,best,3896,ga6Q5sJLaqU_000030,0.9407142857142857,0.34846938775510206,0.07726867914835256,0.02655179370156129,2.9101114605228737
vggss,C3,12345,best,3897,gaFQgJLQHtU_000090,0.9810204081632653,0.7356122448979592,0.12370716284539023,0.02330721826052008,5.307675993875977
vggss,C3,12345,best,3898,gcyPMu7k1LM_000184,0.9736734693877551,0.8931632653061224,0.12402135687300551,0.05051649300709244,2.455066642405147
vggss,C3,12345,best,3899,gd2-qjVH_DI_000020,0.981734693877551,0.7685714285714286,0.18004674075844238,0.0625999468804692,2.8761484590750643
vggss,C3,12345,best,3900,gd2-qjVH_DI_000032,0.9888775510204082,0.7278571428571429,0.17959140070090332,0.058289843234971224,3.081006754074726
vggss,C3,12345,best,3901,gdR6nuDBghI_000134,0.9827551020408163,0.6540816326530612,0.17242162400355274,0.025554255407164193,6.747276383377383
vggss,C3,12345,best,3902,ge191yHHQio_000030,0.9688775510204082,-0.15275510204081633,0.14372176998674735,0.03315835944519623,4.334405332214613
vggss,C3,12345,best,3903,gefp9ta8LTA_000030,0.9956122448979592,0.7802040816326531,0.2142972860036302,0.02616171326497036,8.191255818500501
vggss,C3,12345,best,3904,gf1y74QzhTI_000030,0.9936734693877551,0.881938775510204,0.20106987766538043,0.035913816209582866,5.598677581129043
vggss,C3,12345,best,3905,gfFpHArBxQU_000030,0.9936734693877551,0.39071428571428574,0.1537023621892532,0.021186775691343997,7.254636780435136
vggss,C3,12345,best,3906,gg6yoeBoYxg_000000,0.9792857142857143,0.3693877551020408,0.09312685852754957,0.019100294833014647,4.875676493044538
vggss,C3,12345,best,3907,gg_wdPHtU7Y_000001,0.9946938775510205,0.6931632653061225,0.14569694931217725,0.017565807283533404,8.294349753498489
vggss,C3,12345,best,3908,ggb93ZYIeaA_000082,0.9938775510204082,0.9212244897959184,0.141158482119332,0.029738172505954598,4.746710043835654
vggss,C3,12345,best,3909,ggjbkDEZKXQ_000090,0.9942857142857143,0.8219387755102041,0.18471524197929054,0.0391659487812734,4.716220281317666
vggss,C3,12345,best,3910,gh4oE_5g4YY_000439,0.9857142857142858,0.8523469387755102,0.1550122732159214,0.02596972305237082,5.968961351775758
vggss,C3,12345,best,3911,ghRyW0bkt8c_000105,0.9868367346938776,0.5707142857142857,0.13229277949129492,0.02022869703580722,6.539856682668233
vggss,C3,12345,best,3912,gkIENhK7fxg_000020,0.9938775510204082,0.2896938775510204,0.1967833905747988,0.019298550323806677,10.19679650922002
vggss,C3,12345,best,3913,gkaTHw410NA_000011,0.9901020408163266,0.6937755102040817,0.16569283179547542,0.04310719061201367,3.8437399756990422
vggss,C3,12345,best,3914,gklbB7TYoK4_000030,0.9942857142857143,-0.48489795918367345,0.1225629324299889,0.01334184321604443,9.18635682081761
vggss,C3,12345,best,3915,gl9j63Ln1y4_000144,0.9933673469387755,0.5383673469387755,0.13690682655978093,0.01408869205041496,9.717497271561738
vggss,C3,12345,best,3916,glLQrEijrKg_000300,0.986734693877551,0.4962244897959184,0.15537919677840745,0.020524860116437532,7.570292605988117
vggss,C3,12345,best,3917,glLssX4biLE_000094,0.9453061224489796,0.8589795918367347,0.10826263443018855,0.0508043684896444,2.130970970582107
vggss,C3,12345,best,3918,gmy8czZ3uLc_000030,0.975,0.358265306122449,0.06417176620632394,0.012564017339798485,5.107583384420352
vggss,C3,12345,best,3919,gmyjKCxNFwY_000030,0.9948979591836735,0.7460204081632653,0.21590937946236796,0.05570577065705884,3.8758889234576754
vggss,C3,12345,best,3920,gpIWcn9yiXg_000350,0.9834693877551021,0.6045918367346939,0.10393395923438206,0.023759232313220552,4.374466222822747
vggss,C3,12345,best,3921,gpJFhQtQ4cs_000133,0.9927551020408163,0.888265306122449,0.16020740214331353,0.042077150029615124,3.807467997013935
vggss,C3,12345,best,3922,gpO6rllg_84_000000,0.9281632653061225,0.7622448979591837,0.08086298148422055,0.0435686386960175,1.8559905451352106
vggss,C3,12345,best,3923,grryyLLuWk0_000034,0.9868367346938776,0.3827551020408163,0.11562166796498391,0.01744840021892564,6.626491054439096
vggss,C3,12345,best,3924,gs-lSymjBVE_000030,0.9973469387755102,0.9645918367346938,0.1409765525383058,0.03415608434703894,4.127421372600262
vggss,C3,12345,best,3925,gseikrqMhAY_000029,0.9965306122448979,0.8701020408163266,0.1872950965373506,0.022978259722661758,8.150969603352307
vggss,C3,12345,best,3926,guD3o7aspko_000030,0.9942857142857143,0.6780612244897959,0.10506443372908045,0.011047762798682803,9.510018964346973
vggss,C3,12345,best,3927,guGNQyMTm8Y_000101,0.9870408163265306,0.9069387755102041,0.14618778776343308,0.04533426969285045,3.2246640070279544
vggss,C3,12345,best,3928,gvuoL6ugzvw_000040,0.9771428571428571,0.31510204081632653,0.12405058803437818,0.023939666018797486,5.181801113556611
vggss,C3,12345,best,3929,gwi6bU0Rbbc_000000,0.9860204081632653,0.8531632653061224,0.12626541195505117,0.034525505795886695,3.6571632781146453
vggss,C3,12345,best,3930,gx7Ylk3LVaU_000020,0.9889795918367347,0.07887755102040817,0.19084492374933565,0.018729244760402174,10.189675354813273
vggss,C3,12345,best,3931,gxVhAVNjSU0_000030,0.9854081632653061,0.7370408163265306,0.1575979542748212,0.034884760970562145,4.517673330421035
vggss,C3,12345,best,3932,gyhxCxzvIps_000010,0.976938775510204,-0.08693877551020408,0.14052833634865572,0.025167698719218014,5.58367842512945
vggss,C3,12345,best,3933,gykTJfcqaH4_000234,0.9773469387755102,0.027857142857142858,0.08614002093120424,0.011734697059830277,7.340625879987575
vggss,C3,12345,best,3934,h0vsyCyimhY_000155,0.9895918367346939,0.39377551020408164,0.15320256948115848,0.01884890401121438,8.127929846213275
vggss,C3,12345,best,3935,h1LxMPb7WD8_000085,0.9593877551020408,0.8510204081632653,0.09217276762165899,0.03816291230392697,2.415244593693506
vggss,C3,12345,best,3936,h1QxsOmXVCE_000187,0.9910204081632653,0.7851020408163265,0.1879319155419273,0.021410679696045088,8.77748479776854
vggss,C3,12345,best,3937,h4MaAn43I20_000069,0.99,-0.35591836734693877,0.12617411005237805,0.015530861387546849,8.124089637008066
vggss,C3,12345,best,3938,h6HkOxlVt5c_000070,0.980204081632653,0.5919387755102041,0.16464820325587554,0.03154980415785173,5.218675920525481
vggss,C3,12345,best,3939,h6YMk2FOHHM_000017,0.9662244897959184,0.671530612244898,0.08907949218982847,0.026195970561794926,3.40050359957821
vggss,C3,12345,best,3940,h6zc38gOkA4_000130,0.9892857142857143,0.9146938775510204,0.19333049941426764,0.057401820039793335,3.3680203742711097
vggss,C3,12345,best,3941,h7hGEzZUXQQ_000000,0.9975510204081632,-0.0010204081632653062,0.18519237012961476,0.00757853830396033,24.436423318311718
vggss,C3,12345,best,3942,h8-Z6EtIYQA_000030,0.9871428571428571,-0.37714285714285717,0.10620445970375929,0.018325497498293767,5.795447556806994
vggss,C3,12345,best,3943,h8fMUaesCrA_000168,0.9954081632653061,0.8359183673469388,0.16057202892678288,0.029261630813558256,5.487460010341683
vggss,C3,12345,best,3944,h9vUucEhRN4_000090,0.9965306122448979,0.5558163265306122,0.1388089200847788,0.01456794873489134,9.528377852698021
vggss,C3,12345,best,3945,hAukn8dWZ2M_000030,0.9953061224489796,0.3880612244897959,0.14762861132034044,0.011773905457699666,12.53862720834039
vggss,C3,12345,best,3946,hBQFoDI3NMI_000030,0.986938775510204,0.8026530612244898,0.20489621817499398,0.04291167425946341,4.774836258685659
vggss,C3,12345,best,3947,hBTte9j8Xrk_000136,0.985204081632653,0.8094897959183673,0.12040573510256962,0.024358359505191347,4.943097053679181
vggss,C3,12345,best,3948,hC7sSMWLwDo_000016,0.9891836734693877,0.605204081632653,0.1479345986837454,0.020410567376643797,7.247941517443057
vggss,C3,12345,best,3949,hCR2_Lrjw8I_000048,0.9908163265306122,0.2947959183673469,0.10399926264717316,0.012862781254032635,8.085285801977559
vggss,C3,12345,best,3950,hCX2DpwEBQY_000030,0.9946938775510205,0.8479591836734693,0.17723229960636794,0.02526991313788093,7.0135697989672705
vggss,C3,12345,best,3951,hCbPUyqgdPY_000191,0.9747959183673469,0.07346938775510205,0.13105571420918619,0.025023936818993918,5.237214078550221
vggss,C3,12345,best,3952,hDGiU8zHWdU_000030,0.9947959183673469,0.8584693877551021,0.17284790209899592,0.03051228617909637,5.664862379843963
vggss,C3,12345,best,3953,hDIziLujP38_000160,0.9883673469387755,0.7237755102040816,0.12573415399808716,0.025394119570885342,4.951309835614181
vggss,C3,12345,best,3954,hDnMfsCScSc_000096,0.985,0.6373469387755102,0.13302778097385679,0.021502472799465176,6.186627101659003
vggss,C3,12345,best,3955,hFkC9DzHoho_000099,0.9838775510204082,0.8954081632653061,0.17946465301851838,0.05909236277622897,3.03701941481195
vggss,C3,12345,best,3956,hFkC9DzHoho_000189,0.9941836734693877,0.9016326530612245,0.18764285766769057,0.04673450749282918,4.015081526139587
vggss,C3,12345,best,3957,hH6thMA3640_000120,0.9881632653061224,0.6124489795918368,0.18041184954108763,0.03229895159627094,5.585687479773089
vggss,C3,12345,best,3958,hHb0Eq1I7Fk_000000,0.9911224489795918,0.5645918367346939,0.11237693268100431,0.014734018434548307,7.62703896294191
vggss,C3,12345,best,3959,hHbJRPjqgXQ_000090,0.9898979591836735,0.7754081632653061,0.10749352319500918,0.02501450849745715,4.297247063876408
vggss,C3,12345,best,3960,hIYihNrwF2Q_000440,0.9887755102040816,0.6022448979591837,0.11706165294696727,0.019166861258176484,6.107502494547947
vggss,C3,12345,best,3961,hIazzIF19gY_000110,0.9889795918367347,-0.3441836734693878,0.09157851953099906,0.013417560756894716,6.825273325775011
vggss,C3,12345,best,3962,hNL5kuYOnok_000119,0.9925510204081632,0.2523469387755102,0.11381843129996608,0.013105872231343014,8.684536922904416
vggss,C3,12345,best,3963,hQYRDNl-lGI_000382,0.9933673469387755,-0.26163265306122446,0.1302159296957376,0.015720330707077967,8.283281829249864
vggss,C3,12345,best,3964,hRHKxyErgZw_000030,0.9798979591836735,0.6540816326530612,0.12278654849068679,0.025516024017461263,4.812134853245977
vggss,C3,12345,best,3965,hSAgDYarzOs_000060,0.9843877551020408,0.6674489795918367,0.10577376511468542,0.020211741188386513,5.233283175793983
vggss,C3,12345,best,3966,hSV8LmYR6TY_000010,0.9937755102040816,0.8327551020408164,0.14813136120624953,0.02694542649663653,5.497458398913822
vggss,C3,12345,best,3967,hT8dAeHe7Ow_000050,0.985,0.5958163265306122,0.15175479036025946,0.032653510894710976,4.647426454373695
vggss,C3,12345,best,3968,hTxXqAik2UU_000003,0.9970408163265306,0.865204081632653,0.14410469745643145,0.015837221669724323,9.099114760255791
vggss,C3,12345,best,3969,hTxXqAik2UU_000058,0.9959183673469387,0.9094897959183673,0.18003525308925356,0.030496163250982602,5.903537819087872
vggss,C3,12345,best,3970,hUJWpx4ji1M_000092,0.9957142857142857,0.4603061224489796,0.1832158724704311,0.024521155261313567,7.471747171695713
vggss,C3,12345,best,3971,hUcuXIvDN2E_000030,0.9955102040816326,0.8166326530612245,0.18290227315748792,0.034857387283630484,5.24715956675793
vggss,C3,12345,best,3972,hYk2rw9wcXc_000070,0.9934693877551021,-0.6086734693877551,0.18994853434143003,0.023700421663091532,8.01456349771343
vggss,C3,12345,best,3973,hZ4oCZEjcWE_000129,0.9846938775510204,0.8006122448979592,0.13921072450778588,0.023513587809618045,5.920437392835595
vggss,C3,12345,best,3974,hZQ5AlAjgVI_000068,0.9877551020408163,0.2589795918367347,0.08214814841546685,0.009703084806138067,8.466188851972191
vggss,C3,12345,best,3975,h_Q_2UKcQX0_000368,0.9936734693877551,0.9109183673469388,0.1545135862560135,0.038361372295717185,4.027843036086173
vggss,C3,12345,best,3976,h_m8EqsraXs_000206,0.9925510204081632,0.3768367346938776,0.16996466181063508,0.012486753563201503,13.611597357981134
vggss,C3,12345,best,3977,ha8lvNZ7n7c_000046,0.9861224489795918,0.8734693877551021,0.15854088177236186,0.03192365792470048,4.966250488785406
vggss,C3,12345,best,3978,haEhBq0E5Eo_000119,0.9774489795918367,0.5498979591836735,0.12501623306198437,0.028327225733225884,4.413288976454512
vggss,C3,12345,best,3979,haVBNvKQsEI_000020,0.9792857142857143,0.0563265306122449,0.11832552822766125,0.014575131311730542,8.118316445796204
vggss,C3,12345,best,3980,hbLS-Dlgj_o_000002,0.9766326530612245,0.6339795918367347,0.09075778529488986,0.024539992012272537,3.698362462771038
vggss,C3,12345,best,3981,hdebdzPVZdQ_000101,0.9183673469387755,0.7791836734693878,0.11459610179812782,0.045322030702906774,2.528485595654876
vggss,C3,12345,best,3982,hfBuRqBEBo4_000250,0.9946938775510205,-0.20612244897959184,0.14739337475142683,0.013287089486852774,11.092976749894603
vggss,C3,12345,best,3983,hfdMfiv2R9w_000058,0.9944897959183674,0.46377551020408164,0.13633734721041535,0.014271602239450135,9.55305122178547
vggss,C3,12345,best,3984,hfewjg0CTQM_000060,0.990204081632653,0.43051020408163265,0.12571650877992668,0.015726263092667253,7.994048429632658
vggss,C3,12345,best,3985,hhnMBQ3Zgws_000000,0.9827551020408163,-0.07785714285714286,0.09244252988996289,0.016117940061158628,5.735381167766778
vggss,C3,12345,best,3986,hidrmMfy49s_000014,0.9887755102040816,0.7066326530612245,0.1646880498157198,0.023074355590054416,7.1372762360784705
vggss,C3,12345,best,3987,hizN7823a6c_000030,0.9803061224489796,0.5246938775510204,0.16202806951425153,0.02023134800635616,8.00876290909269
vggss,C3,12345,best,3988,hjRCaD9JmJY_000511,0.9827551020408163,0.7908163265306123,0.1450565924377189,0.03585250819046547,4.045925927053966
vggss,C3,12345,best,3989,hkAmMR-HE2Y_000074,0.990204081632653,-0.19714285714285715,0.13439687237496986,0.01497167746076424,8.97674109846269
vggss,C3,12345,best,3990,hkWcUtga1lw_000400,0.9108163265306123,0.09724489795918367,0.11879430078074726,0.038990086501104367,3.046782180834159
vggss,C3,12345,best,3991,hl6DOlVU-CQ_000024,0.9959183673469387,-0.3292857142857143,0.15554813523551353,0.013403004933542169,11.605467281910864
vggss,C3,12345,best,3992,hm4pu5tkD0U_000154,0.9908163265306122,-0.2403061224489796,0.18079400826249814,0.02421920945323575,7.464901305370378
vggss,C3,12345,best,3993,hmD1w6133Og_000110,0.9825510204081632,0.7039795918367346,0.12248439883376287,0.023120092003896593,5.297747033754005
vggss,C3,12345,best,3994,hnpnc72pQOQ_000677,0.9856122448979592,0.759795918367347,0.10754716220232347,0.02448416400825101,4.392519269438023
vggss,C3,12345,best,3995,hoOwwU30m0I_000067,0.9943877551020408,-0.6043877551020408,0.15444988255905187,0.015258820606715217,10.122006578351174
vggss,C3,12345,best,3996,hs4z6xnkvbQ_000030,0.9788775510204082,0.6252040816326531,0.10613309958909584,0.023596432668159795,4.497845122678571
vggss,C3,12345,best,3997,hsch-EsQFlU_000021,0.9940816326530613,-0.12173469387755102,0.1413977646717173,0.013816693007746031,10.233835592384205
vggss,C3,12345,best,3998,hsmrvZEc_uw_000150,0.9922448979591837,0.8058163265306122,0.15714609469818808,0.022237781344874898,7.066626488546047
vggss,C3,12345,best,3999,hv-gJtaC_uo_000302,0.990204081632653,-0.5919387755102041,0.13624313287556347,0.01839873906666142,7.405025549953937
vggss,C3,12345,best,4000,hwSuNTGOaZc_000030,0.9778571428571429,0.6978571428571428,0.12173188453398243,0.028292652794036543,4.302597053028579
vggss,C3,12345,best,4001,hwdxp1xG-jQ_000077,0.9757142857142858,0.8534693877551021,0.14525641272591994,0.04607256469669421,3.1527746215600265
vggss,C3,12345,best,4002,hyNm8rXY2-g_000104,0.9947959183673469,0.8286734693877551,0.174070013833382,0.026257456347071252,6.629355545050642
vggss,C3,12345,best,4003,hzSgd10rtQ0_000120,0.9907142857142858,0.10795918367346939,0.0927813414917199,0.011513734425692144,8.058318705413633
vggss,C3,12345,best,4004,i-L8ZreRItY_000009,0.9957142857142857,0.7706122448979592,0.16861425123767051,0.022083797089137533,7.63520197894807
vggss,C3,12345,best,4005,i-g4r-1mKcg_000214,0.9915306122448979,-0.6339795918367347,0.13442951938730105,0.016881924231030403,7.962926355291196
vggss,C3,12345,best,4006,i-ywi0EpUtE_000001,0.9880612244897959,0.7262244897959184,0.07213921941058496,0.010185012839339966,7.08287957497164
vggss,C3,12345,best,4007,i0uH_RoDvqM_000030,0.9627551020408164,0.5836734693877551,0.07570312248537098,0.02201295866739029,3.439025331815872
vggss,C3,12345,best,4008,i3022Z7Sm-A_000123,0.9845918367346939,-0.455,0.11510658558576203,0.017544472584546406,6.560846160012281
vggss,C3,12345,best,4009,i3HsITnarf4_000030,0.9960204081632653,0.7238775510204082,0.1363011510103897,0.011282958062093614,12.080267449394231
vggss,C3,12345,best,4010,i489LgRABaQ_000002,0.9934693877551021,0.9595918367346938,0.13286268763488288,0.04462498109388265,2.9773163904622058
vggss,C3,12345,best,4011,i6G_2fsacJc_000062,0.981734693877551,0.6351020408163265,0.16062457363845287,0.028943028157262934,5.549681006620792
vggss,C3,12345,best,4012,i7zNzUXtXj0_000215,0.9857142857142858,0.5348979591836734,0.09990867713620745,0.016542783269851615,6.0394115975807985
vggss,C3,12345,best,4013,i99_Kgi0WIU_000030,0.9935714285714285,-0.4773469387755102,0.15788718930530382,0.018448501353382808,8.558266402292501
vggss,C3,12345,best,4014,iC0iQ1QKan4_000785,0.9898979591836735,0.6224489795918368,0.09214551137068243,0.020393941014716654,4.518278801737657
vggss,C3,12345,best,4015,iCIa_pmLDqs_000030,0.9873469387755102,0.7151020408163266,0.19236725987375883,0.06499467592252121,2.959738734647678
vggss,C3,12345,best,4016,iFgbO8LRJfo_000365,0.998061224489796,0.9107142857142857,0.1661589732878068,0.025750699469703764,6.45260038405156
vggss,C3,12345,best,4017,iHL96O04zDo_000002,0.9918367346938776,0.8715306122448979,0.10044438306310406,0.027981333013161608,3.5896925645342894
vggss,C3,12345,best,4018,iHL96O04zDo_000012,0.9857142857142858,0.8540816326530613,0.10656251984720969,0.02898772717450195,3.676125389400785
vggss,C3,12345,best,4019,iJ6DxdwyDeE_000064,0.9933673469387755,-0.46816326530612246,0.2117578949426218,0.018856704826519237,11.229846194803603
vggss,C3,12345,best,4020,iKWclBFnR2M_000001,0.9865306122448979,0.4179591836734694,0.13628642902798632,0.023680683916795,5.7551728449585955
vggss,C3,12345,best,4021,iM93yND9Ghw_000010,0.9939795918367347,0.68,0.19245894370035513,0.02966173805116719,6.488458072428492
vggss,C3,12345,best,4022,iNFsYjfTRlA_000030,0.9936734693877551,0.16357142857142856,0.1213476086596433,0.012338045019375746,9.835237954560728
vggss,C3,12345,best,4023,iPFoT3Iz234_000010,0.9866326530612245,0.17887755102040817,0.16180234022366255,0.022212061297573193,7.284436057329828
vggss,C3,12345,best,4024,iPuIoRYYBfk_000030,0.9966326530612245,0.6407142857142857,0.17221469920922594,0.01201366266261688,14.334903854518021
vggss,C3,12345,best,4025,iRXQiy4dReE_000045,0.993265306122449,0.6323469387755102,0.17993961348328205,0.023890679163283256,7.531791467855167
vggss,C3,12345,best,4026,iSyWKTPonhQ_000121,0.991734693877551,0.6842857142857143,0.1488555066813451,0.02167379482577471,6.867994639513913
vggss,C3,12345,best,4027,iTCfi5_b4Ow_000035,0.9910204081632653,0.850204081632653,0.14004997088301316,0.03255206846060046,4.302337071222471
vggss,C3,12345,best,4028,iTmNN9uGRfs_000314,0.9785714285714285,0.8601020408163266,0.10312404450566787,0.03164128705411245,3.259160865653369
vggss,C3,12345,best,4029,iUtE4nRvBsM_000040,0.9838775510204082,0.595204081632653,0.10260228853529318,0.022319169713430783,4.597047733077241
vggss,C3,12345,best,4030,iW8es1xXsG4_000533,0.9761224489795919,0.006020408163265306,0.08627801943023009,0.017381149616994843,4.963884514627827
vggss,C3,12345,best,4031,iWiNV03Wa6Y_000072,0.9608163265306122,0.21989795918367347,0.05625966474052836,0.01698657570773138,3.3120074174173886
vggss,C3,12345,best,4032,iXNnJE6gNEk_000020,0.9879591836734694,0.8280612244897959,0.1429743964698208,0.021848159228785212,6.544001944175247
vggss,C3,12345,best,4033,iY6gP4y8Shk_000010,0.9853061224489796,0.25479591836734694,0.08684119545476252,0.014586401460702442,5.953572283659089
vggss,C3,12345,best,4034,iYE4gYV7RA0_000060,0.9935714285714285,0.8426530612244898,0.22669152331678682,0.030161857156655116,7.5158343910785375
vggss,C3,12345,best,4035,iZqemiYznPQ_000454,0.8789795918367347,0.3486734693877551,0.0535681301391024,0.025069933803320083,2.1367479690755395
vggss,C3,12345,best,4036,ia8IrM5BKBU_000176,0.9726530612244898,-0.19540816326530613,0.10487729454367571,0.02229776600236565,4.7034888846061484
vggss,C3,12345,best,4037,idPIRRspMp0_000121,0.9933673469387755,-0.618061224489796,0.14683554290360173,0.015941456047109163,9.210924175914847
vggss,C3,12345,best,4038,idUZsNLnyDg_000030,0.9925510204081632,0.955,0.2103598003765572,0.0609340542956453,3.4522534698891802
vggss,C3,12345,best,4039,idmwtF7qPLI_000176,0.9814285714285714,0.7696938775510204,0.14518008678762956,0.04425975295324996,3.2801829450105213
vggss,C3,12345,best,4040,ifGuIUPl1hE_000030,0.9966326530612245,0.6812244897959183,0.23053102519668167,0.021325943640010912,10.809886262860052
vggss,C3,12345,best,4041,ifHRDBx-ctw_000030,0.9948979591836735,0.8905102040816326,0.190479351871651,0.031965386747296765,5.958925301842606
vggss,C3,12345,best,4042,ig59gOwKj0k_000105,0.9833673469387755,0.3769387755102041,0.15294702388277082,0.02749330909758508,5.563063483551537
vggss,C3,12345,best,4043,ihQiGrQMR3U_000006,0.9658163265306122,-0.1553061224489796,0.08193303829007775,0.0218835371683136,3.7440491297135083
vggss,C3,12345,best,4044,iiAWiz5IGMw_000425,0.9658163265306122,0.41275510204081634,0.07644411446875418,0.015457990618337627,4.945281463560306
vggss,C3,12345,best,4045,iikhslprd_A_000009,0.9865306122448979,0.6057142857142858,0.10160761989260389,0.018564274308502767,5.473288004910906
vggss,C3,12345,best,4046,ik3SNmU2v9k_000135,0.9831632653061224,0.6581632653061225,0.1285387823050221,0.023577546652742656,5.451745433830786
vggss,C3,12345,best,4047,io2ZMAWqkeQ_000010,0.9946938775510205,0.5917346938775511,0.15964170042565146,0.020052282722386572,7.961273169534252
vggss,C3,12345,best,4048,ioQdfK6Ae9k_000000,0.9835714285714285,0.8858163265306123,0.15029985453280575,0.05516806751551067,2.724399481467218
vggss,C3,12345,best,4049,ioQdfK6Ae9k_000010,0.9833673469387755,0.8676530612244898,0.15450754882050513,0.056507382722763344,2.7342895985565363
vggss,C3,12345,best,4050,ioTmuyoOeV8_000018,0.9443877551020409,0.4114285714285714,0.10155809122139507,0.030817063160691546,3.2955149130153543
vggss,C3,12345,best,4051,iosDKvAHUCI_000012,0.9810204081632653,-0.12959183673469388,0.09306748313071739,0.017990504207222643,5.17314479120344
vggss,C3,12345,best,4052,ipKCHDizaQI_000030,0.9911224489795918,-0.4309183673469388,0.11717662866951986,0.012749381326147693,9.190769784977913
vggss,C3,12345,best,4053,ipSnR0fR_uA_000044,0.9909183673469387,0.3245918367346939,0.1927417515636485,0.017398193454891714,11.078262353121312
vggss,C3,12345,best,4054,ipSnR0fR_uA_000058,0.9940816326530613,0.8168367346938775,0.1775573132830656,0.02701257715841892,6.5731348860849765
vggss,C3,12345,best,4055,iq5Lh7AB1Ns_000019,0.9948979591836735,0.7774489795918368,0.19871718898070978,0.0332342903789558,5.9792818415806765
vggss,C3,12345,best,4056,it0U4Vscl5o_000208,0.9674489795918367,0.4692857142857143,0.15271883840290634,0.03934369238737562,3.881660035851386
vggss,C3,12345,best,4057,ivmTP1YxO4k_000328,0.985204081632653,0.7890816326530612,0.11374963201285271,0.026357505211711294,4.315644864685862
vggss,C3,12345,best,4058,ixn9yG0ny8w_000030,0.9953061224489796,0.20826530612244898,0.2087635225230357,0.013358904910163207,15.627293099766906
vggss,C3,12345,best,4059,ixrRVADA0Jk_000104,0.9864285714285714,0.6972448979591837,0.09464428668343096,0.01472770890689017,6.426273582794187
vggss,C3,12345,best,4060,ixscoaWEEnQ_000104,0.9644897959183674,0.6154081632653061,0.12734317734226408,0.03229533557624008,3.9430826486271724
vggss,C3,12345,best,4061,iyroRIRrXUw_000090,0.9914285714285714,0.42428571428571427,0.12098119288803882,0.022537140804014845,5.36808080226782
vggss,C3,12345,best,4062,iz8en2Dt7vE_000017,0.9901020408163266,0.1730612244897959,0.15206295408586637,0.024478745902733592,6.212040220119495
vggss,C3,12345,best,4063,izGLFfu3VAY_000026,0.9855102040816327,0.9336734693877551,0.17025089320763534,0.0634702559560538,2.6823728791249155
vggss,C3,12345,best,4064,j-JCj72-vCg_000060,0.9929591836734694,-0.2596938775510204,0.10688491929897924,0.013731025736671938,7.784190442052547
vggss,C3,12345,best,4065,j-UGe1kz-HY_000003,0.9805102040816327,0.6443877551020408,0.14649220207688451,0.03141016113217375,4.663847519293082
vggss,C3,12345,best,4066,j1JUsTMZcuY_000004,0.9889795918367347,0.2970408163265306,0.13853991445757077,0.02168557508716744,6.388574612418397
vggss,C3,12345,best,4067,j1JUsTMZcuY_000042,0.9894897959183674,0.02153061224489796,0.1345667603076219,0.016031865691847422,8.393705567035298
vggss,C3,12345,best,4068,j3slcVPwhPU_000023,0.9797959183673469,0.13612244897959183,0.17712311703435205,0.032783064905966414,5.402884615651546
vggss,C3,12345,best,4069,j42ETHcp044_000000,0.9851020408163266,0.7429591836734694,0.11392014257626289,0.027147188053800897,4.196388309186698
vggss,C3,12345,best,4070,j4QXK7I4kfk_000030,0.990204081632653,-0.04326530612244898,0.1383695684241892,0.01533209703318228,9.024829944966092
vggss,C3,12345,best,4071,j50SGKJ0MQI_000160,0.99,0.7726530612244898,0.1207535633497234,0.025681949392444992,4.701884639070513
vggss,C3,12345,best,4072,j5_x1BgTo1Y_000437,0.9778571428571429,0.42051020408163264,0.16118024270108364,0.032081789904112964,5.024041463485176
vggss,C3,12345,best,4073,j6s-UMrMIE8_000190,0.9896938775510205,0.2861224489795918,0.07778159937915079,0.010254199406466531,7.585341019416878
vggss,C3,12345,best,4074,j7Vej9AOKY0_000031,0.9973469387755102,0.9430612244897959,0.14567094414060505,0.02122685068666396,6.862579206444632
vggss,C3,12345,best,4075,j9Z63H5hvrQ_000010,0.9293877551020409,0.42683673469387756,0.08383336374691341,0.035628879382200815,2.3529610024387746
vggss,C3,12345,best,4076,jA-9WQtQg-Y_000131,0.9886734693877551,0.8493877551020408,0.13912431622043747,0.034251115083496785,4.061891587508395
vggss,C3,12345,best,4077,jBv48uOrgbs_000320,0.9463265306122449,0.5406122448979592,0.07154570471782526,0.022468953993756438,3.184202733144855
vggss,C3,12345,best,4078,jDSo2g-tW98_000019,0.9912244897959184,0.1766326530612245,0.16801267545385706,0.0173203854711584,9.70028500425864
vggss,C3,12345,best,4079,jEP-WEblweY_000115,0.9909183673469387,0.8225510204081633,0.15835868635002753,0.024710598951261025,6.40853289968296
vggss,C3,12345,best,4080,jEU8MG1w6oo_000080,0.9926530612244898,0.9663265306122449,0.14544885282059852,0.05448699271626869,2.669423390239163
vggss,C3,12345,best,4081,jEbK05u3Yq8_000011,0.9897959183673469,0.7638775510204082,0.18145747893770495,0.030244407276970083,5.9997035906826195
vggss,C3,12345,best,4082,jGOFaS079Rc_000081,0.9933673469387755,-0.5009183673469387,0.11812213097116463,0.012329872736079715,9.580158165421713
vggss,C3,12345,best,4083,jH6-RU2or84_000040,0.9929591836734694,-0.16285714285714287,0.11831711185965643,0.010008428295415657,11.821747467966711
vggss,C3,12345,best,4084,jIqAaU2Bgf0_000530,0.9891836734693877,0.751734693877551,0.11339859691664361,0.026890349678914176,4.217074090544984
vggss,C3,12345,best,4085,jJp1gPilmxs_000009,0.9936734693877551,0.8157142857142857,0.1337458993213416,0.02223312864588549,6.015613072346113
vggss,C3,12345,best,4086,jKjj66pRXZA_000020,0.9923469387755102,-0.0009183673469387755,0.1869210798696108,0.014563451156001127,12.83494398871154
vggss,C3,12345,best,4087,jOMEUwArKss_000004,0.9912244897959184,0.5892857142857143,0.1734790443758772,0.02388121425575506,7.26424722453428
vggss,C3,12345,best,4088,jPKhBkLgFLk_000016,0.9791836734693877,0.5845918367346938,0.12520332203772905,0.03225139409464181,3.8821057368968153
vggss,C3,12345,best,4089,jQEi2K1fvRI_000263,0.9810204081632653,0.26979591836734695,0.07230505472701655,0.013688045789132339,5.28235044219558
vggss,C3,12345,best,4090,jR-H47v1arg_000080,0.9937755102040816,0.7551020408163265,0.14752084562942927,0.018849686993858906,7.826169510267757
vggss,C3,12345,best,4091,jRImoxsY_uo_000030,0.9879591836734694,0.04897959183673469,0.138460215838484,0.014942932768634962,9.265933132558178
vggss,C3,12345,best,4092,jTuNUZEFBJk_000100,0.9927551020408163,0.8914285714285715,0.1596893813455764,0.037970328074324884,4.205636070170186
vggss,C3,12345,best,4093,jU0LDjmqrRw_000030,0.9865306122448979,0.1704081632653061,0.1030993973304227,0.016620103524756152,6.203294532844094
vggss,C3,12345,best,4094,jUjEZr4O6fU_000030,0.9828571428571429,0.773469387755102,0.12554693828261576,0.018897420586841154,6.643601845324747
vggss,C3,12345,best,4095,jVG2woyJ5Eg_000028,0.980204081632653,0.799795918367347,0.11056835380445983,0.025500699590041937,4.335894919825531
vggss,C3,12345,best,4096,jVbT8XQkJx8_000079,0.9896938775510205,0.7911224489795918,0.17643352499636292,0.04849146341048384,3.6384450496542047
vggss,C3,12345,best,4097,jVbT8XQkJx8_000094,0.985204081632653,0.6819387755102041,0.14754758157766068,0.044236201516580434,3.3354487166434823
vggss,C3,12345,best,4098,jWlZ5adnMNw_000013,0.9855102040816327,-0.3538775510204082,0.11098400485709867,0.017721727750891474,6.26259507070442
vggss,C3,12345,best,4099,jWqqtybjzXE_000030,0.9928571428571429,0.6442857142857142,0.15930607567707256,0.016653472882040016,9.565937195530948
vggss,C3,12345,best,4100,jXSblZUHZ-8_000017,0.996938775510204,0.600204081632653,0.21688190314198488,0.018327613627426857,11.833613887267138
vggss,C3,12345,best,4101,jXqFEx-S0hw_000161,0.9914285714285714,0.8439795918367347,0.1547869008064171,0.047228704508891155,3.2773903585959534
vggss,C3,12345,best,4102,jYgUTPUi28Y_000201,0.9952040816326531,0.551530612244898,0.13346891694995228,0.015333145879410185,8.704600999666898
vggss,C3,12345,best,4103,j_cywbssn70_000115,0.9873469387755102,-0.25081632653061225,0.11416451554485124,0.01854424070911747,6.156332703809278
vggss,C3,12345,best,4104,jaI41fTAM54_000030,0.9848979591836735,0.12642857142857142,0.1149053717533692,0.01246791231920658,9.216087570359287
vggss,C3,12345,best,4105,jbH4PifIg-g_000006,0.9872448979591837,0.4686734693877551,0.16964667212718304,0.01962241973872934,8.6455531165887
vggss,C3,12345,best,4106,jbaZyROpitQ_000010,0.995,0.30857142857142855,0.18336095826781365,0.015440619319732424,11.87523340035244
vggss,C3,12345,best,4107,jbffNajOX7M_000019,0.9907142857142858,0.8573469387755102,0.11842314420257483,0.02625546768128228,4.510418387519319
vggss,C3,12345,best,4108,jcKRIZHO37k_000082,0.9898979591836735,0.017244897959183672,0.08461637000319444,0.010544958168131198,8.024343828970386
vggss,C3,12345,best,4109,jejadhR_m9w_000030,0.9975510204081632,0.6068367346938776,0.1318353422898733,0.01065893641078439,12.368526953260202
vggss,C3,12345,best,4110,jhTQR8w9SYI_000057,0.9870408163265306,0.9271428571428572,0.13424726765271502,0.04912939490753587,2.7325243452596046
vggss,C3,12345,best,4111,jhplcoP39vM_000118,0.9958163265306123,0.4119387755102041,0.14802886741892413,0.012902299643160017,11.473060734362937
vggss,C3,12345,best,4112,ji4meumtHT4_000030,0.9953061224489796,0.6158163265306122,0.19279145662439115,0.017112995761902762,11.26579234324283
vggss,C3,12345,best,4113,jin4FoKXn1o_000180,0.9920408163265306,0.9080612244897959,0.18403590862510963,0.05474254858994661,3.361844001886817
vggss,C3,12345,best,4114,jkvXuu8XltI_000080,0.9933673469387755,0.7429591836734694,0.11813512004950501,0.020949015084026884,5.639172990981336
vggss,C3,12345,best,4115,jlgz0tRGQYM_000010,0.9935714285714285,0.606938775510204,0.12836511307430035,0.021039461233944217,6.101159703994761
vggss,C3,12345,best,4116,jm4ipHk0QX4_000001,0.9920408163265306,0.8511224489795919,0.1595885169362402,0.01777226152080563,8.979640365375737
vggss,C3,12345,best,4117,jpEcGnA4tco_000322,0.9794897959183674,0.7894897959183673,0.11850753147494655,0.03660427603086396,3.237532450444409
vggss,C3,12345,best,4118,jpHrNr6bDmU_000230,0.9926530612244898,0.7873469387755102,0.19135674227911606,0.0281448190651287,6.799004173247863
vggss,C3,12345,best,4119,jqqjc0XrU58_000092,0.9970408163265306,0.8765306122448979,0.15373805389637804,0.029478989224407098,5.215173855726735
vggss,C3,12345,best,4120,jr2kxASSRBY_000030,0.9566326530612245,0.3051020408163265,0.10535612956454181,0.028453102158902933,3.702799398679136
vggss,C3,12345,best,4121,jrwhxVnvMdk_000030,0.9928571428571429,0.8451020408163266,0.13090812067068092,0.0339803289081323,3.8524677328638655
vggss,C3,12345,best,4122,jtRq_vXe9uQ_000246,0.9872448979591837,0.41081632653061223,0.12010178065584244,0.017692737458327758,6.788196622411982
vggss,C3,12345,best,4123,jtfG2FbwINE_000121,0.9908163265306122,-0.18887755102040815,0.19002156530755793,0.016062369894846572,11.830232185633092
vggss,C3,12345,best,4124,jucJMIMABN8_000010,0.9966326530612245,0.8479591836734693,0.17473034431803752,0.024011112447460858,7.277061598056654
vggss,C3,12345,best,4125,jwZHGy2SI88_000215,0.9943877551020408,0.8863265306122449,0.12098985436377688,0.02094830645200203,5.775638934870264
vggss,C3,12345,best,4126,jwxvQraiIGs_000032,0.9727551020408163,0.37489795918367347,0.12348037654410662,0.03155587631840403,3.9130707478432587
vggss,C3,12345,best,4127,jwxvQraiIGs_000084,0.9946938775510205,0.8180612244897959,0.1421136328781216,0.019483309925764494,7.294121656926077
vggss,C3,12345,best,4128,jxC-0T5lXw4_000250,0.9906122448979592,0.016122448979591836,0.0788297387047228,0.0108692777154567,7.252527791485415
vggss,C3,12345,best,4129,jy9DUEVrrIQ_000192,0.985204081632653,0.8892857142857142,0.09120380162111648,0.04164757204593005,2.1898948039644304
vggss,C3,12345,best,4130,jzaDcRQkQEA_000089,0.9858163265306122,0.44877551020408163,0.16704934647105643,0.02442231087851802,6.840030302701364
vggss,C3,12345,best,4131,k0Z95PrMVOI_000064,0.9808163265306122,0.6773469387755102,0.12547759520831817,0.03559527379172584,3.5251195409398863
vggss,C3,12345,best,4132,k0ikzr_6EQg_000887,0.9894897959183674,0.8420408163265306,0.1486717502052505,0.043580438016118335,3.4114331331471215
vggss,C3,12345,best,4133,k1vIk-7zyNE_000159,0.9835714285714285,0.7769387755102041,0.11881436688359134,0.03766922346264503,3.154149620350271
vggss,C3,12345,best,4134,k211h3tMeGQ_000060,0.9968367346938776,0.9462244897959183,0.21156827757750804,0.035839537873713696,5.903208861760508
vggss,C3,12345,best,4135,k3AYfr6PIgs_000019,0.993265306122449,0.9066326530612245,0.11779462894301046,0.029300116547164017,4.020278511636565
vggss,C3,12345,best,4136,k3uGdspoVtg_000119,0.9961224489795918,0.4810204081632653,0.16110549565700338,0.017703481508153745,9.10021543405474
vggss,C3,12345,best,4137,k45PjHhGXbo_000129,0.9894897959183674,0.7426530612244898,0.1304949384648972,0.021460831168286138,6.080609713650645
vggss,C3,12345,best,4138,k4ExqQTNklk_000210,0.9818367346938776,0.08653061224489796,0.09439278342246413,0.017067839761858612,5.53044701259752
vggss,C3,12345,best,4139,k6ROAVZxzqM_000017,0.9804081632653061,0.5265306122448979,0.1030831030759237,0.023659911448781105,4.356867661955441
vggss,C3,12345,best,4140,k7WzaCeUIrI_000136,0.9894897959183674,0.6735714285714286,0.15270720738744653,0.0317782726070979,4.80539673365815
vggss,C3,12345,best,4141,k8YMZkfLIvE_000319,0.9922448979591837,-0.5598979591836735,0.20830872889643734,0.026984946472847812,7.719441989853013
vggss,C3,12345,best,4142,k91ukyGncNI_000077,0.9936734693877551,0.6729591836734694,0.1449812837763268,0.013302471902717475,10.898822777946219
vggss,C3,12345,best,4143,k9bi4ygv1m0_000033,0.9897959183673469,0.6154081632653061,0.13242105377903374,0.019044210611490683,6.953349575914425
vggss,C3,12345,best,4144,kAE_Lb-f39I_000007,0.9836734693877551,0.681734693877551,0.11812033090053975,0.024835980898237308,4.756016337124947
vggss,C3,12345,best,4145,kC34iOvwo40_000293,0.9918367346938776,0.6724489795918367,0.1587374744556704,0.034506711750805635,4.600191278786926
vggss,C3,12345,best,4146,kEa1IlvIW0k_000039,0.9853061224489796,0.6523469387755102,0.10901119950385124,0.01674376004390739,6.5105567219065295
vggss,C3,12345,best,4147,kEnOc-apG_o_000078,0.9855102040816327,-0.19755102040816327,0.1453639755239898,0.017330047771512685,8.387973157404716
vggss,C3,12345,best,4148,kGo-dAQXtsA_000025,0.9940816326530613,0.9366326530612245,0.18895694590170664,0.047437948696411,3.9832444507871925
vggss,C3,12345,best,4149,kH6fFjIZkB0_000030,0.9895918367346939,0.46438775510204083,0.14665983419586034,0.02060749527380577,7.116819984536401
vggss,C3,12345,best,4150,kHNWRR0hJ08_000022,0.9939795918367347,0.6995918367346938,0.1242879654654535,0.01886325000429688,6.58889456679744
vggss,C3,12345,best,4151,kHum8R_CcR0_000091,0.9922448979591837,0.8695918367346939,0.22537203333024702,0.037180377066167,6.061585468301467
vggss,C3,12345,best,4152,kI04KR_InWQ_000000,0.9944897959183674,0.5704081632653061,0.12170475276495328,0.008827843014488839,13.786465455400986
vggss,C3,12345,best,4153,kKafEAL6m7A_000236,0.9678571428571429,-0.041938775510204085,0.09405006737086641,0.01995902782705584,4.71215673357472
vggss,C3,12345,best,4154,kKqIgmARIoA_000030,0.9924489795918368,0.7642857142857142,0.1629165659294113,0.020264793000124133,8.039389592008828
vggss,C3,12345,best,4155,kLNtUnSm7lc_000060,0.9951020408163266,0.9145918367346939,0.12404988388869334,0.032851375755543526,3.776094030636159
vggss,C3,12345,best,4156,kLySMIzASNE_000030,0.9833673469387755,0.5312244897959184,0.1314528198355274,0.01947124913007688,6.751124129600635
vggss,C3,12345,best,4157,kNKfoDp0uUw_000030,0.9785714285714285,0.333265306122449,0.11549708114569562,0.022495918380299858,5.134134965871801
vggss,C3,12345,best,4158,kO6CR2aAM3I_000024,0.9539795918367346,-0.23326530612244897,0.0752185344217727,0.021793283522783084,3.4514548642079528
vggss,C3,12345,best,4159,kO8TVRcXI98_000303,0.998061224489796,0.971530612244898,0.14589448109621728,0.04002725258510462,3.644878718218825
vggss,C3,12345,best,4160,kO_VmIHmggc_000045,0.998061224489796,0.06775510204081632,0.2001636149666602,0.012713527507157076,15.744144562079894
vggss,C3,12345,best,4161,kOheqjodDmw_000050,0.9870408163265306,-0.018367346938775512,0.10741779078909443,0.01253044575255146,8.572543460173549
vggss,C3,12345,best,4162,kQ7tkcg8Xag_000300,0.9862244897959184,-0.521734693877551,0.1202920242844259,0.01520722603474189,7.910188486027037
vggss,C3,12345,best,4163,kQ7tkcg8Xag_000415,0.9874489795918368,-0.271734693877551,0.11382641871534298,0.014960781280098272,7.608320487029759
vggss,C3,12345,best,4164,kQQrsmLvoCE_000120,0.9890816326530613,0.4173469387755102,0.10106130362135439,0.01675439734057168,6.031927115434286
vggss,C3,12345,best,4165,kQ_5qrWH7v4_000338,0.99,0.7709183673469387,0.12203118861930508,0.023245639419207556,5.249637853303032
vggss,C3,12345,best,4166,kRoKSjo1ONs_000226,0.9794897959183674,0.6419387755102041,0.07308759877377723,0.015491411650392016,4.717943104425071
vggss,C3,12345,best,4167,kRqRKQoKluE_000033,0.9923469387755102,-0.28091836734693876,0.18282503375192322,0.01588044551501979,11.512588458491706
vggss,C3,12345,best,4168,kTOX4xMk89M_000100,0.9462244897959183,0.11928571428571429,0.08821677355197831,0.02638518729262541,3.343420403789768
vggss,C3,12345,best,4169,kTizt7af0PE_000020,0.986938775510204,0.7211224489795919,0.15423833949469917,0.07926374466760386,1.9458876203932165
vggss,C3,12345,best,4170,kV9bDDyCiEM_000008,0.990204081632653,0.3803061224489796,0.11255441093806565,0.015379981091488146,7.318241177835872
vggss,C3,12345,best,4171,kVuG_F3qCuY_000176,0.9926530612244898,0.9340816326530612,0.13878940692851882,0.04656537206807389,2.980528250168874
vggss,C3,12345,best,4172,kWPAWeNuBKc_000506,0.9776530612244898,0.4020408163265306,0.1070155553085245,0.02356905596184171,4.540510891984075
vggss,C3,12345,best,4173,kWdmJHAFMxk_000031,0.9663265306122449,0.02469387755102041,0.11288489723778551,0.021327890790230137,5.292829860583107
vggss,C3,12345,best,4174,kX4-OMWCdCc_000150,0.9952040816326531,0.7824489795918367,0.2146368547144052,0.03616477825440336,5.934969466825678
vggss,C3,12345,best,4175,kXAfPnwvchE_000111,0.9843877551020408,0.8726530612244898,0.1322500811643724,0.050574076096259024,2.614977699496817
vggss,C3,12345,best,4176,kYXS4eqiMyA_000507,0.9939795918367347,0.943265306122449,0.16363405293238606,0.03846014505304916,4.254639515963369
vggss,C3,12345,best,4177,kYvyOw8ZDS4_000016,0.9909183673469387,0.6756122448979592,0.16539625997984986,0.03197362092576888,5.1728973819962345
vggss,C3,12345,best,4178,kZQkCqkUBVA_000168,0.975204081632653,0.31857142857142856,0.11228140465173025,0.018783413946087523,5.977688878816293
vggss,C3,12345,best,4179,kZegES0woJo_000035,0.9942857142857143,0.5009183673469387,0.10719183950236172,0.010071895432163388,10.642668028508066
vggss,C3,12345,best,4180,kdbA6lP1bmU_000037,0.9945918367346939,0.8633673469387755,0.11677776984213002,0.03365876697733917,3.4694607179386843
vggss,C3,12345,best,4181,kf0YrFpuNKQ_000030,0.9645918367346938,0.14959183673469387,0.07012056974411723,0.01905551477872115,3.67980453734156
vggss,C3,12345,best,4182,kh77cZfsDvc_000089,0.9961224489795918,0.9225510204081633,0.20508925918854903,0.02814890936814428,7.285868752721398
vggss,C3,12345,best,4183,kiA86HI-GLU_000140,0.9918367346938776,0.6416326530612245,0.12223858086827653,0.02337877180193347,5.228614313185056
vggss,C3,12345,best,4184,kiAMVnSBGw0_000030,0.9942857142857143,-0.3862244897959184,0.126353372779567,0.01439440792658812,8.777948591145444
vggss,C3,12345,best,4185,kl2E2erlkRg_000050,0.996938775510204,0.7239795918367347,0.12358855062741639,0.02144632992103695,5.762689983901952
vggss,C3,12345,best,4186,kl3HZbyUNys_000030,0.9913265306122448,0.5428571428571428,0.17749798458743643,0.021589974565299888,8.221315131733272
vggss,C3,12345,best,4187,klExMKT88MQ_000160,0.9954081632653061,0.8397959183673469,0.15238012263127035,0.026600794410678565,5.728404959593959
vggss,C3,12345,best,4188,kmV2hj-I7Xo_000097,0.9908163265306122,0.9535714285714286,0.1722876916723356,0.057034219090744125,3.0207776036736433
vggss,C3,12345,best,4189,kmvLXRZp5oI_000163,0.9924489795918368,0.7373469387755102,0.14576343853932852,0.023107188581165467,6.3081425084373715
vggss,C3,12345,best,4190,knzA9iuVOdw_000010,0.9741836734693877,0.741734693877551,0.1313076031430816,0.033945105882214825,3.868233718247991
vggss,C3,12345,best,4191,koUnrPY_3n8_000007,0.9885714285714285,-0.15775510204081633,0.16449000706115421,0.019926876078739532,8.254681085544192
vggss,C3,12345,best,4192,kpBkoalXnXM_000228,0.9957142857142857,0.7991836734693878,0.16871435950732608,0.02612010564328563,6.459176000717875
vggss,C3,12345,best,4193,kq6PDicCx9Q_000084,0.9638775510204082,0.8962244897959184,0.15054849713761614,0.07826278913356433,1.9236280588043964
vggss,C3,12345,best,4194,kr8ssbrDDMY_000030,0.9826530612244898,0.8363265306122449,0.1087181179644216,0.030740575135677718,3.53663252833037
vggss,C3,12345,best,4195,krghmEqeJtU_000122,0.9959183673469387,-0.36387755102040814,0.11111509157398894,0.010313048390384235,10.77422381510314
vggss,C3,12345,best,4196,ks0EpvbEO7Y_000083,0.9803061224489796,0.0034693877551020408,0.08742640139292232,0.01754726682081931,4.982337265721263
vggss,C3,12345,best,4197,ksfpCXlY-hA_000100,0.9870408163265306,0.4664285714285714,0.08896024606044313,0.01745308273107195,5.097107911032017
vggss,C3,12345,best,4198,ksk9rjj5WB0_000030,0.986734693877551,0.2730612244897959,0.11691934827719294,0.017953521813477855,6.512334988749708
vggss,C3,12345,best,4199,ktis2aZfphM_000010,0.9957142857142857,0.9797959183673469,0.18323460104897563,0.07507348694331992,2.4407365171051234
vggss,C3,12345,best,4200,ktso7GeckG8_000130,0.9810204081632653,-0.4013265306122449,0.11816731499951147,0.022076947278581064,5.352520595732761
vggss,C3,12345,best,4201,ktvOqV10lW0_000030,0.9955102040816326,0.9135714285714286,0.13827958893311074,0.029475047319908715,4.691411940150161
vggss,C3,12345,best,4202,kuihSZXsIJ4_000030,0.9704081632653061,0.776734693877551,0.05955529527868645,0.025614071505041577,2.3251006879934835
vggss,C3,12345,best,4203,kwJKOXT5XR8_000255,0.9772448979591837,-0.036326530612244896,0.1385281603130617,0.0157913998843264,8.77237998706856
vggss,C3,12345,best,4204,kwsgIBkX-3k_000300,0.9921428571428571,-0.10051020408163265,0.10735279209988027,0.008789957958278987,12.213117811191353
vggss,C3,12345,best,4205,kxTwZeZxuvo_000036,0.9943877551020408,0.35214285714285715,0.1414800062069688,0.013326716582182353,10.616268856210668
vggss,C3,12345,best,4206,kxTwZeZxuvo_000099,0.9931632653061224,0.05244897959183673,0.12598400486228895,0.009526059525137034,13.225196056128636
vggss,C3,12345,best,4207,kx_G2a2hL6U_000153,0.9897959183673469,0.5991836734693877,0.11721097533271586,0.015748431938963574,7.442707679532295
vggss,C3,12345,best,4208,kxkk4w2yzbk_000030,0.9975510204081632,0.4669387755102041,0.20468894007402108,0.009222633048794891,22.194197577964733
vggss,C3,12345,best,4209,kzxmNNpXkF4_000057,0.9874489795918368,0.28877551020408165,0.11111880763625578,0.01597238562787153,6.9569324348364985
vggss,C3,12345,best,4210,l-iIfi3SNpw_000120,0.9890816326530613,-0.1870408163265306,0.14206215478544706,0.016207549763249302,8.765183933451414
vggss,C3,12345,best,4211,l-qyJLFOVYI_000000,0.9886734693877551,-0.3970408163265306,0.13661386224289152,0.01914629511957948,7.135263579176045
vggss,C3,12345,best,4212,l13XyX-sMwk_000406,0.9881632653061224,-0.0626530612244898,0.14457400157375622,0.021246767476200037,6.80451752181613
vggss,C3,12345,best,4213,l1coM570kVw_000030,0.9831632653061224,0.5420408163265306,0.12552004699286326,0.023766894474021506,5.281297778725926
vggss,C3,12345,best,4214,l1vEAtUWXHU_000034,0.9955102040816326,0.5441836734693878,0.14436718446106928,0.015429243979449872,9.356724454765972
vggss,C3,12345,best,4215,l30pHj4I0Ps_000580,0.9937755102040816,-0.5577551020408164,0.09929006539966269,0.011894840465521417,8.347322159340138
vggss,C3,12345,best,4216,l3abwXzDR1g_000030,0.9927551020408163,0.8046938775510204,0.17047544686183966,0.024239027715787474,7.033097567308973
vggss,C3,12345,best,4217,l59Gy1sqDSM_000003,0.9773469387755102,-0.16520408163265307,0.09499588607629408,0.01732248161767858,5.483965183103175
vggss,C3,12345,best,4218,l5O87Umi7DI_000210,0.9940816326530613,0.8258163265306122,0.2165624934356809,0.030115745026298362,7.191005676484816
vggss,C3,12345,best,4219,l5l0Awx8eeQ_000023,0.9815306122448979,0.6264285714285714,0.19588495240494708,0.03903818390949392,5.017778308004453
vggss,C3,12345,best,4220,l6RTgFxEWFY_000181,0.9729591836734693,0.4606122448979592,0.10517526763846267,0.020310203403689896,5.178444821451406
vggss,C3,12345,best,4221,l70yarlcd-I_000029,0.9963265306122449,0.4247959183673469,0.13088896772231315,0.012100398063566883,10.816914206848042
vggss,C3,12345,best,4222,l7RTgupQWcc_000030,0.9974489795918368,0.8836734693877552,0.13456674232016624,0.021922205525169398,6.138376093850002
vggss,C3,12345,best,4223,l7oD9WX-1CU_000010,0.993265306122449,0.5621428571428572,0.15892611440553675,0.026830375981092697,5.923365163333217
vggss,C3,12345,best,4224,l8huGsnYzus_000023,0.9865306122448979,-0.559795918367347,0.14212634860218054,0.021843117181810975,6.506688006990634
vggss,C3,12345,best,4225,l9L7_RaTw6I_000060,0.9925510204081632,0.8196938775510204,0.1577279928254144,0.04183705415151625,3.7700549435003192
vggss,C3,12345,best,4226,lA3KGYqG5rQ_000458,0.9444897959183673,0.6639795918367347,0.06852668576602143,0.029994029764749283,2.2846775276111098
vggss,C3,12345,best,4227,lA3KGYqG5rQ_000484,0.9970408163265306,0.8660204081632653,0.16653297707621886,0.021890598799926983,7.607511269941796
vggss,C3,12345,best,4228,lAA0QneMahs_000038,0.9972448979591837,0.858265306122449,0.17401423377883168,0.03302392610014848,5.269338153528913
vggss,C3,12345,best,4229,lAF6nVFk6Is_000077,0.9962244897959184,0.8711224489795918,0.19476319102805895,0.031588489505181096,6.165637992792096
vggss,C3,12345,best,4230,lAXpiE0dm_k_000340,0.9894897959183674,0.8752040816326531,0.1782712448923857,0.04266902640600951,4.1780012319961894
vggss,C3,12345,best,4231,lBftiRlNTYI_000363,0.9965306122448979,0.7248979591836735,0.11873067138300206,0.01237830357745884,9.591837091409941
vggss,C3,12345,best,4232,lBm9NJCDgBU_000105,0.9829591836734693,0.7325510204081632,0.1383189258800458,0.03445487606400615,4.01449494762638
vggss,C3,12345,best,4233,lEjV0us_eF0_000021,0.9927551020408163,0.7344897959183674,0.1584714838350084,0.020529413911459717,7.719240525738929
vggss,C3,12345,best,4234,lF1C6JSDZJU_000209,0.9908163265306122,-0.3914285714285714,0.12350017449196725,0.01647374605686555,7.496787559165856
vggss,C3,12345,best,4235,lGZKkiZEDBY_000003,0.9953061224489796,0.743265306122449,0.1314667779256351,0.018504492620604655,7.104587011439997
vggss,C3,12345,best,4236,lI3P985JB7k_000149,0.9842857142857143,0.8963265306122449,0.16404384233686217,0.057751181942879225,2.840527878704116
vggss,C3,12345,best,4237,lIvNNndi03c_000081,0.9889795918367347,0.7389795918367347,0.11745326596602414,0.023245829750536164,5.0526596480521455
vggss,C3,12345,best,4238,lJSwhBfEdyA_000079,0.9960204081632653,0.8604081632653061,0.17233378490839615,0.019182375598428884,8.983964682795127
vggss,C3,12345,best,4239,lKkW2wWkSJE_000111,0.9951020408163266,0.8883673469387755,0.08311016549676455,0.016397656745750718,5.068417200421132
vggss,C3,12345,best,4240,lLdaRlWf2GU_000040,0.9960204081632653,0.9201020408163265,0.18152452972794686,0.031258703310553006,5.807167620630757
vggss,C3,12345,best,4241,lMms5mWwXjw_000162,0.9976530612244898,0.8191836734693878,0.14975111980115524,0.019136582417105377,7.825384728429831
vggss,C3,12345,best,4242,lNEMzNU9Unc_000080,0.9805102040816327,0.6871428571428572,0.05602006746609107,0.012434703577904,4.505138953664856
vggss,C3,12345,best,4243,lNTgZsEJqEo_000103,0.9921428571428571,0.7228571428571429,0.15730585395060834,0.02655100440880327,5.924666785805358
vggss,C3,12345,best,4244,lO7WoIty5h8_000195,0.9866326530612245,-0.5527551020408163,0.11260169243331143,0.021893574241157867,5.143138858598556
vggss,C3,12345,best,4245,lQNWx4KRlz0_000450,0.9841836734693877,0.919795918367347,0.1308959734879228,0.03524089342691176,3.7143205168562474
vggss,C3,12345,best,4246,lSr8MKcWTdo_000130,0.9843877551020408,0.6224489795918368,0.10019352878620716,0.02148057234295768,4.664378918146248
vggss,C3,12345,best,4247,lVye-L3oq6A_000030,0.9863265306122448,0.3096938775510204,0.1078903651948999,0.01553739136746151,6.943917588434085
vggss,C3,12345,best,4248,lX7W1jwY6-8_000658,0.9710204081632653,0.26846938775510204,0.07775976851670663,0.016138154715782598,4.818380408799778
vggss,C3,12345,best,4249,lXUcalwkWCo_000070,0.9881632653061224,0.4897959183673469,0.13903043482511557,0.0210058724238952,6.618646063324735
vggss,C3,12345,best,4250,lYOw8di2k4I_000030,0.9893877551020408,-0.4746938775510204,0.1477390639938897,0.01998413429771826,7.392817812015914
vggss,C3,12345,best,4251,lZ6T7D65kys_000066,0.996734693877551,0.39693877551020407,0.1635843440618646,0.01603798440543077,10.199806903819645
vggss,C3,12345,best,4252,laSDlOFM5vc_000025,0.9815306122448979,0.5841836734693877,0.0775559439988891,0.01577269956429309,4.917100188382689
vggss,C3,12345,best,4253,lb1awXgoyQE_000000,0.9847959183673469,0.884795918367347,0.160285524103705,0.04188811938290236,3.8265151662342087
vggss,C3,12345,best,4254,lb_m2AVVb5M_000100,0.9459183673469388,0.6187755102040816,0.15361851335648366,0.04914736663932775,3.1256712996207217
vggss,C3,12345,best,4255,lbnENIVqZk0_000207,0.9794897959183674,-0.3596938775510204,0.08940780936130158,0.012707883430387755,7.035617681816702
vggss,C3,12345,best,4256,lcGYtyHeKR4_000055,0.9947959183673469,0.5930612244897959,0.20109197051216388,0.01847361302960609,10.885362283484604
vggss,C3,12345,best,4257,lchja4Ln8lw_000153,0.9623469387755103,0.13387755102040816,0.08013910258132716,0.017367229704281093,4.6143860561464525
vggss,C3,12345,best,4258,lg6lt9pvfKY_000684,0.9481632653061225,0.4580612244897959,0.1549168452371652,0.0335492897885289,4.617589409899641
vggss,C3,12345,best,4259,liZ8HrN_mKQ_000190,0.9875510204081632,0.0463265306122449,0.08134844412458883,0.009382893825704374,8.669867275033564
vggss,C3,12345,best,4260,ljQ1uYYhtxM_000027,0.9929591836734694,0.931530612244898,0.1408421678416031,0.03949665420520161,3.565926549369707
vggss,C3,12345,best,4261,ljQ1uYYhtxM_000164,0.9851020408163266,0.43459183673469387,0.13106897202197304,0.023451381112816114,5.58896601404615
vggss,C3,12345,best,4262,ljUu7ZnlKZA_000031,0.9922448979591837,0.7493877551020408,0.13630329548982367,0.022868831581423422,5.9602212296908155
vggss,C3,12345,best,4263,ljjWDXhYU9A_000018,0.991734693877551,-0.6207142857142857,0.11137927769670236,0.01916834101102917,5.810585153541271
vggss,C3,12345,best,4264,lkLg1kI06UM_000406,0.990204081632653,0.3330612244897959,0.07081627917579866,0.009507397646850295,7.448544996880338
vggss,C3,12345,best,4265,ll1dqj73iDs_000211,0.9938775510204082,0.8946938775510204,0.1767177485979957,0.04479696505212881,3.944859844687131
vggss,C3,12345,best,4266,lm5ia1UoyGw_000030,0.9851020408163266,-0.07714285714285714,0.09597631410359952,0.013206425951240296,7.267395013454477
vggss,C3,12345,best,4267,lmaIgor5XTg_000030,0.9871428571428571,0.8896938775510204,0.10892493491486185,0.030861725102950124,3.529450623758214
vggss,C3,12345,best,4268,lnZakZnnpMo_000080,0.9876530612244898,-0.7380612244897959,0.12481936201085922,0.02324171908263821,5.370487508563878
vggss,C3,12345,best,4269,loKkvegkPJ8_000030,0.9881632653061224,0.3420408163265306,0.11754597737210598,0.012399968490445546,9.479538392591706
vggss,C3,12345,best,4270,lpoMqe5RO_A_000002,0.9830612244897959,0.04846938775510204,0.11644881727462605,0.01826216620770241,6.376506267121345
vggss,C3,12345,best,4271,lqCx0HgF1ZM_000030,0.9939795918367347,0.7962244897959184,0.16762101258424092,0.021303756414861343,7.868143501082736
vggss,C3,12345,best,4272,lqeAf-DqE3I_000140,0.9866326530612245,0.7311224489795919,0.12328552104474304,0.027019365246205792,4.562857784457223
vggss,C3,12345,best,4273,lsAu4_RaXHU_000020,0.9916326530612245,0.5776530612244898,0.1711402518773526,0.02038381995932628,8.3958871408227
vggss,C3,12345,best,4274,lsY8RejLczg_000176,0.9914285714285714,0.24387755102040817,0.14226863703957243,0.016268023734722272,8.745293181243397
vggss,C3,12345,best,4275,lu52106QS6E_000025,0.9461224489795919,0.8456122448979592,0.12382422153510796,0.05342511275010729,2.317715680157536
vggss,C3,12345,best,4276,luSAuu-BoPs_000232,0.9820408163265306,-0.30122448979591837,0.08185962448900722,0.013168569402079307,6.216288344585225
vggss,C3,12345,best,4277,lutN6JqHO_s_000097,0.9909183673469387,0.681530612244898,0.2014156241670068,0.05045232666837637,3.9921969405080895
vggss,C3,12345,best,4278,lutN6JqHO_s_000173,0.9924489795918368,0.6328571428571429,0.19615500949234035,0.04317858388894021,4.542877320777155
vggss,C3,12345,best,4279,lv_tTIdHC2Q_000130,0.9957142857142857,0.7970408163265306,0.17591345268870454,0.032443425514101024,5.422160265174419
vggss,C3,12345,best,4280,lwTJnSlhz-Q_000417,0.9901020408163266,-0.17061224489795918,0.11985821565516284,0.019053856951077017,6.290496247710513
vggss,C3,12345,best,4281,lxFXp7wgzrs_000087,0.9862244897959184,0.8022448979591836,0.13600107975183526,0.029495236635614857,4.610950623383605
vggss,C3,12345,best,4282,m-2-HsrBkak_000030,0.9490816326530612,0.2602040816326531,0.10211494139408771,0.03100147320909023,3.29387383320047
vggss,C3,12345,best,4283,m-FO9gFY5Go_000030,0.9959183673469387,0.4097959183673469,0.16274719005907592,0.008966492300801548,18.150597201151598
vggss,C3,12345,best,4284,m0GjXTf9Ls4_000171,0.9636734693877551,0.4154081632653061,0.13204921504081138,0.038695635837975265,3.4125092450663503
vggss,C3,12345,best,4285,m0kxHYaGpL8_000000,0.9931632653061224,0.8176530612244898,0.1531273852937509,0.026205969876470888,5.843225265676459
vggss,C3,12345,best,4286,m1GaYAKcH9g_000050,0.9918367346938776,-0.5662244897959183,0.09841329692325923,0.008881336105847517,11.080911222182372
vggss,C3,12345,best,4287,m2HW_e9DDhg_000013,0.9848979591836735,0.5266326530612245,0.18582515941645142,0.018335577793862263,10.134677047300652
vggss,C3,12345,best,4288,m4Dj_vTsAt0_000022,0.9863265306122448,0.11193877551020408,0.12141667592282648,0.013252567516970553,9.161747394785694
vggss,C3,12345,best,4289,m4HJsIC5-x0_000345,0.9834693877551021,0.6633673469387755,0.10137718123637077,0.02057060099002472,4.928255683221482
vggss,C3,12345,best,4290,m4emitvY_Dg_000178,0.9908163265306122,0.7357142857142858,0.10833857308242995,0.02319158765567821,4.67145995741712
vggss,C3,12345,best,4291,m77lSpgTPpI_000016,0.9827551020408163,-0.038469387755102044,0.07815548989508833,0.015362821252868874,5.087313626101942
vggss,C3,12345,best,4292,mA1d-1wXTgU_000056,0.99,0.6860204081632653,0.158193148425998,0.035771164068846874,4.422365124085198
vggss,C3,12345,best,4293,mC0O0048pPw_000029,0.9951020408163266,0.751938775510204,0.15808640435770707,0.023538719747900273,6.716015401466721
vggss,C3,12345,best,4294,mC87qMYLJX4_000057,0.9729591836734693,0.6428571428571429,0.0782352930328917,0.019764235430642294,3.9584274993808464
vggss,C3,12345,best,4295,mCY1Z1cmc-s_000359,0.9937755102040816,0.4926530612244898,0.16211460219126628,0.012820421497774417,12.645029043655766
vggss,C3,12345,best,4296,mCaniZpghFE_000310,0.9793877551020408,0.866938775510204,0.1671119637279538,0.05540136947627284,3.0163868746877114
vggss,C3,12345,best,4297,mCxWczXC6Qg_000122,0.981938775510204,0.38979591836734695,0.13543833798869884,0.017499674939041407,7.739477359464475
vggss,C3,12345,best,4298,mDtpxEQFyts_000018,0.9755102040816327,0.30744897959183676,0.12902537789230792,0.025801191525690995,5.000752688643608
vggss,C3,12345,best,4299,mDtpxEQFyts_000051,0.981734693877551,0.5930612244897959,0.11205275587508935,0.021755178595101596,5.1506245000589965
vggss,C3,12345,best,4300,mEL68q2FRBo_000100,0.9906122448979592,0.7540816326530613,0.09922754299183845,0.014704652329623655,6.748037339987762
vggss,C3,12345,best,4301,mEslZvugQCc_000030,0.9984693877551021,0.6055102040816327,0.1868131614571845,0.01180777239905817,15.821202775900845
vggss,C3,12345,best,4302,mEuLwjBPLxk_000048,0.981326530612245,0.6940816326530612,0.1044699440165608,0.03548194002300938,2.9443131900007153
vggss,C3,12345,best,4303,mFD6P7We2ww_000081,0.9877551020408163,0.20295918367346938,0.12426231342393876,0.01771957282722569,7.0127149585125865
vggss,C3,12345,best,4304,mFZRSbjdhNg_000001,0.9812244897959184,0.8475510204081632,0.17451454397238964,0.05102463847443876,3.420201478934813
vggss,C3,12345,best,4305,mFnSuE0zskc_000000,0.9911224489795918,0.7536734693877551,0.1729408257471969,0.02290179784782522,7.551408273548251
vggss,C3,12345,best,4306,mH0qxsxLypw_000080,0.9883673469387755,0.608265306122449,0.11565502564667689,0.018596451453144876,6.219198643250741
vggss,C3,12345,best,4307,mHRF_-IOT2s_000440,0.8648979591836735,0.11061224489795918,0.09358613938347463,0.03887135709445317,2.4075861091258144
vggss,C3,12345,best,4308,mJOGqViXauo_000100,0.9931632653061224,0.4739795918367347,0.09821021486717134,0.01354260960480428,7.251941666570008
vggss,C3,12345,best,4309,mJaX4ZpfULM_000030,0.9734693877551021,0.7216326530612245,0.12248996658064142,0.04095165792174352,2.9910868764999297
vggss,C3,12345,best,4310,mKEJRZtNx9o_000044,0.97,0.595204081632653,0.12749548051018145,0.04296010747394475,2.967764468175674
vggss,C3,12345,best,4311,mMADjF3VZdU_000395,0.9952040816326531,0.8656122448979592,0.14649032004760126,0.023984861919342158,6.107615734467364
vggss,C3,12345,best,4312,mMR8S8qxGTg_000166,0.9855102040816327,0.908469387755102,0.17788962033216624,0.06450340424045128,2.7578330543461202
vggss,C3,12345,best,4313,mMf4vJFT8Fw_000030,0.9962244897959184,0.731734693877551,0.13130197343749933,0.018700099664803863,7.021458483701429
vggss,C3,12345,best,4314,mMqRFspSg10_000184,0.9951020408163266,0.6585714285714286,0.1658618039295086,0.022370486019407908,7.414313832324085
vggss,C3,12345,best,4315,mOPJRy2Nv_o_000134,0.9912244897959184,0.6559183673469388,0.11811318782811094,0.025456109109264203,4.6398759260945415
vggss,C3,12345,best,4316,mPU9j7icxs0_000123,0.9889795918367347,-0.5168367346938776,0.11600509112352436,0.016442950708169635,7.055004492951959
vggss,C3,12345,best,4317,mSHxFybELNY_000015,0.9934693877551021,0.8891836734693878,0.19399685932953564,0.03923098023681287,4.944991385851132
vggss,C3,12345,best,4318,mSHxFybELNY_000030,0.9929591836734694,0.631938775510204,0.1659717571820129,0.04203289207234066,3.9486161669857838
vggss,C3,12345,best,4319,mSlE2F9N-8g_000030,0.9901020408163266,0.6690816326530612,0.1652866519295374,0.02177383901189217,7.591066133963016
vggss,C3,12345,best,4320,mTM0WQRcfNU_000050,0.9815306122448979,0.6872448979591836,0.07543645012773074,0.020226269800903966,3.729627403880437
vggss,C3,12345,best,4321,mW5_chAgg8c_000120,0.9764285714285714,0.7943877551020408,0.16360093751513105,0.042869123649173904,3.816288358352846
vggss,C3,12345,best,4322,mWaz8lJKZe8_000140,0.9944897959183674,0.7576530612244898,0.1986147430331296,0.024366555371402518,8.151121075826381
vggss,C3,12345,best,4323,mYZyXIYEJAQ_000095,0.9963265306122449,-0.5778571428571428,0.14944764330622182,0.009980969445268502,14.973259273633762
vggss,C3,12345,best,4324,mYbbc_0WyvI_000030,0.9939795918367347,0.7844897959183673,0.12052900153779621,0.01580642285091568,7.625318054224638
vggss,C3,12345,best,4325,mZ6ALw9GOUU_000030,0.9973469387755102,0.9409183673469388,0.164018128541774,0.033240774477394625,4.9342450986909006
vggss,C3,12345,best,4326,mZIBXZlICgw_000000,0.9627551020408164,0.4713265306122449,0.13010889467758438,0.032347773165238285,4.022190152409088
vggss,C3,12345,best,4327,mZKUFZhLXAE_000021,0.9801020408163266,0.816734693877551,0.12140835304528319,0.027920742935792015,4.348321007233945
vggss,C3,12345,best,4328,mZXjs-SYlCA_000005,0.9856122448979592,0.26285714285714284,0.14186951943745726,0.020662002758440618,6.866203682965934
vggss,C3,12345,best,4329,mZ_z2lorJeY_000070,0.991734693877551,-0.4222448979591837,0.1361907912976959,0.015784662948634964,8.628045574420929
vggss,C3,12345,best,4330,maG3tkd7WJY_000075,0.9947959183673469,0.21306122448979592,0.14474206190773803,0.009788270095610566,14.787297499345252
vggss,C3,12345,best,4331,magdHwtSIjY_000031,0.996734693877551,0.9374489795918367,0.1376429240601114,0.019777267344802334,6.959653306010718
vggss,C3,12345,best,4332,mbLiZ_jpgeY_000020,0.9888775510204082,0.3313265306122449,0.12019759400528221,0.017705117795316125,6.7888615819929985
vggss,C3,12345,best,4333,mbVT9tKSUXo_000005,0.9721428571428572,0.44142857142857145,0.06854474085937373,0.016270607192310018,4.212795505982718
vggss,C3,12345,best,4334,mcBEkWVDcmc_000107,0.9972448979591837,0.4545918367346939,0.17604541748226119,0.0099536293046207,17.68655553613363
vggss,C3,12345,best,4335,mcYd-WlyCIw_000006,0.9833673469387755,0.28244897959183674,0.08320332431077379,0.01417181423954072,5.871042542924994
vggss,C3,12345,best,4336,mcrf1Mb99d4_000068,0.9870408163265306,0.6202040816326531,0.174216271786351,0.035538357189993285,4.902203859761023
vggss,C3,12345,best,4337,mdrKLSXXZNc_000302,0.9884693877551021,-0.6376530612244898,0.09893314026986978,0.01797681043142801,5.5033756209004485
vggss,C3,12345,best,4338,meoZvdQ2qBs_000162,0.9866326530612245,-0.5586734693877551,0.09057900210944868,0.01560338950229131,5.80508498465333
vggss,C3,12345,best,4339,mg2EyWA0Jxc_000030,0.9928571428571429,0.8824489795918368,0.16077460378841524,0.026715250999002568,6.018083221243845
vggss,C3,12345,best,4340,mh6JxDJ0Bno_000030,0.9965306122448979,-0.7330612244897959,0.15628264757978352,0.016567283594033103,9.43320893209497
vggss,C3,12345,best,4341,mhQGbJQlVns_000002,0.9892857142857143,0.75,0.1149094032200181,0.01901366962746338,6.043515295650385
vggss,C3,12345,best,4342,mhZMQF-y8n0_000097,0.9746938775510204,0.7772448979591837,0.12751892297995096,0.03869451716143592,3.2955295048116025
vggss,C3,12345,best,4343,miT69L7G9iA_000140,0.9954081632653061,-0.5581632653061225,0.133188349114823,0.011546764981572321,11.534689527965673
vggss,C3,12345,best,4344,mjhlzNVpnXs_000026,0.9745918367346939,0.6886734693877551,0.13800453483887073,0.03266444974625594,4.224915341018077
vggss,C3,12345,best,4345,mlpF226Gvlo_000000,0.9890816326530613,0.796734693877551,0.15778291824164972,0.03393560642989404,4.649479848477321
vggss,C3,12345,best,4346,mmkqzl_NHKs_000184,0.9825510204081632,-0.21112244897959184,0.10799519103819968,0.021742955146740607,4.966904926646495
vggss,C3,12345,best,4347,mnWYh3iPoy8_000020,0.9890816326530613,0.09908163265306122,0.16373195580319355,0.015185994657507754,10.781773568071594
vggss,C3,12345,best,4348,mo_x30i1gns_000099,0.9466326530612245,0.5998979591836735,0.146314730609009,0.058121950998758755,2.517374728390203
vggss,C3,12345,best,4349,momJJOUPFzU_000017,0.9923469387755102,0.79,0.12375024442230008,0.026827635065497627,4.612789913094214
vggss,C3,12345,best,4350,mpNxnTHMCHs_000164,0.9831632653061224,-0.5514285714285714,0.1405229048613814,0.02301062886833037,6.106869380470678
vggss,C3,12345,best,4351,mt6Pa7pBz_A_000210,0.9954081632653061,0.8891836734693878,0.12153925158869283,0.0226751733095103,5.360014229206244
vggss,C3,12345,best,4352,muEqLs4xcvs_000030,0.990204081632653,-0.5289795918367347,0.14097967004116135,0.018051203167271213,7.80998744154477
vggss,C3,12345,best,4353,muQm_S77_E0_000070,0.9978571428571429,0.7336734693877551,0.1683636701824705,0.016935944475789454,9.941203481338313
vggss,C3,12345,best,4354,muuSxbHjipw_000112,0.9936734693877551,0.871938775510204,0.13367077714714887,0.021963046950695394,6.086167253898102
vggss,C3,12345,best,4355,mv_YCUYtGaA_000408,0.9808163265306122,0.8006122448979592,0.1161654117789918,0.02749979104256449,4.224228889564639
vggss,C3,12345,best,4356,mw1VGZoYQts_000070,0.9892857142857143,0.8751020408163265,0.1156127133162277,0.03232327074258516,3.5767640668835727
vggss,C3,12345,best,4357,mwoQMUhI9nY_000139,0.9872448979591837,-0.12510204081632653,0.11573372189106997,0.014892946214734993,7.7710427622818985
vggss,C3,12345,best,4358,mxH5Ueh1fYo_000536,0.9745918367346939,0.8964285714285715,0.18451950928238225,0.08320320465268997,2.217697143428678
vggss,C3,12345,best,4359,mxQ37FEFLKY_000030,0.9941836734693877,-0.013775510204081633,0.15066991750143185,0.011930988956587169,12.628451677364609
vggss,C3,12345,best,4360,myOH_8igzTw_000161,0.9931632653061224,0.8827551020408163,0.15971893654035724,0.045237508624586975,3.5306749066536485
vggss,C3,12345,best,4361,n-tBbgUkFxo_000021,0.9860204081632653,0.43418367346938774,0.09872167594024754,0.011809197623491393,8.359727653627026
vggss,C3,12345,best,4362,n-tBbgUkFxo_000032,0.9924489795918368,0.8471428571428572,0.12802310933304598,0.027478535281933548,4.6590223248623435
vggss,C3,12345,best,4363,n0Bbn5VNaMg_000043,0.9868367346938776,0.8383673469387755,0.16164888820290085,0.04684868223710072,3.4504468532283883
vggss,C3,12345,best,4364,n1VpqsLRy1E_000006,0.9690816326530612,0.33346938775510204,0.10286770905436561,0.020800332270567882,4.945483933442817
vggss,C3,12345,best,4365,n2JanKszFoQ_000200,0.9724489795918367,0.7976530612244898,0.17630751076185006,0.05228922001877421,3.3717754959539965
vggss,C3,12345,best,4366,n3Pfv9Fo3zk_000009,0.9857142857142858,0.7371428571428571,0.18041081581629792,0.02737230995005963,6.590997111513597
vggss,C3,12345,best,4367,n3rUVrPeFAQ_000135,0.961530612244898,0.661734693877551,0.10697771812777228,0.03183141642429323,3.3607589653512435
vggss,C3,12345,best,4368,n3t92d8Xgp8_000020,0.9837755102040816,0.5713265306122449,0.16621476940619595,0.01952491810648515,8.512956033909722
vggss,C3,12345,best,4369,n4-THBrsn4o_000106,0.9857142857142858,0.41918367346938773,0.1134606245755478,0.016584854924781695,6.841218997099022
vggss,C3,12345,best,4370,n4-THBrsn4o_000123,0.9931632653061224,0.8283673469387756,0.09407186002733425,0.019190410495941064,4.902024375519807
vggss,C3,12345,best,4371,n4jf0RXGw7I_000019,0.9740816326530612,0.5313265306122449,0.1016554403560274,0.01968930911757923,5.1629765041002
vggss,C3,12345,best,4372,n51vOkMOXdQ_000039,0.9805102040816327,-0.115,0.12062060529971286,0.01933892317093724,6.237193469023286
vggss,C3,12345,best,4373,n5SqYqXBMXQ_000005,0.9928571428571429,0.9303061224489796,0.16396457372998496,0.04855134997936021,3.3771372742403325
vggss,C3,12345,best,4374,n5cvuVxjDoI_000098,0.9936734693877551,0.20683673469387756,0.06659660471386535,0.007442932235182629,8.947630128763526
vggss,C3,12345,best,4375,n7-lKjrJFA0_000088,0.9821428571428571,0.35846938775510206,0.1388380048436289,0.01984238311114451,6.997042848429345
vggss,C3,12345,best,4376,n7QAOoPX6yw_000003,0.9879591836734694,0.6113265306122448,0.14423758451301386,0.020784981105242323,6.93951001363358
vggss,C3,12345,best,4377,n7t58h1fwc0_000168,0.9785714285714285,0.886734693877551,0.13036382441038397,0.0534057373545679,2.441007855483409
vggss,C3,12345,best,4378,n88E2blrCiU_000185,0.9760204081632653,-0.2683673469387755,0.09166770683001547,0.018728390793737056,4.8945853298122115
vggss,C3,12345,best,4379,n9PJa0BvCLc_000016,0.9838775510204082,0.06836734693877551,0.11825958815523055,0.01615653711194408,7.3196123238441055
vggss,C3,12345,best,4380,n9etMRi77Wo_000273,0.9940816326530613,-0.4606122448979592,0.1551808381634125,0.01490866204715819,10.408770262049924
vggss,C3,12345,best,4381,nA1cZ1g8auk_000080,0.9923469387755102,0.8616326530612245,0.20323899891812233,0.03368580554144422,6.0333720880765025
vggss,C3,12345,best,4382,nAS_8fZfU_Y_000034,0.9929591836734694,0.8828571428571429,0.1186907025047745,0.023257978318746177,5.103225262236509
vggss,C3,12345,best,4383,nB7FX1TBv34_000030,0.9890816326530613,0.8663265306122448,0.1959455385671065,0.08823802143757879,2.2206474643781764
vggss,C3,12345,best,4384,nC1p4WWdMgY_000267,0.9863265306122448,0.5586734693877551,0.1251016040593859,0.015688366497976152,7.974163790444619
vggss,C3,12345,best,4385,nCqe6N5e__0_000000,0.9936734693877551,0.8168367346938775,0.15024955904401385,0.05695116177585928,2.6382176299641764
vggss,C3,12345,best,4386,nEX4I5j6H-Y_000151,0.9892857142857143,0.8090816326530612,0.14857801742725246,0.034904994230038844,4.256640652854998
vggss,C3,12345,best,4387,nEmU3E8rras_000012,0.9762244897959184,0.7990816326530612,0.1189340784581836,0.03940325275637073,3.018382243556131
vggss,C3,12345,best,4388,nFa1PNr2dLA_000030,0.940204081632653,0.21244897959183673,0.12420335191327385,0.025694883610363296,4.833777564307782
vggss,C3,12345,best,4389,nG8nq9UVWX8_000351,0.9908163265306122,0.7658163265306123,0.12481161416461088,0.02348943005333491,5.313522460153977
vggss,C3,12345,best,4390,nKe3zn_yk94_000031,0.9824489795918367,0.1383673469387755,0.06658599060918934,0.009946227063146571,6.694597879824021
vggss,C3,12345,best,4391,nLKEdmVu3FY_000040,0.9953061224489796,0.6624489795918367,0.1332909999915204,0.01361989116217785,9.78649523732368
vggss,C3,12345,best,4392,nMOlAg-Kjf8_000017,0.9581632653061225,0.7655102040816326,0.1220903155587314,0.03728722533825492,3.2743202115785364
vggss,C3,12345,best,4393,nMUUYby3ZQQ_000064,0.9880612244897959,0.4673469387755102,0.10949210103128655,0.01750167780691632,6.256091686707741
vggss,C3,12345,best,4394,nMoJVla31tc_000120,0.9825510204081632,0.2239795918367347,0.16383434795834012,0.011289021310269046,14.512714916155609
vggss,C3,12345,best,4395,nRMmafPUAEU_000080,0.9889795918367347,0.7179591836734693,0.13778858412301379,0.026546454855688205,5.190470248176634
vggss,C3,12345,best,4396,nSBDyxxscks_000220,0.9927551020408163,-0.8233673469387756,0.1526199650727074,0.02366009828383722,6.450521178813774
vggss,C3,12345,best,4397,nTcGKRvqIbM_000003,0.9954081632653061,-0.40285714285714286,0.1749513659002165,0.017695614927929208,9.88670733471311
vggss,C3,12345,best,4398,nU7x170OvJ4_000030,0.9780612244897959,0.8836734693877552,0.172986976863315,0.05654550817584325,3.059252316300105
vggss,C3,12345,best,4399,nVpU4g6jWu8_000030,0.9939795918367347,0.7244897959183674,0.14651770935794434,0.022704666848421616,6.4531979410272635
vggss,C3,12345,best,4400,nXY2Vrfm0vY_000001,0.9683673469387755,0.34438775510204084,0.0885666565668763,0.01693815636110399,5.228825066832937
vggss,C3,12345,best,4401,nXtEwct1VUE_000022,0.9772448979591837,-0.38510204081632654,0.09383861003684184,0.0186650843109576,5.027494570798835
vggss,C3,12345,best,4402,nbPY6Y1ffgo_000040,0.9931632653061224,-0.851938775510204,0.20854712550237806,0.026047115094997852,8.006534494963242
vggss,C3,12345,best,4403,nbS9NjA7Ywg_000078,0.9914285714285714,0.4126530612244898,0.11382371267055681,0.017709463564085374,6.4272817896861785
vggss,C3,12345,best,4404,nbjXrDmWMQg_000184,0.9914285714285714,0.9557142857142857,0.1756635142703308,0.06619485151393088,2.653733791265654
vggss,C3,12345,best,4405,ncHAOlb2wgw_000068,0.9923469387755102,-0.6979591836734694,0.17664037421521603,0.023480552629798992,7.522837175094553
vggss,C3,12345,best,4406,ncJgdczUs_8_000000,0.9955102040816326,-0.7197959183673469,0.14243048234191838,0.01032378306461687,13.796345918007157
vggss,C3,12345,best,4407,ncfUAo5uxwk_000012,0.99,-0.6194897959183674,0.09589110790705913,0.015491169138689344,6.19004976632591
vggss,C3,12345,best,4408,nfFldYRXbDM_000098,0.9828571428571429,0.7955102040816326,0.1374219057925097,0.04329019010335122,3.174435258067196
vggss,C3,12345,best,4409,nfdEqi5YMjk_000210,0.9863265306122448,0.368469387755102,0.16256496055022077,0.02812518800089332,5.780048849631061
vggss,C3,12345,best,4410,nfitcQXx-Y0_000020,0.9928571428571429,0.6589795918367347,0.15701014289335954,0.026760487770226077,5.8672377066329195
vggss,C3,12345,best,4411,nfitcQXx-Y0_000058,0.9860204081632653,0.6929591836734694,0.11536104008023046,0.023162202191849033,4.980573052800089
vggss,C3,12345,best,4412,nhAiQyirHe0_000127,0.9889795918367347,0.726530612244898,0.18131636835208081,0.05213455110869261,3.477854215605765
vggss,C3,12345,best,4413,nhDAmqYHxdA_000417,0.9854081632653061,0.6176530612244898,0.15164046245731805,0.02578549390169874,5.8808438199947775
vggss,C3,12345,best,4414,nlDpRreRKO4_000030,0.9856122448979592,0.7359183673469388,0.12096312872313848,0.018600489370165178,6.503222916121819
vggss,C3,12345,best,4415,nlYlNF30bVg_000030,0.9935714285714285,0.45510204081632655,0.15742848524152447,0.01298264125626291,12.126075282684097
vggss,C3,12345,best,4416,nljhIF3wxz4_000035,0.9926530612244898,0.48306122448979594,0.1183867304306008,0.014765210330024474,8.017950830667548
vggss,C3,12345,best,4417,nmMqbo6pcTU_000144,0.9864285714285714,0.9162244897959184,0.17246156994321749,0.0691750680784815,2.4931174588444764
vggss,C3,12345,best,4418,nmRMfbrXwt0_000001,0.9913265306122448,-0.7619387755102041,0.10037143990785292,0.02016796697177001,4.976775301563476
vggss,C3,12345,best,4419,nmp9yqhsjqg_000350,0.9745918367346939,0.8022448979591836,0.172113061599501,0.04055150484929959,4.244307633936641
vggss,C3,12345,best,4420,nn25vUXHhdE_000400,0.9804081632653061,0.24887755102040815,0.15155948105562717,0.018892023723157427,8.022405819332572
vggss,C3,12345,best,4421,no6AAqgGIv8_000150,0.9948979591836735,0.8123469387755102,0.14983518848190985,0.023745459506137784,6.310056389651255
vggss,C3,12345,best,4422,noH950QMOLg_000198,0.9677551020408163,0.7318367346938776,0.1574329764362159,0.04240267061791129,3.712808041145284
vggss,C3,12345,best,4423,noN35nW5gl4_000000,0.9546938775510204,0.42418367346938773,0.13775138801444062,0.026671628652211985,5.164716028806001
vggss,C3,12345,best,4424,nou1eQNbW30_000002,0.9818367346938776,0.6635714285714286,0.14140761641567196,0.02622327846811175,5.3924461271167
vggss,C3,12345,best,4425,npcdmOfFZis_000050,0.9921428571428571,0.7690816326530612,0.19494477966519705,0.02894081401742164,6.735981218352919
vggss,C3,12345,best,4426,nqHztbgP_4U_000100,0.9801020408163266,0.46877551020408165,0.05989391177108347,0.013693647397464951,4.373846502150434
vggss,C3,12345,best,4427,nqd6uO6hDSo_000030,0.993265306122449,0.7241836734693877,0.10431792679017671,0.020467378207285867,5.0967899128889
vggss,C3,12345,best,4428,nqnviB5WXSM_000030,0.9842857142857143,-0.18918367346938775,0.09123659790713633,0.014619127683461996,6.240905742300099
vggss,C3,12345,best,4429,nqsycWEgIio_000209,0.9914285714285714,0.5775510204081633,0.1463175306491373,0.021406691948324365,6.835130388307872
vggss,C3,12345,best,4430,nsNtEAfJfd0_000055,0.9935714285714285,0.7061224489795919,0.14679958950592006,0.020875542254058906,7.032132996563349
vggss,C3,12345,best,4431,nstNNjnev5k_000827,0.993061224489796,0.9578571428571429,0.18526996574006488,0.039919077278081555,4.641138482471673
vggss,C3,12345,best,4432,nt9PKJU4LLk_000047,0.9946938775510205,0.651734693877551,0.16670170748513535,0.016656133511847127,10.008427668195877
vggss,C3,12345,best,4433,ny11DBcW3hI_000019,0.9829591836734693,0.8226530612244898,0.1415135123963287,0.05120322109811573,2.7637619150006243
vggss,C3,12345,best,4434,ny4wkNf3P40_000001,0.975,0.33816326530612245,0.11969577879928493,0.026618205050924805,4.49676372130608
vggss,C3,12345,best,4435,nzrNxN3vG1w_000030,0.9941836734693877,-0.6463265306122449,0.16351948605232072,0.018781148787393103,8.70657529544112
vggss,C3,12345,best,4436,nzwmPWAAQFg_000030,0.9981632653061224,0.7769387755102041,0.18212500929720388,0.017943430244722208,10.149954987050107
vggss,C3,12345,best,4437,o-xlfN7kkOA_000030,0.9938775510204082,0.5768367346938775,0.14370208532020082,0.015647884082884977,9.183483502244009
vggss,C3,12345,best,4438,o0Aq9oY4JNk_000006,0.9851020408163266,0.9255102040816326,0.12700462045937763,0.05816823320551209,2.1834017205002976
vggss,C3,12345,best,4439,o0Bn4m6dQbI_000100,0.9908163265306122,0.8069387755102041,0.19331966149356847,0.03780955300174359,5.1129845805014815
vggss,C3,12345,best,4440,o0auMW1-gjE_000458,0.9890816326530613,0.6638775510204081,0.12489263672276191,0.018774679381461788,6.652184795554033
vggss,C3,12345,best,4441,o0mATRdzZSc_000050,0.9903061224489796,0.7362244897959184,0.1485989710440946,0.028763304292969857,5.166269129948822
vggss,C3,12345,best,4442,o1psbzO1YPU_000065,0.991734693877551,-0.8039795918367347,0.15318859970481094,0.025077095386731325,6.1087058665440725
vggss,C3,12345,best,4443,o3F3tUpmVaw_000030,0.9928571428571429,-0.12948979591836735,0.14716436041390338,0.016558780854528766,8.887391028769757
vggss,C3,12345,best,4444,o4SLkvEa8Mk_000184,0.9895918367346939,0.41275510204081634,0.10634936927620546,0.01665576468251287,6.385138797491731
vggss,C3,12345,best,4445,o4Z9DJi8AJo_000050,0.9912244897959184,-0.07163265306122449,0.17987819323349086,0.014276114132646798,12.599940821581352
vggss,C3,12345,best,4446,o505NNzv0TI_000035,0.9836734693877551,0.9170408163265306,0.15348100255048044,0.05505678747887252,2.78768539863277
vggss,C3,12345,best,4447,o8JY_sqvaQc_000057,0.9873469387755102,0.7347959183673469,0.1294745691943347,0.022894333803256155,5.655310624322256
vggss,C3,12345,best,4448,o8uxxMXuhZ8_000030,0.9936734693877551,-0.5738775510204082,0.15988682782783245,0.019502915787355687,8.198098662328828
vggss,C3,12345,best,4449,o9Fiss83B1c_000557,0.9533673469387756,-0.07459183673469388,0.140327225235083,0.03310397973564992,4.238983540820731
vggss,C3,12345,best,4450,oBY7XYM4gi0_000155,0.9923469387755102,0.7064285714285714,0.1932971253151648,0.031356772566222046,6.1644458117283145
vggss,C3,12345,best,4451,oBsTZmqrpFQ_000070,0.993265306122449,0.8222448979591837,0.14917050638738166,0.03262453317133855,4.572341483139798
vggss,C3,12345,best,4452,oCVRgGxkKo4_000090,0.9945918367346939,-0.08775510204081632,0.15261838522700083,0.016029246635069095,9.521245052970823
vggss,C3,12345,best,4453,oD0Xp--xxjE_000030,0.9915306122448979,0.8737755102040816,0.12791613283497308,0.04118854677844847,3.1056238406037675
vggss,C3,12345,best,4454,oE2ei00EhWI_000110,0.9731632653061224,0.3230612244897959,0.06293028479764431,0.013521517829462976,4.654084370655574
vggss,C3,12345,best,4455,oE64sF3UtfU_000010,0.9913265306122448,0.005408163265306122,0.13334605848204253,0.012096532907459384,11.02349404595213
vggss,C3,12345,best,4456,oEDGxlhyhp4_000043,0.9910204081632653,0.8914285714285715,0.14725944294523166,0.03906914425737082,3.769200624798675
vggss,C3,12345,best,4457,oEFUBoCTThI_000002,0.990204081632653,0.5194897959183673,0.12321049794262966,0.020588390702648472,5.984464726851136
vggss,C3,12345,best,4458,oEMLpCOWrqY_000030,0.9898979591836735,0.38081632653061226,0.13888111866014324,0.015696024800661408,8.848171458947427
vggss,C3,12345,best,4459,oIUof9ZzRcs_000018,0.9865306122448979,0.5722448979591837,0.1300248993459765,0.02033360219930148,6.3945826259177645
vggss,C3,12345,best,4460,oIgPIGUQ8yY_000030,0.991938775510204,0.9603061224489796,0.1700741178319409,0.05988514200502105,2.840005252349257
vggss,C3,12345,best,4461,oJe-kIzMuiU_000041,0.9722448979591837,0.8439795918367347,0.1541793715411269,0.056090125862904905,2.7487792043464307
vggss,C3,12345,best,4462,oKVfrZKftHs_000030,0.9897959183673469,0.9398979591836735,0.17218030819430574,0.051790709961789354,3.324540411230867
vggss,C3,12345,best,4463,oLYZ4FyktN0_000040,0.996938775510204,0.9492857142857143,0.1839149497868851,0.028765826400465454,6.393522203273438
vggss,C3,12345,best,4464,oMOSgo1nT04_000011,0.9910204081632653,0.8494897959183674,0.12039989911699657,0.028945154721377677,4.159587339433852
vggss,C3,12345,best,4465,oPBrZeFpToY_000090,0.9933673469387755,0.45693877551020406,0.15281459087344637,0.013939634360443392,10.962596788556343
vggss,C3,12345,best,4466,oPzAaB7LoqU_000030,0.9925510204081632,0.6670408163265306,0.11976452071119567,0.01186355281566197,10.095164793558764
vggss,C3,12345,best,4467,oSME-ts1WnQ_000110,0.9886734693877551,0.30795918367346936,0.11538711451419413,0.01612470872120755,7.155919310494869
vggss,C3,12345,best,4468,oSUCIMc3Vp8_000055,0.981938775510204,-0.035408163265306124,0.16195915825774831,0.021935305078978007,7.3834923961447
vggss,C3,12345,best,4469,oT8Vg7egGwI_000043,0.9906122448979592,0.1492857142857143,0.09939309054631584,0.00990657612322847,10.033041619017457
vggss,C3,12345,best,4470,oT8Vg7egGwI_000077,0.9858163265306122,0.5401020408163265,0.09975080485696579,0.01878705349354481,5.309550265092923
vggss,C3,12345,best,4471,oVcQgIsw2Ac_000030,0.9883673469387755,0.8839795918367347,0.1995699436151656,0.03807091723646101,5.24205766768432
vggss,C3,12345,best,4472,oYEzy8gH6q8_000030,0.9939795918367347,0.9173469387755102,0.15458450976726618,0.056008229368903074,2.7600320793767974
vggss,C3,12345,best,4473,oZoJ26C6LrU_000100,0.9858163265306122,0.6215306122448979,0.10768760280540716,0.01774266332200544,6.069415896081791
vggss,C3,12345,best,4474,o_kiCratdFg_000010,0.9831632653061224,0.275,0.09123578876572788,0.015129631609530651,6.030271662943562
vggss,C3,12345,best,4475,oaKEAU7SoCE_000030,0.9762244897959184,0.8106122448979591,0.10530184505907816,0.02301883956527286,4.574593986828977
vggss,C3,12345,best,4476,oamW0GRj-04_000029,0.9929591836734694,0.7525510204081632,0.18751742169020552,0.04648044383422198,4.0343294130109575
vggss,C3,12345,best,4477,ob2_1sTTEiU_000014,0.9855102040816327,0.6074489795918367,0.0748412050032324,0.014518774575832163,5.154788003101341
vggss,C3,12345,best,4478,oclGXBsr6S8_000077,0.9746938775510204,0.3546938775510204,0.13281324257039293,0.020473221989139194,6.487168587379593
vggss,C3,12345,best,4479,odDT-H4NqXc_000022,0.9703061224489796,-0.34989795918367345,0.10901287786329793,0.020586693888991633,5.295307660915413
vggss,C3,12345,best,4480,ohPrrSyvV-Y_000034,0.9935714285714285,0.7488775510204082,0.19008713261666899,0.018765293939646804,10.129717830588204
vggss,C3,12345,best,4481,ohQhjIk-qB0_000132,0.9970408163265306,0.23020408163265307,0.12935599709237203,0.009460538114556008,13.67321768867931
vggss,C3,12345,best,4482,ohgUAJN2ymk_000083,0.9713265306122449,0.3889795918367347,0.12276287286763188,0.021727966404621987,5.6499936801042585
vggss,C3,12345,best,4483,oiNhFODWPVk_000185,0.996734693877551,0.8924489795918368,0.16755167671278123,0.03983832436967761,4.205791266670615
vggss,C3,12345,best,4484,oj-Ck2nCkT8_000024,0.981938775510204,0.7258163265306122,0.1268665700078093,0.036992609304577775,3.429511256241926
vggss,C3,12345,best,4485,ok-srXYE5tg_000004,0.9915306122448979,0.8160204081632653,0.1343705747262499,0.02183101578409342,6.155030808239137
vggss,C3,12345,best,4486,okS_ICEUKE8_000002,0.9836734693877551,0.8863265306122449,0.11020916573743315,0.036659051534691386,3.006328890782661
vggss,C3,12345,best,4487,ol8ZVX3qLQY_000106,0.9912244897959184,0.8491836734693877,0.12917271877262199,0.019790824197838862,6.526899409612638
vggss,C3,12345,best,4488,omd7aw4XjGE_000424,0.9848979591836735,0.8739795918367347,0.1695696379583091,0.04109839843321591,4.125942723385108
vggss,C3,12345,best,4489,onEBRYQ_Xew_000095,0.948469387755102,0.36673469387755103,0.07971419897443516,0.026806904429013383,2.973644315609962
vggss,C3,12345,best,4490,ooi_oagj_j8_000043,0.981734693877551,0.4312244897959184,0.13674277707832563,0.01889196283556579,7.23814556848986
vggss,C3,12345,best,4491,opSdcEJ1UF0_000371,0.9720408163265306,0.24153061224489797,0.09778902687072037,0.014717143474543956,6.644565709362332
vggss,C3,12345,best,4492,opuHiPsyay0_000030,0.9897959183673469,0.6551020408163265,0.11819118839313335,0.01680186053625619,7.034410751005367
vggss,C3,12345,best,4493,oqCoWD5LptA_000001,0.9826530612244898,0.6947959183673469,0.1149362898505878,0.015909166180741674,7.224532608737233
vggss,C3,12345,best,4494,oqOyiPlZVDw_000020,0.9965306122448979,0.5794897959183674,0.1629611796295182,0.013960570774924476,11.672959670261031
vggss,C3,12345,best,4495,oqyY1c8C6-k_000101,0.9941836734693877,-0.026122448979591838,0.16352051926266842,0.0142527274734839,11.472928221414865
vggss,C3,12345,best,4496,ortMPr9w06U_000021,0.9936734693877551,-0.30581632653061225,0.18838490472582395,0.013397450991167657,14.061249774305406
vggss,C3,12345,best,4497,oswEaAsFXDM_000170,0.9842857142857143,0.30326530612244895,0.06916385305667537,0.008458313576447822,8.177026357743717
vggss,C3,12345,best,4498,ouvOmkKBFM0_000614,0.9887755102040816,0.8414285714285714,0.09077035718307826,0.02636723190654326,3.4425440450027978
vggss,C3,12345,best,4499,ov4fdnGwzWU_000520,0.9789795918367347,0.8431632653061224,0.1690511645694735,0.06684460973428154,2.529017152489633
vggss,C3,12345,best,4500,ov_g-r7Vo8M_000030,0.9809183673469388,0.5691836734693878,0.11363131898659308,0.021438644091209796,5.3003034381817
vggss,C3,12345,best,4501,ovmrWtaq3og_000017,0.9897959183673469,0.8586734693877551,0.19805308319957887,0.03836748593998962,5.162003147908952
vggss,C3,12345,best,4502,p-ASHwSVFSI_000080,0.993061224489796,0.8539795918367347,0.21776278801244747,0.05627082955583941,3.8699054151379486
vggss,C3,12345,best,4503,p-C-Nal08lU_000030,0.9847959183673469,0.47306122448979593,0.11361057309885088,0.022098611075110814,5.141073016430793
vggss,C3,12345,best,4504,p0NU0nB-uks_000013,0.9961224489795918,0.8447959183673469,0.16719890867011986,0.025994737029914096,6.4320292402924295
vggss,C3,12345,best,4505,p0c-sBtVkio_000187,0.9901020408163266,0.7763265306122449,0.15258849776055108,0.032689939185608245,4.667751043958143
vggss,C3,12345,best,4506,p0dBtgjr7-8_000030,0.9804081632653061,0.8177551020408164,0.12504841587940183,0.030130368009594597,4.150245222347828
vggss,C3,12345,best,4507,p2m6Ei_vkSk_000000,0.991734693877551,-0.253469387755102,0.11746144296459783,0.014337822538782286,8.192418524282687
vggss,C3,12345,best,4508,p4iWwYv6BuY_000220,0.9816326530612245,0.5478571428571428,0.11760361070403759,0.02833747345438461,4.150109249977646
vggss,C3,12345,best,4509,p6EUe5qs7aw_000668,0.9814285714285714,0.5898979591836735,0.12596654785548592,0.03270969206676823,3.8510465827180016
vggss,C3,12345,best,4510,p6LLoRUj0nw_000145,0.9733673469387755,0.5561224489795918,0.1382421476473525,0.03685401041222616,3.751074743319963
vggss,C3,12345,best,4511,pBVTBsWiHdk_000063,0.9927551020408163,0.8560204081632653,0.21270118388525946,0.04420147144228383,4.812083782391601
vggss,C3,12345,best,4512,pCF6jJMaCnU_000030,0.9767346938775511,-0.08,0.12753109772586924,0.021187605076451663,6.01913700324771
vggss,C3,12345,best,4513,pFIDYtC0abw_000002,0.9826530612244898,0.025408163265306122,0.07478241955297732,0.012007754205229567,6.227843964394974
vggss,C3,12345,best,4514,pGC5c8KiuOk_000020,0.9803061224489796,-0.2642857142857143,0.08437817467136069,0.012973222929673388,6.504025647964794
vggss,C3,12345,best,4515,pGnTEZvUcuo_000163,0.9934693877551021,0.931530612244898,0.11350693462476445,0.029424279384012788,3.857594374475544
vggss,C3,12345,best,4516,pH-qdjZgqis_000113,0.9952040816326531,0.6072448979591837,0.19166310500903125,0.01818854814574626,10.537570314750786
vggss,C3,12345,best,4517,pHhY5aGpjnc_000039,0.9946938775510205,-0.24459183673469387,0.17240860896929563,0.01693641419818581,10.179758652086088
vggss,C3,12345,best,4518,pI2gLesgVes_000009,0.9959183673469387,0.6194897959183674,0.11012448277100591,0.012473733458370936,8.828510176085494
vggss,C3,12345,best,4519,pIXtTgeKAbs_000183,0.9822448979591837,0.5353061224489796,0.13298307815294852,0.019674513831909747,6.759154472079794
vggss,C3,12345,best,4520,pJnmT-ViaBk_000012,0.9911224489795918,0.673265306122449,0.13324045514335064,0.027442254728424337,4.855302760721839
vggss,C3,12345,best,4521,pK5UyBgIZQU_000071,0.9973469387755102,-0.6434693877551021,0.19032895533926347,0.018332467265135398,10.382069831987657
vggss,C3,12345,best,4522,pKG3RMK__dc_000110,0.9892857142857143,0.6456122448979592,0.12043280671705442,0.020343954876792563,5.919832571710949
vggss,C3,12345,best,4523,pKt19mzJKCo_000243,0.9937755102040816,-0.506938775510204,0.16923356372236034,0.021389529222161557,7.911981697428782
vggss,C3,12345,best,4524,pL4zRe6Purs_000070,0.9848979591836735,0.44418367346938775,0.17541225314560308,0.022278966227209367,7.873446701102836
vggss,C3,12345,best,4525,pMfpDNSFc-w_000009,0.9971428571428571,0.46969387755102043,0.20319711767410628,0.015363918586730446,13.225604947529737
vggss,C3,12345,best,4526,pNin81AXlRY_000005,0.9966326530612245,0.898061224489796,0.2282054203583323,0.024349883247037997,9.371930782710919
vggss,C3,12345,best,4527,pOvO5y-p550_000170,0.9954081632653061,-0.17551020408163265,0.16753194205703495,0.015159970137775711,11.050941428939742
vggss,C3,12345,best,4528,pP0fJ64QFHE_000430,0.9952040816326531,-0.2739795918367347,0.18464299712175794,0.01171856083734828,15.756456759884829
vggss,C3,12345,best,4529,pPiZRPr_htM_000098,0.9892857142857143,-0.09479591836734694,0.10472499141385629,0.011266268081193674,9.295446429920258
vggss,C3,12345,best,4530,pRm4t8VZxKw_000208,0.9946938775510205,-0.12755102040816327,0.16151473078677378,0.016117038113679427,10.021365566523494
vggss,C3,12345,best,4531,pSlVtxLOYiM_000050,0.9772448979591837,0.803469387755102,0.11948741330263099,0.03411243830627604,3.5027520527797504
vggss,C3,12345,best,4532,pSzTPGlNa5U_000030,0.9957142857142857,0.7393877551020408,0.18528363512791543,0.016020182893220807,11.565637943267246
vggss,C3,12345,best,4533,pTY56E9D_cE_000154,0.8794897959183674,0.3719387755102041,0.06840503507031745,0.031178086252763665,2.1940100657799015
vggss,C3,12345,best,4534,pUn8YqN2meU_000009,0.9880612244897959,0.7512244897959184,0.13580688842881614,0.02878488289429194,4.717993431744922
vggss,C3,12345,best,4535,pUn8YqN2meU_000059,0.9845918367346939,0.6937755102040817,0.14734346428687678,0.02590710948476836,5.68737567475464
vggss,C3,12345,best,4536,pVf84f6xrBw_000070,0.976326530612245,0.8344897959183674,0.126237272243504,0.035647964781660504,3.5412196184744937
vggss,C3,12345,best,4537,pWLDewht-Kw_000156,0.9925510204081632,-0.6339795918367347,0.180891821902701,0.0208925808875704,8.65818459079504
vggss,C3,12345,best,4538,pX0Jhk6e2Uw_000030,0.9741836734693877,0.45581632653061227,0.16209684472902836,0.03521708054145047,4.602790527688419
vggss,C3,12345,best,4539,p_6nbBAJNxI_000032,0.9958163265306123,0.8756122448979592,0.17087363361715094,0.03093118982940103,5.524314924824857
vggss,C3,12345,best,4540,p_dE26TA8ig_000030,0.9858163265306122,0.6722448979591836,0.1284907255610729,0.02424617636498964,5.2994222110257185
vggss,C3,12345,best,4541,paCqw1LucVY_000005,0.9376530612244898,0.12806122448979593,0.1251261651315022,0.03288584500738877,3.804863919518837
vggss,C3,12345,best,4542,pawRXvTZnRo_000080,0.970204081632653,0.3227551020408163,0.08360221182314097,0.016290578888363442,5.131936218844809
vggss,C3,12345,best,4543,pb1RbeEwwmc_000005,0.9873469387755102,0.8369387755102041,0.18291802389459974,0.09092248384444371,2.0118018795829222
vggss,C3,12345,best,4544,pb1RbeEwwmc_000057,0.9918367346938776,0.896734693877551,0.1807401632633925,0.06830150980934623,2.6462103658894587
vggss,C3,12345,best,4545,pbVP6Z1c4_k_000420,0.9848979591836735,-0.16959183673469388,0.13811575743661106,0.02332843120396434,5.920490590603462
vggss,C3,12345,best,4546,pc-FTQNfxx0_000266,0.991938775510204,0.23295918367346938,0.15699985057905874,0.01884844113016669,8.329593386255295
vggss,C3,12345,best,4547,pcGbob7fSgE_000040,0.9946938775510205,0.3503061224489796,0.17512339839833857,0.015369053013641443,11.394547096877115
vggss,C3,12345,best,4548,pcbfKzW8zFI_000016,0.9945918367346939,0.3921428571428571,0.142768639585925,0.011334394652737684,12.596053336773569
vggss,C3,12345,best,4549,pf00DOALuZ0_000275,0.9433673469387756,0.00020408163265306123,0.07578088275654082,0.020668365711370727,3.666515476588934
vggss,C3,12345,best,4550,pf00DOALuZ0_000293,0.9918367346938776,0.8423469387755103,0.14032833463999678,0.03316664754090644,4.2310075043587485
vggss,C3,12345,best,4551,pfB7MFteFFY_000095,0.9956122448979592,0.7895918367346939,0.14503313779717208,0.018654658169215372,7.774633900100689
vggss,C3,12345,best,4552,pgQxDv8Iugo_000160,0.990204081632653,-0.283265306122449,0.13911174997055914,0.02241196340619084,6.207030925819395
vggss,C3,12345,best,4553,ph0-RkqW1vM_000000,0.9842857142857143,0.4757142857142857,0.14161152434760077,0.030011559568885675,4.718565991965835
vggss,C3,12345,best,4554,phib36cTLiI_000062,0.9948979591836735,0.685,0.12884856337985953,0.017324486309053862,7.437367035380589
vggss,C3,12345,best,4555,pi2Vyqa-wgE_000087,0.9808163265306122,0.42183673469387756,0.11627066251448928,0.019497462790247985,5.963373992058299
vggss,C3,12345,best,4556,pjuHVmcoVFc_000036,0.9739795918367347,0.3335714285714286,0.13096389723863633,0.030414788518713598,4.3059282545416
vggss,C3,12345,best,4557,pjuyGQPd4S4_000039,0.9977551020408163,0.963469387755102,0.14098418462460519,0.02157851864049896,6.533543241471797
vggss,C3,12345,best,4558,plfLL0Niy9k_000110,0.9840816326530613,0.04112244897959184,0.12574185480183955,0.019189954362108647,6.5524832643751365
vggss,C3,12345,best,4559,pljrosvt-o8_000017,0.9952040816326531,0.820204081632653,0.12285263670247254,0.027332546549133106,4.494738039927311
vggss,C3,12345,best,4560,pmTVoCl7GB8_000002,0.985,0.8401020408163266,0.1397025362880681,0.025494600218453883,5.479691193076507
vggss,C3,12345,best,4561,pmdoDcNBt0E_000030,0.9848979591836735,0.20030612244897958,0.08447876218178829,0.01273485794707787,6.633663487481046
vggss,C3,12345,best,4562,pnRvEfIkgSA_000013,0.9854081632653061,0.48744897959183675,0.08935974867566678,0.013624200215812066,6.558898670026666
vggss,C3,12345,best,4563,pnsntPDPfxg_000064,0.9913265306122448,0.6603061224489796,0.15795424930486954,0.028008086009506026,5.63959455320365
vggss,C3,12345,best,4564,pp4xXyiezA8_000020,0.9884693877551021,-0.433469387755102,0.101438969589438,0.01180896280474752,8.589998229874753
vggss,C3,12345,best,4565,pt67dyEbwGY_000039,0.9876530612244898,0.8194897959183673,0.15949928615460468,0.03892268642563549,4.097848858899789
vggss,C3,12345,best,4566,puQFxYICkII_000000,0.9840816326530613,0.5276530612244898,0.1793241800160673,0.0611424645527601,2.9328909347664207
vggss,C3,12345,best,4567,puWLQ77Iq74_000064,0.9868367346938776,0.6995918367346938,0.1741575971275467,0.037224773455404495,4.678540148436055
vggss,C3,12345,best,4568,puoRo9q7-ec_000009,0.9591836734693877,0.3023469387755102,0.0907480052420722,0.022306237676017745,4.06827931093188
vggss,C3,12345,best,4569,pv6hda1OnnI_000037,0.9968367346938776,0.17438775510204083,0.21537978573625943,0.009051128861508485,23.795903144435364
vggss,C3,12345,best,4570,px6RnApJYgk_000040,0.9896938775510205,0.42020408163265305,0.1353333025692994,0.020034680089495376,6.754952011450267
vggss,C3,12345,best,4571,pxEmmUYLHrE_000030,0.9861224489795918,0.9141836734693878,0.16523023514939195,0.05123220455209787,3.225124442602696
vggss,C3,12345,best,4572,pyDI0mBb2Gc_000005,0.9655102040816327,0.5503061224489796,0.10581958793843009,0.02646525390121703,3.9984346393730945
vggss,C3,12345,best,4573,pzRIDUOCOlA_000471,0.9945918367346939,0.7246938775510204,0.09846497283656572,0.020954939651853226,4.698890785297853
vggss,C3,12345,best,4574,q0m71v7DDXc_000087,0.9923469387755102,0.8615306122448979,0.14374219970906502,0.03109005851669912,4.623413610876868
vggss,C3,12345,best,4575,q1gQRZ3Hi1I_000030,0.9661224489795919,0.7086734693877551,0.08323014227236615,0.025934856705817837,3.2092000050918172
vggss,C3,12345,best,4576,q221aOp6MDo_000022,0.9939795918367347,0.9262244897959183,0.12635632022450227,0.04101636700580402,3.080631695308905
vggss,C3,12345,best,4577,q221aOp6MDo_000033,0.9915306122448979,0.9285714285714286,0.1304088495313828,0.048072608613015703,2.712747514518579
vggss,C3,12345,best,4578,q2ATPV_el44_000080,0.9955102040816326,0.8924489795918368,0.18356736726469447,0.0338736905634953,5.4191723491304415
vggss,C3,12345,best,4579,q3Q0g4kRlmU_000002,0.9937755102040816,0.8783673469387755,0.12158405669792861,0.03104566787937822,3.9162970231569614
vggss,C3,12345,best,4580,q3W8UiycXe8_000340,0.9924489795918368,0.7933673469387755,0.140447115933671,0.018361551273992697,7.64897877297548
vggss,C3,12345,best,4581,q3kIovi3flQ_000018,0.996734693877551,0.866938775510204,0.15442122659440494,0.018500769535883584,8.346746133715886
vggss,C3,12345,best,4582,q45BrzW-_xQ_000020,0.9926530612244898,0.6828571428571428,0.1400812060400292,0.017546347091470443,7.983496810462896
vggss,C3,12345,best,4583,q4pqpYX6b7U_000030,0.9243877551020409,0.634795918367347,0.10916399950810568,0.040728189489018324,2.6803057262719703
vggss,C3,12345,best,4584,q797zkZNePo_000206,0.9865306122448979,0.08938775510204082,0.10118703195832805,0.015929200845176968,6.352298080852273
vggss,C3,12345,best,4585,q7xg-g9opJY_000117,0.995,0.8483673469387755,0.1932314624173803,0.030668838713820104,6.3005796932997535
vggss,C3,12345,best,4586,qAOjOLJDHYw_000030,0.9716326530612245,-0.09163265306122449,0.08549924063339207,0.01614363873670821,5.296156710877061
vggss,C3,12345,best,4587,qAQuljp-atA_000030,0.9739795918367347,0.9342857142857143,0.13186180128342767,0.0483526493898958,2.727085339629449
vggss,C3,12345,best,4588,qAyPuWeUDxc_000000,0.991938775510204,0.3019387755102041,0.11306112766135765,0.01815059988231827,6.229057353167603
vggss,C3,12345,best,4589,qC9C5ejBrzg_000126,0.9879591836734694,-0.02193877551020408,0.09603435287899698,0.013673795093096566,7.023240601834194
vggss,C3,12345,best,4590,qCUcATSMC9M_000048,0.9541836734693877,0.2479591836734694,0.05898509475050214,0.013710377516115438,4.302222508546532
vggss,C3,12345,best,4591,qDXFW2kemrE_000310,0.9791836734693877,0.6905102040816327,0.11713992397355355,0.023759951485296343,4.930141547050071
vggss,C3,12345,best,4592,qEJ_jxZzt7k_000030,0.9901020408163266,0.8338775510204082,0.1644635815414539,0.0319560165721724,5.146560778938586
vggss,C3,12345,best,4593,qEm2BSgblJ8_000101,0.998061224489796,0.8030612244897959,0.1253110801149997,0.013605379777434305,9.210406630679941
vggss,C3,12345,best,4594,qEtEMpphMK0_000223,0.9894897959183674,0.95,0.1394365182643915,0.046357208024319634,3.0078713582414447
vggss,C3,12345,best,4595,qHDSQ2RC-sQ_000030,0.9927551020408163,0.7495918367346939,0.1391649118469259,0.02420760888294525,5.748808670854327
vggss,C3,12345,best,4596,qIKzxOrcrhE_000016,0.9735714285714285,0.4463265306122449,0.1404393723139167,0.01918406628733545,7.320625888716259
vggss,C3,12345,best,4597,qJCY09mrxtg_000216,0.9894897959183674,0.30704081632653063,0.16683679015849567,0.0168756174750904,9.886262852589455
vggss,C3,12345,best,4598,qJT2h5uGAC0_000930,0.9821428571428571,0.026326530612244898,0.11463222935434231,0.01985632928692172,5.773082612496978
vggss,C3,12345,best,4599,qK24rhShDUI_000098,0.9942857142857143,0.588469387755102,0.13232325605612966,0.01595384918901765,8.29412729733077
vggss,C3,12345,best,4600,qL-ifTe9Reg_000007,0.9898979591836735,0.9475510204081633,0.17438600152664135,0.04650988087491632,3.7494398662433706
vggss,C3,12345,best,4601,qLVjaU5V9f0_000150,0.9886734693877551,0.5116326530612245,0.10292015194978421,0.014259654609549725,7.217576776428956
vggss,C3,12345,best,4602,qMKO8bQpzMg_000090,0.9887755102040816,0.9142857142857143,0.1641277989525635,0.05675776525285768,2.8917241230582076
vggss,C3,12345,best,4603,qNj8RLCaoL4_000446,0.9922448979591837,0.5187755102040816,0.09213053556104728,0.014446154037475716,6.377513026792142
vggss,C3,12345,best,4604,qPLJ0Gbu5D8_000013,0.9894897959183674,0.3398979591836735,0.15535847819677492,0.02101165857700855,7.3939178874137905
vggss,C3,12345,best,4605,qPsoKSYzuyo_000010,0.9875510204081632,-0.3640816326530612,0.09600606655478361,0.011894832333734038,8.071241683878808
vggss,C3,12345,best,4606,qRW1-q1SU5U_000043,0.9960204081632653,0.8756122448979592,0.23517515637898886,0.026385774526595247,8.912952551078108
vggss,C3,12345,best,4607,qSSEMouWssA_000043,0.9798979591836735,0.9,0.14517442697541208,0.05176917598350022,2.804263815628084
vggss,C3,12345,best,4608,qShzBJddv_s_000027,0.9960204081632653,0.7606122448979592,0.15588535646899973,0.019304024450231893,8.075277612235263
vggss,C3,12345,best,4609,qUnSjSA4kK0_000526,0.9928571428571429,0.30479591836734693,0.1494731341965025,0.017996015198047086,8.305901753890673
vggss,C3,12345,best,4610,qUvHb5szJfs_000060,0.960204081632653,0.805,0.13700326132500804,0.06039176982243647,2.268575034774179
vggss,C3,12345,best,4611,qVT6GX1KHUY_000050,0.9776530612244898,0.8104081632653061,0.1666846640866471,0.06333568968689254,2.6317652008002503
vggss,C3,12345,best,4612,qV_QfHwVCVo_000016,0.9929591836734694,-0.14122448979591837,0.1216677099881167,0.011790443934846373,10.319179723888997
vggss,C3,12345,best,4613,qViEyqjnY3M_000159,0.965,0.5701020408163265,0.1126969122037207,0.03694110193860384,3.050718746588099
vggss,C3,12345,best,4614,qVvAWkoLOz0_000108,0.985,-0.043163265306122446,0.12708530658054545,0.014838470511266083,8.564582615442484
vggss,C3,12345,best,4615,qW4kBJsudLI_000030,0.9908163265306122,0.5622448979591836,0.17598339600266422,0.024947904417094775,7.054035203136223
vggss,C3,12345,best,4616,qWLvv_rrSH4_000030,0.9943877551020408,0.8925510204081633,0.141226827758021,0.03494631051097405,4.041251442371066
vggss,C3,12345,best,4617,qWo7zzrDqEU_000427,0.9883673469387755,-0.19785714285714287,0.10172969067511196,0.011684493807987695,8.706384063087784
vggss,C3,12345,best,4618,qX0k93co9R0_000082,0.9892857142857143,0.3007142857142857,0.09247071233577595,0.010257181534915309,9.015216511573563
vggss,C3,12345,best,4619,qXedsy6pIEg_000002,0.9683673469387755,0.09010204081632653,0.11894620015225842,0.02398525427769305,4.959138593034708
vggss,C3,12345,best,4620,qY0tqG5jmfs_000043,0.9767346938775511,0.721530612244898,0.12460017175970753,0.029258662747064904,4.2585737030038
vggss,C3,12345,best,4621,qYjhJeSVJ2A_000030,0.9886734693877551,0.8430612244897959,0.11843261000261343,0.019710107718337103,6.008724644991708
vggss,C3,12345,best,4622,qaZYMjKrUCo_000460,0.9016326530612245,-0.07928571428571428,0.06221247719638462,0.021404632038261782,2.906495990455566
vggss,C3,12345,best,4623,qae-O4JFM0M_000135,0.9505102040816327,0.8231632653061225,0.07811251419123924,0.03672895715365328,2.126728343101615
vggss,C3,12345,best,4624,qazCqvKglIs_000203,0.9968367346938776,0.4513265306122449,0.1548300690230495,0.010012508376805286,15.463664368234115
vggss,C3,12345,best,4625,qbRZ67ynqp0_000050,0.9966326530612245,0.8835714285714286,0.15106040855089115,0.019202530700410333,7.866692724395081
vggss,C3,12345,best,4626,qcBV8r9ADAw_000108,0.9854081632653061,0.40908163265306124,0.15075986679126166,0.0232001367847746,6.4982318074176115
vggss,C3,12345,best,4627,qdfN5FWH1-E_000227,0.975,0.8080612244897959,0.16858306763383582,0.06908501127693234,2.4402263894560026
vggss,C3,12345,best,4628,qe9i9yZsA_4_000040,0.9874489795918368,0.541530612244898,0.1508392845123012,0.020130475568747353,7.493081025193454
vggss,C3,12345,best,4629,qfCsJyj-gJo_000024,0.9709183673469388,0.8040816326530612,0.10861874557998522,0.044939431429850414,2.4170031111661254
vggss,C3,12345,best,4630,qfhr7pKsEag_000030,0.9838775510204082,0.5973469387755102,0.11829768506320071,0.023103905669658874,5.120246193636201
vggss,C3,12345,best,4631,qfwEfapK0go_000038,0.9952040816326531,0.8614285714285714,0.20715567757438413,0.025562099667695126,8.104016503627962
vggss,C3,12345,best,4632,qhOBY9WjMU0_000381,0.9935714285714285,0.5598979591836735,0.15472242904743572,0.013903872356620823,11.12800988666723
vggss,C3,12345,best,4633,qhOaqSH-x5E_000030,0.9625510204081633,0.21877551020408162,0.08207919437862342,0.016337815466881997,5.023878164434176
vggss,C3,12345,best,4634,qhvy5UeP_fk_000007,0.9922448979591837,0.8197959183673469,0.14964776163684723,0.03111115276037984,4.810100184632958
vggss,C3,12345,best,4635,qhyrLOJ7LcQ_000440,0.9890816326530613,0.6575510204081633,0.1567209039298343,0.028330124737825126,5.531952484508037
vggss,C3,12345,best,4636,qigQFZRmydQ_000191,0.9974489795918368,0.7418367346938776,0.17001993908615476,0.015576448910831854,10.915192548663835
vggss,C3,12345,best,4637,qilVdOks5WY_000030,0.9912244897959184,0.8420408163265306,0.12539595002897172,0.02192722158626093,5.718734110277875
vggss,C3,12345,best,4638,qjjP3COeDwk_000091,0.9894897959183674,0.3737755102040816,0.08670406732414723,0.010963772278116618,7.908233145010328
vggss,C3,12345,best,4639,qkmZcE3ECqk_000066,0.9873469387755102,0.6944897959183673,0.0699262479327894,0.016384068009158426,4.2679417525428835
vggss,C3,12345,best,4640,qkvIEmIRP4g_000030,0.986938775510204,0.593469387755102,0.11061770979416653,0.017107588305593904,6.466002560863377
vggss,C3,12345,best,4641,qm0u7bsHQeI_000044,0.9784693877551021,0.24571428571428572,0.1086669272566995,0.014376520435676148,7.5586389448615385
vggss,C3,12345,best,4642,qnPXk4FMUhA_000037,0.9901020408163266,-0.024285714285714285,0.11218374222967183,0.012844190328254968,8.734201172874808
vggss,C3,12345,best,4643,qnRL01qPRA4_000100,0.9940816326530613,0.3946938775510204,0.1579971950724321,0.013867999793528327,11.39293318609389
vggss,C3,12345,best,4644,qo9E1wNhdvQ_000299,0.9826530612244898,-0.20714285714285716,0.10129874196417454,0.016220487765646587,6.2451107160116
vggss,C3,12345,best,4645,qoVQyvJcKkQ_000460,0.9922448979591837,-0.1903061224489796,0.16766315030245635,0.01713655108382649,9.783949493821844
vggss,C3,12345,best,4646,qrZAB7XymYU_000022,0.9938775510204082,0.815,0.1661266054785661,0.028738137666561695,5.780701846656645
vggss,C3,12345,best,4647,qrZAB7XymYU_000109,0.9946938775510205,0.7859183673469388,0.1698337622216792,0.02255736532678463,7.52897156921152
vggss,C3,12345,best,4648,qu14BGKi1lc_000030,0.981938775510204,0.4421428571428571,0.08168029490096454,0.012247439084754187,6.669173395003165
vggss,C3,12345,best,4649,qu3cJGVvvWs_000110,0.9645918367346938,0.5935714285714285,0.14783354991775927,0.04436040042490968,3.332556706019866
vggss,C3,12345,best,4650,qu3cJGVvvWs_000237,0.9834693877551021,0.7470408163265306,0.124069589109774,0.026952243436530247,4.603312128800895
vggss,C3,12345,best,4651,qwoyjr7tSBA_000531,0.9913265306122448,0.5916326530612245,0.15970823793525207,0.017908302855473124,8.91811129307779
vggss,C3,12345,best,4652,qxnBcZ0CETg_000171,0.9773469387755102,0.7386734693877551,0.14210160937223354,0.04391724788610544,3.235667447576826
vggss,C3,12345,best,4653,r-5NCjm4GlQ_000053,0.9791836734693877,0.5134693877551021,0.1323139189980819,0.02601572335958033,5.085921201163031
vggss,C3,12345,best,4654,r-QpsjA-LHo_000054,0.9848979591836735,-0.27540816326530615,0.12680631262693012,0.01734572088612634,7.310524218590064
vggss,C3,12345,best,4655,r0Xvr8maR34_000000,0.9810204081632653,0.43448979591836734,0.13508222526084873,0.03169886137924628,4.261422000138121
vggss,C3,12345,best,4656,r1am09HyMkA_000040,0.993265306122449,-0.8457142857142858,0.14173177921396643,0.02950825259172392,4.803123423639035
vggss,C3,12345,best,4657,r1j1X3KJibM_000194,0.9701020408163266,0.8218367346938775,0.10041422619711801,0.03188603739421124,3.1491597703309395
vggss,C3,12345,best,4658,r38dp-thzOc_000206,0.9826530612244898,0.18510204081632653,0.1227755872067366,0.020791339206559224,5.90513126581108
vggss,C3,12345,best,4659,r3LmyYHbT4o_000005,0.9961224489795918,0.931734693877551,0.19759762188449465,0.05036481883089528,3.9233263708928976
vggss,C3,12345,best,4660,r3h6brMAl5w_000239,0.985204081632653,0.6570408163265307,0.11072524757134707,0.01713678525757831,6.461261310512228
vggss,C3,12345,best,4661,r4BoQxrLtic_000030,0.9208163265306123,0.21387755102040817,0.07967646627959404,0.029230344571294916,2.7258134465455037
vggss,C3,12345,best,4662,r6bYfNqe_iQ_000435,0.9911224489795918,0.8580612244897959,0.15021516604199608,0.0321168667355961,4.677142614148847
vggss,C3,12345,best,4663,r6lXYeXskDA_000014,0.9890816326530613,0.7640816326530612,0.15980942433434198,0.029009004919089414,5.508959193191049
vggss,C3,12345,best,4664,r8EDAvs9gLg_000027,0.99,0.5510204081632653,0.097312740101774,0.012577350326058006,7.7371415742598435
vggss,C3,12345,best,4665,r93h4dD3XRU_000020,0.9895918367346939,0.7244897959183674,0.12560047112997938,0.023731725821548418,5.292513156204345
vggss,C3,12345,best,4666,r9lsNndMDIU_000052,0.9756122448979592,0.7247959183673469,0.12581864746044824,0.03579163708326474,3.515308538912232
vggss,C3,12345,best,4667,rCB9BicDeyE_000056,0.9824489795918367,0.4498979591836735,0.0828980661078976,0.015215334919503425,5.448323454361601
vggss,C3,12345,best,4668,rCfU5yBlw7U_000108,0.998061224489796,0.6709183673469388,0.18033575903863247,0.01589382505881113,11.346278090475076
vggss,C3,12345,best,4669,rFwJ2L-geWw_000030,0.9545918367346938,0.601938775510204,0.12350540509198334,0.030751296231616834,4.016266636754053
vggss,C3,12345,best,4670,rI99Dvpxo2w_000131,0.9953061224489796,0.8181632653061225,0.13071559649279077,0.022995528896125404,5.6843918260482145
vggss,C3,12345,best,4671,rIReA3dk0EA_000296,0.9796938775510204,0.621938775510204,0.16485939746419315,0.04304184714745485,3.8302119539482082
vggss,C3,12345,best,4672,rISwHbEC01M_000016,0.9727551020408163,0.8444897959183674,0.12458222476199778,0.03750311826073363,3.32191643094482
vggss,C3,12345,best,4673,rKwsKLBKTIY_000059,0.9951020408163266,0.6362244897959184,0.14495441754341487,0.014262256363509581,10.163498246622826
vggss,C3,12345,best,4674,rLa17dibI70_000175,0.9861224489795918,-0.06091836734693878,0.09829772201328876,0.015201004548613454,6.466528031021141
vggss,C3,12345,best,4675,rLe9N0YyjqY_000006,0.9926530612244898,-0.5603061224489796,0.1491627049549025,0.02224880148452416,6.704302928796287
vggss,C3,12345,best,4676,rLmNuF9xTPI_000030,0.9823469387755102,0.2580612244897959,0.13704739763719934,0.027394997944858064,5.002643107075779
vggss,C3,12345,best,4677,rM0mOUPtSpU_000060,0.9811224489795919,0.2479591836734694,0.09700165912591482,0.014968135504320962,6.480543892585195
vggss,C3,12345,best,4678,rMrXgKbKssw_000051,0.991938775510204,0.3028571428571429,0.15049384605972613,0.01973699918227979,7.624960849916944
vggss,C3,12345,best,4679,rMwYBw7zMmY_000073,0.9826530612244898,0.6468367346938776,0.1730802468277414,0.034603904986542436,5.001754770019535
vggss,C3,12345,best,4680,rNQ0EBdxPvM_000030,0.995,-0.26510204081632655,0.12798080412589424,0.013299993375067922,9.622621644745042
vggss,C3,12345,best,4681,rNyJbdv2KF4_000060,0.9909183673469387,-0.3143877551020408,0.13531526095533616,0.017844774784522177,7.582906626129182
vggss,C3,12345,best,4682,rO0jmZHwV8Q_000120,0.99,0.4514285714285714,0.12252004649071056,0.015458773088681897,7.925599644153734
vggss,C3,12345,best,4683,rOQt6_E-x_0_000000,0.9896938775510205,0.46438775510204083,0.15326191887749346,0.019060228731310632,8.040927579516763
vggss,C3,12345,best,4684,rOolowH8rI4_000023,0.9926530612244898,0.6748979591836735,0.11172671969868718,0.03535475553701553,3.160161002434655
vggss,C3,12345,best,4685,rPGgxEE2hjk_000091,0.9821428571428571,0.5053061224489795,0.14049638971926515,0.02539336150146903,5.532799968650756
vggss,C3,12345,best,4686,rPGgxEE2hjk_000118,0.9978571428571429,-0.503265306122449,0.1713822855764891,0.011574027546767056,14.807488999312161
vggss,C3,12345,best,4687,rQ3IPqTLi-I_000058,0.9857142857142858,0.6346938775510204,0.1093333843261386,0.020918334583150854,5.226677290753521
vggss,C3,12345,best,4688,rQUz1GGqc6E_000333,0.9883673469387755,0.9113265306122449,0.1697950300929784,0.053441794725839195,3.1771955070753304
vggss,C3,12345,best,4689,rREf2jL0jQs_000010,0.985,0.29846938775510207,0.14501952538707383,0.02181581722158226,6.64744867974081
vggss,C3,12345,best,4690,rRzWGIhwWAI_000030,0.9927551020408163,0.8071428571428572,0.17192250540569476,0.028614350580841264,6.008261655981998
vggss,C3,12345,best,4691,rTh92nlG9io_000030,0.9925510204081632,0.7705102040816326,0.13898231680617829,0.02851101786682711,4.874688005014573
vggss,C3,12345,best,4692,rUU-ScAcnW4_000030,0.9946938775510205,0.3807142857142857,0.21773548909098184,0.022058787088209703,9.870691811852168
vggss,C3,12345,best,4693,rXHHLtG_iGQ_000562,0.9672448979591837,0.4663265306122449,0.06877694560961185,0.01639798811191509,4.194230727587686
vggss,C3,12345,best,4694,rYmiCpCbsm0_000020,0.9934693877551021,0.5620408163265306,0.1763199456400539,0.020684374070000778,8.524306563174008
vggss,C3,12345,best,4695,raCETItMU_g_000299,0.9942857142857143,0.8604081632653061,0.1851303129626926,0.04195042740055173,4.413073344760673
vggss,C3,12345,best,4696,raCIGB3B4mg_000271,0.9948979591836735,0.5137755102040816,0.1189709845771958,0.013082240373219351,9.094083366694688
vggss,C3,12345,best,4697,raCIGB3B4mg_000286,0.988265306122449,0.5760204081632653,0.10535804062570499,0.014683481270504903,7.1752766721159285
vggss,C3,12345,best,4698,raIIQCRNwu0_000080,0.9912244897959184,0.9263265306122449,0.16542632159748027,0.044725287509332017,3.698720138198413
vggss,C3,12345,best,4699,rajXrf_Dzfw_000029,0.9868367346938776,0.49173469387755103,0.14250342992803186,0.02386896938664521,5.9702380785557985
vggss,C3,12345,best,4700,rcaxwyTo-E4_000150,0.9894897959183674,0.30612244897959184,0.1497630550016208,0.015157344467356091,9.880560234291758
vggss,C3,12345,best,4701,rdVo1ikBoJA_000000,0.9865306122448979,0.22224489795918367,0.13186695304197435,0.020231842384088643,6.51779262306241
vggss,C3,12345,best,4702,res8Qtx-MHE_000020,0.9868367346938776,0.6541836734693878,0.12315121012429801,0.026358162570868374,4.672222875672201
vggss,C3,12345,best,4703,rf_2xYkZcM4_000030,0.9965306122448979,0.6744897959183673,0.15661852192179712,0.01585137826620759,9.880435586833535
vggss,C3,12345,best,4704,rfa-iUp5UQc_000050,0.9874489795918368,0.828469387755102,0.15415793175194079,0.0447462416797178,3.4451593243375385
vggss,C3,12345,best,4705,rg4bhfytF9A_000039,0.9936734693877551,0.8259183673469388,0.18709961544188924,0.0462552562943202,4.044937385091599
vggss,C3,12345,best,4706,rglibN33aks_000012,0.9470408163265306,0.5862244897959183,0.06432046711732607,0.01959316313295223,3.2828015915995943
vggss,C3,12345,best,4707,rgqJFceVM2I_000066,0.9839795918367347,0.684795918367347,0.16099372962105155,0.025695967995171463,6.265330407140293
vggss,C3,12345,best,4708,rhAwhUVsWRo_000005,0.9903061224489796,0.673469387755102,0.15166022687430092,0.021019067088713213,7.215364327741225
vggss,C3,12345,best,4709,rhT8kzRAEEM_000117,0.9876530612244898,0.7968367346938775,0.18861283327754283,0.0477528351557571,3.949772461935249
vggss,C3,12345,best,4710,rhWrIKdn8ic_000116,0.9925510204081632,0.35959183673469386,0.15706107100518024,0.019047759373754525,8.245645481094806
vggss,C3,12345,best,4711,rjGjz5DolWA_000030,0.9895918367346939,0.20091836734693877,0.151383636919578,0.01411859040658005,10.722291146644839
vggss,C3,12345,best,4712,rjYPJUBcoN8_000050,0.9959183673469387,0.8838775510204082,0.21482631935227256,0.03796282214699064,5.6588606221232185
vggss,C3,12345,best,4713,rkMa9cC-zDQ_000022,0.9806122448979592,0.7930612244897959,0.11266170240232623,0.03139762776074395,3.588223392570623
vggss,C3,12345,best,4714,rkQr7lgIjpY_000179,0.9910204081632653,0.22122448979591836,0.09521919694621703,0.010474773615146059,9.090334592867409
vggss,C3,12345,best,4715,rkaM1yOncZ4_000000,0.9928571428571429,0.4026530612244898,0.11672052312482348,0.014408704930068022,8.100694940407282
vggss,C3,12345,best,4716,rmL21Z7wZuk_000020,0.9764285714285714,0.2630612244897959,0.09686872049726512,0.02094482725433528,4.62494721589144
vggss,C3,12345,best,4717,rmzYDIM8xsM_000028,0.9915306122448979,0.4763265306122449,0.1727088746234837,0.018192193255169627,9.493570797155284
vggss,C3,12345,best,4718,ro_xNfE2_8Q_000219,0.9906122448979592,0.47836734693877553,0.16499009795306085,0.01622759076079981,10.167257751632443
vggss,C3,12345,best,4719,rpoClsGXZWA_000000,0.9948979591836735,0.7425510204081632,0.17276447576062468,0.023764688382936973,7.269797650057529
vggss,C3,12345,best,4720,rq4oQdSxrnI_000079,0.9946938775510205,0.9636734693877551,0.2107966808795883,0.04340017653370908,4.857046623205823
vggss,C3,12345,best,4721,rqNRRqAjk6g_000533,0.9825510204081632,-0.13306122448979593,0.11563566023707554,0.02016115800531044,5.735566389917541
vggss,C3,12345,best,4722,rrWsWt-rDrQ_000100,0.9735714285714285,0.8802040816326531,0.16868552756856922,0.03769278116479683,4.47527410702485
vggss,C3,12345,best,4723,rtmgVQY5idQ_000004,0.9948979591836735,0.2860204081632653,0.18546845884931784,0.013215199500121117,14.034480436532043
vggss,C3,12345,best,4724,ruK8QzIWrSY_000080,0.9946938775510205,0.7425510204081632,0.13506131976585894,0.02033716650481471,6.641108029178201
vggss,C3,12345,best,4725,rvjDcbLtU5I_000079,0.9948979591836735,0.6618367346938776,0.1661659742391272,0.01563281697157702,10.629304657071321
vggss,C3,12345,best,4726,rwka0Ui94-w_000235,0.9893877551020408,0.3942857142857143,0.14569142961333617,0.018164877343176684,8.020501700115393
vggss,C3,12345,best,4727,rwmtZb4cEiY_000031,0.9695918367346938,0.44387755102040816,0.11398168992288499,0.02342863613946986,4.8650586933168425
vggss,C3,12345,best,4728,ryWnOaICR80_000014,0.9886734693877551,0.40224489795918367,0.10544354759889493,0.013692261711720142,7.7009591124480625
vggss,C3,12345,best,4729,ryskM4LGrtk_000530,0.9927551020408163,0.730204081632653,0.15063788632444822,0.02157371078640787,6.982474541160296
vggss,C3,12345,best,4730,rzxqz7XqLHA_000220,0.9879591836734694,0.8547959183673469,0.20351363941143946,0.03963198431083272,5.13508578867227
vggss,C3,12345,best,4731,s-5NrplJjlg_000383,0.9789795918367347,0.8885714285714286,0.13740327616940134,0.0384675037583478,3.571931182032668
vggss,C3,12345,best,4732,s2N0szde6QA_000196,0.9794897959183674,0.41153061224489795,0.07663562521095188,0.015545864080501728,4.929647191954514
vggss,C3,12345,best,4733,s2avsLDhTUM_000062,0.9947959183673469,0.6048979591836735,0.17264383955660634,0.015889983257539823,10.864947857933492
vggss,C3,12345,best,4734,s2rKr07YOiM_000110,0.9912244897959184,0.7091836734693877,0.14521595518197314,0.016274568113026047,8.922876120180623
vggss,C3,12345,best,4735,s477WHLPoOU_000000,0.981734693877551,0.4179591836734694,0.14187956318198122,0.028012311120550935,5.064900306561738
vggss,C3,12345,best,4736,s5YKy0zJOIk_000040,0.9735714285714285,0.7080612244897959,0.09152852026307122,0.024724481625036536,3.701938898099586
vggss,C3,12345,best,4737,s87IYYmn1fQ_000060,0.9894897959183674,0.7960204081632654,0.16043657426660957,0.046189891042711186,3.4734131353169024
vggss,C3,12345,best,4738,s9EclzUqn9o_000157,0.9341836734693878,0.7031632653061225,0.109525718334256,0.04505340198209327,2.4310199344721544
vggss,C3,12345,best,4739,s9GDIk99v54_000045,0.9881632653061224,0.8697959183673469,0.16938346237874266,0.04476713047207463,3.7836569061401573
vggss,C3,12345,best,4740,s9PftT7RgGo_000135,0.9938775510204082,0.8467346938775511,0.20704174843215128,0.024574216379193447,8.425161772704575
vggss,C3,12345,best,4741,s9d-2nhuJCQ_000030,0.9959183673469387,0.9656122448979592,0.1447773481911674,0.051793096737027255,2.7953020250218987
vggss,C3,12345,best,4742,sAL3qAUtF20_000101,0.9927551020408163,0.763265306122449,0.1659164841566982,0.024772140488519254,6.697704795982117
vggss,C3,12345,best,4743,sAMjMyCdGOc_000030,0.9756122448979592,0.36051020408163265,0.09713439283802794,0.018467786101339645,5.259666334936695
vggss,C3,12345,best,4744,sE7fflraCpY_000009,0.9822448979591837,0.5701020408163265,0.10554710858247968,0.021288299835890614,4.957986753105313
vggss,C3,12345,best,4745,sFhwuCH4-J8_000200,0.9963265306122449,0.7758163265306123,0.1667637116409214,0.015468843365685003,10.780619319661502
vggss,C3,12345,best,4746,sH9j4mHGGkQ_000120,0.9885714285714285,0.8852040816326531,0.18112032579905094,0.06727943588012884,2.692060708144928
vggss,C3,12345,best,4747,sI2qIWCfEJ8_000025,0.9901020408163266,0.23938775510204083,0.17903620860578215,0.017306740662429546,10.344883077519276
vggss,C3,12345,best,4748,sI5ZziqZ9jI_000030,0.9855102040816327,0.8404081632653061,0.15130854588709453,0.04479809222193329,3.3775667306879953
vggss,C3,12345,best,4749,sIvDDObKvoI_000130,0.995,0.4395918367346939,0.1706689232700205,0.014537441774436796,11.739955758249804
vggss,C3,12345,best,4750,sK43mohcBSA_000077,0.9990816326530613,0.9451020408163265,0.16346923897278304,0.02766331512872924,5.909242555062209
vggss,C3,12345,best,4751,sNuctsHhAJg_000047,0.991734693877551,0.853265306122449,0.18037928262636757,0.07195342781166936,2.506889360413678
vggss,C3,12345,best,4752,sP0anQjatZQ_000032,0.9914285714285714,0.8598979591836735,0.17466517834090686,0.027182551365953957,6.425635915827766
vggss,C3,12345,best,4753,sQ3NiBJoqtc_000112,0.9935714285714285,0.4954081632653061,0.16225152370535423,0.014008429315750137,11.582420844493216
vggss,C3,12345,best,4754,sQNdEhz_yNg_000110,0.9792857142857143,0.7610204081632653,0.1062096703525609,0.029866068429452827,3.5561985871505204
vggss,C3,12345,best,4755,sRKyvq20rY4_000002,0.9942857142857143,0.9418367346938775,0.14401411483684654,0.02451165990226255,5.875330981707743
vggss,C3,12345,best,4756,sS4SfCOFWxw_000030,0.9965306122448979,-0.6153061224489796,0.11223722415553498,0.008710174986130767,12.885759968571309
vggss,C3,12345,best,4757,sUktuuWltHc_000010,0.9940816326530613,0.8807142857142857,0.1791470630030804,0.03137579958836843,5.709721038296451
vggss,C3,12345,best,4758,sWXpzTZWNAI_000030,0.9954081632653061,0.5818367346938775,0.1533218127707119,0.020442491209279722,7.500153048915711
vggss,C3,12345,best,4759,sYIymaJi6tc_000090,0.9829591836734693,0.7030612244897959,0.12452944950120629,0.03483978633171168,3.5743459594026783
vggss,C3,12345,best,4760,sZxl2Jj1Ujk_000317,0.9842857142857143,0.7205102040816327,0.09882588091242958,0.02323331062061819,4.253628874772907
vggss,C3,12345,best,4761,sbZ5Ls141fg_000030,0.9829591836734693,0.6318367346938776,0.09851551753884273,0.020624620207955156,4.776597898313985
vggss,C3,12345,best,4762,sbkfFiRlJXc_000021,0.9922448979591837,0.30857142857142855,0.10553818511966645,0.007995890182851047,13.199053852192268
vggss,C3,12345,best,4763,sbpW3Z87Nbc_000030,0.9939795918367347,0.3353061224489796,0.1792463263973237,0.01555221135922229,11.525455914732834
vggss,C3,12345,best,4764,sdJgpGJBQcI_000560,0.993265306122449,0.6587755102040816,0.15851615126835983,0.01875887697917079,8.45019408381273
vggss,C3,12345,best,4765,sg_uyXvNPAw_000047,0.9444897959183673,0.7764285714285715,0.07750974203330074,0.029065049588169883,2.6667679268246944
vggss,C3,12345,best,4766,sgkwq9a7mgU_000000,0.9923469387755102,-0.45816326530612245,0.11640274389860801,0.01169971071981688,9.949198461928288
vggss,C3,12345,best,4767,skSyu-Q5nZI_000000,0.9687755102040816,0.7416326530612245,0.10618040073056778,0.040026078939414136,2.6527804757315545
vggss,C3,12345,best,4768,smJRVhMRxIQ_000007,0.9873469387755102,0.3310204081632653,0.13611025711356284,0.019518835457292747,6.973277550875019
vggss,C3,12345,best,4769,snR9TvRupjU_000000,0.988265306122449,0.43673469387755104,0.05166360889127759,0.007905751712714376,6.534939467955959
vggss,C3,12345,best,4770,sosmMya-v6k_000782,0.9959183673469387,-0.8878571428571429,0.1500125160576286,0.022274565405113685,6.73470001902661
vggss,C3,12345,best,4771,st6A74RGLmY_000037,0.9923469387755102,0.7415306122448979,0.110346430090344,0.02100291951497961,5.25386149347681
vggss,C3,12345,best,4772,svnqpdO-7fc_000066,0.9913265306122448,0.7720408163265307,0.1531971825845958,0.02752075871479919,5.566604619160247
vggss,C3,12345,best,4773,sxP8Z_FiKw8_000030,0.991938775510204,0.8666326530612245,0.15587593672408212,0.027724839396654658,5.622248500486912
vggss,C3,12345,best,4774,syIwNMo2TUA_000000,0.9952040816326531,0.5674489795918367,0.14966189298497026,0.01390921732923522,10.759907580881778
vggss,C3,12345,best,4775,syJs8zsdI8o_000034,0.9801020408163266,0.8627551020408163,0.12539685699219003,0.041063949671255706,3.053696928719119
vggss,C3,12345,best,4776,syn7nPwCkGU_000013,0.9823469387755102,0.20806122448979592,0.11461917343247946,0.018906604336752945,6.0623881153353825
vggss,C3,12345,best,4777,t-6BSzXBNbM_000051,0.9837755102040816,0.17030612244897958,0.14004619858340794,0.019561153061673813,7.159404056696464
vggss,C3,12345,best,4778,t-yy7v7P0IE_000100,0.958469387755102,0.5196938775510204,0.10738320394420603,0.029035356678830355,3.6983600763719564
vggss,C3,12345,best,4779,t0E2aNbebu0_000010,0.9783673469387755,-0.5224489795918368,0.1026452652874544,0.023681492958598244,4.334408538638444
vggss,C3,12345,best,4780,t1nkAcgSC3E_000205,0.9906122448979592,0.6601020408163265,0.1587809038944986,0.028534426205701846,5.56453817398895
vggss,C3,12345,best,4781,t4h65x4f46I_000049,0.9768367346938776,0.06408163265306123,0.08442686937748775,0.02274086406247344,3.712562070884872
vggss,C3,12345,best,4782,t5kpBQv8trY_000015,0.9862244897959184,0.8789795918367347,0.109541964490468,0.019617387753004794,5.583922073095051
vggss,C3,12345,best,4783,t6jlx6jAb-Q_000070,0.9940816326530613,0.9498979591836735,0.15577829133655988,0.053347069707830305,2.920090872651899
vggss,C3,12345,best,4784,t8BwqzzqcDs_000108,0.9863265306122448,-0.4796938775510204,0.1510048230294133,0.023096325064110128,6.538045451397933
vggss,C3,12345,best,4785,t9PEpPvVNzI_000310,0.99,0.6080612244897959,0.11137691025083803,0.01789068747049221,6.225412546864741
vggss,C3,12345,best,4786,tB67geb0fVg_000063,0.9677551020408163,-0.17224489795918368,0.06330522752638656,0.013340490797126943,4.745344717003981
vggss,C3,12345,best,4787,tFVvupXoRoM_000030,0.9954081632653061,0.7372448979591837,0.21040049757594997,0.03192029685407857,6.59143298503085
vggss,C3,12345,best,4788,tGKi7ueROn8_000197,0.993265306122449,0.3680612244897959,0.1275931771562639,0.00951486989025738,13.409870931278961
vggss,C3,12345,best,4789,tGhxTy-CjV8_000010,0.9937755102040816,0.11479591836734694,0.17932213411239548,0.013189052865246067,13.596285945969623
vggss,C3,12345,best,4790,tHOs4zebKis_000270,0.9959183673469387,0.9156122448979592,0.17155476905854955,0.03417188536891808,5.020348371371736
vggss,C3,12345,best,4791,tI5h94hKdVs_000005,0.9937755102040816,0.8872448979591837,0.15091476316255903,0.0241232123737781,6.25599778438311
vggss,C3,12345,best,4792,tIPnM_oW39U_000173,0.9926530612244898,-0.45622448979591834,0.14086995406063557,0.010630668436955665,13.251279060771544
vggss,C3,12345,best,4793,tJT4SruI5Hs_000018,0.9918367346938776,0.3168367346938776,0.13310942371217002,0.016511879870982876,8.061433631556977
vggss,C3,12345,best,4794,tJeSG7_rM2I_000257,0.971530612244898,0.27448979591836736,0.08871172511400552,0.020166438792732645,4.398978224453514
vggss,C3,12345,best,4795,tMXsrzj5YYA_000030,0.9521428571428572,0.4503061224489796,0.14060361631343812,0.05221855334723067,2.692598842761599
vggss,C3,12345,best,4796,tMeM2z6NCL4_000030,0.9914285714285714,-0.19744897959183674,0.1542598001262822,0.01395079568089006,11.05741949454459
vggss,C3,12345,best,4797,tOTQJaRkmaY_000381,0.975204081632653,0.7741836734693878,0.13805396992427907,0.04144685062521485,3.330867553065461
vggss,C3,12345,best,4798,tPE0GmzqkRY_000030,0.9960204081632653,-0.7707142857142857,0.14655708955137392,0.015012531852679423,9.762316642493355
vggss,C3,12345,best,4799,tQi00qSZC60_000031,0.9898979591836735,0.37489795918367347,0.1666959083882016,0.02585976779749606,6.446148692964767
vggss,C3,12345,best,4800,tRYgfHwu-_U_000019,0.9931632653061224,0.7681632653061224,0.08933038391819816,0.01532463579678261,5.829201104861035
vggss,C3,12345,best,4801,tRsClUJDxCQ_000029,0.9920408163265306,0.6835714285714286,0.15371414456445015,0.02123690809807081,7.2380660995756605
vggss,C3,12345,best,4802,tSX2jYLgPng_000030,0.9973469387755102,0.13112244897959183,0.15367565953734283,0.008868725751146413,17.327817304247795
vggss,C3,12345,best,4803,tWi-PtHOMSE_000178,0.9942857142857143,-0.31214285714285717,0.1957207039004505,0.018138782856214095,10.790178450887584
vggss,C3,12345,best,4804,tXLaQKRWM8I_000000,0.9958163265306123,0.8820408163265306,0.1457541239508513,0.020442734554242007,7.129874115623457
vggss,C3,12345,best,4805,tYCgvipu3ko_000043,0.9940816326530613,0.7889795918367347,0.11702727147943015,0.016132781408068415,7.254004657925994
vggss,C3,12345,best,4806,tYEIYOHYtso_000000,0.9833673469387755,0.6041836734693877,0.11847457620920603,0.018821885812585256,6.294511473977171
vggss,C3,12345,best,4807,tZFs-kLTpyg_000003,0.9772448979591837,0.843469387755102,0.08397664393030416,0.025153504470926857,3.338566362685835
vggss,C3,12345,best,4808,t_RxQe51MVo_000010,0.9914285714285714,0.8713265306122449,0.13032974765046063,0.025615324129428425,5.087960120743894
vggss,C3,12345,best,4809,t_nChjR23qA_000031,0.9881632653061224,0.64,0.11134811524370034,0.013661555785252234,8.150471073280071
vggss,C3,12345,best,4810,t_nChjR23qA_000109,0.998265306122449,0.606326530612245,0.11023539266934837,0.009512317115429238,11.588700348366599
vggss,C3,12345,best,4811,tagcgGVNKZo_000023,0.9914285714285714,0.9093877551020408,0.1271359343173338,0.026592341658116893,4.780922866885909
vggss,C3,12345,best,4812,tcZ7hytrOO4_000319,0.9844897959183674,0.8536734693877551,0.15268525999608312,0.02902641905212559,5.260216898332902
vggss,C3,12345,best,4813,te8Yhl8mOyY_000040,0.9895918367346939,-0.3206122448979592,0.1676406844058344,0.014772543986643315,11.348125587401043
vggss,C3,12345,best,4814,telZ8Dc0i_M_000294,0.9963265306122449,0.4645918367346939,0.13699569210284346,0.012542942229874074,10.922133706121585
vggss,C3,12345,best,4815,teoER4j9H14_000290,0.9706122448979592,0.8071428571428572,0.07867473159210883,0.019977897943112544,3.93808857248829
vggss,C3,12345,best,4816,tf7iVpC0nrU_000337,0.9890816326530613,0.5015306122448979,0.11109493736953742,0.02100698793578428,5.2884753258839705
vggss,C3,12345,best,4817,tgPq6ApMOWk_000028,0.9925510204081632,0.2510204081632653,0.16565131917627668,0.014812772617501493,11.183005602918483
vggss,C3,12345,best,4818,tgRjq29TIJo_000010,0.9777551020408163,0.6061224489795919,0.10607627450548279,0.022746112510776656,4.663490275765846
vggss,C3,12345,best,4819,ti2rs-r9r3A_000001,0.9912244897959184,0.5442857142857143,0.12268764669469548,0.016496448850814582,7.437215597382176
vggss,C3,12345,best,4820,ti2rs-r9r3A_000110,0.9960204081632653,0.2592857142857143,0.1797977651741165,0.010001105520826814,17.97778903539178
vggss,C3,12345,best,4821,tiMD7FdhbPo_000050,0.9868367346938776,0.8192857142857143,0.11325157355692166,0.03577728436404178,3.1654603072877707
vggss,C3,12345,best,4822,tjKzkajbKc0_000030,0.9721428571428572,-0.06755102040816327,0.11374759993521859,0.025133241040466603,4.525783194935962
vggss,C3,12345,best,4823,tk1WqHXdPuY_000015,0.9901020408163266,0.6776530612244898,0.10971837248196893,0.018515823371913563,5.925654521440265
vggss,C3,12345,best,4824,tkq3HREJFi8_000071,0.9889795918367347,0.8706122448979592,0.13094616339870832,0.03329123377259575,3.933352674555994
vggss,C3,12345,best,4825,tlFgdrl3NQA_000065,0.9466326530612245,0.24142857142857144,0.05777693539875556,0.018959223214692462,3.0474315716680462
vggss,C3,12345,best,4826,tlovZjft0Gw_000245,0.9489795918367347,0.7027551020408164,0.1239615678707991,0.03402678235149904,3.6430587703023884
vggss,C3,12345,best,4827,tm0Em1IlvsA_000318,0.9909183673469387,-0.31918367346938775,0.16117846484278764,0.021072840058207493,7.648635134019893
vggss,C3,12345,best,4828,tnepPZChA5U_000219,0.9907142857142858,0.43448979591836734,0.13634911811488123,0.018774147916995446,7.262599544741528
vggss,C3,12345,best,4829,toTu8BntJPg_000017,0.9964285714285714,0.8297959183673469,0.19758872505836547,0.020880704387057306,9.462742319212126
vggss,C3,12345,best,4830,tpXTRVMDYsw_000041,0.9923469387755102,0.5356122448979592,0.13808071996674384,0.019765274744450285,6.986025833286951
vggss,C3,12345,best,4831,tpbdbCtj86c_000021,0.9942857142857143,0.8411224489795919,0.15557206749352653,0.0349161487117085,4.455590700395839
vggss,C3,12345,best,4832,tpkiIAELa1k_000071,0.9906122448979592,0.35061224489795917,0.19003404197554868,0.023886837232284963,7.955596637913308
vggss,C3,12345,best,4833,tptTsP3_G3w_000834,0.9855102040816327,0.6234693877551021,0.09386079220567078,0.014826675560661438,6.330535245183683
vggss,C3,12345,best,4834,tq3Hlgw2ZB0_000180,0.9380612244897959,0.0623469387755102,0.0667160426704189,0.017866529326453835,3.73413557000333
vggss,C3,12345,best,4835,trg8QrMK6dc_000002,0.9510204081632653,0.3333673469387755,0.06930268316532087,0.026161412582086558,2.649042093880448
vggss,C3,12345,best,4836,tsKGLd-n3HI_000025,0.9921428571428571,0.3516326530612245,0.17315888054683748,0.01941645085110728,8.918153058696749
vggss,C3,12345,best,4837,tu3g4ZBt3o0_000030,0.9573469387755102,0.3546938775510204,0.12405335513014001,0.038541087952351574,3.2187299767849686
vggss,C3,12345,best,4838,tw3R0zsmGho_000003,0.9834693877551021,0.23948979591836736,0.09208936491844172,0.01364105252441323,6.750898785385546
vggss,C3,12345,best,4839,twvjW7ymUIQ_004159,0.9766326530612245,0.7565306122448979,0.1005429955319578,0.028290831575845714,3.5539073944295043
vggss,C3,12345,best,4840,tyjP12Yob3I_000044,0.9719387755102041,-0.42520408163265305,0.1281525881285936,0.03147051675068143,4.072147564142514
vggss,C3,12345,best,4841,u-VdtPI08UM_000004,0.9964285714285714,0.8176530612244898,0.13704620962305356,0.02338852079935922,5.859550110018426
vggss,C3,12345,best,4842,u-__x3dDLSs_000047,0.9798979591836735,0.09295918367346939,0.11889633228713924,0.021334041170169883,5.573080661969701
vggss,C3,12345,best,4843,u0LKPT1u1E8_000039,0.9916326530612245,0.7974489795918367,0.14679088164807935,0.032415800649589,4.528374394785788
vggss,C3,12345,best,4844,u0VZUjxb4p8_000157,0.9669387755102041,-0.16255102040816327,0.12925712853862154,0.03196206078635564,4.04407992972094
vggss,C3,12345,best,4845,u0Ys0J4rvFQ_000023,0.9812244897959184,0.2123469387755102,0.05804750740105225,0.011821703855334162,4.910248819577745
vggss,C3,12345,best,4846,u0aPBeSCVvI_000000,0.993061224489796,0.4076530612244898,0.18941629317609823,0.021654854842889742,8.747059010570652
vggss,C3,12345,best,4847,u1J8YFkRSEs_000145,0.996734693877551,0.7748979591836734,0.15227841135887069,0.01485671285063263,10.249805114351817
vggss,C3,12345,best,4848,u1WvUkJWLjI_000020,0.9827551020408163,0.33908163265306124,0.06446053236549214,0.012596790213327958,5.117218852886036
vggss,C3,12345,best,4849,u2Nl7-qnStw_000026,0.9845918367346939,0.06510204081632653,0.11970433644001685,0.014837396086526494,8.067745562762031
vggss,C3,12345,best,4850,u3fTQHv01rE_000163,0.9940816326530613,-0.566734693877551,0.16558230698429904,0.02017730499939667,8.206363882057103
vggss,C3,12345,best,4851,u3lR-6BMyiQ_000278,0.9544897959183674,0.38846938775510204,0.12248218836016421,0.0295661174946968,4.142653778675321
vggss,C3,12345,best,4852,u5rQmh0SE1g_000102,0.9945918367346939,-0.29683673469387756,0.1500286264505286,0.012625769987418083,11.882730843349446
vggss,C3,12345,best,4853,u7eeBFLqfoM_000180,0.9862244897959184,-0.31081632653061225,0.10568481737597944,0.018934660723875365,5.581553264522866
vggss,C3,12345,best,4854,u7iDdlWkmAk_000023,0.936734693877551,0.605,0.08392014556477426,0.03258078221145478,2.575756009174928
vggss,C3,12345,best,4855,u8D5Z_glilQ_000001,0.988265306122449,0.18591836734693878,0.15402035516500026,0.025797129199380882,5.97044554743311
vggss,C3,12345,best,4856,uA6Ycad4cLg_000173,0.9860204081632653,0.1710204081632653,0.12238986117138811,0.020771716555286902,5.892139960875643
vggss,C3,12345,best,4857,uAcYglB_pRw_000390,0.9947959183673469,0.7805102040816326,0.11452609613729728,0.022326856038561098,5.1295218610044016
vggss,C3,12345,best,4858,uBRNy4AKKqA_000026,0.986734693877551,-0.4471428571428571,0.15994552310446708,0.022859519746948314,6.996889036823243
vggss,C3,12345,best,4859,uBRRkjFZnJ8_000091,0.9916326530612245,0.7853061224489796,0.1588779797980845,0.02541739203100401,6.250758520161546
vggss,C3,12345,best,4860,uCWzv5Ss-B0_000030,0.981326530612245,0.6361224489795918,0.14046609661219117,0.030418142443106103,4.617839398803462
vggss,C3,12345,best,4861,uEVID59IoHE_000030,0.9888775510204082,0.6820408163265306,0.15321398716658038,0.03059742903475977,5.007413759911783
vggss,C3,12345,best,4862,uEtmoOj6wHY_000086,0.9957142857142857,-0.295,0.12039264152245778,0.01257747154623262,9.57208617645567
vggss,C3,12345,best,4863,uG4Y4HedL60_000015,0.9894897959183674,0.6073469387755102,0.15058472060176878,0.027797885355498916,5.4171286296056484
vggss,C3,12345,best,4864,uH56Q1Cn8vs_000028,0.9911224489795918,0.7421428571428571,0.08529552996166685,0.014474877133558186,5.892660032596744
vggss,C3,12345,best,4865,uInycnRkFYk_000051,0.9844897959183674,0.7790816326530612,0.13901472813235782,0.024868107419763308,5.590080732154122
vggss,C3,12345,best,4866,uJkw2pAMaBI_000020,0.9353061224489796,0.45285714285714285,0.054613335589238005,0.019373909674480497,2.8189114384679526
vggss,C3,12345,best,4867,uLX_TWyRO4o_000013,0.9953061224489796,0.7883673469387755,0.13299665265781585,0.019349550153551127,6.873371814972537
vggss,C3,12345,best,4868,uLdRi__nG2c_000030,0.9961224489795918,0.9203061224489796,0.18862259545712334,0.0341148651485941,5.529044146460494
vggss,C3,12345,best,4869,uNDLAH1xjO4_000095,0.9911224489795918,0.5745918367346938,0.14135343935491185,0.02912582246777698,4.853199922896482
vggss,C3,12345,best,4870,uPUk0gCy-OA_000084,0.9835714285714285,-0.621734693877551,0.09311160448608037,0.013856071248417357,6.719913806499486
vggss,C3,12345,best,4871,uR0W234PpW4_000017,0.9909183673469387,-0.6014285714285714,0.1821248747061444,0.022135355662643182,8.227781720874184
vggss,C3,12345,best,4872,uRpkjgpWS4Y_000008,0.9859183673469388,0.28744897959183674,0.1350862991542991,0.021629522820442747,6.245459055001655
vggss,C3,12345,best,4873,uRyLEBGX5ag_000020,0.9757142857142858,0.6909183673469388,0.06261418839917449,0.018189599544979115,3.442307140646091
vggss,C3,12345,best,4874,uSRcSa1-d5o_000098,0.9976530612244898,0.8598979591836735,0.16627723835583103,0.018532984783671765,8.971962168896146
vggss,C3,12345,best,4875,uWUAuCEknZ8_000067,0.9496938775510204,-0.2904081632653061,0.07571216863144696,0.024069125015894328,3.145613668193154
vggss,C3,12345,best,4876,ub4VKXpuZds_000030,0.9868367346938776,-0.1843877551020408,0.12280915091471414,0.019134520217611087,6.418198602214373
vggss,C3,12345,best,4877,ueKKohFYF8g_000000,0.9892857142857143,-0.10418367346938776,0.11766437277722354,0.016056744936553173,7.328033997062546
vggss,C3,12345,best,4878,uercY3R8Tjc_000361,0.9791836734693877,0.28091836734693876,0.09213043899864329,0.012661163819238168,7.276616929847674
vggss,C3,12345,best,4879,uh5D5Uuteew_000074,0.9955102040816326,0.48346938775510206,0.13206287527570273,0.009449032953142093,13.976337677157511
vggss,C3,12345,best,4880,uhmXridEbTs_000494,0.9814285714285714,0.7594897959183673,0.18425071196380477,0.03459630838795543,5.325733309394101
vggss,C3,12345,best,4881,uiEid6SosC8_000014,0.9810204081632653,0.6631632653061225,0.1375811956434815,0.03460288212103778,3.976003939852028
vggss,C3,12345,best,4882,uiLrE9GB0Uw_000023,0.9866326530612245,0.4556122448979592,0.15477643376336556,0.021262410605897644,7.279345537633187
vggss,C3,12345,best,4883,ukYd1nfdJlM_000060,0.9888775510204082,-0.3806122448979592,0.08732121840768325,0.011918682241694964,7.3264155077655
vggss,C3,12345,best,4884,uki8gvAywnU_000125,0.9978571428571429,-0.3476530612244898,0.14105322232682868,0.009090093498257347,15.51724658870339
vggss,C3,12345,best,4885,ulQVPou-bTw_000003,0.9607142857142857,-0.3302040816326531,0.08593520008609629,0.021506524741910213,3.9957734277092465
vggss,C3,12345,best,4886,um-biLfru-c_000009,0.9640816326530612,0.4716326530612245,0.1000724180285076,0.02598157239367454,3.8516690411266707
vggss,C3,12345,best,4887,umrpCv0-Ii4_000030,0.9951020408163266,-0.6095918367346939,0.19246831196318828,0.018602511972336526,10.346361408040194
vggss,C3,12345,best,4888,unZVgi2s9w8_000015,0.9893877551020408,-0.09377551020408163,0.13265766216541777,0.014818305216676873,8.952283019256594
vggss,C3,12345,best,4889,urZASbmHOO8_000130,0.9940816326530613,0.7575510204081632,0.17607171785770565,0.029122920307896795,6.045812576356331
vggss,C3,12345,best,4890,usAbPEHJsdI_000080,0.9953061224489796,0.6518367346938776,0.13263761757696121,0.010846835304753472,12.228231908235452
vggss,C3,12345,best,4891,uvlhlXGMPos_000030,0.9928571428571429,0.8708163265306123,0.13673892167383828,0.020934941993483593,6.531612159059286
vggss,C3,12345,best,4892,ux7HhOxMRE4_000020,0.9981632653061224,0.9246938775510204,0.20435713395825558,0.026379513628317287,7.746812046560513
vggss,C3,12345,best,4893,uz-_ROIn0bM_000035,0.9617346938775511,0.0313265306122449,0.10682935054785,0.01917383209641839,5.571622303285183
vggss,C3,12345,best,4894,v-J-jzNonoY_000040,0.9893877551020408,0.48081632653061224,0.12168861497219387,0.01928337622607673,6.310545080152275
vggss,C3,12345,best,4895,v-wAote9cyA_000001,0.9864285714285714,-0.3681632653061224,0.11099821053784951,0.014713968283272358,7.543730447213098
vggss,C3,12345,best,4896,v0L5_nBtMpk_000001,0.9710204081632653,0.6446938775510204,0.12883348379547666,0.031746321677962576,4.058217676440585
vggss,C3,12345,best,4897,v0a6jM7PALg_000239,0.993061224489796,0.781734693877551,0.2033717109859061,0.0438692199746976,4.635863393586769
vggss,C3,12345,best,4898,v3nzRrcUBZk_000052,0.976326530612245,-0.1510204081632653,0.09374432019057571,0.013927656678466684,6.730803490835054
vggss,C3,12345,best,4899,v41-hFzfeRs_000009,0.9906122448979592,0.10316326530612245,0.0858535324419426,0.00936086039412131,9.171542873971207
vggss,C3,12345,best,4900,v44s14ocMV4_000033,0.9943877551020408,0.9193877551020408,0.19763159861717927,0.07252559206196829,2.7249911789526133
vggss,C3,12345,best,4901,v5IM8bUpeP8_000030,0.9906122448979592,0.8204081632653061,0.14465306245716955,0.023977501115880585,6.032866467530434
vggss,C3,12345,best,4902,v6A7Iggebm4_000180,0.9914285714285714,0.4663265306122449,0.19235289479867326,0.026733542185788224,7.195189229391745
vggss,C3,12345,best,4903,v6mv66B4zXc_000013,0.9873469387755102,-0.566530612244898,0.11697548888726503,0.018689497685357187,6.258888861358364
vggss,C3,12345,best,4904,v7Jaa5ztvgs_000011,0.9944897959183674,0.09571428571428571,0.17049975896900357,0.01488107204714406,11.457491666517768
vggss,C3,12345,best,4905,v7RnP9pIjwU_000343,0.9416326530612245,0.4254081632653061,0.07709775632253098,0.024859525140518774,3.101336646083743
vggss,C3,12345,best,4906,v8E9cP0aWTs_000050,0.9904081632653061,0.626938775510204,0.12663824212616104,0.014572316766556223,8.690330038446495
vggss,C3,12345,best,4907,v9A68q_iQqo_000020,0.9870408163265306,0.8155102040816327,0.08177416559692428,0.01758362251650913,4.650586960687261
vggss,C3,12345,best,4908,vConpHixES0_000090,0.981734693877551,0.6775510204081633,0.10442110941921187,0.02234512465928505,4.673104805249849
vggss,C3,12345,best,4909,vCsS20WJfBI_000030,0.9862244897959184,-0.40683673469387754,0.12572317029880067,0.02019488087482521,6.2254969998622895
vggss,C3,12345,best,4910,vE_dAmxPPLY_000070,0.9926530612244898,0.8536734693877551,0.22033797612006356,0.05206129468913308,4.2322799967949205
vggss,C3,12345,best,4911,vEvvRfuVk30_000108,0.98,0.45479591836734695,0.15074753748111383,0.024237166940903096,6.219684744866343
vggss,C3,12345,best,4912,vGxfIpG97dU_000030,0.98,0.13,0.09063239928754693,0.016948910316499765,5.3473879792328765
vggss,C3,12345,best,4913,vJ29SrUu6n4_000036,0.9959183673469387,0.8725510204081632,0.19157886131340643,0.023280390456328508,8.229194509120783
vggss,C3,12345,best,4914,vJG_xzuu7M4_000100,0.9862244897959184,0.8298979591836735,0.19242721972256727,0.05364810984599256,3.586840622623377
vggss,C3,12345,best,4915,vORveL941KQ_000010,0.9886734693877551,0.3259183673469388,0.12677703711144486,0.015482376825134344,8.188473807563769
vggss,C3,12345,best,4916,vOzH8Cfagng_000054,0.9941836734693877,0.3028571428571429,0.08857197614875091,0.011043572278696555,8.020228773221271
vggss,C3,12345,best,4917,vS5cYNOFeBs_000012,0.9901020408163266,-0.24785714285714286,0.17056854286288728,0.018090843988785237,9.42844584634222
vggss,C3,12345,best,4918,vS5cYNOFeBs_000036,0.9888775510204082,0.18459183673469387,0.1594361956490119,0.017894109424458817,8.909982154858419
vggss,C3,12345,best,4919,vUui_D_rT9c_000034,0.9947959183673469,0.41683673469387755,0.16803318870724795,0.019275163397186323,8.71760125944128
vggss,C3,12345,best,4920,vVItJE6Djsk_000054,0.9870408163265306,0.7751020408163265,0.11840307478312287,0.02300023263240609,5.147907704911614
vggss,C3,12345,best,4921,vVle7Qb4tDU_000056,0.9904081632653061,0.9304081632653062,0.14510284919924285,0.038174128444250215,3.801078246256549
vggss,C3,12345,best,4922,vXBBhgvMCkM_000210,0.9939795918367347,0.8707142857142857,0.1354180309569865,0.02701096572534558,5.013446477032764
vggss,C3,12345,best,4923,vY7O2jWCWdQ_000374,0.9859183673469388,0.8422448979591837,0.19756489788523093,0.04558413238367274,4.334071694561734
vggss,C3,12345,best,4924,v_oFiTzjGN8_000010,0.9762244897959184,0.6523469387755102,0.12775348142939827,0.029142367555969308,4.383771537574688
vggss,C3,12345,best,4925,vaErFk6zS30_000044,0.9861224489795918,0.3727551020408163,0.1226890862235669,0.019608803899871668,6.2568368193212365
vggss,C3,12345,best,4926,vcZ3gN9ZRcA_000100,0.9933673469387755,0.7209183673469388,0.17450381145141836,0.03959699486842274,4.406996339779796
vggss,C3,12345,best,4927,vchsE_Dn7mo_000112,0.9853061224489796,0.9318367346938775,0.13041668934639122,0.05439015387561641,2.3977996025647976
vggss,C3,12345,best,4928,vchsE_Dn7mo_000147,0.9892857142857143,0.9044897959183673,0.14879503727376672,0.029245046440495723,5.087871464882671
vggss,C3,12345,best,4929,vd2Ov9nGycg_000031,0.9903061224489796,0.860204081632653,0.20201921608957646,0.06949771258044447,2.906846982276383
vggss,C3,12345,best,4930,vf6_C1USc60_000280,0.960204081632653,0.7229591836734693,0.08074981216875973,0.02910064827931675,2.774845817649793
vggss,C3,12345,best,4931,vf8cYm5yVy4_000026,0.9914285714285714,0.6906122448979591,0.14754621131154072,0.01387342729837011,10.635166649042437
vggss,C3,12345,best,4932,vfIylWPACmg_000077,0.9733673469387755,0.916530612244898,0.202751944382376,0.07459079942061356,2.718189722556378
vggss,C3,12345,best,4933,vfIylWPACmg_000088,0.9695918367346938,0.9429591836734694,0.2110641095483625,0.0819157299892551,2.5766004841322636
vggss,C3,12345,best,4934,vfVD4eZ5Nvs_000009,0.9885714285714285,0.38448979591836735,0.1654547065930273,0.032936094026527495,5.023507233728633
vggss,C3,12345,best,4935,vg92QEL4w4I_000419,0.9952040816326531,0.37765306122448977,0.15697602599907623,0.01853788304401287,8.467850704763958
vggss,C3,12345,best,4936,vh8Uh1zTLQw_000035,0.9924489795918368,0.786530612244898,0.17719900397735566,0.02770578998943562,6.395739087206056
vggss,C3,12345,best,4937,vh8Uh1zTLQw_000058,0.9921428571428571,0.759795918367347,0.18048828924680582,0.0283397778995276,6.368726314182385
vggss,C3,12345,best,4938,vhUM-UOKpSk_000053,0.993061224489796,0.7620408163265306,0.18070240053279987,0.0428743656881289,4.2146956026648095
vggss,C3,12345,best,4939,vjx-jzh9q7U_000189,0.985,0.9557142857142857,0.1792085507117139,0.0699687084437631,2.561267096358533
vggss,C3,12345,best,4940,vkxPLFRLAy0_000000,0.988265306122449,0.7385714285714285,0.09956084798207754,0.023828017263528928,4.178310216958966
vggss,C3,12345,best,4941,vlVN2yCot7M_000170,0.9968367346938776,0.9358163265306122,0.15664780829230346,0.02826858519321653,5.541409561943463
vggss,C3,12345,best,4942,vmBkZflwViA_000010,0.9788775510204082,0.7245918367346939,0.1124310386599314,0.03268833268124109,3.4394852670002463
vggss,C3,12345,best,4943,vmQcsFtmxG8_000000,0.9964285714285714,0.12377551020408163,0.1488225757777288,0.008414212901922439,17.687046609401403
vggss,C3,12345,best,4944,vnvMxxgYlgo_000200,0.9940816326530613,0.8969387755102041,0.1683994327655957,0.03531667903373519,4.768269196680051
vggss,C3,12345,best,4945,vpyjAR_k70Y_000066,0.9612244897959183,-0.27683673469387754,0.10524269076634701,0.027729151870122173,3.795380805705231
vggss,C3,12345,best,4946,vq4jQd5-PL0_000030,0.976530612244898,0.4039795918367347,0.08535381469044556,0.01899677707607294,4.493068184600191
vggss,C3,12345,best,4947,vuGwgfWdi5Q_000000,0.9326530612244898,0.36173469387755103,0.07256726816616779,0.02370117478058233,3.0617582815186024
vggss,C3,12345,best,4948,vwAXcR6wRuQ_000010,0.9925510204081632,0.8931632653061224,0.1594366247235433,0.023756041480688942,6.711413804069496
vggss,C3,12345,best,4949,vw_q2SV_YOY_000130,0.9841836734693877,0.20438775510204082,0.1686846604266749,0.022462174365502935,7.509720905992887
vggss,C3,12345,best,4950,vzY4mHyr-F8_000214,0.981938775510204,-0.03346938775510204,0.11994573125981284,0.016876319909499473,7.1073392720113615
vggss,C3,12345,best,4951,vzqv9lqcdkg_000060,0.9856122448979592,0.47438775510204084,0.1209343121780266,0.020944010782881894,5.7741715964388955
vggss,C3,12345,best,4952,w-5phSpjv8E_000018,0.9963265306122449,-0.17714285714285713,0.11465116975703897,0.00959835329252002,11.944879112377164
vggss,C3,12345,best,4953,w1-Rli9XnlI_000068,0.978265306122449,0.5677551020408164,0.17729893330464375,0.03318528190134452,5.342697821031932
vggss,C3,12345,best,4954,w2vMywh5Nto_000010,0.9953061224489796,0.88,0.19198621842786312,0.06331157515614341,3.0324031261956974
vggss,C3,12345,best,4955,w5qf9O6c20o_000030,0.9952040816326531,0.88,0.1619252294898792,0.028120136093324182,5.758337333520972
vggss,C3,12345,best,4956,w6h01lI5TKQ_000035,0.9783673469387755,0.18989795918367347,0.0983801233051635,0.010532757632090575,9.340395624923984
vggss,C3,12345,best,4957,wCPEfqnHzNc_000067,0.9956122448979592,0.461734693877551,0.1259141847373545,0.012649116499562248,9.95438572660091
vggss,C3,12345,best,4958,wDg2v3NuCoQ_000075,0.995,0.9554081632653061,0.1108077539247948,0.03803363390086825,2.9134148531167625
vggss,C3,12345,best,4959,wFmekjmLAp4_000030,0.9918367346938776,-0.011530612244897959,0.14670924385437184,0.013019520667957552,11.26840592645159
vggss,C3,12345,best,4960,wGcq9cUby6A_000044,0.9939795918367347,0.13142857142857142,0.14333802723235145,0.01370379094137658,10.459735400630155
vggss,C3,12345,best,4961,wGms6MZt-vU_000040,0.9971428571428571,0.8031632653061225,0.15297104929819721,0.01568591798741165,9.752126042030845
vggss,C3,12345,best,4962,wKvTE7MmPHs_000031,0.9853061224489796,0.7787755102040816,0.15953940057616564,0.03715362069085779,4.294047191352813
vggss,C3,12345,best,4963,wNG49_jvQto_000030,0.9791836734693877,-0.09571428571428571,0.1295498753804305,0.01367911725485977,9.470631252495874
vggss,C3,12345,best,4964,wOzgCyoi9l8_000006,0.9951020408163266,-0.006224489795918367,0.17996419856948204,0.011821983361795015,15.222843161078243
vggss,C3,12345,best,4965,wOzgCyoi9l8_000074,0.9941836734693877,0.13255102040816327,0.20262841757129404,0.01635019706332124,12.393026015928264
vggss,C3,12345,best,4966,wPfv8ifzzyg_000030,0.9911224489795918,0.6857142857142857,0.11376210575556217,0.01806726031890668,6.296588622045512
vggss,C3,12345,best,4967,wTN2MR0oMZ0_000032,0.9927551020408163,0.35877551020408166,0.1261487034514827,0.015910576522100938,7.928606689786072
vggss,C3,12345,best,4968,wTduj6YOVuU_000010,0.9926530612244898,0.7696938775510204,0.11648486534111317,0.017326996187336,6.722738556741296
vggss,C3,12345,best,4969,wVVBhbrnj9s_000040,0.9907142857142858,0.77,0.15020509730652626,0.018703709164454987,8.030765234094845
vggss,C3,12345,best,4970,w_z9oSn-eIM_000280,0.99,0.9042857142857142,0.17672294167167218,0.051342543930535375,3.4420371127455622
vggss,C3,12345,best,4971,waqwL6fKEE4_000120,0.9762244897959184,-0.256530612244898,0.10316210987680809,0.01971680486002634,5.232192062008888
vggss,C3,12345,best,4972,wauLTa8cx-Y_000159,0.9825510204081632,0.5757142857142857,0.1615862830841667,0.03023822527951776,5.343775356869875
vggss,C3,12345,best,4973,weFQftCey64_000087,0.9486734693877551,0.2253061224489796,0.08372675639283654,0.02772127238147831,3.020307121572736
vggss,C3,12345,best,4974,wfRWvI16wxw_000047,0.9913265306122448,0.678265306122449,0.2210217655168438,0.023915358495536138,9.241833675965932
vggss,C3,12345,best,4975,wfRWvI16wxw_000086,0.9855102040816327,0.014081632653061225,0.09469144797572819,0.01654481146758636,5.723331943748177
vggss,C3,12345,best,4976,wgT4rbZ5kvc_000022,0.9891836734693877,-0.3852040816326531,0.16902412368788364,0.01646082470528842,10.268265819851708
vggss,C3,12345,best,4977,whdTql5vKno_000711,0.9948979591836735,0.6588775510204081,0.15259411166997136,0.020043605488198554,7.6131069212980185
vggss,C3,12345,best,4978,wiOUhsE48-g_000461,0.9972448979591837,0.8448979591836735,0.19274584346287793,0.02154892671111563,8.944568147027638
vggss,C3,12345,best,4979,wibHmlHjDt8_000175,0.9790816326530613,0.8253061224489796,0.11329164519119639,0.029905474100035665,3.78832466632125
vggss,C3,12345,best,4980,wjLClGwjeIU_000114,0.9964285714285714,0.9033673469387755,0.16136068349352728,0.03362707753313561,4.79853425664258
vggss,C3,12345,best,4981,wjmMSonpdT0_000030,0.9964285714285714,0.9010204081632653,0.21817068491813377,0.03423989217199,6.371827452675469
vggss,C3,12345,best,4982,wm4O1oQKpcU_000073,0.9842857142857143,-0.28622448979591836,0.08424396304317128,0.011597408448098557,7.264033462319198
vggss,C3,12345,best,4983,wmQyktOSKv4_000030,0.991938775510204,0.3956122448979592,0.1449226227642976,0.01668168688447738,8.687528052043152
vggss,C3,12345,best,4984,wmStqt_0Ja4_000192,0.9924489795918368,0.3224489795918367,0.15872178249900057,0.01883765797039952,8.425770483167677
vggss,C3,12345,best,4985,wnQskk_yWkI_000011,0.9557142857142857,0.44020408163265307,0.06016795531432888,0.016090958745315728,3.7392399214151544
vggss,C3,12345,best,4986,wnpgfk58Ws8_000039,0.9884693877551021,-0.6235714285714286,0.16488992224603655,0.024596201204195145,6.703877597891531
vggss,C3,12345,best,4987,woWw2_6KmN0_000004,0.9872448979591837,-0.18581632653061225,0.1413679292246554,0.014901547349346168,9.486795291151974
vggss,C3,12345,best,4988,wq2BsXHkz4E_000378,0.9653061224489796,0.6390816326530612,0.09371487700158979,0.030108683093494067,3.11255316981432
vggss,C3,12345,best,4989,wtvKeNPMwPk_000066,0.9842857142857143,0.6416326530612245,0.13873168305847902,0.032324733200649484,4.291812161211946
vggss,C3,12345,best,4990,wuIdKobdk7g_000017,0.9638775510204082,0.42153061224489796,0.10014419203288603,0.031172999402460655,3.2125298801045465
vggss,C3,12345,best,4991,wurA98TaEr4_000031,0.9923469387755102,0.9066326530612245,0.1169352838428738,0.03252911045716535,3.5947888583321492
vggss,C3,12345,best,4992,wy5edFMFcyM_000370,0.9913265306122448,0.018367346938775512,0.0985530316491798,0.008619544876947183,11.433669997212743
vggss,C3,12345,best,4993,wyhurCZbKQU_000030,0.9848979591836735,0.5148979591836734,0.1467184760336532,0.01784462682708544,8.221997436839462
vggss,C3,12345,best,4994,x-mRAs2I2D8_000045,0.9859183673469388,0.7737755102040816,0.1408394593711199,0.03138212231399721,4.48788829391255
vggss,C3,12345,best,4995,x-t8155hXt4_000080,0.9896938775510205,0.8312244897959183,0.16328418457989163,0.03832756200038023,4.260228829015311
vggss,C3,12345,best,4996,x0-ldlMh_TE_000024,0.9808163265306122,-0.20020408163265307,0.1222094094021148,0.015280152009395476,7.997918432157649
vggss,C3,12345,best,4997,x0fI4QXOz9M_000030,0.9711224489795919,0.20520408163265305,0.09584479712333428,0.017545912372965877,5.462514293130095
vggss,C3,12345,best,4998,x1BSrucmESI_000039,0.9946938775510205,0.06571428571428571,0.17506521278996964,0.014680353344144675,11.925136179354647
vggss,C3,12345,best,4999,x1x54MgStxQ_000130,0.990204081632653,0.5669387755102041,0.11491784996628106,0.012595190544785775,9.123946919076612
vggss,C3,12345,best,5000,x50I2W-Ahek_000241,0.9578571428571429,0.7604081632653061,0.12923346535119606,0.04997220525003258,2.586106910923484
vggss,C3,12345,best,5001,x9MU-enAr8A_000257,0.9916326530612245,0.33377551020408164,0.11609614015640536,0.015374578637734008,7.551175410522748
vggss,C3,12345,best,5002,x9gE-IPfg3M_000080,0.9894897959183674,0.8229591836734694,0.11534852413844646,0.019609854749810356,5.8821712659326035
vggss,C3,12345,best,5003,xAJtCxlsvGg_000084,0.9921428571428571,0.8664285714285714,0.18178304456911146,0.033943732217886546,5.355423010122659
vggss,C3,12345,best,5004,xA_YD_b7EdA_000040,0.9914285714285714,0.37285714285714283,0.16976700163119424,0.019544655000807744,8.686108893924098
vggss,C3,12345,best,5005,xAmYnybedFw_000117,0.9942857142857143,0.7931632653061225,0.1563083875569747,0.026699376592960167,5.854383416509754
vggss,C3,12345,best,5006,xB2jrWz3N8E_000042,0.993061224489796,0.9030612244897959,0.14316904879489964,0.03131766287382362,4.571511270547754
vggss,C3,12345,best,5007,xHPKvUzFmrA_000092,0.9842857142857143,-0.41816326530612247,0.09417323602971255,0.013467148598506779,6.9928118295326716
vggss,C3,12345,best,5008,xHnIZIPMRNg_000041,0.9904081632653061,-0.4197959183673469,0.12403022213701773,0.018008161737611467,6.887444923263368
vggss,C3,12345,best,5009,xJq5BhrKS4A_000007,0.9974489795918368,0.9524489795918367,0.18557582537520614,0.03614151640938883,5.134699476168004
vggss,C3,12345,best,5010,xMhM0NkLJ5A_000189,0.9790816326530613,-0.4981632653061224,0.09605659189924362,0.01719399605745025,5.586635682495797
vggss,C3,12345,best,5011,xN-nKHyKx3E_000504,0.9357142857142857,0.4144897959183673,0.09795001365616401,0.026763346602965914,3.6598567103453794
vggss,C3,12345,best,5012,xNoaAN29jXQ_000351,0.995,0.9335714285714286,0.12163598320804357,0.02787724041620981,4.363272023773048
vggss,C3,12345,best,5013,xPNQ_MQjp0g_000048,0.9951020408163266,0.8890816326530612,0.1775022162584536,0.02647915028203526,6.70347100899532
vggss,C3,12345,best,5014,xQTPEQDb0Gg_000030,0.9811224489795919,0.8444897959183674,0.12663270037991223,0.04342886771406404,2.9158646551336034
vggss,C3,12345,best,5015,xS0uJ2FiPIQ_000004,0.9885714285714285,0.8639795918367347,0.19130627269796252,0.03229862238645562,5.923047441744344
vggss,C3,12345,best,5016,xUh3zW3bkNU_000005,0.9960204081632653,0.6692857142857143,0.1757705510709393,0.027161231041762247,6.471376455679792
vggss,C3,12345,best,5017,xV7nHX2RLjQ_000153,0.9922448979591837,0.7167346938775511,0.1624783787068228,0.020448154578214216,7.945870033666989
vggss,C3,12345,best,5018,xXGIKM4daMU_000030,0.9524489795918367,-0.013571428571428571,0.07092622154882497,0.015393219807395286,4.607627412346197
vggss,C3,12345,best,5019,xX_x4lBDBVU_000042,0.9921428571428571,0.8728571428571429,0.15820093712240596,0.02261178836177822,6.996392085016174
vggss,C3,12345,best,5020,xXz-ENUCuT0_000201,0.9875510204081632,0.49744897959183676,0.1396840295355831,0.02525217588782132,5.531564097925923
vggss,C3,12345,best,5021,xZF-QuI4roY_000474,0.991734693877551,0.23438775510204082,0.14054046045939825,0.016316635219639736,8.613323676577316
vggss,C3,12345,best,5022,xZjbiCtvuNU_000896,0.9895918367346939,0.6402040816326531,0.06109219263128364,0.009996205603283187,6.111538223185238
vggss,C3,12345,best,5023,x_5t0os3A2I_000009,0.9794897959183674,0.578265306122449,0.15436018315355843,0.03795537393214622,4.066886112873292
vggss,C3,12345,best,5024,x_5t0os3A2I_000025,0.9818367346938776,0.8009183673469388,0.15861050127813406,0.052987182579034064,2.9933748796995476
vggss,C3,12345,best,5025,x_CFMV_BSPE_000212,0.9870408163265306,0.9487755102040817,0.15314286075119077,0.04931077961885573,3.105666994821375
vggss,C3,12345,best,5026,x_i_FLv7pNA_000021,0.9962244897959184,0.9223469387755102,0.19627153099657133,0.02942553431542546,6.670109330646269
vggss,C3,12345,best,5027,x_v89ZU2Zsk_000193,0.9816326530612245,0.5239795918367347,0.09840526928361965,0.019909720681015982,4.942574075258101
vggss,C3,12345,best,5028,xanOeYcQpcM_000020,0.9929591836734694,0.9729591836734693,0.19123480360990494,0.04957209388124145,3.857710833600071
vggss,C3,12345,best,5029,xbD2eVjgebU_000001,0.991938775510204,0.7334693877551021,0.1392867475405688,0.014162316518705784,9.835025742899965
vggss,C3,12345,best,5030,xbD9dc3D4tw_000034,0.98,0.7566326530612245,0.0997580986416401,0.025965723885866137,3.841914790441918
vggss,C3,12345,best,5031,xbpucbIm_2Y_000100,0.9616326530612245,0.3820408163265306,0.06473320045010186,0.015150800319857813,4.272592805890096
vggss,C3,12345,best,5032,xcATi4rdSu8_000002,0.9894897959183674,0.6836734693877551,0.12408804199396097,0.032206962765128404,3.852832783360603
vggss,C3,12345,best,5033,xcYIvw3nMLE_000000,0.9871428571428571,0.8229591836734694,0.10551628383906857,0.022229676484228696,4.746640551153737
vggss,C3,12345,best,5034,xcpTytjZNoQ_000135,0.9958163265306123,0.9011224489795918,0.19317884112950512,0.033225799432587654,5.814121689425373
vggss,C3,12345,best,5035,xdcjFp3L0FE_000003,0.9970408163265306,0.795,0.1858179360978937,0.02329416987724769,7.9770147241601945
vggss,C3,12345,best,5036,xfSN6wDm41o_000290,0.9905102040816327,0.7598979591836734,0.18423097612976694,0.022537183217166027,8.174534250999152
vggss,C3,12345,best,5037,xhy_lrB3Ueo_000030,0.9895918367346939,0.8257142857142857,0.19872758744086527,0.045368961152301136,4.380254305884315
vggss,C3,12345,best,5038,xiTI9orA7SA_000021,0.9828571428571429,0.9090816326530612,0.125814896644874,0.04707666898848914,2.6725530788008256
vggss,C3,12345,best,5039,xjgC2ajAK0M_000001,0.9778571428571429,-0.28408163265306124,0.07995280256025392,0.014230209251810686,5.618526133063049
vggss,C3,12345,best,5040,xkm6iX4LUcQ_000182,0.9936734693877551,0.9146938775510204,0.18042491032917943,0.05043221344760727,3.5775727059177806
vggss,C3,12345,best,5041,xl31V1yQ2Dw_000059,0.9901020408163266,0.1296938775510204,0.09839309960980161,0.013522070396463946,7.276481834877272
vggss,C3,12345,best,5042,xoXTlNWkC7w_000170,0.9924489795918368,0.9424489795918367,0.17292481092648654,0.0650448620889498,2.658546814812357
vggss,C3,12345,best,5043,xohOGGDgwZ8_000024,0.9925510204081632,-0.1992857142857143,0.15468074906340265,0.01762909241378385,8.774175404654452
vggss,C3,12345,best,5044,xohrYDd1KCU_000140,0.9935714285714285,0.8843877551020408,0.18125882088280387,0.03163118796862617,5.7303829708383995
vggss,C3,12345,best,5045,xqhQTB860Lc_000036,0.9796938775510204,0.3262244897959184,0.10887140408878965,0.02120477625076523,5.134286860718973
vggss,C3,12345,best,5046,xtU4NZPuylU_000000,0.9925510204081632,0.5404081632653062,0.13147239507312852,0.015124754878895889,8.692530631129543
vggss,C3,12345,best,5047,xuMBy2NoROI_000030,0.9474489795918367,0.25724489795918365,0.10850157177175812,0.03120406354245767,3.477161608267011
vggss,C3,12345,best,5048,xv3l1Blx6JQ_000250,0.9842857142857143,0.45102040816326533,0.11544735561830853,0.017974984558190008,6.422667860691253
vggss,C3,12345,best,5049,xvVz2LbGiMM_000167,0.996938775510204,-0.2629591836734694,0.15793884672543806,0.011839046468995862,13.340503995743989
vggss,C3,12345,best,5050,xvuvBU9es1Y_000516,0.9942857142857143,0.6709183673469388,0.15733861847090946,0.02253468305692391,6.982064849701371
vggss,C3,12345,best,5051,xwDJy7bJurM_000277,0.9884693877551021,0.5919387755102041,0.18657023172781995,0.017033931877678935,10.952857688265114
vggss,C3,12345,best,5052,y-3Z8vypfDs_000038,0.9803061224489796,0.933265306122449,0.15111982708979904,0.08826780141891988,1.7120606230190647
vggss,C3,12345,best,5053,y0TDJyuco0I_000010,0.9889795918367347,0.666530612244898,0.14884000774722742,0.019363207609270836,7.686743371793673
vggss,C3,12345,best,5054,y0d6Crj5U8g_000069,0.9794897959183674,0.08244897959183674,0.09945988290087933,0.014472946424876173,6.8721240292803945
vggss,C3,12345,best,5055,y1DgTYLdesA_000136,0.9894897959183674,0.14826530612244898,0.16858974390584777,0.018457791363860714,9.133798328435802
vggss,C3,12345,best,5056,y2c2SzM2Mng_000054,0.9162244897959184,-0.29346938775510206,0.05738199266576449,0.015425217660788337,3.720011861591577
vggss,C3,12345,best,5057,y3b46Xk89rM_000114,0.9838775510204082,0.7859183673469388,0.08278127573886472,0.02598462642729727,3.185778943964407
vggss,C3,12345,best,5058,y4T4YGZKamk_000240,0.9862244897959184,-0.2574489795918367,0.1365396724281336,0.01431249573433768,9.539892619884304
vggss,C3,12345,best,5059,y6jT3Q3gyvs_000012,0.9979591836734694,-0.3171428571428571,0.17731848250004917,0.01072658264781832,16.53075246067432
vggss,C3,12345,best,5060,y7BjYF0OAv0_000237,0.9946938775510205,0.05928571428571429,0.16507612002015198,0.013583285282721765,12.152886182117696
vggss,C3,12345,best,5061,y7mhiv2Ltc4_000070,0.993265306122449,0.763265306122449,0.11629748090056809,0.01643615988426898,7.075708785960169
vggss,C3,12345,best,5062,y8Gfi9gGPRc_000248,0.990204081632653,-0.6016326530612245,0.09565414272647063,0.012453565652955537,7.680863890075495
vggss,C3,12345,best,5063,y8Yv4pnO7qc_000030,0.9622448979591837,0.7993877551020409,0.11639183196196484,0.045346203226007215,2.5667381981654227
vggss,C3,12345,best,5064,y9_9tveI1OY_000100,0.9948979591836735,0.7072448979591837,0.16485638391482763,0.014977391134191161,11.007016004174783
vggss,C3,12345,best,5065,yGBSo4TDeTg_000029,0.9939795918367347,0.5196938775510204,0.17380794317472037,0.015323610655232633,11.342492777012007
vggss,C3,12345,best,5066,yGeIkgt-Hr0_000019,0.9796938775510204,0.7281632653061224,0.1534159358235754,0.05612421533795515,2.7335070058400395
vggss,C3,12345,best,5067,yGeSIM_8BHY_000037,0.9925510204081632,0.06377551020408163,0.1341930744467341,0.017711661731088027,7.576537790985161
vggss,C3,12345,best,5068,yIXMPZL2eSQ_000042,0.9927551020408163,0.7476530612244898,0.10667302592171761,0.015533660154850101,6.867217697460113
vggss,C3,12345,best,5069,yInXc5FJNyc_000119,0.9941836734693877,0.8771428571428571,0.11590440000319563,0.025119104558173195,4.6141931427043215
vggss,C3,12345,best,5070,yInXc5FJNyc_000129,0.9905102040816327,0.8556122448979592,0.161115681735208,0.03368028681986402,4.7836790285344275
vggss,C3,12345,best,5071,yIx3ml9_nsQ_000060,0.9827551020408163,0.3464285714285714,0.09587139607093698,0.01600354995212201,5.990633100640574
vggss,C3,12345,best,5072,yJoELHadsvo_000030,0.990204081632653,0.7841836734693878,0.12056691224936013,0.021502859357000238,5.607017664379118
vggss,C3,12345,best,5073,yKKMhxuHcJ4_000041,0.9858163265306122,0.3898979591836735,0.1418076593592566,0.021072683351845138,6.729454288831224
vggss,C3,12345,best,5074,yLazKv68TeA_000078,0.9908163265306122,0.37081632653061225,0.16355449713004927,0.020916294599277213,7.819477601721152
vggss,C3,12345,best,5075,yO5YnmljmoQ_000001,0.9959183673469387,-0.07816326530612244,0.16190620676387246,0.014239200470309998,11.370456304864963
vggss,C3,12345,best,5076,yOP7z54BXYo_000030,0.973265306122449,0.30459183673469387,0.16484679760850166,0.030175292915208818,5.462972574009921
vggss,C3,12345,best,5077,yQa3SuKpfLE_000093,0.9835714285714285,0.22183673469387755,0.09345411903711426,0.017695968714822357,5.281096533519296
vggss,C3,12345,best,5078,yVZe2RGcZIE_000013,0.9983673469387755,0.9028571428571428,0.12556173205583776,0.013057030251912292,9.61640814437482
vggss,C3,12345,best,5079,yXeKrbtMz2M_000010,0.9938775510204082,0.7328571428571429,0.10990361102070766,0.016143739388004695,6.807816230133738
vggss,C3,12345,best,5080,yc4mmvlO39M_000030,0.9884693877551021,0.11826530612244898,0.10664792106151799,0.012036473939701923,8.860395627139876
vggss,C3,12345,best,5081,ycYXVLz9v3Y_000000,0.9854081632653061,0.5888775510204082,0.10713476790256943,0.01947910339528808,5.499984559273139
vggss,C3,12345,best,5082,ycjnLHuYx7U_000035,0.9924489795918368,0.7064285714285714,0.13685488728737052,0.042201944033901824,3.2428574185452628
vggss,C3,12345,best,5083,ye0GZg0oR_I_000045,0.9871428571428571,-0.5046938775510204,0.1380091308664518,0.01847879133071474,7.468515034154766
vggss,C3,12345,best,5084,yfQCVtm-1F8_000151,0.9957142857142857,0.8268367346938775,0.15464454449422552,0.01743409658447364,8.870235618170659
vggss,C3,12345,best,5085,yfcMvoqT0iM_000073,0.9821428571428571,0.1839795918367347,0.10694163303383243,0.022168104414377072,4.824121676568597
vggss,C3,12345,best,5086,yjXeSP2y-Tw_000027,0.9955102040816326,0.9058163265306123,0.12981164542069323,0.02616553436136026,4.961169285821716
vggss,C3,12345,best,5087,yk1pg24IRVo_000004,0.9954081632653061,-0.10336734693877551,0.16351153361916376,0.015572764120323301,10.499840128302743
vggss,C3,12345,best,5088,yl5ar5m-rk4_000091,0.9880612244897959,0.9420408163265306,0.15582554148094552,0.050221148641112164,3.1027872857807
vggss,C3,12345,best,5089,ymuNh7Cwhrs_000040,0.9646938775510204,-0.19948979591836735,0.08150626498050645,0.017683139919562173,4.6092642681823275
vggss,C3,12345,best,5090,ypOiMHz2Lz0_000000,0.9820408163265306,0.041020408163265305,0.10784209372585134,0.014412243798115036,7.482672041667509
vggss,C3,12345,best,5091,yqKLtv30fcQ_000005,0.9966326530612245,0.6384693877551021,0.1880387994144146,0.02109238382309951,8.915009369803059
vggss,C3,12345,best,5092,yqVMoUeG_wA_000010,0.9890816326530613,0.5905102040816327,0.11945379105814985,0.01620937556741809,7.369425833914282
vggss,C3,12345,best,5093,yrOG_y_XhuA_000011,0.9793877551020408,-0.3283673469387755,0.11535354123338437,0.020174457070609123,5.717801516524356
vggss,C3,12345,best,5094,yrscqyUOIlI_000000,0.9911224489795918,0.8666326530612245,0.1414409484165718,0.0348683867931459,4.056423638284721
vggss,C3,12345,best,5095,yuQhlkeLh5U_000051,0.9945918367346939,0.963265306122449,0.15375811786421498,0.04783322603484519,3.214462636331625
vggss,C3,12345,best,5096,yvGSUZAf_CI_000230,0.9948979591836735,0.9386734693877551,0.20249522562517105,0.023008739129406482,8.800796275114902
vggss,C3,12345,best,5097,ywS3pG7yQfg_000161,0.9931632653061224,0.3483673469387755,0.1167979833121577,0.010949742485383275,10.666733347206147
vggss,C3,12345,best,5098,yy0n-N17n04_000010,0.9938775510204082,0.8988775510204081,0.16681175397764839,0.03732381275363103,4.46931172543245
vggss,C3,12345,best,5099,yyqydavJ4YQ_000201,0.9923469387755102,0.8177551020408164,0.13413007163459953,0.040183359529411426,3.3379506642899193
vggss,C3,12345,best,5100,yzG0xXcCRJA_000055,0.9960204081632653,0.5369387755102041,0.22256223726023125,0.014802678094327842,15.035268337390493
vggss,C3,12345,best,5101,yzvEwiMw7Hk_000135,0.9945918367346939,0.9335714285714286,0.175101525959871,0.07251617019856559,2.414654903594655
vggss,C3,12345,best,5102,z4HX8-du2nQ_000070,0.9864285714285714,0.7346938775510204,0.1917232205421722,0.03300804788729679,5.808378041524753
vggss,C3,12345,best,5103,z5-LFayciG8_000247,0.9797959183673469,-0.45785714285714285,0.11022135538334264,0.02256519066611325,4.884574520740257
vggss,C3,12345,best,5104,z6oOz1AYk7Y_000041,0.9837755102040816,0.8481632653061224,0.09908857487361071,0.025664905412802395,3.8608587594553327
vggss,C3,12345,best,5105,z6oqPB07X3o_000030,0.976530612244898,0.5084693877551021,0.08465131240836475,0.02270092202903631,3.72898124138257
vggss,C3,12345,best,5106,z6pCw302VWc_000098,0.986938775510204,0.3376530612244898,0.08622780081935641,0.012325765731621564,6.995735818517165
vggss,C3,12345,best,5107,z7q3Ym9hxlA_000108,0.9842857142857143,0.9420408163265306,0.12230316264324367,0.05590641111533562,2.1876410988165693
vggss,C3,12345,best,5108,z7rxl5KsPjs_000090,0.9717346938775511,0.288265306122449,0.10056864334210124,0.024094880082207757,4.173859467197081
vggss,C3,12345,best,5109,z7vNtEcM9Bk_000030,0.9440816326530612,0.7033673469387756,0.0472360660869054,0.018588807178933634,2.5411025910493708
vggss,C3,12345,best,5110,z8Wjdss5uMg_000010,0.9875510204081632,0.6938775510204082,0.1738835359868518,0.04421530419664247,3.932654974248844
vggss,C3,12345,best,5111,z8X-Xb03RIc_000016,0.9966326530612245,-0.3463265306122449,0.18587237959428332,0.01208024241518943,15.386477622383762
vggss,C3,12345,best,5112,z9yN3i-Pa8k_000173,0.9834693877551021,0.29,0.11094566632092241,0.013313925093167518,8.333054718616214
vggss,C3,12345,best,5113,zAfVwdU7ARk_000250,0.9937755102040816,0.0011224489795918367,0.11611347704189008,0.011875776397246003,9.777337763686495
vggss,C3,12345,best,5114,zAgJRZWBQI8_000050,0.9973469387755102,0.6365306122448979,0.17827993301031655,0.015117219942047063,11.793169226469242
vggss,C3,12345,best,5115,zBuVTpKmgQE_000020,0.9875510204081632,0.1926530612244898,0.08539595223287785,0.01499240260333764,5.695948440836749
vggss,C3,12345,best,5116,zD9Kgrva0RU_000013,0.9872448979591837,0.9221428571428572,0.17878117347143613,0.05322577138099629,3.358921229937648
vggss,C3,12345,best,5117,zJ2HcF4fRlY_000038,0.9926530612244898,0.7643877551020408,0.16962786398040916,0.030519961402670714,5.5579317988772265
vggss,C3,12345,best,5118,zLfhRM6G0OU_000039,0.9836734693877551,0.4390816326530612,0.11759753725608099,0.020526774545576817,5.728982748603401
vggss,C3,12345,best,5119,zLjGbjdmoOo_000074,0.9939795918367347,0.7835714285714286,0.14308723160359074,0.020761125934578642,6.892074738840255
vggss,C3,12345,best,5120,zM-nWQl3W6Y_000170,0.9947959183673469,0.7819387755102041,0.2039386313824003,0.020312709863526048,10.039951968624187
vggss,C3,12345,best,5121,zNydHH-46z0_000043,0.9847959183673469,0.6664285714285715,0.14152891124225747,0.03520275207464845,4.020393375556017
vggss,C3,12345,best,5122,zOMh7kh4gPQ_000004,0.9569387755102041,0.7021428571428572,0.12051009771828533,0.03841070958800958,3.137408785488935
vggss,C3,12345,best,5123,zQ6QCEz5fPU_000057,0.9653061224489796,0.19112244897959182,0.09970528790045045,0.02151970837773749,4.633208134158421
vggss,C3,12345,best,5124,zUxqWMvjKBw_000099,0.9952040816326531,0.7462244897959184,0.1424008724223002,0.022068979867655093,6.452535335854235
vggss,C3,12345,best,5125,zY2CAiwNJ6A_000030,0.9751020408163266,0.7474489795918368,0.16534829724665637,0.0431828772162298,3.829024555698481
vggss,C3,12345,best,5126,zY_gApMrhb0_000084,0.9957142857142857,0.5108163265306123,0.11811496568584669,0.011776925976710205,10.029354512325908
vggss,C3,12345,best,5127,zZQXakb7WSM_000009,0.9914285714285714,-0.13948979591836735,0.14854315142743355,0.015059667425568968,9.863640891247734
vggss,C3,12345,best,5128,z_WasI8m3iM_000012,0.993061224489796,0.8776530612244898,0.11683069370604873,0.02159378583770208,5.410384940563131
vggss,C3,12345,best,5129,zayC5mUo7sY_000100,0.9820408163265306,0.6673469387755102,0.10885984006577822,0.019948811295450265,5.456958735712034
vggss,C3,12345,best,5130,zcrQlstpqUI_000131,0.9853061224489796,0.9109183673469388,0.0795866702583351,0.03221359975981028,2.470592260776379
vggss,C3,12345,best,5131,zey5f-NjbtE_000002,0.9972448979591837,0.20285714285714285,0.14706526388647853,0.010840726113190157,13.565997549512932
vggss,C3,12345,best,5132,zey5f-NjbtE_000201,0.976530612244898,-0.06285714285714286,0.07371443627360232,0.015058707587375281,4.895136972803831
vggss,C3,12345,best,5133,zfWvVJbYaiU_000120,0.980204081632653,-0.18081632653061225,0.09594260337386891,0.019124830279203826,5.016651231576997
vggss,C3,12345,best,5134,zgM0pD0JIqc_000000,0.9945918367346939,0.9158163265306123,0.14907165717976056,0.035786220388877577,4.165616138274617
vggss,C3,12345,best,5135,zgM0pD0JIqc_000015,0.9888775510204082,0.8439795918367347,0.14503348251406117,0.026040409304810365,5.569554641649568
vggss,C3,12345,best,5136,zgR4fR2nPvM_000139,0.9894897959183674,0.6710204081632654,0.13476450226116563,0.016152728418289727,8.343141713976435
vggss,C3,12345,best,5137,zh4tznWde1M_000330,0.9920408163265306,0.2033673469387755,0.12774099151698953,0.01279767229061142,9.98158013552999
vggss,C3,12345,best,5138,zi5NCXyuLMI_000230,0.9614285714285714,-0.13071428571428573,0.1338280325862999,0.031863055461650046,4.200100418723922
vggss,C3,12345,best,5139,zjRqBIxxdrg_000362,0.9894897959183674,0.9348979591836735,0.10808057861986062,0.02785126345072944,3.8806346725010035
vggss,C3,12345,best,5140,zk1GeJP6Y00_000000,0.9898979591836735,-0.028979591836734694,0.1368925396794496,0.014541460455170647,9.413947113597754
vggss,C3,12345,best,5141,zmVhTFChkWI_000072,0.9874489795918368,0.6501020408163265,0.12387998338959957,0.02180564356682409,5.681097327394416
vggss,C3,12345,best,5142,znKsInR4DN0_000183,0.9824489795918367,0.8710204081632653,0.16927497525047785,0.06507258760394077,2.6013254041894998
vggss,C3,12345,best,5143,zoo7FpCz7F0_000332,0.975,0.6822448979591836,0.10476069923976761,0.02717015834557611,3.8557264888677
vggss,C3,12345,best,5144,zpWuikVorYg_000032,0.9925510204081632,0.8926530612244898,0.15143358329536988,0.03008958716292495,5.032757095516406
vggss,C3,12345,best,5145,zr88Jqze7_U_000034,0.9884693877551021,-0.5001020408163265,0.15159843593060449,0.020318203362475633,7.461212648879269
vggss,C3,12345,best,5146,zrklTYnpE80_000098,0.9839795918367347,0.02326530612244898,0.10228162851727125,0.015043988951198024,6.798836987255703
vggss,C3,12345,best,5147,zrrM6Qg2Dwg_000030,0.9741836734693877,0.36153061224489796,0.10376879461506036,0.023688357637595366,4.380582064936861
vggss,C3,12345,best,5148,zsZr_xJ7ECQ_000029,0.9833673469387755,0.36887755102040815,0.1233966113743999,0.018890402759655537,6.532238245228924
vggss,C3,12345,best,5149,zt-j0_ZVzxg_000480,0.995,-0.4061224489795918,0.13660610822612052,0.0126305110661314,10.815564588865177
vggss,C3,12345,best,5150,ztfegVzqeCI_000030,0.9876530612244898,0.7683673469387755,0.13118078327275914,0.02262569805554588,5.797866786284849
vggss,C3,12345,best,5151,ztlvu_7eQIE_000164,0.9936734693877551,0.2907142857142857,0.11695573848239092,0.013985323242877466,8.362748322027873
vggss,C3,12345,best,5152,zwBmiXviAAM_000202,0.9929591836734694,-0.13959183673469389,0.10300658016978578,0.011497023914255767,8.959412534757146
vggss,C3,12345,best,5153,zxd98l89Prk_000036,0.9934693877551021,-0.5716326530612245,0.20894970621673295,0.01331773276977224,15.689585444377888
vggss,C3,12345,best,5154,zxpo56cpUBU_000007,0.9935714285714285,-0.5722448979591837,0.15688138169684432,0.019714754738173152,7.957561926605107
vggss,C3,12345,best,5155,zxxWGaZIxD0_000289,0.9295918367346939,0.4201020408163265,0.08501028219561733,0.030470427651241867,2.7899274394382387
vggss,C3,12345,best,5156,zz0fdUGTHWo_000045,0.9826530612244898,0.4909183673469388,0.08999815725439936,0.015737838946432676,5.71858420719189
vggss,C3,12345,best,5157,zzvCPtdNxNo_000068,0.9857142857142858,0.4614285714285714,0.1365192870559874,0.016612843973892965,8.217695132183692
