dataset,sample_id,comparison,pearson,spearman,js_divergence,top10_overlap,threshold_mask_iou,left_entropy,right_entropy,left_effective_active_area,right_effective_active_area,left_effective_active_ratio,right_effective_active_ratio
flickr,10000130166,DECODER_TARGET_vs_IMG,0.7770224575884159,0.8637616128251828,0.001447525641242817,0.2,0.6222222222222222,3.891819800509541,3.8861010655755024,48.99997561755286,48.7205574658998,0.999999502399038,0.9942970911408123
flickr,10000130166,DECODER_TARGET_vs_AUD,0.8056816395135445,0.9144300486436733,0.001774404840465741,0.4,0.6444444444444445,3.891819800509541,3.8848432341214374,48.99997561755286,48.65931374147576,0.999999502399038,0.9930472192137911
flickr,10000130166,IMG_vs_AUD,0.9849627544238607,0.9386734693877551,6.444769329220683e-05,0.2,0.9655172413793104,3.8861010655755024,3.8848432341214374,48.7205574658998,48.65931374147576,0.9942970911408123,0.9930472192137911
flickr,10007936344,DECODER_TARGET_vs_IMG,0.410659266202763,0.005510204081632653,0.0008826606969789013,0.0,0.7111111111111111,3.8918196770853646,3.8883143725889067,48.99996956977161,48.82851043990394,0.9999993789749307,0.9965002130592641
flickr,10007936344,DECODER_TARGET_vs_AUD,0.4344059672383151,0.03224489795918367,0.0010999891453096018,0.0,0.6222222222222222,3.8918196770853646,3.8874518833674974,48.99996956977161,48.78641453219493,0.9999993789749307,0.9956411129019374
flickr,10007936344,IMG_vs_AUD,0.9915192933766014,0.9816326530612245,2.839376443374372e-05,0.6,0.875,3.8883143725889067,3.8874518833674974,48.82851043990394,48.78641453219493,0.9965002130592641,0.9956411129019374
flickr,10008553263,DECODER_TARGET_vs_IMG,0.7142725539561326,0.8354294755135657,0.002313417506122961,0.4,0.5555555555555556,3.891819760925133,3.8826419615949512,48.999973677917886,48.552319136325806,0.9999994628146507,0.9908636558433838
flickr,10008553263,DECODER_TARGET_vs_AUD,0.709135563144305,0.8294599354723365,0.002553222093173769,0.4,0.5333333333333333,3.891819760925133,3.8816876621972476,48.999973677917886,48.50600778837722,0.9999994628146507,0.9899185262934126
flickr,10008553263,IMG_vs_AUD,0.9944077984346965,0.9940816326530613,3.376892412066591e-05,0.8,0.96,3.8826419615949512,3.8816876621972476,48.552319136325806,48.50600778837722,0.9908636558433838,0.9899185262934126
flickr,10009662863,DECODER_TARGET_vs_IMG,0.2288453896439667,-0.1839795918367347,0.0011186114994345166,0.0,0.6222222222222222,3.8918196885826224,3.887388853852542,48.9999701331369,48.7833396450559,0.9999993904721816,0.9955783601031816
flickr,10009662863,DECODER_TARGET_vs_AUD,0.24508706173078015,-0.15785714285714286,0.0016039854294061756,0.0,0.6222222222222222,3.8918196885826224,3.885476152876022,48.9999701331369,48.69012088190804,0.9999993904721816,0.9936759363654701
flickr,10009662863,IMG_vs_AUD,0.9940033465535159,0.9738775510204082,5.8994425731783876e-05,0.4,1.0,3.887388853852542,3.885476152876022,48.7833396450559,48.69012088190804,0.9955783601031816,0.9936759363654701
flickr,10013411946,DECODER_TARGET_vs_IMG,0.6164216599806573,0.7216326530612245,0.0009946711102582731,0.4,0.4888888888888889,3.8918197929076612,3.887841240182419,48.99997524506095,48.80541355362786,0.9999994947971623,0.9960288480332216
flickr,10013411946,DECODER_TARGET_vs_AUD,0.6228040270628326,0.7397959183673469,0.0016313431709201079,0.4,0.5111111111111111,3.8918197929076612,3.8853150213782435,48.99997524506095,48.68227600184892,0.9999994947971623,0.9935158367724269
flickr,10013411946,IMG_vs_AUD,0.9933431125295008,0.9892857142857143,9.606184412736535e-05,1.0,0.9565217391304348,3.887841240182419,3.8853150213782435,48.80541355362786,48.68227600184892,0.9960288480332216,0.9935158367724269
flickr,10016382545,DECODER_TARGET_vs_IMG,0.7514907520966781,0.6881632653061225,0.0010751620905464598,0.4,0.6222222222222222,3.8918197276255495,3.8875483848925763,48.99997204623919,48.79112272277055,0.9999994295150856,0.9957371984238889
flickr,10016382545,DECODER_TARGET_vs_AUD,0.7164789704301644,0.5828571428571429,0.0015086250800726724,0.4,0.6666666666666666,3.8918197276255495,3.885844936930045,48.99997204623919,48.70808033345387,0.9999994295150856,0.9940424557847729
flickr,10016382545,IMG_vs_AUD,0.9808921342722872,0.9586734693877551,8.404705089416715e-05,0.8,0.9333333333333333,3.8875483848925763,3.885844936930045,48.79112272277055,48.70808033345387,0.9957371984238889,0.9940424557847729
flickr,10031203703,DECODER_TARGET_vs_IMG,0.17957586339454354,-0.13683673469387755,0.0004066575596594676,0.0,0.5454545454545454,3.891819655713684,3.890203773264722,48.99996852255993,48.920854270304915,0.999999357603264,0.9983847810266309
flickr,10031203703,DECODER_TARGET_vs_AUD,0.10505212977219966,-0.18836734693877552,0.0008133714006291632,0.0,0.5454545454545454,3.891819655713684,3.8886104917378463,48.99996852255993,48.84297163787254,0.999999357603264,0.9967953395484191
flickr,10031203703,IMG_vs_AUD,0.9772985641654877,0.9648979591836735,9.581992093924999e-05,0.6,0.9428571428571428,3.890203773264722,3.8886104917378463,48.920854270304915,48.84297163787254,0.9983847810266309,0.9967953395484191
flickr,10035917404,DECODER_TARGET_vs_IMG,-0.4184771491153719,-0.5375510204081633,0.001131690173531938,0.0,0.24444444444444444,3.8918190816958975,3.887412211700114,48.999940395714525,48.78447913217532,0.9999987835860107,0.9956016149423534
flickr,10035917404,DECODER_TARGET_vs_AUD,-0.41308043152445406,-0.5307142857142857,0.0019051621579631176,0.0,0.26666666666666666,3.8918190816958975,3.8844104577325704,48.999940395714525,48.63825969556557,0.9999987835860107,0.9926175448074607
flickr,10035917404,IMG_vs_AUD,0.9899721232893086,0.98,0.00012948690756602632,0.8,0.9696969696969697,3.887412211700114,3.8844104577325704,48.78447913217532,48.63825969556557,0.9956016149423534,0.9926175448074607
flickr,10045181004,DECODER_TARGET_vs_IMG,0.5261250787722859,0.5722594966019392,0.0014530056360635302,0.2,0.4666666666666667,3.891819757614427,3.886032441563833,48.999973515693384,48.717214180511874,0.9999994595039466,0.994228860826773
flickr,10045181004,DECODER_TARGET_vs_AUD,0.5480390266408893,0.6107298657565275,0.0011946830630434595,0.2,0.4888888888888889,3.891819757614427,3.8870510845772785,48.999973515693384,48.76686491426462,0.9999994595039466,0.9952421411074412
flickr,10045181004,IMG_vs_AUD,0.9952597590295237,0.9944897959183674,2.5054323955769783e-05,0.8,0.9545454545454546,3.886032441563833,3.8870510845772785,48.717214180511874,48.76686491426462,0.994228860826773,0.9952421411074412
flickr,10060697266,DECODER_TARGET_vs_IMG,0.31695770718701116,-0.018775510204081632,0.002084130002191534,0.0,0.5111111111111111,3.8918197244553143,3.883541733887056,48.99997189089776,48.5960248274384,0.9999994263448523,0.9917556087232327
flickr,10060697266,DECODER_TARGET_vs_AUD,0.31982857709137524,-0.005918367346938775,0.0027619549477376354,0.0,0.4666666666666667,3.8918197244553143,3.8808654606804245,48.99997189089776,48.4661424661086,0.9999994263448523,0.9891049482879306
flickr,10060697266,IMG_vs_AUD,0.9955454358164092,0.9921428571428571,6.925073456238073e-05,1.0,0.9130434782608695,3.883541733887056,3.8808654606804245,48.5960248274384,48.4661424661086,0.9917556087232327,0.9891049482879306
flickr,10061269855,DECODER_TARGET_vs_IMG,0.5966871374178646,0.7019593872658342,0.0017700320279253946,0.2,0.5777777777777777,3.891819802462357,3.8847899322187702,48.9999757132408,48.65672017659245,0.999999504351853,0.9929942893182133
flickr,10061269855,DECODER_TARGET_vs_AUD,0.6110446470376619,0.7020614384960828,0.003041772669055554,0.0,0.5777777777777777,3.891819802462357,3.879792301489754,48.9999757132408,48.41415847842087,0.999999504351853,0.9880440505800179
flickr,10061269855,IMG_vs_AUD,0.993803507911475,0.9903061224489796,0.00020092421079549814,0.8,1.0,3.8847899322187702,3.879792301489754,48.65672017659245,48.41415847842087,0.9929942893182133,0.9880440505800179
flickr,10067897816,DECODER_TARGET_vs_IMG,0.28809656770260045,-0.015918367346938776,0.0010359209481668626,0.0,0.5652173913043478,3.891819748056783,3.887708433474534,48.99997304736908,48.798932297713485,0.9999994499463077,0.9958965775043568
flickr,10067897816,DECODER_TARGET_vs_AUD,0.38861564710874724,0.09030612244897959,0.0010605495140829902,0.0,0.6739130434782609,3.891819748056783,3.887624723504321,48.99997304736908,48.79484751151547,0.9999994499463077,0.9958132145207239
flickr,10067897816,IMG_vs_AUD,0.9797083728504679,0.9747959183673469,4.190452779497897e-05,0.6,0.84375,3.887708433474534,3.887624723504321,48.798932297713485,48.79484751151547,0.9958965775043568,0.9958132145207239
flickr,10069511285,DECODER_TARGET_vs_IMG,0.36673531625864325,0.2869387755102041,0.0007202143985223795,0.0,0.6666666666666666,3.891819744381502,3.8889615158299913,48.99997286728041,48.860119707166035,0.9999994462710289,0.9971453001462456
flickr,10069511285,DECODER_TARGET_vs_AUD,0.3922877149679772,0.3526530612244898,0.0012829805201114292,0.0,0.7333333333333333,3.891819744381502,3.886763102193922,48.99997286728041,48.75282293829569,0.9999994462710289,0.9949555701692997
flickr,10069511285,IMG_vs_AUD,0.9871015241701675,0.9791836734693877,0.00010626902590478627,0.8,0.8611111111111112,3.8889615158299913,3.886763102193922,48.860119707166035,48.75282293829569,0.9971453001462456,0.9949555701692997
flickr,10079676496,DECODER_TARGET_vs_IMG,-0.34652521512179546,-0.35112244897959183,0.0006129428979825501,0.0,0.10526315789473684,3.89181909444512,3.8894110829046737,48.99994102042567,48.88209054656437,0.9999987963352178,0.9975936846237626
flickr,10079676496,DECODER_TARGET_vs_AUD,-0.39059036942200026,-0.3979591836734694,0.0013439741627816468,0.0,0.1,3.89181909444512,3.886537258654524,48.99994102042567,48.741813671440354,0.9999987963352178,0.9947308912538848
flickr,10079676496,IMG_vs_AUD,0.9678104843697819,0.9521428571428572,0.00019969946352912233,0.8,0.9259259259259259,3.8894110829046737,3.886537258654524,48.88209054656437,48.741813671440354,0.9975936846237626,0.9947308912538848
flickr,10080652613,DECODER_TARGET_vs_IMG,0.1432950319486973,-0.13025842500220675,0.0009327005698680889,0.0,0.30952380952380953,3.891819483658091,3.888096592893937,48.999960091842,48.817877739629644,0.9999991855477959,0.9962832191761152
flickr,10080652613,DECODER_TARGET_vs_AUD,0.14876790092564016,-0.12750325267548557,0.0010347246464452488,0.0,0.38095238095238093,3.891819483658091,3.8876935983318135,48.999960091842,48.79820836395808,0.9999991855477959,0.9958818033460833
flickr,10080652613,IMG_vs_AUD,0.9904906320060717,0.991938775510204,2.1840810306488487e-05,0.6,0.88,3.888096592893937,3.8876935983318135,48.817877739629644,48.79820836395808,0.9962832191761152,0.9958818033460833
flickr,10106776154,DECODER_TARGET_vs_IMG,0.5800298466099141,0.5063265306122449,0.0007010582445763219,0.0,0.3333333333333333,3.891819233038171,3.88897063351845,48.99994781147746,48.86056520054652,0.9999989349281114,0.9971543918478881
flickr,10106776154,DECODER_TARGET_vs_AUD,0.5689275450541751,0.546734693877551,0.0009445235536545138,0.0,0.4,3.891819233038171,3.8880034505784478,48.99994781147746,48.81333094121266,0.9999989349281114,0.996190427371687
flickr,10106776154,IMG_vs_AUD,0.9821038187739669,0.9724489795918367,4.787727774706431e-05,0.8,0.7368421052631579,3.88897063351845,3.8880034505784478,48.86056520054652,48.81333094121266,0.9971543918478881,0.996190427371687
flickr,10109936483,DECODER_TARGET_vs_IMG,0.5282123518096999,0.5166326530612245,0.0010467623982526098,0.0,0.6222222222222222,3.891819781722733,3.8876495305310304,48.99997469699975,48.796057981614986,0.9999994836122398,0.9958379179921426
flickr,10109936483,DECODER_TARGET_vs_AUD,0.5356769625846131,0.5241836734693878,0.0007588985558568031,0.2,0.5777777777777777,3.891819781722733,3.888794056174888,48.99997469699975,48.85193829341905,0.9999994836122398,0.9969783325187562
flickr,10109936483,IMG_vs_AUD,0.9878536885350385,0.981326530612245,4.4682021898137183e-05,0.6,0.9285714285714286,3.8876495305310304,3.888794056174888,48.796057981614986,48.85193829341905,0.9958379179921426,0.9969783325187562
flickr,10110769444,DECODER_TARGET_vs_IMG,0.5504059447298323,0.4466326530612245,0.0015373385648750303,0.2,0.5909090909090909,3.8918197220713444,3.8857179838252702,48.9999717740833,48.70189708392758,0.9999994239608837,0.9939162670189301
flickr,10110769444,DECODER_TARGET_vs_AUD,0.5461853165364624,0.47030612244897957,0.0020059507587230924,0.2,0.5909090909090909,3.8918197220713444,3.8838707888238124,48.9999717740833,48.612018220522764,0.9999994239608837,0.9920820045004646
flickr,10110769444,IMG_vs_AUD,0.9922497307279592,0.9731632653061224,5.715039146987395e-05,0.4,0.8571428571428571,3.8857179838252702,3.8838707888238124,48.70189708392758,48.612018220522764,0.9939162670189301,0.9920820045004646
flickr,10111706074,DECODER_TARGET_vs_IMG,-0.7081942066447422,-0.7151020408163266,0.0008435028554629147,0.0,0.1794871794871795,3.8918126249661804,3.8886728168266282,48.999624017364624,48.84601587528144,0.9999923268849923,0.9968574668424783
flickr,10111706074,DECODER_TARGET_vs_AUD,-0.7182828217865482,-0.7270408163265306,0.0018323194672594735,0.0,0.17073170731707318,3.8918126249661804,3.8848540840065717,48.999624017364624,48.659841692304674,0.9999923268849923,0.9930579937205035
flickr,10111706074,IMG_vs_AUD,0.9968837611564051,0.9960204081632653,0.00019721572949139003,0.8,0.9166666666666666,3.8886728168266282,3.8848540840065717,48.84601587528144,48.659841692304674,0.9968574668424783,0.9930579937205035
flickr,10119607346,DECODER_TARGET_vs_IMG,0.6432916821479134,0.6197959183673469,0.001116918707569182,0.2,0.6,3.8918196199332398,3.887362487738372,48.999966769319315,48.78205343490947,0.9999993218228431,0.9955521109165199
flickr,10119607346,DECODER_TARGET_vs_AUD,0.6523536590064976,0.6248979591836735,0.0012630477994994183,0.2,0.6222222222222222,3.8918196199332398,3.8867895959464045,48.999966769319315,48.754114600629855,0.9999993218228431,0.9949819306250991
flickr,10119607346,IMG_vs_AUD,0.9936717285030713,0.9825510204081632,1.9768913655819978e-05,1.0,0.9642857142857143,3.887362487738372,3.8867895959464045,48.78205343490947,48.754114600629855,0.9955521109165199,0.9949819306250991
flickr,10119736773,DECODER_TARGET_vs_IMG,-0.5143943820873614,-0.5628571428571428,0.0010917220401439804,0.0,0.2,3.8918177125600244,3.8875879509865188,48.99987330818428,48.793053235106925,0.9999974144527404,0.9957765966348352
flickr,10119736773,DECODER_TARGET_vs_AUD,-0.5619943661569125,-0.5856122448979592,0.0019605053634707322,0.0,0.2,3.8918177125600244,3.884203116963759,48.99987330818428,48.62817604681851,0.9999974144527404,0.9924117560575206
flickr,10119736773,IMG_vs_AUD,0.992425431994705,0.9904081632653061,0.00014778626691339683,1.0,1.0,3.8875879509865188,3.884203116963759,48.793053235106925,48.62817604681851,0.9957765966348352,0.9924117560575206
flickr,10129791115,DECODER_TARGET_vs_IMG,0.27207043103567485,0.1366326530612245,0.000711813143418795,0.0,0.6590909090909091,3.89181977886794,3.8889973895385137,48.99997455711495,48.86187253229876,0.999999480757448,0.9971810720877299
flickr,10129791115,DECODER_TARGET_vs_AUD,0.14199274095582431,-0.027959183673469386,0.001138389845394052,0.0,0.7272727272727273,3.89181977886794,3.887346854319668,48.99997455711495,48.78129081060411,0.999999480757448,0.9955365471551859
flickr,10129791115,IMG_vs_AUD,0.964793633884602,0.9448979591836735,0.00011145377065238343,0.6,0.9117647058823529,3.8889973895385137,3.887346854319668,48.86187253229876,48.78129081060411,0.9971810720877299,0.9955365471551859
flickr,10129813456,DECODER_TARGET_vs_IMG,0.39708512625061304,0.13010204081632654,0.0007302359419023702,0.0,0.6222222222222222,3.8918193900715816,3.888892301834546,48.99995550610699,48.856738020094554,0.9999990919613672,0.9970762861243786
flickr,10129813456,DECODER_TARGET_vs_AUD,0.5067674782272831,0.2944897959183673,0.0011604493833851735,0.2,0.6222222222222222,3.8918193900715816,3.8871763871468046,48.99995550610699,48.77297591059989,0.9999990919613672,0.9953668553183651
flickr,10129813456,IMG_vs_AUD,0.9679781441306471,0.9514285714285714,0.0001091851852471979,0.6,0.8666666666666667,3.888892301834546,3.8871763871468046,48.856738020094554,48.77297591059989,0.9970762861243786,0.9953668553183651
flickr,10163352444,DECODER_TARGET_vs_IMG,0.42358070068829534,0.16285714285714287,0.0013847253630819329,0.0,0.6,3.8918194190458286,3.8862966498149945,48.99995692584383,48.73008737099864,0.9999991209355884,0.9944915789999722
flickr,10163352444,DECODER_TARGET_vs_AUD,0.45698290469535374,0.21612244897959185,0.0014947349103104713,0.0,0.5111111111111111,3.8918194190458286,3.885851762412957,48.99995692584383,48.70841279075844,0.9999991209355884,0.9940492406277233
flickr,10163352444,IMG_vs_AUD,0.9872626082171369,0.9754081632653061,3.918741370861217e-05,1.0,0.7931034482758621,3.8862966498149945,3.885851762412957,48.73008737099864,48.70841279075844,0.9944915789999722,0.9940492406277233
flickr,10165890496,DECODER_TARGET_vs_IMG,0.48651055243689817,0.6142817070317226,0.0030317104357862647,0.0,0.4222222222222222,3.8918198002020485,3.879712644678217,48.99997560248575,48.410302114518096,0.9999995020915459,0.9879653492758795
flickr,10165890496,DECODER_TARGET_vs_AUD,0.5096287775687781,0.6435186385151661,0.0036859753151298486,0.0,0.4222222222222222,3.8918198002020485,3.8771143623842472,48.99997560248575,48.28468175294149,0.9999995020915459,0.9854016684273773
flickr,10165890496,IMG_vs_AUD,0.9970947737568574,0.9929591836734694,5.228594678053451e-05,1.0,1.0,3.879712644678217,3.8771143623842472,48.410302114518096,48.28468175294149,0.9879653492758795,0.9854016684273773
flickr,10173808724,DECODER_TARGET_vs_IMG,-0.33406270255448256,-0.27122448979591834,0.0009974322954326318,0.0,0.21428571428571427,3.891815540513884,3.887952831137606,48.99976687831417,48.81086010023162,0.9999952424145748,0.9961400020455433
flickr,10173808724,DECODER_TARGET_vs_AUD,-0.5059098935458368,-0.4707142857142857,0.00150304097104992,0.0,0.17777777777777778,3.891815540513884,3.886045522318323,48.99976687831417,48.71785144259792,0.9999952424145748,0.9942418661754677
flickr,10173808724,IMG_vs_AUD,0.968261219166502,0.9492857142857143,0.00012548884847454848,0.4,0.875,3.887952831137606,3.886045522318323,48.81086010023162,48.71785144259792,0.9961400020455433,0.9942418661754677
flickr,10202025415,DECODER_TARGET_vs_IMG,0.502648086914257,0.4660204081632653,0.0022339487917363244,0.0,0.4222222222222222,3.8918197986137173,3.8829361315308715,48.99997552465756,48.566603869901485,0.9999995005032155,0.9911551810183976
flickr,10202025415,DECODER_TARGET_vs_AUD,0.4680264824674725,0.4259183673469388,0.001875278597116897,0.0,0.5111111111111111,3.8918197986137173,3.884379229882029,48.99997552465756,48.63674085097645,0.9999995005032155,0.9925865479791113
flickr,10202025415,IMG_vs_AUD,0.9914987801259058,0.9878571428571429,4.9785995147495494e-05,0.8,0.8260869565217391,3.8829361315308715,3.884379229882029,48.566603869901485,48.63674085097645,0.9911551810183976,0.9925865479791113
flickr,10221582415,DECODER_TARGET_vs_IMG,0.6993986595663121,0.790550539321809,0.0009040743451568098,0.4,0.7111111111111111,3.8918198032956886,3.8882511283291588,48.999975754074036,48.825422414557536,0.9999995051851844,0.9964371921338273
flickr,10221582415,DECODER_TARGET_vs_AUD,0.7216785542221502,0.8110107669110722,0.001343019241866598,0.4,0.7111111111111111,3.8918198032956886,3.8865403085036494,48.999975754074036,48.741962326844835,0.9999995051851844,0.9947339250376497
flickr,10221582415,IMG_vs_AUD,0.977013767386258,0.9603061224489796,9.231053755205193e-05,0.6,0.9393939393939394,3.8882511283291588,3.8865403085036494,48.825422414557536,48.741962326844835,0.9964371921338273,0.9947339250376497
flickr,10234680056,DECODER_TARGET_vs_IMG,0.5085723903668784,0.6397101968968539,0.00279742643034996,0.0,0.5555555555555556,3.8918197974144806,3.880749709576947,48.999975465894984,48.460532781306725,0.9999994993039792,0.988990464924627
flickr,10234680056,DECODER_TARGET_vs_AUD,0.5218256138844798,0.6353223298580017,0.002201670676384367,0.0,0.5333333333333333,3.8918197974144806,3.8830967504664162,48.999975465894984,48.574405212623006,0.9999994993039792,0.991314392094347
flickr,10234680056,IMG_vs_AUD,0.9935849389980113,0.9944897959183674,6.826688465918171e-05,1.0,0.96,3.880749709576947,3.8830967504664162,48.460532781306725,48.574405212623006,0.988990464924627,0.991314392094347
flickr,10246013484,DECODER_TARGET_vs_IMG,0.5763768684770673,0.44020408163265307,0.001967256499590957,0.2,0.6222222222222222,3.8918195937676856,3.8840062000444258,48.999965487208044,48.618601278946414,0.999999295657307,0.9922163526315595
flickr,10246013484,DECODER_TARGET_vs_AUD,0.5737172788641466,0.45479591836734695,0.0019693583832662495,0.2,0.6,3.8918195937676856,3.883991173315824,48.999965487208044,48.61787070590907,0.999999295657307,0.9922014429777362
flickr,10246013484,IMG_vs_AUD,0.9939041471636049,0.9936734693877551,2.4193864580642773e-05,1.0,0.896551724137931,3.8840062000444258,3.883991173315824,48.618601278946414,48.61787070590907,0.9922163526315595,0.9922014429777362
flickr,10268129763,DECODER_TARGET_vs_IMG,0.7271419336488837,0.8640816326530613,0.001079343046313797,0.4,0.4666666666666667,3.8918197750191674,3.88750320971954,48.9999743685252,48.78891862514454,0.9999994769086776,0.9956922168396845
flickr,10268129763,DECODER_TARGET_vs_AUD,0.7088554637494404,0.8330612244897959,0.0013253829648653239,0.2,0.4666666666666667,3.8918197750191674,3.886528031190484,48.9999743685252,48.74136391018254,0.9999994769086776,0.9947217124527049
flickr,10268129763,IMG_vs_AUD,0.9807250306208645,0.9672448979591837,5.782638848681598e-05,0.8,0.9090909090909091,3.88750320971954,3.886528031190484,48.78891862514454,48.74136391018254,0.9956922168396845,0.9947217124527049
flickr,10278084464,DECODER_TARGET_vs_IMG,0.5193386893039657,0.6872114086779172,0.002741319340276857,0.2,0.5333333333333333,3.8918197785342,3.880975090276475,48.99997454076171,48.471456080988695,0.9999994804237085,0.9892133894079326
flickr,10278084464,DECODER_TARGET_vs_AUD,0.5360937778214389,0.7017015742480804,0.0013980384903795554,0.2,0.5333333333333333,3.8918197785342,3.8862671330527654,48.99997454076171,48.728649037823885,0.9999994804237085,0.9944622252617119
flickr,10278084464,IMG_vs_AUD,0.9704700802579495,0.9618367346938775,0.0003365019954442932,1.0,0.8461538461538461,3.880975090276475,3.8862671330527654,48.471456080988695,48.728649037823885,0.9892133894079326,0.9944622252617119
flickr,10283938426,DECODER_TARGET_vs_IMG,0.7032069134018957,0.7257142857142858,0.0005892459510873488,0.6,0.6444444444444445,3.8918196537658405,3.8894566640197143,48.999968427115654,48.88431869753742,0.9999993556554215,0.9976391570926003
flickr,10283938426,DECODER_TARGET_vs_AUD,0.7415318882024075,0.715204081632653,0.0006434794379306912,0.8,0.7111111111111111,3.8918196537658405,3.8892473402865817,48.999968427115654,48.87408712034933,0.9999993556554215,0.9974303493948843
flickr,10283938426,IMG_vs_AUD,0.9796598177105369,0.9575510204081633,2.5746184493836055e-05,0.8,0.90625,3.8894566640197143,3.8892473402865817,48.88431869753742,48.87408712034933,0.9976391570926003,0.9974303493948843
flickr,10289643764,DECODER_TARGET_vs_IMG,0.46544047286458784,0.5108163265306123,0.0014429783442843284,0.4,0.28888888888888886,3.8918197891190967,3.8860242657658257,48.99997505942138,48.71681588003746,0.9999994910085996,0.9942207322456624
flickr,10289643764,DECODER_TARGET_vs_AUD,0.4613920814842945,0.5319387755102041,0.0023919661746134163,0.4,0.3111111111111111,3.8918197891190967,3.8822190664686214,48.99997505942138,48.53179093813446,0.9999994910085996,0.9904447130231523
flickr,10289643764,IMG_vs_AUD,0.9959784529839637,0.9904081632653061,0.0001348585521423601,1.0,0.9285714285714286,3.8860242657658257,3.8822190664686214,48.71681588003746,48.53179093813446,0.9942207322456624,0.9904447130231523
flickr,10304554474,DECODER_TARGET_vs_IMG,-0.3677652454077889,-0.42336734693877554,0.0011020781626916573,0.0,0.05555555555555555,3.891819488771107,3.8874487919824325,48.99996034237959,48.786263714834796,0.9999991906608079,0.9956380349966285
flickr,10304554474,DECODER_TARGET_vs_AUD,-0.4028609322696553,-0.43520408163265306,0.0018575339048949233,0.0,0.05405405405405406,3.891819488771107,3.8844528967251053,48.99996034237959,48.64032389810673,0.9999991906608079,0.9926596713899333
flickr,10304554474,IMG_vs_AUD,0.9930261746783616,0.9920408163265306,0.00011782122547898124,1.0,0.8421052631578947,3.8874487919824325,3.8844528967251053,48.786263714834796,48.64032389810673,0.9956380349966285,0.9926596713899333
flickr,10308472565,DECODER_TARGET_vs_IMG,0.6061800084853864,0.6811572027847005,0.0014865603507141216,0.0,0.5333333333333333,3.8918197743588414,3.8858928018848924,48.999974336169245,48.71041179931703,0.999999476248352,0.9940900367207557
flickr,10308472565,DECODER_TARGET_vs_AUD,0.5815764053378599,0.6606969751954372,0.0009972951590264088,0.0,0.4666666666666667,3.8918197743588414,3.8878346456238377,48.999974336169245,48.80509170453031,0.999999476248352,0.9960222796842921
flickr,10308472565,IMG_vs_AUD,0.9928569523961553,0.9903061224489796,6.610690038133399e-05,1.0,0.875,3.8858928018848924,3.8878346456238377,48.71041179931703,48.80509170453031,0.9940900367207557,0.9960222796842921
flickr,10369815925,DECODER_TARGET_vs_IMG,0.6143840629989,0.6271078345875923,0.0009270812561539559,0.0,0.6222222222222222,3.8918197827332417,3.888126420156082,48.999974746514646,48.81933386498236,0.9999994846227479,0.9963129360200482
flickr,10369815925,DECODER_TARGET_vs_AUD,0.6031753302125024,0.5836373378771026,0.0008925562308058528,0.0,0.6444444444444445,3.8918197827332417,3.8882665232417075,48.999974746514646,48.82617408345169,0.9999994846227479,0.9964525323153406
flickr,10369815925,IMG_vs_AUD,0.9934610024506662,0.9875510204081632,1.2706838225039689e-05,1.0,0.9655172413793104,3.888126420156082,3.8882665232417075,48.81933386498236,48.82617408345169,0.9963129360200482,0.9964525323153406
flickr,10389014583,DECODER_TARGET_vs_IMG,0.6527069639380813,0.6538775510204081,0.0010288918802510028,0.0,0.5555555555555556,3.8918197656915177,3.8877055879403266,48.999973911470605,48.79879343887991,0.9999994675810328,0.9958937436506105
flickr,10389014583,DECODER_TARGET_vs_AUD,0.6553711551085301,0.6445918367346939,0.001707063953700815,0.0,0.5555555555555556,3.8918197656915177,3.8850279304167943,48.999973911470605,48.66830176646033,0.9999994675810328,0.9932306482951088
flickr,10389014583,IMG_vs_AUD,0.9953330065843441,0.9906122448979592,9.863160375934437e-05,1.0,1.0,3.8877055879403266,3.8850279304167943,48.79879343887991,48.66830176646033,0.9958937436506105,0.9932306482951088
flickr,10409146004,DECODER_TARGET_vs_IMG,0.6154136709833145,0.5826530612244898,0.0009695253832172854,0.6,0.6046511627906976,3.891819708110748,3.8879426025349697,48.99997109001448,48.8103608358927,0.9999994100002956,0.9961298129774021
flickr,10409146004,DECODER_TARGET_vs_AUD,0.6005325060223863,0.5693877551020409,0.0013665916445484735,0.6,0.6511627906976745,3.891819708110748,3.886371498679263,48.99997109001448,48.73373489919903,0.9999994100002956,0.9945660183510006
flickr,10409146004,IMG_vs_AUD,0.9951346321451884,0.9877551020408163,4.51956440899573e-05,1.0,0.9285714285714286,3.8879426025349697,3.886371498679263,48.8103608358927,48.73373489919903,0.9961298129774021,0.9945660183510006
flickr,10409351364,DECODER_TARGET_vs_IMG,0.5397541173777313,0.8382109183776539,0.0027835877069767156,0.0,0.4444444444444444,3.8918198066973475,3.8808078494122653,48.99997592075524,48.463350350607776,0.9999995085868416,0.9890479663389342
flickr,10409351364,DECODER_TARGET_vs_AUD,0.5275858895373765,0.8171357260429425,0.002881202883179808,0.0,0.4666666666666667,3.8918198066973475,3.8804353285319038,48.99997592075524,48.445300102925714,0.9999995085868416,0.9886795939372595
flickr,10409351364,IMG_vs_AUD,0.996827744091055,0.9948979591836735,1.877835100664251e-05,1.0,0.9523809523809523,3.8808078494122653,3.8804353285319038,48.463350350607776,48.445300102925714,0.9890479663389342,0.9886795939372595
flickr,10413912845,DECODER_TARGET_vs_IMG,0.6084424253889801,0.6891853988601608,0.0023619654813522963,0.0,0.4666666666666667,3.8918197996257176,3.8824533410239654,48.999975574245546,48.54316203380373,0.9999995015152152,0.9906767762000762
flickr,10413912845,DECODER_TARGET_vs_AUD,0.5819011103108529,0.6379059640593566,0.0013509009328231377,0.0,0.4444444444444444,3.8918197996257176,3.8864396849211587,48.999975574245546,48.73705798272835,0.9999995015152152,0.9946338363822113
flickr,10413912845,IMG_vs_AUD,0.9918579045260543,0.9821428571428571,0.00016886929827503272,0.6,0.782608695652174,3.8824533410239654,3.8864396849211587,48.54316203380373,48.73705798272835,0.9906767762000762,0.9946338363822113
flickr,10437048305,DECODER_TARGET_vs_IMG,0.535964507764571,0.740188847776457,0.0031638701209899694,0.4,0.4888888888888889,3.8918198060216906,3.879302111697858,48.99997588764807,48.39043216782423,0.9999995079111851,0.9875598401596781
flickr,10437048305,DECODER_TARGET_vs_AUD,0.558582399796713,0.7926512123320415,0.0021272976431580383,0.4,0.5777777777777777,3.8918198060216906,3.883402991101037,48.99997588764807,48.58928294726882,0.9999995079111851,0.9916180193320168
flickr,10437048305,IMG_vs_AUD,0.9859369130639906,0.9846938775510204,0.00017697818176638683,0.8,0.8461538461538461,3.879302111697858,3.883402991101037,48.39043216782423,48.58928294726882,0.9875598401596781,0.9916180193320168
flickr,10440265465,DECODER_TARGET_vs_IMG,0.7168888054226562,0.8810143386129905,0.001572817210877357,0.4,0.4666666666666667,3.891819786129795,3.8855604422696914,48.99997491294567,48.694225115644116,0.9999994880192994,0.993759696237635
flickr,10440265465,DECODER_TARGET_vs_AUD,0.6801255177922724,0.8485637033342587,0.0018190878672096635,0.2,0.4444444444444444,3.891819786129795,3.8845675062739096,48.99997491294567,48.645898863148396,0.9999994880192994,0.9927734461867019
flickr,10440265465,IMG_vs_AUD,0.9887289888790095,0.9829591836734693,4.695998969877897e-05,0.8,0.9523809523809523,3.8855604422696914,3.8845675062739096,48.694225115644116,48.645898863148396,0.993759696237635,0.9927734461867019
flickr,10441843213,DECODER_TARGET_vs_IMG,0.4680367300536979,0.4846938775510204,0.0015874628472928001,0.0,0.5333333333333333,3.8918197830205297,3.8855240560455075,48.99997476059175,48.692453348886744,0.9999994849100357,0.9937235377323825
flickr,10441843213,DECODER_TARGET_vs_AUD,0.4367458371069635,0.43357142857142855,0.0017723157240779747,0.0,0.4888888888888889,3.8918197830205297,3.8847883285245115,48.99997476059175,48.65664214615222,0.9999994849100357,0.9929926968602495
flickr,10441843213,IMG_vs_AUD,0.9943792073883954,0.9877551020408163,2.3196269457115366e-05,0.8,0.9166666666666666,3.8855240560455075,3.8847883285245115,48.692453348886744,48.65664214615222,0.9937235377323825,0.9929926968602495
flickr,10446128125,DECODER_TARGET_vs_IMG,0.7079780726884991,0.7344897959183674,0.0006198228478037234,0.2,0.6,3.8918197098172636,3.8893352450524037,48.99997117363369,48.87838357436903,0.99999941170681,0.9975180321299802
flickr,10446128125,DECODER_TARGET_vs_AUD,0.6953435706125316,0.710204081632653,0.0011351540859039333,0.2,0.6,3.8918197098172636,3.887288278904436,48.99997117363369,48.77843350992393,0.99999941170681,0.9954782348964067
flickr,10446128125,IMG_vs_AUD,0.9648938152444878,0.9221428571428572,0.00013481440069093253,0.8,1.0,3.8893352450524037,3.887288278904436,48.87838357436903,48.77843350992393,0.9975180321299802,0.9954782348964067
flickr,10451898725,DECODER_TARGET_vs_IMG,0.3773779226416703,0.5584553198224155,0.003010966573898885,0.0,0.4444444444444444,3.8918198078776234,3.879846001925862,48.99997597858873,48.41675840965304,0.9999995097671169,0.9880971104010825
flickr,10451898725,DECODER_TARGET_vs_AUD,0.40517794314088484,0.5803294734678802,0.0034099604616329425,0.0,0.5111111111111111,3.8918198078776234,3.878332060726455,48.99997597858873,48.34351374240447,0.9999995097671169,0.9866023212735606
flickr,10451898725,IMG_vs_AUD,0.9946782720682766,0.9941836734693877,4.641121363340834e-05,0.8,0.8695652173913043,3.879846001925862,3.878332060726455,48.41675840965304,48.34351374240447,0.9880971104010825,0.9866023212735606
flickr,10468313544,DECODER_TARGET_vs_IMG,0.5496793365707661,0.6411041388007312,0.0017821201277633274,0.0,0.6666666666666666,3.8918198002171605,3.884808954748142,48.99997560322623,48.65764575928458,0.9999995021066578,0.9930131787609098
flickr,10468313544,DECODER_TARGET_vs_AUD,0.5381796671772068,0.6433491513042913,0.0015827096701105776,0.0,0.6888888888888889,3.8918198002171605,3.8856022364468776,48.99997560322623,48.69626029324553,0.9999995021066578,0.9938012304743986
flickr,10468313544,IMG_vs_AUD,0.9947427162733575,0.9935714285714285,2.3382441984565037e-05,1.0,0.967741935483871,3.884808954748142,3.8856022364468776,48.65764575928458,48.69626029324553,0.9930131787609098,0.9938012304743986
flickr,10476442285,DECODER_TARGET_vs_IMG,0.5246554003523575,0.6445751188442059,0.0014902155600884706,0.0,0.4,3.8918198075372996,3.8858723515611016,48.999975961912874,48.709415665809416,0.9999995094267934,0.9940697074654983
flickr,10476442285,DECODER_TARGET_vs_AUD,0.5489361338122726,0.6640798475671532,0.0010305082348354404,0.0,0.5111111111111111,3.8918198075372996,3.88771540591699,48.999975961912874,48.79927254664702,0.9999995094267934,0.9959035213601433
flickr,10476442285,IMG_vs_AUD,0.9908151991806381,0.990204081632653,6.494169142874057e-05,1.0,0.782608695652174,3.8858723515611016,3.88771540591699,48.709415665809416,48.79927254664702,0.9940697074654983,0.9959035213601433
flickr,10476446674,DECODER_TARGET_vs_IMG,0.5648169462511309,0.8742056858334958,0.001323399309743635,0.2,0.4,3.891819807687866,3.886525413303208,48.99997596929062,48.741236310953155,0.9999995095773595,0.9947191083867991
flickr,10476446674,DECODER_TARGET_vs_AUD,0.5863757850008608,0.8811020668062955,0.0013312266950693187,0.2,0.4222222222222222,3.891819807687866,3.8865060031635705,48.99997596929062,48.74029024593192,0.9999995095773595,0.9946998009373861
flickr,10476446674,IMG_vs_AUD,0.9968925451917371,0.996734693877551,8.164881158204503e-06,1.0,0.9473684210526315,3.886525413303208,3.8865060031635705,48.741236310953155,48.74029024593192,0.9947191083867991,0.9946998009373861
flickr,10477544895,DECODER_TARGET_vs_IMG,0.7440809072907315,0.746734693877551,0.001706461987437775,0.2,0.6,3.89181976186667,3.885062894899274,48.99997372405318,48.67000345819397,0.9999994637561873,0.9932653766978361
flickr,10477544895,DECODER_TARGET_vs_AUD,0.7273486448148637,0.7634693877551021,0.001579435716284615,0.2,0.5555555555555556,3.89181976186667,3.8855501309826384,48.99997372405318,48.69372301809976,0.9999994637561873,0.9937494493489747
flickr,10477544895,IMG_vs_AUD,0.9906846467604329,0.981734693877551,3.3673223139307705e-05,0.8,0.9259259259259259,3.885062894899274,3.8855501309826384,48.67000345819397,48.69372301809976,0.9932653766978361,0.9937494493489747
flickr,10481128583,DECODER_TARGET_vs_IMG,0.6763353136803902,0.7638775510204082,0.0019526245186019253,0.2,0.5111111111111111,3.8918197868461086,3.8840562466935227,48.99997494804502,48.621034537911925,0.9999994887356127,0.9922660109777944
flickr,10481128583,DECODER_TARGET_vs_AUD,0.6715403923577746,0.7337755102040816,0.0008486118063873871,0.2,0.5333333333333333,3.8918197868461086,3.888428881403346,48.99997494804502,48.83410205488374,0.9999994887356127,0.9966143276506887
flickr,10481128583,IMG_vs_AUD,0.9781348200267038,0.9733673469387755,0.00028209840210057175,0.8,0.88,3.8840562466935227,3.888428881403346,48.621034537911925,48.83410205488374,0.9922660109777944,0.9966143276506887
flickr,10520382525,DECODER_TARGET_vs_IMG,0.5264129157263789,0.5001020408163265,0.0023938639569368453,0.0,0.5111111111111111,3.8918197721483523,3.8823207409139093,48.99997422785533,48.536725631918806,0.9999994740378639,0.9905454210595674
flickr,10520382525,DECODER_TARGET_vs_AUD,0.541552555741113,0.5143877551020408,0.002698922469601914,0.0,0.5111111111111111,3.8918197721483523,3.881133898069978,48.99997422785533,48.47915433723216,0.9999994740378639,0.9893704966782073
flickr,10520382525,IMG_vs_AUD,0.9981930058892539,0.9963265306122449,1.8534755023825032e-05,1.0,1.0,3.8823207409139093,3.881133898069978,48.536725631918806,48.47915433723216,0.9905454210595674,0.9893704966782073
flickr,10545790805,DECODER_TARGET_vs_IMG,0.7240431124579733,0.7690816326530612,0.0014700552227092114,0.4,0.5777777777777777,3.8918197070369867,3.885971804177426,48.9999710374002,48.7142601855331,0.9999994089265347,0.9941685752149612
flickr,10545790805,DECODER_TARGET_vs_AUD,0.732625181744782,0.7722448979591837,0.001764879727776507,0.4,0.6,3.8918197070369867,3.88482318792169,48.9999710374002,48.65833831692975,0.9999994089265347,0.9930273125904031
flickr,10545790805,IMG_vs_AUD,0.9957178764362452,0.9936734693877551,2.7063700639686386e-05,1.0,0.9629629629629629,3.885971804177426,3.88482318792169,48.7142601855331,48.65833831692975,0.9941685752149612,0.9930273125904031
flickr,10548273474,DECODER_TARGET_vs_IMG,0.6478874771565662,0.6914833984172704,0.0012920450791414854,0.0,0.5555555555555556,3.891819798126905,3.8866831408659315,48.999975500803764,48.74892475368434,0.9999995000164034,0.9948760153813131
flickr,10548273474,DECODER_TARGET_vs_AUD,0.6622866334018185,0.7315915787106786,0.0009802887624298618,0.0,0.5555555555555556,3.891819798126905,3.8879228567037987,48.999975500803764,48.809397044263704,0.9999995000164034,0.9961101437604838
flickr,10548273474,IMG_vs_AUD,0.9751944699777412,0.9470408163265306,7.752668824897614e-05,0.8,1.0,3.8866831408659315,3.8879228567037987,48.74892475368434,48.809397044263704,0.9948760153813131,0.9961101437604838
flickr,10549911663,DECODER_TARGET_vs_IMG,0.6910299287565692,0.8045918367346939,0.00108177679540604,0.2,0.5111111111111111,3.8918197842576756,3.8875019694190422,48.99997482121187,48.788858112262005,0.999999486147181,0.9956909818828981
flickr,10549911663,DECODER_TARGET_vs_AUD,0.7068333683666695,0.8106122448979591,0.00103652930345594,0.2,0.5333333333333333,3.8918197842576756,3.887684504750545,48.99997482121187,48.7977646155022,0.999999486147181,0.995872747255147
flickr,10549911663,IMG_vs_AUD,0.9966675699406954,0.9937755102040816,7.565165172636818e-06,0.8,0.9583333333333334,3.8875019694190422,3.887684504750545,48.788858112262005,48.7977646155022,0.9956909818828981,0.995872747255147
flickr,10555704135,DECODER_TARGET_vs_IMG,0.4177960863394053,0.7199265946491225,0.003222584866641141,0.2,0.4444444444444444,3.8918198072173795,3.878970758750822,48.999975946236795,48.374400511732,0.9999995091068734,0.9872326635047347
flickr,10555704135,DECODER_TARGET_vs_AUD,0.4655482818762839,0.7766917065579237,0.002029726750361236,0.4,0.4444444444444444,3.8918198072173795,3.8837175086112965,48.999975946236795,48.60456753107532,0.9999995091068734,0.991929949613782
flickr,10555704135,IMG_vs_AUD,0.9791483170146371,0.9677551020408163,0.0002439211639196018,0.8,0.9047619047619048,3.878970758750822,3.8837175086112965,48.374400511732,48.60456753107532,0.9872326635047347,0.991929949613782
flickr,10557361454,DECODER_TARGET_vs_IMG,0.3117488488309693,0.46189565371366104,0.002333167560353947,0.2,0.4444444444444444,3.8918198015024004,3.882522812187367,48.99997566620296,48.546534500888654,0.999999503391897,0.9907456020589521
flickr,10557361454,DECODER_TARGET_vs_AUD,0.2559416195676863,0.384283712783648,0.003289701061258551,0.0,0.4666666666666667,3.8918198015024004,3.878763419289266,48.99997566620296,48.36437162930428,0.999999503391897,0.9870279924347812
flickr,10557361454,IMG_vs_AUD,0.9885513017263904,0.9839795918367347,0.00014246602005859826,0.8,0.782608695652174,3.882522812187367,3.878763419289266,48.546534500888654,48.36437162930428,0.9907456020589521,0.9870279924347812
flickr,10610974774,DECODER_TARGET_vs_IMG,0.7197989800770224,0.81,0.0020753311844549215,0.2,0.6888888888888889,3.89181977752195,3.8836386143196746,48.99997449116148,48.60073305941131,0.9999994794114588,0.9918516950900268
flickr,10610974774,DECODER_TARGET_vs_AUD,0.7337642591070415,0.8307142857142857,0.001856215363169207,0.2,0.6888888888888889,3.89181977752195,3.8845076088745407,48.99997449116148,48.642985187578205,0.9999994794114588,0.9927139834199634
flickr,10610974774,IMG_vs_AUD,0.9939827464214556,0.9926530612244898,2.9094961140226045e-05,1.0,0.9375,3.8836386143196746,3.8845076088745407,48.60073305941131,48.642985187578205,0.9918516950900268,0.9927139834199634
flickr,10624261424,DECODER_TARGET_vs_IMG,0.5309628387288207,0.41214285714285714,0.0026986772129663234,0.2,0.5111111111111111,3.8918196798541524,3.881064989581998,48.99996970544213,48.4758138271043,0.999999381743717,0.9893023230021285
flickr,10624261424,DECODER_TARGET_vs_AUD,0.5390559020763137,0.4063265306122449,0.0025955972411590934,0.2,0.5111111111111111,3.8918196798541524,3.881475693008002,48.99996970544213,48.495727098865984,0.999999381743717,0.9897087163033874
flickr,10624261424,IMG_vs_AUD,0.9946933519793438,0.9940816326530613,2.8729689714292544e-05,0.8,0.84,3.881064989581998,3.881475693008002,48.4758138271043,48.495727098865984,0.9893023230021285,0.9897087163033874
flickr,10635080206,DECODER_TARGET_vs_IMG,-0.6371376340891294,-0.6854081632653061,0.0009260870843357966,0.0,0.13953488372093023,3.8918163905717544,3.8882832822398794,48.99980853096935,48.82699236807069,0.9999960924687622,0.9964692320014427
flickr,10635080206,DECODER_TARGET_vs_AUD,-0.6595999010095135,-0.7343877551020408,0.0018741848890200376,0.0,0.13636363636363635,3.8918163905717544,3.8846321378592794,48.99980853096935,48.649043026318694,0.9999960924687622,0.9928376127820142
flickr,10635080206,IMG_vs_AUD,0.981009187299324,0.9667346938775511,0.00021546879424519253,0.6,0.896551724137931,3.8882832822398794,3.8846321378592794,48.82699236807069,48.649043026318694,0.9964692320014427,0.9928376127820142
flickr,10654057765,DECODER_TARGET_vs_IMG,0.7375856246386336,0.8083673469387755,0.001210080223266052,0.2,0.5319148936170213,3.891819765350922,3.886999136988706,48.999973894781434,48.764331659028905,0.9999994672404374,0.995190442020998
flickr,10654057765,DECODER_TARGET_vs_AUD,0.7385237089414616,0.8046938775510204,0.000865917689606517,0.4,0.5319148936170213,3.891819765350922,3.888363675208669,48.999973894781434,48.8309178727336,0.9999994672404374,0.996549344341502
flickr,10654057765,IMG_vs_AUD,0.9909488421899614,0.9943877551020408,4.7451925913193126e-05,0.8,0.9230769230769231,3.886999136988706,3.888363675208669,48.764331659028905,48.8309178727336,0.995190442020998,0.996549344341502
flickr,10659354545,DECODER_TARGET_vs_IMG,-0.618424867930195,-0.6273469387755102,0.0011208154723701693,0.0,0.1590909090909091,3.8918168890845806,3.8874941129585916,48.99983295800847,48.788474806033534,0.9999965909797647,0.9956831593068068
flickr,10659354545,DECODER_TARGET_vs_AUD,-0.6076727478571027,-0.6375510204081632,0.0017104779272547558,0.0,0.1590909090909091,3.8918168890845806,3.885197623624771,48.99983295800847,48.67656114747448,0.9999965909797647,0.9933992070913159
flickr,10659354545,IMG_vs_AUD,0.9919621293923168,0.988265306122449,8.53948131437673e-05,0.8,1.0,3.8874941129585916,3.885197623624771,48.788474806033534,48.67656114747448,0.9956831593068068,0.9933992070913159
flickr,10666396623,DECODER_TARGET_vs_IMG,0.6174315085866869,0.8855327944920879,0.001176005140406152,0.6,0.5555555555555556,3.8918197979741818,3.887142392628754,48.99997549332033,48.77131792497128,0.9999994998636802,0.9953330188769649
flickr,10666396623,DECODER_TARGET_vs_AUD,0.6146884876799735,0.9104313888520866,0.002366438674762878,0.6,0.4888888888888889,3.8918197979741818,3.8824323832141023,48.99997549332033,48.5421446861044,0.9999994998636802,0.9906560140021307
flickr,10666396623,IMG_vs_AUD,0.9917534250731322,0.99,0.0002322465328902452,0.6,0.88,3.887142392628754,3.8824323832141023,48.77131792497128,48.5421446861044,0.9953330188769649,0.9906560140021307
flickr,10667001125,DECODER_TARGET_vs_IMG,0.6465253192690719,0.9005281042780025,0.002211155673815303,0.4,0.5333333333333333,3.891819795600298,3.883033289265161,48.999975377000084,48.57132272032832,0.9999994974897977,0.9912514840883331
flickr,10667001125,DECODER_TARGET_vs_AUD,0.6653191750605532,0.9002219583985946,0.002673186724420881,0.2,0.4888888888888889,3.891819795600298,3.8812102622398696,48.999975377000084,48.48285654896653,0.9999994974897977,0.9894460520197251
flickr,10667001125,IMG_vs_AUD,0.9924588958587302,0.985204081632653,5.841336730758679e-05,0.8,0.9166666666666666,3.883033289265161,3.8812102622398696,48.57132272032832,48.48285654896653,0.9912514840883331,0.9894460520197251
flickr,10701841844,DECODER_TARGET_vs_IMG,0.6456981116270435,0.8517564226348764,0.0018233901093376447,0.2,0.4666666666666667,3.8918197910119403,3.884547672316426,48.99997515217067,48.64493403202684,0.9999994929014422,0.9927537557556497
flickr,10701841844,DECODER_TARGET_vs_AUD,0.6475919413438708,0.8567055284810237,0.0016271346102857982,0.4,0.4,3.8918197910119403,3.8853139028281065,48.99997515217067,48.68222154831288,0.9999994929014422,0.9935147254757731
flickr,10701841844,IMG_vs_AUD,0.990428294607921,0.9881632653061224,3.807770854730295e-05,0.8,0.8571428571428571,3.884547672316426,3.8853139028281065,48.64493403202684,48.68222154831288,0.9927537557556497,0.9935147254757731
flickr,10743985374,DECODER_TARGET_vs_IMG,0.7749580994677283,0.8125510204081633,0.0006996810940087905,0.6,0.7111111111111111,3.891819712766774,3.889032792622883,48.999971318159616,48.863602423916035,0.9999994146563187,0.9972163759982864
flickr,10743985374,DECODER_TARGET_vs_AUD,0.7953862737907931,0.8658163265306122,0.001101656453258225,0.6,0.7555555555555555,3.891819712766774,3.887456057684416,48.999971318159616,48.78661818257557,0.9999994146563187,0.9956452690321546
flickr,10743985374,IMG_vs_AUD,0.9915935855263434,0.986938775510204,6.0162902571641826e-05,0.8,0.9411764705882353,3.889032792622883,3.887456057684416,48.863602423916035,48.78661818257557,0.9972163759982864,0.9956452690321546
flickr,10751849775,DECODER_TARGET_vs_IMG,0.6146819300330353,0.6769050233075898,0.0010158121944994463,0.0,0.6666666666666666,3.891819709765281,3.8877775112992157,48.99997117108655,48.80230333823413,0.9999994116548275,0.9959653742496761
flickr,10751849775,DECODER_TARGET_vs_AUD,0.659534980935449,0.7125691984257029,0.0011649346313563082,0.0,0.7111111111111111,3.891819709765281,3.8871985098004966,48.99997117108655,48.774054910190614,0.9999994116548275,0.9953888757181758
flickr,10751849775,IMG_vs_AUD,0.9794737809446411,0.9563265306122449,4.8590150668986694e-05,0.6,0.9375,3.8877775112992157,3.8871985098004966,48.80230333823413,48.774054910190614,0.9959653742496761,0.9953888757181758
flickr,10761625676,DECODER_TARGET_vs_IMG,0.495104669837606,0.6737427709326778,0.0024371256483844894,0.0,0.4444444444444444,3.891819806457449,3.882117029261845,48.99997590900023,48.526839142385285,0.9999995083469434,0.9903436559670467
flickr,10761625676,DECODER_TARGET_vs_AUD,0.491261073792744,0.6601178887211331,0.0027574294583259046,0.0,0.5333333333333333,3.891819806457449,3.8808886906775415,48.99997590900023,48.46726834753542,0.9999995083469434,0.9891279254599066
flickr,10761625676,IMG_vs_AUD,0.9958470769180913,0.9936734693877551,3.397429961295735e-05,1.0,0.8333333333333334,3.882117029261845,3.8808886906775415,48.526839142385285,48.46726834753542,0.9903436559670467,0.9891279254599066
flickr,10771238614,DECODER_TARGET_vs_IMG,0.5371907704118154,0.8358292750964903,0.0026632692396820748,0.4,0.35555555555555557,3.8918198058047437,3.881154599847407,48.999975877017675,48.480157952283456,0.9999995076942383,0.9893909786180297
flickr,10771238614,DECODER_TARGET_vs_AUD,0.5396782210551779,0.8137867717791297,0.0028294740429687998,0.4,0.35555555555555557,3.8918198058047437,3.880519271790714,48.999975877017675,48.44936692997936,0.9999995076942383,0.9887625904077421
flickr,10771238614,IMG_vs_AUD,0.9955656697185977,0.9906122448979592,2.7282798544407988e-05,1.0,1.0,3.881154599847407,3.880519271790714,48.480157952283456,48.44936692997936,0.9893909786180297,0.9887625904077421
flickr,10795023275,DECODER_TARGET_vs_IMG,0.6902137476147006,0.7899691321226663,0.0037990112098720656,0.4,0.5555555555555556,3.891819773100445,3.8768002172338742,48.99997427450785,48.269515736621464,0.9999994749899561,0.985092157890234
flickr,10795023275,DECODER_TARGET_vs_AUD,0.6984002861443741,0.8038980588855345,0.0030857232643625955,0.4,0.5555555555555556,3.891819773100445,3.8795919248848665,48.99997427450785,48.40445838558476,0.9999994749899561,0.9878460895017298
flickr,10795023275,IMG_vs_AUD,0.9971767240685486,0.9892857142857143,5.549867740410974e-05,0.8,1.0,3.8768002172338742,3.8795919248848665,48.269515736621464,48.40445838558476,0.985092157890234,0.9878460895017298
flickr,10796050285,DECODER_TARGET_vs_IMG,0.3117566615784702,0.4425338686839546,0.0023397731552566715,0.6,0.6222222222222222,3.8918198034643035,3.8826252657003253,48.999975762336156,48.55150851868867,0.9999995053537991,0.9908471126262994
flickr,10796050285,DECODER_TARGET_vs_AUD,0.35394592172789424,0.49672168933913274,0.0023896072208598805,0.4,0.6666666666666666,3.8918198034643035,3.8824433419692377,48.999975762336156,48.54267665049659,0.9999995053537991,0.9906668704182977
flickr,10796050285,IMG_vs_AUD,0.9950012234118065,0.9877551020408163,2.2897317106989296e-05,0.8,0.9333333333333333,3.8826252657003253,3.8824433419692377,48.55150851868867,48.54267665049659,0.9908471126262994,0.9906668704182977
flickr,10805310706,DECODER_TARGET_vs_IMG,0.8020922131744959,0.9033673469387755,0.0012745543032220107,0.4,0.5333333333333333,3.891819696492805,3.886733683386845,48.999970520735616,48.751388709499956,0.9999993983823595,0.9949263001938766
flickr,10805310706,DECODER_TARGET_vs_AUD,0.8094089126004117,0.9191836734693878,0.0017933538867132698,0.2,0.5111111111111111,3.891819696492805,3.8846898701933097,48.999970520735616,48.65185173019668,0.9999993983823595,0.9928949332693201
flickr,10805310706,IMG_vs_AUD,0.9970076755348479,0.9926530612244898,5.365219778832075e-05,0.8,0.88,3.886733683386845,3.8846898701933097,48.751388709499956,48.65185173019668,0.9949263001938766,0.9928949332693201
flickr,10847897294,DECODER_TARGET_vs_IMG,0.0145797035368709,-0.32540816326530614,0.0011112170575028378,0.0,0.4444444444444444,3.8918193837678583,3.8874383591593404,48.999955197224836,48.78575473903117,0.9999990856576497,0.99562764773533
flickr,10847897294,DECODER_TARGET_vs_AUD,0.058601771198735546,-0.25387755102040815,0.001199951556757426,0.0,0.4444444444444444,3.8918193837678583,3.8870799198982735,48.999955197224836,48.768271142742776,0.9999990856576497,0.9952708396478117
flickr,10847897294,IMG_vs_AUD,0.9842826625780069,0.983265306122449,3.8346110531165785e-05,0.8,0.9354838709677419,3.8874383591593404,3.8870799198982735,48.78575473903117,48.768271142742776,0.99562764773533,0.9952708396478117
flickr,10859255295,DECODER_TARGET_vs_IMG,-0.2913144752449449,-0.3442857142857143,0.0013476443744054934,0.0,0.1794871794871795,3.8918197045220375,3.8864806433288104,48.99997091416777,48.739054215897944,0.9999994064115871,0.9946745758346519
flickr,10859255295,DECODER_TARGET_vs_AUD,-0.37806406469343923,-0.42,0.0023046012719735286,0.0,0.14634146341463414,3.8918197045220375,3.882692726037842,48.99997091416777,48.55478393031923,0.9999994064115871,0.990913957761617
flickr,10859255295,IMG_vs_AUD,0.9747135711692562,0.978265306122449,0.00021902636248234203,1.0,0.8,3.8864806433288104,3.882692726037842,48.739054215897944,48.55478393031923,0.9946745758346519,0.990913957761617
flickr,10862172945,DECODER_TARGET_vs_IMG,0.5574138739697124,0.6162912321197239,0.0017736251257987792,0.0,0.4888888888888889,3.8918197308812967,3.8847477953578804,48.99997220577072,48.65466997833778,0.9999994327708309,0.9929524485375056
flickr,10862172945,DECODER_TARGET_vs_AUD,0.6125880497978976,0.6756805022734915,0.002264257957984816,0.0,0.5555555555555556,3.8918197308812967,3.8828216843543197,48.99997220577072,48.56104587726822,0.9999994327708309,0.9910417525973106
flickr,10862172945,IMG_vs_AUD,0.9783339518657025,0.9707142857142858,0.00011625240730852495,0.8,0.88,3.8847477953578804,3.8828216843543197,48.65466997833778,48.56104587726822,0.9929524485375056,0.9910417525973106
flickr,10939270325,DECODER_TARGET_vs_IMG,0.5954376056624575,0.7979385693147572,0.0012492259277923294,0.2,0.37777777777777777,3.8918198036167495,3.8868179627852606,48.999975769806014,48.755497620358156,0.9999995055062452,0.9950101555175134
flickr,10939270325,DECODER_TARGET_vs_AUD,0.5937357838178311,0.8166139444502732,0.0022066054587992715,0.4,0.4666666666666667,3.8918198036167495,3.883033022082124,48.999975769806014,48.57130974289653,0.9999995055062452,0.9912512192427864
flickr,10939270325,IMG_vs_AUD,0.9732146208746701,0.9701020408163266,0.00022676455593266485,0.6,0.8095238095238095,3.8868179627852606,3.883033022082124,48.755497620358156,48.57130974289653,0.9950101555175134,0.9912512192427864
flickr,10952523225,DECODER_TARGET_vs_IMG,0.598121793029321,0.6107808874662816,0.002813331911328238,0.0,0.3111111111111111,3.891819800907821,3.880601978631603,48.99997563706857,48.453374189772816,0.9999995027973179,0.9888443712198534
flickr,10952523225,DECODER_TARGET_vs_AUD,0.6102596700762806,0.6389448712505426,0.00167986477980996,0.0,0.4444444444444444,3.891819800907821,3.8851348370502907,48.99997563706857,48.67350500888578,0.9999995027973179,0.9933368369160364
flickr,10952523225,IMG_vs_AUD,0.9840211063536356,0.9835714285714285,0.00021532910511805347,1.0,0.7,3.880601978631603,3.8851348370502907,48.453374189772816,48.67350500888578,0.9888443712198534,0.9933368369160364
flickr,10979853044,DECODER_TARGET_vs_IMG,0.5888507732012933,0.8097829693652755,0.0014073065552505275,0.0,0.5111111111111111,3.8918198070860295,3.886232561429497,48.99997593980065,48.7269644384468,0.9999995089755235,0.9944278456825878
flickr,10979853044,DECODER_TARGET_vs_AUD,0.5926731324213225,0.8088639218590601,0.0023509078845090564,0.0,0.4888888888888889,3.8918198070860295,3.8825026953685655,48.99997593980065,48.54555790887366,0.9999995089755235,0.9907256716096665
flickr,10979853044,IMG_vs_AUD,0.9957261250708498,0.9925510204081632,0.0001371102799922346,1.0,0.9565217391304348,3.886232561429497,3.8825026953685655,48.7269644384468,48.54555790887366,0.9944278456825878,0.9907256716096665
flickr,10980225216,DECODER_TARGET_vs_IMG,0.4222516101753344,0.47141694415958685,0.0018138989997637624,0.0,0.5777777777777777,3.891819805284351,3.8846567519264923,48.99997585151845,48.650240491870775,0.9999995071738459,0.9928620508545056
flickr,10980225216,DECODER_TARGET_vs_AUD,0.4623091443815018,0.5947325934763432,0.002253365327319955,0.0,0.5777777777777777,3.891819805284351,3.8829513451591544,48.99997585151845,48.56734274978024,0.9999995071738459,0.9911702601995966
flickr,10980225216,IMG_vs_AUD,0.9911182885837032,0.9775510204081632,5.714334810377007e-05,0.8,1.0,3.8846567519264923,3.8829513451591544,48.650240491870775,48.56734274978024,0.9928620508545056,0.9911702601995966
flickr,11002352834,DECODER_TARGET_vs_IMG,0.667152121882311,0.8233673469387756,0.001591394099303485,0.0,0.4888888888888889,3.891819799260447,3.885480748253796,48.9999755563473,48.690344631921455,0.999999501149945,0.9936805026922746
flickr,11002352834,DECODER_TARGET_vs_AUD,0.6810023406189873,0.7960204081632654,0.0016327767577790783,0.0,0.4888888888888889,3.891819799260447,3.8853167410409126,48.9999755563473,48.68235971901359,0.999999501149945,0.9935175452859917
flickr,11002352834,IMG_vs_AUD,0.9940865620614328,0.9893877551020408,1.859290477210329e-05,0.8,1.0,3.885480748253796,3.8853167410409126,48.690344631921455,48.68235971901359,0.9936805026922746,0.9935175452859917
flickr,11036641226,DECODER_TARGET_vs_IMG,0.6311829076864989,0.8637105872100584,0.0028907866131494143,0.0,0.4,3.89181980411262,3.880299141740991,48.999975794103655,48.43870294220315,0.9999995060021154,0.9885449580041459
flickr,11036641226,DECODER_TARGET_vs_AUD,0.6374328436821852,0.8163588163746515,0.0013063666249647512,0.0,0.4,3.89181980411262,3.8866088809592836,48.999975794103655,48.74530479749342,0.9999995060021154,0.9948021387243555
flickr,11036641226,IMG_vs_AUD,0.9672326152676796,0.9610204081632653,0.00043172278115692484,0.8,0.8,3.880299141740991,3.8866088809592836,48.43870294220315,48.74530479749342,0.9885449580041459,0.9948021387243555
flickr,11050409385,DECODER_TARGET_vs_IMG,0.5657569745517447,0.6658163265306123,0.0018501052528157934,0.2,0.5111111111111111,3.8918197842162146,3.884464074240675,48.99997481918028,48.640867579122904,0.99999948610572,0.9926707669208756
flickr,11050409385,DECODER_TARGET_vs_AUD,0.5615814705449215,0.6658163265306123,0.0011927672577656968,0.2,0.4888888888888889,3.8918197842162146,3.8870612557254365,48.99997481918028,48.767360931795395,0.99999948610572,0.9952522639141917
flickr,11050409385,IMG_vs_AUD,0.9974486605310147,0.9945918367346939,7.96976234263663e-05,0.8,0.9565217391304348,3.884464074240675,3.8870612557254365,48.640867579122904,48.767360931795395,0.9926707669208756,0.9952522639141917
flickr,11071986404,DECODER_TARGET_vs_IMG,0.7504959770174134,0.8941554634405301,0.0014295782333925882,0.2,0.5777777777777777,3.8918197422706946,3.8861214359996397,48.9999727638509,48.721549934428054,0.9999994441602225,0.9943173456005725
flickr,11071986404,DECODER_TARGET_vs_AUD,0.7718052575862147,0.9213500347394632,0.0011017169538391088,0.2,0.6,3.8918197422706946,3.887422303705714,48.9999727638509,48.78497146789622,0.9999994441602225,0.9956116626101269
flickr,11071986404,IMG_vs_AUD,0.9638113984288346,0.9670408163265306,0.00011592992187799226,0.8,0.9629629629629629,3.8861214359996397,3.887422303705714,48.721549934428054,48.78497146789622,0.9943173456005725,0.9956116626101269
flickr,11101358996,DECODER_TARGET_vs_IMG,0.4728018345734914,0.6603056375693597,0.002158423532734573,0.4,0.5333333333333333,3.891819800877418,3.883279091283531,48.99997563557884,48.583263116914544,0.9999995027669152,0.9914951656513172
flickr,11101358996,DECODER_TARGET_vs_AUD,0.4471432673655765,0.6170880442596273,0.002477598536224796,0.4,0.5555555555555556,3.891819800877418,3.8820309370071033,48.99997563557884,48.52266153722034,0.9999995027669152,0.9902583987187824
flickr,11101358996,IMG_vs_AUD,0.9961263401367677,0.9926530612244898,2.8569162155206218e-05,0.8,0.96,3.883279091283531,3.8820309370071033,48.583263116914544,48.52266153722034,0.9914951656513172,0.9902583987187824
flickr,11154049584,DECODER_TARGET_vs_IMG,0.5975667959285671,0.8659488798716758,0.0019417747671970896,0.4,0.4,3.891819803280526,3.8840343830642596,48.99997575333107,48.61997151725919,0.9999995051700219,0.9922443166787589
flickr,11154049584,DECODER_TARGET_vs_AUD,0.6242646008290557,0.8737561974097057,0.0014081764444382485,0.4,0.4,3.891819803280526,3.886182215882265,48.99997575333107,48.72451131450966,0.9999995051700219,0.9943777819287686
flickr,11154049584,IMG_vs_AUD,0.9958263310711624,0.9928571428571429,5.622781553852289e-05,1.0,1.0,3.8840343830642596,3.886182215882265,48.61997151725919,48.72451131450966,0.9922443166787589,0.9943777819287686
flickr,11314266424,DECODER_TARGET_vs_IMG,0.6215231479207463,0.8659778103374438,0.0012643234098755748,0.6,0.6,3.8918198028415776,3.886807786272424,48.99997573182261,48.755001461935365,0.9999995047310737,0.9950000298354156
flickr,11314266424,DECODER_TARGET_vs_AUD,0.6431682558446103,0.8902666228835886,0.002187713823014344,0.6,0.6444444444444445,3.8918198028415776,3.8831952431625862,48.99997573182261,48.57918967237055,0.9999995047310737,0.9914120341300113
flickr,11314266424,IMG_vs_AUD,0.9935623031347876,0.9904081632653061,0.0001485877712925232,0.8,0.8064516129032258,3.886807786272424,3.8831952431625862,48.755001461935365,48.57918967237055,0.9950000298354156,0.9914120341300113
flickr,11650557765,DECODER_TARGET_vs_IMG,0.7435308946990153,0.8594897959183674,0.0025947811379696743,0.2,0.5333333333333333,3.891819778679516,3.881534394479018,48.99997454788218,48.49857395294113,0.9999994805690241,0.9897668153661455
flickr,11650557765,DECODER_TARGET_vs_AUD,0.744131048819541,0.8659183673469387,0.0032225374255044448,0.2,0.5333333333333333,3.891819778679516,3.8790771195490326,48.99997454788218,48.37954592521368,0.9999994805690241,0.9873376719431363
flickr,11650557765,IMG_vs_AUD,0.9975038150469119,0.9934693877551021,4.835575602991914e-05,0.8,1.0,3.881534394479018,3.8790771195490326,48.49857395294113,48.37954592521368,0.9897668153661455,0.9873376719431363
flickr,11764496003,DECODER_TARGET_vs_IMG,0.6168989386820102,0.6327551020408163,0.0012749135032279356,0.2,0.5555555555555556,3.891819748722565,3.8867473781864468,48.99997307999239,48.752056354570264,0.9999994506120895,0.9949399256034748
flickr,11764496003,DECODER_TARGET_vs_AUD,0.6104989392383858,0.6254081632653061,0.0011500248854338353,0.2,0.6222222222222222,3.891819748722565,3.887248703903332,48.99997307999239,48.77650314156135,0.9999994506120895,0.995438839623701
flickr,11764496003,IMG_vs_AUD,0.9789298815065494,0.9767346938775511,5.435954158665315e-05,0.8,0.8275862068965517,3.8867473781864468,3.887248703903332,48.752056354570264,48.77650314156135,0.9949399256034748,0.995438839623701
flickr,11765015695,DECODER_TARGET_vs_IMG,0.45066348827683084,0.5603061224489796,0.0021983544910069413,0.4,0.5333333333333333,3.891819788793105,3.883100555711221,48.9999750434478,48.57459005047775,0.9999994906826081,0.9913181642954644
flickr,11765015695,DECODER_TARGET_vs_AUD,0.4749030762438328,0.5955102040816327,0.003700602676604008,0.4,0.5333333333333333,3.891819788793105,3.8772369775253153,48.9999750434478,48.290602548988254,0.9999994906826081,0.9855225009997602
flickr,11765015695,IMG_vs_AUD,0.9955514335797363,0.988265306122449,0.0002219504915490147,0.8,1.0,3.883100555711221,3.8772369775253153,48.57459005047775,48.290602548988254,0.9913181642954644,0.9855225009997602
flickr,11776645404,DECODER_TARGET_vs_IMG,0.14656347143119586,-0.10479591836734693,0.0009327012256843433,0.0,0.4,3.891819579942081,3.8881156252998856,48.9999648097539,48.818806870138104,0.9999992818317122,0.9963021810232267
flickr,11776645404,DECODER_TARGET_vs_AUD,0.1390420973622711,-0.12295918367346939,0.0009635187928630344,0.0,0.4666666666666667,3.891819579942081,3.8879960257429356,48.9999648097539,48.812968511605106,0.9999992818317122,0.9961830308490838
flickr,11776645404,IMG_vs_AUD,0.9915661597553577,0.9801020408163266,1.5624520656384825e-05,0.6,0.8928571428571429,3.8881156252998856,3.8879960257429356,48.818806870138104,48.812968511605106,0.9963021810232267,0.9961830308490838
flickr,12015590114,DECODER_TARGET_vs_IMG,0.761908453286813,0.7941836734693878,0.0011615650439588561,0.4,0.6,3.8918197487254402,3.8871961078685957,48.99997308013326,48.77393775837288,0.9999994506149644,0.9953864848647527
flickr,12015590114,DECODER_TARGET_vs_AUD,0.7743808532500871,0.8058163265306122,0.0012897144263089137,0.4,0.6222222222222222,3.8918197487254402,3.886692237690528,48.99997308013326,48.74936821611915,0.9999994506149644,0.9948850656350847
flickr,12015590114,IMG_vs_AUD,0.9958076521142866,0.9924489795918368,1.3480952980893319e-05,1.0,0.9642857142857143,3.8871961078685957,3.886692237690528,48.77393775837288,48.74936821611915,0.9953864848647527,0.9948850656350847
flickr,12031178616,DECODER_TARGET_vs_IMG,0.5824074183458635,0.6844897959183673,0.0011094179484726317,0.4,0.4,3.8918197868653044,3.887380262945275,48.99997494898562,48.782920553709026,0.9999994887548085,0.9955698072185516
flickr,12031178616,DECODER_TARGET_vs_AUD,0.5811529296068679,0.6694897959183673,0.0010095896173245276,0.4,0.4444444444444444,3.8918197868653044,3.8877867505954313,48.99997494898562,48.80275423925368,0.9999994887548085,0.9959745763112996
flickr,12031178616,IMG_vs_AUD,0.9891921838482279,0.9860204081632653,2.596682436462035e-05,1.0,0.9,3.887380262945275,3.8877867505954313,48.782920553709026,48.80275423925368,0.9955698072185516,0.9959745763112996
flickr,12048726756,DECODER_TARGET_vs_IMG,0.42753290680767925,0.21592387567933372,0.0008436687939496176,0.0,0.6,3.891819618996448,3.8884466913090834,48.999966723416534,48.83497179338306,0.9999993208860517,0.9966320774159808
flickr,12048726756,DECODER_TARGET_vs_AUD,0.5047697515355198,0.3689890049416213,0.001232968865051465,0.0,0.5777777777777777,3.891819618996448,3.8868993428440284,48.999966723416534,48.75946550707099,0.9999993208860517,0.9950911327973672
flickr,12048726756,IMG_vs_AUD,0.9607002168002072,0.9554081632653061,0.00011984028599068304,0.8,0.8928571428571429,3.8884466913090834,3.8868993428440284,48.83497179338306,48.75946550707099,0.9966320774159808,0.9950911327973672
flickr,12066557153,DECODER_TARGET_vs_IMG,0.2503867242668236,0.022346938775510205,0.0009159102276271255,0.0,0.6444444444444445,3.891819712820232,3.8881877030591006,48.99997132077906,48.82232574715971,0.9999994147097767,0.9963739948399941
flickr,12066557153,DECODER_TARGET_vs_AUD,0.29611641848218856,0.002857142857142857,0.0014704397781980462,0.0,0.6444444444444445,3.891819712820232,3.8859927211529364,48.99997132077906,48.71527915117721,0.9999994147097767,0.9941893704321879
flickr,12066557153,IMG_vs_AUD,0.9726214001570905,0.976326530612245,0.0001309277643521055,1.0,1.0,3.8881877030591006,3.8859927211529364,48.82232574715971,48.71527915117721,0.9963739948399941,0.9941893704321879
flickr,12103535156,DECODER_TARGET_vs_IMG,0.5013352435268418,0.6638434656105413,0.002541172497409702,0.2,0.5555555555555556,3.8918197873484077,3.8817088839191163,48.99997497265767,48.50703718030616,0.9999994892379116,0.9899395342919625
flickr,12103535156,DECODER_TARGET_vs_AUD,0.524809839056867,0.6670578333250493,0.0035746695542423746,0.2,0.5555555555555556,3.8918197873484077,3.8776482391538165,48.99997497265767,48.3104667052365,0.9999994892379116,0.9859278919436021
flickr,12103535156,IMG_vs_AUD,0.9958520086696357,0.9920408163265306,0.00011433024822581905,1.0,1.0,3.8817088839191163,3.8776482391538165,48.50703718030616,48.3104667052365,0.9899395342919625,0.9859278919436021
flickr,12158276143,DECODER_TARGET_vs_IMG,0.5368412205137384,0.7075423703231146,0.0036459555706877334,0.0,0.4,3.8918198063695497,3.8772900380132747,48.99997590469316,48.29316493990361,0.999999508259044,0.9855747946919104
flickr,12158276143,DECODER_TARGET_vs_AUD,0.5301018492563384,0.6781486158834382,0.0020583014545354408,0.0,0.37777777777777777,3.8918198063695497,3.883598095259808,48.99997590469316,48.59876384329459,0.999999508259044,0.9918115070060121
flickr,12158276143,IMG_vs_AUD,0.9970243543699211,0.9963265306122449,0.00024262005652720266,0.8,0.9444444444444444,3.8772900380132747,3.883598095259808,48.29316493990361,48.59876384329459,0.9855747946919104,0.9918115070060121
flickr,12328837165,DECODER_TARGET_vs_IMG,0.35699168102206075,0.06643026609983282,0.0004975353816605149,0.0,0.6904761904761905,3.891819575183689,3.8898331140291504,48.999964576592866,48.902724664018145,0.9999992770733238,0.9980147890615948
flickr,12328837165,DECODER_TARGET_vs_AUD,0.3442657143781694,0.03979693360819478,0.0009402247316663393,0.0,0.6904761904761905,3.891819575183689,3.888083926964832,48.999964576592866,48.81725941976694,0.9999992770733238,0.996270600403407
flickr,12328837165,IMG_vs_AUD,0.986770023846066,0.9773469387755102,8.765489440946164e-05,0.8,0.9375,3.8898331140291504,3.888083926964832,48.902724664018145,48.81725941976694,0.9980147890615948,0.996270600403407
flickr,12373955905,DECODER_TARGET_vs_IMG,0.1939681767662439,-0.2360204081632653,0.0013879914150632447,0.0,0.5111111111111111,3.8918197912591483,3.886295549145199,48.99997516428386,48.73003373529287,0.9999994931486502,0.9944904843937321
flickr,12373955905,DECODER_TARGET_vs_AUD,0.1756333045279726,-0.23469387755102042,0.001303154596463304,0.0,0.5227272727272727,3.8918197912591483,3.886632649168599,48.99997516428386,48.74646339986988,0.9999994931486502,0.9948257836708139
flickr,12373955905,IMG_vs_AUD,0.9946208962056424,0.993061224489796,1.5742376377019774e-05,0.8,0.88,3.886295549145199,3.886632649168599,48.73003373529287,48.74646339986988,0.9944904843937321,0.9948257836708139
flickr,12444360833,DECODER_TARGET_vs_IMG,0.8274858263756605,0.8014285714285714,0.0008526188352741816,0.4,0.6888888888888889,3.8918197754608315,3.888438391096951,48.99997439016673,48.83456645443991,0.9999994773503413,0.9966238051926511
flickr,12444360833,DECODER_TARGET_vs_AUD,0.8296574535555936,0.8262244897959183,0.0006557715028223003,0.4,0.6888888888888889,3.8918197754608315,3.8892116250886124,48.99997439016673,48.87234160382317,0.9999994773503413,0.9973947266086362
flickr,12444360833,IMG_vs_AUD,0.9963477748015359,0.9873469387755102,1.8365802169077878e-05,0.8,1.0,3.888438391096951,3.8892116250886124,48.83456645443991,48.87234160382317,0.9966238051926511,0.9973947266086362
flickr,12512072175,DECODER_TARGET_vs_IMG,0.4214078017580199,0.1704081632653061,0.000905973709724146,0.0,0.4888888888888889,3.891819758556877,3.8881969093104836,48.99997356187339,48.822775219832614,0.9999994604463956,0.996383167751686
flickr,12512072175,DECODER_TARGET_vs_AUD,0.39414856943829113,0.054285714285714284,0.0008116357412149633,0.0,0.4666666666666667,3.891819758556877,3.888572871446009,48.99997356187339,48.84113418558828,0.9999994604463956,0.9967578405222098
flickr,12512072175,IMG_vs_AUD,0.9781471958860503,0.9594897959183674,3.9941707412637125e-05,1.0,0.9545454545454546,3.8881969093104836,3.888572871446009,48.822775219832614,48.84113418558828,0.996383167751686,0.9967578405222098
flickr,12534178685,DECODER_TARGET_vs_IMG,-0.5426657759067243,-0.5925510204081633,0.001086705492317457,0.0,0.11904761904761904,3.8918192237424245,3.8875431366739486,48.99994735598638,48.79086665696336,0.999998925632375,0.9957319725910889
flickr,12534178685,DECODER_TARGET_vs_AUD,-0.5093379252666642,-0.5688775510204082,0.001783988895160671,0.0,0.16279069767441862,3.8918192237424245,3.8847993759564483,48.99994735598638,48.657179680063784,0.999998925632375,0.9930036669400772
flickr,12534178685,IMG_vs_AUD,0.9968001074966837,0.9968367346938776,9.593621853812957e-05,1.0,0.88,3.8875431366739486,3.8847993759564483,48.79086665696336,48.657179680063784,0.9957319725910889,0.9930036669400772
flickr,12598610153,DECODER_TARGET_vs_IMG,0.5948175526642665,0.7836493279024174,0.0017495366194399994,0.4,0.4888888888888889,3.891819804852363,3.884877766522597,48.99997583035104,48.66099409343116,0.999999506741858,0.99308151211084
flickr,12598610153,DECODER_TARGET_vs_AUD,0.5851404243302006,0.7628282204666147,0.0019400937837232694,0.6,0.5333333333333333,3.891819804852363,3.8841259706911,48.99997583035104,48.62442470899302,0.999999506741858,0.9923351981427146
flickr,12598610153,IMG_vs_AUD,0.9939478748948537,0.9936734693877551,2.6538567415856253e-05,0.8,0.9166666666666666,3.884877766522597,3.8841259706911,48.66099409343116,48.62442470899302,0.99308151211084,0.9923351981427146
flickr,12599965145,DECODER_TARGET_vs_IMG,0.1571696375611289,-0.07336734693877552,0.0009018317293263655,0.0,0.5227272727272727,3.8918197460342676,3.8882350809551838,48.99997294826588,48.82463890103125,0.9999994479237935,0.9964212020618622
flickr,12599965145,DECODER_TARGET_vs_AUD,0.06963126548881077,-0.23642857142857143,0.002120858359128547,0.0,0.5227272727272727,3.8918197460342676,3.8834428761363737,48.99997294826588,48.59122097118498,0.9999994479237935,0.9916575708405099
flickr,12599965145,IMG_vs_AUD,0.9861343246913805,0.9692857142857143,0.00029486349041050504,0.8,1.0,3.8882350809551838,3.8834428761363737,48.82463890103125,48.59122097118498,0.9964212020618622,0.9916575708405099
flickr,12729873904,DECODER_TARGET_vs_IMG,0.660799050403032,0.4610204081632653,0.0008282404447547494,0.4,0.6,3.8918195384451604,3.888496884390955,48.99996277640629,48.8374230326376,0.9999992403348222,0.9966821027068898
flickr,12729873904,DECODER_TARGET_vs_AUD,0.6979199104788294,0.5403061224489796,0.0009032255823606308,0.4,0.6222222222222222,3.8918195384451604,3.8881960370614363,48.99996277640629,48.822732634232025,0.9999992403348222,0.9963822986577965
flickr,12729873904,IMG_vs_AUD,0.9782456342748048,0.975,4.072892704004608e-05,0.8,0.896551724137931,3.888496884390955,3.8881960370614363,48.8374230326376,48.822732634232025,0.9966821027068898,0.9963822986577965
flickr,13153991894,DECODER_TARGET_vs_IMG,0.72888448124966,0.803612430251613,0.0014036116480309463,0.0,0.5111111111111111,3.8918197925714675,3.8862365003795096,48.999975228587466,48.727156371902005,0.9999994944609687,0.9944317626918776
flickr,13153991894,DECODER_TARGET_vs_AUD,0.751597325097749,0.8271850615389936,0.0011428160855542473,0.0,0.6222222222222222,3.8918197925714675,3.887280760970698,48.999975228587466,48.778066798271425,0.9999994944609687,0.9954707509851312
flickr,13153991894,IMG_vs_AUD,0.9819059622617816,0.9775510204081632,5.7944988915035214e-05,0.8,0.8214285714285714,3.8862365003795096,3.887280760970698,48.727156371902005,48.778066798271425,0.9944317626918776,0.9954707509851312
flickr,13234495505,DECODER_TARGET_vs_IMG,0.6370587718161607,0.6850174751584911,0.002165014335709709,0.0,0.5111111111111111,3.8918197849354925,3.8832015811031138,48.999974854424885,48.57949756536127,0.9999994868249976,0.9914183176604341
flickr,13234495505,DECODER_TARGET_vs_AUD,0.6156991350421237,0.6632822268032462,0.002376459954072433,0.0,0.4888888888888889,3.8918197849354925,3.8823612297712353,48.999974854424885,48.538690868262805,0.9999994868249976,0.9905855279237307
flickr,13234495505,IMG_vs_AUD,0.994513580612453,0.9892857142857143,3.042010060308961e-05,0.8,0.9565217391304348,3.8832015811031138,3.8823612297712353,48.57949756536127,48.538690868262805,0.9914183176604341,0.9905855279237307
flickr,13409856383,DECODER_TARGET_vs_IMG,0.6068901614797729,0.6265976174900514,0.0020238779099507912,0.0,0.5777777777777777,3.891819792380968,3.883823639349114,48.99997521925299,48.609726243432824,0.9999994942704692,0.9920352294578128
flickr,13409856383,DECODER_TARGET_vs_AUD,0.5951185367013567,0.6126686907271832,0.0016452996082916482,0.0,0.6,3.891819792380968,3.8853209319071342,48.99997521925299,48.682563740698036,0.9999994942704692,0.9935217089938375
flickr,13409856383,IMG_vs_AUD,0.994634709080731,0.9928571428571429,3.848327689941791e-05,0.8,0.9629629629629629,3.883823639349114,3.8853209319071342,48.609726243432824,48.682563740698036,0.9920352294578128,0.9935217089938375
flickr,13447842855,DECODER_TARGET_vs_IMG,0.6724340572260035,0.8912472259845466,0.0031615117901174538,0.4,0.5111111111111111,3.8918197910176455,3.8792110738222014,48.999975152450226,48.38602700619888,0.9999994929071475,0.987469938902018
flickr,13447842855,DECODER_TARGET_vs_AUD,0.6783061307295374,0.8841552083287273,0.002538258198948351,0.4,0.5111111111111111,3.8918197910176455,3.881706210807406,48.999975152450226,48.50690751575035,0.9999994929071475,0.9899368880765378
flickr,13447842855,IMG_vs_AUD,0.9819327317109164,0.970204081632653,0.00014337263690372421,0.8,1.0,3.8792110738222014,3.881706210807406,48.38602700619888,48.50690751575035,0.987469938902018,0.9899368880765378
flickr,13579448834,DECODER_TARGET_vs_IMG,0.47869342897272305,0.4907142857142857,0.001231116851331255,0.2,0.4222222222222222,3.891819724511431,3.8868774891296414,48.99997189364748,48.75839994328144,0.9999994264009691,0.9950693865975804
flickr,13579448834,DECODER_TARGET_vs_AUD,0.4732802684833518,0.47244897959183674,0.0017858354411497165,0.2,0.4444444444444444,3.891819724511431,3.8846621687837333,48.99997189364748,48.65050402399201,0.9999994264009691,0.9928674290610615
flickr,13579448834,IMG_vs_AUD,0.9869298366717774,0.9812244897959184,9.1683659798702e-05,1.0,0.95,3.8868774891296414,3.8846621687837333,48.75839994328144,48.65050402399201,0.9950693865975804,0.9928674290610615
flickr,13660204414,DECODER_TARGET_vs_IMG,0.5104069171900117,0.7198265097826065,0.0034574229626827026,0.0,0.4666666666666667,3.891819805750073,3.8781409071746635,48.9999758743388,48.33427359121853,0.9999995076395674,0.986413746759562
flickr,13660204414,DECODER_TARGET_vs_AUD,0.47773379423801365,0.6372033889504166,0.0019598461343476436,0.0,0.4666666666666667,3.891819805750073,3.8840264394495807,48.9999758743388,48.61958530047374,0.9999995076395674,0.9922364347035456
flickr,13660204414,IMG_vs_AUD,0.9932720846548984,0.9865306122448979,0.00024630219585203327,1.0,0.9090909090909091,3.8781409071746635,3.8840264394495807,48.33427359121853,48.61958530047374,0.986413746759562,0.9922364347035456
flickr,13721325644,DECODER_TARGET_vs_IMG,0.6781773499219496,0.8009183673469388,0.0022493057795091092,0.0,0.6086956521739131,3.8918197832443155,3.882963537951187,48.999974771557255,48.56793492490008,0.9999994851338215,0.991182345406124
flickr,13721325644,DECODER_TARGET_vs_AUD,0.7406724499207481,0.8586734693877551,0.0011083518967359386,0.0,0.5555555555555556,3.8918197832443155,3.8874103903157704,48.999974771557255,48.784390276969724,0.9999994851338215,0.9955998015708107
flickr,13721325644,IMG_vs_AUD,0.9415617300251419,0.9368367346938775,0.00037921288902639403,0.8,0.7419354838709677,3.882963537951187,3.8874103903157704,48.56793492490008,48.784390276969724,0.991182345406124,0.9955998015708107
flickr,13861270725,DECODER_TARGET_vs_IMG,0.6618760486002231,0.8378274958720082,0.0010619435796857103,0.4,0.6444444444444445,3.8918198002671884,3.8876105214607963,48.9999756056776,48.79415452988822,0.9999995021566856,0.995799072038535
flickr,13861270725,DECODER_TARGET_vs_AUD,0.6781195018611306,0.8550218120591385,0.0013695502418305406,0.4,0.6666666666666666,3.8918198002671884,3.886393802210052,48.9999756056776,48.73482184567716,0.9999995021566856,0.9945882009321869
flickr,13861270725,IMG_vs_AUD,0.9871940283899057,0.9759183673469388,5.072875557614953e-05,0.6,0.9032258064516129,3.8876105214607963,3.886393802210052,48.79415452988822,48.73482184567716,0.995799072038535,0.9945882009321869
flickr,14062380939,DECODER_TARGET_vs_IMG,0.5631093833218175,0.6279591836734694,0.0010664405226678598,0.0,0.6739130434782609,3.891819747227945,3.8875936583054074,48.99997300675604,48.79333171341597,0.9999994491174703,0.995782279865632
flickr,14062380939,DECODER_TARGET_vs_AUD,0.6082340734129035,0.6989795918367347,0.0012943539685940568,0.2,0.7111111111111111,3.891819747227945,3.8867039118970332,48.99997300675604,48.749937329632665,0.9999994491174703,0.9948966801965851
flickr,14062380939,IMG_vs_AUD,0.986567969051621,0.9761224489795919,4.0647503058829665e-05,0.8,0.9393939393939394,3.8875936583054074,3.8867039118970332,48.79333171341597,48.749937329632665,0.995782279865632,0.9948966801965851
flickr,14172932360,DECODER_TARGET_vs_IMG,0.5282336424217986,0.7613969746603726,0.003220356769502695,0.4,0.37777777777777777,3.8918197966249735,3.878902830382989,48.99997542720916,48.37111462926392,0.9999994985144726,0.9871656046788555
flickr,14172932360,DECODER_TARGET_vs_AUD,0.5429321616872906,0.7673154929918478,0.0032261954572537733,0.4,0.4,3.8918197966249735,3.8789063941451194,48.99997542720916,48.3712870127176,0.9999994985144726,0.9871691227085225
flickr,14172932360,IMG_vs_AUD,0.9978077987818641,0.9970408163265306,1.3875342485817618e-05,1.0,0.9444444444444444,3.878902830382989,3.8789063941451194,48.37111462926392,48.3712870127176,0.9871656046788555,0.9871691227085225
flickr,14174434304,DECODER_TARGET_vs_IMG,-0.3332818327770008,-0.28846938775510206,0.0010986840717776946,0.0,0.2222222222222222,3.8918192807538015,3.8874705641333955,48.99995014954092,48.787325908296395,0.9999989826436922,0.9956597124142121
flickr,14174434304,DECODER_TARGET_vs_AUD,-0.36419883942935877,-0.29612244897959183,0.0020236978661562115,0.0,0.20512820512820512,3.8918192807538015,3.883835006193281,48.99995014954092,48.61027878575635,0.9999989826436922,0.9920465058317622
flickr,14174434304,IMG_vs_AUD,0.9855189438786556,0.9805102040816327,0.00018616837607198915,0.8,0.88,3.8874705641333955,3.883835006193281,48.787325908296395,48.61027878575635,0.9956597124142121,0.9920465058317622
flickr,14203929291,DECODER_TARGET_vs_IMG,0.07246214197338252,-0.12,0.0013323087588298654,0.0,0.45454545454545453,3.8918197162199073,3.886539381584475,48.99997148736305,48.7419171470063,0.9999994181094499,0.9947330030001286
flickr,14203929291,DECODER_TARGET_vs_AUD,0.1614970588100423,0.012448979591836735,0.001616744959197152,0.0,0.4418604651162791,3.8918197162199073,3.8854063820455353,48.99997148736305,48.68672385024584,0.9999994181094499,0.9936066091886906
flickr,14203929291,IMG_vs_AUD,0.9850672513713921,0.9735714285714285,5.6005907198638345e-05,0.8,0.84,3.886539381584475,3.8854063820455353,48.7419171470063,48.68672385024584,0.9947330030001286,0.9936066091886906
flickr,14414061986,DECODER_TARGET_vs_IMG,0.5320180545217186,0.7964385052793552,0.005267948273105149,0.0,0.4222222222222222,3.8918198036985556,3.87082998753442,48.99997577381451,47.98219418146509,0.9999995055880513,0.979228452682961
flickr,14414061986,DECODER_TARGET_vs_AUD,0.49515378240731345,0.7268413420273185,0.0038421863076530454,0.0,0.4444444444444444,3.8918198036985556,3.8765193049651976,48.99997577381451,48.25595814178448,0.9999995055880513,0.9848154722813159
flickr,14414061986,IMG_vs_AUD,0.9892582132677816,0.9847959183673469,0.00021240425712005568,1.0,0.95,3.87082998753442,3.8765193049651976,47.98219418146509,48.25595814178448,0.979228452682961,0.9848154722813159
flickr,14566072101,DECODER_TARGET_vs_IMG,-0.31125098686919517,-0.46577718834514115,0.001088039433391226,0.0,0.19047619047619047,3.891819479591014,3.8875169860141976,48.999959892555395,48.789590760293294,0.9999991814807223,0.9957059338835366
flickr,14566072101,DECODER_TARGET_vs_AUD,-0.2983848751161438,-0.43730707430235566,0.0014680978052736225,0.0,0.20930232558139536,3.891819479591014,3.886013314055515,48.999959892555395,48.71628235050422,0.9999991814807223,0.9942098438878413
flickr,14566072101,IMG_vs_AUD,0.99629101980282,0.9931632653061224,3.802163984799179e-05,0.8,0.9130434782608695,3.8875169860141976,3.886013314055515,48.789590760293294,48.71628235050422,0.9957059338835366,0.9942098438878413
flickr,14648401332,DECODER_TARGET_vs_IMG,0.6245439969805651,0.7753061224489796,0.001146917899674393,0.2,0.5777777777777777,3.891819800927341,3.887256867077156,48.99997563802505,48.7769013142602,0.9999995028168377,0.995446965597147
flickr,14648401332,DECODER_TARGET_vs_AUD,0.6005212886787331,0.7566326530612245,0.0013399056096352262,0.2,0.4888888888888889,3.891819800927341,3.8864870723137055,48.99997563802505,48.73936755954854,0.9999995028168377,0.9946809706030314
flickr,14648401332,IMG_vs_AUD,0.9950411626762701,0.9911224489795918,1.9383580083824617e-05,1.0,0.7777777777777778,3.887256867077156,3.8864870723137055,48.7769013142602,48.73936755954854,0.995446965597147,0.9946809706030314
flickr,14652810592,DECODER_TARGET_vs_IMG,-0.6017325639476839,-0.6535714285714286,0.0025726343708443768,0.0,0.16279069767441862,3.8918195280946883,3.881685912477839,48.99996226923355,48.505922916548215,0.9999992299843582,0.9899167942152697
flickr,14652810592,DECODER_TARGET_vs_AUD,-0.6044914715459097,-0.6608163265306123,0.003171894346845371,0.0,0.18181818181818182,3.8918195280946883,3.879360444112227,48.99996226923355,48.39325498089489,0.9999992299843582,0.9876174485896916
flickr,14652810592,IMG_vs_AUD,0.9955053343633959,0.9936734693877551,5.528476769005482e-05,0.8,0.9166666666666666,3.881685912477839,3.879360444112227,48.505922916548215,48.39325498089489,0.9899167942152697,0.9876174485896916
flickr,14678892718,DECODER_TARGET_vs_IMG,0.575935429367576,0.806817026346396,0.0012294271045874131,0.0,0.4222222222222222,3.8918198046787222,3.886904463576467,48.99997582184265,48.75971519188698,0.9999995065682175,0.9950962284058568
flickr,14678892718,DECODER_TARGET_vs_AUD,0.6515165853672885,0.8414634190158371,0.0009852023720456366,0.0,0.5111111111111111,3.8918198046787222,3.887888072949198,48.99997582184265,48.80769929970185,0.9999995065682175,0.9960754959122827
flickr,14678892718,IMG_vs_AUD,0.9685802328506935,0.9607142857142857,8.428501185167513e-05,0.8,0.8260869565217391,3.886904463576467,3.887888072949198,48.75971519188698,48.80769929970185,0.9950962284058568,0.9960754959122827
flickr,14680986811,DECODER_TARGET_vs_IMG,0.024073760628012867,-0.1983673469387755,0.001436911847370153,0.0,0.3902439024390244,3.891819607163703,3.8861182061135198,48.999966143612426,48.72139256962432,0.9999993090533148,0.9943141340739657
flickr,14680986811,DECODER_TARGET_vs_AUD,0.10770392711825792,-0.1410204081632653,0.0015904444743887482,0.0,0.4146341463414634,3.891819607163703,3.8855166064163202,48.999966143612426,48.69209060951621,0.9999993090533148,0.9937161348880859
flickr,14680986811,IMG_vs_AUD,0.9783702669498094,0.9772448979591837,6.76361261221173e-05,0.4,0.9629629629629629,3.8861182061135198,3.8855166064163202,48.72139256962432,48.69209060951621,0.9943141340739657,0.9937161348880859
flickr,14742398172,DECODER_TARGET_vs_IMG,-0.38223448420589534,-0.43204081632653063,0.0015249550946850655,0.0,0.09523809523809523,3.8918196988656315,3.8858028849079234,48.99997063700404,48.70603210324859,0.9999994007551845,0.9940006551683386
flickr,14742398172,DECODER_TARGET_vs_AUD,-0.41272792887393606,-0.45071428571428573,0.0018132345701590302,0.0,0.11627906976744186,3.8918196988656315,3.8846898346353926,48.99997063700404,48.6518500002382,0.9999994007551845,0.9928948979640448
flickr,14742398172,IMG_vs_AUD,0.9946801194090791,0.993061224489796,3.0390811916578883e-05,1.0,0.9259259259259259,3.8858028849079234,3.8846898346353926,48.70603210324859,48.6518500002382,0.9940006551683386,0.9928948979640448
flickr,14778198185,DECODER_TARGET_vs_IMG,0.532271708880946,0.8682894649150953,0.004551494499967971,0.0,0.3333333333333333,3.891819802233121,3.8735441498398213,48.99997570200826,48.112602538910565,0.9999995041226175,0.9818898477328687
flickr,14778198185,DECODER_TARGET_vs_AUD,0.5363491231547404,0.8610941187762161,0.004168917359196422,0.0,0.35555555555555557,3.891819802233121,3.87510775242122,48.99997570200826,48.18789037322527,0.9999995041226175,0.9834263341474545
flickr,14778198185,IMG_vs_AUD,0.9973871382137229,0.9952040816326531,3.234885052536697e-05,0.8,0.9375,3.8735441498398213,3.87510775242122,48.112602538910565,48.18789037322527,0.9818898477328687,0.9834263341474545
flickr,14899015793,DECODER_TARGET_vs_IMG,-0.23930925991686205,-0.3072448979591837,0.00038102416710976287,0.0,0.3,3.891819343904882,3.8903242309050334,48.999953243940816,48.92674751590844,0.9999990457947106,0.9985050513450702
flickr,14899015793,DECODER_TARGET_vs_AUD,-0.2789506090191242,-0.34479591836734697,0.000590442418092928,0.0,0.27906976744186046,3.891819343904882,3.8895109045686524,48.999953243940816,48.88697028172908,0.9999990457947106,0.9976932710556955
flickr,14899015793,IMG_vs_AUD,0.9885048627837123,0.983265306122449,3.3345937039742376e-05,0.8,0.9166666666666666,3.8903242309050334,3.8895109045686524,48.92674751590844,48.88697028172908,0.9985050513450702,0.9976932710556955
flickr,15135657108,DECODER_TARGET_vs_IMG,0.652701652366719,0.691734693877551,0.0011922369992086034,0.2,0.6888888888888889,3.891819739351819,3.8870863489232854,48.999972620826064,48.76858467618559,0.9999994412413482,0.9952772382895019
flickr,15135657108,DECODER_TARGET_vs_AUD,0.6613584681755422,0.7014285714285714,0.0006709225609645801,0.2,0.6888888888888889,3.891819739351819,3.889142486516996,48.999972620826064,48.86896275673882,0.9999994412413482,0.9973257705456902
flickr,15135657108,IMG_vs_AUD,0.9956692198117334,0.981938775510204,8.190643351067838e-05,1.0,1.0,3.8870863489232854,3.889142486516996,48.76858467618559,48.86896275673882,0.9952772382895019,0.9973257705456902
flickr,15210828119,DECODER_TARGET_vs_IMG,0.5652462762351712,0.4872448979591837,0.0018739585718938266,0.0,0.6,3.8918196662103197,3.8843695495104376,48.99996903689475,48.63627003153088,0.9999993680998928,0.9925769394189975
flickr,15210828119,DECODER_TARGET_vs_AUD,0.5995366125597921,0.5024489795918368,0.001690022988918038,0.0,0.6,3.8918196662103197,3.8850849024427747,48.99996903689475,48.67107457719857,0.9999993680998928,0.9932872362693586
flickr,15210828119,IMG_vs_AUD,0.9939767253151874,0.9936734693877551,2.651042268840693e-05,0.8,0.9285714285714286,3.8843695495104376,3.8850849024427747,48.63627003153088,48.67107457719857,0.9925769394189975,0.9932872362693586
flickr,15679023977,DECODER_TARGET_vs_IMG,0.5487141542905755,0.6655102040816326,0.0016465009348570043,0.0,0.4444444444444444,3.8918197768852294,3.885257046357101,48.99997445996219,48.67945372767994,0.9999994787747386,0.993458239340407
flickr,15679023977,DECODER_TARGET_vs_AUD,0.6017221474702735,0.6942857142857143,0.0010830326469961165,0.0,0.4222222222222222,3.8918197768852294,3.8874865808387473,48.99997445996219,48.788107326778224,0.9999994787747386,0.9956756597301678
flickr,15679023977,IMG_vs_AUD,0.973546938437581,0.9728571428571429,0.00013292578160120877,1.0,0.7727272727272727,3.885257046357101,3.8874865808387473,48.67945372767994,48.788107326778224,0.993458239340407,0.9956756597301678
flickr,15799251138,DECODER_TARGET_vs_IMG,-0.15586817412007203,-0.3956324307410163,0.0008222519906041255,0.0,0.4318181818181818,3.89181954799257,3.8885751436080693,48.99996324422901,48.841245160686434,0.9999992498822247,0.9967601053201313
flickr,15799251138,DECODER_TARGET_vs_AUD,-0.16491226269605405,-0.41221490946049405,0.001239650299732975,0.0,0.4318181818181818,3.89181954799257,3.886943598178819,48.99996324422901,48.76162342129047,0.9999992498822247,0.9951351718630709
flickr,15799251138,IMG_vs_AUD,0.9890791712057396,0.9784693877551021,6.453968903887968e-05,0.8,0.9411764705882353,3.8885751436080693,3.886943598178819,48.841245160686434,48.76162342129047,0.9967601053201313,0.9951351718630709
flickr,15994498891,DECODER_TARGET_vs_IMG,0.6220000122475818,0.8536367604153765,0.0012266532427240855,0.2,0.4,3.8918198016714145,3.8869131180552516,48.999975674484645,48.76013718363372,0.9999995035609112,0.9951048404823207
flickr,15994498891,DECODER_TARGET_vs_AUD,0.6533433204180756,0.892007043967819,0.0012352954046192196,0.2,0.4222222222222222,3.8918198016714145,3.8868869505012995,48.999975674484645,48.75886126680714,0.9999995035609112,0.995078801363411
flickr,15994498891,IMG_vs_AUD,0.986898075107264,0.9845918367346939,3.209091088640851e-05,0.8,0.85,3.8869131180552516,3.8868869505012995,48.76013718363372,48.75886126680714,0.9951048404823207,0.995078801363411
flickr,16012165838,DECODER_TARGET_vs_IMG,0.536189606245761,0.6477881532999669,0.0023495206950376706,0.4,0.6444444444444445,3.89181979498306,3.882569989699459,48.99997534675545,48.54882485963339,0.9999994968725602,0.9907923440741508
flickr,16012165838,DECODER_TARGET_vs_AUD,0.5100244167176906,0.6336547791298274,0.0014684269842162737,0.4,0.6739130434782609,3.89181979498306,3.8860276207652533,48.99997534675545,48.71697932520103,0.9999994968725602,0.9942240678612455
flickr,16012165838,IMG_vs_AUD,0.9914538246666527,0.9863265306122448,0.00013185771187294789,0.8,0.90625,3.882569989699459,3.8860276207652533,48.54882485963339,48.71697932520103,0.9907923440741508,0.9942240678612455
flickr,16101081359,DECODER_TARGET_vs_IMG,0.7641280245874058,0.7799178553011095,0.0009533237335993297,0.2,0.7333333333333333,3.8918197652571678,3.888044576020975,48.99997389018747,48.81533845232846,0.9999994671466831,0.9962313969862951
flickr,16101081359,DECODER_TARGET_vs_AUD,0.7595736948490183,0.7181815864986534,0.0006901411509892399,0.2,0.7555555555555555,3.8918197652571678,3.8890771769984123,48.99997389018747,48.86577125252642,0.9999994671466831,0.9972606378066616
flickr,16101081359,IMG_vs_AUD,0.9826254707984133,0.9648979591836735,4.823398013382627e-05,0.6,0.9142857142857143,3.888044576020975,3.8890771769984123,48.81533845232846,48.86577125252642,0.9962313969862951,0.9972606378066616
flickr,16369370669,DECODER_TARGET_vs_IMG,0.5777327969847966,0.5115306122448979,0.0008220476522990199,0.2,0.5777777777777777,3.8918196706098565,3.8885304052193996,48.99996925247191,48.83906013095505,0.9999993724994267,0.9967155128766336
flickr,16369370669,DECODER_TARGET_vs_AUD,0.5687234058303018,0.4589795918367347,0.0012931092610419847,0.2,0.6222222222222222,3.8918196706098565,3.8866839389427663,48.99996925247191,48.74896365908744,0.9999993724994267,0.9948768093691314
flickr,16369370669,IMG_vs_AUD,0.9819117774824025,0.9801020408163266,9.054153126121308e-05,0.8,0.9285714285714286,3.8885304052193996,3.8866839389427663,48.83906013095505,48.74896365908744,0.9967155128766336,0.9948768093691314
flickr,16419739420,DECODER_TARGET_vs_IMG,0.14862098033583032,-0.2938775510204082,0.0007476229542822408,0.0,0.5555555555555556,3.8918194924584735,3.8888482425058086,48.999960523060395,48.854585472433335,0.9999991943481713,0.9970323565802721
flickr,16419739420,DECODER_TARGET_vs_AUD,0.12361606531568456,-0.2922448979591837,0.0011023262152283794,0.0,0.5777777777777777,3.8918194924584735,3.887451013128449,48.999960523060395,48.78637207637045,0.9999991943481713,0.9956402464565397
flickr,16419739420,IMG_vs_AUD,0.9816605600492591,0.9786734693877551,6.746385263146351e-05,0.8,0.90625,3.8888482425058086,3.887451013128449,48.854585472433335,48.78637207637045,0.9970323565802721,0.9956402464565397
flickr,16563757295,DECODER_TARGET_vs_IMG,-0.31997674219231026,-0.34214285714285714,0.0011980476607627007,0.0,0.09302325581395349,3.8918190939311303,3.887101227637201,48.99994099524021,48.76931029540319,0.9999987958212287,0.995292046844963
flickr,16563757295,DECODER_TARGET_vs_AUD,-0.3097435389570124,-0.34285714285714286,0.0016810107028267384,0.0,0.09302325581395349,3.8918190939311303,3.885208067371511,48.99994099524021,48.677069515805904,0.9999987958212287,0.9934095819552226
flickr,16563757295,IMG_vs_AUD,0.997219335524683,0.991734693877551,4.863549968074792e-05,0.8,1.0,3.887101227637201,3.885208067371511,48.76931029540319,48.677069515805904,0.995292046844963,0.9934095819552226
flickr,16659090834,DECODER_TARGET_vs_IMG,0.009167657865382452,-0.15602040816326532,0.0011924874736672507,0.0,0.5,3.8918196617774887,3.887109247650495,48.99996881968617,48.76970142748853,0.9999993636670647,0.9953000291324189
flickr,16659090834,DECODER_TARGET_vs_AUD,-0.08599600477119952,-0.28061224489795916,0.0008667261152447644,0.0,0.5227272727272727,3.8918196617774887,3.8883990224869014,48.99996881968617,48.832643943279756,0.9999993636670647,0.9965845702710154
flickr,16659090834,IMG_vs_AUD,0.9722716731406831,0.9410204081632653,7.961903985488544e-05,0.6,0.84375,3.887109247650495,3.8883990224869014,48.76970142748853,48.832643943279756,0.9953000291324189,0.9965845702710154
flickr,16804898716,DECODER_TARGET_vs_IMG,-0.700985964395467,-0.7353061224489796,0.0011318313725714145,0.0,0.046511627906976744,3.8918185173697744,3.8874411192775855,48.99991274377593,48.785889393668754,0.9999982192607333,0.9956303957891582
flickr,16804898716,DECODER_TARGET_vs_AUD,-0.7365032510390468,-0.7780612244897959,0.0024330026676842075,0.0,0.06976744186046512,3.8918185173697744,3.8824205528784,48.99991274377593,48.54157041963395,0.9999982192607333,0.9906442942782439
flickr,16804898716,IMG_vs_AUD,0.9860022221198325,0.9773469387755102,0.00029135572671359184,0.8,0.96,3.8874411192775855,3.8824205528784,48.785889393668754,48.54157041963395,0.9956303957891582,0.9906442942782439
flickr,16950760048,DECODER_TARGET_vs_IMG,0.7282549038847808,0.80047960433201,0.0022892950402625422,0.0,0.6,3.89181978412986,3.882833948543888,48.999974814948914,48.56164144279255,0.9999994860193656,0.9910539069957663
flickr,16950760048,DECODER_TARGET_vs_AUD,0.7319199780634758,0.8034388634977476,0.0018371099798373404,0.0,0.6444444444444445,3.89181978412986,3.884605128585251,48.999974814948914,48.64772906872898,0.9999994860193656,0.9928107973209995
flickr,16950760048,IMG_vs_AUD,0.9929114166394427,0.9844897959183674,5.194383561103104e-05,1.0,0.9310344827586207,3.882833948543888,3.884605128585251,48.56164144279255,48.64772906872898,0.9910539069957663,0.9928107973209995
flickr,17140316339,DECODER_TARGET_vs_IMG,0.0013004516331187386,-0.23755102040816325,0.0006773329900393775,0.0,0.275,3.8918195580501855,3.88911840400705,48.99996373705181,48.86778588362826,0.9999992599398329,0.9973017527271073
flickr,17140316339,DECODER_TARGET_vs_AUD,-0.05988016043250752,-0.3445918367346939,0.0020985124274679194,0.0,0.2558139534883721,3.8918195580501855,3.8835179415897496,48.99996373705181,48.59486863012214,0.9999992599398329,0.9917320128596355
flickr,17140316339,IMG_vs_AUD,0.9788425336408262,0.9723469387755102,0.00044401996562758823,0.8,0.875,3.88911840400705,3.8835179415897496,48.86778588362826,48.59486863012214,0.9973017527271073,0.9917320128596355
flickr,17537079145,DECODER_TARGET_vs_IMG,0.25574832345739873,0.07989999747491412,0.002815713245515515,0.0,0.4888888888888889,3.891819597054143,3.880785177112523,48.99996564824434,48.462251587457885,0.999999298943762,0.9890255426011814
flickr,17537079145,DECODER_TARGET_vs_AUD,0.2058230997946273,0.05199112223942369,0.002570441484992754,0.0,0.43478260869565216,3.891819597054143,3.881700404994623,48.99996564824434,48.50662589454416,0.999999298943762,0.9899311407049828
flickr,17537079145,IMG_vs_AUD,0.9929305482331071,0.9931632653061224,4.6703595957409605e-05,1.0,0.9090909090909091,3.880785177112523,3.881700404994623,48.462251587457885,48.50662589454416,0.9890255426011814,0.9899311407049828
flickr,19306860381,DECODER_TARGET_vs_IMG,-0.06124532187450225,-0.20530612244897958,0.001648162172011041,0.0,0.3333333333333333,3.891819617085631,3.885286364533407,48.99996662978658,48.68088094140835,0.9999993189752363,0.9934873661511907
flickr,19306860381,DECODER_TARGET_vs_AUD,-0.08865142825409919,-0.24653061224489795,0.0017578439214059431,0.0,0.38095238095238093,3.891819617085631,3.8848650864686434,48.99996662978658,48.66037707331255,0.9999993189752363,0.9930689198635215
flickr,19306860381,IMG_vs_AUD,0.9854148368893856,0.9783673469387755,5.267962050834154e-05,0.6,0.9230769230769231,3.885286364533407,3.8848650864686434,48.68088094140835,48.66037707331255,0.9934873661511907,0.9930689198635215
flickr,20854461578,DECODER_TARGET_vs_IMG,0.32548603453293623,-0.03321513304991641,0.0007895585389108899,0.0,0.4666666666666667,3.891819707299076,3.888657298612484,48.99997105024258,48.84525787822838,0.9999994091886241,0.9968419975148649
flickr,20854461578,DECODER_TARGET_vs_AUD,0.3431943975526494,-0.03979693360819478,0.0009297556814480525,0.0,0.6222222222222222,3.891819707299076,3.8881192380668828,48.99997105024258,48.81898324143099,0.9999994091886241,0.9963057804373672
flickr,20854461578,IMG_vs_AUD,0.9761664195673034,0.9779591836734693,4.627165477771629e-05,1.0,0.75,3.888657298612484,3.8881192380668828,48.84525787822838,48.81898324143099,0.9968419975148649,0.9963057804373672
flickr,2401957951,DECODER_TARGET_vs_IMG,0.6321726862693642,0.7113956991013587,0.002375009054639869,0.0,0.6666666666666666,3.8918196943880816,3.8824591881737565,48.999970417604224,48.5434458737733,0.9999993962776372,0.9906825688525164
flickr,2401957951,DECODER_TARGET_vs_AUD,0.6260695814126975,0.6961912295946381,0.0020452063197777437,0.0,0.7333333333333333,3.8918196943880816,3.8837541789575276,48.999970417604224,48.606349910075124,0.9999993962776372,0.9919663246954107
flickr,2401957951,IMG_vs_AUD,0.9958216459616588,0.9866326530612245,2.993900464473517e-05,0.8,0.9090909090909091,3.8824591881737565,3.8837541789575276,48.5434458737733,48.606349910075124,0.9906825688525164,0.9919663246954107
flickr,2404965389,DECODER_TARGET_vs_IMG,0.674109328462201,0.7095078958404571,0.0009906905569717643,0.2,0.6,3.8918197639820002,3.887878887977711,48.999973827704295,48.80725100443423,0.9999994658715162,0.99606634702927
flickr,2404965389,DECODER_TARGET_vs_AUD,0.6968504671646689,0.7006301183432444,0.0012745490718408955,0.0,0.6444444444444445,3.8918197639820002,3.8867636634940412,48.999973827704295,48.752850303268694,0.9999994658715162,0.9949561286381366
flickr,2404965389,IMG_vs_AUD,0.9875625221250751,0.9853061224489796,4.575192456977156e-05,0.6,0.9310344827586207,3.887878887977711,3.8867636634940412,48.80725100443423,48.752850303268694,0.99606634702927,0.9949561286381366
flickr,2432219254,DECODER_TARGET_vs_IMG,0.7356089856778717,0.8169387755102041,0.0019043866374728697,0.2,0.6666666666666666,3.891819783891613,3.8842987891908263,48.9999748032748,48.632828635277335,0.9999994857811184,0.9925067068423946
flickr,2432219254,DECODER_TARGET_vs_AUD,0.7344979695008386,0.8157142857142857,0.0018529158506172569,0.2,0.6,3.891819783891613,3.8844918595227265,48.9999748032748,48.64221909812391,0.9999994857811184,0.9926983489413043
flickr,2432219254,IMG_vs_AUD,0.9916419233170588,0.9844897959183674,3.238646616791053e-05,0.8,0.9,3.8842987891908263,3.8844918595227265,48.632828635277335,48.64221909812391,0.9925067068423946,0.9926983489413043
flickr,2462141223,DECODER_TARGET_vs_IMG,0.5138470305480269,0.3342857142857143,0.0006092890481855017,0.0,0.5333333333333333,3.8918196143803856,3.8893725955488825,48.99996649722964,48.88020924035717,0.9999993162699927,0.9975552906195341
flickr,2462141223,DECODER_TARGET_vs_AUD,0.5656100123005432,0.40653061224489795,0.0008661009738432661,0.0,0.5777777777777777,3.8918196143803856,3.8883510408427906,48.99996649722964,48.830300928948375,0.9999993162699927,0.9965367536520077
flickr,2462141223,IMG_vs_AUD,0.9886397621002317,0.9774489795918367,3.91688266879147e-05,1.0,0.9230769230769231,3.8893725955488825,3.8883510408427906,48.88020924035717,48.830300928948375,0.9975552906195341,0.9965367536520077
flickr,2465634368,DECODER_TARGET_vs_IMG,0.6099868908714475,0.7012934005700476,0.0007954329552419554,0.2,0.6,3.891819798888646,3.888650604796875,48.99997553812905,48.844930918173084,0.9999995007781439,0.9968353248606752
flickr,2465634368,DECODER_TARGET_vs_AUD,0.6087950891857654,0.6999668361164412,0.0008187499351979,0.2,0.6,3.891819798888646,3.8885581428075735,48.99997553812905,48.84041482747968,0.9999995007781439,0.9967431597444832
flickr,2465634368,IMG_vs_AUD,0.9808631433968162,0.9755102040816327,3.1804915225133685e-05,0.8,0.9285714285714286,3.888650604796875,3.8885581428075735,48.844930918173084,48.84041482747968,0.9968353248606752,0.9967431597444832
flickr,2499673064,DECODER_TARGET_vs_IMG,0.5553750687285082,0.665901322362781,0.003367258406607271,0.2,0.5111111111111111,3.8918198026692363,3.8786003610025497,48.99997572337789,48.35648606064942,0.9999995045587324,0.986867062462233
flickr,2499673064,DECODER_TARGET_vs_AUD,0.5745884675281109,0.6992193488360701,0.0020604312475426875,0.2,0.5555555555555556,3.8918198026692363,3.883679118297969,48.99997572337789,48.602701622315294,0.9999995045587324,0.9918918698431692
flickr,2499673064,IMG_vs_AUD,0.996228502426785,0.9840816326530613,0.00018039191367078772,1.0,0.8461538461538461,3.8786003610025497,3.883679118297969,48.35648606064942,48.602701622315294,0.986867062462233,0.9918918698431692
flickr,2509250774,DECODER_TARGET_vs_IMG,0.6660415978623534,0.8546938775510204,0.0017328466535592533,0.2,0.5777777777777777,3.891819695374927,3.8849318604553154,48.99997046595961,48.663626429167714,0.999999397264482,0.9931352332483206
flickr,2509250774,DECODER_TARGET_vs_AUD,0.6622814040163036,0.8524489795918367,0.00118866660475856,0.4,0.6444444444444445,3.891819695374927,3.8870846927930702,48.99997046595961,48.76850390912584,0.999999397264482,0.99527558998216
flickr,2509250774,IMG_vs_AUD,0.994353850189435,0.9842857142857143,6.671550281158405e-05,0.8,0.896551724137931,3.8849318604553154,3.8870846927930702,48.663626429167714,48.76850390912584,0.9931352332483206,0.99527558998216
flickr,2542659118,DECODER_TARGET_vs_IMG,0.7222686209107103,0.795,0.0012671435824316618,0.4,0.6444444444444445,3.8918197637228293,3.886788063160577,48.99997381500493,48.75403987107123,0.9999994656123454,0.9949804055320659
flickr,2542659118,DECODER_TARGET_vs_AUD,0.7462857840869922,0.8051020408163265,0.0009421469103215925,0.4,0.5555555555555556,3.8918197637228293,3.888069730137041,48.99997381500493,48.81656637446126,0.9999994656123454,0.9962564566216584
flickr,2542659118,IMG_vs_AUD,0.9758086271065977,0.9696938775510204,7.637136596447164e-05,1.0,0.8,3.886788063160577,3.888069730137041,48.75403987107123,48.81656637446126,0.9949804055320659,0.9962564566216584
flickr,2630218696,DECODER_TARGET_vs_IMG,0.5600910266398457,0.5056122448979592,0.000577780377573016,0.4,0.6304347826086957,3.891819302882634,3.889495191184543,48.99995123385263,48.88620210802241,0.9999990047725026,0.9976775940412737
flickr,2630218696,DECODER_TARGET_vs_AUD,0.618176845721064,0.6289795918367347,0.0009385160337287148,0.6,0.45652173913043476,3.891819302882634,3.8880434492737943,48.99995123385263,48.815283449814466,0.9999990047725026,0.9962302744860095
flickr,2630218696,IMG_vs_AUD,0.950634052140538,0.93,0.00011603386682932173,0.8,0.7333333333333333,3.889495191184543,3.8880434492737943,48.88620210802241,48.815283449814466,0.9976775940412737,0.9962302744860095
flickr,2695985181,DECODER_TARGET_vs_IMG,0.7097851265491187,0.818063535167633,0.0011612395079633844,0.2,0.5777777777777777,3.8918197962897434,3.887198572624264,48.999975410782895,48.774057974360595,0.9999994981792427,0.995388938252257
flickr,2695985181,DECODER_TARGET_vs_AUD,0.7185574364105158,0.8148998663065805,0.0010792298539993095,0.2,0.5777777777777777,3.8918197962897434,3.8875204424896643,48.999975410782895,48.78975940060824,0.9999994981792427,0.9957093755226172
flickr,2695985181,IMG_vs_AUD,0.9866072460077102,0.9863265306122448,3.157409842768624e-05,0.8,0.9259259259259259,3.887198572624264,3.8875204424896643,48.774057974360595,48.78975940060824,0.995388938252257,0.9957093755226172
flickr,2698329253,DECODER_TARGET_vs_IMG,0.6371911110941338,0.8327678163024125,0.001569608243197046,0.6,0.5333333333333333,3.891819802813439,3.885566681049646,48.99997573044383,48.69452890914731,0.9999995047029353,0.9937658961050471
flickr,2698329253,DECODER_TARGET_vs_AUD,0.6866453732790379,0.8630252340505487,0.0013853138782607113,0.2,0.5777777777777777,3.891819802813439,3.8863228544782356,48.99997573044383,48.73136434325915,0.9999995047029353,0.99451763965835
flickr,2698329253,IMG_vs_AUD,0.9753151630110263,0.9701020408163266,7.70031514226446e-05,0.6,0.9230769230769231,3.885566681049646,3.8863228544782356,48.69452890914731,48.73136434325915,0.9937658961050471,0.99451763965835
flickr,2766580444,DECODER_TARGET_vs_IMG,0.5398125924369356,0.616734693877551,0.0018430613311596854,0.2,0.5111111111111111,3.891819696741811,3.8844722507402913,48.999970532936885,48.64126529278396,0.999999398631365,0.9926788835262034
flickr,2766580444,DECODER_TARGET_vs_AUD,0.5545892148136805,0.6097959183673469,0.00176433305024817,0.2,0.5111111111111111,3.891819696741811,3.8847757007287678,48.999970532936885,48.65602772389303,0.999999398631365,0.9929801576304701
flickr,2766580444,IMG_vs_AUD,0.9914422747175115,0.9859183673469388,3.279541310522338e-05,1.0,0.84,3.8844722507402913,3.8847757007287678,48.64126529278396,48.65602772389303,0.9926788835262034,0.9929801576304701
flickr,2778088729,DECODER_TARGET_vs_IMG,0.6704486085704844,0.781876627376236,0.001997409331360365,0.0,0.4888888888888889,3.8918197573846496,3.8838481027812337,48.99997350443429,48.61091541871673,0.9999994592741691,0.9920594983411577
flickr,2778088729,DECODER_TARGET_vs_AUD,0.6729019557705829,0.7912648614820326,0.0018248136704751775,0.0,0.5333333333333333,3.8918197573846496,3.88454324820692,48.99997350443429,48.64471882198784,0.9999994592741691,0.9927493637140374
flickr,2778088729,IMG_vs_AUD,0.9917367143423813,0.986734693877551,3.471585452002653e-05,0.8,0.9166666666666666,3.8838481027812337,3.88454324820692,48.61091541871673,48.64471882198784,0.9920594983411577,0.9927493637140374
flickr,2808068937,DECODER_TARGET_vs_IMG,0.6679544520962498,0.8386719038211045,0.0024361145606148164,0.4,0.5333333333333333,3.89181980721227,3.8821843123329414,48.99997594598642,48.53010428699663,0.9999995091017637,0.9904102915713598
flickr,2808068937,DECODER_TARGET_vs_AUD,0.6898139381794686,0.8527093215661321,0.0014804135623415005,0.2,0.6,3.89181980721227,3.8859549097285413,48.99997594598642,48.71343719190647,0.9999995091017637,0.9941517794266627
flickr,2808068937,IMG_vs_AUD,0.9647739015075643,0.948469387755102,0.0002441734369507547,0.8,0.8888888888888888,3.8821843123329414,3.8859549097285413,48.53010428699663,48.71343719190647,0.9904102915713598,0.9941517794266627
flickr,2811549163,DECODER_TARGET_vs_IMG,0.584294538696426,0.5778571428571428,0.0006486721428360816,0.0,0.7555555555555555,3.8918197756451858,3.889249993717141,48.999974399200084,48.8742168045177,0.9999994775346956,0.9974329960105653
flickr,2811549163,DECODER_TARGET_vs_AUD,0.611478406148581,0.6630612244897959,0.0010869016265542739,0.2,0.7777777777777778,3.8918197756451858,3.887531077662835,48.999974399200084,48.79027829090766,0.9999994775346956,0.9957199651205645
flickr,2811549163,IMG_vs_AUD,0.9879302260221872,0.9538775510204082,7.528657369877547e-05,0.4,0.9714285714285714,3.889249993717141,3.887531077662835,48.8742168045177,48.79027829090766,0.9974329960105653,0.9957199651205645
flickr,2819123278,DECODER_TARGET_vs_IMG,0.697037123554761,0.8184601265819761,0.0020670123789469173,0.4,0.5333333333333333,3.891819783242075,3.883621648771114,48.99997477144747,48.599908528308845,0.999999485131581,0.9918348679246703
flickr,2819123278,DECODER_TARGET_vs_AUD,0.6926170315292652,0.8190724027193107,0.00158854678850523,0.4,0.5555555555555556,3.891819783242075,3.885529535309186,48.99997477144747,48.69272014840872,0.999999485131581,0.9937289826205861
flickr,2819123278,IMG_vs_AUD,0.986519406387762,0.9860204081632653,7.93341677495003e-05,1.0,0.8148148148148148,3.883621648771114,3.885529535309186,48.599908528308845,48.69272014840872,0.9918348679246703,0.9937289826205861
flickr,2858344348,DECODER_TARGET_vs_IMG,-0.1392099170549411,-0.17295918367346938,0.0004972808527813851,0.0,0.2702702702702703,3.891819580576451,3.8898470897983564,48.999964840838,48.9034081219875,0.9999992824660816,0.9980287371834184
flickr,2858344348,DECODER_TARGET_vs_AUD,-0.23739191109683225,-0.29520408163265305,0.0006602480807506557,0.0,0.2222222222222222,3.891819580576451,3.889204257465818,48.999964840838,48.87198153217159,0.9999992824660816,0.9973873782075834
flickr,2858344348,IMG_vs_AUD,0.9789802263140334,0.9511224489795919,3.455249783592909e-05,0.8,0.896551724137931,3.8898470897983564,3.889204257465818,48.9034081219875,48.87198153217159,0.9980287371834184,0.9973873782075834
flickr,2895192729,DECODER_TARGET_vs_IMG,0.4479106570546253,0.506734693877551,0.0015101808371304293,0.0,0.6304347826086957,3.8918197989524725,3.885852967336813,48.99997554125655,48.708471480722366,0.9999995008419704,0.9940504383820891
flickr,2895192729,DECODER_TARGET_vs_AUD,0.4573169476156688,0.5215306122448979,0.0016596145987592108,0.0,0.6086956521739131,3.8918197989524725,3.8852637875374363,48.99997554125655,48.679781885762225,0.9999995008419704,0.993464936444127
flickr,2895192729,IMG_vs_AUD,0.992923622394452,0.9874489795918368,2.4756210447524382e-05,1.0,0.9666666666666667,3.885852967336813,3.8852637875374363,48.708471480722366,48.679781885762225,0.9940504383820891,0.993464936444127
flickr,2897081671,DECODER_TARGET_vs_IMG,0.3930087081169661,0.34578294855969405,0.002208070382651681,0.0,0.4888888888888889,3.891819793651167,3.883032783495819,48.99997528149271,48.5712981544486,0.9999994955406676,0.9912509827438489
flickr,2897081671,DECODER_TARGET_vs_AUD,0.3895385495908143,0.3666513602405137,0.002766447328535144,0.0,0.4888888888888889,3.891819793651167,3.8808606379325563,48.99997528149271,48.465908726686976,0.9999994955406676,0.9891001780956525
flickr,2897081671,IMG_vs_AUD,0.9958329316696856,0.9952040816326531,5.333432855217108e-05,1.0,1.0,3.883032783495819,3.8808606379325563,48.5712981544486,48.465908726686976,0.9912509827438489,0.9891001780956525
flickr,2897653916,DECODER_TARGET_vs_IMG,0.48115365064663324,0.5316597792521782,0.003753555399104872,0.0,0.37777777777777777,3.8918198040482803,3.8767916092701227,48.99997579095101,48.26910023616801,0.9999995059377758,0.985083678289143
flickr,2897653916,DECODER_TARGET_vs_AUD,0.42588424916428724,0.47747334109806944,0.0024417883801246144,0.0,0.37777777777777777,3.8918198040482803,3.8820658415719054,48.99997579095101,48.52435522916294,0.9999995059377758,0.9902929638604682
flickr,2897653916,IMG_vs_AUD,0.9892797210159437,0.9856122448979592,0.00020627132467707652,1.0,1.0,3.8767916092701227,3.8820658415719054,48.26910023616801,48.52435522916294,0.985083678289143,0.9902929638604682
flickr,2907554899,DECODER_TARGET_vs_IMG,0.66963867769502,0.7298145363225873,0.0009624413000457348,0.2,0.5777777777777777,3.891819774439567,3.887977962122022,48.9999743401248,48.812086780609896,0.9999994763290776,0.9961650363389775
flickr,2907554899,DECODER_TARGET_vs_AUD,0.6310198809584014,0.671649787202918,0.0012626710490457908,0.0,0.5555555555555556,3.891819774439567,3.886793070334344,48.9999743401248,48.754283991631894,0.9999994763290776,0.9949853875843244
flickr,2907554899,IMG_vs_AUD,0.9819070719816148,0.9823469387755102,6.0998650117484086e-05,0.6,0.9615384615384616,3.887977962122022,3.886793070334344,48.812086780609896,48.754283991631894,0.9961650363389775,0.9949853875843244
flickr,2935372113,DECODER_TARGET_vs_IMG,0.5150685113413321,0.33846938775510205,0.0007477948126056908,0.4,0.6,3.8918196820926996,3.8888220196643744,48.999969815130875,48.853304383182135,0.9999993839822627,0.9970062119016763
flickr,2935372113,DECODER_TARGET_vs_AUD,0.5537125957487906,0.3848979591836735,0.0011311250812270476,0.4,0.5555555555555556,3.8918196820926996,3.887302196012844,48.999969815130875,48.779112369394944,0.9999993839822627,0.9954920891713254
flickr,2935372113,IMG_vs_AUD,0.9806414749905148,0.9754081632653061,7.608095303333917e-05,0.8,0.9259259259259259,3.8888220196643744,3.887302196012844,48.853304383182135,48.779112369394944,0.9970062119016763,0.9954920891713254
flickr,2961466546,DECODER_TARGET_vs_IMG,-0.10244650195367781,-0.2389795918367347,0.0008114733435199935,0.0,0.5454545454545454,3.89181972465486,3.888620816650128,48.9999719006755,48.843475939873706,0.9999994265443979,0.996805631425994
flickr,2961466546,DECODER_TARGET_vs_AUD,-0.15603301580544957,-0.31051020408163266,0.0018870102602735676,0.0,0.4772727272727273,3.89181972465486,3.8844401762175518,48.9999719006755,48.63970517243444,0.9999994265443979,0.9926470443353967
flickr,2961466546,IMG_vs_AUD,0.9912967824827439,0.9811224489795919,0.00024404301318882768,0.6,0.9117647058823529,3.888620816650128,3.8844401762175518,48.843475939873706,48.63970517243444,0.996805631425994,0.9926470443353967
flickr,3012435981,DECODER_TARGET_vs_IMG,-0.08217949302827575,-0.1273469387755102,0.0014529467105843757,0.0,0.3409090909090909,3.891819545833757,3.8861171723352976,48.999963138447264,48.72134220253576,0.9999992477234135,0.9943131061741992
flickr,3012435981,DECODER_TARGET_vs_AUD,-0.09661227370958085,-0.13377551020408163,0.0017921622981192096,0.0,0.37777777777777777,3.891819545833757,3.8848130967175973,48.999963138447264,48.657847298184464,0.9999992477234135,0.9930172917996829
flickr,3012435981,IMG_vs_AUD,0.9947907936102814,0.9866326530612245,3.378059656129192e-05,0.8,0.9117647058823529,3.8861171723352976,3.8848130967175973,48.72134220253576,48.657847298184464,0.9943131061741992,0.9930172917996829
flickr,3052033339,DECODER_TARGET_vs_IMG,0.5390217398275069,0.28377551020408165,0.0006702281152495256,0.0,0.6222222222222222,3.8918197191461568,3.889141471662843,48.99997163074919,48.86891316189417,0.9999994210356977,0.9973247584060034
flickr,3052033339,DECODER_TARGET_vs_AUD,0.5730488186487815,0.34581632653061223,0.0005508368372669408,0.2,0.6444444444444445,3.8918197191461568,3.8896144383290676,48.99997163074919,48.89203199562226,0.9999994210356977,0.9977965713392298
flickr,3052033339,IMG_vs_AUD,0.9666668602383769,0.9629591836734694,4.684832896564758e-05,0.8,0.9655172413793104,3.889141471662843,3.8896144383290676,48.86891316189417,48.89203199562226,0.9973247584060034,0.9977965713392298
flickr,3102685146,DECODER_TARGET_vs_IMG,0.7076548784443492,0.8094800765677358,0.001959642091843963,0.0,0.4888888888888889,3.8918197931214134,3.8840305287816648,48.9999752555348,48.619784122510346,0.9999994950109142,0.9922404922961295
flickr,3102685146,DECODER_TARGET_vs_AUD,0.7086046707717775,0.7783050165751177,0.0018592953256797236,0.0,0.5111111111111111,3.8918197931214134,3.8844421199002412,48.9999752555348,48.639799712679284,0.9999994950109142,0.9926489737281486
flickr,3102685146,IMG_vs_AUD,0.9905131554381701,0.9804081632653061,3.788234707895023e-05,0.6,0.9565217391304348,3.8840305287816648,3.8844421199002412,48.619784122510346,48.639799712679284,0.9922404922961295,0.9926489737281486
flickr,3109408703,DECODER_TARGET_vs_IMG,0.6683596686788984,0.8593953380297702,0.0038789787868312026,0.4,0.5111111111111111,3.8918197990103773,3.8764834790260916,48.999975544093886,48.25422935773443,0.9999995008998752,0.984780190974172
flickr,3109408703,DECODER_TARGET_vs_AUD,0.6810449304458759,0.8761831937601938,0.0027589402417572788,0.6,0.5555555555555556,3.8918197990103773,3.8808867139728704,48.999975544093886,48.46717254215437,0.9999995008998752,0.9891259702480484
flickr,3109408703,IMG_vs_AUD,0.9950975740255319,0.9861224489795918,0.00012589010813505725,0.6,0.92,3.8764834790260916,3.8808867139728704,48.25422935773443,48.46717254215437,0.984780190974172,0.9891259702480484
flickr,3202731977,DECODER_TARGET_vs_IMG,0.6234331070171164,0.8351149347112055,0.0033084861404920176,0.2,0.4444444444444444,3.891819805367978,3.878652246274131,48.999975855616164,48.35899511515232,0.9999995072574728,0.9869182676561697
flickr,3202731977,DECODER_TARGET_vs_AUD,0.6345436467328318,0.8093986808409515,0.001554210789724552,0.2,0.4888888888888889,3.891819805367978,3.8856289507857547,48.999975855616164,48.697561199021386,0.9999995072574728,0.9938277795718651
flickr,3202731977,IMG_vs_AUD,0.9852842997788458,0.981326530612245,0.00039437361895495803,0.8,0.9090909090909091,3.878652246274131,3.8856289507857547,48.35899511515232,48.697561199021386,0.9869182676561697,0.9938277795718651
flickr,3207674548,DECODER_TARGET_vs_IMG,0.5014657414366421,0.2369387755102041,0.000950836909613169,0.0,0.6222222222222222,3.8918197065443225,3.88804071473913,48.999971013259675,48.81514996291222,0.9999994084338709,0.9962275502635147
flickr,3207674548,DECODER_TARGET_vs_AUD,0.6358517263798851,0.4173469387755102,0.0012103187348357248,0.0,0.6666666666666666,3.8918197065443225,3.8870132084815747,48.999971013259675,48.765017850801954,0.9999994084338709,0.9952044459347338
flickr,3207674548,IMG_vs_AUD,0.9471495932434738,0.9289795918367347,0.0001326178256154986,0.4,0.9333333333333333,3.88804071473913,3.8870132084815747,48.81514996291222,48.765017850801954,0.9962275502635147,0.9952044459347338
flickr,3230152596,DECODER_TARGET_vs_IMG,0.4634772741752251,0.38326530612244897,0.0007685563491147321,0.2,0.5813953488372093,3.891819540472846,3.888753316504569,48.99996287576281,48.84994812209827,0.9999992423625064,0.9969377167775156
flickr,3230152596,DECODER_TARGET_vs_AUD,0.4117732981871714,0.3226530612244898,0.0013358078218793322,0.0,0.5,3.891819540472846,3.886520261681421,48.99996287576281,48.74098521518503,0.9999992423625064,0.9947139839833679
flickr,3230152596,IMG_vs_AUD,0.9935997990590784,0.9887755102040816,9.051580024669229e-05,0.8,0.875,3.888753316504569,3.886520261681421,48.84994812209827,48.74098521518503,0.9969377167775156,0.9947139839833679
flickr,3403348616,DECODER_TARGET_vs_IMG,0.6629419946365984,0.696530612244898,0.000977087003205562,0.2,0.5333333333333333,3.891819656913442,3.8879034845463347,48.999968581348014,48.808451510096994,0.9999993588030207,0.9960908471448366
flickr,3403348616,DECODER_TARGET_vs_AUD,0.6338330613765748,0.6754081632653062,0.0023225018501163127,0.4,0.5555555555555556,3.891819656913442,3.8825973043127977,48.999968581348014,48.5501509701235,0.9999993588030207,0.9908194075535407
flickr,3403348616,IMG_vs_AUD,0.977556324450855,0.9770408163265306,0.00035783185829740924,0.8,0.8846153846153846,3.8879034845463347,3.8825973043127977,48.808451510096994,48.5501509701235,0.9960908471448366,0.9908194075535407
flickr,3413119417,DECODER_TARGET_vs_IMG,-0.2548365186676501,-0.4313265306122449,0.001645664503844408,0.0,0.28888888888888886,3.891819671149608,3.8853431758276415,48.99996927891971,48.68364664381994,0.9999993730391777,0.9935438090575498
flickr,3413119417,DECODER_TARGET_vs_AUD,-0.29559789635536154,-0.44857142857142857,0.0021534257361237874,0.0,0.3111111111111111,3.891819671149608,3.8833823839514707,48.99996927891971,48.58828167096457,0.9999993730391777,0.9915975851217259
flickr,3413119417,IMG_vs_AUD,0.992077409038583,0.9913265306122448,6.529618608167099e-05,0.8,0.9032258064516129,3.8853431758276415,3.8833823839514707,48.68364664381994,48.58828167096457,0.9935438090575498,0.9915975851217259
flickr,3416359816,DECODER_TARGET_vs_IMG,-0.4228839869200077,-0.4326530612244898,0.0014779848734601413,0.0,0.10810810810810811,3.891819297258685,3.885979537260986,48.999950958279406,48.714636898434264,0.9999989991485593,0.9941762632333523
flickr,3416359816,DECODER_TARGET_vs_AUD,-0.4481386813810202,-0.48,0.002317060686846294,0.0,0.10256410256410256,3.891819297258685,3.882693968805945,48.999950958279406,48.554844272693444,0.9999989991485593,0.9909151892386417
flickr,3416359816,IMG_vs_AUD,0.9883700976983595,0.9873469387755102,0.00014048271003026824,1.0,0.9090909090909091,3.885979537260986,3.882693968805945,48.714636898434264,48.554844272693444,0.9941762632333523,0.9909151892386417
flickr,3484198977,DECODER_TARGET_vs_IMG,0.6303656072692154,0.7876313950596362,0.0018157400686514937,0.0,0.5111111111111111,3.8918197965744667,3.8846059706346896,48.99997542473433,48.64777003253918,0.999999498463966,0.9928116333171261
flickr,3484198977,DECODER_TARGET_vs_AUD,0.6290059090975547,0.766812944088897,0.0015511049480867321,0.0,0.5333333333333333,3.8918197965744667,3.8856540614866155,48.99997542473433,48.698784044266496,0.999999498463966,0.9938527355972754
flickr,3484198977,IMG_vs_AUD,0.9930281956836835,0.9904081632653061,3.3509733055339555e-05,1.0,0.9583333333333334,3.8846059706346896,3.8856540614866155,48.64777003253918,48.698784044266496,0.9928116333171261,0.9938527355972754
flickr,3535748358,DECODER_TARGET_vs_IMG,0.5710640993383873,0.49081632653061225,0.0010942464573597275,0.0,0.6666666666666666,3.8918196872624997,3.887472148773222,48.99997006845092,48.78740321869731,0.9999993891520597,0.995661290177496
flickr,3535748358,DECODER_TARGET_vs_AUD,0.6124663271936333,0.5453061224489796,0.0014594588547884476,0.2,0.6444444444444445,3.8918196872624997,3.8860304277092177,48.99997006845092,48.717116071224034,0.9999993891520597,0.9942268585964088
flickr,3535748358,IMG_vs_AUD,0.9907242563647946,0.9803061224489796,4.990285829925632e-05,0.6,0.9666666666666667,3.887472148773222,3.8860304277092177,48.78740321869731,48.717116071224034,0.995661290177496,0.9942268585964088
flickr,3568893693,DECODER_TARGET_vs_IMG,0.6968391265396243,0.8547959183673469,0.0020755754967833676,0.2,0.5333333333333333,3.891819753974281,3.883534342490981,48.999973337326324,48.59566563629868,0.9999994558638026,0.9917482782918099
flickr,3568893693,DECODER_TARGET_vs_AUD,0.7045736335556831,0.8311224489795919,0.0020741186723761485,0.2,0.5555555555555556,3.891819753974281,3.883552790236447,48.999973337326324,48.59656212503816,0.9999994558638026,0.9917665739803706
flickr,3568893693,IMG_vs_AUD,0.9955859238574536,0.9895918367346939,1.8066943801037655e-05,1.0,0.96,3.883534342490981,3.883552790236447,48.59566563629868,48.59656212503816,0.9917482782918099,0.9917665739803706
flickr,3668283413,DECODER_TARGET_vs_IMG,0.6433524506368962,0.7621307219471963,0.00224705568082787,0.0,0.5333333333333333,3.8918197568334087,3.882898385357988,48.9999734774235,48.56477070107323,0.9999994587229286,0.9911177694096578
flickr,3668283413,DECODER_TARGET_vs_AUD,0.6346056673437277,0.7420786784494895,0.0019326105509140032,0.0,0.5555555555555556,3.8918197568334087,3.884151785887693,48.9999734774235,48.62567997427848,0.9999994587229286,0.9923608158016017
flickr,3668283413,IMG_vs_AUD,0.9910840196404199,0.9892857142857143,5.0687531842786836e-05,1.0,0.96,3.882898385357988,3.884151785887693,48.56477070107323,48.62567997427848,0.9911177694096578,0.9923608158016017
flickr,3709678770,DECODER_TARGET_vs_IMG,0.26001847898683145,0.10561224489795919,0.00118303666705372,0.2,0.4523809523809524,3.891819610605631,3.8871183198000376,48.999966312266785,48.770143875520006,0.9999993124952405,0.9953090586840817
flickr,3709678770,DECODER_TARGET_vs_AUD,0.26051648171715713,0.10275510204081632,0.002191797017375826,0.2,0.47619047619047616,3.891819610605631,3.88316241894095,48.999966312266785,48.577595124451875,0.9999993124952405,0.9913794923357525
flickr,3709678770,IMG_vs_AUD,0.9957949768485092,0.9929591836734694,0.00016938785720963635,0.8,0.9642857142857143,3.8871183198000376,3.88316241894095,48.770143875520006,48.577595124451875,0.9953090586840817,0.9913794923357525
flickr,3719297546,DECODER_TARGET_vs_IMG,0.6078779771190918,0.7884880431218111,0.00124454946532604,0.0,0.5333333333333333,3.8918198035921363,3.8868720639014844,48.99997576859997,48.75813541855474,0.999999505481632,0.9950639881337702
flickr,3719297546,DECODER_TARGET_vs_AUD,0.6099313219049292,0.7711894768120587,0.001593637649503849,0.0,0.5333333333333333,3.8918198035921363,3.8854993182616027,48.99997576859997,48.691248820396744,0.999999505481632,0.9936989555183009
flickr,3719297546,IMG_vs_AUD,0.9960802674491953,0.9927551020408163,3.2261568883340075e-05,1.0,1.0,3.8868720639014844,3.8854993182616027,48.75813541855474,48.691248820396744,0.9950639881337702,0.9936989555183009
flickr,3727937033,DECODER_TARGET_vs_IMG,0.5813694510337633,0.7757736584193297,0.0026818128789954905,0.0,0.3333333333333333,3.8918198014315033,3.8810878042224766,48.999975662729,48.476919797984785,0.999999503321,0.9893248938364242
flickr,3727937033,DECODER_TARGET_vs_AUD,0.5416714407829707,0.7401076634683226,0.002868445531776076,0.0,0.35555555555555557,3.8918198014315033,3.880348426105165,48.999975662729,48.44109027170761,0.999999503321,0.988593679014441
flickr,3727937033,IMG_vs_AUD,0.9933578406251898,0.9909183673469387,4.198735200819771e-05,0.8,0.7222222222222222,3.8810878042224766,3.880348426105165,48.476919797984785,48.44109027170761,0.9893248938364242,0.988593679014441
flickr,3749326537,DECODER_TARGET_vs_IMG,0.6241564318177454,0.5534324857026779,0.0010043089940933712,0.0,0.6,3.891819748132548,3.8878274665755987,48.99997305108155,48.80474133168033,0.9999994500220724,0.996015129217966
flickr,3749326537,DECODER_TARGET_vs_AUD,0.6452146471888448,0.5627184368779233,0.001091156421505833,0.0,0.6222222222222222,3.891819748132548,3.887484320059918,48.99997305108155,48.78799702778273,0.9999994500220724,0.9956734087302598
flickr,3749326537,IMG_vs_AUD,0.9859911012778731,0.9681632653061224,3.0492407267190538e-05,0.6,0.8333333333333334,3.8878274665755987,3.887484320059918,48.80474133168033,48.78799702778273,0.996015129217966,0.9956734087302598
flickr,3790233127,DECODER_TARGET_vs_IMG,0.40659405784961994,0.4712066005296029,0.0014854027935933781,0.0,0.5333333333333333,3.8918198043238976,3.8859186110660695,48.999975804456255,48.71166899138385,0.999999506213393,0.9941156937017113
flickr,3790233127,DECODER_TARGET_vs_AUD,0.41904652738390336,0.48523971891228,0.002659614537343929,0.0,0.5555555555555556,3.8918198043238976,3.8812708256244615,48.999975804456255,48.485792923771314,0.999999506213393,0.9895059780361493
flickr,3790233127,IMG_vs_AUD,0.9957285913820011,0.9935714285714285,0.00018587073945113567,1.0,0.96,3.8859186110660695,3.8812708256244615,48.71166899138385,48.485792923771314,0.9941156937017113,0.9895059780361493
flickr,3801318146,DECODER_TARGET_vs_IMG,0.46864203830414636,0.5013521104541174,0.0010729934684973017,0.0,0.4444444444444444,3.891819797029444,3.8875443107186705,48.99997544702821,48.79092393965646,0.9999994989189431,0.995733141625642
flickr,3801318146,DECODER_TARGET_vs_AUD,0.5448142123850283,0.5859992864406206,0.0007050457801985551,0.0,0.4666666666666667,3.891819797029444,3.889004885459794,48.99997544702821,48.86223879842161,0.9999994989189431,0.9971885469065634
flickr,3801318146,IMG_vs_AUD,0.9698572505400872,0.9638775510204082,9.266173538225581e-05,0.8,0.8636363636363636,3.8875443107186705,3.889004885459794,48.79092393965646,48.86223879842161,0.995733141625642,0.9971885469065634
flickr,3828103578,DECODER_TARGET_vs_IMG,0.5714021135489615,0.6525676677548862,0.0011676669181501266,0.2,0.4222222222222222,3.89181979165944,3.887161926671877,48.999975183898144,48.772270635303904,0.9999994935489417,0.9953524619449776
flickr,3828103578,DECODER_TARGET_vs_AUD,0.5597505984417499,0.646649149423411,0.0011494742660486173,0.2,0.4444444444444444,3.89181979165944,3.8872382007926123,48.999975183898144,48.775990839238716,0.9999994935489417,0.9954283844742595
flickr,3828103578,IMG_vs_AUD,0.9934477153699494,0.9922448979591837,1.4983023592887926e-05,1.0,0.95,3.887161926671877,3.8872382007926123,48.772270635303904,48.775990839238716,0.9953524619449776,0.9954283844742595
flickr,3896768873,DECODER_TARGET_vs_IMG,0.6303933854033654,0.7018367346938775,0.0019586656274025505,0.0,0.6222222222222222,3.8918197941145674,3.884072196164551,48.99997530419932,48.621810023877934,0.9999994960040677,0.9922818372219987
flickr,3896768873,DECODER_TARGET_vs_AUD,0.6134122231553696,0.6558163265306123,0.0014533739483584243,0.0,0.6222222222222222,3.8918197941145674,3.8860654862834383,48.99997530419932,48.71882405379317,0.9999994960040677,0.9942617153835341
flickr,3896768873,IMG_vs_AUD,0.9930246908737419,0.9873469387755102,6.019297894500062e-05,0.8,1.0,3.884072196164551,3.8860654862834383,48.621810023877934,48.71882405379317,0.9922818372219987,0.9942617153835341
flickr,3908875350,DECODER_TARGET_vs_IMG,0.8119653164361517,0.8568804541997199,0.0009040688249205634,0.4,0.6222222222222222,3.8918196992064646,3.8882086552734414,48.99997065370485,48.823348693709846,0.9999994010960174,0.996394871300201
flickr,3908875350,DECODER_TARGET_vs_AUD,0.8152811333479074,0.8736670249649758,0.0010789291300066573,0.6,0.6222222222222222,3.8918196992064646,3.88752236884879,48.99997065370485,48.78985338729702,0.9999994010960174,0.9957112936183066
flickr,3908875350,IMG_vs_AUD,0.9873610018241514,0.9790816326530613,3.29542421937146e-05,0.6,1.0,3.8882086552734414,3.88752236884879,48.823348693709846,48.78985338729702,0.996394871300201,0.9957112936183066
flickr,3956341886,DECODER_TARGET_vs_IMG,0.6288887047810475,0.8610721439610698,0.0014958165451226077,0.2,0.5777777777777777,3.8918198043470404,3.885898639190107,48.99997580559025,48.71069613768773,0.9999995062365358,0.9940958395446475
flickr,3956341886,DECODER_TARGET_vs_AUD,0.659348937617267,0.8805654211326431,0.0014902310208607084,0.2,0.6666666666666666,3.8918198043470404,3.8859424537255465,48.99997580559025,48.7128304209659,0.9999995062365358,0.9941393963462428
flickr,3956341886,IMG_vs_AUD,0.9835897712353845,0.9775510204081632,4.8363333722051754e-05,0.8,0.8666666666666667,3.885898639190107,3.8859424537255465,48.71069613768773,48.7128304209659,0.9940958395446475,0.9941393963462428
flickr,4007045926,DECODER_TARGET_vs_IMG,0.6101781922596727,0.808561662361734,0.0010561042366567552,0.0,0.5111111111111111,3.8918197991007712,3.887615535686524,48.99997554852319,48.79439919540662,0.9999995009902691,0.99580406521238
flickr,4007045926,DECODER_TARGET_vs_AUD,0.6101689935503484,0.8174396663530852,0.0014255274649280052,0.0,0.5333333333333333,3.8918197991007712,3.8861588210243987,48.99997554852319,48.723371424826674,0.9999995009902691,0.9943545188740137
flickr,4007045926,IMG_vs_AUD,0.9934134043087318,0.9911224489795918,4.443785748044318e-05,0.8,0.88,3.887615535686524,3.8861588210243987,48.79439919540662,48.723371424826674,0.99580406521238,0.9943545188740137
flickr,4041216001,DECODER_TARGET_vs_IMG,0.02297256720135908,-0.09285714285714286,0.0005199855493842442,0.0,0.5476190476190477,3.8918196415920217,3.8897512622091805,48.99996783059892,48.89872205081573,0.9999993434816106,0.997933103077872
flickr,4041216001,DECODER_TARGET_vs_AUD,-0.010921464507122999,-0.08336734693877551,0.0011470947282707124,0.0,0.5238095238095238,3.8918196415920217,3.8872875327506797,48.99996783059892,48.77839711372613,0.9999993434816106,0.9954774921168598
flickr,4041216001,IMG_vs_AUD,0.9925540658459484,0.9904081632653061,0.00013488247449473792,1.0,0.9642857142857143,3.8897512622091805,3.8872875327506797,48.89872205081573,48.77839711372613,0.997933103077872,0.9954774921168598
flickr,4180455681,DECODER_TARGET_vs_IMG,0.6476486607210998,0.7612949312408644,0.0018980859766666836,0.0,0.6,3.8918197828561256,3.8843312109171015,48.999974752535955,48.63440542109626,0.9999994847456317,0.9925388861448217
flickr,4180455681,DECODER_TARGET_vs_AUD,0.65676038716972,0.7567029773629957,0.0018055326528819496,0.0,0.6444444444444445,3.8918197828561256,3.884693399728985,48.999974752535955,48.652023448946075,0.9999994847456317,0.9928984377335933
flickr,4180455681,IMG_vs_AUD,0.9918236073809534,0.9905102040816327,2.9721151177640616e-05,0.8,0.9310344827586207,3.8843312109171015,3.884693399728985,48.63440542109626,48.652023448946075,0.9925388861448217,0.9928984377335933
flickr,4303617148,DECODER_TARGET_vs_IMG,0.6386371316832984,0.7366326530612245,0.0012854411380996411,0.4,0.7333333333333333,3.8918197228054097,3.88672669253872,48.99997181005248,48.7510478971369,0.9999994246949485,0.9949193448395286
flickr,4303617148,DECODER_TARGET_vs_AUD,0.6634195596106539,0.7701020408163265,0.0019016428310373505,0.4,0.7391304347826086,3.8918197228054097,3.884328688361296,48.99997181005248,48.63428273824925,0.9999994246949485,0.9925363824132499
flickr,4303617148,IMG_vs_AUD,0.9914810477357038,0.9787755102040816,8.744374784942339e-05,0.6,0.9428571428571428,3.88672669253872,3.884328688361296,48.7510478971369,48.63428273824925,0.9949193448395286,0.9925363824132499
flickr,4351373013,DECODER_TARGET_vs_IMG,0.5772221308189254,0.7177956430391151,0.0013561250135229353,0.0,0.5111111111111111,3.8918197901198663,3.8864038145313056,48.99997510845907,48.735309796812466,0.9999994920093688,0.9945981591186217
flickr,4351373013,DECODER_TARGET_vs_AUD,0.5723618460991624,0.697844118447639,0.0011413563608316931,0.2,0.5111111111111111,3.8918197901198663,3.887259640936513,48.99997510845907,48.77703661471196,0.9999994920093688,0.9954497268308563
flickr,4351373013,IMG_vs_AUD,0.9918863167066688,0.9895918367346939,2.8263323615684533e-05,0.6,1.0,3.8864038145313056,3.887259640936513,48.735309796812466,48.77703661471196,0.9945981591186217,0.9954497268308563
flickr,4407899725,DECODER_TARGET_vs_IMG,0.5342962493393809,0.696481875652713,0.003277649292169183,0.2,0.6,3.8918198047138417,3.878890124821802,48.9999758235635,48.3705000510116,0.9999995066033368,0.9871530622655428
flickr,4407899725,DECODER_TARGET_vs_AUD,0.5106570401060652,0.6350996268314519,0.001927551780849317,0.2,0.6222222222222222,3.8918198047138417,3.884203398734776,48.9999758235635,48.62818974883107,0.9999995066033368,0.99241203569043
flickr,4407899725,IMG_vs_AUD,0.986281180400108,0.9825510204081632,0.0002442099946580385,0.8,0.896551724137931,3.878890124821802,3.884203398734776,48.3705000510116,48.62818974883107,0.9871530622655428,0.99241203569043
flickr,4479260803,DECODER_TARGET_vs_IMG,0.666997094299162,0.6918367346938775,0.0007096030610264434,0.0,0.4666666666666667,3.8918197908410495,3.888977918623937,48.99997514379702,48.86092115621474,0.9999994927305514,0.9971616562492803
flickr,4479260803,DECODER_TARGET_vs_AUD,0.7044618739720993,0.7217346938775511,0.0011338097351248633,0.0,0.4888888888888889,3.8918197908410495,3.8872901665991897,48.99997514379702,48.77852558880387,0.9999994927305514,0.9954801140572219
flickr,4479260803,IMG_vs_AUD,0.9897925760036898,0.9857142857142858,6.814371871614693e-05,1.0,0.9545454545454546,3.888977918623937,3.8872901665991897,48.86092115621474,48.77852558880387,0.9971616562492803,0.9954801140572219
flickr,4543136011,DECODER_TARGET_vs_IMG,0.6254269823176645,0.7007500391794065,0.0007794621747721854,0.0,0.4222222222222222,3.891819791090913,3.888697312440077,48.999975156040335,48.847212403059615,0.999999492980415,0.9968818857767269
flickr,4543136011,DECODER_TARGET_vs_AUD,0.6495042761393572,0.763865504336311,0.0015226228916424916,0.0,0.6,3.891819791090913,3.8857637101168874,48.999975156040335,48.704124091991964,0.999999492980415,0.9939617161631014
flickr,4543136011,IMG_vs_AUD,0.9555482247072185,0.9526530612244898,0.00022207499059579135,0.8,0.7037037037037037,3.888697312440077,3.8857637101168874,48.847212403059615,48.704124091991964,0.9968818857767269,0.9939617161631014
flickr,4576746825,DECODER_TARGET_vs_IMG,0.4809824930949587,0.5540816326530612,0.002068199643518503,0.2,0.5333333333333333,3.8918197899646403,3.8836347134818197,48.99997510085299,48.600543476201786,0.9999994918541427,0.9918478260449344
flickr,4576746825,DECODER_TARGET_vs_AUD,0.48338462768725393,0.5738775510204082,0.0028173094264987856,0.0,0.5333333333333333,3.8918197899646403,3.8807208393299546,48.99997510085299,48.459133733951454,0.9999994918541427,0.9889619129377848
flickr,4576746825,IMG_vs_AUD,0.9871528505809154,0.9759183673469388,0.00011951296137302725,0.8,0.8461538461538461,3.8836347134818197,3.8807208393299546,48.600543476201786,48.459133733951454,0.9918478260449344,0.9889619129377848
flickr,4646464908,DECODER_TARGET_vs_IMG,0.5570868371786224,0.6707317108097253,0.0012847952816755627,0.2,0.35555555555555557,3.891819792891461,3.886676285441571,48.999975244267134,48.74859056026355,0.999999494780962,0.9948691951074194
flickr,4646464908,DECODER_TARGET_vs_AUD,0.550717889637914,0.6741504270230574,0.0017969452346716028,0.2,0.4222222222222222,3.891819792891461,3.8846538923759484,48.999975244267134,48.650101374248024,0.999999494780962,0.9928592117193474
flickr,4646464908,IMG_vs_AUD,0.987511695023433,0.9775510204081632,8.267507928822328e-05,1.0,0.75,3.886676285441571,3.8846538923759484,48.74859056026355,48.650101374248024,0.9948691951074194,0.9928592117193474
flickr,4657718822,DECODER_TARGET_vs_IMG,0.489030938168227,0.37347891539998174,0.0012143521982129128,0.2,0.5111111111111111,3.8918197958516627,3.886999466141059,48.99997538931695,48.76434770992606,0.9999994977411623,0.9951907695903277
flickr,4657718822,DECODER_TARGET_vs_AUD,0.49015374493072694,0.39939794395506245,0.0010292922518723726,0.0,0.6666666666666666,3.8918197958516627,3.8877448061758293,48.99997538931695,48.80070727898171,0.9999994977411623,0.9959328016118717
flickr,4657718822,IMG_vs_AUD,0.9874466870424361,0.9801020408163266,3.5023130774151755e-05,0.4,0.7666666666666667,3.886999466141059,3.8877448061758293,48.76434770992606,48.80070727898171,0.9951907695903277,0.9959328016118717
flickr,4717096777,DECODER_TARGET_vs_IMG,-0.07587196374175634,-0.22,0.0003925892379847461,0.0,0.5121951219512195,3.891819522520561,3.8902648142560885,48.99996199610152,48.923840538889536,0.999999224410235,0.9984457252834599
flickr,4717096777,DECODER_TARGET_vs_AUD,-0.1542536833444416,-0.26887755102040817,0.0007642766576187404,0.0,0.4772727272727273,3.891819522520561,3.8888099040605706,48.99996199610152,48.85271249948724,0.999999224410235,0.9969941326425967
flickr,4717096777,IMG_vs_AUD,0.9835053175931321,0.9868367346938776,7.837997779518616e-05,0.8,0.9117647058823529,3.8902648142560885,3.8888099040605706,48.923840538889536,48.85271249948724,0.9984457252834599,0.9969941326425967
flickr,4755507106,DECODER_TARGET_vs_IMG,0.511352668408214,0.5730612244897959,0.0020026462907130954,0.0,0.4666666666666667,3.8918197935157623,3.8838714229124673,48.99997527485789,48.612049044861784,0.999999495405263,0.9920826335686078
flickr,4755507106,DECODER_TARGET_vs_AUD,0.46815620970446375,0.5072448979591837,0.0013218602571476272,0.0,0.37777777777777777,3.8918197935157623,3.8865634905480047,48.99997527485789,48.7430922782747,0.999999495405263,0.9947569852709123
flickr,4755507106,IMG_vs_AUD,0.9858803038307024,0.9831632653061224,0.00011536206956796834,0.6,0.8095238095238095,3.8838714229124673,3.8865634905480047,48.612049044861784,48.7430922782747,0.9920826335686078,0.9947569852709123
flickr,4758950312,DECODER_TARGET_vs_IMG,0.6376032821412378,0.8650303719260252,0.002231537789200563,0.0,0.5333333333333333,3.8918198056852886,3.882955836287954,48.99997587116438,48.56756087246178,0.9999995075747833,0.9911747116828935
flickr,4758950312,DECODER_TARGET_vs_AUD,0.6270469824847109,0.8218094702612456,0.0014748541272328834,0.0,0.5333333333333333,3.8918198056852886,3.8859566576223727,48.99997587116438,48.71352233789726,0.9999995075747833,0.994153517099944
flickr,4758950312,IMG_vs_AUD,0.9789349069727628,0.980204081632653,0.00015323860363867012,0.8,0.92,3.882955836287954,3.8859566576223727,48.56756087246178,48.71352233789726,0.9911747116828935,0.994153517099944
flickr,4767923306,DECODER_TARGET_vs_IMG,0.6885297101433132,0.8344303291641193,0.0016906618299864769,0.2,0.5555555555555556,3.891819799521296,3.8851390053554993,48.9999755691289,48.673707895333074,0.9999995014107939,0.993340977455777
flickr,4767923306,DECODER_TARGET_vs_AUD,0.7387399194110285,0.8594826277833918,0.0012993620041209112,0.2,0.6666666666666666,3.891819799521296,3.8866911340378723,48.9999755691289,48.74931441377913,0.9999995014107939,0.9948839676281456
flickr,4767923306,IMG_vs_AUD,0.9852349746755444,0.9744897959183674,6.725857310978023e-05,1.0,0.8333333333333334,3.8851390053554993,3.8866911340378723,48.673707895333074,48.74931441377913,0.993340977455777,0.9948839676281456
flickr,4876943924,DECODER_TARGET_vs_IMG,0.7024838477306844,0.7701020408163265,0.0011562666730038705,0.2,0.5111111111111111,3.8918197344225733,3.8871979518689566,48.999972379293176,48.77402769761463,0.9999994363121056,0.9953883203594822
flickr,4876943924,DECODER_TARGET_vs_AUD,0.6694716156032219,0.7007142857142857,0.000882342813642144,0.2,0.5111111111111111,3.8918197344225733,3.8882887810216653,48.999972379293176,48.82726085778517,0.9999994363121056,0.9964747113833708
flickr,4876943924,IMG_vs_AUD,0.9910285803734696,0.9692857142857143,3.645108386520918e-05,0.8,0.84,3.8871979518689566,3.8882887810216653,48.77402769761463,48.82726085778517,0.9953883203594822,0.9964747113833708
flickr,4938432980,DECODER_TARGET_vs_IMG,0.6154288011535952,0.7172814948874396,0.0013032975668624876,0.2,0.6444444444444445,3.8918197952290283,3.8866528837184724,48.99997535880788,48.74744977259407,0.9999994971185282,0.9948459137264095
flickr,4938432980,DECODER_TARGET_vs_AUD,0.5923717662867444,0.6668197365687828,0.0024976602781766064,0.0,0.6444444444444445,3.8918197952290283,3.8819826602096206,48.99997535880788,48.52031907505972,0.9999994971185282,0.9902105933685657
flickr,4938432980,IMG_vs_AUD,0.9952284657556979,0.9894897959183674,0.00020958052371057708,0.8,1.0,3.8866528837184724,3.8819826602096206,48.74744977259407,48.52031907505972,0.9948459137264095,0.9902105933685657
flickr,4957886467,DECODER_TARGET_vs_IMG,0.3672238244992904,0.1900558688340071,0.0023565118542674,0.0,0.4888888888888889,3.8918197930673863,3.8824692676705093,48.999975252887474,48.54393516974428,0.9999994949568872,0.9906925544845772
flickr,4957886467,DECODER_TARGET_vs_AUD,0.3424511533456733,0.1727084875176145,0.0017469599464801902,0.0,0.5111111111111111,3.8918197930673863,3.8848755082825606,48.999975252887474,48.660884205350165,0.9999994949568872,0.9930792694969421
flickr,4957886467,IMG_vs_AUD,0.9946942896211304,0.9916326530612245,6.670233478695304e-05,1.0,0.9565217391304348,3.8824692676705093,3.8848755082825606,48.54393516974428,48.660884205350165,0.9906925544845772,0.9930792694969421
flickr,4965189170,DECODER_TARGET_vs_IMG,0.6123783188038897,0.67,0.0025991326549198207,0.2,0.5777777777777777,3.891819772104236,3.8815430651409644,48.99997422569364,48.49899446950382,0.9999994739937478,0.9897753973368126
flickr,4965189170,DECODER_TARGET_vs_AUD,0.6187034567015292,0.6703061224489796,0.0023924067093415644,0.2,0.6222222222222222,3.891819772104236,3.8823649324643927,48.99997422569364,48.53887059247408,0.9999994739937478,0.9905891957647772
flickr,4965189170,IMG_vs_AUD,0.9978536696036222,0.9968367346938776,1.4597827959625796e-05,1.0,0.9285714285714286,3.8815430651409644,3.8823649324643927,48.49899446950382,48.53887059247408,0.9897753973368126,0.9905891957647772
flickr,5006362787,DECODER_TARGET_vs_IMG,0.638000247738877,0.8076236253228646,0.0016936606063426192,0.0,0.5555555555555556,3.8918198056613797,3.885083683631644,48.999975869992845,48.67101525638728,0.9999995075508744,0.9932860256405567
flickr,5006362787,DECODER_TARGET_vs_AUD,0.6663703740077879,0.7824156850366768,0.0011724327788663167,0.0,0.5777777777777777,3.8918198056613797,3.8871584480159025,48.999975869992845,48.77210097364837,0.9999995075508744,0.9953489994622117
flickr,5006362787,IMG_vs_AUD,0.9864653518190928,0.9645918367346938,8.263601284860253e-05,0.6,0.9615384615384616,3.885083683631644,3.8871584480159025,48.67101525638728,48.77210097364837,0.9932860256405567,0.9953489994622117
flickr,5130986168,DECODER_TARGET_vs_IMG,-0.03874164378061418,-0.21581632653061225,0.0018722827947555438,0.0,0.36363636363636365,3.891819724850062,3.8843648352327245,48.99997191024039,48.63604074718748,0.9999994267395999,0.9925722601466832
flickr,5130986168,DECODER_TARGET_vs_AUD,-0.03964795708797525,-0.26051020408163267,0.0021890381457249477,0.0,0.38636363636363635,3.891819724850062,3.8831239656546126,48.99997191024039,48.57572719219127,0.9999994267395999,0.9913413712692096
flickr,5130986168,IMG_vs_AUD,0.9952717965087801,0.9911224489795918,3.0973766056051726e-05,0.6,0.9523809523809523,3.8843648352327245,3.8831239656546126,48.63604074718748,48.57572719219127,0.9925722601466832,0.9913413712692096
flickr,5179649119,DECODER_TARGET_vs_IMG,0.6505965029448894,0.707332007655753,0.0014009756069145599,0.4,0.5777777777777777,3.8918197943618686,3.886258736319467,48.99997531631708,48.728239878071726,0.9999994962513689,0.9944538750626882
flickr,5179649119,DECODER_TARGET_vs_AUD,0.6355324115199243,0.6854431357460424,0.0022767001723478066,0.4,0.5111111111111111,3.8918197943618686,3.8827981978247887,48.99997531631708,48.55990536022361,0.9999994962513689,0.9910184767392574
flickr,5179649119,IMG_vs_AUD,0.9876959698285909,0.9840816326530613,0.00014708532647494542,0.8,0.8846153846153846,3.886258736319467,3.8827981978247887,48.728239878071726,48.55990536022361,0.9944538750626882,0.9910184767392574
flickr,5194793239,DECODER_TARGET_vs_IMG,0.5271411436341202,0.4095918367346939,0.0009381274077906188,0.4,0.5777777777777777,3.8918197553238754,3.888088805650476,48.99997340345641,48.81749758441061,0.9999994572133961,0.996275460906339
flickr,5194793239,DECODER_TARGET_vs_AUD,0.5416737047341703,0.42489795918367346,0.0013053351795050008,0.4,0.5909090909090909,3.8918197553238754,3.8866361271493854,48.99997340345641,48.74663293942782,0.9999994572133961,0.9948292436617923
flickr,5194793239,IMG_vs_AUD,0.9944623315382446,0.9939795918367347,4.252489973129235e-05,1.0,0.9629629629629629,3.888088805650476,3.8866361271493854,48.81749758441061,48.74663293942782,0.996275460906339,0.9948292436617923
flickr,5220919991,DECODER_TARGET_vs_IMG,0.6629036550447958,0.736938775510204,0.000755290336343632,0.2,0.6,3.891819732331224,3.888799615522039,48.99997227681712,48.852209879057924,0.9999994342207575,0.9969838750828147
flickr,5220919991,DECODER_TARGET_vs_AUD,0.6766703226584987,0.7383673469387755,0.0009125301780079225,0.2,0.6222222222222222,3.891819732331224,3.8881790093779385,48.99997227681712,48.82190130327107,0.9999994342207575,0.9963653327198178
flickr,5220919991,IMG_vs_AUD,0.993622759641,0.99,1.8098261238738156e-05,0.8,0.9642857142857143,3.888799615522039,3.8881790093779385,48.852209879057924,48.82190130327107,0.9969838750828147,0.9963653327198178
flickr,5237296528,DECODER_TARGET_vs_IMG,0.48727677237636713,0.49244897959183676,0.0010719224659458979,0.0,0.6888888888888889,3.8918197303865982,3.887572743520325,48.9999721815305,48.79231122204144,0.9999994322761327,0.9957614535110498
flickr,5237296528,DECODER_TARGET_vs_AUD,0.5757206245652899,0.5495918367346939,0.001346403250524108,0.0,0.6666666666666666,3.8918197303865982,3.8864805369855313,48.9999721815305,48.739049032827374,0.9999994322761327,0.9946744700577015
flickr,5237296528,IMG_vs_AUD,0.97580331515046,0.9693877551020408,7.400961620369133e-05,1.0,0.90625,3.887572743520325,3.8864805369855313,48.79231122204144,48.739049032827374,0.9957614535110498,0.9946744700577015
flickr,5303633386,DECODER_TARGET_vs_IMG,0.5082942293251858,0.612056430210134,0.0022446280038423585,0.2,0.6,3.891819761766946,3.8829476400870164,48.99997371916669,48.567162804605154,0.9999994636564631,0.9911665878490847
flickr,5303633386,DECODER_TARGET_vs_AUD,0.5348106579018534,0.621648511643904,0.0024193595452819015,0.2,0.6222222222222222,3.891819761766946,3.8822694303848233,48.99997371916669,48.53423525073846,0.9999994636564631,0.9904945969538461
flickr,5303633386,IMG_vs_AUD,0.9916406435742225,0.990204081632653,4.33624809038277e-05,0.6,0.9642857142857143,3.8829476400870164,3.8822694303848233,48.567162804605154,48.53423525073846,0.9911665878490847,0.9904945969538461
flickr,5344317532,DECODER_TARGET_vs_IMG,0.5689543176141874,0.4360204081632653,0.000908640676532202,0.0,0.6222222222222222,3.8918197357645057,3.8881989015283294,48.999972445047824,48.82287248553358,0.9999994376540372,0.9963851527659914
flickr,5344317532,DECODER_TARGET_vs_AUD,0.6178025720604656,0.5192857142857142,0.0010202435471783336,0.0,0.6444444444444445,3.8918197357645057,3.8877552431932387,48.999972445047824,48.80121661547115,0.9999994376540372,0.9959431962341051
flickr,5344317532,IMG_vs_AUD,0.9764396066471389,0.97,5.004374612243485e-05,0.8,0.9655172413793104,3.8881989015283294,3.8877552431932387,48.82287248553358,48.80121661547115,0.9963851527659914,0.9959431962341051
flickr,5480070309,DECODER_TARGET_vs_IMG,0.369444927678163,0.10541085235196206,0.0016557255859168708,0.0,0.5909090909090909,3.8918197580457736,3.8852857373199368,48.99997353682935,48.68085040811366,0.9999994599352929,0.9934867430227278
flickr,5480070309,DECODER_TARGET_vs_AUD,0.29412346342803314,-0.051889078819915495,0.0025242087655992992,0.0,0.6136363636363636,3.8918197580457736,3.881911279569141,48.99997353682935,48.51685578721518,0.9999994599352929,0.9901399140247995
flickr,5480070309,IMG_vs_AUD,0.9850232640699965,0.9701020408163266,0.00015196854220390113,0.8,0.896551724137931,3.8852857373199368,3.881911279569141,48.68085040811366,48.51685578721518,0.9934867430227278,0.9901399140247995
flickr,5490101320,DECODER_TARGET_vs_IMG,0.3610127744317514,-0.09948979591836735,0.0006781073879127632,0.0,0.6,3.8918197114513045,3.8891169679882727,48.999971253701645,48.86771570862051,0.9999994133408499,0.997300320584092
flickr,5490101320,DECODER_TARGET_vs_AUD,0.3277732263316555,-0.10520408163265306,0.0006072459371689524,0.0,0.6222222222222222,3.8918197114513045,3.8894026032915865,48.999971253701645,48.88167604710704,0.9999994133408499,0.9975852254511641
flickr,5490101320,IMG_vs_AUD,0.9820789685999346,0.9836734693877551,2.4657560383184698e-05,0.8,0.9666666666666667,3.8891169679882727,3.8894026032915865,48.86771570862051,48.88167604710704,0.997300320584092,0.9975852254511641
flickr,5601291878,DECODER_TARGET_vs_IMG,0.6433704689098021,0.8077148785042086,0.0009163036155548857,0.0,0.5777777777777777,3.891819806025187,3.8881782105766223,48.99997588781939,48.82186230428762,0.9999995079146814,0.9963645368221963
flickr,5601291878,DECODER_TARGET_vs_AUD,0.6395292113774793,0.8175115466452578,0.0019101208982485467,0.0,0.5777777777777777,3.891819806025187,3.8842700141283553,48.99997588781939,48.63142924272911,0.9999995079146814,0.9924781478107982
flickr,5601291878,IMG_vs_AUD,0.9856720999067913,0.9848979591836735,0.0002187315448210917,0.8,0.8571428571428571,3.8881782105766223,3.8842700141283553,48.82186230428762,48.63142924272911,0.9963645368221963,0.9924781478107982
flickr,5607310495,DECODER_TARGET_vs_IMG,0.5537935217001305,0.6892047159143184,0.0013438251133260528,0.2,0.4888888888888889,3.8918198060702216,3.886473024582629,48.999975890026086,48.73868288682928,0.999999507959716,0.9946669976903935
flickr,5607310495,DECODER_TARGET_vs_AUD,0.6052864909024563,0.776056961322742,0.0012847701858402659,0.4,0.6,3.8918198060702216,3.8867172435459234,48.999975890026086,48.75058725101281,0.999999507959716,0.9949099438982206
flickr,5607310495,IMG_vs_AUD,0.9749729377904408,0.9703061224489796,6.748934999546837e-05,0.8,0.8148148148148148,3.886473024582629,3.8867172435459234,48.73868288682928,48.75058725101281,0.9946669976903935,0.9949099438982206
flickr,5697766486,DECODER_TARGET_vs_IMG,0.6205982725591741,0.8211224489795919,0.003912933014613543,0.2,0.4666666666666667,3.8918198020148673,3.8763215307221652,48.99997569131382,48.24641529988646,0.9999995039043637,0.984620720405846
flickr,5697766486,DECODER_TARGET_vs_AUD,0.6597878659275599,0.8511224489795919,0.0025275423990458595,0.2,0.4888888888888889,3.8918198020148673,3.881794573299876,48.99997569131382,48.51119389637531,0.9999995039043637,0.9900243652321492
flickr,5697766486,IMG_vs_AUD,0.9943356361151351,0.9936734693877551,0.00018492330358129148,1.0,0.9545454545454546,3.8763215307221652,3.881794573299876,48.24641529988646,48.51119389637531,0.984620720405846,0.9900243652321492
flickr,5801923729,DECODER_TARGET_vs_IMG,0.41014577953961656,0.14224489795918369,0.0013311133208354707,0.0,0.5777777777777777,3.891819671043542,3.8865307646349487,48.999969273722485,48.74149714217601,0.9999993729331119,0.9947244314729797
flickr,5801923729,DECODER_TARGET_vs_AUD,0.38088661248024946,0.08918367346938776,0.0022214206286722037,0.0,0.6,3.891819671043542,3.883044952074164,48.999969273722485,48.5718892016916,0.9999993729331119,0.9912630449324816
flickr,5801923729,IMG_vs_AUD,0.9950621337521364,0.9912244897959184,0.00013123497606438037,0.8,0.9,3.8865307646349487,3.883044952074164,48.74149714217601,48.5718892016916,0.9947244314729797,0.9912630449324816
flickr,5873098388,DECODER_TARGET_vs_IMG,-0.17113875563333006,-0.37387755102040815,0.0015276376803582412,0.0,0.4090909090909091,3.8918197533402386,3.8857643931107186,48.999973306258255,48.70415735661964,0.9999994552297603,0.9939623950330538
flickr,5873098388,DECODER_TARGET_vs_AUD,-0.22473539696909756,-0.4266326530612245,0.003082565764131716,0.0,0.4318181818181818,3.8918197533402386,3.879667037814639,48.999973306258255,48.408094322819395,0.9999994552297603,0.9879202923024366
flickr,5873098388,IMG_vs_AUD,0.9958570687027957,0.9934693877551021,0.0002898827347672117,0.8,0.9565217391304348,3.8857643931107186,3.879667037814639,48.70415735661964,48.408094322819395,0.9939623950330538,0.9879202923024366
flickr,5906878321,DECODER_TARGET_vs_IMG,-0.11671993907909045,-0.14316326530612244,0.0013398924966362422,0.0,0.23809523809523808,3.8918194792316765,3.886553287562938,48.99995987494787,48.74259495576918,0.9999991811213851,0.9947468358320241
flickr,5906878321,DECODER_TARGET_vs_AUD,-0.20726775693691124,-0.22336734693877552,0.002008629290486433,0.0,0.23255813953488372,3.8918194792316765,3.8839822663645314,48.99995987494787,48.61743767083126,0.9999991811213851,0.9921926055271685
flickr,5906878321,IMG_vs_AUD,0.9840767401230656,0.9744897959183674,0.00011707642818688569,1.0,0.96875,3.886553287562938,3.8839822663645314,48.74259495576918,48.61743767083126,0.9947468358320241,0.9921926055271685
flickr,5991393107,DECODER_TARGET_vs_IMG,0.6079406210780012,0.8389417582038028,0.002573772879918807,0.6,0.5333333333333333,3.891819805809963,3.88163174368478,48.99997587727343,48.50329548041078,0.9999995076994577,0.9898631730696077
flickr,5991393107,DECODER_TARGET_vs_AUD,0.5975837955561062,0.8289409928098151,0.001930167172798063,0.4,0.5333333333333333,3.891819805809963,3.8841781786745417,48.99997587727343,48.6269633584214,0.9999995076994577,0.9923870073147224
flickr,5991393107,IMG_vs_AUD,0.9946799053134487,0.9926530612244898,6.929010611895584e-05,0.8,1.0,3.88163174368478,3.8841781786745417,48.50329548041078,48.6269633584214,0.9898631730696077,0.9923870073147224
flickr,6067281197,DECODER_TARGET_vs_IMG,0.6870010071022626,0.7091507438721785,0.002294096418153482,0.0,0.5555555555555556,3.891819781938016,3.88273883532177,48.99997470754861,48.557022808253684,0.9999994838275227,0.9909596491480344
flickr,6067281197,DECODER_TARGET_vs_AUD,0.71374760088672,0.7521110234851272,0.0011064347439028203,0.0,0.5777777777777777,3.891819781938016,3.8874164648986222,48.99997470754861,48.78468662269043,0.9999994838275227,0.9956058494426618
flickr,6067281197,IMG_vs_AUD,0.9897759344555285,0.9841836734693877,0.0002483804126404569,1.0,0.9615384615384616,3.88273883532177,3.8874164648986222,48.557022808253684,48.78468662269043,0.9909596491480344,0.9956058494426618
flickr,6098668510,DECODER_TARGET_vs_IMG,0.6110407399931009,0.556748896836694,0.001092011070463633,0.0,0.3333333333333333,3.8918197781005865,3.887456644283561,48.99997451951466,48.786646800772466,0.9999994799900951,0.9956458530769892
flickr,6098668510,DECODER_TARGET_vs_AUD,0.7346820278321349,0.6653230951934102,0.0011300753489620061,0.2,0.5777777777777777,3.8918197781005865,3.8873310516508877,48.99997451951466,48.78051994211366,0.9999994799900951,0.9955208151451768
flickr,6098668510,IMG_vs_AUD,0.9567260155168898,0.96,9.467378502251327e-05,0.6,0.5769230769230769,3.887456644283561,3.8873310516508877,48.786646800772466,48.78051994211366,0.9956458530769892,0.9955208151451768
flickr,6158154336,DECODER_TARGET_vs_IMG,-0.3200664092624981,-0.5028571428571429,0.001087339565597676,0.0,0.24444444444444444,3.891819713711901,3.8875017384453114,48.99997136447082,48.78884684331873,0.9999994156014452,0.9956907519044639
flickr,6158154336,DECODER_TARGET_vs_AUD,-0.29124284100532394,-0.5077551020408163,0.0011260026426293322,0.0,0.28888888888888886,3.891819713711901,3.88736005643567,48.99997136447082,48.781934831115336,0.9999994156014452,0.9955496904309252
flickr,6158154336,IMG_vs_AUD,0.9917888689843837,0.9931632653061224,1.851429845878444e-05,0.8,0.9090909090909091,3.8875017384453114,3.88736005643567,48.78884684331873,48.781934831115336,0.9956907519044639,0.9955496904309252
flickr,6185482260,DECODER_TARGET_vs_IMG,0.5857109997531066,0.4886734693877551,0.0014028208108165935,0.0,0.6222222222222222,3.8918196400173017,3.8862291528987303,48.999967753437694,48.72679835137241,0.9999993419068918,0.9944244561504574
flickr,6185482260,DECODER_TARGET_vs_AUD,0.5696504262577531,0.47438775510204084,0.0015476518297077861,0.0,0.5555555555555556,3.8918196400173017,3.8856552438480687,48.999967753437694,48.69884162386561,0.9999993419068918,0.9938539106911349
flickr,6185482260,IMG_vs_AUD,0.9975322698260372,0.9936734693877551,1.0960173481371734e-05,1.0,0.8928571428571429,3.8862291528987303,3.8856552438480687,48.72679835137241,48.69884162386561,0.9944244561504574,0.9938539106911349
flickr,6289328021,DECODER_TARGET_vs_IMG,0.7203893586092378,0.7437434630854555,0.0011041572694386425,0.2,0.6,3.891819777284105,3.8874352029930184,48.99997447950709,48.78560076331805,0.9999994791736141,0.9956245053738377
flickr,6289328021,DECODER_TARGET_vs_AUD,0.6990572976811531,0.7298655580323413,0.001447389427090506,0.0,0.6,3.891819777284105,3.8860829538911004,48.99997447950709,48.71967506253002,0.9999994791736141,0.994279082908776
flickr,6289328021,IMG_vs_AUD,0.9928672496812142,0.9835714285714285,4.039380912161387e-05,0.8,1.0,3.8874352029930184,3.8860829538911004,48.78560076331805,48.71967506253002,0.9956245053738377,0.994279082908776
flickr,6458319057,DECODER_TARGET_vs_IMG,0.6768495314406883,0.6802040816326531,0.0014126210276365664,0.0,0.6666666666666666,3.891819767449618,3.8862385785378724,48.999973997617474,48.72725763475473,0.9999994693391321,0.9944338292807088
flickr,6458319057,DECODER_TARGET_vs_AUD,0.6842938699485867,0.7183673469387755,0.001992450918784274,0.0,0.7333333333333333,3.891819767449618,3.883997604356644,48.999973997617474,48.618183370425555,0.9999994693391321,0.9922078238862359
flickr,6458319057,IMG_vs_AUD,0.9900469716651705,0.965,8.116901448498208e-05,0.6,0.9090909090909091,3.8862385785378724,3.883997604356644,48.72725763475473,48.618183370425555,0.9944338292807088,0.9922078238862359
flickr,6669466181,DECODER_TARGET_vs_IMG,0.5436199073399054,0.889399165292655,0.003023665393467185,0.2,0.4222222222222222,3.891819804479338,3.879762912572907,48.99997581207283,48.41273565965078,0.9999995063688333,0.9880150134622607
flickr,6669466181,DECODER_TARGET_vs_AUD,0.5901374155902114,0.8877663039450149,0.0026655697726894355,0.2,0.4222222222222222,3.891819804479338,3.881182048229661,48.99997581207283,48.48148867245365,0.9999995063688333,0.9894181361725235
flickr,6669466181,IMG_vs_AUD,0.9904307852631992,0.9856122448979592,6.709439272883119e-05,0.8,1.0,3.879762912572907,3.881182048229661,48.41273565965078,48.48148867245365,0.9880150134622607,0.9894181361725235
flickr,6755812421,DECODER_TARGET_vs_IMG,0.6518251535700252,0.7829791578863552,0.0016366760365506528,0.0,0.4222222222222222,3.8918198011412692,3.8852882135375957,48.99997564850754,48.680970952644344,0.999999503030766,0.9934892031151907
flickr,6755812421,DECODER_TARGET_vs_AUD,0.6292737135771125,0.752008980065619,0.0009706320311064656,0.0,0.4,3.8918198011412692,3.887937231578824,48.99997564850754,48.81009867828922,0.999999503030766,0.996124462822229
flickr,6755812421,IMG_vs_AUD,0.989165846221929,0.981734693877551,0.00011418098771455313,0.8,0.85,3.8852882135375957,3.887937231578824,48.680970952644344,48.81009867828922,0.9934892031151907,0.996124462822229
flickr,6897499873,DECODER_TARGET_vs_IMG,0.5849861991009018,0.5927551020408163,0.0008334979279694457,0.4,0.37777777777777777,3.8918197446469396,3.888479573437306,48.99997288028684,48.83657761758863,0.9999994465364661,0.9966648493385435
flickr,6897499873,DECODER_TARGET_vs_AUD,0.5856016868917437,0.5751020408163265,0.0015562272635824214,0.4,0.5777777777777777,3.8918197446469396,3.885615090186745,48.99997288028684,48.696886226330626,0.9999994465364661,0.9938140046189924
flickr,6897499873,IMG_vs_AUD,0.992108737694754,0.9830612244897959,0.00013078485461103268,1.0,0.6538461538461539,3.888479573437306,3.885615090186745,48.83657761758863,48.696886226330626,0.9966648493385435,0.9938140046189924
flickr,7178293884,DECODER_TARGET_vs_IMG,0.6763106959881444,0.8024694510124197,0.0008812115934112531,0.2,0.5777777777777777,3.8918197879474543,3.8883035006501303,48.999975002010935,48.82797958221362,0.9999994898369579,0.9964893792288494
flickr,7178293884,DECODER_TARGET_vs_AUD,0.6344560555269289,0.7210388022448828,0.0008829539081362282,0.2,0.6222222222222222,3.8918197879474543,3.8883051914958737,48.999975002010935,48.82806214286486,0.9999994898369579,0.9964910641400991
flickr,7178293884,IMG_vs_AUD,0.9753627476444,0.9613265306122449,4.332217260296675e-05,1.0,0.9285714285714286,3.8883035006501303,3.8883051914958737,48.82797958221362,48.82806214286486,0.9964893792288494,0.9964910641400991
flickr,7387939334,DECODER_TARGET_vs_IMG,0.6176607291666152,0.6714457003639016,0.0017397877494110389,0.0,0.5333333333333333,3.8918197303355377,3.8848999583869293,48.999972179028546,48.6620739835927,0.9999994322250724,0.9931035506855652
flickr,7387939334,DECODER_TARGET_vs_AUD,0.6127556581201198,0.6725171562687376,0.0016386082528635128,0.4,0.6,3.8918197303355377,3.8853141621666403,48.999972179028546,48.68223417349048,0.9999994322250724,0.9935149831324588
flickr,7387939334,IMG_vs_AUD,0.9944202520473131,0.991938775510204,2.0061930601569583e-05,0.6,0.8888888888888888,3.8848999583869293,3.8853141621666403,48.6620739835927,48.68223417349048,0.9931035506855652,0.9935149831324588
flickr,7560517176,DECODER_TARGET_vs_IMG,0.5948020030789714,0.7280612244897959,0.001172147627862938,0.2,0.5777777777777777,3.8918197970144965,3.8871651374246765,48.99997544629578,48.77242723125978,0.9999994989039954,0.9953556577808119
flickr,7560517176,DECODER_TARGET_vs_AUD,0.5509328420210642,0.7055102040816327,0.0013943901356040544,0.2,0.6444444444444445,3.8918197970144965,3.8863016323626303,48.99997544629578,48.730330171585145,0.9999994989039954,0.9944965341139825
flickr,7560517176,IMG_vs_AUD,0.9885389733702823,0.9891836734693877,4.0643843784384456e-05,0.8,0.896551724137931,3.8871651374246765,3.8863016323626303,48.77242723125978,48.730330171585145,0.9953556577808119,0.9944965341139825
flickr,7623513024,DECODER_TARGET_vs_IMG,0.5590771986167816,0.7912945951779656,0.003980540311909325,0.0,0.37777777777777777,3.891819804520432,3.875903010537126,48.99997581408643,48.22622742603869,0.9999995064099272,0.9842087229803814
flickr,7623513024,DECODER_TARGET_vs_AUD,0.5598030396360691,0.8199214261507417,0.0038757983150416613,0.0,0.37777777777777777,3.891819804520432,3.876319943570568,48.99997581408643,48.24633872557212,0.9999995064099272,0.9846191576647372
flickr,7623513024,IMG_vs_AUD,0.9948225136326074,0.9826530612244898,4.250414645534796e-05,1.0,1.0,3.875903010537126,3.876319943570568,48.22622742603869,48.24633872557212,0.9842087229803814,0.9846191576647372
flickr,7733838448,DECODER_TARGET_vs_IMG,0.3061613851845095,0.12510204081632653,0.0010532957304433808,0.2,0.5121951219512195,3.8918193278055666,3.887653115742974,48.999952455075125,48.79623292613847,0.9999990296954107,0.9958414882885402
flickr,7733838448,DECODER_TARGET_vs_AUD,0.2663101455414293,0.09591836734693877,0.001753782127567582,0.2,0.4883720930232558,3.8918193278055666,3.88493318108249,48.999952455075125,48.663690695717634,0.9999990296954107,0.9931365448105639
flickr,7733838448,IMG_vs_AUD,0.9883615112149223,0.9651020408163266,0.00011869948553396058,0.6,0.9459459459459459,3.887653115742974,3.88493318108249,48.79623292613847,48.663690695717634,0.9958414882885402,0.9931365448105639
flickr,7740990330,DECODER_TARGET_vs_IMG,0.5464976613649453,0.712401461381918,0.0012194376309486586,0.0,0.6222222222222222,3.8918198051788213,3.8869823682036815,48.99997584634749,48.763513947290484,0.9999995070683161,0.9951737540263365
flickr,7740990330,DECODER_TARGET_vs_AUD,0.608178911745016,0.7129117045142642,0.0014136178486145866,0.0,0.6,3.8918198051788213,3.886226001336836,48.99997584634749,48.72664478609349,0.9999995070683161,0.9944213221651732
flickr,7740990330,IMG_vs_AUD,0.9822271896932311,0.9761224489795919,5.451900431032247e-05,1.0,0.9642857142857143,3.8869823682036815,3.886226001336836,48.763513947290484,48.72664478609349,0.9951737540263365,0.9944213221651732
flickr,7897462346,DECODER_TARGET_vs_IMG,0.65906658876261,0.6989310426879753,0.0018193476069082572,0.0,0.5555555555555556,3.8918198008826437,3.8845988725667757,48.99997563583489,48.64742472858912,0.9999995027721407,0.9928045862977372
flickr,7897462346,DECODER_TARGET_vs_AUD,0.6491733959579898,0.6712248406015707,0.001999369866037197,0.2,0.5333333333333333,3.8918198008826437,3.8838815446112824,48.99997563583489,48.612541083871136,0.9999995027721407,0.9920926751810436
flickr,7897462346,IMG_vs_AUD,0.9901234675017907,0.9856122448979592,4.04710175585924e-05,0.8,0.96,3.8845988725667757,3.8838815446112824,48.64742472858912,48.612541083871136,0.9928045862977372,0.9920926751810436
flickr,8250285374,DECODER_TARGET_vs_IMG,-0.7793714884205782,-0.7940816326530612,0.001451775244100932,0.0,0.046511627906976744,3.891818323634896,3.886199025490608,48.99990325078471,48.72533036134545,0.9999980255262186,0.9943944971703153
flickr,8250285374,DECODER_TARGET_vs_AUD,-0.8366388841795852,-0.8548979591836735,0.0029655803435250164,0.0,0.0,3.891818323634896,3.88031056770858,48.99990325078471,48.439256404414934,0.9999980255262186,0.9885562531513252
flickr,8250285374,IMG_vs_AUD,0.9834541327382693,0.9776530612244898,0.00033573013185147794,1.0,0.8260869565217391,3.886199025490608,3.88031056770858,48.72533036134545,48.439256404414934,0.9943944971703153,0.9885562531513252
flickr,8294094053,DECODER_TARGET_vs_IMG,-0.018692268154707307,-0.33969387755102043,0.0008463342127811811,0.0,0.3181818181818182,3.891819752783887,3.8884367507776316,48.999973278997054,48.83448635022279,0.9999994546734092,0.99662217041271
flickr,8294094053,DECODER_TARGET_vs_AUD,-0.025176524325256154,-0.37714285714285717,0.001651778467563494,0.0,0.2727272727272727,3.891819752783887,3.885233101979348,48.999973278997054,48.67828814240574,0.9999994546734092,0.9934344518858315
flickr,8294094053,IMG_vs_AUD,0.9798600214252319,0.9614285714285714,0.00018320645027366977,0.8,0.8823529411764706,3.8884367507776316,3.885233101979348,48.83448635022279,48.67828814240574,0.99662217041271,0.9934344518858315
flickr,8311669586,DECODER_TARGET_vs_IMG,0.488886178803958,0.6106122448979592,0.0013970677319848288,0.4,0.5555555555555556,3.8918197868586826,3.886277862414433,48.99997494866115,48.729171867927796,0.9999994887481867,0.9944728952638325
flickr,8311669586,DECODER_TARGET_vs_AUD,0.52370213118184,0.6694897959183673,0.0016055599713363884,0.4,0.6086956521739131,3.8918197868586826,3.885491025660355,48.99997494866115,48.69084504496021,0.9999994887481867,0.9936907152032697
flickr,8311669586,IMG_vs_AUD,0.9771028795808919,0.9798979591836735,7.660044439012107e-05,1.0,0.8620689655172413,3.886277862414433,3.885491025660355,48.729171867927796,48.69084504496021,0.9944728952638325,0.9936907152032697
flickr,8396975855,DECODER_TARGET_vs_IMG,0.6995966622275422,0.7548979591836734,0.0009720864837623965,0.2,0.5333333333333333,3.891819666397308,3.887927693726244,48.99996904605716,48.80963313698374,0.9999993682868809,0.9961149619792601
flickr,8396975855,DECODER_TARGET_vs_AUD,0.7251407240586119,0.7901020408163265,0.0012073869250014812,0.2,0.5555555555555556,3.891819666397308,3.886997994070584,48.99996904605716,48.7642759254224,0.9999993682868809,0.9951893046004572
flickr,8396975855,IMG_vs_AUD,0.9907329067491623,0.9821428571428571,3.244399971991167e-05,0.8,0.96,3.887927693726244,3.886997994070584,48.80963313698374,48.7642759254224,0.9961149619792601,0.9951893046004572
flickr,9060997789,DECODER_TARGET_vs_IMG,0.6382216220122559,0.8232562896577635,0.004713582116641213,0.4,0.5333333333333333,3.8918198041291694,3.8733396890449474,48.999975794914576,48.1027664035383,0.9999995060186648,0.9816891102762918
flickr,9060997789,DECODER_TARGET_vs_AUD,0.659505033354378,0.8257053942071018,0.002070502509285376,0.4,0.5555555555555556,3.8918198041291694,3.883636559620294,48.999975794914576,48.6006331996178,0.9999995060186648,0.9918496571350572
flickr,9060997789,IMG_vs_AUD,0.9819256298678595,0.9791836734693877,0.0006564253388117849,0.8,0.96,3.8733396890449474,3.883636559620294,48.1027664035383,48.6006331996178,0.9816891102762918,0.9918496571350572
flickr,9309351423,DECODER_TARGET_vs_IMG,0.5000419603379366,0.5797086662260372,0.0025528274243028486,0.0,0.4222222222222222,3.891819800027267,3.8816293375616513,48.999975593921455,48.5031787756501,0.9999995019167643,0.989860791339798
flickr,9309351423,DECODER_TARGET_vs_AUD,0.4633034505426805,0.5489425752443174,0.002247592747165361,0.0,0.4444444444444444,3.891819800027267,3.8828549041897937,48.999975593921455,48.56265909401796,0.9999995019167643,0.9910746753881217
flickr,9309351423,IMG_vs_AUD,0.9830326785453805,0.9808163265306122,9.193071977714199e-05,1.0,0.8571428571428571,3.8816293375616513,3.8828549041897937,48.5031787756501,48.56265909401796,0.989860791339798,0.9910746753881217
flickr,9456627660,DECODER_TARGET_vs_IMG,0.6101564847123406,0.79830603706138,0.001546611761220841,0.2,0.5111111111111111,3.891819804411434,3.8856682863146723,48.999975808745525,48.69947678102312,0.999999506300929,0.9938668730821045
flickr,9456627660,DECODER_TARGET_vs_AUD,0.630471211632374,0.8206541160740916,0.0012234048860801146,0.2,0.5111111111111111,3.891819804411434,3.886951163777515,48.999975808745525,48.76199233356056,0.999999506300929,0.9951427006849095
flickr,9456627660,IMG_vs_AUD,0.9918045381857324,0.9886734693877551,4.184709538590807e-05,1.0,1.0,3.8856682863146723,3.886951163777515,48.69947678102312,48.76199233356056,0.9938668730821045,0.9951427006849095
flickr,9636000842,DECODER_TARGET_vs_IMG,0.4903717607066946,0.3514285714285714,0.0017870722635763342,0.0,0.5333333333333333,3.891819763538432,3.8847393659292533,48.99997380596946,48.6542598489984,0.9999994654279482,0.9929440785509878
flickr,9636000842,DECODER_TARGET_vs_AUD,0.5002645101397447,0.36183673469387756,0.0016905823834868086,0.0,0.5555555555555556,3.891819763538432,3.8851264155573255,48.99997380596946,48.673095107031756,0.9999994654279482,0.9933284715720766
flickr,9636000842,IMG_vs_AUD,0.9967656346983573,0.9941836734693877,1.2625155133873963e-05,1.0,0.96,3.8847393659292533,3.8851264155573255,48.6542598489984,48.673095107031756,0.9929440785509878,0.9933284715720766
flickr,9761803312,DECODER_TARGET_vs_IMG,0.3288442242762195,-0.11540816326530612,0.0009874532381567683,0.0,0.5777777777777777,3.8918194455934136,3.887879156047803,48.99995822667437,48.80726408820025,0.9999991474831504,0.996066614044903
flickr,9761803312,DECODER_TARGET_vs_AUD,0.4029632613746964,-0.045816326530612246,0.001072306643871764,0.0,0.5777777777777777,3.8918194455934136,3.8875386913411445,48.99995822667437,48.79064976580534,0.9999991474831504,0.9957275462409253
flickr,9761803312,IMG_vs_AUD,0.9806935121526245,0.9705102040816327,4.253197989084408e-05,0.8,0.9259259259259259,3.887879156047803,3.8875386913411445,48.80726408820025,48.79064976580534,0.996066614044903,0.9957275462409253
