dataset,batch,weighted_loss,parameter_group,gradient_l2
vggss,0,info,visual_backbone,10.231751019331005
vggss,0,info,visual_l3_slot_branch,2.5519419879582177
vggss,0,info,visual_l4_slot_branch,5.366719483200086
vggss,0,info,visual_fusion,3.0217538095786978
vggss,0,info,audio_backbone,74.35070485037713
vggss,0,info,audio_slot_branch,10.709278790196569
vggss,0,info,shared_slots,0.08772806574431515
vggss,0,info,image_decoder,0.0
vggss,0,info,audio_decoder,0.0
vggss,0,rec_img,visual_backbone,0.010326913965617955
vggss,0,rec_img,visual_l3_slot_branch,0.03511001080864368
vggss,0,rec_img,visual_l4_slot_branch,0.046025762933746
vggss,0,rec_img,visual_fusion,0.03773851567100206
vggss,0,rec_img,audio_backbone,0.0
vggss,0,rec_img,audio_slot_branch,0.0
vggss,0,rec_img,shared_slots,0.0004137572582900639
vggss,0,rec_img,image_decoder,0.10178989047783289
vggss,0,rec_img,audio_decoder,0.0
vggss,0,rec_aud,visual_backbone,0.0
vggss,0,rec_aud,visual_l3_slot_branch,0.0
vggss,0,rec_aud,visual_l4_slot_branch,0.0
vggss,0,rec_aud,visual_fusion,0.0
vggss,0,rec_aud,audio_backbone,0.10315812965677133
vggss,0,rec_aud,audio_slot_branch,0.021914733414927622
vggss,0,rec_aud,shared_slots,0.00015198242136597065
vggss,0,rec_aud,image_decoder,0.0
vggss,0,rec_aud,audio_decoder,0.02227367961462282
vggss,0,div_img,visual_backbone,0.009386436665314425
vggss,0,div_img,visual_l3_slot_branch,0.03471471874220793
vggss,0,div_img,visual_l4_slot_branch,0.028458421353501646
vggss,0,div_img,visual_fusion,0.020856826513587754
vggss,0,div_img,audio_backbone,0.0
vggss,0,div_img,audio_slot_branch,0.0
vggss,0,div_img,shared_slots,0.00048348113525746236
vggss,0,div_img,image_decoder,0.0
vggss,0,div_img,audio_decoder,0.0
vggss,0,div_aud,visual_backbone,0.0
vggss,0,div_aud,visual_l3_slot_branch,0.0
vggss,0,div_aud,visual_l4_slot_branch,0.0
vggss,0,div_aud,visual_fusion,0.0
vggss,0,div_aud,audio_backbone,0.203654899219717
vggss,0,div_aud,audio_slot_branch,0.11429711543479859
vggss,0,div_aud,shared_slots,0.0012335819485017915
vggss,0,div_aud,image_decoder,0.0
vggss,0,div_aud,audio_decoder,0.0
vggss,0,att_space,visual_backbone,0.07422838246311414
vggss,0,att_space,visual_l3_slot_branch,0.0
vggss,0,att_space,visual_l4_slot_branch,0.011738181338772757
vggss,0,att_space,visual_fusion,0.0
vggss,0,att_space,audio_backbone,0.2399842818309283
vggss,0,att_space,audio_slot_branch,0.033507112332241094
vggss,0,att_space,shared_slots,0.0003233522349553299
vggss,0,att_space,image_decoder,0.0
vggss,0,att_space,audio_decoder,0.0
vggss,0,att_time,visual_backbone,0.0381806496413499
vggss,0,att_time,visual_l3_slot_branch,0.0
vggss,0,att_time,visual_l4_slot_branch,0.08621743334472448
vggss,0,att_time,visual_fusion,0.0
vggss,0,att_time,audio_backbone,1.2117104519611392
vggss,0,att_time,audio_slot_branch,0.06882640596881193
vggss,0,att_time,shared_slots,0.0008555016030178162
vggss,0,att_time,image_decoder,0.0
vggss,0,att_time,audio_decoder,0.0
vggss,1,info,visual_backbone,11.587830376452363
vggss,1,info,visual_l3_slot_branch,3.2197216841401377
vggss,1,info,visual_l4_slot_branch,6.779510275955303
vggss,1,info,visual_fusion,3.5377088025141834
vggss,1,info,audio_backbone,88.48795396813918
vggss,1,info,audio_slot_branch,13.859526522746478
vggss,1,info,shared_slots,0.11225012653432366
vggss,1,info,image_decoder,0.0
vggss,1,info,audio_decoder,0.0
vggss,1,rec_img,visual_backbone,0.01929231755202506
vggss,1,rec_img,visual_l3_slot_branch,0.029435111040040134
vggss,1,rec_img,visual_l4_slot_branch,0.03885754427317045
vggss,1,rec_img,visual_fusion,0.03172839571294157
vggss,1,rec_img,audio_backbone,0.0
vggss,1,rec_img,audio_slot_branch,0.0
vggss,1,rec_img,shared_slots,0.0003542605459392623
vggss,1,rec_img,image_decoder,0.0854989949907494
vggss,1,rec_img,audio_decoder,0.0
vggss,1,rec_aud,visual_backbone,0.0
vggss,1,rec_aud,visual_l3_slot_branch,0.0
vggss,1,rec_aud,visual_l4_slot_branch,0.0
vggss,1,rec_aud,visual_fusion,0.0
vggss,1,rec_aud,audio_backbone,0.08879645213323882
vggss,1,rec_aud,audio_slot_branch,0.02051694903096494
vggss,1,rec_aud,shared_slots,0.00014466733334463465
vggss,1,rec_aud,image_decoder,0.0
vggss,1,rec_aud,audio_decoder,0.01997907956289107
vggss,1,div_img,visual_backbone,0.011008905958962109
vggss,1,div_img,visual_l3_slot_branch,0.036949328678965894
vggss,1,div_img,visual_l4_slot_branch,0.03005032753059368
vggss,1,div_img,visual_fusion,0.022057240942016193
vggss,1,div_img,audio_backbone,0.0
vggss,1,div_img,audio_slot_branch,0.0
vggss,1,div_img,shared_slots,0.0005154089147096838
vggss,1,div_img,image_decoder,0.0
vggss,1,div_img,audio_decoder,0.0
vggss,1,div_aud,visual_backbone,0.0
vggss,1,div_aud,visual_l3_slot_branch,0.0
vggss,1,div_aud,visual_l4_slot_branch,0.0
vggss,1,div_aud,visual_fusion,0.0
vggss,1,div_aud,audio_backbone,0.30939061175100957
vggss,1,div_aud,audio_slot_branch,0.1303500204808098
vggss,1,div_aud,shared_slots,0.0014185189318198972
vggss,1,div_aud,image_decoder,0.0
vggss,1,div_aud,audio_decoder,0.0
vggss,1,att_space,visual_backbone,0.1689178580897448
vggss,1,att_space,visual_l3_slot_branch,0.0
vggss,1,att_space,visual_l4_slot_branch,0.011988747043916738
vggss,1,att_space,visual_fusion,0.0
vggss,1,att_space,audio_backbone,0.39261478797582405
vggss,1,att_space,audio_slot_branch,0.03489251987574326
vggss,1,att_space,shared_slots,0.000350435689068377
vggss,1,att_space,image_decoder,0.0
vggss,1,att_space,audio_decoder,0.0
vggss,1,att_time,visual_backbone,0.07564704235467033
vggss,1,att_time,visual_l3_slot_branch,0.0
vggss,1,att_time,visual_l4_slot_branch,0.08827856281316199
vggss,1,att_time,visual_fusion,0.0
vggss,1,att_time,audio_backbone,1.155650785083801
vggss,1,att_time,audio_slot_branch,0.07052410538402336
vggss,1,att_time,shared_slots,0.0009032965485984405
vggss,1,att_time,image_decoder,0.0
vggss,1,att_time,audio_decoder,0.0
vggss,2,info,visual_backbone,8.763076711179696
vggss,2,info,visual_l3_slot_branch,2.754380845326753
vggss,2,info,visual_l4_slot_branch,5.798949354010538
vggss,2,info,visual_fusion,3.1943721518450663
vggss,2,info,audio_backbone,68.24364114374791
vggss,2,info,audio_slot_branch,13.45630281847732
vggss,2,info,shared_slots,0.10637283876353902
vggss,2,info,image_decoder,0.0
vggss,2,info,audio_decoder,0.0
vggss,2,rec_img,visual_backbone,0.01434300106393123
vggss,2,rec_img,visual_l3_slot_branch,0.03492806305906646
vggss,2,rec_img,visual_l4_slot_branch,0.04609083531149747
vggss,2,rec_img,visual_fusion,0.03720404102998428
vggss,2,rec_img,audio_backbone,0.0
vggss,2,rec_img,audio_slot_branch,0.0
vggss,2,rec_img,shared_slots,0.0004207987790902138
vggss,2,rec_img,image_decoder,0.10401109704293393
vggss,2,rec_img,audio_decoder,0.0
vggss,2,rec_aud,visual_backbone,0.0
vggss,2,rec_aud,visual_l3_slot_branch,0.0
vggss,2,rec_aud,visual_l4_slot_branch,0.0
vggss,2,rec_aud,visual_fusion,0.0
vggss,2,rec_aud,audio_backbone,0.20197585676311866
vggss,2,rec_aud,audio_slot_branch,0.025019915216835064
vggss,2,rec_aud,shared_slots,0.00017906029156442238
vggss,2,rec_aud,image_decoder,0.0
vggss,2,rec_aud,audio_decoder,0.025583134018482872
vggss,2,div_img,visual_backbone,0.009246811792026188
vggss,2,div_img,visual_l3_slot_branch,0.031226279098651354
vggss,2,div_img,visual_l4_slot_branch,0.025893650971940817
vggss,2,div_img,visual_fusion,0.018823702002534394
vggss,2,div_img,audio_backbone,0.0
vggss,2,div_img,audio_slot_branch,0.0
vggss,2,div_img,shared_slots,0.00043488891872572644
vggss,2,div_img,image_decoder,0.0
vggss,2,div_img,audio_decoder,0.0
vggss,2,div_aud,visual_backbone,0.0
vggss,2,div_aud,visual_l3_slot_branch,0.0
vggss,2,div_aud,visual_l4_slot_branch,0.0
vggss,2,div_aud,visual_fusion,0.0
vggss,2,div_aud,audio_backbone,0.20124163743675208
vggss,2,div_aud,audio_slot_branch,0.10471551488036301
vggss,2,div_aud,shared_slots,0.001125696477296775
vggss,2,div_aud,image_decoder,0.0
vggss,2,div_aud,audio_decoder,0.0
vggss,2,att_space,visual_backbone,0.13176036459501467
vggss,2,att_space,visual_l3_slot_branch,0.0
vggss,2,att_space,visual_l4_slot_branch,0.013626593389208823
vggss,2,att_space,visual_fusion,0.0
vggss,2,att_space,audio_backbone,0.5307673592614932
vggss,2,att_space,audio_slot_branch,0.039487380250143145
vggss,2,att_space,shared_slots,0.0003981236903269913
vggss,2,att_space,image_decoder,0.0
vggss,2,att_space,audio_decoder,0.0
vggss,2,att_time,visual_backbone,0.04299003908034799
vggss,2,att_time,visual_l3_slot_branch,0.0
vggss,2,att_time,visual_l4_slot_branch,0.08407415351606379
vggss,2,att_time,visual_fusion,0.0
vggss,2,att_time,audio_backbone,1.158498948282778
vggss,2,att_time,audio_slot_branch,0.07087149291388292
vggss,2,att_time,shared_slots,0.0008509494475730858
vggss,2,att_time,image_decoder,0.0
vggss,2,att_time,audio_decoder,0.0
vggss,3,info,visual_backbone,10.446750097491096
vggss,3,info,visual_l3_slot_branch,2.109230814195789
vggss,3,info,visual_l4_slot_branch,4.907139414122355
vggss,3,info,visual_fusion,2.5965576182635277
vggss,3,info,audio_backbone,57.0463547714555
vggss,3,info,audio_slot_branch,8.884736539836423
vggss,3,info,shared_slots,0.07228945569830561
vggss,3,info,image_decoder,0.0
vggss,3,info,audio_decoder,0.0
vggss,3,rec_img,visual_backbone,0.014818389304150088
vggss,3,rec_img,visual_l3_slot_branch,0.029858968630602414
vggss,3,rec_img,visual_l4_slot_branch,0.03956679514238685
vggss,3,rec_img,visual_fusion,0.03173142958694799
vggss,3,rec_img,audio_backbone,0.0
vggss,3,rec_img,audio_slot_branch,0.0
vggss,3,rec_img,shared_slots,0.000364375883532297
vggss,3,rec_img,image_decoder,0.0885525622975607
vggss,3,rec_img,audio_decoder,0.0
vggss,3,rec_aud,visual_backbone,0.0
vggss,3,rec_aud,visual_l3_slot_branch,0.0
vggss,3,rec_aud,visual_l4_slot_branch,0.0
vggss,3,rec_aud,visual_fusion,0.0
vggss,3,rec_aud,audio_backbone,0.07670968026189333
vggss,3,rec_aud,audio_slot_branch,0.01987969178865985
vggss,3,rec_aud,shared_slots,0.00013462340874274842
vggss,3,rec_aud,image_decoder,0.0
vggss,3,rec_aud,audio_decoder,0.02391479731425829
vggss,3,div_img,visual_backbone,0.008353498306935903
vggss,3,div_img,visual_l3_slot_branch,0.024081001516827457
vggss,3,div_img,visual_l4_slot_branch,0.019102242405872046
vggss,3,div_img,visual_fusion,0.014381931242315711
vggss,3,div_img,audio_backbone,0.0
vggss,3,div_img,audio_slot_branch,0.0
vggss,3,div_img,shared_slots,0.00033056877856770406
vggss,3,div_img,image_decoder,0.0
vggss,3,div_img,audio_decoder,0.0
vggss,3,div_aud,visual_backbone,0.0
vggss,3,div_aud,visual_l3_slot_branch,0.0
vggss,3,div_aud,visual_l4_slot_branch,0.0
vggss,3,div_aud,visual_fusion,0.0
vggss,3,div_aud,audio_backbone,0.26298460957602476
vggss,3,div_aud,audio_slot_branch,0.11672215120966932
vggss,3,div_aud,shared_slots,0.0012494609349584546
vggss,3,div_aud,image_decoder,0.0
vggss,3,div_aud,audio_decoder,0.0
vggss,3,att_space,visual_backbone,0.1710688691875587
vggss,3,att_space,visual_l3_slot_branch,0.0
vggss,3,att_space,visual_l4_slot_branch,0.011883453310400706
vggss,3,att_space,visual_fusion,0.0
vggss,3,att_space,audio_backbone,0.18449601027098397
vggss,3,att_space,audio_slot_branch,0.033152706300122195
vggss,3,att_space,shared_slots,0.0003174093874910038
vggss,3,att_space,image_decoder,0.0
vggss,3,att_space,audio_decoder,0.0
vggss,3,att_time,visual_backbone,0.06374101857955537
vggss,3,att_time,visual_l3_slot_branch,0.0
vggss,3,att_time,visual_l4_slot_branch,0.10319262205325837
vggss,3,att_time,visual_fusion,0.0
vggss,3,att_time,audio_backbone,1.3433896847823399
vggss,3,att_time,audio_slot_branch,0.08603193567752733
vggss,3,att_time,shared_slots,0.0010416907013834627
vggss,3,att_time,image_decoder,0.0
vggss,3,att_time,audio_decoder,0.0
vggss,4,info,visual_backbone,8.246682768956932
vggss,4,info,visual_l3_slot_branch,2.4092359912915122
vggss,4,info,visual_l4_slot_branch,5.515422059663064
vggss,4,info,visual_fusion,2.9212296329060883
vggss,4,info,audio_backbone,77.69732853453436
vggss,4,info,audio_slot_branch,10.783774252384223
vggss,4,info,shared_slots,0.08332627719319535
vggss,4,info,image_decoder,0.0
vggss,4,info,audio_decoder,0.0
vggss,4,rec_img,visual_backbone,0.01244967176795162
vggss,4,rec_img,visual_l3_slot_branch,0.03004794255575128
vggss,4,rec_img,visual_l4_slot_branch,0.0402018619117767
vggss,4,rec_img,visual_fusion,0.03234145612325587
vggss,4,rec_img,audio_backbone,0.0
vggss,4,rec_img,audio_slot_branch,0.0
vggss,4,rec_img,shared_slots,0.000370009773138101
vggss,4,rec_img,image_decoder,0.0885226234230174
vggss,4,rec_img,audio_decoder,0.0
vggss,4,rec_aud,visual_backbone,0.0
vggss,4,rec_aud,visual_l3_slot_branch,0.0
vggss,4,rec_aud,visual_l4_slot_branch,0.0
vggss,4,rec_aud,visual_fusion,0.0
vggss,4,rec_aud,audio_backbone,0.09798179448524127
vggss,4,rec_aud,audio_slot_branch,0.019676126236405127
vggss,4,rec_aud,shared_slots,0.000135249458609308
vggss,4,rec_aud,image_decoder,0.0
vggss,4,rec_aud,audio_decoder,0.018169205134828326
vggss,4,div_img,visual_backbone,0.008072385497503547
vggss,4,div_img,visual_l3_slot_branch,0.03110482945670997
vggss,4,div_img,visual_l4_slot_branch,0.025847817558262046
vggss,4,div_img,visual_fusion,0.020246457806466247
vggss,4,div_img,audio_backbone,0.0
vggss,4,div_img,audio_slot_branch,0.0
vggss,4,div_img,shared_slots,0.0004234203882762553
vggss,4,div_img,image_decoder,0.0
vggss,4,div_img,audio_decoder,0.0
vggss,4,div_aud,visual_backbone,0.0
vggss,4,div_aud,visual_l3_slot_branch,0.0
vggss,4,div_aud,visual_l4_slot_branch,0.0
vggss,4,div_aud,visual_fusion,0.0
vggss,4,div_aud,audio_backbone,0.2630773588713101
vggss,4,div_aud,audio_slot_branch,0.10592861431248575
vggss,4,div_aud,shared_slots,0.001142737027513998
vggss,4,div_aud,image_decoder,0.0
vggss,4,div_aud,audio_decoder,0.0
vggss,4,att_space,visual_backbone,0.141900839538424
vggss,4,att_space,visual_l3_slot_branch,0.0
vggss,4,att_space,visual_l4_slot_branch,0.011813292723181008
vggss,4,att_space,visual_fusion,0.0
vggss,4,att_space,audio_backbone,0.46022217720920966
vggss,4,att_space,audio_slot_branch,0.03485544749929042
vggss,4,att_space,shared_slots,0.00033265932604434404
vggss,4,att_space,image_decoder,0.0
vggss,4,att_space,audio_decoder,0.0
vggss,4,att_time,visual_backbone,0.05903341296433273
vggss,4,att_time,visual_l3_slot_branch,0.0
vggss,4,att_time,visual_l4_slot_branch,0.1102065864821296
vggss,4,att_time,visual_fusion,0.0
vggss,4,att_time,audio_backbone,1.1290467401054154
vggss,4,att_time,audio_slot_branch,0.0878527966773896
vggss,4,att_time,shared_slots,0.001224361641060657
vggss,4,att_time,image_decoder,0.0
vggss,4,att_time,audio_decoder,0.0
vggss,5,info,visual_backbone,10.719297503010335
vggss,5,info,visual_l3_slot_branch,3.060510573426393
vggss,5,info,visual_l4_slot_branch,6.296550533780861
vggss,5,info,visual_fusion,3.4448463677141024
vggss,5,info,audio_backbone,83.50898303495002
vggss,5,info,audio_slot_branch,13.089318852618522
vggss,5,info,shared_slots,0.10890682735399317
vggss,5,info,image_decoder,0.0
vggss,5,info,audio_decoder,0.0
vggss,5,rec_img,visual_backbone,0.00845924555208108
vggss,5,rec_img,visual_l3_slot_branch,0.029930219997731343
vggss,5,rec_img,visual_l4_slot_branch,0.040595410887052825
vggss,5,rec_img,visual_fusion,0.03246761059464918
vggss,5,rec_img,audio_backbone,0.0
vggss,5,rec_img,audio_slot_branch,0.0
vggss,5,rec_img,shared_slots,0.00036392497284238196
vggss,5,rec_img,image_decoder,0.08934230124349184
vggss,5,rec_img,audio_decoder,0.0
vggss,5,rec_aud,visual_backbone,0.0
vggss,5,rec_aud,visual_l3_slot_branch,0.0
vggss,5,rec_aud,visual_l4_slot_branch,0.0
vggss,5,rec_aud,visual_fusion,0.0
vggss,5,rec_aud,audio_backbone,0.28607155857727024
vggss,5,rec_aud,audio_slot_branch,0.01882716722796311
vggss,5,rec_aud,shared_slots,0.00013226221458091723
vggss,5,rec_aud,image_decoder,0.0
vggss,5,rec_aud,audio_decoder,0.014425638084196172
vggss,5,div_img,visual_backbone,0.0072414632972866155
vggss,5,div_img,visual_l3_slot_branch,0.027688039981010985
vggss,5,div_img,visual_l4_slot_branch,0.021910805851432357
vggss,5,div_img,visual_fusion,0.016748809413703995
vggss,5,div_img,audio_backbone,0.0
vggss,5,div_img,audio_slot_branch,0.0
vggss,5,div_img,shared_slots,0.0003723160898063206
vggss,5,div_img,image_decoder,0.0
vggss,5,div_img,audio_decoder,0.0
vggss,5,div_aud,visual_backbone,0.0
vggss,5,div_aud,visual_l3_slot_branch,0.0
vggss,5,div_aud,visual_l4_slot_branch,0.0
vggss,5,div_aud,visual_fusion,0.0
vggss,5,div_aud,audio_backbone,0.43968168381527006
vggss,5,div_aud,audio_slot_branch,0.14495737772120712
vggss,5,div_aud,shared_slots,0.0015762549171903562
vggss,5,div_aud,image_decoder,0.0
vggss,5,div_aud,audio_decoder,0.0
vggss,5,att_space,visual_backbone,0.1427463152805834
vggss,5,att_space,visual_l3_slot_branch,0.0
vggss,5,att_space,visual_l4_slot_branch,0.011766886295768834
vggss,5,att_space,visual_fusion,0.0
vggss,5,att_space,audio_backbone,0.49446920316298604
vggss,5,att_space,audio_slot_branch,0.03457076013641972
vggss,5,att_space,shared_slots,0.0003481687892946562
vggss,5,att_space,image_decoder,0.0
vggss,5,att_space,audio_decoder,0.0
vggss,5,att_time,visual_backbone,0.07672524885002463
vggss,5,att_time,visual_l3_slot_branch,0.0
vggss,5,att_time,visual_l4_slot_branch,0.092188119329818
vggss,5,att_time,visual_fusion,0.0
vggss,5,att_time,audio_backbone,1.2361177669031362
vggss,5,att_time,audio_slot_branch,0.07558428134148436
vggss,5,att_time,shared_slots,0.0009392511164818359
vggss,5,att_time,image_decoder,0.0
vggss,5,att_time,audio_decoder,0.0
vggss,6,info,visual_backbone,9.306633876125614
vggss,6,info,visual_l3_slot_branch,2.4135559381443006
vggss,6,info,visual_l4_slot_branch,5.486248490927722
vggss,6,info,visual_fusion,2.9425302943944596
vggss,6,info,audio_backbone,53.184522508522434
vggss,6,info,audio_slot_branch,9.840895679268108
vggss,6,info,shared_slots,0.07135775793925825
vggss,6,info,image_decoder,0.0
vggss,6,info,audio_decoder,0.0
vggss,6,rec_img,visual_backbone,0.011360623674722221
vggss,6,rec_img,visual_l3_slot_branch,0.02921877759160288
vggss,6,rec_img,visual_l4_slot_branch,0.0392905442298401
vggss,6,rec_img,visual_fusion,0.03172844289550888
vggss,6,rec_img,audio_backbone,0.0
vggss,6,rec_img,audio_slot_branch,0.0
vggss,6,rec_img,shared_slots,0.00035108291415897363
vggss,6,rec_img,image_decoder,0.08751290341446369
vggss,6,rec_img,audio_decoder,0.0
vggss,6,rec_aud,visual_backbone,0.0
vggss,6,rec_aud,visual_l3_slot_branch,0.0
vggss,6,rec_aud,visual_l4_slot_branch,0.0
vggss,6,rec_aud,visual_fusion,0.0
vggss,6,rec_aud,audio_backbone,0.08177414909460112
vggss,6,rec_aud,audio_slot_branch,0.01789267393265158
vggss,6,rec_aud,shared_slots,0.00012083749458385237
vggss,6,rec_aud,image_decoder,0.0
vggss,6,rec_aud,audio_decoder,0.018710735956962665
vggss,6,div_img,visual_backbone,0.011509341334621288
vggss,6,div_img,visual_l3_slot_branch,0.03187911605785871
vggss,6,div_img,visual_l4_slot_branch,0.026538067964369867
vggss,6,div_img,visual_fusion,0.01960608921332034
vggss,6,div_img,audio_backbone,0.0
vggss,6,div_img,audio_slot_branch,0.0
vggss,6,div_img,shared_slots,0.0004381841288155183
vggss,6,div_img,image_decoder,0.0
vggss,6,div_img,audio_decoder,0.0
vggss,6,div_aud,visual_backbone,0.0
vggss,6,div_aud,visual_l3_slot_branch,0.0
vggss,6,div_aud,visual_l4_slot_branch,0.0
vggss,6,div_aud,visual_fusion,0.0
vggss,6,div_aud,audio_backbone,0.32025856340771336
vggss,6,div_aud,audio_slot_branch,0.1495936330361588
vggss,6,div_aud,shared_slots,0.0016533704800448614
vggss,6,div_aud,image_decoder,0.0
vggss,6,div_aud,audio_decoder,0.0
vggss,6,att_space,visual_backbone,0.1561693303274586
vggss,6,att_space,visual_l3_slot_branch,0.0
vggss,6,att_space,visual_l4_slot_branch,0.014171342151256589
vggss,6,att_space,visual_fusion,0.0
vggss,6,att_space,audio_backbone,0.24636603568147447
vggss,6,att_space,audio_slot_branch,0.043121245830394235
vggss,6,att_space,shared_slots,0.00041506630594018965
vggss,6,att_space,image_decoder,0.0
vggss,6,att_space,audio_decoder,0.0
vggss,6,att_time,visual_backbone,0.05944543630501321
vggss,6,att_time,visual_l3_slot_branch,0.0
vggss,6,att_time,visual_l4_slot_branch,0.09944925311879306
vggss,6,att_time,visual_fusion,0.0
vggss,6,att_time,audio_backbone,1.1847649752736513
vggss,6,att_time,audio_slot_branch,0.08066451675096849
vggss,6,att_time,shared_slots,0.0010654743341210627
vggss,6,att_time,image_decoder,0.0
vggss,6,att_time,audio_decoder,0.0
vggss,7,info,visual_backbone,7.822126568747069
vggss,7,info,visual_l3_slot_branch,2.640274796964787
vggss,7,info,visual_l4_slot_branch,5.4638683630230505
vggss,7,info,visual_fusion,3.0100245874927825
vggss,7,info,audio_backbone,66.77803560561301
vggss,7,info,audio_slot_branch,13.903120110745913
vggss,7,info,shared_slots,0.10939941353839464
vggss,7,info,image_decoder,0.0
vggss,7,info,audio_decoder,0.0
vggss,7,rec_img,visual_backbone,0.009285877077748462
vggss,7,rec_img,visual_l3_slot_branch,0.03088489543197303
vggss,7,rec_img,visual_l4_slot_branch,0.040565658034356716
vggss,7,rec_img,visual_fusion,0.032763791252848264
vggss,7,rec_img,audio_backbone,0.0
vggss,7,rec_img,audio_slot_branch,0.0
vggss,7,rec_img,shared_slots,0.000377122388719273
vggss,7,rec_img,image_decoder,0.08970527251443189
vggss,7,rec_img,audio_decoder,0.0
vggss,7,rec_aud,visual_backbone,0.0
vggss,7,rec_aud,visual_l3_slot_branch,0.0
vggss,7,rec_aud,visual_l4_slot_branch,0.0
vggss,7,rec_aud,visual_fusion,0.0
vggss,7,rec_aud,audio_backbone,0.09504755363836614
vggss,7,rec_aud,audio_slot_branch,0.017819961847311105
vggss,7,rec_aud,shared_slots,0.00012755939571886877
vggss,7,rec_aud,image_decoder,0.0
vggss,7,rec_aud,audio_decoder,0.016483411150858374
vggss,7,div_img,visual_backbone,0.008785145235030517
vggss,7,div_img,visual_l3_slot_branch,0.027079856508176965
vggss,7,div_img,visual_l4_slot_branch,0.022668090146996018
vggss,7,div_img,visual_fusion,0.016777308703872076
vggss,7,div_img,audio_backbone,0.0
vggss,7,div_img,audio_slot_branch,0.0
vggss,7,div_img,shared_slots,0.0003750331069881884
vggss,7,div_img,image_decoder,0.0
vggss,7,div_img,audio_decoder,0.0
vggss,7,div_aud,visual_backbone,0.0
vggss,7,div_aud,visual_l3_slot_branch,0.0
vggss,7,div_aud,visual_l4_slot_branch,0.0
vggss,7,div_aud,visual_fusion,0.0
vggss,7,div_aud,audio_backbone,0.26002289400065554
vggss,7,div_aud,audio_slot_branch,0.11644037012784894
vggss,7,div_aud,shared_slots,0.0012445015671967903
vggss,7,div_aud,image_decoder,0.0
vggss,7,div_aud,audio_decoder,0.0
vggss,7,att_space,visual_backbone,0.1325827756157766
vggss,7,att_space,visual_l3_slot_branch,0.0
vggss,7,att_space,visual_l4_slot_branch,0.012613356109913052
vggss,7,att_space,visual_fusion,0.0
vggss,7,att_space,audio_backbone,0.41455232738038816
vggss,7,att_space,audio_slot_branch,0.037095168489094985
vggss,7,att_space,shared_slots,0.00035425939549250517
vggss,7,att_space,image_decoder,0.0
vggss,7,att_space,audio_decoder,0.0
vggss,7,att_time,visual_backbone,0.04642484701726432
vggss,7,att_time,visual_l3_slot_branch,0.0
vggss,7,att_time,visual_l4_slot_branch,0.08440516539496298
vggss,7,att_time,visual_fusion,0.0
vggss,7,att_time,audio_backbone,1.2522004016919595
vggss,7,att_time,audio_slot_branch,0.0737456484854772
vggss,7,att_time,shared_slots,0.0008515123259754175
vggss,7,att_time,image_decoder,0.0
vggss,7,att_time,audio_decoder,0.0
vggss,8,info,visual_backbone,7.882789315870948
vggss,8,info,visual_l3_slot_branch,2.683160148831107
vggss,8,info,visual_l4_slot_branch,4.865703400581492
vggss,8,info,visual_fusion,2.7611918918063347
vggss,8,info,audio_backbone,54.713596231873694
vggss,8,info,audio_slot_branch,13.178798295627379
vggss,8,info,shared_slots,0.10786956143321791
vggss,8,info,image_decoder,0.0
vggss,8,info,audio_decoder,0.0
vggss,8,rec_img,visual_backbone,0.01615223112724416
vggss,8,rec_img,visual_l3_slot_branch,0.03182056373962953
vggss,8,rec_img,visual_l4_slot_branch,0.041809453390525844
vggss,8,rec_img,visual_fusion,0.034661655854454076
vggss,8,rec_img,audio_backbone,0.0
vggss,8,rec_img,audio_slot_branch,0.0
vggss,8,rec_img,shared_slots,0.00038286553513023025
vggss,8,rec_img,image_decoder,0.09252968698622137
vggss,8,rec_img,audio_decoder,0.0
vggss,8,rec_aud,visual_backbone,0.0
vggss,8,rec_aud,visual_l3_slot_branch,0.0
vggss,8,rec_aud,visual_l4_slot_branch,0.0
vggss,8,rec_aud,visual_fusion,0.0
vggss,8,rec_aud,audio_backbone,0.21284174950103407
vggss,8,rec_aud,audio_slot_branch,0.017225592941347345
vggss,8,rec_aud,shared_slots,0.00012341149128158
vggss,8,rec_aud,image_decoder,0.0
vggss,8,rec_aud,audio_decoder,0.015205399212346682
vggss,8,div_img,visual_backbone,0.01491969041008345
vggss,8,div_img,visual_l3_slot_branch,0.034536742584626495
vggss,8,div_img,visual_l4_slot_branch,0.029950799501807297
vggss,8,div_img,visual_fusion,0.022819888445294822
vggss,8,div_img,audio_backbone,0.0
vggss,8,div_img,audio_slot_branch,0.0
vggss,8,div_img,shared_slots,0.0004821889331041904
vggss,8,div_img,image_decoder,0.0
vggss,8,div_img,audio_decoder,0.0
vggss,8,div_aud,visual_backbone,0.0
vggss,8,div_aud,visual_l3_slot_branch,0.0
vggss,8,div_aud,visual_l4_slot_branch,0.0
vggss,8,div_aud,visual_fusion,0.0
vggss,8,div_aud,audio_backbone,0.2956073802052231
vggss,8,div_aud,audio_slot_branch,0.11565683009057746
vggss,8,div_aud,shared_slots,0.0012702602599922043
vggss,8,div_aud,image_decoder,0.0
vggss,8,div_aud,audio_decoder,0.0
vggss,8,att_space,visual_backbone,0.18495308001725091
vggss,8,att_space,visual_l3_slot_branch,0.0
vggss,8,att_space,visual_l4_slot_branch,0.012435657890649102
vggss,8,att_space,visual_fusion,0.0
vggss,8,att_space,audio_backbone,0.41447207032164357
vggss,8,att_space,audio_slot_branch,0.037408791144384244
vggss,8,att_space,shared_slots,0.0003707226663558525
vggss,8,att_space,image_decoder,0.0
vggss,8,att_space,audio_decoder,0.0
vggss,8,att_time,visual_backbone,0.0785432058936469
vggss,8,att_time,visual_l3_slot_branch,0.0
vggss,8,att_time,visual_l4_slot_branch,0.10210030747762694
vggss,8,att_time,visual_fusion,0.0
vggss,8,att_time,audio_backbone,1.1471424315607877
vggss,8,att_time,audio_slot_branch,0.0857362866373818
vggss,8,att_time,shared_slots,0.0011010523056752348
vggss,8,att_time,image_decoder,0.0
vggss,8,att_time,audio_decoder,0.0
vggss,9,info,visual_backbone,9.708032893941432
vggss,9,info,visual_l3_slot_branch,3.132864647712867
vggss,9,info,visual_l4_slot_branch,5.696926984582158
vggss,9,info,visual_fusion,2.991601286453082
vggss,9,info,audio_backbone,67.38082597088949
vggss,9,info,audio_slot_branch,11.326997983942299
vggss,9,info,shared_slots,0.09682327596723005
vggss,9,info,image_decoder,0.0
vggss,9,info,audio_decoder,0.0
vggss,9,rec_img,visual_backbone,0.007603322201530651
vggss,9,rec_img,visual_l3_slot_branch,0.028502729464449702
vggss,9,rec_img,visual_l4_slot_branch,0.03758609873386209
vggss,9,rec_img,visual_fusion,0.030586956317480613
vggss,9,rec_img,audio_backbone,0.0
vggss,9,rec_img,audio_slot_branch,0.0
vggss,9,rec_img,shared_slots,0.000346389622610753
vggss,9,rec_img,image_decoder,0.08516394367876194
vggss,9,rec_img,audio_decoder,0.0
vggss,9,rec_aud,visual_backbone,0.0
vggss,9,rec_aud,visual_l3_slot_branch,0.0
vggss,9,rec_aud,visual_l4_slot_branch,0.0
vggss,9,rec_aud,visual_fusion,0.0
vggss,9,rec_aud,audio_backbone,0.16448693558407457
vggss,9,rec_aud,audio_slot_branch,0.018724466362599113
vggss,9,rec_aud,shared_slots,0.00013093670415275475
vggss,9,rec_aud,image_decoder,0.0
vggss,9,rec_aud,audio_decoder,0.01810912030983273
vggss,9,div_img,visual_backbone,0.010080279640214941
vggss,9,div_img,visual_l3_slot_branch,0.03588099558841358
vggss,9,div_img,visual_l4_slot_branch,0.030646813383533828
vggss,9,div_img,visual_fusion,0.022578849482124765
vggss,9,div_img,audio_backbone,0.0
vggss,9,div_img,audio_slot_branch,0.0
vggss,9,div_img,shared_slots,0.0005003772121159378
vggss,9,div_img,image_decoder,0.0
vggss,9,div_img,audio_decoder,0.0
vggss,9,div_aud,visual_backbone,0.0
vggss,9,div_aud,visual_l3_slot_branch,0.0
vggss,9,div_aud,visual_l4_slot_branch,0.0
vggss,9,div_aud,visual_fusion,0.0
vggss,9,div_aud,audio_backbone,0.32035358427912597
vggss,9,div_aud,audio_slot_branch,0.13253299738329494
vggss,9,div_aud,shared_slots,0.0014444843776561217
vggss,9,div_aud,image_decoder,0.0
vggss,9,div_aud,audio_decoder,0.0
vggss,9,att_space,visual_backbone,0.1479898233729297
vggss,9,att_space,visual_l3_slot_branch,0.0
vggss,9,att_space,visual_l4_slot_branch,0.010164923731103084
vggss,9,att_space,visual_fusion,0.0
vggss,9,att_space,audio_backbone,0.9299834475040768
vggss,9,att_space,audio_slot_branch,0.03242995451510056
vggss,9,att_space,shared_slots,0.00033111802182167927
vggss,9,att_space,image_decoder,0.0
vggss,9,att_space,audio_decoder,0.0
vggss,9,att_time,visual_backbone,0.05620302143595677
vggss,9,att_time,visual_l3_slot_branch,0.0
vggss,9,att_time,visual_l4_slot_branch,0.10336607508793007
vggss,9,att_time,visual_fusion,0.0
vggss,9,att_time,audio_backbone,1.1849404054635948
vggss,9,att_time,audio_slot_branch,0.08660993325909695
vggss,9,att_time,shared_slots,0.0010490916746387043
vggss,9,att_time,image_decoder,0.0
vggss,9,att_time,audio_decoder,0.0
vggss,10,info,visual_backbone,10.42358244795296
vggss,10,info,visual_l3_slot_branch,2.782955101251902
vggss,10,info,visual_l4_slot_branch,6.222055230637973
vggss,10,info,visual_fusion,3.3472471170785165
vggss,10,info,audio_backbone,78.23154558558954
vggss,10,info,audio_slot_branch,12.041294944993655
vggss,10,info,shared_slots,0.09256504487638235
vggss,10,info,image_decoder,0.0
vggss,10,info,audio_decoder,0.0
vggss,10,rec_img,visual_backbone,0.007831145399229631
vggss,10,rec_img,visual_l3_slot_branch,0.027304827472066136
vggss,10,rec_img,visual_l4_slot_branch,0.03655897720205812
vggss,10,rec_img,visual_fusion,0.029537291577769218
vggss,10,rec_img,audio_backbone,0.0
vggss,10,rec_img,audio_slot_branch,0.0
vggss,10,rec_img,shared_slots,0.00033620857804246345
vggss,10,rec_img,image_decoder,0.08205605210770442
vggss,10,rec_img,audio_decoder,0.0
vggss,10,rec_aud,visual_backbone,0.0
vggss,10,rec_aud,visual_l3_slot_branch,0.0
vggss,10,rec_aud,visual_l4_slot_branch,0.0
vggss,10,rec_aud,visual_fusion,0.0
vggss,10,rec_aud,audio_backbone,0.24869610261850225
vggss,10,rec_aud,audio_slot_branch,0.016411015184141675
vggss,10,rec_aud,shared_slots,0.00011644917144993702
vggss,10,rec_aud,image_decoder,0.0
vggss,10,rec_aud,audio_decoder,0.014315530715522523
vggss,10,div_img,visual_backbone,0.011724734003126808
vggss,10,div_img,visual_l3_slot_branch,0.03503817606347902
vggss,10,div_img,visual_l4_slot_branch,0.029442712034120414
vggss,10,div_img,visual_fusion,0.021380259257431443
vggss,10,div_img,audio_backbone,0.0
vggss,10,div_img,audio_slot_branch,0.0
vggss,10,div_img,shared_slots,0.0004794650087017393
vggss,10,div_img,image_decoder,0.0
vggss,10,div_img,audio_decoder,0.0
vggss,10,div_aud,visual_backbone,0.0
vggss,10,div_aud,visual_l3_slot_branch,0.0
vggss,10,div_aud,visual_l4_slot_branch,0.0
vggss,10,div_aud,visual_fusion,0.0
vggss,10,div_aud,audio_backbone,0.25130489120488697
vggss,10,div_aud,audio_slot_branch,0.13107535442809426
vggss,10,div_aud,shared_slots,0.0014165835017440121
vggss,10,div_aud,image_decoder,0.0
vggss,10,div_aud,audio_decoder,0.0
vggss,10,att_space,visual_backbone,0.11811686440698843
vggss,10,att_space,visual_l3_slot_branch,0.0
vggss,10,att_space,visual_l4_slot_branch,0.01332074908675952
vggss,10,att_space,visual_fusion,0.0
vggss,10,att_space,audio_backbone,0.6790525256161937
vggss,10,att_space,audio_slot_branch,0.038814909163688835
vggss,10,att_space,shared_slots,0.00036686782979728026
vggss,10,att_space,image_decoder,0.0
vggss,10,att_space,audio_decoder,0.0
vggss,10,att_time,visual_backbone,0.035774500648282706
vggss,10,att_time,visual_l3_slot_branch,0.0
vggss,10,att_time,visual_l4_slot_branch,0.09107813978808453
vggss,10,att_time,visual_fusion,0.0
vggss,10,att_time,audio_backbone,1.1935287184472303
vggss,10,att_time,audio_slot_branch,0.07335353420524074
vggss,10,att_time,shared_slots,0.0009740072993077149
vggss,10,att_time,image_decoder,0.0
vggss,10,att_time,audio_decoder,0.0
vggss,11,info,visual_backbone,8.870462976683346
vggss,11,info,visual_l3_slot_branch,2.5569311123642118
vggss,11,info,visual_l4_slot_branch,5.419549696445388
vggss,11,info,visual_fusion,2.9670394938890428
vggss,11,info,audio_backbone,56.93291208326972
vggss,11,info,audio_slot_branch,11.90280256263142
vggss,11,info,shared_slots,0.09817618218644085
vggss,11,info,image_decoder,0.0
vggss,11,info,audio_decoder,0.0
vggss,11,rec_img,visual_backbone,0.010928727016117594
vggss,11,rec_img,visual_l3_slot_branch,0.03445045838927965
vggss,11,rec_img,visual_l4_slot_branch,0.04557381318679726
vggss,11,rec_img,visual_fusion,0.03669521886479692
vggss,11,rec_img,audio_backbone,0.0
vggss,11,rec_img,audio_slot_branch,0.0
vggss,11,rec_img,shared_slots,0.00041859652446192905
vggss,11,rec_img,image_decoder,0.1023233758575857
vggss,11,rec_img,audio_decoder,0.0
vggss,11,rec_aud,visual_backbone,0.0
vggss,11,rec_aud,visual_l3_slot_branch,0.0
vggss,11,rec_aud,visual_l4_slot_branch,0.0
vggss,11,rec_aud,visual_fusion,0.0
vggss,11,rec_aud,audio_backbone,0.10466725220082876
vggss,11,rec_aud,audio_slot_branch,0.018609475262293992
vggss,11,rec_aud,shared_slots,0.0001351661940849277
vggss,11,rec_aud,image_decoder,0.0
vggss,11,rec_aud,audio_decoder,0.01618221690767531
vggss,11,div_img,visual_backbone,0.012008335673604967
vggss,11,div_img,visual_l3_slot_branch,0.03862340057171507
vggss,11,div_img,visual_l4_slot_branch,0.03157761285783057
vggss,11,div_img,visual_fusion,0.02354101204188552
vggss,11,div_img,audio_backbone,0.0
vggss,11,div_img,audio_slot_branch,0.0
vggss,11,div_img,shared_slots,0.0005311995905135897
vggss,11,div_img,image_decoder,0.0
vggss,11,div_img,audio_decoder,0.0
vggss,11,div_aud,visual_backbone,0.0
vggss,11,div_aud,visual_l3_slot_branch,0.0
vggss,11,div_aud,visual_l4_slot_branch,0.0
vggss,11,div_aud,visual_fusion,0.0
vggss,11,div_aud,audio_backbone,0.245789587802516
vggss,11,div_aud,audio_slot_branch,0.14990006230619327
vggss,11,div_aud,shared_slots,0.0016430714061753747
vggss,11,div_aud,image_decoder,0.0
vggss,11,div_aud,audio_decoder,0.0
vggss,11,att_space,visual_backbone,0.0817572164375195
vggss,11,att_space,visual_l3_slot_branch,0.0
vggss,11,att_space,visual_l4_slot_branch,0.010072973088993112
vggss,11,att_space,visual_fusion,0.0
vggss,11,att_space,audio_backbone,0.1641614634529692
vggss,11,att_space,audio_slot_branch,0.02869146968783005
vggss,11,att_space,shared_slots,0.000287739357585834
vggss,11,att_space,image_decoder,0.0
vggss,11,att_space,audio_decoder,0.0
vggss,11,att_time,visual_backbone,0.044335636368368264
vggss,11,att_time,visual_l3_slot_branch,0.0
vggss,11,att_time,visual_l4_slot_branch,0.1319532901691024
vggss,11,att_time,visual_fusion,0.0
vggss,11,att_time,audio_backbone,1.0724727985763316
vggss,11,att_time,audio_slot_branch,0.10534314592922474
vggss,11,att_time,shared_slots,0.0015411264184014102
vggss,11,att_time,image_decoder,0.0
vggss,11,att_time,audio_decoder,0.0
vggss,12,info,visual_backbone,8.676082770703186
vggss,12,info,visual_l3_slot_branch,2.378314856921061
vggss,12,info,visual_l4_slot_branch,5.291106917102635
vggss,12,info,visual_fusion,2.710128497193028
vggss,12,info,audio_backbone,63.646695284055454
vggss,12,info,audio_slot_branch,10.050448277232952
vggss,12,info,shared_slots,0.08567713393034829
vggss,12,info,image_decoder,0.0
vggss,12,info,audio_decoder,0.0
vggss,12,rec_img,visual_backbone,0.012744640314765493
vggss,12,rec_img,visual_l3_slot_branch,0.029185662961114942
vggss,12,rec_img,visual_l4_slot_branch,0.03949917390869658
vggss,12,rec_img,visual_fusion,0.031917015991574316
vggss,12,rec_img,audio_backbone,0.0
vggss,12,rec_img,audio_slot_branch,0.0
vggss,12,rec_img,shared_slots,0.00036305120143502294
vggss,12,rec_img,image_decoder,0.08958762165026563
vggss,12,rec_img,audio_decoder,0.0
vggss,12,rec_aud,visual_backbone,0.0
vggss,12,rec_aud,visual_l3_slot_branch,0.0
vggss,12,rec_aud,visual_l4_slot_branch,0.0
vggss,12,rec_aud,visual_fusion,0.0
vggss,12,rec_aud,audio_backbone,0.22574222944427433
vggss,12,rec_aud,audio_slot_branch,0.02646212528093195
vggss,12,rec_aud,shared_slots,0.0001833031424536941
vggss,12,rec_aud,image_decoder,0.0
vggss,12,rec_aud,audio_decoder,0.03718336056801972
vggss,12,div_img,visual_backbone,0.012495193528711937
vggss,12,div_img,visual_l3_slot_branch,0.0326659803636109
vggss,12,div_img,visual_l4_slot_branch,0.02657754598905786
vggss,12,div_img,visual_fusion,0.01976849170168487
vggss,12,div_img,audio_backbone,0.0
vggss,12,div_img,audio_slot_branch,0.0
vggss,12,div_img,shared_slots,0.0004504900440420895
vggss,12,div_img,image_decoder,0.0
vggss,12,div_img,audio_decoder,0.0
vggss,12,div_aud,visual_backbone,0.0
vggss,12,div_aud,visual_l3_slot_branch,0.0
vggss,12,div_aud,visual_l4_slot_branch,0.0
vggss,12,div_aud,visual_fusion,0.0
vggss,12,div_aud,audio_backbone,0.26063623333977703
vggss,12,div_aud,audio_slot_branch,0.11302861325046377
vggss,12,div_aud,shared_slots,0.0012176616413836737
vggss,12,div_aud,image_decoder,0.0
vggss,12,div_aud,audio_decoder,0.0
vggss,12,att_space,visual_backbone,0.09920047077986072
vggss,12,att_space,visual_l3_slot_branch,0.0
vggss,12,att_space,visual_l4_slot_branch,0.014451906505683433
vggss,12,att_space,visual_fusion,0.0
vggss,12,att_space,audio_backbone,0.5221049806408044
vggss,12,att_space,audio_slot_branch,0.04310536117383279
vggss,12,att_space,shared_slots,0.0004288624737015479
vggss,12,att_space,image_decoder,0.0
vggss,12,att_space,audio_decoder,0.0
vggss,12,att_time,visual_backbone,0.053538862166246315
vggss,12,att_time,visual_l3_slot_branch,0.0
vggss,12,att_time,visual_l4_slot_branch,0.08474536259891162
vggss,12,att_time,visual_fusion,0.0
vggss,12,att_time,audio_backbone,1.2830044837759973
vggss,12,att_time,audio_slot_branch,0.06851714336057091
vggss,12,att_time,shared_slots,0.0009215649380192677
vggss,12,att_time,image_decoder,0.0
vggss,12,att_time,audio_decoder,0.0
vggss,13,info,visual_backbone,8.189907990879108
vggss,13,info,visual_l3_slot_branch,2.2679056434879064
vggss,13,info,visual_l4_slot_branch,4.967603184010293
vggss,13,info,visual_fusion,2.715739211593351
vggss,13,info,audio_backbone,71.66572688763483
vggss,13,info,audio_slot_branch,10.008222448821067
vggss,13,info,shared_slots,0.07921278833714147
vggss,13,info,image_decoder,0.0
vggss,13,info,audio_decoder,0.0
vggss,13,rec_img,visual_backbone,0.01055105983794566
vggss,13,rec_img,visual_l3_slot_branch,0.03190744012294152
vggss,13,rec_img,visual_l4_slot_branch,0.04312000965391985
vggss,13,rec_img,visual_fusion,0.034873629417991193
vggss,13,rec_img,audio_backbone,0.0
vggss,13,rec_img,audio_slot_branch,0.0
vggss,13,rec_img,shared_slots,0.0003991173301847661
vggss,13,rec_img,image_decoder,0.09428548213145153
vggss,13,rec_img,audio_decoder,0.0
vggss,13,rec_aud,visual_backbone,0.0
vggss,13,rec_aud,visual_l3_slot_branch,0.0
vggss,13,rec_aud,visual_l4_slot_branch,0.0
vggss,13,rec_aud,visual_fusion,0.0
vggss,13,rec_aud,audio_backbone,0.2777351236354572
vggss,13,rec_aud,audio_slot_branch,0.020083043776119115
vggss,13,rec_aud,shared_slots,0.00014543950491609635
vggss,13,rec_aud,image_decoder,0.0
vggss,13,rec_aud,audio_decoder,0.01918481540532199
vggss,13,div_img,visual_backbone,0.010384496062582108
vggss,13,div_img,visual_l3_slot_branch,0.03862964502308618
vggss,13,div_img,visual_l4_slot_branch,0.030520247222799887
vggss,13,div_img,visual_fusion,0.02335338431219618
vggss,13,div_img,audio_backbone,0.0
vggss,13,div_img,audio_slot_branch,0.0
vggss,13,div_img,shared_slots,0.0005255549705947121
vggss,13,div_img,image_decoder,0.0
vggss,13,div_img,audio_decoder,0.0
vggss,13,div_aud,visual_backbone,0.0
vggss,13,div_aud,visual_l3_slot_branch,0.0
vggss,13,div_aud,visual_l4_slot_branch,0.0
vggss,13,div_aud,visual_fusion,0.0
vggss,13,div_aud,audio_backbone,0.3174754350761975
vggss,13,div_aud,audio_slot_branch,0.12665922166973365
vggss,13,div_aud,shared_slots,0.0013662913342732238
vggss,13,div_aud,image_decoder,0.0
vggss,13,div_aud,audio_decoder,0.0
vggss,13,att_space,visual_backbone,0.07369933875884138
vggss,13,att_space,visual_l3_slot_branch,0.0
vggss,13,att_space,visual_l4_slot_branch,0.010573547083289394
vggss,13,att_space,visual_fusion,0.0
vggss,13,att_space,audio_backbone,0.47156742446060756
vggss,13,att_space,audio_slot_branch,0.030193499071292033
vggss,13,att_space,shared_slots,0.00029063341879055556
vggss,13,att_space,image_decoder,0.0
vggss,13,att_space,audio_decoder,0.0
vggss,13,att_time,visual_backbone,0.03863019851371941
vggss,13,att_time,visual_l3_slot_branch,0.0
vggss,13,att_time,visual_l4_slot_branch,0.09712901143427692
vggss,13,att_time,visual_fusion,0.0
vggss,13,att_time,audio_backbone,1.0857496440947085
vggss,13,att_time,audio_slot_branch,0.07876147525971813
vggss,13,att_time,shared_slots,0.001051634834661687
vggss,13,att_time,image_decoder,0.0
vggss,13,att_time,audio_decoder,0.0
vggss,14,info,visual_backbone,10.436870707814162
vggss,14,info,visual_l3_slot_branch,2.6321726132215604
vggss,14,info,visual_l4_slot_branch,5.810414212715584
vggss,14,info,visual_fusion,3.082522156156996
vggss,14,info,audio_backbone,68.99515680913946
vggss,14,info,audio_slot_branch,10.465689921906408
vggss,14,info,shared_slots,0.08497550476694544
vggss,14,info,image_decoder,0.0
vggss,14,info,audio_decoder,0.0
vggss,14,rec_img,visual_backbone,0.00853217690463399
vggss,14,rec_img,visual_l3_slot_branch,0.02965711501187683
vggss,14,rec_img,visual_l4_slot_branch,0.03960398497634958
vggss,14,rec_img,visual_fusion,0.03244078887708562
vggss,14,rec_img,audio_backbone,0.0
vggss,14,rec_img,audio_slot_branch,0.0
vggss,14,rec_img,shared_slots,0.00036582728386889404
vggss,14,rec_img,image_decoder,0.08763328180270369
vggss,14,rec_img,audio_decoder,0.0
vggss,14,rec_aud,visual_backbone,0.0
vggss,14,rec_aud,visual_l3_slot_branch,0.0
vggss,14,rec_aud,visual_l4_slot_branch,0.0
vggss,14,rec_aud,visual_fusion,0.0
vggss,14,rec_aud,audio_backbone,0.07071695712244798
vggss,14,rec_aud,audio_slot_branch,0.01653312418508732
vggss,14,rec_aud,shared_slots,0.00011826126510786968
vggss,14,rec_aud,image_decoder,0.0
vggss,14,rec_aud,audio_decoder,0.014587781390644617
vggss,14,div_img,visual_backbone,0.008926664864512376
vggss,14,div_img,visual_l3_slot_branch,0.03411959529107793
vggss,14,div_img,visual_l4_slot_branch,0.028521104243771005
vggss,14,div_img,visual_fusion,0.02089508253367544
vggss,14,div_img,audio_backbone,0.0
vggss,14,div_img,audio_slot_branch,0.0
vggss,14,div_img,shared_slots,0.000481711286910629
vggss,14,div_img,image_decoder,0.0
vggss,14,div_img,audio_decoder,0.0
vggss,14,div_aud,visual_backbone,0.0
vggss,14,div_aud,visual_l3_slot_branch,0.0
vggss,14,div_aud,visual_l4_slot_branch,0.0
vggss,14,div_aud,visual_fusion,0.0
vggss,14,div_aud,audio_backbone,0.27126748000419704
vggss,14,div_aud,audio_slot_branch,0.12321608645831343
vggss,14,div_aud,shared_slots,0.0013382389739764768
vggss,14,div_aud,image_decoder,0.0
vggss,14,div_aud,audio_decoder,0.0
vggss,14,att_space,visual_backbone,0.13315247882963105
vggss,14,att_space,visual_l3_slot_branch,0.0
vggss,14,att_space,visual_l4_slot_branch,0.010560164009631995
vggss,14,att_space,visual_fusion,0.0
vggss,14,att_space,audio_backbone,0.38699114525598094
vggss,14,att_space,audio_slot_branch,0.03162404577657399
vggss,14,att_space,shared_slots,0.00030993634731449045
vggss,14,att_space,image_decoder,0.0
vggss,14,att_space,audio_decoder,0.0
vggss,14,att_time,visual_backbone,0.04925605670987542
vggss,14,att_time,visual_l3_slot_branch,0.0
vggss,14,att_time,visual_l4_slot_branch,0.07068377444698601
vggss,14,att_time,visual_fusion,0.0
vggss,14,att_time,audio_backbone,1.0193045294066634
vggss,14,att_time,audio_slot_branch,0.05693130603201931
vggss,14,att_time,shared_slots,0.0006975189446549235
vggss,14,att_time,image_decoder,0.0
vggss,14,att_time,audio_decoder,0.0
vggss,15,info,visual_backbone,7.547269681178744
vggss,15,info,visual_l3_slot_branch,2.144588244629452
vggss,15,info,visual_l4_slot_branch,4.565159443606182
vggss,15,info,visual_fusion,2.589694004418928
vggss,15,info,audio_backbone,64.08798237987364
vggss,15,info,audio_slot_branch,9.381172336586607
vggss,15,info,shared_slots,0.07000924763489651
vggss,15,info,image_decoder,0.0
vggss,15,info,audio_decoder,0.0
vggss,15,rec_img,visual_backbone,0.009103604424807848
vggss,15,rec_img,visual_l3_slot_branch,0.03522113433554914
vggss,15,rec_img,visual_l4_slot_branch,0.04636121498155096
vggss,15,rec_img,visual_fusion,0.037027079827231746
vggss,15,rec_img,audio_backbone,0.0
vggss,15,rec_img,audio_slot_branch,0.0
vggss,15,rec_img,shared_slots,0.0004399848704635342
vggss,15,rec_img,image_decoder,0.1043639666892413
vggss,15,rec_img,audio_decoder,0.0
vggss,15,rec_aud,visual_backbone,0.0
vggss,15,rec_aud,visual_l3_slot_branch,0.0
vggss,15,rec_aud,visual_l4_slot_branch,0.0
vggss,15,rec_aud,visual_fusion,0.0
vggss,15,rec_aud,audio_backbone,0.11759621373858035
vggss,15,rec_aud,audio_slot_branch,0.019918072704814112
vggss,15,rec_aud,shared_slots,0.00014362021768296482
vggss,15,rec_aud,image_decoder,0.0
vggss,15,rec_aud,audio_decoder,0.017487244056286794
vggss,15,div_img,visual_backbone,0.010505710388792442
vggss,15,div_img,visual_l3_slot_branch,0.037990279997665424
vggss,15,div_img,visual_l4_slot_branch,0.032113776678157895
vggss,15,div_img,visual_fusion,0.023925612242865664
vggss,15,div_img,audio_backbone,0.0
vggss,15,div_img,audio_slot_branch,0.0
vggss,15,div_img,shared_slots,0.0005309643849976307
vggss,15,div_img,image_decoder,0.0
vggss,15,div_img,audio_decoder,0.0
vggss,15,div_aud,visual_backbone,0.0
vggss,15,div_aud,visual_l3_slot_branch,0.0
vggss,15,div_aud,visual_l4_slot_branch,0.0
vggss,15,div_aud,visual_fusion,0.0
vggss,15,div_aud,audio_backbone,0.23442149047258157
vggss,15,div_aud,audio_slot_branch,0.08984704697967683
vggss,15,div_aud,shared_slots,0.0009712936309594041
vggss,15,div_aud,image_decoder,0.0
vggss,15,div_aud,audio_decoder,0.0
vggss,15,att_space,visual_backbone,0.09761965437518522
vggss,15,att_space,visual_l3_slot_branch,0.0
vggss,15,att_space,visual_l4_slot_branch,0.011314238838200414
vggss,15,att_space,visual_fusion,0.0
vggss,15,att_space,audio_backbone,0.374144775695528
vggss,15,att_space,audio_slot_branch,0.031023122756476444
vggss,15,att_space,shared_slots,0.00029625461338590487
vggss,15,att_space,image_decoder,0.0
vggss,15,att_space,audio_decoder,0.0
vggss,15,att_time,visual_backbone,0.038306106347242845
vggss,15,att_time,visual_l3_slot_branch,0.0
vggss,15,att_time,visual_l4_slot_branch,0.08770966187466325
vggss,15,att_time,visual_fusion,0.0
vggss,15,att_time,audio_backbone,1.174267006735404
vggss,15,att_time,audio_slot_branch,0.07039005779018213
vggss,15,att_time,shared_slots,0.0009201459403218258
vggss,15,att_time,image_decoder,0.0
vggss,15,att_time,audio_decoder,0.0
vggss,16,info,visual_backbone,9.034331366098455
vggss,16,info,visual_l3_slot_branch,2.635602001913706
vggss,16,info,visual_l4_slot_branch,5.9045839765730985
vggss,16,info,visual_fusion,3.148812529612003
vggss,16,info,audio_backbone,74.13868291136939
vggss,16,info,audio_slot_branch,9.508260071889119
vggss,16,info,shared_slots,0.0775633367522115
vggss,16,info,image_decoder,0.0
vggss,16,info,audio_decoder,0.0
vggss,16,rec_img,visual_backbone,0.013483141881609255
vggss,16,rec_img,visual_l3_slot_branch,0.03309876608178613
vggss,16,rec_img,visual_l4_slot_branch,0.043520793791891235
vggss,16,rec_img,visual_fusion,0.035168166115519844
vggss,16,rec_img,audio_backbone,0.0
vggss,16,rec_img,audio_slot_branch,0.0
vggss,16,rec_img,shared_slots,0.00039900540575420255
vggss,16,rec_img,image_decoder,0.09843593196631621
vggss,16,rec_img,audio_decoder,0.0
vggss,16,rec_aud,visual_backbone,0.0
vggss,16,rec_aud,visual_l3_slot_branch,0.0
vggss,16,rec_aud,visual_l4_slot_branch,0.0
vggss,16,rec_aud,visual_fusion,0.0
vggss,16,rec_aud,audio_backbone,0.09612367326479697
vggss,16,rec_aud,audio_slot_branch,0.02203346645976707
vggss,16,rec_aud,shared_slots,0.00015699880425427206
vggss,16,rec_aud,image_decoder,0.0
vggss,16,rec_aud,audio_decoder,0.027898570830814852
vggss,16,div_img,visual_backbone,0.009719456452578464
vggss,16,div_img,visual_l3_slot_branch,0.03691274738765287
vggss,16,div_img,visual_l4_slot_branch,0.03135596360378084
vggss,16,div_img,visual_fusion,0.022989532416544087
vggss,16,div_img,audio_backbone,0.0
vggss,16,div_img,audio_slot_branch,0.0
vggss,16,div_img,shared_slots,0.0005133098023073593
vggss,16,div_img,image_decoder,0.0
vggss,16,div_img,audio_decoder,0.0
vggss,16,div_aud,visual_backbone,0.0
vggss,16,div_aud,visual_l3_slot_branch,0.0
vggss,16,div_aud,visual_l4_slot_branch,0.0
vggss,16,div_aud,visual_fusion,0.0
vggss,16,div_aud,audio_backbone,0.20969968723174479
vggss,16,div_aud,audio_slot_branch,0.11421133164453386
vggss,16,div_aud,shared_slots,0.0012320476702812572
vggss,16,div_aud,image_decoder,0.0
vggss,16,div_aud,audio_decoder,0.0
vggss,16,att_space,visual_backbone,0.12090557206039378
vggss,16,att_space,visual_l3_slot_branch,0.0
vggss,16,att_space,visual_l4_slot_branch,0.013000348950492423
vggss,16,att_space,visual_fusion,0.0
vggss,16,att_space,audio_backbone,0.14258278235287217
vggss,16,att_space,audio_slot_branch,0.03486828653250979
vggss,16,att_space,shared_slots,0.0003260021425818553
vggss,16,att_space,image_decoder,0.0
vggss,16,att_space,audio_decoder,0.0
vggss,16,att_time,visual_backbone,0.04358839872277254
vggss,16,att_time,visual_l3_slot_branch,0.0
vggss,16,att_time,visual_l4_slot_branch,0.10513680814839019
vggss,16,att_time,visual_fusion,0.0
vggss,16,att_time,audio_backbone,1.301518958576867
vggss,16,att_time,audio_slot_branch,0.0879028946289345
vggss,16,att_time,shared_slots,0.0011235479201715762
vggss,16,att_time,image_decoder,0.0
vggss,16,att_time,audio_decoder,0.0
vggss,17,info,visual_backbone,9.887763275996095
vggss,17,info,visual_l3_slot_branch,2.750011383588161
vggss,17,info,visual_l4_slot_branch,6.016640153472156
vggss,17,info,visual_fusion,3.0688565881518723
vggss,17,info,audio_backbone,70.1632866528506
vggss,17,info,audio_slot_branch,11.22694932215327
vggss,17,info,shared_slots,0.09134535433102284
vggss,17,info,image_decoder,0.0
vggss,17,info,audio_decoder,0.0
vggss,17,rec_img,visual_backbone,0.013289265464529913
vggss,17,rec_img,visual_l3_slot_branch,0.03161443806539637
vggss,17,rec_img,visual_l4_slot_branch,0.04189714390899653
vggss,17,rec_img,visual_fusion,0.03361351048977307
vggss,17,rec_img,audio_backbone,0.0
vggss,17,rec_img,audio_slot_branch,0.0
vggss,17,rec_img,shared_slots,0.00038552335846441167
vggss,17,rec_img,image_decoder,0.09451749512256635
vggss,17,rec_img,audio_decoder,0.0
vggss,17,rec_aud,visual_backbone,0.0
vggss,17,rec_aud,visual_l3_slot_branch,0.0
vggss,17,rec_aud,visual_l4_slot_branch,0.0
vggss,17,rec_aud,visual_fusion,0.0
vggss,17,rec_aud,audio_backbone,0.08948820760895959
vggss,17,rec_aud,audio_slot_branch,0.014587976527269203
vggss,17,rec_aud,shared_slots,0.0001046581671162999
vggss,17,rec_aud,image_decoder,0.0
vggss,17,rec_aud,audio_decoder,0.014315624446796467
vggss,17,div_img,visual_backbone,0.012757613730468792
vggss,17,div_img,visual_l3_slot_branch,0.03148863276964666
vggss,17,div_img,visual_l4_slot_branch,0.025274460765506025
vggss,17,div_img,visual_fusion,0.0201198138535281
vggss,17,div_img,audio_backbone,0.0
vggss,17,div_img,audio_slot_branch,0.0
vggss,17,div_img,shared_slots,0.00042439488201372934
vggss,17,div_img,image_decoder,0.0
vggss,17,div_img,audio_decoder,0.0
vggss,17,div_aud,visual_backbone,0.0
vggss,17,div_aud,visual_l3_slot_branch,0.0
vggss,17,div_aud,visual_l4_slot_branch,0.0
vggss,17,div_aud,visual_fusion,0.0
vggss,17,div_aud,audio_backbone,0.2589392009718565
vggss,17,div_aud,audio_slot_branch,0.12962860234176918
vggss,17,div_aud,shared_slots,0.0014306458574579297
vggss,17,div_aud,image_decoder,0.0
vggss,17,div_aud,audio_decoder,0.0
vggss,17,att_space,visual_backbone,0.17053050340917922
vggss,17,att_space,visual_l3_slot_branch,0.0
vggss,17,att_space,visual_l4_slot_branch,0.012117146722654399
vggss,17,att_space,visual_fusion,0.0
vggss,17,att_space,audio_backbone,0.18336890894779878
vggss,17,att_space,audio_slot_branch,0.037047195637083606
vggss,17,att_space,shared_slots,0.00038314641057603515
vggss,17,att_space,image_decoder,0.0
vggss,17,att_space,audio_decoder,0.0
vggss,17,att_time,visual_backbone,0.13699115940683043
vggss,17,att_time,visual_l3_slot_branch,0.0
vggss,17,att_time,visual_l4_slot_branch,0.14095093631472666
vggss,17,att_time,visual_fusion,0.0
vggss,17,att_time,audio_backbone,1.2884692902450148
vggss,17,att_time,audio_slot_branch,0.1142511779155949
vggss,17,att_time,shared_slots,0.0014401919842904258
vggss,17,att_time,image_decoder,0.0
vggss,17,att_time,audio_decoder,0.0
vggss,18,info,visual_backbone,7.0438316547971
vggss,18,info,visual_l3_slot_branch,1.9076594034535732
vggss,18,info,visual_l4_slot_branch,4.03589531080378
vggss,18,info,visual_fusion,2.1835093584284326
vggss,18,info,audio_backbone,43.458608540188834
vggss,18,info,audio_slot_branch,8.943089270255218
vggss,18,info,shared_slots,0.07055252515698394
vggss,18,info,image_decoder,0.0
vggss,18,info,audio_decoder,0.0
vggss,18,rec_img,visual_backbone,0.008293765996953717
vggss,18,rec_img,visual_l3_slot_branch,0.029512166457234545
vggss,18,rec_img,visual_l4_slot_branch,0.03945917341690146
vggss,18,rec_img,visual_fusion,0.032065624164967
vggss,18,rec_img,audio_backbone,0.0
vggss,18,rec_img,audio_slot_branch,0.0
vggss,18,rec_img,shared_slots,0.00036216861232882426
vggss,18,rec_img,image_decoder,0.08740189485250441
vggss,18,rec_img,audio_decoder,0.0
vggss,18,rec_aud,visual_backbone,0.0
vggss,18,rec_aud,visual_l3_slot_branch,0.0
vggss,18,rec_aud,visual_l4_slot_branch,0.0
vggss,18,rec_aud,visual_fusion,0.0
vggss,18,rec_aud,audio_backbone,0.15631945199134162
vggss,18,rec_aud,audio_slot_branch,0.019613495394734882
vggss,18,rec_aud,shared_slots,0.0001366171087167226
vggss,18,rec_aud,image_decoder,0.0
vggss,18,rec_aud,audio_decoder,0.01712016649331693
vggss,18,div_img,visual_backbone,0.008735829454285115
vggss,18,div_img,visual_l3_slot_branch,0.026218906759322216
vggss,18,div_img,visual_l4_slot_branch,0.022595796278358126
vggss,18,div_img,visual_fusion,0.016423119643271613
vggss,18,div_img,audio_backbone,0.0
vggss,18,div_img,audio_slot_branch,0.0
vggss,18,div_img,shared_slots,0.0003629395684669458
vggss,18,div_img,image_decoder,0.0
vggss,18,div_img,audio_decoder,0.0
vggss,18,div_aud,visual_backbone,0.0
vggss,18,div_aud,visual_l3_slot_branch,0.0
vggss,18,div_aud,visual_l4_slot_branch,0.0
vggss,18,div_aud,visual_fusion,0.0
vggss,18,div_aud,audio_backbone,0.26553995909570727
vggss,18,div_aud,audio_slot_branch,0.13546490540276848
vggss,18,div_aud,shared_slots,0.0014571872738528687
vggss,18,div_aud,image_decoder,0.0
vggss,18,div_aud,audio_decoder,0.0
vggss,18,att_space,visual_backbone,0.15031294860091426
vggss,18,att_space,visual_l3_slot_branch,0.0
vggss,18,att_space,visual_l4_slot_branch,0.013724591679607328
vggss,18,att_space,visual_fusion,0.0
vggss,18,att_space,audio_backbone,0.22403124590159873
vggss,18,att_space,audio_slot_branch,0.04044995147910585
vggss,18,att_space,shared_slots,0.00040712215839040924
vggss,18,att_space,image_decoder,0.0
vggss,18,att_space,audio_decoder,0.0
vggss,18,att_time,visual_backbone,0.053336846712613
vggss,18,att_time,visual_l3_slot_branch,0.0
vggss,18,att_time,visual_l4_slot_branch,0.0784450938894969
vggss,18,att_time,visual_fusion,0.0
vggss,18,att_time,audio_backbone,1.2104979208628566
vggss,18,att_time,audio_slot_branch,0.06640436940026227
vggss,18,att_time,shared_slots,0.0007629915982403623
vggss,18,att_time,image_decoder,0.0
vggss,18,att_time,audio_decoder,0.0
vggss,19,info,visual_backbone,7.064340098347354
vggss,19,info,visual_l3_slot_branch,2.1177931270967374
vggss,19,info,visual_l4_slot_branch,4.522666093622119
vggss,19,info,visual_fusion,2.5796893727187737
vggss,19,info,audio_backbone,56.57928085081463
vggss,19,info,audio_slot_branch,9.137843790345388
vggss,19,info,shared_slots,0.06579998286000285
vggss,19,info,image_decoder,0.0
vggss,19,info,audio_decoder,0.0
vggss,19,rec_img,visual_backbone,0.012058741025191423
vggss,19,rec_img,visual_l3_slot_branch,0.02936531582088448
vggss,19,rec_img,visual_l4_slot_branch,0.03864381047255239
vggss,19,rec_img,visual_fusion,0.031068902492975024
vggss,19,rec_img,audio_backbone,0.0
vggss,19,rec_img,audio_slot_branch,0.0
vggss,19,rec_img,shared_slots,0.000363972336025511
vggss,19,rec_img,image_decoder,0.08765359548524337
vggss,19,rec_img,audio_decoder,0.0
vggss,19,rec_aud,visual_backbone,0.0
vggss,19,rec_aud,visual_l3_slot_branch,0.0
vggss,19,rec_aud,visual_l4_slot_branch,0.0
vggss,19,rec_aud,visual_fusion,0.0
vggss,19,rec_aud,audio_backbone,0.0966494802506481
vggss,19,rec_aud,audio_slot_branch,0.02071928784736581
vggss,19,rec_aud,shared_slots,0.00014499211876849893
vggss,19,rec_aud,image_decoder,0.0
vggss,19,rec_aud,audio_decoder,0.02207027092795928
vggss,19,div_img,visual_backbone,0.011359608685144523
vggss,19,div_img,visual_l3_slot_branch,0.03628653681357101
vggss,19,div_img,visual_l4_slot_branch,0.028946168805450423
vggss,19,div_img,visual_fusion,0.0221368284975348
vggss,19,div_img,audio_backbone,0.0
vggss,19,div_img,audio_slot_branch,0.0
vggss,19,div_img,shared_slots,0.0004949531803096258
vggss,19,div_img,image_decoder,0.0
vggss,19,div_img,audio_decoder,0.0
vggss,19,div_aud,visual_backbone,0.0
vggss,19,div_aud,visual_l3_slot_branch,0.0
vggss,19,div_aud,visual_l4_slot_branch,0.0
vggss,19,div_aud,visual_fusion,0.0
vggss,19,div_aud,audio_backbone,0.1733232020535184
vggss,19,div_aud,audio_slot_branch,0.0822225673006356
vggss,19,div_aud,shared_slots,0.0008977467045512105
vggss,19,div_aud,image_decoder,0.0
vggss,19,div_aud,audio_decoder,0.0
vggss,19,att_space,visual_backbone,0.11208881554625506
vggss,19,att_space,visual_l3_slot_branch,0.0
vggss,19,att_space,visual_l4_slot_branch,0.011680188874052932
vggss,19,att_space,visual_fusion,0.0
vggss,19,att_space,audio_backbone,0.16925164815686985
vggss,19,att_space,audio_slot_branch,0.03324241121169621
vggss,19,att_space,shared_slots,0.000320458552646867
vggss,19,att_space,image_decoder,0.0
vggss,19,att_space,audio_decoder,0.0
vggss,19,att_time,visual_backbone,0.0580248779452232
vggss,19,att_time,visual_l3_slot_branch,0.0
vggss,19,att_time,visual_l4_slot_branch,0.08413460255002018
vggss,19,att_time,visual_fusion,0.0
vggss,19,att_time,audio_backbone,1.016470472134335
vggss,19,att_time,audio_slot_branch,0.06972372954596356
vggss,19,att_time,shared_slots,0.0008271048342023822
vggss,19,att_time,image_decoder,0.0
vggss,19,att_time,audio_decoder,0.0
flickr,0,info,visual_backbone,6.324755892154035
flickr,0,info,visual_l3_slot_branch,1.3308849898498494
flickr,0,info,visual_l4_slot_branch,2.508605965467241
flickr,0,info,visual_fusion,1.268350001943147
flickr,0,info,audio_backbone,31.154828936297445
flickr,0,info,audio_slot_branch,6.270152197973831
flickr,0,info,shared_slots,0.04732992181214728
flickr,0,info,image_decoder,0.0
flickr,0,info,audio_decoder,0.0
flickr,0,rec_img,visual_backbone,0.02051647207535772
flickr,0,rec_img,visual_l3_slot_branch,0.01526814723997661
flickr,0,rec_img,visual_l4_slot_branch,0.020468716521211853
flickr,0,rec_img,visual_fusion,0.016210383478151402
flickr,0,rec_img,audio_backbone,0.0
flickr,0,rec_img,audio_slot_branch,0.0
flickr,0,rec_img,shared_slots,0.00017669322181113485
flickr,0,rec_img,image_decoder,0.04741795897390188
flickr,0,rec_img,audio_decoder,0.0
flickr,0,rec_aud,visual_backbone,0.0
flickr,0,rec_aud,visual_l3_slot_branch,0.0
flickr,0,rec_aud,visual_l4_slot_branch,0.0
flickr,0,rec_aud,visual_fusion,0.0
flickr,0,rec_aud,audio_backbone,0.07758100403605529
flickr,0,rec_aud,audio_slot_branch,0.024647788745850045
flickr,0,rec_aud,shared_slots,0.00015144592501839237
flickr,0,rec_aud,image_decoder,0.0
flickr,0,rec_aud,audio_decoder,0.024952050329793855
flickr,0,div_img,visual_backbone,0.0026624398083462462
flickr,0,div_img,visual_l3_slot_branch,0.008569232370281569
flickr,0,div_img,visual_l4_slot_branch,0.0065190278926735
flickr,0,div_img,visual_fusion,0.0076699097259374325
flickr,0,div_img,audio_backbone,0.0
flickr,0,div_img,audio_slot_branch,0.0
flickr,0,div_img,shared_slots,9.634070323205964e-05
flickr,0,div_img,image_decoder,0.0
flickr,0,div_img,audio_decoder,0.0
flickr,0,div_aud,visual_backbone,0.0
flickr,0,div_aud,visual_l3_slot_branch,0.0
flickr,0,div_aud,visual_l4_slot_branch,0.0
flickr,0,div_aud,visual_fusion,0.0
flickr,0,div_aud,audio_backbone,0.09952858491817457
flickr,0,div_aud,audio_slot_branch,0.021853046505587188
flickr,0,div_aud,shared_slots,0.00017516949335855453
flickr,0,div_aud,image_decoder,0.0
flickr,0,div_aud,audio_decoder,0.0
flickr,0,att_space,visual_backbone,0.14094076587367227
flickr,0,att_space,visual_l3_slot_branch,0.0
flickr,0,att_space,visual_l4_slot_branch,0.006660540084202685
flickr,0,att_space,visual_fusion,0.0
flickr,0,att_space,audio_backbone,0.09041614653742501
flickr,0,att_space,audio_slot_branch,0.013483498555575535
flickr,0,att_space,shared_slots,0.00010345631753561478
flickr,0,att_space,image_decoder,0.0
flickr,0,att_space,audio_decoder,0.0
flickr,0,att_time,visual_backbone,0.010197104440728426
flickr,0,att_time,visual_l3_slot_branch,0.0
flickr,0,att_time,visual_l4_slot_branch,0.02592589735791007
flickr,0,att_time,visual_fusion,0.0
flickr,0,att_time,audio_backbone,0.6838946910613483
flickr,0,att_time,audio_slot_branch,0.020176246289352658
flickr,0,att_time,shared_slots,0.00018417835386295148
flickr,0,att_time,image_decoder,0.0
flickr,0,att_time,audio_decoder,0.0
flickr,1,info,visual_backbone,4.590338499947142
flickr,1,info,visual_l3_slot_branch,1.1361587314685389
flickr,1,info,visual_l4_slot_branch,2.009990105747759
flickr,1,info,visual_fusion,1.0998479318000725
flickr,1,info,audio_backbone,39.566723542835334
flickr,1,info,audio_slot_branch,7.472424849677843
flickr,1,info,shared_slots,0.06434639859877114
flickr,1,info,image_decoder,0.0
flickr,1,info,audio_decoder,0.0
flickr,1,rec_img,visual_backbone,0.012113437460457217
flickr,1,rec_img,visual_l3_slot_branch,0.01331939457920951
flickr,1,rec_img,visual_l4_slot_branch,0.017510214915431928
flickr,1,rec_img,visual_fusion,0.014387669721351658
flickr,1,rec_img,audio_backbone,0.0
flickr,1,rec_img,audio_slot_branch,0.0
flickr,1,rec_img,shared_slots,0.00014878817734622894
flickr,1,rec_img,image_decoder,0.04284207893101468
flickr,1,rec_img,audio_decoder,0.0
flickr,1,rec_aud,visual_backbone,0.0
flickr,1,rec_aud,visual_l3_slot_branch,0.0
flickr,1,rec_aud,visual_l4_slot_branch,0.0
flickr,1,rec_aud,visual_fusion,0.0
flickr,1,rec_aud,audio_backbone,0.06896389471828951
flickr,1,rec_aud,audio_slot_branch,0.02340982329920577
flickr,1,rec_aud,shared_slots,0.00014974764497880424
flickr,1,rec_aud,image_decoder,0.0
flickr,1,rec_aud,audio_decoder,0.018461770141839556
flickr,1,div_img,visual_backbone,0.000984753108434114
flickr,1,div_img,visual_l3_slot_branch,0.0026905390071439842
flickr,1,div_img,visual_l4_slot_branch,0.0021305546976153173
flickr,1,div_img,visual_fusion,0.002657536600892299
flickr,1,div_img,audio_backbone,0.0
flickr,1,div_img,audio_slot_branch,0.0
flickr,1,div_img,shared_slots,2.954966015476165e-05
flickr,1,div_img,image_decoder,0.0
flickr,1,div_img,audio_decoder,0.0
flickr,1,div_aud,visual_backbone,0.0
flickr,1,div_aud,visual_l3_slot_branch,0.0
flickr,1,div_aud,visual_l4_slot_branch,0.0
flickr,1,div_aud,visual_fusion,0.0
flickr,1,div_aud,audio_backbone,0.07492712923549441
flickr,1,div_aud,audio_slot_branch,0.018603320603321604
flickr,1,div_aud,shared_slots,0.00015790896736301316
flickr,1,div_aud,image_decoder,0.0
flickr,1,div_aud,audio_decoder,0.0
flickr,1,att_space,visual_backbone,0.11211771472353095
flickr,1,att_space,visual_l3_slot_branch,0.0
flickr,1,att_space,visual_l4_slot_branch,0.006047369842319512
flickr,1,att_space,visual_fusion,0.0
flickr,1,att_space,audio_backbone,0.10459437246772722
flickr,1,att_space,audio_slot_branch,0.011775603310598712
flickr,1,att_space,shared_slots,8.948468337656889e-05
flickr,1,att_space,image_decoder,0.0
flickr,1,att_space,audio_decoder,0.0
flickr,1,att_time,visual_backbone,0.0027177050917286763
flickr,1,att_time,visual_l3_slot_branch,0.0
flickr,1,att_time,visual_l4_slot_branch,0.01549564108094853
flickr,1,att_time,visual_fusion,0.0
flickr,1,att_time,audio_backbone,0.9517442206750015
flickr,1,att_time,audio_slot_branch,0.012801016489793959
flickr,1,att_time,shared_slots,0.00010622037703410382
flickr,1,att_time,image_decoder,0.0
flickr,1,att_time,audio_decoder,0.0
flickr,2,info,visual_backbone,7.352875482735235
flickr,2,info,visual_l3_slot_branch,2.0500941374509742
flickr,2,info,visual_l4_slot_branch,3.7010087316161178
flickr,2,info,visual_fusion,1.9287321823495245
flickr,2,info,audio_backbone,55.719135203521944
flickr,2,info,audio_slot_branch,10.056402012351208
flickr,2,info,shared_slots,0.07700533171708164
flickr,2,info,image_decoder,0.0
flickr,2,info,audio_decoder,0.0
flickr,2,rec_img,visual_backbone,0.009729781012330196
flickr,2,rec_img,visual_l3_slot_branch,0.016020491386739902
flickr,2,rec_img,visual_l4_slot_branch,0.02052005879339345
flickr,2,rec_img,visual_fusion,0.017093340348908588
flickr,2,rec_img,audio_backbone,0.0
flickr,2,rec_img,audio_slot_branch,0.0
flickr,2,rec_img,shared_slots,0.00017924932283873196
flickr,2,rec_img,image_decoder,0.04776494013012292
flickr,2,rec_img,audio_decoder,0.0
flickr,2,rec_aud,visual_backbone,0.0
flickr,2,rec_aud,visual_l3_slot_branch,0.0
flickr,2,rec_aud,visual_l4_slot_branch,0.0
flickr,2,rec_aud,visual_fusion,0.0
flickr,2,rec_aud,audio_backbone,0.040257819515922985
flickr,2,rec_aud,audio_slot_branch,0.024041606224235134
flickr,2,rec_aud,shared_slots,0.00015156474437732673
flickr,2,rec_aud,image_decoder,0.0
flickr,2,rec_aud,audio_decoder,0.0189103744046413
flickr,2,div_img,visual_backbone,0.0005376309262391788
flickr,2,div_img,visual_l3_slot_branch,0.003284420718826158
flickr,2,div_img,visual_l4_slot_branch,0.0026477548957667156
flickr,2,div_img,visual_fusion,0.0036058915183037592
flickr,2,div_img,audio_backbone,0.0
flickr,2,div_img,audio_slot_branch,0.0
flickr,2,div_img,shared_slots,3.457768139434461e-05
flickr,2,div_img,image_decoder,0.0
flickr,2,div_img,audio_decoder,0.0
flickr,2,div_aud,visual_backbone,0.0
flickr,2,div_aud,visual_l3_slot_branch,0.0
flickr,2,div_aud,visual_l4_slot_branch,0.0
flickr,2,div_aud,visual_fusion,0.0
flickr,2,div_aud,audio_backbone,0.07063390095197196
flickr,2,div_aud,audio_slot_branch,0.01041436499303596
flickr,2,div_aud,shared_slots,8.874188101706874e-05
flickr,2,div_aud,image_decoder,0.0
flickr,2,div_aud,audio_decoder,0.0
flickr,2,att_space,visual_backbone,0.11411346100323692
flickr,2,att_space,visual_l3_slot_branch,0.0
flickr,2,att_space,visual_l4_slot_branch,0.00787062291027965
flickr,2,att_space,visual_fusion,0.0
flickr,2,att_space,audio_backbone,0.11163002576574027
flickr,2,att_space,audio_slot_branch,0.01471636423905024
flickr,2,att_space,shared_slots,0.00010677816978359651
flickr,2,att_space,image_decoder,0.0
flickr,2,att_space,audio_decoder,0.0
flickr,2,att_time,visual_backbone,0.0025219573844512803
flickr,2,att_time,visual_l3_slot_branch,0.0
flickr,2,att_time,visual_l4_slot_branch,0.01776488906674611
flickr,2,att_time,visual_fusion,0.0
flickr,2,att_time,audio_backbone,0.5726428428348774
flickr,2,att_time,audio_slot_branch,0.014725665940439059
flickr,2,att_time,shared_slots,0.00011954329310520252
flickr,2,att_time,image_decoder,0.0
flickr,2,att_time,audio_decoder,0.0
flickr,3,info,visual_backbone,8.546499362048047
flickr,3,info,visual_l3_slot_branch,2.249615907676029
flickr,3,info,visual_l4_slot_branch,3.996289170980139
flickr,3,info,visual_fusion,2.2072759382941114
flickr,3,info,audio_backbone,74.81113402652214
flickr,3,info,audio_slot_branch,14.503464932002618
flickr,3,info,shared_slots,0.1099711822669737
flickr,3,info,image_decoder,0.0
flickr,3,info,audio_decoder,0.0
flickr,3,rec_img,visual_backbone,0.0076982269145501455
flickr,3,rec_img,visual_l3_slot_branch,0.014325612877317132
flickr,3,rec_img,visual_l4_slot_branch,0.01895551191643836
flickr,3,rec_img,visual_fusion,0.015094095570011954
flickr,3,rec_img,audio_backbone,0.0
flickr,3,rec_img,audio_slot_branch,0.0
flickr,3,rec_img,shared_slots,0.00015977624569473903
flickr,3,rec_img,image_decoder,0.044583154899682786
flickr,3,rec_img,audio_decoder,0.0
flickr,3,rec_aud,visual_backbone,0.0
flickr,3,rec_aud,visual_l3_slot_branch,0.0
flickr,3,rec_aud,visual_l4_slot_branch,0.0
flickr,3,rec_aud,visual_fusion,0.0
flickr,3,rec_aud,audio_backbone,0.046064673296549806
flickr,3,rec_aud,audio_slot_branch,0.024654464307907714
flickr,3,rec_aud,shared_slots,0.00015904350314467706
flickr,3,rec_aud,image_decoder,0.0
flickr,3,rec_aud,audio_decoder,0.020015770768521016
flickr,3,div_img,visual_backbone,0.0008892715399215803
flickr,3,div_img,visual_l3_slot_branch,0.0024586841602277456
flickr,3,div_img,visual_l4_slot_branch,0.002009888506702463
flickr,3,div_img,visual_fusion,0.0025430474549921244
flickr,3,div_img,audio_backbone,0.0
flickr,3,div_img,audio_slot_branch,0.0
flickr,3,div_img,shared_slots,2.5345243544289647e-05
flickr,3,div_img,image_decoder,0.0
flickr,3,div_img,audio_decoder,0.0
flickr,3,div_aud,visual_backbone,0.0
flickr,3,div_aud,visual_l3_slot_branch,0.0
flickr,3,div_aud,visual_l4_slot_branch,0.0
flickr,3,div_aud,visual_fusion,0.0
flickr,3,div_aud,audio_backbone,0.07267067672229528
flickr,3,div_aud,audio_slot_branch,0.016715599663824385
flickr,3,div_aud,shared_slots,0.0001347035411725855
flickr,3,div_aud,image_decoder,0.0
flickr,3,div_aud,audio_decoder,0.0
flickr,3,att_space,visual_backbone,0.11235895771172094
flickr,3,att_space,visual_l3_slot_branch,0.0
flickr,3,att_space,visual_l4_slot_branch,0.005592308638841989
flickr,3,att_space,visual_fusion,0.0
flickr,3,att_space,audio_backbone,0.09503523106817811
flickr,3,att_space,audio_slot_branch,0.010849192250274827
flickr,3,att_space,shared_slots,8.648903486071218e-05
flickr,3,att_space,image_decoder,0.0
flickr,3,att_space,audio_decoder,0.0
flickr,3,att_time,visual_backbone,0.007203709810952802
flickr,3,att_time,visual_l3_slot_branch,0.0
flickr,3,att_time,visual_l4_slot_branch,0.02417243065821369
flickr,3,att_time,visual_fusion,0.0
flickr,3,att_time,audio_backbone,0.6457558682076752
flickr,3,att_time,audio_slot_branch,0.019108575781098293
flickr,3,att_time,shared_slots,0.0001683933774916184
flickr,3,att_time,image_decoder,0.0
flickr,3,att_time,audio_decoder,0.0
flickr,4,info,visual_backbone,7.043433282546032
flickr,4,info,visual_l3_slot_branch,2.0015167812343218
flickr,4,info,visual_l4_slot_branch,3.6682733092007465
flickr,4,info,visual_fusion,2.1135414971611164
flickr,4,info,audio_backbone,57.7721440564275
flickr,4,info,audio_slot_branch,10.178673004355266
flickr,4,info,shared_slots,0.08076943637409155
flickr,4,info,image_decoder,0.0
flickr,4,info,audio_decoder,0.0
flickr,4,rec_img,visual_backbone,0.009631737889014896
flickr,4,rec_img,visual_l3_slot_branch,0.015564935773811612
flickr,4,rec_img,visual_l4_slot_branch,0.020048051777957706
flickr,4,rec_img,visual_fusion,0.01599893326327594
flickr,4,rec_img,audio_backbone,0.0
flickr,4,rec_img,audio_slot_branch,0.0
flickr,4,rec_img,shared_slots,0.0001811965809775536
flickr,4,rec_img,image_decoder,0.04822078281773553
flickr,4,rec_img,audio_decoder,0.0
flickr,4,rec_aud,visual_backbone,0.0
flickr,4,rec_aud,visual_l3_slot_branch,0.0
flickr,4,rec_aud,visual_l4_slot_branch,0.0
flickr,4,rec_aud,visual_fusion,0.0
flickr,4,rec_aud,audio_backbone,0.06249267841689831
flickr,4,rec_aud,audio_slot_branch,0.024614900777860556
flickr,4,rec_aud,shared_slots,0.00016318144844077546
flickr,4,rec_aud,image_decoder,0.0
flickr,4,rec_aud,audio_decoder,0.01920914812986725
flickr,4,div_img,visual_backbone,0.0020556897676567787
flickr,4,div_img,visual_l3_slot_branch,0.0037532657351222014
flickr,4,div_img,visual_l4_slot_branch,0.0027801778567722694
flickr,4,div_img,visual_fusion,0.0033947216900150306
flickr,4,div_img,audio_backbone,0.0
flickr,4,div_img,audio_slot_branch,0.0
flickr,4,div_img,shared_slots,4.154208565216795e-05
flickr,4,div_img,image_decoder,0.0
flickr,4,div_img,audio_decoder,0.0
flickr,4,div_aud,visual_backbone,0.0
flickr,4,div_aud,visual_l3_slot_branch,0.0
flickr,4,div_aud,visual_l4_slot_branch,0.0
flickr,4,div_aud,visual_fusion,0.0
flickr,4,div_aud,audio_backbone,0.06738133215239855
flickr,4,div_aud,audio_slot_branch,0.018982316349967582
flickr,4,div_aud,shared_slots,0.00016510446911204693
flickr,4,div_aud,image_decoder,0.0
flickr,4,div_aud,audio_decoder,0.0
flickr,4,att_space,visual_backbone,0.09328923209556662
flickr,4,att_space,visual_l3_slot_branch,0.0
flickr,4,att_space,visual_l4_slot_branch,0.007160313693266045
flickr,4,att_space,visual_fusion,0.0
flickr,4,att_space,audio_backbone,0.1095446384833576
flickr,4,att_space,audio_slot_branch,0.013060169675226501
flickr,4,att_space,shared_slots,9.236800211678531e-05
flickr,4,att_space,image_decoder,0.0
flickr,4,att_space,audio_decoder,0.0
flickr,4,att_time,visual_backbone,0.00668093380633415
flickr,4,att_time,visual_l3_slot_branch,0.0
flickr,4,att_time,visual_l4_slot_branch,0.02436131890417159
flickr,4,att_time,visual_fusion,0.0
flickr,4,att_time,audio_backbone,0.46736070413570374
flickr,4,att_time,audio_slot_branch,0.019332128937737704
flickr,4,att_time,shared_slots,0.00016475069102292196
flickr,4,att_time,image_decoder,0.0
flickr,4,att_time,audio_decoder,0.0
flickr,5,info,visual_backbone,7.45367308283243
flickr,5,info,visual_l3_slot_branch,1.779371885847955
flickr,5,info,visual_l4_slot_branch,3.542006081624911
flickr,5,info,visual_fusion,1.9577364778752853
flickr,5,info,audio_backbone,55.278840379818455
flickr,5,info,audio_slot_branch,11.458740954416008
flickr,5,info,shared_slots,0.0889818618751502
flickr,5,info,image_decoder,0.0
flickr,5,info,audio_decoder,0.0
flickr,5,rec_img,visual_backbone,0.011350333530061851
flickr,5,rec_img,visual_l3_slot_branch,0.01603767225401364
flickr,5,rec_img,visual_l4_slot_branch,0.020629755441312743
flickr,5,rec_img,visual_fusion,0.015851338050972223
flickr,5,rec_img,audio_backbone,0.0
flickr,5,rec_img,audio_slot_branch,0.0
flickr,5,rec_img,shared_slots,0.00018479548995331056
flickr,5,rec_img,image_decoder,0.05055224303834435
flickr,5,rec_img,audio_decoder,0.0
flickr,5,rec_aud,visual_backbone,0.0
flickr,5,rec_aud,visual_l3_slot_branch,0.0
flickr,5,rec_aud,visual_l4_slot_branch,0.0
flickr,5,rec_aud,visual_fusion,0.0
flickr,5,rec_aud,audio_backbone,0.08301395789298983
flickr,5,rec_aud,audio_slot_branch,0.026428451339291063
flickr,5,rec_aud,shared_slots,0.0001766207809801388
flickr,5,rec_aud,image_decoder,0.0
flickr,5,rec_aud,audio_decoder,0.019941383931625475
flickr,5,div_img,visual_backbone,0.0009343158547834169
flickr,5,div_img,visual_l3_slot_branch,0.0036878575677979737
flickr,5,div_img,visual_l4_slot_branch,0.0032244963442803545
flickr,5,div_img,visual_fusion,0.0038628942058868618
flickr,5,div_img,audio_backbone,0.0
flickr,5,div_img,audio_slot_branch,0.0
flickr,5,div_img,shared_slots,4.236020374502657e-05
flickr,5,div_img,image_decoder,0.0
flickr,5,div_img,audio_decoder,0.0
flickr,5,div_aud,visual_backbone,0.0
flickr,5,div_aud,visual_l3_slot_branch,0.0
flickr,5,div_aud,visual_l4_slot_branch,0.0
flickr,5,div_aud,visual_fusion,0.0
flickr,5,div_aud,audio_backbone,0.1022720449186278
flickr,5,div_aud,audio_slot_branch,0.020815831518959767
flickr,5,div_aud,shared_slots,0.00018421623020452128
flickr,5,div_aud,image_decoder,0.0
flickr,5,div_aud,audio_decoder,0.0
flickr,5,att_space,visual_backbone,0.1301380521113878
flickr,5,att_space,visual_l3_slot_branch,0.0
flickr,5,att_space,visual_l4_slot_branch,0.006626109248099188
flickr,5,att_space,visual_fusion,0.0
flickr,5,att_space,audio_backbone,0.09786655299832778
flickr,5,att_space,audio_slot_branch,0.01309634589550626
flickr,5,att_space,shared_slots,0.00014470212274170962
flickr,5,att_space,image_decoder,0.0
flickr,5,att_space,audio_decoder,0.0
flickr,5,att_time,visual_backbone,0.008101092766841298
flickr,5,att_time,visual_l3_slot_branch,0.0
flickr,5,att_time,visual_l4_slot_branch,0.027026421436120232
flickr,5,att_time,visual_fusion,0.0
flickr,5,att_time,audio_backbone,0.905683295899985
flickr,5,att_time,audio_slot_branch,0.021497719647582708
flickr,5,att_time,shared_slots,0.00018611968951803994
flickr,5,att_time,image_decoder,0.0
flickr,5,att_time,audio_decoder,0.0
flickr,6,info,visual_backbone,9.537158249444516
flickr,6,info,visual_l3_slot_branch,1.865193048804675
flickr,6,info,visual_l4_slot_branch,3.9215240747478797
flickr,6,info,visual_fusion,2.0929108973727435
flickr,6,info,audio_backbone,59.67905769876933
flickr,6,info,audio_slot_branch,8.15698916380004
flickr,6,info,shared_slots,0.06284502675782311
flickr,6,info,image_decoder,0.0
flickr,6,info,audio_decoder,0.0
flickr,6,rec_img,visual_backbone,0.009114270354535738
flickr,6,rec_img,visual_l3_slot_branch,0.015200409261955353
flickr,6,rec_img,visual_l4_slot_branch,0.020014258630951864
flickr,6,rec_img,visual_fusion,0.015950904539954368
flickr,6,rec_img,audio_backbone,0.0
flickr,6,rec_img,audio_slot_branch,0.0
flickr,6,rec_img,shared_slots,0.00017804151837625147
flickr,6,rec_img,image_decoder,0.049483802846980826
flickr,6,rec_img,audio_decoder,0.0
flickr,6,rec_aud,visual_backbone,0.0
flickr,6,rec_aud,visual_l3_slot_branch,0.0
flickr,6,rec_aud,visual_l4_slot_branch,0.0
flickr,6,rec_aud,visual_fusion,0.0
flickr,6,rec_aud,audio_backbone,0.09023598647970239
flickr,6,rec_aud,audio_slot_branch,0.02616425928377448
flickr,6,rec_aud,shared_slots,0.0001523654232070577
flickr,6,rec_aud,image_decoder,0.0
flickr,6,rec_aud,audio_decoder,0.023728108321953847
flickr,6,div_img,visual_backbone,0.0015488870777440084
flickr,6,div_img,visual_l3_slot_branch,0.0037714409156663713
flickr,6,div_img,visual_l4_slot_branch,0.002723411820473509
flickr,6,div_img,visual_fusion,0.0036014808877813985
flickr,6,div_img,audio_backbone,0.0
flickr,6,div_img,audio_slot_branch,0.0
flickr,6,div_img,shared_slots,4.18528179924032e-05
flickr,6,div_img,image_decoder,0.0
flickr,6,div_img,audio_decoder,0.0
flickr,6,div_aud,visual_backbone,0.0
flickr,6,div_aud,visual_l3_slot_branch,0.0
flickr,6,div_aud,visual_l4_slot_branch,0.0
flickr,6,div_aud,visual_fusion,0.0
flickr,6,div_aud,audio_backbone,0.12039258256283365
flickr,6,div_aud,audio_slot_branch,0.026170168267954014
flickr,6,div_aud,shared_slots,0.0002185111011794923
flickr,6,div_aud,image_decoder,0.0
flickr,6,div_aud,audio_decoder,0.0
flickr,6,att_space,visual_backbone,0.06093855702727553
flickr,6,att_space,visual_l3_slot_branch,0.0
flickr,6,att_space,visual_l4_slot_branch,0.006277133577200722
flickr,6,att_space,visual_fusion,0.0
flickr,6,att_space,audio_backbone,0.07137799493105265
flickr,6,att_space,audio_slot_branch,0.011458078544400918
flickr,6,att_space,shared_slots,8.590806816830259e-05
flickr,6,att_space,image_decoder,0.0
flickr,6,att_space,audio_decoder,0.0
flickr,6,att_time,visual_backbone,0.008028715389053696
flickr,6,att_time,visual_l3_slot_branch,0.0
flickr,6,att_time,visual_l4_slot_branch,0.0265480347143006
flickr,6,att_time,visual_fusion,0.0
flickr,6,att_time,audio_backbone,1.0260451951981977
flickr,6,att_time,audio_slot_branch,0.021229645466780606
flickr,6,att_time,shared_slots,0.000188712681490996
flickr,6,att_time,image_decoder,0.0
flickr,6,att_time,audio_decoder,0.0
flickr,7,info,visual_backbone,6.499451757929223
flickr,7,info,visual_l3_slot_branch,1.8987043044475695
flickr,7,info,visual_l4_slot_branch,3.4689226155807495
flickr,7,info,visual_fusion,1.776236940907372
flickr,7,info,audio_backbone,50.22794297286786
flickr,7,info,audio_slot_branch,10.946024298960063
flickr,7,info,shared_slots,0.08212959901411618
flickr,7,info,image_decoder,0.0
flickr,7,info,audio_decoder,0.0
flickr,7,rec_img,visual_backbone,0.011225407346003151
flickr,7,rec_img,visual_l3_slot_branch,0.013419772002875459
flickr,7,rec_img,visual_l4_slot_branch,0.01786125458262718
flickr,7,rec_img,visual_fusion,0.014319772617543962
flickr,7,rec_img,audio_backbone,0.0
flickr,7,rec_img,audio_slot_branch,0.0
flickr,7,rec_img,shared_slots,0.00015470849142567214
flickr,7,rec_img,image_decoder,0.04356147221913625
flickr,7,rec_img,audio_decoder,0.0
flickr,7,rec_aud,visual_backbone,0.0
flickr,7,rec_aud,visual_l3_slot_branch,0.0
flickr,7,rec_aud,visual_l4_slot_branch,0.0
flickr,7,rec_aud,visual_fusion,0.0
flickr,7,rec_aud,audio_backbone,0.09541115566308452
flickr,7,rec_aud,audio_slot_branch,0.02780527710369223
flickr,7,rec_aud,shared_slots,0.0001814811290049104
flickr,7,rec_aud,image_decoder,0.0
flickr,7,rec_aud,audio_decoder,0.019628373169314043
flickr,7,div_img,visual_backbone,0.0006924206629343365
flickr,7,div_img,visual_l3_slot_branch,0.0027859144147261298
flickr,7,div_img,visual_l4_slot_branch,0.002208951123993374
flickr,7,div_img,visual_fusion,0.0026250902932726636
flickr,7,div_img,audio_backbone,0.0
flickr,7,div_img,audio_slot_branch,0.0
flickr,7,div_img,shared_slots,3.0939346690193816e-05
flickr,7,div_img,image_decoder,0.0
flickr,7,div_img,audio_decoder,0.0
flickr,7,div_aud,visual_backbone,0.0
flickr,7,div_aud,visual_l3_slot_branch,0.0
flickr,7,div_aud,visual_l4_slot_branch,0.0
flickr,7,div_aud,visual_fusion,0.0
flickr,7,div_aud,audio_backbone,0.057374129606359923
flickr,7,div_aud,audio_slot_branch,0.013998100930096348
flickr,7,div_aud,shared_slots,0.00011618313034876567
flickr,7,div_aud,image_decoder,0.0
flickr,7,div_aud,audio_decoder,0.0
flickr,7,att_space,visual_backbone,0.10835228456575771
flickr,7,att_space,visual_l3_slot_branch,0.0
flickr,7,att_space,visual_l4_slot_branch,0.005776885942121552
flickr,7,att_space,visual_fusion,0.0
flickr,7,att_space,audio_backbone,0.06838901148697565
flickr,7,att_space,audio_slot_branch,0.011113269267919305
flickr,7,att_space,shared_slots,7.28277766668964e-05
flickr,7,att_space,image_decoder,0.0
flickr,7,att_space,audio_decoder,0.0
flickr,7,att_time,visual_backbone,0.0038757860005214535
flickr,7,att_time,visual_l3_slot_branch,0.0
flickr,7,att_time,visual_l4_slot_branch,0.014119667411263914
flickr,7,att_time,visual_fusion,0.0
flickr,7,att_time,audio_backbone,0.392725858962657
flickr,7,att_time,audio_slot_branch,0.011950040170611211
flickr,7,att_time,shared_slots,9.395223824269472e-05
flickr,7,att_time,image_decoder,0.0
flickr,7,att_time,audio_decoder,0.0
flickr,8,info,visual_backbone,6.144789250146893
flickr,8,info,visual_l3_slot_branch,1.3970043304959012
flickr,8,info,visual_l4_slot_branch,3.0211018837039143
flickr,8,info,visual_fusion,1.5256985196109467
flickr,8,info,audio_backbone,48.511385463026166
flickr,8,info,audio_slot_branch,8.07100019174792
flickr,8,info,shared_slots,0.06854495679809593
flickr,8,info,image_decoder,0.0
flickr,8,info,audio_decoder,0.0
flickr,8,rec_img,visual_backbone,0.012975969064050982
flickr,8,rec_img,visual_l3_slot_branch,0.015056793266045193
flickr,8,rec_img,visual_l4_slot_branch,0.020332447244552708
flickr,8,rec_img,visual_fusion,0.01577628631994539
flickr,8,rec_img,audio_backbone,0.0
flickr,8,rec_img,audio_slot_branch,0.0
flickr,8,rec_img,shared_slots,0.000178834963595105
flickr,8,rec_img,image_decoder,0.043931648864804114
flickr,8,rec_img,audio_decoder,0.0
flickr,8,rec_aud,visual_backbone,0.0
flickr,8,rec_aud,visual_l3_slot_branch,0.0
flickr,8,rec_aud,visual_l4_slot_branch,0.0
flickr,8,rec_aud,visual_fusion,0.0
flickr,8,rec_aud,audio_backbone,0.060796875243419896
flickr,8,rec_aud,audio_slot_branch,0.02463457736598773
flickr,8,rec_aud,shared_slots,0.00015298707348128878
flickr,8,rec_aud,image_decoder,0.0
flickr,8,rec_aud,audio_decoder,0.024470909024161366
flickr,8,div_img,visual_backbone,0.002249631756591237
flickr,8,div_img,visual_l3_slot_branch,0.0074129997466211095
flickr,8,div_img,visual_l4_slot_branch,0.006188879524642556
flickr,8,div_img,visual_fusion,0.00735335533692388
flickr,8,div_img,audio_backbone,0.0
flickr,8,div_img,audio_slot_branch,0.0
flickr,8,div_img,shared_slots,9.103572933952855e-05
flickr,8,div_img,image_decoder,0.0
flickr,8,div_img,audio_decoder,0.0
flickr,8,div_aud,visual_backbone,0.0
flickr,8,div_aud,visual_l3_slot_branch,0.0
flickr,8,div_aud,visual_l4_slot_branch,0.0
flickr,8,div_aud,visual_fusion,0.0
flickr,8,div_aud,audio_backbone,0.06617422587127327
flickr,8,div_aud,audio_slot_branch,0.015655375352911182
flickr,8,div_aud,shared_slots,0.00013468949547104127
flickr,8,div_aud,image_decoder,0.0
flickr,8,div_aud,audio_decoder,0.0
flickr,8,att_space,visual_backbone,0.0953523048638752
flickr,8,att_space,visual_l3_slot_branch,0.0
flickr,8,att_space,visual_l4_slot_branch,0.005906150154458774
flickr,8,att_space,visual_fusion,0.0
flickr,8,att_space,audio_backbone,0.06198705914783157
flickr,8,att_space,audio_slot_branch,0.01120622157612401
flickr,8,att_space,shared_slots,7.480070251833807e-05
flickr,8,att_space,image_decoder,0.0
flickr,8,att_space,audio_decoder,0.0
flickr,8,att_time,visual_backbone,0.002946679129810757
flickr,8,att_time,visual_l3_slot_branch,0.0
flickr,8,att_time,visual_l4_slot_branch,0.013809829532080506
flickr,8,att_time,visual_fusion,0.0
flickr,8,att_time,audio_backbone,0.33341152056619133
flickr,8,att_time,audio_slot_branch,0.011091308087902225
flickr,8,att_time,shared_slots,0.00010145438938012681
flickr,8,att_time,image_decoder,0.0
flickr,8,att_time,audio_decoder,0.0
flickr,9,info,visual_backbone,4.399290473510042
flickr,9,info,visual_l3_slot_branch,1.2453272961932254
flickr,9,info,visual_l4_slot_branch,2.2503988265027033
flickr,9,info,visual_fusion,1.1223409897274959
flickr,9,info,audio_backbone,39.293227430065585
flickr,9,info,audio_slot_branch,6.940738275903485
flickr,9,info,shared_slots,0.05081075226472176
flickr,9,info,image_decoder,0.0
flickr,9,info,audio_decoder,0.0
flickr,9,rec_img,visual_backbone,0.016187577725956585
flickr,9,rec_img,visual_l3_slot_branch,0.016716472338258324
flickr,9,rec_img,visual_l4_slot_branch,0.021703352214426166
flickr,9,rec_img,visual_fusion,0.016965565509931814
flickr,9,rec_img,audio_backbone,0.0
flickr,9,rec_img,audio_slot_branch,0.0
flickr,9,rec_img,shared_slots,0.00019253007016628782
flickr,9,rec_img,image_decoder,0.0476130047518603
flickr,9,rec_img,audio_decoder,0.0
flickr,9,rec_aud,visual_backbone,0.0
flickr,9,rec_aud,visual_l3_slot_branch,0.0
flickr,9,rec_aud,visual_l4_slot_branch,0.0
flickr,9,rec_aud,visual_fusion,0.0
flickr,9,rec_aud,audio_backbone,0.06951621419676784
flickr,9,rec_aud,audio_slot_branch,0.0217472049444291
flickr,9,rec_aud,shared_slots,0.00013920558923965308
flickr,9,rec_aud,image_decoder,0.0
flickr,9,rec_aud,audio_decoder,0.01964764724465096
flickr,9,div_img,visual_backbone,0.001290067372189405
flickr,9,div_img,visual_l3_slot_branch,0.0027641921995581026
flickr,9,div_img,visual_l4_slot_branch,0.002505058671014399
flickr,9,div_img,visual_fusion,0.002560322459670916
flickr,9,div_img,audio_backbone,0.0
flickr,9,div_img,audio_slot_branch,0.0
flickr,9,div_img,shared_slots,3.334522308044196e-05
flickr,9,div_img,image_decoder,0.0
flickr,9,div_img,audio_decoder,0.0
flickr,9,div_aud,visual_backbone,0.0
flickr,9,div_aud,visual_l3_slot_branch,0.0
flickr,9,div_aud,visual_l4_slot_branch,0.0
flickr,9,div_aud,visual_fusion,0.0
flickr,9,div_aud,audio_backbone,0.06945177885084637
flickr,9,div_aud,audio_slot_branch,0.01668072130220008
flickr,9,div_aud,shared_slots,0.0001495042851629266
flickr,9,div_aud,image_decoder,0.0
flickr,9,div_aud,audio_decoder,0.0
flickr,9,att_space,visual_backbone,0.11945708866743471
flickr,9,att_space,visual_l3_slot_branch,0.0
flickr,9,att_space,visual_l4_slot_branch,0.005514184971890535
flickr,9,att_space,visual_fusion,0.0
flickr,9,att_space,audio_backbone,0.07131409826593392
flickr,9,att_space,audio_slot_branch,0.010759347498410527
flickr,9,att_space,shared_slots,7.565990994509367e-05
flickr,9,att_space,image_decoder,0.0
flickr,9,att_space,audio_decoder,0.0
flickr,9,att_time,visual_backbone,0.004168657234081176
flickr,9,att_time,visual_l3_slot_branch,0.0
flickr,9,att_time,visual_l4_slot_branch,0.016254003991907188
flickr,9,att_time,visual_fusion,0.0
flickr,9,att_time,audio_backbone,0.4781139446536222
flickr,9,att_time,audio_slot_branch,0.01287692996035027
flickr,9,att_time,shared_slots,0.00010563360453189288
flickr,9,att_time,image_decoder,0.0
flickr,9,att_time,audio_decoder,0.0
flickr,10,info,visual_backbone,7.141283469152873
flickr,10,info,visual_l3_slot_branch,1.94387199129664
flickr,10,info,visual_l4_slot_branch,3.4353305857359215
flickr,10,info,visual_fusion,1.6886001462260192
flickr,10,info,audio_backbone,45.638451731035744
flickr,10,info,audio_slot_branch,11.338598746986811
flickr,10,info,shared_slots,0.09419761562881884
flickr,10,info,image_decoder,0.0
flickr,10,info,audio_decoder,0.0
flickr,10,rec_img,visual_backbone,0.00988132658580967
flickr,10,rec_img,visual_l3_slot_branch,0.013706854285792642
flickr,10,rec_img,visual_l4_slot_branch,0.01828713705993037
flickr,10,rec_img,visual_fusion,0.014571150307732986
flickr,10,rec_img,audio_backbone,0.0
flickr,10,rec_img,audio_slot_branch,0.0
flickr,10,rec_img,shared_slots,0.00016441850779095826
flickr,10,rec_img,image_decoder,0.041273654606221184
flickr,10,rec_img,audio_decoder,0.0
flickr,10,rec_aud,visual_backbone,0.0
flickr,10,rec_aud,visual_l3_slot_branch,0.0
flickr,10,rec_aud,visual_l4_slot_branch,0.0
flickr,10,rec_aud,visual_fusion,0.0
flickr,10,rec_aud,audio_backbone,0.07273792400213852
flickr,10,rec_aud,audio_slot_branch,0.022483951518191127
flickr,10,rec_aud,shared_slots,0.00014648568577684744
flickr,10,rec_aud,image_decoder,0.0
flickr,10,rec_aud,audio_decoder,0.019640122629144365
flickr,10,div_img,visual_backbone,0.0008872824634391903
flickr,10,div_img,visual_l3_slot_branch,0.0033892222183573967
flickr,10,div_img,visual_l4_slot_branch,0.002882928179210424
flickr,10,div_img,visual_fusion,0.0039513317408685225
flickr,10,div_img,audio_backbone,0.0
flickr,10,div_img,audio_slot_branch,0.0
flickr,10,div_img,shared_slots,3.938860752798084e-05
flickr,10,div_img,image_decoder,0.0
flickr,10,div_img,audio_decoder,0.0
flickr,10,div_aud,visual_backbone,0.0
flickr,10,div_aud,visual_l3_slot_branch,0.0
flickr,10,div_aud,visual_l4_slot_branch,0.0
flickr,10,div_aud,visual_fusion,0.0
flickr,10,div_aud,audio_backbone,0.0865321510978961
flickr,10,div_aud,audio_slot_branch,0.02250835063429688
flickr,10,div_aud,shared_slots,0.00020224651309526506
flickr,10,div_aud,image_decoder,0.0
flickr,10,div_aud,audio_decoder,0.0
flickr,10,att_space,visual_backbone,0.09383445814231936
flickr,10,att_space,visual_l3_slot_branch,0.0
flickr,10,att_space,visual_l4_slot_branch,0.005694848975061304
flickr,10,att_space,visual_fusion,0.0
flickr,10,att_space,audio_backbone,0.3648720346551768
flickr,10,att_space,audio_slot_branch,0.011321742202220774
flickr,10,att_space,shared_slots,8.531251373693786e-05
flickr,10,att_space,image_decoder,0.0
flickr,10,att_space,audio_decoder,0.0
flickr,10,att_time,visual_backbone,0.011667222617181233
flickr,10,att_time,visual_l3_slot_branch,0.0
flickr,10,att_time,visual_l4_slot_branch,0.029468744290337523
flickr,10,att_time,visual_fusion,0.0
flickr,10,att_time,audio_backbone,0.8200642893909457
flickr,10,att_time,audio_slot_branch,0.022892254134652186
flickr,10,att_time,shared_slots,0.00020781154975888408
flickr,10,att_time,image_decoder,0.0
flickr,10,att_time,audio_decoder,0.0
flickr,11,info,visual_backbone,11.681410817026627
flickr,11,info,visual_l3_slot_branch,3.0196716501218206
flickr,11,info,visual_l4_slot_branch,5.352507205362022
flickr,11,info,visual_fusion,2.6752010022609976
flickr,11,info,audio_backbone,83.85633019511604
flickr,11,info,audio_slot_branch,19.879647058134463
flickr,11,info,shared_slots,0.15389936558974515
flickr,11,info,image_decoder,0.0
flickr,11,info,audio_decoder,0.0
flickr,11,rec_img,visual_backbone,0.008245118707347043
flickr,11,rec_img,visual_l3_slot_branch,0.01512427008310099
flickr,11,rec_img,visual_l4_slot_branch,0.01987277622975238
flickr,11,rec_img,visual_fusion,0.015187745049236265
flickr,11,rec_img,audio_backbone,0.0
flickr,11,rec_img,audio_slot_branch,0.0
flickr,11,rec_img,shared_slots,0.00017306567599828567
flickr,11,rec_img,image_decoder,0.04582060813019063
flickr,11,rec_img,audio_decoder,0.0
flickr,11,rec_aud,visual_backbone,0.0
flickr,11,rec_aud,visual_l3_slot_branch,0.0
flickr,11,rec_aud,visual_l4_slot_branch,0.0
flickr,11,rec_aud,visual_fusion,0.0
flickr,11,rec_aud,audio_backbone,0.058476798622159064
flickr,11,rec_aud,audio_slot_branch,0.025433009131033073
flickr,11,rec_aud,shared_slots,0.00015223064272381503
flickr,11,rec_aud,image_decoder,0.0
flickr,11,rec_aud,audio_decoder,0.030486210595968437
flickr,11,div_img,visual_backbone,0.0007036850025963844
flickr,11,div_img,visual_l3_slot_branch,0.0018771033512390515
flickr,11,div_img,visual_l4_slot_branch,0.00149823893400602
flickr,11,div_img,visual_fusion,0.002047786178343124
flickr,11,div_img,audio_backbone,0.0
flickr,11,div_img,audio_slot_branch,0.0
flickr,11,div_img,shared_slots,2.0182840359669592e-05
flickr,11,div_img,image_decoder,0.0
flickr,11,div_img,audio_decoder,0.0
flickr,11,div_aud,visual_backbone,0.0
flickr,11,div_aud,visual_l3_slot_branch,0.0
flickr,11,div_aud,visual_l4_slot_branch,0.0
flickr,11,div_aud,visual_fusion,0.0
flickr,11,div_aud,audio_backbone,0.06593869428005915
flickr,11,div_aud,audio_slot_branch,0.01607898810198663
flickr,11,div_aud,shared_slots,0.00014897279779275429
flickr,11,div_aud,image_decoder,0.0
flickr,11,div_aud,audio_decoder,0.0
flickr,11,att_space,visual_backbone,0.0912365196421831
flickr,11,att_space,visual_l3_slot_branch,0.0
flickr,11,att_space,visual_l4_slot_branch,0.006964886905447707
flickr,11,att_space,visual_fusion,0.0
flickr,11,att_space,audio_backbone,0.09432676543879215
flickr,11,att_space,audio_slot_branch,0.014084685604464613
flickr,11,att_space,shared_slots,0.00015458676691851913
flickr,11,att_space,image_decoder,0.0
flickr,11,att_space,audio_decoder,0.0
flickr,11,att_time,visual_backbone,0.007229567526953127
flickr,11,att_time,visual_l3_slot_branch,0.0
flickr,11,att_time,visual_l4_slot_branch,0.011255126409972737
flickr,11,att_time,visual_fusion,0.0
flickr,11,att_time,audio_backbone,0.4272330240906847
flickr,11,att_time,audio_slot_branch,0.009240047255659653
flickr,11,att_time,shared_slots,7.956550940463886e-05
flickr,11,att_time,image_decoder,0.0
flickr,11,att_time,audio_decoder,0.0
flickr,12,info,visual_backbone,11.055628894155747
flickr,12,info,visual_l3_slot_branch,3.520467934408385
flickr,12,info,visual_l4_slot_branch,6.386307869792894
flickr,12,info,visual_fusion,3.2132720106378336
flickr,12,info,audio_backbone,107.19707864786054
flickr,12,info,audio_slot_branch,21.343087549591207
flickr,12,info,shared_slots,0.1753742746243345
flickr,12,info,image_decoder,0.0
flickr,12,info,audio_decoder,0.0
flickr,12,rec_img,visual_backbone,0.009633503033132382
flickr,12,rec_img,visual_l3_slot_branch,0.01613396687908047
flickr,12,rec_img,visual_l4_slot_branch,0.020692542583137612
flickr,12,rec_img,visual_fusion,0.01574206181617647
flickr,12,rec_img,audio_backbone,0.0
flickr,12,rec_img,audio_slot_branch,0.0
flickr,12,rec_img,shared_slots,0.00019512381385355072
flickr,12,rec_img,image_decoder,0.04644389463796817
flickr,12,rec_img,audio_decoder,0.0
flickr,12,rec_aud,visual_backbone,0.0
flickr,12,rec_aud,visual_l3_slot_branch,0.0
flickr,12,rec_aud,visual_l4_slot_branch,0.0
flickr,12,rec_aud,visual_fusion,0.0
flickr,12,rec_aud,audio_backbone,0.0378803276052685
flickr,12,rec_aud,audio_slot_branch,0.026909157146054102
flickr,12,rec_aud,shared_slots,0.0001562590854262073
flickr,12,rec_aud,image_decoder,0.0
flickr,12,rec_aud,audio_decoder,0.03334218736647343
flickr,12,div_img,visual_backbone,0.00024680554957617597
flickr,12,div_img,visual_l3_slot_branch,0.0022034178388050498
flickr,12,div_img,visual_l4_slot_branch,0.0018265576699176757
flickr,12,div_img,visual_fusion,0.002555358479229733
flickr,12,div_img,audio_backbone,0.0
flickr,12,div_img,audio_slot_branch,0.0
flickr,12,div_img,shared_slots,2.3767907971725002e-05
flickr,12,div_img,image_decoder,0.0
flickr,12,div_img,audio_decoder,0.0
flickr,12,div_aud,visual_backbone,0.0
flickr,12,div_aud,visual_l3_slot_branch,0.0
flickr,12,div_aud,visual_l4_slot_branch,0.0
flickr,12,div_aud,visual_fusion,0.0
flickr,12,div_aud,audio_backbone,0.04016673662632827
flickr,12,div_aud,audio_slot_branch,0.009319598965649064
flickr,12,div_aud,shared_slots,7.580138915789656e-05
flickr,12,div_aud,image_decoder,0.0
flickr,12,div_aud,audio_decoder,0.0
flickr,12,att_space,visual_backbone,0.10959856676369875
flickr,12,att_space,visual_l3_slot_branch,0.0
flickr,12,att_space,visual_l4_slot_branch,0.005931943816944934
flickr,12,att_space,visual_fusion,0.0
flickr,12,att_space,audio_backbone,0.08403622925487914
flickr,12,att_space,audio_slot_branch,0.011788611088181937
flickr,12,att_space,shared_slots,8.966038482221499e-05
flickr,12,att_space,image_decoder,0.0
flickr,12,att_space,audio_decoder,0.0
flickr,12,att_time,visual_backbone,0.0016175683308152558
flickr,12,att_time,visual_l3_slot_branch,0.0
flickr,12,att_time,visual_l4_slot_branch,0.011381113820830225
flickr,12,att_time,visual_fusion,0.0
flickr,12,att_time,audio_backbone,0.2998201335113607
flickr,12,att_time,audio_slot_branch,0.009522026693764741
flickr,12,att_time,shared_slots,8.330987915779012e-05
flickr,12,att_time,image_decoder,0.0
flickr,12,att_time,audio_decoder,0.0
flickr,13,info,visual_backbone,9.277690759920041
flickr,13,info,visual_l3_slot_branch,2.6277591667843634
flickr,13,info,visual_l4_slot_branch,4.458009638756891
flickr,13,info,visual_fusion,2.338733011430727
flickr,13,info,audio_backbone,86.22898613949066
flickr,13,info,audio_slot_branch,17.14554248220709
flickr,13,info,shared_slots,0.1381694485479548
flickr,13,info,image_decoder,0.0
flickr,13,info,audio_decoder,0.0
flickr,13,rec_img,visual_backbone,0.014598606111677506
flickr,13,rec_img,visual_l3_slot_branch,0.014354659268718989
flickr,13,rec_img,visual_l4_slot_branch,0.019512529042237887
flickr,13,rec_img,visual_fusion,0.01601984089562779
flickr,13,rec_img,audio_backbone,0.0
flickr,13,rec_img,audio_slot_branch,0.0
flickr,13,rec_img,shared_slots,0.0001622948449888265
flickr,13,rec_img,image_decoder,0.042176801994821524
flickr,13,rec_img,audio_decoder,0.0
flickr,13,rec_aud,visual_backbone,0.0
flickr,13,rec_aud,visual_l3_slot_branch,0.0
flickr,13,rec_aud,visual_l4_slot_branch,0.0
flickr,13,rec_aud,visual_fusion,0.0
flickr,13,rec_aud,audio_backbone,0.19913633095059588
flickr,13,rec_aud,audio_slot_branch,0.025709019488506474
flickr,13,rec_aud,shared_slots,0.0001490684508907583
flickr,13,rec_aud,image_decoder,0.0
flickr,13,rec_aud,audio_decoder,0.033395709964329626
flickr,13,div_img,visual_backbone,0.0005630261224659845
flickr,13,div_img,visual_l3_slot_branch,0.002814791759097127
flickr,13,div_img,visual_l4_slot_branch,0.0022252171085626105
flickr,13,div_img,visual_fusion,0.003014555766609584
flickr,13,div_img,audio_backbone,0.0
flickr,13,div_img,audio_slot_branch,0.0
flickr,13,div_img,shared_slots,2.9063850658959874e-05
flickr,13,div_img,image_decoder,0.0
flickr,13,div_img,audio_decoder,0.0
flickr,13,div_aud,visual_backbone,0.0
flickr,13,div_aud,visual_l3_slot_branch,0.0
flickr,13,div_aud,visual_l4_slot_branch,0.0
flickr,13,div_aud,visual_fusion,0.0
flickr,13,div_aud,audio_backbone,0.04446270659412264
flickr,13,div_aud,audio_slot_branch,0.008795335995559893
flickr,13,div_aud,shared_slots,6.95002560670075e-05
flickr,13,div_aud,image_decoder,0.0
flickr,13,div_aud,audio_decoder,0.0
flickr,13,att_space,visual_backbone,0.1439507471083554
flickr,13,att_space,visual_l3_slot_branch,0.0
flickr,13,att_space,visual_l4_slot_branch,0.005890044573858887
flickr,13,att_space,visual_fusion,0.0
flickr,13,att_space,audio_backbone,0.30770237363152175
flickr,13,att_space,audio_slot_branch,0.012902007374196157
flickr,13,att_space,shared_slots,9.193506483916769e-05
flickr,13,att_space,image_decoder,0.0
flickr,13,att_space,audio_decoder,0.0
flickr,13,att_time,visual_backbone,0.00740409600389918
flickr,13,att_time,visual_l3_slot_branch,0.0
flickr,13,att_time,visual_l4_slot_branch,0.01289265946986186
flickr,13,att_time,visual_fusion,0.0
flickr,13,att_time,audio_backbone,0.6534409071167198
flickr,13,att_time,audio_slot_branch,0.010700631906905162
flickr,13,att_time,shared_slots,9.195488076668733e-05
flickr,13,att_time,image_decoder,0.0
flickr,13,att_time,audio_decoder,0.0
flickr,14,info,visual_backbone,10.856292117863399
flickr,14,info,visual_l3_slot_branch,2.733939592178648
flickr,14,info,visual_l4_slot_branch,4.899828287073516
flickr,14,info,visual_fusion,2.433868662092158
flickr,14,info,audio_backbone,83.51146756885761
flickr,14,info,audio_slot_branch,14.930777214337004
flickr,14,info,shared_slots,0.12418765932938694
flickr,14,info,image_decoder,0.0
flickr,14,info,audio_decoder,0.0
flickr,14,rec_img,visual_backbone,0.010423144482714369
flickr,14,rec_img,visual_l3_slot_branch,0.01253080558199375
flickr,14,rec_img,visual_l4_slot_branch,0.017344737559127254
flickr,14,rec_img,visual_fusion,0.013274600722409656
flickr,14,rec_img,audio_backbone,0.0
flickr,14,rec_img,audio_slot_branch,0.0
flickr,14,rec_img,shared_slots,0.0001368830562406704
flickr,14,rec_img,image_decoder,0.04093898037882191
flickr,14,rec_img,audio_decoder,0.0
flickr,14,rec_aud,visual_backbone,0.0
flickr,14,rec_aud,visual_l3_slot_branch,0.0
flickr,14,rec_aud,visual_l4_slot_branch,0.0
flickr,14,rec_aud,visual_fusion,0.0
flickr,14,rec_aud,audio_backbone,0.149791143100535
flickr,14,rec_aud,audio_slot_branch,0.02733490989811407
flickr,14,rec_aud,shared_slots,0.00015513400648187195
flickr,14,rec_aud,image_decoder,0.0
flickr,14,rec_aud,audio_decoder,0.03982767741543942
flickr,14,div_img,visual_backbone,0.00026037179357816034
flickr,14,div_img,visual_l3_slot_branch,0.001978538111937163
flickr,14,div_img,visual_l4_slot_branch,0.001862811952603479
flickr,14,div_img,visual_fusion,0.0023950569063158
flickr,14,div_img,audio_backbone,0.0
flickr,14,div_img,audio_slot_branch,0.0
flickr,14,div_img,shared_slots,2.1511249411329125e-05
flickr,14,div_img,image_decoder,0.0
flickr,14,div_img,audio_decoder,0.0
flickr,14,div_aud,visual_backbone,0.0
flickr,14,div_aud,visual_l3_slot_branch,0.0
flickr,14,div_aud,visual_l4_slot_branch,0.0
flickr,14,div_aud,visual_fusion,0.0
flickr,14,div_aud,audio_backbone,0.048110897878803835
flickr,14,div_aud,audio_slot_branch,0.007740917332197526
flickr,14,div_aud,shared_slots,5.732239426168805e-05
flickr,14,div_aud,image_decoder,0.0
flickr,14,div_aud,audio_decoder,0.0
flickr,14,att_space,visual_backbone,0.09506163354325847
flickr,14,att_space,visual_l3_slot_branch,0.0
flickr,14,att_space,visual_l4_slot_branch,0.006091518507185196
flickr,14,att_space,visual_fusion,0.0
flickr,14,att_space,audio_backbone,0.25403449400041006
flickr,14,att_space,audio_slot_branch,0.011692059573446427
flickr,14,att_space,shared_slots,8.384198246685991e-05
flickr,14,att_space,image_decoder,0.0
flickr,14,att_space,audio_decoder,0.0
flickr,14,att_time,visual_backbone,0.003140265878395024
flickr,14,att_time,visual_l3_slot_branch,0.0
flickr,14,att_time,visual_l4_slot_branch,0.011098350255509115
flickr,14,att_time,visual_fusion,0.0
flickr,14,att_time,audio_backbone,0.948532987967101
flickr,14,att_time,audio_slot_branch,0.009069614142095565
flickr,14,att_time,shared_slots,8.017888229052523e-05
flickr,14,att_time,image_decoder,0.0
flickr,14,att_time,audio_decoder,0.0
flickr,15,info,visual_backbone,6.702456690852253
flickr,15,info,visual_l3_slot_branch,2.0312600247804844
flickr,15,info,visual_l4_slot_branch,3.7519628296627148
flickr,15,info,visual_fusion,1.8368724319388787
flickr,15,info,audio_backbone,45.04636358756502
flickr,15,info,audio_slot_branch,11.635468028371232
flickr,15,info,shared_slots,0.09085274810342527
flickr,15,info,image_decoder,0.0
flickr,15,info,audio_decoder,0.0
flickr,15,rec_img,visual_backbone,0.019093002644165462
flickr,15,rec_img,visual_l3_slot_branch,0.014777925405105237
flickr,15,rec_img,visual_l4_slot_branch,0.020417521205560455
flickr,15,rec_img,visual_fusion,0.015745979197814168
flickr,15,rec_img,audio_backbone,0.0
flickr,15,rec_img,audio_slot_branch,0.0
flickr,15,rec_img,shared_slots,0.0001742311771441152
flickr,15,rec_img,image_decoder,0.043921421876714516
flickr,15,rec_img,audio_decoder,0.0
flickr,15,rec_aud,visual_backbone,0.0
flickr,15,rec_aud,visual_l3_slot_branch,0.0
flickr,15,rec_aud,visual_l4_slot_branch,0.0
flickr,15,rec_aud,visual_fusion,0.0
flickr,15,rec_aud,audio_backbone,0.07655654981533887
flickr,15,rec_aud,audio_slot_branch,0.025258700320066586
flickr,15,rec_aud,shared_slots,0.00014550865775651595
flickr,15,rec_aud,image_decoder,0.0
flickr,15,rec_aud,audio_decoder,0.03605782382448198
flickr,15,div_img,visual_backbone,0.0012117210830819322
flickr,15,div_img,visual_l3_slot_branch,0.003084321643129366
flickr,15,div_img,visual_l4_slot_branch,0.0024921874062416175
flickr,15,div_img,visual_fusion,0.003134958527044871
flickr,15,div_img,audio_backbone,0.0
flickr,15,div_img,audio_slot_branch,0.0
flickr,15,div_img,shared_slots,3.3521088654178115e-05
flickr,15,div_img,image_decoder,0.0
flickr,15,div_img,audio_decoder,0.0
flickr,15,div_aud,visual_backbone,0.0
flickr,15,div_aud,visual_l3_slot_branch,0.0
flickr,15,div_aud,visual_l4_slot_branch,0.0
flickr,15,div_aud,visual_fusion,0.0
flickr,15,div_aud,audio_backbone,0.08794762769774293
flickr,15,div_aud,audio_slot_branch,0.021908430858483725
flickr,15,div_aud,shared_slots,0.00018907570075106376
flickr,15,div_aud,image_decoder,0.0
flickr,15,div_aud,audio_decoder,0.0
flickr,15,att_space,visual_backbone,0.1608536622973031
flickr,15,att_space,visual_l3_slot_branch,0.0
flickr,15,att_space,visual_l4_slot_branch,0.00786542237125387
flickr,15,att_space,visual_fusion,0.0
flickr,15,att_space,audio_backbone,0.17396070039079364
flickr,15,att_space,audio_slot_branch,0.01500418757884177
flickr,15,att_space,shared_slots,0.00012084678886337248
flickr,15,att_space,image_decoder,0.0
flickr,15,att_space,audio_decoder,0.0
flickr,15,att_time,visual_backbone,0.003668481818022077
flickr,15,att_time,visual_l3_slot_branch,0.0
flickr,15,att_time,visual_l4_slot_branch,0.008665222282698514
flickr,15,att_time,visual_fusion,0.0
flickr,15,att_time,audio_backbone,0.6285790879274928
flickr,15,att_time,audio_slot_branch,0.006969141630358598
flickr,15,att_time,shared_slots,6.607287118403103e-05
flickr,15,att_time,image_decoder,0.0
flickr,15,att_time,audio_decoder,0.0
flickr,16,info,visual_backbone,13.77392493937689
flickr,16,info,visual_l3_slot_branch,3.0808043868346084
flickr,16,info,visual_l4_slot_branch,5.493084966321888
flickr,16,info,visual_fusion,2.593553432231892
flickr,16,info,audio_backbone,88.5895643220227
flickr,16,info,audio_slot_branch,17.042231012950523
flickr,16,info,shared_slots,0.13816851087434057
flickr,16,info,image_decoder,0.0
flickr,16,info,audio_decoder,0.0
flickr,16,rec_img,visual_backbone,0.014506594857932683
flickr,16,rec_img,visual_l3_slot_branch,0.016609571080416597
flickr,16,rec_img,visual_l4_slot_branch,0.02255251175920892
flickr,16,rec_img,visual_fusion,0.016900412778840437
flickr,16,rec_img,audio_backbone,0.0
flickr,16,rec_img,audio_slot_branch,0.0
flickr,16,rec_img,shared_slots,0.0002014151545025514
flickr,16,rec_img,image_decoder,0.04853598074971769
flickr,16,rec_img,audio_decoder,0.0
flickr,16,rec_aud,visual_backbone,0.0
flickr,16,rec_aud,visual_l3_slot_branch,0.0
flickr,16,rec_aud,visual_l4_slot_branch,0.0
flickr,16,rec_aud,visual_fusion,0.0
flickr,16,rec_aud,audio_backbone,0.12351912239333629
flickr,16,rec_aud,audio_slot_branch,0.022904956005055353
flickr,16,rec_aud,shared_slots,0.00014256854704379693
flickr,16,rec_aud,image_decoder,0.0
flickr,16,rec_aud,audio_decoder,0.028164303076594035
flickr,16,div_img,visual_backbone,0.001455863232815383
flickr,16,div_img,visual_l3_slot_branch,0.005850659885887121
flickr,16,div_img,visual_l4_slot_branch,0.004778764055817477
flickr,16,div_img,visual_fusion,0.005085885719992737
flickr,16,div_img,audio_backbone,0.0
flickr,16,div_img,audio_slot_branch,0.0
flickr,16,div_img,shared_slots,6.77681220456798e-05
flickr,16,div_img,image_decoder,0.0
flickr,16,div_img,audio_decoder,0.0
flickr,16,div_aud,visual_backbone,0.0
flickr,16,div_aud,visual_l3_slot_branch,0.0
flickr,16,div_aud,visual_l4_slot_branch,0.0
flickr,16,div_aud,visual_fusion,0.0
flickr,16,div_aud,audio_backbone,0.04406599290100922
flickr,16,div_aud,audio_slot_branch,0.009894582889812816
flickr,16,div_aud,shared_slots,8.428016562430768e-05
flickr,16,div_aud,image_decoder,0.0
flickr,16,div_aud,audio_decoder,0.0
flickr,16,att_space,visual_backbone,0.13485041397948536
flickr,16,att_space,visual_l3_slot_branch,0.0
flickr,16,att_space,visual_l4_slot_branch,0.006577959079889365
flickr,16,att_space,visual_fusion,0.0
flickr,16,att_space,audio_backbone,0.20141863787189374
flickr,16,att_space,audio_slot_branch,0.012464467561789512
flickr,16,att_space,shared_slots,8.387460235541312e-05
flickr,16,att_space,image_decoder,0.0
flickr,16,att_space,audio_decoder,0.0
flickr,16,att_time,visual_backbone,0.0018739641876735333
flickr,16,att_time,visual_l3_slot_branch,0.0
flickr,16,att_time,visual_l4_slot_branch,0.014452967297981106
flickr,16,att_time,visual_fusion,0.0
flickr,16,att_time,audio_backbone,0.8145133798124415
flickr,16,att_time,audio_slot_branch,0.012362751163331367
flickr,16,att_time,shared_slots,0.00010240331236979141
flickr,16,att_time,image_decoder,0.0
flickr,16,att_time,audio_decoder,0.0
flickr,17,info,visual_backbone,7.813194348250517
flickr,17,info,visual_l3_slot_branch,2.5210583879994015
flickr,17,info,visual_l4_slot_branch,4.458850670700152
flickr,17,info,visual_fusion,2.2587944266539663
flickr,17,info,audio_backbone,62.83607492037769
flickr,17,info,audio_slot_branch,14.44886966128409
flickr,17,info,shared_slots,0.11457783435264934
flickr,17,info,image_decoder,0.0
flickr,17,info,audio_decoder,0.0
flickr,17,rec_img,visual_backbone,0.014162158191810076
flickr,17,rec_img,visual_l3_slot_branch,0.01606894006645215
flickr,17,rec_img,visual_l4_slot_branch,0.020759550588186668
flickr,17,rec_img,visual_fusion,0.01575242502668981
flickr,17,rec_img,audio_backbone,0.0
flickr,17,rec_img,audio_slot_branch,0.0
flickr,17,rec_img,shared_slots,0.00018463206192540494
flickr,17,rec_img,image_decoder,0.044888551590077916
flickr,17,rec_img,audio_decoder,0.0
flickr,17,rec_aud,visual_backbone,0.0
flickr,17,rec_aud,visual_l3_slot_branch,0.0
flickr,17,rec_aud,visual_l4_slot_branch,0.0
flickr,17,rec_aud,visual_fusion,0.0
flickr,17,rec_aud,audio_backbone,0.0707570158270161
flickr,17,rec_aud,audio_slot_branch,0.026213693816909484
flickr,17,rec_aud,shared_slots,0.00014918190996291388
flickr,17,rec_aud,image_decoder,0.0
flickr,17,rec_aud,audio_decoder,0.03150580215212765
flickr,17,div_img,visual_backbone,0.0005710032125585046
flickr,17,div_img,visual_l3_slot_branch,0.0026690826310877217
flickr,17,div_img,visual_l4_slot_branch,0.002323295234232751
flickr,17,div_img,visual_fusion,0.002825255597690323
flickr,17,div_img,audio_backbone,0.0
flickr,17,div_img,audio_slot_branch,0.0
flickr,17,div_img,shared_slots,2.9616131909895668e-05
flickr,17,div_img,image_decoder,0.0
flickr,17,div_img,audio_decoder,0.0
flickr,17,div_aud,visual_backbone,0.0
flickr,17,div_aud,visual_l3_slot_branch,0.0
flickr,17,div_aud,visual_l4_slot_branch,0.0
flickr,17,div_aud,visual_fusion,0.0
flickr,17,div_aud,audio_backbone,0.059381016351685516
flickr,17,div_aud,audio_slot_branch,0.01149100117987708
flickr,17,div_aud,shared_slots,0.00010140027257273272
flickr,17,div_aud,image_decoder,0.0
flickr,17,div_aud,audio_decoder,0.0
flickr,17,att_space,visual_backbone,0.15926220752678827
flickr,17,att_space,visual_l3_slot_branch,0.0
flickr,17,att_space,visual_l4_slot_branch,0.0056433351861374225
flickr,17,att_space,visual_fusion,0.0
flickr,17,att_space,audio_backbone,0.12112052137216722
flickr,17,att_space,audio_slot_branch,0.010611449421820573
flickr,17,att_space,shared_slots,0.00011457583573094133
flickr,17,att_space,image_decoder,0.0
flickr,17,att_space,audio_decoder,0.0
flickr,17,att_time,visual_backbone,0.002213172119319275
flickr,17,att_time,visual_l3_slot_branch,0.0
flickr,17,att_time,visual_l4_slot_branch,0.01065451878273745
flickr,17,att_time,visual_fusion,0.0
flickr,17,att_time,audio_backbone,0.6116282271582224
flickr,17,att_time,audio_slot_branch,0.008390483114475917
flickr,17,att_time,shared_slots,7.976237946755181e-05
flickr,17,att_time,image_decoder,0.0
flickr,17,att_time,audio_decoder,0.0
flickr,18,info,visual_backbone,4.994429794209374
flickr,18,info,visual_l3_slot_branch,1.4280247917288051
flickr,18,info,visual_l4_slot_branch,2.4573510301273624
flickr,18,info,visual_fusion,1.3592330691355903
flickr,18,info,audio_backbone,40.74644128135628
flickr,18,info,audio_slot_branch,9.628307316465001
flickr,18,info,shared_slots,0.07611096529585949
flickr,18,info,image_decoder,0.0
flickr,18,info,audio_decoder,0.0
flickr,18,rec_img,visual_backbone,0.009205128210673081
flickr,18,rec_img,visual_l3_slot_branch,0.017440746324293536
flickr,18,rec_img,visual_l4_slot_branch,0.02278746886968051
flickr,18,rec_img,visual_fusion,0.017461352666104612
flickr,18,rec_img,audio_backbone,0.0
flickr,18,rec_img,audio_slot_branch,0.0
flickr,18,rec_img,shared_slots,0.0002007942567920276
flickr,18,rec_img,image_decoder,0.049737611592438294
flickr,18,rec_img,audio_decoder,0.0
flickr,18,rec_aud,visual_backbone,0.0
flickr,18,rec_aud,visual_l3_slot_branch,0.0
flickr,18,rec_aud,visual_l4_slot_branch,0.0
flickr,18,rec_aud,visual_fusion,0.0
flickr,18,rec_aud,audio_backbone,0.05090097995452484
flickr,18,rec_aud,audio_slot_branch,0.025869358640571993
flickr,18,rec_aud,shared_slots,0.00014569980157425408
flickr,18,rec_aud,image_decoder,0.0
flickr,18,rec_aud,audio_decoder,0.03472221544448262
flickr,18,div_img,visual_backbone,0.001879001952300864
flickr,18,div_img,visual_l3_slot_branch,0.0025737955050240714
flickr,18,div_img,visual_l4_slot_branch,0.0025174015645871763
flickr,18,div_img,visual_fusion,0.0029230484150205584
flickr,18,div_img,audio_backbone,0.0
flickr,18,div_img,audio_slot_branch,0.0
flickr,18,div_img,shared_slots,3.0179851170752974e-05
flickr,18,div_img,image_decoder,0.0
flickr,18,div_img,audio_decoder,0.0
flickr,18,div_aud,visual_backbone,0.0
flickr,18,div_aud,visual_l3_slot_branch,0.0
flickr,18,div_aud,visual_l4_slot_branch,0.0
flickr,18,div_aud,visual_fusion,0.0
flickr,18,div_aud,audio_backbone,0.07496823641793919
flickr,18,div_aud,audio_slot_branch,0.021624219073860484
flickr,18,div_aud,shared_slots,0.0001820661319079811
flickr,18,div_aud,image_decoder,0.0
flickr,18,div_aud,audio_decoder,0.0
flickr,18,att_space,visual_backbone,0.12478607326660521
flickr,18,att_space,visual_l3_slot_branch,0.0
flickr,18,att_space,visual_l4_slot_branch,0.005559292506165375
flickr,18,att_space,visual_fusion,0.0
flickr,18,att_space,audio_backbone,0.11235594307124477
flickr,18,att_space,audio_slot_branch,0.01122564736672509
flickr,18,att_space,shared_slots,8.069969374367826e-05
flickr,18,att_space,image_decoder,0.0
flickr,18,att_space,audio_decoder,0.0
flickr,18,att_time,visual_backbone,0.006882624164489218
flickr,18,att_time,visual_l3_slot_branch,0.0
flickr,18,att_time,visual_l4_slot_branch,0.017156600840055818
flickr,18,att_time,visual_fusion,0.0
flickr,18,att_time,audio_backbone,0.6111951429406198
flickr,18,att_time,audio_slot_branch,0.013795340847328896
flickr,18,att_time,shared_slots,0.00011835303350911037
flickr,18,att_time,image_decoder,0.0
flickr,18,att_time,audio_decoder,0.0
flickr,19,info,visual_backbone,5.8317399992824415
flickr,19,info,visual_l3_slot_branch,1.4734006823087975
flickr,19,info,visual_l4_slot_branch,2.7592135447391977
flickr,19,info,visual_fusion,1.4320229583163042
flickr,19,info,audio_backbone,53.929029927127935
flickr,19,info,audio_slot_branch,9.796080064735271
flickr,19,info,shared_slots,0.07936540058953896
flickr,19,info,image_decoder,0.0
flickr,19,info,audio_decoder,0.0
flickr,19,rec_img,visual_backbone,0.013709527795896412
flickr,19,rec_img,visual_l3_slot_branch,0.01657445178769309
flickr,19,rec_img,visual_l4_slot_branch,0.021280599019523668
flickr,19,rec_img,visual_fusion,0.016867640033695223
flickr,19,rec_img,audio_backbone,0.0
flickr,19,rec_img,audio_slot_branch,0.0
flickr,19,rec_img,shared_slots,0.00019042843552372342
flickr,19,rec_img,image_decoder,0.047413506498848554
flickr,19,rec_img,audio_decoder,0.0
flickr,19,rec_aud,visual_backbone,0.0
flickr,19,rec_aud,visual_l3_slot_branch,0.0
flickr,19,rec_aud,visual_l4_slot_branch,0.0
flickr,19,rec_aud,visual_fusion,0.0
flickr,19,rec_aud,audio_backbone,0.08522437928837338
flickr,19,rec_aud,audio_slot_branch,0.02447145195969401
flickr,19,rec_aud,shared_slots,0.00015450183297615003
flickr,19,rec_aud,image_decoder,0.0
flickr,19,rec_aud,audio_decoder,0.024506466242928914
flickr,19,div_img,visual_backbone,0.0012949734001724978
flickr,19,div_img,visual_l3_slot_branch,0.0028663542849217613
flickr,19,div_img,visual_l4_slot_branch,0.00246412784071057
flickr,19,div_img,visual_fusion,0.0030417818924745794
flickr,19,div_img,audio_backbone,0.0
flickr,19,div_img,audio_slot_branch,0.0
flickr,19,div_img,shared_slots,2.9880778040887493e-05
flickr,19,div_img,image_decoder,0.0
flickr,19,div_img,audio_decoder,0.0
flickr,19,div_aud,visual_backbone,0.0
flickr,19,div_aud,visual_l3_slot_branch,0.0
flickr,19,div_aud,visual_l4_slot_branch,0.0
flickr,19,div_aud,visual_fusion,0.0
flickr,19,div_aud,audio_backbone,0.04193211137857211
flickr,19,div_aud,audio_slot_branch,0.010069391121097915
flickr,19,div_aud,shared_slots,7.954233480923146e-05
flickr,19,div_aud,image_decoder,0.0
flickr,19,div_aud,audio_decoder,0.0
flickr,19,att_space,visual_backbone,0.10602028200100355
flickr,19,att_space,visual_l3_slot_branch,0.0
flickr,19,att_space,visual_l4_slot_branch,0.0052118275110063835
flickr,19,att_space,visual_fusion,0.0
flickr,19,att_space,audio_backbone,0.07722923853380706
flickr,19,att_space,audio_slot_branch,0.010274921558965658
flickr,19,att_space,shared_slots,7.732398755281443e-05
flickr,19,att_space,image_decoder,0.0
flickr,19,att_space,audio_decoder,0.0
flickr,19,att_time,visual_backbone,0.006558332128941988
flickr,19,att_time,visual_l3_slot_branch,0.0
flickr,19,att_time,visual_l4_slot_branch,0.01651351264968917
flickr,19,att_time,visual_fusion,0.0
flickr,19,att_time,audio_backbone,0.6217858629986802
flickr,19,att_time,audio_slot_branch,0.013261001900404589
flickr,19,att_time,shared_slots,0.00011644457171340008
flickr,19,att_time,image_decoder,0.0
flickr,19,att_time,audio_decoder,0.0
