dataset,model,sample_index,sample_id,gt_response,nearfp_response,farfp_response,background_response,gt_nearfp_gap,gt_vs_nearfp_auroc,wrong_gt_response,wrong_nearfp_response,matched_minus_wrong_gt,matched_minus_wrong_nearfp,counterfactual_gt_nearfp_gap,counterfactual_gt_vs_nearfp_auroc,counterfactual_gt_vs_nearfp_conditional_auroc,counterfactual_gt_vs_nearfp_conditional_pairs,iou,precision,coverage,pred_area_ratio,fp_area_ratio,AddTP,AddFP,RemoveTP,RemoveFP,addtp_rate_vs_baseline_fn,removefp_rate_vs_baseline_fp
flickr,original_1.3g_final,0,10000130166,0.7883765697479248,0.7189038991928101,,0.5120818614959717,0.06947267055511475,0.6939239501953125,0.7761435508728027,0.7288159132003784,6.460988515755162e-06,-3.114125502179377e-05,3.760224353754893e-05,0.886962890625,0.8858510966944702,6474,0.7799756972899652,0.8256603547817764,0.8629087725880072,0.6662348533163265,0.06778140943877552,0,0,0,0,0.0,0.0
flickr,original_1.3g_final,1,10007936344,0.8608758449554443,0.7816275954246521,0.6998811364173889,0.5971607565879822,0.07924824953079224,0.79718017578125,0.8442928791046143,0.7618107795715332,1.7436404959880747e-05,8.35945684229955e-06,9.076948117581196e-06,0.6075973510742188,0.5329136690647482,5560,0.643244233840354,0.6360341703339374,0.9748452626567211,0.769889987244898,0.2589485012755102,0,0,0,0,0.0,0.0
flickr,original_1.3g_final,2,10008553263,0.8137784004211426,0.8238111734390259,0.7439938187599182,0.658391535282135,-0.0100327730178833,0.5892181396484375,0.8146920204162598,0.824411928653717,1.678725311649032e-06,2.066282831947319e-06,-3.8755752029828727e-07,0.5030364990234375,0.3743835971969894,7706,0.3685962111857362,0.32542278238672623,0.8814822817631807,0.7495216836734694,0.3850247130102041,0,0,0,0,0.0,0.0
flickr,original_1.3g_final,3,10009662863,0.8750447630882263,0.7846893072128296,0.7782939672470093,0.6707623600959778,0.09035545587539673,0.7578277587890625,0.8765984773635864,0.7819545865058899,1.4181034202920273e-05,2.6120305847143754e-06,1.1569003618205898e-05,0.5939254760742188,0.375,7112,0.6527465584486593,0.6116284894576256,0.9875369938052609,0.8752790178571429,0.27804129464285715,0,0,0,0,0.0,0.0
flickr,original_1.3g_final,4,10013411946,0.7680720090866089,0.7624324560165405,0.6516085863113403,0.5520786643028259,0.005639553070068359,0.573760986328125,0.7574316263198853,0.7405715584754944,-7.838878445909359e-06,7.430318873957731e-06,-1.526919731986709e-05,0.252288818359375,0.17240275332159435,6247,0.5230990753430599,0.5092551933794967,0.8166012186865268,0.5900231186224489,0.2064532844387755,0,0,0,0,0.0,0.0
flickr,original_1.3g_final,5,10016382545,0.7128827571868896,0.7590025067329407,0.6999844312667847,0.5165632963180542,-0.046119749546051025,0.42047119140625,0.7196125984191895,0.7420536279678345,-5.157637133379467e-06,3.6611123505281284e-05,-4.1768762457650155e-05,0.1910858154296875,0.1627519110493398,7195,0.6273317650177264,0.6447202642421765,0.8433630289532293,0.5852798150510204,0.15407764668367346,0,0,0,0,0.0,0.0
flickr,original_1.3g_final,6,10031203703,0.841590166091919,0.7169261574745178,,0.4920143485069275,0.12466400861740112,0.833770751953125,0.8094863295555115,0.6682676076889038,-2.7005409720004536e-05,2.5695324438856915e-05,-5.2700735977850854e-05,0.1695098876953125,0.2436830835117773,4670,0.8400152418279306,0.830364829961257,0.9720936092475354,0.7407525510204082,0.09948979591836735,0,0,0,0,0.0,0.0
flickr,original_1.3g_final,7,10035917404,0.8182573318481445,0.7741710543632507,0.6737591028213501,0.5639892816543579,0.0440862774848938,0.7021331787109375,0.8281558752059937,0.7595637440681458,-2.4715103791095316e-05,2.474579196132254e-05,-4.946089757140726e-05,0.1495819091796875,0.3014093529788597,6244,0.681939433971851,0.7566809494277499,0.8458326768552071,0.7069913903061225,0.1520049426020408,0,0,0,0,0.0,0.0
flickr,original_1.3g_final,8,10045181004,0.7633994221687317,0.7260112762451172,,0.5274754166603088,0.0373881459236145,0.6396942138671875,0.7826941013336182,0.7858083248138428,6.201275391504169e-05,-1.249898923560977e-05,7.451174315065145e-05,0.7948074340820312,0.749924265374129,6602,0.6421705522040332,0.7161711060637346,0.836653466540696,0.5791214923469388,0.15013153698979592,0,0,0,0,0.0,0.0
flickr,original_1.3g_final,9,10060697266,0.7772217988967896,0.6772909760475159,,0.4380022883415222,0.09993082284927368,0.76287841796875,0.7692286968231201,0.6689701676368713,-3.44029649568256e-06,-1.2086511560482904e-06,-2.2316453396342695e-06,0.4775848388671875,0.5267841862057162,5843,0.86928011404134,0.9037049234315824,0.9319250819310251,0.6051698022959183,0.042291135204081634,0,0,0,0,0.0,0.0
flickr,original_1.3g_final,10,10061269855,0.7054218053817749,0.7021568417549133,,0.3734907805919647,0.0032649636268615723,0.521209716796875,0.7202496528625488,0.7403240203857422,1.3896396922064014e-05,-2.8636051865760237e-05,4.253244696883485e-05,0.8552093505859375,0.8879478827361563,4605,0.6964758159998831,0.9441604248404867,0.718748585823541,0.5028898278061225,0.02112563775510204,0,0,0,0,0.0,0.0
flickr,original_1.3g_final,11,10067897816,0.8223742246627808,0.7900528907775879,0.7211929559707642,0.6098294258117676,0.03232133388519287,0.6899871826171875,0.8376625776290894,0.7531615495681763,-4.698897828347981e-05,2.702990241232328e-05,-7.40188843337819e-05,0.08335113525390625,0.13998804542737597,8365,0.3571332926665972,0.35251270302816695,0.9412226012625966,0.6785514987244898,0.41563695790816324,0,0,0,0,0.0,0.0
flickr,original_1.3g_final,12,10069511285,0.8512538075447083,0.820336639881134,,0.537761926651001,0.03091716766357422,0.6604232788085938,0.8429713845252991,0.8127515316009521,-1.8943337636301294e-06,-5.047077138442546e-07,-1.3896260497858748e-06,0.50537109375,0.5037418721629248,8151,0.8027168069650958,0.7909356347381205,0.9600125450838952,0.7713050063775511,0.12452168367346939,0,0,0,0,0.0,0.0
flickr,original_1.3g_final,13,10079676496,0.8364086151123047,0.7606256604194641,,0.5350046753883362,0.07578295469284058,0.7537078857421875,0.8336817026138306,0.7537376284599304,1.1749163604690693e-05,1.0917094186879694e-05,8.320694178109989e-07,0.5431137084960938,0.5152264940997335,5254,0.7591026527932685,0.6991392089043768,0.9693342227189962,0.7663624043367347,0.1530811543367347,0,0,0,0,0.0,0.0
flickr,original_1.3g_final,14,10080652613,0.8112080693244934,0.7183452248573303,,0.3896259367465973,0.09286284446716309,0.7784881591796875,0.8345677852630615,0.7235796451568604,-1.0271831342834048e-05,1.657294706092216e-05,-2.684477840375621e-05,0.2303314208984375,0.2578555231616456,6174,0.8630861423220973,0.8579448994787788,0.9705357142857143,0.6691446109693877,0.07364078443877552,0,0,0,0,0.0,0.0
flickr,original_1.3g_final,15,10106776154,0.6818603277206421,0.7409039735794067,,0.4692973792552948,-0.05904364585876465,0.38958740234375,0.6848398447036743,0.6955865621566772,-2.8515170924947597e-05,1.6969512216746807e-05,-4.5484681322705e-05,0.21380615234375,0.1400800457404231,6996,0.6832728927374764,0.8608630693860533,0.7480036831856537,0.573600924744898,0.06253985969387756,0,0,0,0,0.0,0.0
flickr,original_1.3g_final,16,10109936483,0.8778873682022095,0.8047164678573608,0.7546237707138062,0.5600290894508362,0.07317090034484863,0.73895263671875,0.8702820539474487,0.7814452052116394,-9.009475616039708e-05,-3.681211092043668e-05,-5.32826452399604e-05,0.2177886962890625,0.3141945773524721,10032,0.5154831567294006,0.4904155758177605,0.9993254844248222,0.6622887436224489,0.30506616709183676,0,0,0,0,0.0,0.0
flickr,original_1.3g_final,17,10110769444,0.7951217889785767,0.7492428421974182,0.6787382960319519,0.5533580183982849,0.04587894678115845,0.68182373046875,0.7873710989952087,0.7556139230728149,1.4647544958279468e-05,-1.4615918189520016e-05,2.9263463147799484e-05,0.8629913330078125,0.8231594143122293,9698,0.6744996400287977,0.6587725712999943,0.95826855412814,0.7085857780612245,0.20493861607142858,0,0,0,0,0.0,0.0
flickr,original_1.3g_final,18,10111706074,0.7440587282180786,0.7533198595046997,0.7380117774009705,0.45149940252304077,-0.009261131286621094,0.553009033203125,0.7489851713180542,0.7525831460952759,-1.2429649359546602e-05,-5.837939170305617e-06,-6.591710189240985e-06,0.3740234375,0.313140368852459,7808,0.6329745749493059,0.6644833797281807,0.7715415620959769,0.6085578762755102,0.11473612882653061,0,0,0,0,0.0,0.0
flickr,original_1.3g_final,19,10119607346,0.7435780167579651,0.7933996915817261,0.5820332169532776,0.4980083107948303,-0.049821674823760986,0.5300445556640625,0.7596310973167419,0.7885993719100952,-2.1728883439209312e-06,1.7399026546627283e-05,-1.9571914890548214e-05,0.280181884765625,0.34796926454445665,8199,0.5694041189655951,0.5948078071471226,0.7275628087576649,0.6341079400510204,0.14399314413265307,0,0,0,0,0.0,0.0
flickr,original_1.3g_final,20,10119736773,0.8141911029815674,0.6934674978256226,,0.3204840421676636,0.12072360515594482,0.7736378205128205,0.8095430135726929,0.6767438650131226,-4.884941517957486e-06,1.7711223335936666e-05,-2.2596164853894152e-05,0.15044070512820512,0.04795204795204795,1001,0.9629781869998904,0.8856545188769596,0.9644582281260292,0.7907764668367347,0.0011160714285714285,0,0,0,0,0.0,0.0
flickr,original_1.3g_final,21,10129791115,0.812919557094574,0.7195054292678833,,0.49107053875923157,0.09341412782669067,0.735687255859375,0.8159841299057007,0.7189943194389343,-2.91397373075597e-05,-1.4385464965016581e-05,-1.4754272342543118e-05,0.3954010009765625,0.4482139293554181,5011,0.6873584198432229,0.7105050368922879,0.9121520794134821,0.5915377869897959,0.15068957270408162,0,0,0,0,0.0,0.0
flickr,original_1.3g_final,22,10129813456,0.8317071199417114,0.6827523708343506,,0.5543020367622375,0.14895474910736084,0.88037109375,0.8309406042098999,0.6670289039611816,-2.9749598979833536e-05,1.5264455214492045e-05,-4.501405419432558e-05,0.1542205810546875,0.39414983164983164,4752,0.8093123229562569,0.777366075090924,0.9909713628361773,0.7288145727040817,0.1283282844387755,0,0,0,0,0.0,0.0
flickr,original_1.3g_final,23,10163352444,0.8190754652023315,0.7179046869277954,,0.4834077060222626,0.10117077827453613,0.7574310302734375,0.8332289457321167,0.7235109806060791,1.8806877051247284e-06,1.3597113138530403e-05,-1.1716425433405675e-05,0.426239013671875,0.2271080368906456,6072,0.8064857243567148,0.8121077888519749,0.9587824133827252,0.7018694196428571,0.11226482780612244,0,0,0,0,0.0,0.0
flickr,original_1.3g_final,24,10165890496,0.7456923723220825,0.7606513500213623,0.609229326248169,0.5094670057296753,-0.014958977699279785,0.5507659912109375,0.7563912272453308,0.7731364965438843,-3.3868382161017507e-06,-7.786698915879242e-06,4.399860699777491e-06,0.5810012817382812,0.34232982734669576,5039,0.5360557338343614,0.6593586387434555,0.729395262550621,0.4872448979591837,0.15886080994897958,0,0,0,0,0.0,0.0
flickr,original_1.3g_final,25,10173808724,0.8137174844741821,0.7166217565536499,,0.42182204127311707,0.09709572792053223,0.774078369140625,0.8020952939987183,0.6825568675994873,-1.3185217540012673e-06,2.6829704438569024e-05,-2.814822619257029e-05,0.272918701171875,0.15577342047930284,3672,0.790263980284052,0.870212349271186,0.8788426763110307,0.7123525191326531,0.07906170280612244,0,0,0,0,0.0,0.0
flickr,original_1.3g_final,26,10202025415,0.7795229554176331,0.689459502696991,,0.34383442997932434,0.09006345272064209,0.76971435546875,0.7719219326972961,0.6888424158096313,1.063001218426507e-05,-5.10993049829267e-06,1.573994268255774e-05,0.8121566772460938,0.6682711592458885,4986,0.86358387640524,0.939458257529816,0.893295989675577,0.6901506696428571,0.024972098214285716,0,0,0,0,0.0,0.0
flickr,original_1.3g_final,27,10221582415,0.7640256881713867,0.6900467276573181,0.6571089029312134,0.5683366656303406,0.0739789605140686,0.7280731201171875,0.7827123403549194,0.7260423898696899,3.0587110813939944e-05,-8.407365385210142e-06,3.8994476199150085e-05,0.6998825073242188,0.6510152284263959,6304,0.66682201250534,0.732904584388606,0.8590010839656467,0.7003547512755102,0.1722138073979592,0,0,0,0,0.0,0.0
flickr,original_1.3g_final,28,10234680056,0.763022780418396,0.7380841970443726,,0.4512774348258972,0.024938583374023438,0.6330413818359375,0.7613435983657837,0.7291713953018188,1.904973032651469e-07,1.1361928045516834e-05,-1.1171430742251687e-05,0.35715484619140625,0.3946063236205828,6452,0.7826325293434799,0.7466621546791362,0.8633065376680658,0.6478396045918368,0.05775669642857143,0,0,0,0,0.0,0.0
flickr,original_1.3g_final,29,10246013484,0.7957853078842163,0.7073625326156616,,0.46727198362350464,0.08842277526855469,0.7513275146484375,0.8040311336517334,0.7317768335342407,2.3134789444156922e-05,-1.2089316442143172e-05,3.522410406731069e-05,0.7718048095703125,0.639216815433343,6946,0.8345762370250932,0.7430686406460296,0.9563669258603433,0.6663544323979592,0.07555404974489796,0,0,0,0,0.0,0.0
flickr,original_1.3g_final,30,10268129763,0.8541765213012695,0.8156554698944092,,0.5587154030799866,0.03852105140686035,0.6729736328125,0.8256969451904297,0.7542847394943237,-9.417075489182025e-06,2.8099590053898282e-05,-3.7516663724090904e-05,0.177642822265625,0.20537923614846693,9295,0.6724718431559502,0.645396053760366,0.9801745852514548,0.6969467474489796,0.20998086734693877,0,0,0,0,0.0,0.0
flickr,original_1.3g_final,31,10278084464,0.772804856300354,0.8041941523551941,0.7614623308181763,0.5728750228881836,-0.03138929605484009,0.44244384765625,0.7947990894317627,0.8078429698944092,-4.6390101488213986e-05,-2.7521191441337578e-05,-1.8868910046876408e-05,0.3107147216796875,0.26439758293254406,8109,0.5673484816665967,0.5657248157248157,0.9388596714778862,0.7138073979591837,0.28164859693877553,0,0,0,0,0.0,0.0
flickr,cram_c3_stage1,0,10000130166,0.6514215469360352,0.4515222907066345,,0.22454692423343658,0.19989925622940063,0.766815185546875,0.6574634909629822,0.4739722013473511,0.00010121060768142343,-0.00012634292943403125,0.00022755353711545467,0.831451416015625,0.7012457531143828,4415,0.6407647095604327,0.971488837275442,0.6407647095604327,0.4204599808673469,0.0,0,0,8931,3401,0.0,1.0
flickr,cram_c3_stage1,1,10007936344,0.7889217138290405,0.6336994171142578,0.5709747672080994,0.4192711412906647,0.15522229671478271,0.8035812377929688,0.7963047027587891,0.6212858557701111,-0.00012222927762195468,8.780874486546963e-05,-0.00021003802248742431,0.215545654296875,0.31350020517029137,4874,0.7475070646701529,0.7817616685916163,0.9130891921917156,0.5866948341836735,0.11126833545918367,0,0,1782,7410,0.0,0.5703070884322328
flickr,cram_c3_stage1,2,10008553263,0.7762175798416138,0.8545525074005127,0.6954560279846191,0.5617798566818237,-0.07833492755889893,0.533172607421875,0.7625159621238708,0.8395476341247559,2.8514266887214035e-05,8.525361045030877e-05,-5.6739343563094735e-05,0.490570068359375,0.4600827912477824,10146,0.4076209013325348,0.3737900734536967,0.7843560933448573,0.5806361607142857,0.2557397959183674,0,40,1987,6527,0.0,0.3378539261866556
flickr,cram_c3_stage1,3,10009662863,0.6392345428466797,0.5457034111022949,0.5642590522766113,0.44908657670021057,0.09353113174438477,0.664093017578125,0.6792421340942383,0.5993649959564209,-6.78870637784712e-05,-7.934850145829841e-05,1.1461437679827213e-05,0.51806640625,0.5986348122866895,4395,0.5554756662023098,0.7358614120728658,0.6816602635980956,0.5021723533163265,0.12314652423469388,0,0,10949,7772,0.0,0.5570926815282059
flickr,cram_c3_stage1,4,10013411946,0.6504428386688232,0.5483317375183105,0.3987351953983307,0.3327670395374298,0.1021111011505127,0.6328277587890625,0.6327162384986877,0.5478745102882385,2.163957105949521e-06,-0.00011366356193320826,0.00011582751903915778,0.588592529296875,0.5046749293324636,4599,0.5701037756679178,0.7823715574708774,0.6293297224102912,0.2959781568877551,0.03822544642857143,267,131,6580,8572,0.06744127304874968,0.8274930012549474
flickr,cram_c3_stage1,5,10016382545,0.6672767400741577,0.6520074009895325,0.7320295572280884,0.4550386071205139,0.015269339084625244,0.507171630859375,0.6796847581863403,0.6615973711013794,9.819713159231469e-05,9.930168016580865e-05,-1.1045485734939575e-06,0.490447998046875,0.3433208489388265,6408,0.5317026948896669,0.6154403836859129,0.7373496659242762,0.5360530931122449,0.17305086096938777,329,3447,3751,2495,0.07977691561590688,0.32272668477557886
flickr,cram_c3_stage1,6,10031203703,0.7657588720321655,0.5751162767410278,,0.36361220479011536,0.1906425952911377,0.8412628173828125,0.7615514397621155,0.5693433284759521,1.5340869140345603e-05,2.8457514417823404e-05,-1.31166452774778e-05,0.4404144287109375,0.47541517421035495,3071,0.8309459379963527,0.9039870724136828,0.8898075529937951,0.6228276466836735,0.044822225765306124,0,189,3174,2932,0.0,0.5873397435897436
flickr,cram_c3_stage1,7,10035917404,0.6229044198989868,0.6254879832267761,0.48595505952835083,0.3949064612388611,-0.0025835633277893066,0.53045654296875,0.6351191997528076,0.6165492534637451,-0.0001754694094415754,-3.046749043278396e-05,-0.00014500191900879145,0.31097412109375,0.2709908475925189,5026,0.5394645541806407,0.8472121322193971,0.5879628170789349,0.43893494897959184,0.05685985331632653,0,0,8676,4774,0.0,0.6259341811983742
flickr,cram_c3_stage1,8,10045181004,0.691839873790741,0.6966019868850708,,0.34890472888946533,-0.004762113094329834,0.526031494140625,0.6914822459220886,0.7162949442863464,8.864334085956216e-05,-0.00011047122825402766,0.00019911456911358982,0.67822265625,0.6377749029754204,4638,0.5907371545436447,0.8355946956121039,0.656119967033188,0.38924984056122447,0.05486686862244898,0,3,4747,4783,0.0,0.6349395990973052
flickr,cram_c3_stage1,9,10060697266,0.691801130771637,0.5842369794845581,,0.2638424038887024,0.10756415128707886,0.6916046142578125,0.6875168085098267,0.5655412673950195,0.0001453204604331404,0.00019233998318668455,-4.701952275354415e-05,0.4419708251953125,0.33414882772680937,4905,0.6992556327121946,0.9614644868800659,0.7130291555585743,0.43520806760204084,0.011559311224489796,0,0,6986,1542,0.0,0.7266729500471254
flickr,cram_c3_stage1,10,10061269855,0.6537509560585022,0.5484840273857117,,0.2514452338218689,0.10526692867279053,0.652069091796875,0.6482707262039185,0.5561861991882324,-4.2544845200609416e-05,-0.00012322870315983891,8.06838579592295e-05,0.580474853515625,0.6830830830830831,4995,0.6622621325578942,0.9884636142844293,0.6630413467485254,0.4431202168367347,0.0007772640306122449,489,0,2467,1021,0.048870677593443934,0.9632075471698113
flickr,cram_c3_stage1,11,10067897816,0.7033243179321289,0.7891228199005127,0.5456245541572571,0.4641738831996918,-0.08579850196838379,0.406890869140625,0.7198090553283691,0.7814783453941345,-0.0005483810673467815,-0.0004655284865293652,-8.285258081741631e-05,0.3687744140625,0.24515555555555554,5625,0.3424390034548615,0.40846728780587693,0.6257303062384817,0.38930963010204084,0.21023995535714285,0,42,4207,10348,0.0,0.49618796451690245
flickr,cram_c3_stage1,12,10069511285,0.7887580990791321,0.7154093980789185,,0.381754994392395,0.07334870100021362,0.6889190673828125,0.7806086540222168,0.7332949042320251,-3.766216104850173e-05,-0.00023447746934834868,0.00019681530829984695,0.7491912841796875,0.8112970711297071,4780,0.767568710359408,0.8481653376526289,0.8539909048141759,0.6398278061224489,0.07154815051020408,72,25,4011,2683,0.045889101338432124,0.42941741357234314
flickr,cram_c3_stage1,13,10079676496,0.7285752892494202,0.5825649499893188,,0.3965359926223755,0.14601033926010132,0.7739105224609375,0.7392104864120483,0.5782601833343506,-1.7323334759566933e-05,5.529246118385345e-05,-7.261579594342038e-05,0.4499053955078125,0.18286516853932586,3560,0.8222739553773216,0.8311291264470475,0.8723791667417837,0.5801777742346939,0.033681441326530615,0,0,3351,5991,0.0,0.7799765655513605
flickr,cram_c3_stage1,14,10080652613,0.7253444194793701,0.43163153529167175,,0.22341500222682953,0.29371288418769836,0.89385986328125,0.7474590539932251,0.47904083132743835,-7.145785639295354e-05,-0.0002575487014837563,0.00018609085236676037,0.78436279296875,0.5280948200175593,2278,0.7558223803406133,0.9622756248951518,0.7730626684636118,0.47520727040816324,0.01349250637755102,0,0,6713,3018,0.0,0.8167794316644114
flickr,cram_c3_stage1,15,10106776154,0.6464408040046692,0.590779185295105,,0.4060114324092865,0.05566161870956421,0.6165924072265625,0.6477577686309814,0.5636560320854187,-4.765424091601744e-05,0.00020043569384142756,-0.0002480899274814874,0.1728363037109375,0.2297029702970297,3535,0.5901234902604005,0.8151213301378071,0.657146738720244,0.5322066326530612,0.07497608418367346,1500,2369,4201,1745,0.1452081316553727,0.5560866794136392
flickr,cram_c3_stage1,16,10109936483,0.7460525631904602,0.593765377998352,0.4878837764263153,0.3444925844669342,0.15228718519210815,0.7556610107421875,0.7591138482093811,0.6112383604049683,-0.00010867450328078121,-8.303864888148382e-05,-2.5635854399297386e-05,0.491973876953125,0.33506089660533817,3859,0.7160779297451539,0.7396209156969358,0.8925067451557518,0.39219945790816324,0.080078125,0,0,2263,11289,0.0,0.7375057163389299
flickr,cram_c3_stage1,17,10110769444,0.6984928846359253,0.7471091747283936,0.7335166335105896,0.47203293442726135,-0.04861629009246826,0.4859161376953125,0.6880435943603516,0.7264156937599182,-6.43708772258833e-05,9.574825526215136e-06,-7.394570275209844e-05,0.33736419677734375,0.3527097902097902,4576,0.5633183856502242,0.6564132933881418,0.770927092709271,0.5721061862244898,0.1795280612244898,0,729,5573,2004,0.0,0.19488476125644266
flickr,cram_c3_stage1,18,10111706074,0.6011809706687927,0.5264829993247986,0.46828678250312805,0.30967283248901367,0.07469797134399414,0.70068359375,0.6103472709655762,0.5284335017204285,1.890293788164854e-07,4.3947555241174996e-05,-4.375852586235851e-05,0.4029541015625,0.2342436974789916,3808,0.594770253929867,0.8368779242875373,0.5985246026313789,0.3748405612244898,0.003308354591836735,0,0,6136,5591,0.0,0.9711655376063922
flickr,cram_c3_stage1,19,10119607346,0.5513275861740112,0.630713939666748,0.4699644446372986,0.40968137979507446,-0.07938635349273682,0.4042510986328125,0.5576729774475098,0.5889154076576233,-9.098229929804802e-05,0.0003457332495599985,-0.00043671554885804653,0.1866912841796875,0.16896318048339734,4427,0.37523555407320935,0.5922250881718166,0.4325202314360956,0.3786073022959184,0.07914142219387756,0,118,9566,3372,0.0,0.46671280276816607
flickr,cram_c3_stage1,20,10119736773,0.6623599529266357,0.38379785418510437,,0.2255849689245224,0.27856209874153137,0.8856169871794872,0.6415929794311523,0.3569217622280121,-9.706967830425128e-05,0.00020928432059008628,-0.00030635399161837995,0.08153044871794872,0.08542713567839195,398,0.7472280162476671,0.9514590249868949,0.7472280162476671,0.5702925701530612,0.0,0,0,11007,56,0.0,1.0
flickr,cram_c3_stage1,21,10129791115,0.760579526424408,0.6130792498588562,,0.39748522639274597,0.14750027656555176,0.724273681640625,0.7484784126281738,0.6037710309028625,-1.3522861991077662e-05,-1.7234815459232777e-05,3.711953468155116e-06,0.5725250244140625,0.5849673202614379,4284,0.6622221436276503,0.7717736284571947,0.8098791063820584,0.4835180165816326,0.10273836096938775,31,0,3045,2406,0.011227816008692503,0.31821187673588147
flickr,cram_c3_stage1,22,10129813456,0.6995732188224792,0.4779559373855591,,0.3420256972312927,0.22161728143692017,0.8510894775390625,0.7206912636756897,0.5179077982902527,-3.7732228520326316e-05,-5.638091533910483e-05,1.8648686818778515e-05,0.4796295166015625,0.3389664462405094,4083,0.7167126347315521,0.9474991052254832,0.738274101057989,0.4454719387755102,0.017199457908163265,0,0,8641,5576,0.0,0.865972977170368
flickr,cram_c3_stage1,23,10163352444,0.6907027363777161,0.43145081400871277,,0.2672923505306244,0.2592519223690033,0.882965087890625,0.7026187181472778,0.43445876240730286,8.685269131092355e-05,4.464676749194041e-05,4.220592381898314e-05,0.5149307250976562,0.2475710687297589,2779,0.7527293209416365,0.9785286643407848,0.7616118272180225,0.462711256377551,0.00701530612244898,0,0,6719,5281,0.0,0.9375110953310847
flickr,cram_c3_stage1,24,10165890496,0.6379152536392212,0.5835886001586914,0.40284985303878784,0.27483198046684265,0.054326653480529785,0.6107330322265625,0.6441279649734497,0.5805091857910156,0.00011390214058337733,0.0001664861338213086,-5.258399323793128e-05,0.5119094848632812,0.19380888290713325,2972,0.5292544923210843,0.8512,0.5777244858713604,0.2989477040816326,0.040338010204081634,0,0,3501,5947,0.0,0.7460795383264334
flickr,cram_c3_stage1,25,10173808724,0.7128711938858032,0.5072159767150879,,0.2739585041999817,0.20565521717071533,0.7950592041015625,0.7026143670082092,0.5030144453048706,5.93758886680007e-05,-3.667568671517074e-05,9.605157538317144e-05,0.7090988159179688,0.5165105963528832,2029,0.7579051383399209,0.9642161549629944,0.7693405289330922,0.5627989477040817,0.010642538265306123,0,0,4071,3433,0.0,0.8653894630703303
flickr,cram_c3_stage1,26,10202025415,0.6370813250541687,0.6162748336791992,,0.2774454653263092,0.020806491374969482,0.5467071533203125,0.6176669597625732,0.6040380597114563,5.811161827296019e-07,-4.7833978896960616e-05,4.841509507969022e-05,0.5951309204101562,0.6396162302618429,5003,0.5210486005670291,0.945758743475928,0.5323942501750484,0.40858179209183676,0.01580436862244898,4,267,13672,727,0.0008631851532153647,0.5802075019952115
flickr,cram_c3_stage1,27,10221582415,0.7008020877838135,0.7581766843795776,0.4573698043823242,0.516423761844635,-0.05737459659576416,0.4470672607421875,0.6178967356681824,0.7308465242385864,0.00019415674614720047,-0.00012076195707777515,0.000314918695949018,0.7417449951171875,0.768469423824673,5658,0.5647491181243881,0.7294113571007865,0.7021762694905361,0.5752351721938775,0.14540816326530612,97,1841,5030,3186,0.02127659574468085,0.36870732554102537
flickr,cram_c3_stage1,28,10234680056,0.6140962839126587,0.6498320698738098,,0.2619818150997162,-0.03573578596115112,0.46600341796875,0.6123305559158325,0.6555997133255005,1.0547875717747957e-05,-4.665805317927152e-05,5.7205928897019476e-05,0.58123779296875,0.6748594042907727,4801,0.5977402852593421,0.8119793823921948,0.6275698940029878,0.4330556441326531,0.02796157525510204,374,0,9656,1495,0.07182638755521413,0.5158730158730159
flickr,cram_c3_stage1,29,10246013484,0.672641932964325,0.4882752299308777,,0.2982109487056732,0.18436670303344727,0.7959747314453125,0.7048548460006714,0.5282216668128967,-1.5437035472132266e-06,-3.771836054511368e-05,3.6174656997900456e-05,0.558929443359375,0.5173085244482908,4622,0.6119244077721586,0.878822629969419,0.6194857186850412,0.36495535714285715,0.006397480867346939,0,0,11653,3470,0.0,0.9153257715642311
flickr,cram_c3_stage1,30,10268129763,0.7213226556777954,0.4946620464324951,,0.29974719882011414,0.2266606092453003,0.851287841796875,0.7036290168762207,0.47695502638816833,7.921093492768705e-05,6.922207830939442e-05,9.98885661829263e-06,0.5091094970703125,0.1540454938093867,3473,0.7546398364532809,0.8716144265938238,0.8175974984799792,0.43046476403061223,0.03828523596938776,0,0,4756,8615,0.0,0.8176727410782081
flickr,cram_c3_stage1,31,10278084464,0.7597804069519043,0.7465671896934509,0.6641350984573364,0.5093284249305725,0.01321321725845337,0.502166748046875,0.7332220077514648,0.7295876145362854,-2.3268279619514942e-05,-0.00010759786528069526,8.432958566118032e-05,0.6269683837890625,0.6708528843499862,7246,0.6337404603786436,0.6267452541334966,0.948474387785835,0.6509088010204082,0.21360809948979592,1286,566,1028,3980,0.8488448844884489,0.28163034248514013
flickr,cram_c3_stage2,0,10000130166,0.6996071338653564,0.5206674337387085,,0.3218071162700653,0.17893970012664795,0.76239013671875,0.6979241371154785,0.5481511354446411,2.5045053916983306e-05,-4.67030840809457e-05,7.174813799792901e-05,0.891571044921875,0.7721729490022173,5412,0.7151409991871444,0.9566917607695525,0.7151409991871444,0.47652264030612246,0.0,0,0,6118,3401,0.0,1.0
flickr,cram_c3_stage2,1,10007936344,0.7978537082672119,0.6755682229995728,0.5598868131637573,0.4869607985019684,0.12228548526763916,0.777374267578125,0.814559817314148,0.6784260272979736,-1.784680898708757e-05,1.4323275536298752e-05,-3.2170086342375726e-05,0.2920684814453125,0.24062214089661482,5465,0.7576507936507937,0.7673461513729021,0.9469131883827964,0.6198580994897959,0.12547831632653061,0,0,831,6697,0.0,0.5154313861309936
flickr,cram_c3_stage2,2,10008553263,0.7654159069061279,0.7693880200386047,0.658948540687561,0.5571808815002441,-0.003972113132476807,0.628448486328125,0.7624661326408386,0.7747464179992676,2.9576240194728598e-05,1.2866765246144496e-05,1.6709474948584102e-05,0.6374740600585938,0.5787192118226601,5075,0.41325650530333613,0.3745966266342859,0.8110054739268222,0.5990712691326531,0.26632254464285715,0,0,1593,5956,0.0,0.30829753092810186
flickr,cram_c3_stage2,3,10009662863,0.674601137638092,0.5527037978172302,0.5549362897872925,0.4535904824733734,0.12189733982086182,0.715850830078125,0.7216891646385193,0.6156719923019409,-7.336899216170423e-06,-1.6028763639042154e-05,8.691864422871731e-06,0.5567779541015625,0.5219919110212335,3956,0.6193296623633027,0.7757534775888717,0.7380930497601147,0.5157844387755102,0.10395408163265306,0,0,9303,8735,0.0,0.6261199913984661
flickr,cram_c3_stage2,4,10013411946,0.6829104423522949,0.622261643409729,0.4336756467819214,0.3992016315460205,0.06064879894256592,0.6213226318359375,0.6514997482299805,0.6010723114013672,-3.282475518062711e-07,-2.5792514861677773e-05,2.5464267309871502e-05,0.6153564453125,0.5593419506462984,5957,0.5944360118710496,0.6833072916666667,0.7106025727826676,0.3826530612244898,0.07190688775510204,523,51,4177,6802,0.13210406668350594,0.656627087556714
flickr,cram_c3_stage2,5,10016382545,0.7298048734664917,0.6960779428482056,0.7663682699203491,0.5115137100219727,0.03372693061828613,0.5512237548828125,0.7231111526489258,0.6738454699516296,1.7376431060256436e-05,4.2040144762722775e-05,-2.466371370246634e-05,0.4660797119140625,0.23450292397660819,6840,0.5971175790164754,0.617763115337344,0.8507795100222717,0.6161910076530612,0.19007095025510204,817,3451,1072,1645,0.1981086323957323,0.21277971801836762
flickr,cram_c3_stage2,6,10031203703,0.7953217029571533,0.5601052045822144,,0.40229323506355286,0.23521649837493896,0.8697662353515625,0.7882725596427917,0.5573045611381531,7.386446668533608e-06,9.066096026799642e-06,-1.6796493582660332e-06,0.4951171875,0.5864271457085828,2505,0.8630348676708876,0.9234115645166469,0.9059025481117515,0.6207549426020408,0.03142936862244898,0,261,2606,3676,0.0,0.7363782051282052
flickr,cram_c3_stage2,7,10035917404,0.7024328112602234,0.6733675003051758,0.553432047367096,0.4488387703895569,0.029065310955047607,0.5878143310546875,0.7008213996887207,0.6660223603248596,-2.5220695533789694e-05,-9.088924343814142e-06,-1.6131771189975552e-05,0.3841552734375,0.5061775327884432,5261,0.6234541877459246,0.8306185875833146,0.6989916495982353,0.5322464923469388,0.07663026147959184,0,0,4986,3782,0.0,0.4958699357545562
flickr,cram_c3_stage2,8,10045181004,0.7140322327613831,0.6950404047966003,,0.42561623454093933,0.018991827964782715,0.5721435546875,0.7128154039382935,0.707468569278717,1.1825930414488539e-05,-2.0503470295807347e-05,3.2329400710295886e-05,0.6521759033203125,0.6143857850674868,5853,0.6356135214266703,0.825117479038054,0.7200434197037007,0.43259725765306123,0.06584821428571429,0,0,3123,4229,0.0,0.5613965219699987
flickr,cram_c3_stage2,9,10060697266,0.7275571823120117,0.600029468536377,,0.34221309423446655,0.12752771377563477,0.7637939453125,0.7254147529602051,0.5961551666259766,3.9146299968706444e-05,1.2838991096941754e-05,2.630730887176469e-05,0.5778274536132812,0.35357917570498915,5532,0.7904125789096723,0.9640027627676431,0.8057937545635157,0.4905333227040816,0.011419802295918368,0,0,4203,1549,0.0,0.7299717247879359
flickr,cram_c3_stage2,10,10061269855,0.7040665149688721,0.6477912664413452,,0.36771029233932495,0.056275248527526855,0.577880859375,0.6918776035308838,0.6382774114608765,-5.2754367061425e-06,7.064845704007894e-07,-5.981921276543289e-06,0.40848541259765625,0.6185714285714285,4900,0.7049163350150168,0.9607210549663265,0.7187184167257478,0.4942004145408163,0.012934470663265306,804,0,829,411,0.08035178892664402,0.3877358490566038
flickr,cram_c3_stage2,11,10067897816,0.7984317541122437,0.8358094096183777,0.6678611040115356,0.5929966568946838,-0.03737765550613403,0.503326416015625,0.8272927403450012,0.8345766067504883,-0.00014075249782763422,-8.046089351410046e-05,-6.029160431353375e-05,0.216461181640625,0.17810989998876278,8899,0.3271398848405671,0.343221199404359,0.7953181978590754,0.5888871173469388,0.3636997767857143,0,763,1893,3369,0.0,0.16154399424598417
flickr,cram_c3_stage2,12,10069511285,0.8254510164260864,0.7554866075515747,,0.44967612624168396,0.06996440887451172,0.7039642333984375,0.8194706439971924,0.7593955993652344,-8.394834367209114e-06,-2.3911308744573034e-05,1.551647437736392e-05,0.6097412109375,0.7167173252279635,4935,0.8027436922652695,0.8318284424379232,0.9130155245413204,0.6974848533163265,0.08729272959183673,758,48,2594,1916,0.48311026131293816,0.3066581306017926
flickr,cram_c3_stage2,13,10079676496,0.7824456691741943,0.6421326398849487,,0.46692055463790894,0.1403130292892456,0.7918853759765625,0.7888043522834778,0.6380193829536438,-1.282754965359345e-06,1.270027678401675e-05,-1.3983031749376096e-05,0.4490509033203125,0.3056714952123742,4073,0.8373566444783062,0.7889526975970984,0.9411563215489733,0.6593789859693877,0.06851881377551021,0,0,1125,4243,0.0,0.5524020309855487
flickr,cram_c3_stage2,14,10080652613,0.765485405921936,0.4853731095790863,,0.31687217950820923,0.28011229634284973,0.896575927734375,0.7864612340927124,0.5279183983802795,-9.639277777750976e-06,-7.470709533663467e-05,6.506781937787309e-05,0.8925628662109375,0.7338187702265372,2472,0.8127358645358186,0.958975451095795,0.8344508086253369,0.5147082270408163,0.01580436862244898,22,0,4869,2902,0.014925373134328358,0.7853856562922868
flickr,cram_c3_stage2,15,10106776154,0.703726053237915,0.6375110149383545,,0.49587172269821167,0.06621503829956055,0.621185302734375,0.686049222946167,0.5866062641143799,-1.6587606296525337e-05,5.0033351726597175e-05,-6.662095984211192e-05,0.1146697998046875,0.09256449165402124,5272,0.6427890080884371,0.7938546945098925,0.742554379820973,0.6174864477040817,0.1024593431122449,2102,3536,1903,1533,0.20348499515972895,0.48852772466539196
flickr,cram_c3_stage2,16,10109936483,0.8371037244796753,0.6683721542358398,0.5434591770172119,0.44764748215675354,0.16873157024383545,0.81671142578125,0.8427044153213501,0.6818152666091919,-1.5025168977444991e-05,-1.5800051187397912e-05,7.748822099529207e-07,0.5518798828125,0.425929817188485,4759,0.7255390096839028,0.6945124617402711,0.9739698307579102,0.4557955994897959,0.11128826530612244,0,0,638,9723,0.0,0.6351995818906383
flickr,cram_c3_stage2,17,10110769444,0.767079770565033,0.784282922744751,0.6855700016021729,0.5308723449707031,-0.017203152179718018,0.5047454833984375,0.7576605677604675,0.7805474996566772,6.9962279667379335e-06,-4.751855158247054e-06,1.1748083124984987e-05,0.6349411010742188,0.6938712179984484,6445,0.6148552513139174,0.6522609659931,0.8663366336633663,0.6470025510204082,0.19923867984693877,0,733,2804,1019,0.0,0.09909559467081591
flickr,cram_c3_stage2,18,10111706074,0.6262533068656921,0.5561262965202332,0.49116456508636475,0.3511088490486145,0.07012701034545898,0.709625244140625,0.6232007741928101,0.5461387038230896,-2.3325446818489581e-07,1.0632593330228701e-05,-1.0865847798413597e-05,0.38872528076171875,0.2434876210979548,4645,0.6186418458311485,0.820451045650986,0.628051562856491,0.4012077487244898,0.007971938775510204,0,0,5047,5357,0.0,0.9305193677262463
flickr,cram_c3_stage2,19,10119607346,0.6737357378005981,0.7052024602890015,0.5755700469017029,0.5055410861968994,-0.03146672248840332,0.4713897705078125,0.6821343302726746,0.6647384166717529,-1.236941352544818e-05,7.769346120767295e-05,-9.006287291413173e-05,0.176361083984375,0.11998016856717898,6051,0.5101455216232834,0.6083057602647015,0.6219748957192012,0.5300542091836735,0.11363998724489796,62,693,3760,2216,0.008099281515349445,0.3067128027681661
flickr,cram_c3_stage2,20,10119736773,0.7398436069488525,0.41238707304000854,,0.319982647895813,0.327456533908844,0.9432091346153846,0.7256795763969421,0.3991381824016571,-2.2752376025891863e-05,4.839719258598052e-05,-7.114956679288298e-05,0.07752403846153846,0.33969465648854963,262,0.8652089220554747,0.9406711409395974,0.8655176199363267,0.6681481186224489,0.00025908801020408165,44,13,6154,56,0.01698841698841699,1.0
flickr,cram_c3_stage2,21,10129791115,0.7478331327438354,0.5878063440322876,,0.3830450177192688,0.16002678871154785,0.7500152587890625,0.7492587566375732,0.5934627056121826,1.892834006866906e-05,1.317858368565794e-05,5.749756383011118e-06,0.5746383666992188,0.39006282124500286,3502,0.6714221704453804,0.7832650330350422,0.8101818810960445,0.47660235969387754,0.09522480867346939,0,0,2984,2783,0.0,0.368073006216109
flickr,cram_c3_stage2,22,10129813456,0.7250964641571045,0.5109255313873291,,0.37771445512771606,0.2141709327697754,0.8785858154296875,0.7480252981185913,0.541784405708313,-9.910421795211732e-06,-3.532659320626408e-06,-6.3777624745853245e-06,0.4207305908203125,0.3330051685946345,4063,0.7688748296343659,0.9407683439018365,0.7964547783800743,0.48401626275510207,0.0205078125,0,0,6873,5410,0.0,0.8401925764870322
flickr,cram_c3_stage2,23,10163352444,0.7141386270523071,0.48865756392478943,,0.3199141025543213,0.2254810631275177,0.86846923828125,0.7225281000137329,0.4889441728591919,2.111693720507901e-05,1.8196757082478143e-05,2.9201801226008683e-06,0.48319244384765625,0.2978421351504827,3522,0.7925475210339002,0.964435396958448,0.8100035200053638,0.49930245535714285,0.01309390943877551,0,0,5188,4976,0.0,0.8833658796378484
flickr,cram_c3_stage2,24,10165890496,0.645321249961853,0.5756670236587524,0.40572017431259155,0.3241867125034332,0.06965422630310059,0.622100830078125,0.6557382941246033,0.5799607038497925,3.860308788716793e-05,3.79136145056691e-05,6.894733814988285e-07,0.529327392578125,0.17347242921013412,3355,0.5239492912008993,0.8553660028546184,0.5694441302232981,0.2932278380102041,0.0382453762755102,0,0,3683,6052,0.0,0.7592522895496173
flickr,cram_c3_stage2,25,10173808724,0.703607439994812,0.4866623878479004,,0.29139500856399536,0.21694505214691162,0.811309814453125,0.7202304601669312,0.5089388489723206,1.1855947377625853e-05,-1.653275467106141e-05,2.8388702048687264e-05,0.730926513671875,0.39265799256505574,2152,0.7654232626024475,0.977787737540337,0.7705272377938517,0.5558434311224489,0.00470344387755102,0,0,4122,3731,0.0,0.9405092009074868
flickr,cram_c3_stage2,26,10202025415,0.7203142046928406,0.5963292121887207,,0.3673790991306305,0.12398499250411987,0.7537384033203125,0.6992690563201904,0.5781212449073792,-2.749402483459562e-07,1.2536711437860504e-06,-1.5286113921320066e-06,0.50054931640625,0.639210716871832,5524,0.7751827372218558,0.9557207820227702,0.7906146601315266,0.6004264987244898,0.014449139030612245,1062,172,5036,700,0.22917565817867933,0.5586592178770949
flickr,cram_c3_stage2,27,10221582415,0.7780877351760864,0.7011599540710449,0.5002533197402954,0.5032556653022766,0.0769277811050415,0.6945037841796875,0.7779541015625,0.7592655420303345,4.3850261135958135e-05,-3.857281262753531e-05,8.242307376349345e-05,0.8090667724609375,0.7892462794047047,4166,0.7036671622917332,0.7920850930705459,0.8444592679062787,0.6370575573979592,0.11955915178571429,850,925,1384,3567,0.1864443957008116,0.4127994445087374
flickr,cram_c3_stage2,28,10234680056,0.6396717429161072,0.6082389950752258,,0.3038346469402313,0.03143274784088135,0.5798187255859375,0.6355994939804077,0.6102781295776367,1.7291131371166557e-06,-1.0592926628305577e-05,1.2322039765422232e-05,0.5597991943359375,0.700836820083682,5258,0.6540156458169645,0.8161394833319123,0.6809774489578146,0.4675143494897959,0.023098692602040817,377,0,7686,1739,0.07240253504897254,0.6000690131124914
flickr,cram_c3_stage2,29,10246013484,0.7138292193412781,0.5528790354728699,,0.3919447958469391,0.1609501838684082,0.7998809814453125,0.742477536201477,0.5961452722549438,9.884990504360758e-06,-2.4669867343618535e-05,3.455485784797929e-05,0.7178497314453125,0.5783825220390955,5218,0.7235283194057567,0.8465583173996176,0.7499037647239972,0.45862563775510207,0.01887356505102041,0,0,7579,2844,0.0,0.7501978369823266
flickr,cram_c3_stage2,30,10268129763,0.8149689435958862,0.6548817157745361,,0.48066526651382446,0.1600872278213501,0.8402252197265625,0.7988841533660889,0.6340067386627197,1.4818819181527942e-05,1.8857572285924107e-05,-4.038753104396164e-06,0.4232330322265625,0.25434874840899446,4714,0.794212962962963,0.7666116668385411,0.9685355684877964,0.5797791772959183,0.10072544642857142,105,75,502,5557,0.17326732673267325,0.5274297646165528
flickr,cram_c3_stage2,31,10278084464,0.7919060587882996,0.7673243284225464,0.6544778943061829,0.5419019460678101,0.024581730365753174,0.5605010986328125,0.7799012660980225,0.7584928274154663,-7.1709800977259874e-06,-1.4059134628041647e-05,6.88815453031566e-06,0.6511993408203125,0.7058625714605986,8921,0.634641651031895,0.6154372380065207,0.9796121678289276,0.6846301020408163,0.2337970344387755,1091,531,154,2932,0.7201320132013201,0.20747240305689216
flickr,original_1.3g_final,32,10283938426,0.8316484093666077,0.7845934629440308,0.6802202463150024,0.6087315082550049,0.047054946422576904,0.6965179443359375,0.803507924079895,0.7547317743301392,9.28521876630839e-06,9.538018275634386e-06,-2.5279950932599604e-07,0.4639739990234375,0.53600721045516,11095,0.53082954215468,0.48801200071190665,0.9925278589342503,0.7838608099489796,0.3352200255102041,0,0,0,0,0.0,0.0
flickr,original_1.3g_final,33,10289643764,0.8134734034538269,0.7275195717811584,0.5830632448196411,0.48922184109687805,0.08595383167266846,0.7331085205078125,0.8253990411758423,0.7276394963264465,-2.0263456462998874e-05,3.149414624203928e-06,-2.3412871087202802e-05,0.254791259765625,0.2054481546572935,5690,0.6269218381841913,0.6080294610857199,0.9628491838275494,0.6061264349489796,0.20509805484693877,0,0,0,0,0.0,0.0
flickr,original_1.3g_final,34,10304554474,0.8146178722381592,0.8733782768249512,0.7739032506942749,0.6164689064025879,-0.05876040458679199,0.397705078125,0.8051046133041382,0.8556667566299438,-1.3559041690314189e-05,-1.1968058970523998e-06,-1.2362235793261789e-05,0.284210205078125,0.16904999445737723,9021,0.611771128499753,0.6301850413732158,0.8594332042947922,0.7442402742346939,0.22092235331632654,0,0,0,0,0.0,0.0
flickr,original_1.3g_final,35,10308472565,0.8346070051193237,0.7978261709213257,0.7569385170936584,0.5223804712295532,0.03678083419799805,0.6295623779296875,0.855757474899292,0.8105206489562988,-3.94445305573754e-06,1.19303549581673e-05,-1.587480801390484e-05,0.38668060302734375,0.24545024816828173,8462,0.6069469518122483,0.5608578486413653,0.9686132195689512,0.6212332589285714,0.21434550382653061,0,0,0,0,0.0,0.0
flickr,original_1.3g_final,36,10369815925,0.7786380648612976,0.6385907530784607,,0.34861963987350464,0.14004731178283691,0.8046417236328125,0.7778406739234924,0.663404107093811,7.75723674451001e-06,-3.654405736597255e-05,4.430129411048256e-05,0.8576202392578125,0.7424218123496391,6235,0.8916659472215028,0.930130283381364,0.9230368207816969,0.6639030612244898,0.02353714923469388,0,0,0,0,0.0,0.0
flickr,original_1.3g_final,37,10389014583,0.7460681200027466,0.7626509666442871,0.7100973129272461,0.5868642926216125,-0.016582846641540527,0.5009765625,0.7578731775283813,0.7661886215209961,-2.6540459657553583e-05,-1.4686687791254371e-05,-1.1853771866299212e-05,0.39776611328125,0.330154167755422,7654,0.6171673217293655,0.6261143231465922,0.8259195251155277,0.6997568558673469,0.17942841198979592,0,0,0,0,0.0,0.0
flickr,original_1.3g_final,38,10409146004,0.7680916786193848,0.8552341461181641,0.7564512491226196,0.5753245949745178,-0.0871424674987793,0.3990020751953125,0.7532874345779419,0.8706074953079224,1.5762036127853207e-05,-3.921100142179057e-05,5.497303936863318e-05,0.794647216796875,0.7189337886549042,10542,0.46003762506057067,0.5072283855558,0.820596908684157,0.634147799744898,0.30721859056122447,0,0,0,0,0.0,0.0
flickr,original_1.3g_final,39,10409351364,0.8577759265899658,0.7262305021286011,0.6132168173789978,0.5356059670448303,0.13154542446136475,0.877716064453125,0.8743749856948853,0.7563974857330322,3.937344081350602e-05,-9.292889444623142e-07,4.0302729757968336e-05,0.805999755859375,0.33280701754385966,5700,0.5689370117029209,0.5465927494705369,1.0,0.6399075255102041,0.26500717474489793,0,0,0,0,0.0,0.0
flickr,original_1.3g_final,40,10413912845,0.813618004322052,0.8700047731399536,0.7978556156158447,0.5785252451896667,-0.05638676881790161,0.4005279541015625,0.8185518980026245,0.8643760681152344,1.2351791156106628e-05,4.020301639684476e-05,-2.785122524073813e-05,0.271331787109375,0.19980732177263968,10380,0.3261583908656399,0.3343256668481219,0.8798012355627183,0.5857780612244898,0.3778499681122449,0,0,0,0,0.0,0.0
flickr,original_1.3g_final,41,10437048305,0.7173140048980713,0.7166881561279297,,0.3672473430633545,0.0006258487701416016,0.5346832275390625,0.7767964601516724,0.7565640211105347,-3.5203334846301004e-05,-8.507413440383971e-07,-3.435259350226261e-05,0.36348724365234375,0.43533333333333335,6750,0.7165735005287808,0.9337839611497571,0.7391304347826086,0.45553651147959184,0.018116230867346938,0,0,0,0,0.0,0.0
flickr,original_1.3g_final,42,10440265465,0.8332661390304565,0.7750893831253052,,0.4921877384185791,0.05817675590515137,0.682098388671875,0.834077000617981,0.7661812901496887,3.892352833645418e-05,4.463109144126065e-05,-5.707563104806468e-06,0.430572509765625,0.3454238169526781,7692,0.678274340753713,0.6523288203666515,0.9774801009512716,0.6153140943877551,0.18114237882653061,0,0,0,0,0.0,0.0
flickr,original_1.3g_final,43,10441843213,0.8618772029876709,0.7447517514228821,,0.5027350783348083,0.11712545156478882,0.840301513671875,0.8660861253738403,0.7567036747932434,1.1878570148837753e-05,-1.4968065443099476e-05,2.684663559193723e-05,0.710723876953125,0.768903842748362,5647,0.7466054453290647,0.7134365607556892,0.9849217375196814,0.7426658163265306,0.1717155612244898,0,0,0,0,0.0,0.0
flickr,original_1.3g_final,44,10446128125,0.7736855149269104,0.7236453294754028,0.6834192276000977,0.5035481452941895,0.05004018545150757,0.6661224365234375,0.8044787645339966,0.7816939353942871,-4.597724910126999e-06,-3.9472946809837595e-05,3.4875221899710596e-05,0.7280426025390625,0.5402558314522197,6645,0.6992903478601593,0.7417795566502463,0.8815425989279376,0.6473214285714286,0.14196029974489796,0,0,0,0,0.0,0.0
flickr,original_1.3g_final,45,10451898725,0.9270675182342529,0.8837430477142334,0.848639965057373,0.7135782837867737,0.04332447052001953,0.564666748046875,0.9234718084335327,0.8839887380599976,1.8998422092408873e-05,1.4071612895349972e-05,4.926809197058901e-06,0.500732421875,0.17275143376696042,14298,0.053039307538489504,0.05226101573479567,1.0,0.7232342155612245,0.6748246173469388,0,0,0,0,0.0,0.0
flickr,original_1.3g_final,46,10468313544,0.8557665348052979,0.7559438943862915,0.8027240037918091,0.6785300374031067,0.09982264041900635,0.8182830810546875,0.8611197471618652,0.7658936977386475,3.635534085333347e-05,2.3325865186052397e-06,3.402275615371764e-05,0.72698974609375,0.34073780245934154,7563,0.3683793781780841,0.36022793263646924,1.0,0.8236607142857143,0.5087292729591837,0,0,0,0,0.0,0.0
flickr,original_1.3g_final,47,10476442285,0.81003737449646,0.7502905130386353,0.6685127019882202,0.5247496366500854,0.05974686145782471,0.704864501953125,0.8196694850921631,0.7485792636871338,2.5276349333580583e-06,1.6700962078175507e-05,-1.4173327144817449e-05,0.31609344482421875,0.22836514686974582,10111,0.6366344005956813,0.6213447762743537,0.9905660377358491,0.5759127869897959,0.2008330676020408,0,0,0,0,0.0,0.0
flickr,original_1.3g_final,48,10476446674,0.8080295324325562,0.7470002174377441,0.6897644400596619,0.5323513746261597,0.06102931499481201,0.7222747802734375,0.8122878670692444,0.7690798044204712,2.7395626602810808e-05,4.8583369789412245e-06,2.2537289623869583e-05,0.7982330322265625,0.6881483116309866,9062,0.5080863743246397,0.46164133342031444,0.9775183893359118,0.6110092474489796,0.2666015625,0,0,0,0,0.0,0.0
flickr,original_1.3g_final,49,10477544895,0.7443429231643677,0.7423925399780273,0.6722389459609985,0.4791960120201111,0.001950383186340332,0.5512847900390625,0.7494230270385742,0.7437806129455566,1.6602529285592027e-05,2.197181856899988e-05,-5.369289283407852e-06,0.4835968017578125,0.4795376444860981,6402,0.5281841474502025,0.5661071001461665,0.8354686887174794,0.4499561543367347,0.17737563775510204,0,0,0,0,0.0,0.0
flickr,original_1.3g_final,50,10481128583,0.7913854122161865,0.7762612104415894,0.7137517333030701,0.5269989967346191,0.015124201774597168,0.5568695068359375,0.7934190034866333,0.7789766788482666,-4.554587576421909e-06,-6.249782018130645e-06,1.6951944417087361e-06,0.531036376953125,0.4298480786416443,7833,0.591233834745124,0.6054516268444774,0.929614181438999,0.6456074617346939,0.24065290178571427,0,0,0,0,0.0,0.0
flickr,original_1.3g_final,51,10520382525,0.8435310125350952,0.775672435760498,,0.5047935843467712,0.06785857677459717,0.6922760009765625,0.8518604040145874,0.7762764692306519,2.855949969671201e-05,3.400359128136188e-05,-5.444091584649868e-06,0.4610443115234375,0.19641076769690927,7021,0.6438759547253152,0.6003328986203583,0.977480372160599,0.5807158801020408,0.18478954081632654,0,0,0,0,0.0,0.0
flickr,original_1.3g_final,52,10545790805,0.7752140164375305,0.7592113018035889,,0.5332339406013489,0.01600271463394165,0.593292236328125,0.7858553528785706,0.7766964435577393,1.569402593304403e-05,3.3532032830407843e-06,1.2340822650003247e-05,0.6307830810546875,0.6292413793103449,10875,0.7454914397828366,0.7369742540585063,0.9258795647239468,0.7500996492346939,0.1444714604591837,0,0,0,0,0.0,0.0
flickr,original_1.3g_final,53,10548273474,0.8434714078903198,0.795517086982727,0.7763601541519165,0.5533811450004578,0.04795432090759277,0.7022552490234375,0.8408278822898865,0.788954496383667,5.671245162375271e-07,1.6382036847062409e-06,-1.0710791684687138e-06,0.496307373046875,0.414878581523834,7783,0.4482448891603492,0.4214153014693464,0.9522210349564952,0.5900231186224489,0.29358657525510207,0,0,0,0,0.0,0.0
flickr,original_1.3g_final,54,10549911663,0.7793982028961182,0.7179871797561646,0.8020758628845215,0.5942306518554688,0.06141102313995361,0.6989288330078125,0.7855390310287476,0.7475064992904663,8.389888535020873e-06,-2.5890862161759287e-05,3.428075069678016e-05,0.7812347412109375,0.7479267720231576,6391,0.46937953770462926,0.5095202972190351,0.8401387356140627,0.7295519770408163,0.3494897959183674,0,0,0,0,0.0,0.0
flickr,original_1.3g_final,55,10555704135,0.7818913459777832,0.7391061782836914,0.793324887752533,0.559654712677002,0.0427851676940918,0.6641387939453125,0.7837162017822266,0.7291914224624634,-1.4823577657807618e-05,6.07921538176015e-06,-2.090279303956777e-05,0.127471923828125,0.11060948081264109,4873,0.4367856159985322,0.4555317439057059,0.844669150257229,0.5207868303571429,0.2622767857142857,0,0,0,0,0.0,0.0
flickr,original_1.3g_final,56,10557361454,0.6764966249465942,0.8890262842178345,0.8221492767333984,0.56914883852005,-0.21252965927124023,0.0941925048828125,0.6909388303756714,0.899677038192749,-5.064794095233083e-08,-1.3747980119660497e-05,1.3697332178708166e-05,0.7178192138671875,0.776851234156104,2998,0.17610825397446175,0.1838559529642332,0.7207683073229292,0.4881218112244898,0.3850845025510204,0,0,0,0,0.0,0.0
flickr,original_1.3g_final,57,10610974774,0.8008785247802734,0.7689331769943237,,0.33162352442741394,0.03194534778594971,0.6100311279296875,0.8014897108078003,0.7696384191513062,8.209992301999591e-06,8.079792678472586e-06,1.3019962352700531e-07,0.4941558837890625,0.44093068982467637,6103,0.9201374222072034,0.9353619786448344,0.952235239260943,0.6962093431122449,0.023856026785714284,0,0,0,0,0.0,0.0
flickr,original_1.3g_final,58,10624261424,0.8084250688552856,0.8046016693115234,,0.5066678524017334,0.003823399543762207,0.5228118896484375,0.8052815198898315,0.8078347444534302,2.6379626433481462e-05,1.4002729585627094e-05,1.2376896847854368e-05,0.682373046875,0.7014580929403126,9533,0.669889502762431,0.602898361084759,0.9896364710304463,0.6092354910714286,0.1771564094387755,0,0,0,0,0.0,0.0
flickr,original_1.3g_final,59,10635080206,0.8788211941719055,0.7797996401786804,0.6342247724533081,0.57393878698349,0.0990215539932251,0.82861328125,0.8815034627914429,0.7943295240402222,1.7616903278394602e-05,-6.513782864203677e-07,1.826828156481497e-05,0.737457275390625,0.5245018847603662,5571,0.6272164719593751,0.6043421298895751,0.9969565984474241,0.7453962053571429,0.2663624043367347,0,0,0,0,0.0,0.0
flickr,original_1.3g_final,60,10654057765,0.761589765548706,0.8055472373962402,0.7692961692810059,0.5078073740005493,-0.04395747184753418,0.3715362548828125,0.7792298197746277,0.8290027379989624,-5.789714123238809e-06,-2.3299246095120907e-05,1.7509531971882097e-05,0.5882949829101562,0.5324743470149254,8576,0.7152313338134925,0.6829763542280736,0.9284537643025689,0.6085379464285714,0.1334502551020408,0,0,0,0,0.0,0.0
flickr,original_1.3g_final,61,10659354545,0.7464885115623474,0.8655921816825867,0.7147253751754761,0.6174256205558777,-0.11910367012023926,0.305908203125,0.7447184920310974,0.8730412125587463,9.483437679591589e-06,4.654815711546689e-06,4.828621968044899e-06,0.55450439453125,0.6809790783536168,7313,0.6323100430615364,0.7537671799966882,0.7943229409027455,0.7221380739795918,0.17558195153061223,0,0,0,0,0.0,0.0
flickr,original_1.3g_final,62,10666396623,0.6956902742385864,0.6715179681777954,,0.40788212418556213,0.024172306060791016,0.58514404296875,0.7319484949111938,0.7102211117744446,-1.5108138541108929e-05,-1.7741407646099105e-05,2.633269104990177e-06,0.5260467529296875,0.29200442151805456,5428,0.6722150048717116,0.7222052601735944,0.7984376506895554,0.45693160076530615,0.07760682397959184,0,0,0,0,0.0,0.0
flickr,original_1.3g_final,63,10667001125,0.8914919495582581,0.7932564616203308,0.7002817988395691,0.5477871894836426,0.09823548793792725,0.85723876953125,0.9081569910049438,0.8210070729255676,2.6461926609044895e-05,-4.601806722348556e-07,2.692210728127975e-05,0.8135528564453125,0.6438207660804626,8302,0.31589095862300764,0.3037628006668254,1.0,0.5857979910714286,0.38536352040816324,0,0,0,0,0.0,0.0
flickr,cram_c3_stage1,32,10283938426,0.7378226518630981,0.7412053346633911,0.7652330994606018,0.6341899037361145,-0.0033826828002929688,0.5218353271484375,0.7316287755966187,0.740366518497467,6.406822649296373e-06,-3.4192591556347907e-05,4.059941420564428e-05,0.564056396484375,0.5631265239772419,7382,0.442540732127597,0.45154235398381887,0.8167386301936551,0.6971261160714286,0.32589285714285715,0,2432,3884,2900,0.0,0.1724137931034483
flickr,cram_c3_stage1,33,10289643764,0.69706130027771,0.6102292537689209,0.48883166909217834,0.4068674147129059,0.08683204650878906,0.6949005126953125,0.7032333612442017,0.6093080043792725,-6.949834642000496e-05,-2.5462497433181852e-05,-4.403584898682311e-05,0.38103485107421875,0.285140562248996,3237,0.6310882761192483,0.7374358477776702,0.7930540730519903,0.4116310586734694,0.09823421556122448,0,0,4397,5362,0.0,0.5210378000194344
flickr,cram_c3_stage1,34,10304554474,0.6190440654754639,0.6018533706665039,0.3309158980846405,0.3104829788208008,0.01719069480895996,0.59112548828125,0.6728959083557129,0.6304333806037903,-2.703157952055335e-05,0.00016735171084292233,-0.00019438329036347568,0.2315826416015625,0.16611125352473724,3901,0.5372985545771722,0.7930358018636586,0.5905339273975604,0.4063695790816326,0.05406967474489796,0,0,8581,8372,0.0,0.755254848894903
flickr,cram_c3_stage1,35,10308472565,0.7882747054100037,0.7110572457313538,0.6256841421127319,0.4340498745441437,0.0772174596786499,0.646240234375,0.7970592975616455,0.6977037191390991,2.12125014513731e-05,0.00016251372289843857,-0.00014130122144706547,0.3647613525390625,0.2739368020907579,4209,0.6200958074349737,0.6288846061190074,0.8678043104881157,0.49637276785714285,0.14369419642857142,76,422,2796,3967,0.06725663716814159,0.36885169688516967
flickr,cram_c3_stage1,36,10369815925,0.7201266884803772,0.674723207950592,,0.3277488350868225,0.045403480529785156,0.5992431640625,0.7349357604980469,0.6949201822280884,0.00011740950139937922,1.3932403817307204e-05,0.00010347709758207202,0.6360626220703125,0.42092639784140307,6671,0.7386578316650219,0.9010284102634656,0.7804009771210677,0.5794403698979592,0.037806919642857144,135,836,5089,120,0.04180860947661815,0.10160880609652836
flickr,cram_c3_stage1,37,10389014583,0.6493023633956909,0.5653117299079895,0.4513452649116516,0.349794864654541,0.08399063348770142,0.6504974365234375,0.6601963043212891,0.5615361928939819,-0.00016076085739769042,5.858909571543336e-05,-0.00021934995311312377,0.245147705078125,0.25270513976555453,4436,0.623302931142519,0.7792236051875707,0.6726903858436337,0.4579480229591837,0.04203204719387755,0,0,5239,6894,0.0,0.7657447517494168
flickr,cram_c3_stage1,38,10409146004,0.7029086947441101,0.7290453910827637,0.5178951025009155,0.3957081437110901,-0.026136696338653564,0.50537109375,0.7055710554122925,0.7274011373519897,-7.893198926467448e-05,-6.11685827607289e-05,-1.776340650394559e-05,0.44122314453125,0.5151721014492754,4416,0.5148023086889945,0.686250392546844,0.6666412446613789,0.3807796556122449,0.11561304209183673,0,0,3099,9614,0.0,0.6236782354849173
flickr,cram_c3_stage1,39,10409351364,0.8051093816757202,0.5735750198364258,0.43943822383880615,0.3473961651325226,0.23153436183929443,0.89208984375,0.8134995102882385,0.6021729707717896,0.00023273593978956342,-2.575090911705047e-05,0.00025848683435469866,0.73455810546875,0.5241773002014775,2978,0.772818647393864,0.7946894379368048,0.9200284900284901,0.40493463010204084,0.06662547831632654,0,0,1836,9954,0.0,0.7485899074979319
flickr,cram_c3_stage1,40,10413912845,0.7297163009643555,0.7580400705337524,0.5651023983955383,0.40072575211524963,-0.028323769569396973,0.475982666015625,0.7181750535964966,0.7491588592529297,-2.1662708604708314e-05,-6.0753147408831865e-05,3.909043880412355e-05,0.5773468017578125,0.6012856436459535,6067,0.4118827682932727,0.4597300944669366,0.7625123108604173,0.3692004145408163,0.18949298469387754,0,0,1416,9451,0.0,0.4984967561580252
flickr,cram_c3_stage1,41,10437048305,0.6559744477272034,0.6904804706573486,,0.28067106008529663,-0.034506022930145264,0.5048065185546875,0.6697502136230469,0.725401759147644,6.175350426929072e-05,-0.00014245083730202168,0.00020420434884727,0.67010498046875,0.6846240179573513,5346,0.5745995461246667,0.9064018813692187,0.6006268072654234,0.3813576211734694,0.026068239795918366,107,580,4228,181,0.012706329414558841,0.19911991199119913
flickr,cram_c3_stage1,42,10440265465,0.7571053504943848,0.6402058601379395,,0.47654712200164795,0.11689949035644531,0.7827301025390625,0.7329623699188232,0.6285277605056763,0.0002068866597255692,1.96007895283401e-05,0.0001872858701972291,0.7763519287109375,0.7052303429165223,5774,0.6257889990982868,0.6534839924670434,0.875752281110464,0.5503029336734694,0.16402264030612246,0,3042,2403,3901,0.0,0.42920013202772583
flickr,cram_c3_stage1,43,10441843213,0.8167734146118164,0.6531559228897095,,0.39763695001602173,0.16361749172210693,0.826141357421875,0.8084319233894348,0.6372298002243042,8.629722287878394e-07,4.861945490119979e-05,-4.775648267241195e-05,0.3291778564453125,0.3839446011797897,3899,0.772340662310615,0.7945602041150109,0.899898119848106,0.6092753507653061,0.08884725765306123,0,42,2535,4200,0.0,0.48746518105849584
flickr,cram_c3_stage1,44,10446128125,0.6583379507064819,0.4994477927684784,0.3965345025062561,0.30449384450912476,0.15889015793800354,0.770172119140625,0.6858117580413818,0.5202871561050415,-7.075803296174854e-05,-7.187583833001554e-06,-6.357044912874699e-05,0.4090728759765625,0.25755013288233874,4139,0.6920789402541228,0.9488978946327963,0.7025118457401072,0.4032605229591837,0.00821109693877551,229,0,5764,6711,0.05917312661498708,0.9421592025831812
flickr,cram_c3_stage1,45,10451898725,0.9191406965255737,0.8331334590911865,0.768700122833252,0.621658205986023,0.08600723743438721,0.8428192138671875,0.8984370231628418,0.8245121836662292,0.00031308626057580113,0.00018449337221682072,0.00012859288835898042,0.7448577880859375,0.683111954459203,10540,0.058284801081795415,0.05734631550300868,1.0,0.6590999681122449,0.6106903698979592,0,471,0,3689,0.0,0.10894861193148257
flickr,cram_c3_stage1,46,10468313544,0.7017999887466431,0.5977421402931213,0.539085865020752,0.4500911831855774,0.10405784845352173,0.6676177978515625,0.7209748029708862,0.6225937008857727,4.234924563206732e-05,-0.0001178118764073588,0.0001601611147634685,0.6300811767578125,0.4635319262623564,3743,0.45273946086921085,0.5308423718285632,0.7462636439966415,0.4171117665816326,0.19236288265306123,0,0,4525,15874,0.0,0.6218757345451696
flickr,cram_c3_stage1,47,10476442285,0.7416918873786926,0.6456443071365356,0.44039055705070496,0.3471429646015167,0.09604758024215698,0.718902587890625,0.7383811473846436,0.6432415246963501,-4.771573003381491e-07,-2.1071631636004895e-05,2.0594474335666746e-05,0.5220489501953125,0.5661764705882353,5440,0.6700933760028057,0.748628660985405,0.8432914046121593,0.4069276147959184,0.09337133290816327,35,185,3122,5577,0.16355140186915887,0.5534385233700506
flickr,cram_c3_stage1,48,10476446674,0.7753201127052307,0.6362638473510742,0.24226847290992737,0.3081255853176117,0.1390562653541565,0.7333984375,0.7609861493110657,0.6160311698913574,0.0001665437303017825,0.00012329494347795844,4.324878682382405e-05,0.61328125,0.4850610548194336,3849,0.7058908004710343,0.7065604875804968,0.848741237006596,0.3466198979591837,0.05839445153061224,0,0,2819,10447,0.0,0.7809673319877402
flickr,cram_c3_stage1,49,10477544895,0.7382169365882874,0.7331203818321228,0.5590499639511108,0.4173620343208313,0.005096554756164551,0.5523834228515625,0.7865689992904663,0.7735793590545654,4.766952770296484e-05,0.00011831817391794175,-7.064864621497691e-05,0.42331695556640625,0.2847062684607811,6094,0.5789387411015362,0.6397629644964289,0.8080468035037259,0.3850845025510204,0.12065529336734694,139,1760,548,4606,0.04433811802232855,0.5175280898876404
flickr,cram_c3_stage1,50,10481128583,0.6652679443359375,0.6153666973114014,0.4589584469795227,0.3583276867866516,0.04990124702453613,0.5780181884765625,0.6720412373542786,0.6290618181228638,-0.000231838203035295,-0.0002187874197261408,-1.3050783309154212e-05,0.4861907958984375,0.7305117685165191,4631,0.5624897456931911,0.7965092640994366,0.6499905204284766,0.34313217474489793,0.06540975765306123,0,0,6384,8793,0.0,0.7281987577639751
flickr,cram_c3_stage1,51,10520382525,0.8029589056968689,0.6732195019721985,,0.4043384790420532,0.1297394037246704,0.7652435302734375,0.8118445873260498,0.6726986765861511,-9.48689557844773e-06,7.06126302247867e-05,-8.009952580323443e-05,0.380218505859375,0.20360448124695568,4106,0.6670975397851285,0.6679326147840109,0.8795786650275209,0.4696667729591837,0.1136001275510204,0,77,2000,3649,0.0,0.3935504745470233
flickr,cram_c3_stage1,52,10545790805,0.6280163526535034,0.529466450214386,,0.30573228001594543,0.09854990243911743,0.6682891845703125,0.6358929872512817,0.5124226808547974,-7.732693484285846e-05,0.00011662935867207125,-0.0001939562935149297,0.2695159912109375,0.26599799398194585,4985,0.555315880641893,0.9186310553633218,0.5671606916349556,0.36862244897959184,0.01273517219387755,0,0,12531,6610,0.0,0.9118499103324597
flickr,cram_c3_stage1,53,10548273474,0.8370311260223389,0.8043283224105835,0.721976637840271,0.5155155062675476,0.03270280361175537,0.651763916015625,0.827642560005188,0.7655090689659119,-0.00014611781807616353,8.780774078331888e-05,-0.0002339255588594824,0.1924591064453125,0.19050808535068414,10451,0.48410224438902744,0.4543758914530227,0.9482521752404213,0.5449418048469388,0.25035873724489793,65,1676,158,3845,0.10383386581469649,0.26101418776729346
flickr,cram_c3_stage1,54,10549911663,0.7813407778739929,0.887641191482544,0.6121162176132202,0.5421764850616455,-0.10630041360855103,0.3449249267578125,0.7523743510246277,0.9033551216125488,0.00012721092207357287,-0.00016214154311455786,0.00028935246518813074,0.8058929443359375,0.8948571428571429,9625,0.5417897112050035,0.6145389583619624,0.8057476182968852,0.5801179846938775,0.21556122448979592,147,194,925,6914,0.038211593449441125,0.39427463503649635
flickr,cram_c3_stage1,55,10555704135,0.6732118725776672,0.5682042837142944,0.37045854330062866,0.29136455059051514,0.1050075888633728,0.6576995849609375,0.6874037384986877,0.5653478503227234,-7.29770545149222e-06,0.00010290439968230203,-0.00011020210513379425,0.265594482421875,0.09660449545671927,4182,0.562822568887593,0.7279378488459798,0.684832357637041,0.2642299107142857,0.06088568239795918,0,0,2768,10105,0.0,0.7678571428571429
flickr,cram_c3_stage1,56,10557361454,0.666533350944519,0.867393970489502,0.6532933712005615,0.42751750349998474,-0.2008606195449829,0.201080322265625,0.6646000146865845,0.8657525181770325,5.409592995420098e-05,0.00013803731417283416,-8.394138421863317e-05,0.348724365234375,0.34486849911014433,5057,0.20979451871299595,0.23124852350578787,0.6267306922769108,0.3374521683673469,0.24744897959183673,0,0,654,6906,0.0,0.357416416520029
flickr,cram_c3_stage1,57,10610974774,0.6481095552444458,0.5614438056945801,,0.21133995056152344,0.08666574954986572,0.646087646484375,0.6562002897262573,0.5543856024742126,1.089146826416254e-05,0.00015720236115157604,-0.0001463108928874135,0.3040313720703125,0.3625274945010998,5001,0.6485500955026915,0.9834554790011849,0.6530862038817975,0.45414142219387754,0.0047831632653061226,0,0,11189,957,0.0,0.7994987468671679
flickr,cram_c3_stage1,58,10624261424,0.724431574344635,0.6418508291244507,,0.35666993260383606,0.08258074522018433,0.639251708984375,0.7525255084037781,0.6592690944671631,-0.00012344677816145122,-1.349925878457725e-05,-0.00010994751937687397,0.342132568359375,0.11862955032119914,4670,0.6789574062301335,0.7616524884111864,0.8028781614133061,0.39124282525510207,0.06774154974489796,0,87,5448,5577,0.0,0.627404657441782
flickr,cram_c3_stage1,59,10635080206,0.8148545026779175,0.6793942451477051,0.5605795383453369,0.5006504058837891,0.1354602575302124,0.78363037109375,0.815406322479248,0.6752933263778687,-7.752324745524675e-05,-1.2804492143914104e-05,-6.471875531133264e-05,0.35308837890625,0.32648953301127215,4968,0.6855071544147974,0.6895544775643071,0.9530037050105857,0.6244818239795918,0.17631935586734693,0,0,1549,4518,0.0,0.33804713804713804
flickr,cram_c3_stage1,60,10654057765,0.6716898083686829,0.6955938339233398,0.6298183798789978,0.3635092079639435,-0.023904025554656982,0.450103759765625,0.6901912689208984,0.7417256832122803,-9.349526953883469e-05,-0.00037849281216040254,0.00028499754262156785,0.8368988037109375,0.8208182288969446,5793,0.5425770198050928,0.7411831016157604,0.6147322024843062,0.371273118622449,0.05953045280612245,0,0,8196,3709,0.0,0.5539127837514934
flickr,cram_c3_stage1,61,10659354545,0.6274207830429077,0.8361484408378601,0.7561550140380859,0.6196222305297852,-0.2087276577949524,0.2123565673828125,0.629660964012146,0.8265823125839233,-5.7326993555761874e-05,2.7117523131892085e-05,-8.444451668765396e-05,0.34914398193359375,0.3466921119592875,4716,0.4754719207173195,0.7131405719139298,0.586042926942764,0.5631377551020408,0.15935905612244897,120,159,7284,973,0.016968325791855202,0.11044267877412031
flickr,cram_c3_stage1,62,10666396623,0.6592719554901123,0.5843448638916016,,0.275852769613266,0.07492709159851074,0.6230926513671875,0.6959176063537598,0.6195768117904663,0.00019892191630788147,0.00010861313057830557,9.03087857295759e-05,0.548431396484375,0.34141022534528714,4127,0.6581237039040664,0.8168820994907952,0.7039492718680683,0.35616629464285715,0.028778698979591837,339,0,2945,2450,0.04969945755754288,0.6291730868002054
flickr,cram_c3_stage1,63,10667001125,0.8394277095794678,0.7080449461936951,0.5446497797966003,0.44079041481018066,0.1313827633857727,0.9000091552734375,0.8620461225509644,0.7315584421157837,-0.00010095308243762702,-6.223702075658366e-05,-3.871606168104336e-05,0.47882080078125,0.19646365422396855,6108,0.47462988065810807,0.44776830491474423,1.0,0.3974011479591837,0.19696667729591838,0,264,0,9717,0.0,0.5025341332230038
flickr,cram_c3_stage2,32,10283938426,0.7810415625572205,0.7307900786399841,0.7102185487747192,0.6214650869369507,0.05025148391723633,0.66094970703125,0.7818442583084106,0.735305905342102,-1.2668278941418976e-06,-5.469506504596211e-06,4.2026786104543135e-06,0.5404129028320312,0.5493659420289855,6624,0.4567533838917155,0.4543420729544648,0.8611319388784032,0.7304886798469388,0.34121890943877553,0,2480,2979,2179,0.0,0.12954815695600475
flickr,cram_c3_stage2,33,10289643764,0.7482456564903259,0.6304311156272888,0.4945073127746582,0.44036346673965454,0.11781454086303711,0.7259521484375,0.751068115234375,0.6348047256469727,4.751587766804732e-06,-4.398440069053322e-06,9.150027835858054e-06,0.6143341064453125,0.3771658415841584,3232,0.6633729523963796,0.7317193013802653,0.8529327536382807,0.4461694834183674,0.109375,0,0,3223,4803,0.0,0.4667184918861141
flickr,cram_c3_stage2,34,10304554474,0.74444580078125,0.7669299840927124,0.527711808681488,0.4807361662387848,-0.022484183311462402,0.5047149658203125,0.7729946374893188,0.765826940536499,-1.382167283736635e-05,5.2608731493819505e-05,-6.643040251219645e-05,0.1588134765625,0.11292821483904286,5809,0.6377753701697364,0.7185921128479875,0.7739390840698269,0.5877511160714286,0.11650988520408163,0,0,2613,5239,0.0,0.47262065854758684
flickr,cram_c3_stage2,35,10308472565,0.8127131462097168,0.7203785181045532,0.7003260850906372,0.4862518608570099,0.09233462810516357,0.696868896484375,0.8272404074668884,0.7150539755821228,1.2332322512520477e-05,5.117520777275786e-05,-3.884288526023738e-05,0.3682403564453125,0.20305071315372425,5048,0.6092455458611336,0.5889920612418486,0.9207712338633719,0.5623405612244898,0.1839325573979592,78,1198,1507,2724,0.06902654867256637,0.25327754532775454
flickr,cram_c3_stage2,36,10369815925,0.7329748868942261,0.6040265560150146,,0.3396095037460327,0.12894833087921143,0.781402587890625,0.7524851560592651,0.624638557434082,3.503778134472668e-05,-1.213394534715917e-05,4.7171728510875255e-05,0.741973876953125,0.4121125246371618,5581,0.8077896758424024,0.9436569447277178,0.8269929694947569,0.586296237244898,0.015904017857142856,37,11,3548,394,0.011458655930628678,0.3336155800169348
flickr,cram_c3_stage2,37,10389014583,0.7139630913734436,0.6584932208061218,0.5072488784790039,0.4402160048484802,0.05546987056732178,0.6398162841796875,0.7240888476371765,0.6597374677658081,-2.4142944312188774e-05,6.056940037524328e-06,-3.0199884349713102e-05,0.2923126220703125,0.3307442196531792,5536,0.6491817037347881,0.7203596246149437,0.7555697486568734,0.5564014668367347,0.08693399234693877,129,0,2681,4641,0.020321361058601134,0.5154948350549817
flickr,cram_c3_stage2,38,10409146004,0.7553861737251282,0.801195502281189,0.5609948635101318,0.4569781422615051,-0.04580932855606079,0.4728851318359375,0.742617130279541,0.8004447221755981,-2.664357452886179e-06,-3.006826591445133e-05,2.7403908461565152e-05,0.7765960693359375,0.9545147108555969,5914,0.5513533419259805,0.6598501542529749,0.7612365263371975,0.4522082270408163,0.14921476403061223,5,0,1206,7928,0.0013319126265316996,0.5143042491080116
flickr,cram_c3_stage2,39,10409351364,0.7954513430595398,0.5830709934234619,0.43925344944000244,0.39209675788879395,0.21238034963607788,0.9248199462890625,0.8152232766151428,0.6277194023132324,6.0866605053888634e-05,-1.3789072909276001e-05,7.465567614417523e-05,0.7985992431640625,0.4676234979973298,2996,0.8304500842668782,0.8254582183681514,0.9546153846153846,0.40449617346938777,0.05229591836734694,0,0,1139,10673,0.0,0.8026622546439046
flickr,cram_c3_stage2,40,10413912845,0.7991266250610352,0.8067793846130371,0.6479424238204956,0.4768708348274231,-0.007652759552001953,0.5534515380859375,0.787738561630249,0.7970743179321289,7.816906872903928e-07,-4.5407632569549605e-06,5.322453944245353e-06,0.538421630859375,0.6055926544240401,7188,0.37641136428484084,0.3987606874514207,0.826797385620915,0.46153539540816324,0.2663424744897959,0,0,639,5595,0.0,0.29511050160873464
flickr,cram_c3_stage2,41,10437048305,0.6793771386146545,0.6752698421478271,,0.33326637744903564,0.004107296466827393,0.5500946044921875,0.7111706733703613,0.7221592664718628,1.2671696822508238e-05,-2.8602249585674144e-05,4.127394640818238e-05,0.643768310546875,0.7554744525547445,5480,0.6143581221437474,0.9143952510511996,0.640122591034232,0.4028818558673469,0.024135044642857144,161,430,3105,128,0.019118869492934332,0.1408140814081408
flickr,cram_c3_stage2,42,10440265465,0.8272422552108765,0.6965588927268982,,0.547209620475769,0.13068336248397827,0.8560028076171875,0.8091193437576294,0.6843516826629639,5.365894321585074e-05,1.0622145055094734e-05,4.303679816075601e-05,0.9091644287109375,0.7554987212276215,5865,0.5999851146174456,0.5797733091683208,0.9781353135313532,0.6927814094387755,0.25880899234693877,124,5654,134,1757,0.17588652482269504,0.19331059522499724
flickr,cram_c3_stage2,43,10441843213,0.840152382850647,0.6926579475402832,,0.4611102044582367,0.14749443531036377,0.83123779296875,0.840241551399231,0.6955410242080688,-4.938792699249461e-07,-6.452295565395616e-06,5.95841629547067e-06,0.5534515380859375,0.6048278945015646,4474,0.7783944621741209,0.7745850081310791,0.9352412707233491,0.6495336415816326,0.1083984375,0,0,1496,3177,0.0,0.3687325905292479
flickr,cram_c3_stage2,44,10446128125,0.7155512571334839,0.5714841485023499,0.4900002181529999,0.42415839433670044,0.14406710863113403,0.77520751953125,0.7371580600738525,0.5921542048454285,-1.5225763490889221e-05,-2.5104600354097784e-06,-1.2715303455479443e-05,0.3857879638671875,0.1697324414715719,4784,0.7494868654811391,0.8901384791871517,0.7949543550246062,0.4864477040816326,0.0330436862244898,1003,0,3610,5465,0.2591731266149871,0.7672329074828022
flickr,cram_c3_stage2,45,10451898725,0.921525239944458,0.8564860224723816,0.7914643287658691,0.6796615719795227,0.06503921747207642,0.707611083984375,0.891634464263916,0.8430741429328918,8.386092667933553e-05,4.464977973839268e-05,3.9211146940942854e-05,0.897308349609375,0.8719729190174464,11521,0.05410147056725955,0.05329193244724197,1.0,0.7092434630102041,0.6608338647959183,0,581,0,1283,0.0,0.03789131718842292
flickr,cram_c3_stage2,46,10468313544,0.7557049989700317,0.6360222101211548,0.6297845840454102,0.5288335084915161,0.11968278884887695,0.7248077392578125,0.7614211440086365,0.6479732990264893,2.220768692495767e-05,-3.0510696888086386e-05,5.2718383813044056e-05,0.7134857177734375,0.5453128479180583,4491,0.4386301041791402,0.4663017385611406,0.8611586901763224,0.5479512117346939,0.2858139349489796,0,0,2649,11185,0.0,0.438180678523858
flickr,cram_c3_stage2,47,10476442285,0.8421638011932373,0.7077944874763489,0.5091556906700134,0.439836323261261,0.13436931371688843,0.806304931640625,0.8481907844543457,0.7217279076576233,1.0272713552694768e-05,-8.62681190483272e-06,1.889952545752749e-05,0.580108642578125,0.5594168164569603,5007,0.6797572295608711,0.6903831433060714,0.945382323733863,0.4946787308673469,0.14116310586734693,102,911,1184,3905,0.4766355140186916,0.3875161258311005
flickr,cram_c3_stage2,48,10476446674,0.7837153077125549,0.6398712396621704,0.35480475425720215,0.36330464482307434,0.14384406805038452,0.76239013671875,0.7815357446670532,0.6434622406959534,4.246109165251255e-05,2.2256777810980566e-05,2.0204313841531985e-05,0.7328948974609375,0.5439448134900358,3914,0.7134351101955583,0.6986293799049409,0.8730876817349864,0.3606106505102041,0.06457270408163265,0,0,2427,10137,0.0,0.7577932271809823
flickr,cram_c3_stage2,49,10477544895,0.7548669576644897,0.7344517707824707,0.5722347497940063,0.46310287714004517,0.020415186882019043,0.57415771484375,0.7791303396224976,0.7565159797668457,1.7468182704760693e-05,2.2049151084502228e-05,-4.580968379741535e-06,0.45501708984375,0.3252899613384882,7501,0.5969524675915396,0.6322381732344157,0.8578899202510132,0.41370376275510207,0.13327088647959184,411,1224,17,3437,0.13110047846889952,0.38617977528089886
flickr,cram_c3_stage2,50,10481128583,0.6828560829162598,0.6421968936920166,0.48487749695777893,0.38530465960502625,0.040659189224243164,0.5756378173828125,0.6893026828765869,0.6563082337379456,-4.4751872337656096e-05,-4.903302760794759e-05,4.281155270291492e-06,0.521942138671875,0.7277287319422151,4984,0.56405983568439,0.747406798808668,0.6898758176130438,0.3881138392857143,0.09378985969387756,0,0,5551,7369,0.0,0.6102691511387164
flickr,cram_c3_stage2,51,10520382525,0.8049883246421814,0.664777398109436,,0.4576570689678192,0.14021092653274536,0.7840423583984375,0.8015052676200867,0.653401255607605,-5.514630174729973e-08,1.1317784810671583e-05,-1.1372931112418883e-05,0.4073486328125,0.22963483146067415,4272,0.6588681892265479,0.6549362208276936,0.8922913581626666,0.4859095982142857,0.12635522959183673,0,204,1825,3136,0.0,0.3382226056945643
flickr,cram_c3_stage2,52,10545790805,0.7218778133392334,0.6282471418380737,,0.4306662380695343,0.09363067150115967,0.6979827880859375,0.7061828374862671,0.6060792207717896,-7.985205229488201e-06,4.051074938615784e-06,-1.2036280168103985e-05,0.4121856689453125,0.3165204678362573,5472,0.7196594191880796,0.8308815784854123,0.7899726283463515,0.5676618303571429,0.05833466198979592,278,16,5110,4338,0.11360850020433183,0.5984273692923162
flickr,cram_c3_stage2,53,10548273474,0.8220049142837524,0.7788999676704407,0.7203677892684937,0.5631799101829529,0.04310494661331177,0.687744140625,0.8182981014251709,0.7448744773864746,-2.9243923563626595e-05,3.0852665076963603e-05,-6.0096586821600795e-05,0.216522216796875,0.19307168218021303,10421,0.4430081244836133,0.4123990514036662,0.9821782933903221,0.6218909438775511,0.3178013392857143,401,3556,17,2341,0.6405750798722045,0.15891657049759011
flickr,cram_c3_stage2,54,10549911663,0.7341119050979614,0.7651858925819397,0.5389283895492554,0.49425914883613586,-0.03107398748397827,0.5092010498046875,0.7553286552429199,0.830528974533081,3.947611912735738e-05,-3.800923877861351e-05,7.748535426799208e-05,0.850555419921875,0.8749070039324052,9409,0.5522524654832347,0.6382718751139804,0.7882480124321525,0.5464166135204082,0.18907445790816327,138,128,1278,8177,0.035872108136210036,0.466297901459854
flickr,cram_c3_stage2,55,10555704135,0.7259145379066467,0.6150665283203125,0.4758778214454651,0.3990183472633362,0.11084800958633423,0.6922607421875,0.7330886125564575,0.6133452653884888,1.0002086128224619e-05,2.047298039542511e-05,-1.0470894267200492e-05,0.4094696044921875,0.2650066696309471,4498,0.6020922439861607,0.6934299698795181,0.7841405002660989,0.31760204081632654,0.08492107780612244,22,0,1318,8899,0.007874015748031496,0.6762158054711246
flickr,cram_c3_stage2,56,10557361454,0.6844204068183899,0.863119900226593,0.661391019821167,0.4714620113372803,-0.17869949340820312,0.2093658447265625,0.7143899202346802,0.8766018152236938,2.816255801008083e-06,6.722607940901071e-05,-6.440982542699203e-05,0.273529052734375,0.3049805287968846,4879,0.2188929850707245,0.2366576209859792,0.6700280112044817,0.35251913265306123,0.25661670918367346,0,0,358,6446,0.0,0.3336093572093986
flickr,cram_c3_stage2,57,10610974774,0.6759270429611206,0.57286137342453,,0.25265154242515564,0.10306566953659058,0.680389404296875,0.6883549690246582,0.5747507214546204,-3.1935687729856e-06,2.4426939489785582e-05,-2.7620508262771182e-05,0.31243896484375,0.34462018266874583,4489,0.703477606758477,0.9846122696902206,0.7086029026053506,0.49216757015306123,0.0049824617346938774,0,0,9291,947,0.0,0.7911445279866333
flickr,cram_c3_stage2,58,10624261424,0.7453392148017883,0.6513352990150452,,0.4417891502380371,0.09400391578674316,0.6980743408203125,0.7777264714241028,0.6849801540374756,-1.5590469047310762e-05,-2.3402175429509953e-05,7.81170638219919e-06,0.534515380859375,0.3450821184720428,5419,0.7193939657421093,0.7305416979382808,0.8885517907963271,0.4514309630102041,0.08727279974489796,0,326,3408,4836,0.0,0.5440431994600068
flickr,cram_c3_stage2,59,10635080206,0.8312146663665771,0.710351824760437,0.5994497537612915,0.5474647283554077,0.12086284160614014,0.7918853759765625,0.8299229741096497,0.706050455570221,-8.368113412871026e-06,-1.154445271822624e-06,-7.213668141048402e-06,0.40688323974609375,0.4397900939053581,5431,0.6650438317104984,0.6582352587966854,0.9670298165137615,0.6638233418367347,0.20517777423469388,0,60,1023,3130,0.0,0.2341937897493453
flickr,cram_c3_stage2,60,10654057765,0.6958727836608887,0.6788181066513062,0.6134527921676636,0.4234599769115448,0.01705467700958252,0.5283966064453125,0.7106305360794067,0.712971568107605,-2.425496313662734e-05,-7.431022822856903e-05,5.005526327295229e-05,0.7595672607421875,0.7632308301438564,7577,0.6247528207514249,0.746490618485059,0.7173767864298116,0.4301857461734694,0.06636639030612244,81,37,5664,3403,0.03609625668449198,0.5082138590203107
flickr,cram_c3_stage2,61,10659354545,0.7380247116088867,0.8180669546127319,0.7375209927558899,0.6388359069824219,-0.08004224300384521,0.446746826171875,0.7420463562011719,0.8176420331001282,-5.93721961195115e-06,2.4321307137142867e-06,-8.369350325665437e-06,0.4091796875,0.5060794044665012,8060,0.5857929540793991,0.7357971811420138,0.739413680781759,0.6886360012755102,0.17970742984693877,642,722,2530,515,0.09078054298642534,0.058456299659477864
flickr,cram_c3_stage2,62,10666396623,0.6586834192276001,0.6079579591751099,,0.3384336233139038,0.050725460052490234,0.5859375,0.6914713382720947,0.6418906450271606,4.227324461680837e-05,1.6553338355151936e-05,2.5719906261656433e-05,0.537841796875,0.34472620360161704,5442,0.663435213859342,0.8149291581674845,0.7127977625614813,0.361507493622449,0.03075175382653061,47,0,2484,2351,0.006890485266090016,0.6037493579866461
flickr,cram_c3_stage2,63,10667001125,0.87237548828125,0.7372650504112244,0.6131911277770996,0.5057361125946045,0.13511043787002563,0.9191131591796875,0.8992802500724792,0.7688414454460144,-1.3551647498388775e-05,-2.9474245820892975e-05,1.59225983225042e-05,0.5590667724609375,0.11634546752319772,5604,0.3879679318660786,0.3698326567807141,1.0,0.4811463647959184,0.2807118941326531,0,137,0,5388,0.0,0.2786512205213074
flickr,original_1.3g_final,64,10701841844,0.7469496726989746,0.8313562870025635,0.8220720291137695,0.5523431897163391,-0.08440661430358887,0.3191680908203125,0.7452495098114014,0.8207433223724365,1.579801391926594e-06,2.3140730263548903e-05,-2.156092887162231e-05,0.3249664306640625,0.3784049079754601,8150,0.4763103513056547,0.4286535470345574,0.924181672377342,0.5894052933673469,0.25705516581632654,0,0,0,0,0.0,0.0
flickr,original_1.3g_final,65,10743985374,0.6857500076293945,0.6767625212669373,,0.4624248445034027,0.008987486362457275,0.548583984375,0.6915481686592102,0.7262396812438965,3.4966251405421644e-05,-3.073533662245609e-05,6.570159166585654e-05,0.9889678955078125,0.974881836596894,7405,0.601225379642159,0.809873417721519,0.6863039560628165,0.3936144770408163,0.06572863520408163,0,0,0,0,0.0,0.0
flickr,original_1.3g_final,66,10751849775,0.8811588287353516,0.7832753658294678,0.7242317795753479,0.6139440536499023,0.09788346290588379,0.84954833984375,0.873799204826355,0.7621423006057739,5.606527338386513e-06,1.3366381608648226e-05,-7.759854270261712e-06,0.35784149169921875,0.08024462564862861,8094,0.6245366524924687,0.6099501162340178,1.0,0.8230229591836735,0.30179767219387754,0,0,0,0,0.0,0.0
flickr,original_1.3g_final,67,10761625676,0.8545254468917847,0.7610078454017639,0.6850565075874329,0.5146847367286682,0.09351760149002075,0.7640380859375,0.8511888980865479,0.770624041557312,-8.926226655603386e-06,-2.3770846382831223e-05,1.4844619727227837e-05,0.6675796508789062,0.6713000817661489,6115,0.579262920908379,0.39026280212352027,0.9845686714915565,0.6044124681122449,0.1676299426020408,0,0,0,0,0.0,0.0
flickr,original_1.3g_final,68,10771238614,0.764896810054779,0.6743755340576172,0.6384131908416748,0.4457569122314453,0.09052127599716187,0.737548828125,0.779143214225769,0.7014178037643433,3.0078095733188093e-05,-2.552293153712526e-06,3.263038888690062e-05,0.8614044189453125,0.8617363344051447,5909,0.6702317290552585,0.6470159527087214,0.9180478556860943,0.49222735969387754,0.1282684948979592,0,0,0,0,0.0,0.0
flickr,original_1.3g_final,69,10795023275,0.6814805269241333,0.7267542481422424,0.5078884363174438,0.4126241207122803,-0.04527372121810913,0.4647064208984375,0.6788417100906372,0.7226167321205139,-2.621426756377332e-05,-2.716594099183567e-05,9.516734280623496e-07,0.5098876953125,0.40943789035392086,2882,0.4431415731674653,0.5864051669817265,0.6107214634346417,0.25302933673469385,0.0918765943877551,0,0,0,0,0.0,0.0
flickr,original_1.3g_final,70,10796050285,0.7807251214981079,0.7633035182952881,0.7036666870117188,0.5236226916313171,0.017421603202819824,0.6191558837890625,0.7857277393341064,0.7595157623291016,-8.436891221208498e-06,9.13492840481922e-06,-1.7571819626027718e-05,0.2081298828125,0.21149674620390455,9220,0.6938338816268305,0.6543794618341571,0.9134725948639325,0.7258450255102041,0.16460060586734693,0,0,0,0,0.0,0.0
flickr,original_1.3g_final,71,10805310706,0.8298708200454712,0.7924416065216064,0.7192881107330322,0.607333779335022,0.037429213523864746,0.6575469970703125,0.8185971975326538,0.7716069221496582,-7.851040209061466e-06,5.2318209782242775e-06,-1.3082861187285744e-05,0.2993621826171875,0.3590999338186631,7555,0.34691771228049484,0.3276745675848815,0.9782961207434202,0.7155412946428571,0.43618463010204084,0,0,0,0,0.0,0.0
flickr,original_1.3g_final,72,10847897294,0.8257548213005066,0.7443490028381348,,0.5203575491905212,0.08140581846237183,0.7602691650390625,0.829319179058075,0.7343767881393433,-2.7170986868441105e-05,1.6100191714940593e-05,-4.32711785833817e-05,0.17806243896484375,0.30107931726907633,7968,0.7328007175364581,0.6382587813205254,0.9821682991985753,0.6888153698979592,0.15232382015306123,0,0,0,0,0.0,0.0
flickr,original_1.3g_final,73,10859255295,0.8169267177581787,0.7451369762420654,,0.4419819414615631,0.07178974151611328,0.6957550048828125,0.8207151889801025,0.7550770044326782,2.5724575607455336e-05,3.1194031180348247e-06,2.260517248942051e-05,0.8132095336914062,0.8304717933920069,6931,0.8024122187355929,0.8282674772036475,0.9504306928076943,0.6491350446428571,0.10435267857142858,0,0,0,0,0.0,0.0
flickr,original_1.3g_final,74,10862172945,0.6840037107467651,0.6694800853729248,,0.3787563145160675,0.014523625373840332,0.5538482666015625,0.7156219482421875,0.6909724473953247,9.930075975717045e-06,2.3295224309549667e-05,-1.3365148333832622e-05,0.42842864990234375,0.43088437452268213,6547,0.710993026686335,0.8118635632799939,0.7465852284728578,0.5206074617346939,0.028340242346938774,0,0,0,0,0.0,0.0
flickr,original_1.3g_final,75,10939270325,0.7847704887390137,0.7847556471824646,0.725583553314209,0.6121681332588196,1.4841556549072266e-05,0.5758514404296875,0.7946659326553345,0.7996625900268555,2.6940773750538938e-05,1.701570909062866e-05,9.925064659910277e-06,0.5874481201171875,0.5826548672566372,5650,0.48106604224891103,0.5112517392700417,0.862284502211391,0.7448182397959183,0.34994818239795916,0,0,0,0,0.0,0.0
flickr,original_1.3g_final,76,10952523225,0.8459901213645935,0.7873179316520691,0.6514837741851807,0.4658117890357971,0.058672189712524414,0.6956024169921875,0.8422071933746338,0.7828034162521362,-1.6906415112316608e-07,3.3124924812000245e-06,-3.4815566323231906e-06,0.44684600830078125,0.5314925563048734,7859,0.7454918511351694,0.7129183549755926,0.9717963772370453,0.6246611926020408,0.13911033163265307,0,0,0,0,0.0,0.0
flickr,original_1.3g_final,77,10979853044,0.8844867944717407,0.753105878829956,,0.45595747232437134,0.13138091564178467,0.916351318359375,0.8844070434570312,0.7626731991767883,4.322896711528301e-05,7.84759504313115e-06,3.5381373891141266e-05,0.9460906982421875,0.853386454183267,5020,0.6756104459319318,0.6377892488430046,1.0,0.5598294005102041,0.17143654336734693,0,0,0,0,0.0,0.0
flickr,original_1.3g_final,78,10980225216,0.9026297330856323,0.8116438984870911,,0.5455338954925537,0.09098583459854126,0.8751373291015625,0.9054394960403442,0.8194043636322021,3.843491867883131e-05,1.744105975376442e-05,2.099385892506689e-05,0.6645965576171875,0.558837656099904,8328,0.5487961502820634,0.5162725965803077,1.0,0.6515664859693877,0.27656648596938777,0,0,0,0,0.0,0.0
flickr,original_1.3g_final,79,11002352834,0.7241556644439697,,,0.3811759054660797,,,0.7263846397399902,,2.3597405743203126e-05,,,,,0,0.7973472921914357,0.9368323699421965,0.8159739004349927,0.4309829400510204,0.011559311224489796,0,0,0,0,0.0,0.0
flickr,original_1.3g_final,80,11036641226,0.9326860904693604,0.7910070419311523,0.6702134609222412,0.5447350740432739,0.141679048538208,0.908599853515625,0.93653804063797,0.7991359233856201,7.460892084054649e-05,3.7860598240513355e-05,3.6748322600033134e-05,0.88232421875,0.6431067961165049,5150,0.32651162790697674,0.30876369900670747,1.0,0.5437460140306123,0.34630102040816324,0,0,0,0,0.0,0.0
flickr,original_1.3g_final,81,11050409385,0.8310859203338623,0.8009850978851318,0.7330875396728516,0.5174689888954163,0.03010082244873047,0.670501708984375,0.8597627878189087,0.7896525859832764,-5.3932133596390486e-05,1.3021764971199445e-05,-6.695390038657933e-05,0.194061279296875,0.10247508119610259,8929,0.5381490948562625,0.5193808928390389,0.9560808709175739,0.5897441007653061,0.24880420918367346,0,0,0,0,0.0,0.0
flickr,original_1.3g_final,82,11071986404,0.8904144763946533,0.8624570369720459,0.7639291286468506,0.5966628789901733,0.027957439422607422,0.7062454223632812,0.8731382489204407,0.8638789653778076,8.993954907055013e-06,-1.5161733244895004e-05,2.4155688151950017e-05,0.61053466796875,0.6458650431253172,11826,0.2628709872804361,0.25661716114222116,0.9903355704697987,0.5730030293367347,0.4108936543367347,0,0,0,0,0.0,0.0
flickr,original_1.3g_final,83,11101358996,0.8172523975372314,0.7657296061515808,0.6247390508651733,0.4403769075870514,0.051522791385650635,0.6773529052734375,0.8307665586471558,0.781347930431366,5.759595296694897e-06,-1.7150905478047207e-06,7.474685844499618e-06,0.595733642578125,0.6048362411998776,6534,0.7313148852846639,0.7563235518875133,0.9139156932453022,0.5216039540816326,0.10778061224489796,0,0,0,0,0.0,0.0
flickr,original_1.3g_final,84,11154049584,0.7963324189186096,0.6613349914550781,,0.4181804358959198,0.1349974274635315,0.80633544921875,0.8200951814651489,0.6894303560256958,-1.6927697288338095e-06,1.7528964235680178e-06,-3.4456661524018273e-06,0.48865509033203125,0.4274952919020716,5310,0.785950536670721,0.7221677581271323,0.9748299499775032,0.5082310267857143,0.09048150510204081,0,0,0,0,0.0,0.0
flickr,original_1.3g_final,85,11314266424,0.8448842763900757,0.6575316190719604,,0.40929725766181946,0.18735265731811523,0.9137725830078125,0.8492761850357056,0.6922540068626404,3.495996497804299e-05,-2.3207963749882765e-05,5.816792690893635e-05,0.92425537109375,0.8015343562374917,2998,0.8827519065390232,0.8765790152101057,0.9740394600207685,0.6184630102040817,0.05755739795918367,0,0,0,0,0.0,0.0
flickr,original_1.3g_final,86,11650557765,0.8071154356002808,0.7479722499847412,0.736075222492218,0.5435230135917664,0.05914318561553955,0.7068023681640625,0.8025448322296143,0.7227699756622314,-1.1890031601069495e-05,1.978373074962292e-05,-3.167376416968182e-05,0.227386474609375,0.23706518561824028,6842,0.6351881782498269,0.6167792658137032,0.9033691630727467,0.6666932397959183,0.19218351403061223,0,0,0,0,0.0,0.0
flickr,original_1.3g_final,87,11764496003,0.8799662590026855,0.7698551416397095,0.7868077158927917,0.5252570509910583,0.11011111736297607,0.7673797607421875,0.8824481964111328,0.7800134420394897,-1.9538692868081853e-06,-1.1197678759344853e-05,9.243809472536668e-06,0.7204971313476562,0.7097521982414069,6255,0.700330264914623,0.7090293389488063,0.9540328910841805,0.7003547512755102,0.1885562818877551,0,0,0,0,0.0,0.0
flickr,original_1.3g_final,88,11765015695,0.7846242189407349,0.7669044733047485,0.6817946434020996,0.47359439730644226,0.017719745635986328,0.6307220458984375,0.7915198802947998,0.7810052633285522,-1.7201709852088243e-05,-2.7946180125582032e-05,1.0744470273493789e-05,0.5743942260742188,0.634598976109215,4688,0.6892342322843167,0.7064513266483272,0.8613159745388319,0.6737683354591837,0.13797433035714285,0,0,0,0,0.0,0.0
flickr,original_1.3g_final,89,11776645404,0.6795051693916321,0.8527973890304565,0.7597389817237854,0.5517451167106628,-0.17329221963882446,0.3054962158203125,0.6884292364120483,0.8650383353233337,-2.979404598590918e-06,-9.24753476283513e-06,6.268130164244212e-06,0.594696044921875,0.6182768504468049,5931,0.5630836913735882,0.6835472688091446,0.7264022568868238,0.6381337691326531,0.1741669323979592,0,0,0,0,0.0,0.0
flickr,original_1.3g_final,90,12015590114,0.739930272102356,0.6464476585388184,,0.43829473853111267,0.0934826135635376,0.751800537109375,0.7614467144012451,0.6817817687988281,4.3649080907925963e-05,6.085179848014377e-06,3.756389924092218e-05,0.72015380859375,0.5809149040826365,6099,0.7232115907032901,0.7567567567567568,0.875045651379976,0.4417051977040816,0.08019770408163265,0,0,0,0,0.0,0.0
flickr,original_1.3g_final,91,12031178616,0.8397989273071289,0.7790663242340088,0.738550066947937,0.466992050409317,0.06073260307312012,0.6628875732421875,0.8373669385910034,0.7837027907371521,4.6328859752975404e-05,2.30487494263798e-05,2.3280110326595604e-05,0.6716461181640625,0.5990312163616792,7432,0.6914159351336863,0.6171790884077043,0.9687353300159609,0.666374362244898,0.17028061224489796,0,0,0,0,0.0,0.0
flickr,original_1.3g_final,92,12048726756,0.8783733248710632,0.7808287143707275,0.629273533821106,0.5273341536521912,0.0975446105003357,0.81005859375,0.8743157386779785,0.7638092041015625,-3.194277815055102e-05,-3.389188350411132e-06,-2.855358980013989e-05,0.3195648193359375,0.5841109383100052,7716,0.6204235548696081,0.5804602834345599,1.0,0.6694036989795918,0.23772321428571427,0,0,0,0,0.0,0.0
flickr,original_1.3g_final,93,12066557153,0.9319826364517212,0.8250632882118225,0.6919406056404114,0.565524697303772,0.10691934823989868,0.863128662109375,0.9351751804351807,0.8309874534606934,1.914480708364863e-05,1.0848323654499836e-05,8.296483429148793e-06,0.6433334350585938,0.6642753054590292,8921,0.48540309186150504,0.4686237626815505,1.0,0.6463050063775511,0.32108976403061223,0,0,0,0,0.0,0.0
flickr,original_1.3g_final,94,12103535156,0.7935854196548462,0.7257755994796753,0.7297731637954712,0.5682262182235718,0.0678098201751709,0.713409423828125,0.8022508025169373,0.7381443977355957,-2.505117663531564e-06,-4.893588993581943e-06,2.388471330050379e-06,0.555206298828125,0.3726657090088241,4873,0.4544547300320039,0.47275721343166033,0.8374128091312619,0.5567203443877551,0.26484773596938777,0,0,0,0,0.0,0.0
flickr,original_1.3g_final,95,12158276143,0.8190116882324219,0.7249584794044495,0.791629433631897,0.5281137228012085,0.09405320882797241,0.7668914794921875,0.8237134218215942,0.7342009544372559,3.561229823390022e-05,1.6702042557881214e-05,1.8910255676019005e-05,0.6422042846679688,0.3681917211328976,4590,0.4138560387373126,0.4002089111407269,0.9511620939091726,0.5533123405612245,0.3022560586734694,0,0,0,0,0.0,0.0
flickr,cram_c3_stage1,64,10701841844,0.7318337559700012,0.7933298349380493,0.6299128532409668,0.4356445372104645,-0.061496078968048096,0.4189605712890625,0.7192303538322449,0.7772848606109619,0.00012555686407722533,0.00018458820704836398,-5.9031342971138656e-05,0.4808807373046875,0.535203038270523,6846,0.5504530759072902,0.5088394999368607,0.8812787052562514,0.4734733737244898,0.1643016581632653,0,237,1163,4891,0.0,0.379206078461777
flickr,cram_c3_stage1,65,10743985374,0.6645530462265015,0.6719750165939331,,0.3805587589740753,-0.007421970367431641,0.4885406494140625,0.6608320474624634,0.6890177726745605,-3.346990706631914e-05,-0.00022115028696134686,0.00018768038717098534,0.67462158203125,0.7914682539682539,5040,0.5232321738809005,0.7690844879108938,0.6073543293572471,0.36680883290816324,0.07467713647959184,567,1126,2361,677,0.07141057934508815,0.20527592480291085
flickr,cram_c3_stage1,66,10751849775,0.78798508644104,0.6401457786560059,0.5711902379989624,0.5089595913887024,0.14783930778503418,0.7380218505859375,0.7958839535713196,0.6489148736000061,6.49920548312366e-05,-3.430135257076472e-05,9.929340740200132e-05,0.575653076171875,0.2982118294360385,3635,0.7559617058311575,0.7690685469590135,0.9483097445262719,0.6190011160714286,0.12773038903061223,0,35,1503,8769,0.0,0.5790794426467675
flickr,cram_c3_stage1,67,10761625676,0.7606161236763,0.5611398220062256,0.552682638168335,0.3023099899291992,0.19947630167007446,0.8745269775390625,0.7532882690429688,0.5610420107841492,0.00047467462718486786,0.00010811247921083122,0.00036656216252595186,0.85784912109375,0.6175329712955779,3867,0.7370022916069894,0.490421729807005,0.856126778138258,0.4182278380102041,0.03872369260204082,32,0,2906,6468,0.0862533692722372,0.7689929853762929
flickr,cram_c3_stage1,68,10771238614,0.705157995223999,0.5658552050590515,0.5145049691200256,0.2766198515892029,0.1393027901649475,0.729034423828125,0.7094516754150391,0.5794389843940735,0.00024990850943140686,3.5470751754473895e-05,0.00021443775040097535,0.746490478515625,0.55870236869207,3884,0.761877994593003,0.8496417910447761,0.8175968747307041,0.3338249362244898,0.025370695153061226,0,0,2785,5163,0.0,0.8022063393412057
flickr,cram_c3_stage1,69,10795023275,0.7937785387039185,0.8013588190078735,0.4585822820663452,0.3962697684764862,-0.007580280303955078,0.470184326171875,0.8006194829940796,0.8087825775146484,-0.00023744411009829491,-0.00024779001250863075,1.0345902410335839e-05,0.5384674072265625,0.5168387609213662,12590,0.5441342065954269,0.5284796000357112,0.9711660719412657,0.446468431122449,0.1906688456632653,4749,5088,0,131,0.9232115085536547,0.02841648590021692
flickr,cram_c3_stage1,70,10796050285,0.7408718466758728,0.6389142870903015,0.5160613656044006,0.34840837121009827,0.10195755958557129,0.72552490234375,0.7419058084487915,0.6676878333091736,0.0001656852982705459,-0.00017071385809686035,0.00033639915636740625,0.87445068359375,0.7987960175966659,4319,0.7625698324022346,0.8001758628269949,0.8371023380605596,0.5439652423469388,0.05082110969387755,162,50,3579,5759,0.04961715160796325,0.6972999152439763
flickr,cram_c3_stage1,71,10805310706,0.7303838729858398,0.6507178544998169,0.49112820625305176,0.3986278176307678,0.07966601848602295,0.65283203125,0.7265600562095642,0.6432464718818665,8.766640530666336e-05,8.434185292571783e-05,3.3245523809455335e-06,0.4841156005859375,0.38618773566183767,5039,0.5494123577322049,0.5578632616777113,0.861045278782587,0.36991788903061223,0.13594148596938777,0,0,2277,15065,0.0,0.6883395778123002
flickr,cram_c3_stage1,72,10847897294,0.7167601585388184,0.6727757453918457,,0.37929555773735046,0.043984413146972656,0.6593475341796875,0.764100193977356,0.7042832374572754,-0.0002791710721794516,-8.437624637736008e-05,-0.0001947948185261339,0.34021759033203125,0.4094362961654002,5659,0.7191967324710687,0.7574381646552755,0.8467052537845058,0.5003786670918368,0.07936065051020408,0,10,5794,3671,0.0,0.48030877927515375
flickr,cram_c3_stage1,73,10859255295,0.6000613570213318,0.5565429925918579,,0.23689940571784973,0.04351836442947388,0.59661865234375,0.6121237277984619,0.5558497905731201,-2.4847198801580817e-05,7.007728709140792e-05,-9.492448589298874e-05,0.425689697265625,0.37108744756373024,3099,0.5752462256473285,0.8996571250454569,0.6101041061142525,0.3836296237244898,0.034279336734693876,0,0,9806,3516,0.0,0.6715049656226126
flickr,cram_c3_stage1,74,10862172945,0.6254055500030518,0.5622594356536865,,0.2918163537979126,0.06314611434936523,0.61700439453125,0.6300748586654663,0.5689411163330078,0.00013088757987134159,2.0475978089962155e-05,0.00011041160178137943,0.5795211791992188,0.46493150684931506,5475,0.5993854593431012,0.8744111837106823,0.6077413222558614,0.3934749681122449,0.007892219387755101,222,84,5575,1110,0.022535783169221398,0.7805907172995781
flickr,cram_c3_stage1,75,10939270325,0.6765455007553101,0.5999422073364258,0.6172854900360107,0.4638908803462982,0.07660329341888428,0.640167236328125,0.6780992746353149,0.6166157126426697,0.0001324893528362736,-7.326754712266847e-05,0.00020575689268298447,0.6410369873046875,0.5366123238463664,3619,0.45261557177615575,0.5686446830461197,0.6716310136293889,0.5215840242346939,0.21368781887755103,0,0,4364,6837,0.0,0.38937297112591834
flickr,cram_c3_stage1,76,10952523225,0.7328290939331055,0.565855085849762,0.35422006249427795,0.32117465138435364,0.1669740080833435,0.802947998046875,0.7444008588790894,0.5564597845077515,8.985486056189984e-05,0.00015845286543481052,-6.859800487291068e-05,0.38299560546875,0.2735660847880299,4010,0.7566575023579699,0.8834762641173438,0.8199056255028595,0.4252830038265306,0.03830516581632653,0,0,4946,5058,0.0,0.7246418338108882
flickr,cram_c3_stage1,77,10979853044,0.797662079334259,0.6103564500808716,,0.3104477822780609,0.18730562925338745,0.8742218017578125,0.7865551710128784,0.5993621349334717,0.00023193970264401287,0.00016604491975158453,6.589478289242834e-05,0.568084716796875,0.2780612244897959,3920,0.8194613711855091,0.8122986545385635,0.9570483659401078,0.42067920918367346,0.05994897959183673,0,0,1388,5594,0.0,0.6503138804929086
flickr,cram_c3_stage1,78,10980225216,0.7502052187919617,0.5643395185470581,,0.31576108932495117,0.18586570024490356,0.83367919921875,0.7525511980056763,0.5752160549163818,4.804728814633563e-05,-2.8291309718042612e-05,7.633859786437824e-05,0.7441635131835938,0.8212537869960382,4291,0.7212350786253645,0.7603247162673392,0.8573332938353526,0.37930484693877553,0.0634765625,0,0,2969,10692,0.0,0.7704835339050227
flickr,cram_c3_stage1,79,11002352834,0.6975002288818359,,,0.30837106704711914,,,0.6861374378204346,,0.000214603467611596,,,,,0,0.7210385628365895,0.9259212518929834,0.7387828258417916,0.39481026785714285,0.012177136479591837,899,442,2745,411,0.13777777777777778,0.7086206896551724
flickr,cram_c3_stage1,80,11036641226,0.8187246322631836,0.5995965003967285,0.4822345972061157,0.36965832114219666,0.21912813186645508,0.880859375,0.8142762184143066,0.5921574831008911,0.0007364375051110983,0.0003432459488976747,0.0003931915562134236,0.8365936279296875,0.5497152869031976,4566,0.5195176134560457,0.4881030472896416,0.9716286799620133,0.33420360331632654,0.14610570790816327,0,226,469,10271,0.0,0.5911026703499079
flickr,cram_c3_stage1,81,11050409385,0.7074117660522461,0.45236635208129883,0.3206239640712738,0.27919116616249084,0.25504541397094727,0.8373260498046875,0.7363401055335999,0.4903503954410553,-0.0001588212326169014,-6.791689520468935e-05,-9.090433741221204e-05,0.2542724609375,0.3425249169435216,3010,0.7043622019838738,0.8389180599696007,0.7553654743390358,0.28846460459183676,0.023198341836734693,9,262,3806,11582,0.008563273073263558,0.9277475168215316
flickr,cram_c3_stage1,82,11071986404,0.8259050846099854,0.7703429460525513,0.6506646871566772,0.47223252058029175,0.05556213855743408,0.6409454345703125,0.8297853469848633,0.7735891938209534,-9.393386426381767e-05,-6.325951835606247e-05,-3.0674345907755196e-05,0.4261474609375,0.3182109445085224,7803,0.3318503308236368,0.3238988108493297,0.9761744966442953,0.44748485331632654,0.28828523596938777,77,1954,223,8106,0.5347222222222222,0.3931706843866712
flickr,cram_c3_stage1,83,11101358996,0.7492513656616211,0.6378862857818604,0.47258269786834717,0.29875388741493225,0.11136507987976074,0.7310028076171875,0.7668503522872925,0.6713488101959229,0.00028955109883099794,7.334320252994075e-05,0.0002162079035770148,0.7785186767578125,0.5016886705557261,3257,0.7323500658817529,0.8818260914069297,0.795512258183665,0.3894092793367347,0.037228954081632654,3,0,3096,3540,0.0012437810945273632,0.6545857988165681
flickr,cram_c3_stage1,84,11154049584,0.7659153342247009,0.5857352614402771,,0.3290922939777374,0.18018007278442383,0.8297119140625,0.7775627374649048,0.5975181460380554,0.0002531420614104718,0.00010532903979765251,0.0001478130288887769,0.7478179931640625,0.5144716176800539,4457,0.763168082344636,0.7775998886259223,0.8869862107296933,0.42946827168367346,0.06108498086734694,100,477,2577,1952,0.10548523206751055,0.4299559471365639
flickr,cram_c3_stage1,85,11314266424,0.7617576122283936,0.565581202507019,,0.2544579803943634,0.1961764097213745,0.858245849609375,0.7639040946960449,0.5732248425483704,7.622126577189192e-05,8.750685083214194e-06,6.747058068867773e-05,0.5893402099609375,0.44028103044496486,2989,0.85931394584875,0.9501242592238578,0.8898377913846814,0.5212651466836735,0.019770408163265307,83,0,3064,1896,0.08592132505175984,0.6565096952908587
flickr,cram_c3_stage1,86,11650557765,0.7147585153579712,0.6011871099472046,0.4183026850223541,0.4022906720638275,0.1135714054107666,0.72998046875,0.7350537180900574,0.603390097618103,-0.0002215737767983228,4.540797817753628e-05,-0.00026698174769990146,0.108245849609375,0.11774861878453038,2896,0.6392187048975272,0.7532882801161103,0.7271831695089648,0.43941326530612246,0.06263950892857142,0,286,4904,6786,0.0,0.7037229078087732
flickr,cram_c3_stage1,87,11764496003,0.7215490341186523,0.6598764657974243,0.5853266716003418,0.3995601236820221,0.06167256832122803,0.6346435546875,0.7063378095626831,0.6721411347389221,7.935112080303952e-05,-0.00019275621161796153,0.00027210733969695866,0.7271728515625,0.6785420098846787,4856,0.5896922378858761,0.7551997755780868,0.7215553385790592,0.4973094706632653,0.11639030612244898,0,71,6567,3692,0.0,0.3902335905295423
flickr,cram_c3_stage1,88,11765015695,0.6553364992141724,0.4219428300857544,0.22600959241390228,0.2411925345659256,0.23339366912841797,0.7674713134765625,0.6724039316177368,0.4600992798805237,-6.362646672641858e-05,-8.34278398542665e-05,1.980137312784791e-05,0.4576263427734375,0.5759059745347699,3063,0.643933542882802,0.9465860484765274,0.6464648286059469,0.37741151147959184,0.0021723533163265306,0,0,8056,6814,0.0,0.9842553806153401
flickr,cram_c3_stage1,89,11776645404,0.6066794395446777,0.8170527219772339,0.7771190404891968,0.5032224059104919,-0.21037328243255615,0.254180908203125,0.5982173085212708,0.8243361711502075,1.7035861674230546e-05,-0.0001101628367905505,0.00012719869846478105,0.7577056884765625,0.719179576696487,4583,0.4797898788996712,0.6784931196128837,0.5956687686691006,0.5271843112244898,0.14502949617346939,0,0,4105,1462,0.0,0.16729602929396956
flickr,cram_c3_stage1,90,12015590114,0.6865243911743164,0.5555542707443237,,0.3206331431865692,0.13097012042999268,0.71807861328125,0.7049605846405029,0.5901668071746826,0.00012681857333518565,-4.708817868959159e-06,0.00013152739848010242,0.6022491455078125,0.38942552109811895,3934,0.6655457340507303,0.8393820054528931,0.7228048207857255,0.3289421237244898,0.03286431760204082,15,690,3298,3065,0.004813863928112966,0.7616799204771372
flickr,cram_c3_stage1,91,12031178616,0.6748800277709961,0.6383132338523865,0.7056886553764343,0.3858032524585724,0.03656679391860962,0.5511474609375,0.6595604419708252,0.6153247356414795,6.638232298428193e-05,0.00013358810974750668,-6.720578676322475e-05,0.3043975830078125,0.24465811965811965,4680,0.5418806868212503,0.681438590015687,0.6933386536475449,0.4319595025510204,0.11866230867346939,0,0,9172,2590,0.0,0.30313670411985016
flickr,cram_c3_stage1,92,12048726756,0.8083232045173645,0.6518837213516235,0.32447370886802673,0.3974331021308899,0.15643948316574097,0.8448028564453125,0.8334221243858337,0.6604840755462646,-0.00011806510883616284,1.7204874893650413e-06,-0.00011978559632552788,0.221771240234375,0.13482466747279323,4962,0.7636648612185782,0.7153663160242352,0.987125894391301,0.5361726721938775,0.11369977678571429,0,676,462,6899,0.0,0.5783869885982562
flickr,cram_c3_stage1,93,12066557153,0.8961776494979858,0.7914811372756958,0.5099945068359375,0.5273881554603577,0.10469651222229004,0.9162139892578125,0.9049410820007324,0.7966973781585693,-4.268567863618955e-05,-4.321395681472495e-05,5.282781785354018e-07,0.5018157958984375,0.42645413870246085,7152,0.5214452374416689,0.5021311746241534,1.0,0.6031768176020408,0.27796157525510207,0,901,0,3065,0.0,0.19024269132890573
flickr,cram_c3_stage1,94,12103535156,0.7408425211906433,0.5736624002456665,0.5547245740890503,0.34131506085395813,0.1671801209449768,0.777984619140625,0.7525952458381653,0.6323270797729492,0.0003358441754244268,-0.0002539914275985211,0.0005898355739191175,0.900054931640625,0.86329030122476,3021,0.6024629826768605,0.6775413582934262,0.7895053899809765,0.36623086734693877,0.0975765306122449,33,0,1198,8393,0.010967098703888335,0.6315749868312138
flickr,cram_c3_stage1,95,12158276143,0.7424043416976929,0.6849126219749451,0.5857815146446228,0.39464685320854187,0.0574917197227478,0.5924224853515625,0.7361736297607422,0.6792485117912292,4.3608626583591104e-05,7.452283171005547e-06,3.6156343412585557e-05,0.515655517578125,0.36878634402551114,5331,0.5186347587289133,0.5349050496331463,0.8487779822796729,0.36941964285714285,0.1481983418367347,0,0,1497,7730,0.0,0.5096927337465383
flickr,cram_c3_stage2,64,10701841844,0.7860686182975769,0.8362236022949219,0.7115981578826904,0.5468949675559998,-0.05015498399734497,0.414459228515625,0.7944868803024292,0.8379172682762146,3.1264258723240346e-05,5.7232860854128376e-05,-2.596860213088803e-05,0.381561279296875,0.4056007226738934,8856,0.5076804307375589,0.4497895475271834,0.934861850258803,0.5681999362244898,0.23003029336734693,364,871,72,2227,0.1750841750841751,0.1726624282834548
flickr,cram_c3_stage2,65,10743985374,0.6971026659011841,0.6602281332015991,,0.4189711809158325,0.03687453269958496,0.5830230712890625,0.704289436340332,0.6902452111244202,-6.868924174341373e-06,-4.993352558813058e-05,4.306460323277861e-05,0.6815185546875,0.8282598079114439,6143,0.6177659168890584,0.8266925156879751,0.6952716038788295,0.39064492984693877,0.058274872448979595,993,565,768,939,0.12506297229219143,0.2847180109157065
flickr,cram_c3_stage2,66,10751849775,0.8625437021255493,0.7001488208770752,0.6173039078712463,0.5708597898483276,0.16239488124847412,0.7997283935546875,0.861764669418335,0.7029414772987366,2.8047785235685296e-05,-6.420319550670683e-06,3.4468102967366576e-05,0.6215133666992188,0.24372279879477737,5974,0.7114643613769177,0.6971022568960713,0.9932707386307243,0.7152822066326531,0.19884008290816327,0,906,240,6072,0.0,0.4009773492702899
flickr,cram_c3_stage2,67,10761625676,0.7905988693237305,0.6025872826576233,0.5434376001358032,0.36908650398254395,0.18801158666610718,0.890716552734375,0.8010846376419067,0.6238426566123962,0.00012083914771210402,1.7551350538269617e-05,0.00010328779899282381,0.877349853515625,0.6030138921591712,4247,0.7485066941297631,0.4809422975119111,0.9069129024207636,0.45176977040816324,0.050701530612244895,85,0,1877,5867,0.22911051212938005,0.6975389371061705
flickr,cram_c3_stage2,68,10771238614,0.7059093117713928,0.5627513527870178,0.5006754398345947,0.30852994322776794,0.143157958984375,0.7356414794921875,0.7293121814727783,0.6008599996566772,5.613249959424138e-05,-4.793413609149866e-06,6.092591502238065e-05,0.7922515869140625,0.7291175082586125,4238,0.7678634331391411,0.8557709730023555,0.8140062620285525,0.32997847576530615,0.020846619897959183,0,0,2751,5390,0.0,0.8374766935985084
flickr,cram_c3_stage2,69,10795023275,0.7936587333679199,0.7524406313896179,0.4606814682483673,0.41940557956695557,0.041218101978302,0.612701416015625,0.7962309718132019,0.7601132392883301,-5.370807775761932e-05,-5.847307329531759e-05,4.764995537698269e-06,0.5506134033203125,0.6360749096484504,9131,0.5916698316242562,0.5783585783585784,0.9584512530248964,0.40262276785714285,0.15060985331632654,4559,3105,0,158,0.8862752721617418,0.03427331887201735
flickr,cram_c3_stage2,70,10796050285,0.7766250371932983,0.6939008235931396,0.5909671783447266,0.457006573677063,0.08272421360015869,0.7133941650390625,0.788183867931366,0.7199748754501343,3.100961839663796e-05,-2.2668014935334213e-05,5.367763515096158e-05,0.8262786865234375,0.7322976878612717,5536,0.7582543737670989,0.7283189414176555,0.8987159831353009,0.6416214923469388,0.09632095025510204,336,61,1136,3487,0.10290964777947932,0.4222060782177019
flickr,cram_c3_stage2,71,10805310706,0.7503092288970947,0.6681339740753174,0.5159114599227905,0.4464167356491089,0.08217525482177734,0.6713714599609375,0.754168689250946,0.6723574995994568,2.8899323297082447e-05,2.0243482140358537e-05,8.655841156723909e-06,0.585968017578125,0.48906852838508175,5443,0.5631651531315864,0.5542097715866025,0.899879422893019,0.3891501913265306,0.14329559948979592,0,0,1681,14696,0.0,0.6714794846020287
flickr,cram_c3_stage2,72,10847897294,0.7673836946487427,0.6623082160949707,,0.4557718336582184,0.10507547855377197,0.787841796875,0.7923867702484131,0.6886082887649536,-6.858805863885209e-05,-2.3212780433823355e-05,-4.537528002401814e-05,0.304656982421875,0.6645800730307773,5751,0.7544718439455281,0.7190360938650953,0.9126892252894034,0.5681800063775511,0.09386957908163265,0,180,3120,3113,0.0,0.40730079811592307
flickr,cram_c3_stage2,73,10859255295,0.6668975949287415,0.6171047687530518,,0.31279459595680237,0.0497928261756897,0.6045989990234375,0.6783255338668823,0.6164013147354126,2.933198629762046e-06,2.2669630197924562e-05,-1.9736431568162516e-05,0.42340087890625,0.3630434782608696,3680,0.6320992536206811,0.8971516767223235,0.6757913650055488,0.42612005739795916,0.03910235969387755,0,0,7916,3274,0.0,0.6252864782276547
flickr,cram_c3_stage2,74,10862172945,0.6715078949928284,0.6080416440963745,,0.37614375352859497,0.06346625089645386,0.6341552734375,0.6873714923858643,0.6289623975753784,3.897195347235538e-05,2.0590359781635925e-06,3.691291931318119e-05,0.60247802734375,0.5059186824498199,5829,0.6987997127517697,0.8362319433645701,0.7193902696613391,0.48702566964285715,0.0166812818877551,540,148,1640,733,0.05481676987107908,0.5154711673699015
flickr,cram_c3_stage2,75,10939270325,0.7019214630126953,0.6080326437950134,0.6093579530715942,0.48734867572784424,0.09388881921768188,0.672943115234375,0.7019742727279663,0.6210075616836548,4.032602737424895e-05,-2.247387237730436e-05,6.27998961135745e-05,0.6996612548828125,0.5487995824634656,3832,0.4830890991158103,0.592499905206082,0.705208051268165,0.5256098533163265,0.2030452806122449,0,0,3628,7371,0.0,0.41978472578165044
flickr,cram_c3_stage2,76,10952523225,0.8114356398582458,0.6338057518005371,0.38324904441833496,0.42691662907600403,0.17762988805770874,0.86663818359375,0.8204845786094666,0.6293162107467651,4.88251716888044e-05,3.738322266144678e-05,1.1441949027357623e-05,0.6517181396484375,0.35653050932929903,3966,0.8485964811297224,0.8208002375473239,0.9617500597995086,0.5369499362244898,0.06110491071428571,156,0,643,3914,0.16956521739130434,0.5607449856733524
flickr,cram_c3_stage2,77,10979853044,0.8592740297317505,0.6594513654708862,,0.4061809182167053,0.19982266426086426,0.9279022216796875,0.8615661859512329,0.6663766503334045,7.108610589057207e-05,3.5351280530449e-05,3.573482536012307e-05,0.6718673706054688,0.23684210526315788,3040,0.7742650413923473,0.7305941690244803,0.9945019675699813,0.4860291772959184,0.1015625,0,0,197,3506,0.0,0.4075796326435713
flickr,cram_c3_stage2,78,10980225216,0.7938731908798218,0.651637613773346,,0.4418617784976959,0.14223557710647583,0.83843994140625,0.7913854122161865,0.6482391357421875,4.781413736054674e-06,3.044538971153088e-06,1.7368747649015859e-06,0.523712158203125,0.652627974661873,5841,0.6994416539116562,0.6682250689953454,0.9611339870249134,0.4838368941326531,0.12585698341836735,0,0,854,7562,0.0,0.5449304604741659
flickr,cram_c3_stage2,79,11002352834,0.7175061106681824,,,0.3806982934474945,,,0.7137742042541504,,4.612408156390302e-05,,,,,0,0.7892295043457834,0.9178808851652855,0.8119260512324794,0.43769929846938777,0.014229910714285714,1313,375,1110,241,0.20122605363984675,0.41551724137931034
flickr,cram_c3_stage2,80,11036641226,0.8670925498008728,0.6739354133605957,0.5497370362281799,0.45842424035072327,0.1931571364402771,0.87255859375,0.8594503402709961,0.6629553437232971,0.00018847764295060188,8.72073505888693e-05,0.00010127029236173257,0.854888916015625,0.5458739108149667,3902,0.44989985384074055,0.4212366953877344,0.9865859449192782,0.39321588010204084,0.2002750318877551,0,677,226,8004,0.0,0.4606353591160221
flickr,cram_c3_stage2,81,11050409385,0.7601290941238403,0.5219261646270752,0.39636915922164917,0.3514266908168793,0.23820292949676514,0.865509033203125,0.7610088586807251,0.5306500196456909,-5.741076165577397e-05,1.0757472409750335e-05,-6.81682358845137e-05,0.10710906982421875,0.28197226502311246,3245,0.7565973211741237,0.8262479770944853,0.8257853810264386,0.3201929209183674,0.029296875,18,254,2529,11268,0.017126546146527116,0.9025953220121756
flickr,cram_c3_stage2,82,11071986404,0.8478066325187683,0.7520556449890137,0.656963050365448,0.5067125558853149,0.09575098752975464,0.7530059814453125,0.8423941135406494,0.7498079538345337,-1.388968485116493e-05,-1.0326966730644926e-05,-3.562718120520003e-06,0.476104736328125,0.399002849002849,7020,0.32315387653020927,0.31388510057961133,0.9885906040268456,0.46763392857142855,0.3057437818877551,102,2416,113,7692,0.7083333333333334,0.37309016830770725
flickr,cram_c3_stage2,83,11101358996,0.7526502013206482,0.637688398361206,0.479509562253952,0.330584317445755,0.11496180295944214,0.7357177734375,0.7571657299995422,0.6498150825500488,6.103656778577715e-05,8.007362339412794e-06,5.302920544636436e-05,0.7602767944335938,0.5419966402687785,4167,0.7466050031532478,0.8702768929184024,0.8198901149637564,0.4066685267857143,0.04237085459183673,0,0,2485,3282,0.0,0.6068786982248521
flickr,cram_c3_stage2,84,11154049584,0.7840965986251831,0.6134024262428284,,0.39912793040275574,0.17069417238235474,0.841796875,0.7891108393669128,0.6216620206832886,5.871499888598919e-05,1.710551259748172e-05,4.1609484469518065e-05,0.771636962890625,0.5296999387630129,4899,0.7923627149808283,0.7600989460098946,0.93526189026811,0.46326929209183676,0.06790098852040816,261,210,1384,1343,0.27531645569620256,0.29581497797356826
flickr,cram_c3_stage2,85,11314266424,0.7850768566131592,0.5836249589920044,,0.327025443315506,0.20145189762115479,0.8854827880859375,0.7944686412811279,0.6025468707084656,3.391300197108649e-05,1.526783307781443e-06,3.2386218663305044e-05,0.7559661865234375,0.5680532445923461,3005,0.8822469982847342,0.9401732836148278,0.9208830164357074,0.5451610331632653,0.024374202806122448,151,0,2164,1665,0.15631469979296067,0.5765235457063712
flickr,cram_c3_stage2,86,11650557765,0.7486439347267151,0.6406084895133972,0.5616762042045593,0.47874125838279724,0.10803544521331787,0.7500762939453125,0.7580324411392212,0.6411637663841248,-4.144546983297914e-05,3.1880026654107496e-06,-4.4633474317379296e-05,0.0989990234375,0.11558032469105887,4127,0.6404973854037321,0.6869302622200548,0.8017469734451279,0.5312699298469388,0.11459661989795919,0,607,2902,4500,0.0,0.4666597531888416
flickr,cram_c3_stage2,87,11764496003,0.7499958276748657,0.663439154624939,0.6186139583587646,0.4385817348957062,0.08655667304992676,0.678680419921875,0.7403409481048584,0.6804816722869873,2.3353775759460405e-05,-4.786389763467014e-05,7.121766975615174e-05,0.7444000244140625,0.6831544563695754,4286,0.6256412670024003,0.767996764626584,0.7634828556659583,0.5174386160714286,0.11467633928571429,0,0,5471,3707,0.0,0.39181904661240885
flickr,cram_c3_stage2,88,11765015695,0.707360029220581,0.5327635407447815,0.2748296856880188,0.33300483226776123,0.17459648847579956,0.748046875,0.7162836194038391,0.5505263209342957,-1.5416611859109253e-05,-9.222121661878191e-06,-6.194490197231062e-06,0.420989990234375,0.45493685419058555,3484,0.7114816045905425,0.8986829893490078,0.733342950393999,0.45095264668367346,0.016980229591836735,0,0,5109,6071,0.0,0.8769319659107323
flickr,cram_c3_stage2,89,11776645404,0.6436663866043091,0.83024001121521,0.8014987707138062,0.5598078370094299,-0.18657362461090088,0.2454833984375,0.6433049440383911,0.8409531116485596,4.750872903969139e-07,-2.8787311748601496e-05,2.926239903899841e-05,0.7299957275390625,0.6499228905045165,4539,0.5411832794044142,0.6918911646991558,0.6827746432127447,0.5925741390306123,0.15710698341836735,207,70,1637,926,0.01991150442477876,0.10596178052408742
flickr,cram_c3_stage2,90,12015590114,0.7058110237121582,0.5858940482139587,,0.38603901863098145,0.11991697549819946,0.7340545654296875,0.7288376092910767,0.6252500414848328,3.191708674421534e-05,-1.0424077117932029e-05,4.2341162043157965e-05,0.6268310546875,0.37825319805910895,4534,0.6863159361069836,0.8115802767406106,0.771143110554599,0.3629623724489796,0.04721380739795918,0,1034,2296,2689,0.0,0.6682405566600398
flickr,cram_c3_stage2,91,12031178616,0.7244972586631775,0.6774864792823792,0.7172296643257141,0.4429718852043152,0.04701077938079834,0.5780487060546875,0.7142606973648071,0.6614914536476135,1.6367024727514945e-05,2.8994732929277234e-05,-1.2627708201762289e-05,0.31554412841796875,0.289060948977566,5037,0.5887848784878488,0.6760438197602315,0.7676978687447188,0.4821029974489796,0.12900589923469388,0,0,7175,2071,0.0,0.24239232209737827
flickr,cram_c3_stage2,92,12048726756,0.8496931791305542,0.6758542060852051,0.38784998655319214,0.4796654284000397,0.17383897304534912,0.894256591796875,0.8526445627212524,0.6669101715087891,-3.6694422306027263e-05,-6.69380824547261e-07,-3.602504148148e-05,0.18816375732421875,0.22206130823075065,4143,0.7027295554311108,0.6537983193277311,0.9976406021593619,0.5929129464285714,0.16306600765306123,0,2077,92,5823,0.0,0.4881790744466801
flickr,cram_c3_stage2,93,12066557153,0.9213523268699646,0.8000989556312561,0.5520150661468506,0.5742635130882263,0.1212533712387085,0.955535888671875,0.9132652282714844,0.7817840576171875,-1.8723963876254857e-05,4.210443876218051e-06,-2.2934407752472907e-05,0.30364990234375,0.2018621236133122,5048,0.4908908844240584,0.47373671249103777,1.0,0.6393295599489796,0.31411431760204084,0,2304,0,2654,0.0,0.16473217056669356
flickr,cram_c3_stage2,94,12103535156,0.6994588375091553,0.5331637859344482,0.5486345887184143,0.37404975295066833,0.16629505157470703,0.7692108154296875,0.7194612622261047,0.5955479145050049,8.028133015614003e-05,-6.271922757150605e-05,0.0001430005650036037,0.9024810791015625,0.8928063690645437,3517,0.5785535522753971,0.7164769133459835,0.7182942295497781,0.31509088010204084,0.07591278698979592,0,0,2644,9480,0.0,0.7133719617728949
flickr,cram_c3_stage2,95,12158276143,0.7037286758422852,0.5962034463882446,0.5817790031433105,0.3926542103290558,0.10752522945404053,0.674896240234375,0.7222291231155396,0.6247124075889587,3.408098564250395e-05,-1.872365282906685e-05,5.2804636652581394e-05,0.6905364990234375,0.5759922555663117,4132,0.5037961403605643,0.5490762472167058,0.781064075675213,0.3311742665816326,0.12812898596938777,0,0,2409,8737,0.0,0.5760912567585388
flickr,original_1.3g_final,96,12328837165,0.8473501205444336,0.6999446153640747,0.6073850989341736,0.470929354429245,0.1474055051803589,0.8668975830078125,0.8383800983428955,0.7282638549804688,3.417854168219492e-05,-2.7948306524194777e-05,6.21268482063897e-05,0.959503173828125,0.9232914923291492,4302,0.7665391721500113,0.7668623127310461,0.9709915828371998,0.6145966198979592,0.12946428571428573,0,0,0,0,0.0,0.0
flickr,original_1.3g_final,97,12373955905,0.7865212559700012,0.6932764053344727,0.6052189469337463,0.3879086375236511,0.09324485063552856,0.761749267578125,0.7897658944129944,0.7049812078475952,-2.7824517019325867e-06,-1.5410781998070888e-05,1.2628330296138301e-05,0.6825408935546875,0.6937766410912191,5865,0.7485766152322799,0.8029455498123628,0.9086720487189247,0.5629384566326531,0.10638552295918367,0,0,0,0,0.0,0.0
flickr,original_1.3g_final,98,12444360833,0.6791859865188599,0.6606771945953369,,0.410546213388443,0.01850879192352295,0.5051040649414062,0.7233632802963257,0.7507609724998474,2.874138044717256e-05,-4.9508147640153766e-05,7.824952626833692e-05,0.7723388671875,0.66227690175013,5771,0.6411344955288591,0.8737505539416023,0.6998757616991067,0.40475526147959184,0.04629703443877551,0,0,0,0,0.0,0.0
flickr,original_1.3g_final,99,12512072175,0.8390120267868042,0.742587685585022,0.6270726323127747,0.5580069422721863,0.09642434120178223,0.8116912841796875,0.8433521389961243,0.7439622282981873,-6.239491995074786e-06,-5.609586878563277e-06,-6.299051165115088e-07,0.5047531127929688,0.5040805223068553,7352,0.7070022237891197,0.6762645914396888,0.9913301391740816,0.7682955994897959,0.2107780612244898,0,0,0,0,0.0,0.0
flickr,original_1.3g_final,100,12534178685,0.8316860795021057,0.7114711999893188,,0.48915156722068787,0.12021487951278687,0.8183746337890625,0.8236908316612244,0.6933133006095886,-2.9620587156387046e-06,1.0813275366672315e-05,-1.377533408231102e-05,0.321685791015625,0.1659234921379958,4261,0.839336994307018,0.8611154184111232,0.954864593781344,0.7711654974489796,0.09572305484693877,0,0,0,0,0.0,0.0
flickr,original_1.3g_final,101,12598610153,0.7478588819503784,0.7164819240570068,,0.412212610244751,0.03137695789337158,0.6309356689453125,0.7652699947357178,0.7454224228858948,1.7957463569473475e-05,-6.659198334091343e-06,2.4616661903564818e-05,0.6918792724609375,0.750057168991539,4373,0.6810979015399345,0.8084135161754679,0.7711250429095377,0.5261080994897959,0.07290338010204081,0,0,0,0,0.0,0.0
flickr,original_1.3g_final,102,12599965145,0.8501085042953491,0.7540282011032104,,0.3727884590625763,0.09608030319213867,0.773529052734375,0.8359468579292297,0.7291573286056519,-7.286487743840553e-06,1.5206160242087208e-05,-2.249264798592776e-05,0.1793670654296875,0.19273301737756715,5697,0.8907107969541608,0.8752049363579456,0.9587415099268548,0.668586575255102,0.04661591198979592,0,0,0,0,0.0,0.0
flickr,original_1.3g_final,103,12729873904,0.8580875992774963,0.7428497076034546,,0.5620218515396118,0.11523789167404175,0.828155517578125,0.875208854675293,0.7652616500854492,-1.1917758456547745e-05,-9.031156878336333e-06,-2.886601578211412e-06,0.42945098876953125,0.4026055564275624,6371,0.7244087813974515,0.6618224057821374,0.9904581627134358,0.7720822704081632,0.18947305484693877,0,0,0,0,0.0,0.0
flickr,original_1.3g_final,104,13153991894,0.839935302734375,0.8393941521644592,0.786622166633606,0.6000175476074219,0.0005411505699157715,0.57037353515625,0.8536832332611084,0.8403081893920898,-1.5751271348563023e-05,1.7524962458992377e-06,-1.750376759446226e-05,0.299896240234375,0.36539139633286316,11344,0.341696957458266,0.3151482228775415,0.9964177053685347,0.6420400191326531,0.3890904017857143,0,0,0,0,0.0,0.0
flickr,original_1.3g_final,105,13234495505,0.7080159187316895,0.7578290700912476,0.6734492778778076,0.5462953448295593,-0.049813151359558105,0.5547027587890625,0.7113789916038513,0.7654253244400024,1.6319110727636144e-05,1.6774265532149002e-05,-4.551548045128584e-07,0.5616455078125,0.7159313725490196,4080,0.5085119973339258,0.6059066843150231,0.7090222652468539,0.6022799744897959,0.20294563137755103,0,0,0,0,0.0,0.0
flickr,original_1.3g_final,106,13409856383,0.8181768655776978,0.7305483222007751,,0.37075933814048767,0.08762854337692261,0.7530670166015625,0.8202918767929077,0.7318307757377625,3.957493754569441e-05,2.246145231765695e-05,1.711348522803746e-05,0.7473602294921875,0.5337293729372937,7575,0.9015973786606595,0.8503686057367286,0.9803303024679904,0.6190808354591837,0.04689492984693878,0,0,0,0,0.0,0.0
flickr,original_1.3g_final,107,13447842855,0.8204689025878906,0.76357102394104,,0.43918144702911377,0.056897878646850586,0.6579437255859375,0.8148407936096191,0.7647672891616821,9.047133789863437e-05,6.169691914692521e-05,2.8774418751709163e-05,0.6815643310546875,0.6295977011494253,6960,0.7044483484069664,0.6498339402184786,0.9626841340881472,0.49806680484693877,0.12324617346938775,0,0,0,0,0.0,0.0
flickr,original_1.3g_final,108,13579448834,0.7983921766281128,0.7510942816734314,0.6536461114883423,0.4985024631023407,0.047297894954681396,0.66729736328125,0.7953066825866699,0.7472184896469116,7.116517735994421e-06,6.098180165281519e-06,1.0183375707129017e-06,0.552093505859375,0.5019808902353764,8582,0.6399456101857288,0.632923772846751,0.9528366999493857,0.6520647321428571,0.21177455357142858,0,0,0,0,0.0,0.0
flickr,original_1.3g_final,109,13660204414,0.7273374795913696,0.7037832140922546,,0.4220121204853058,0.02355426549911499,0.58087158203125,0.7456216216087341,0.727293848991394,-4.610254109138623e-06,-1.1314323273836635e-05,6.704069164698012e-06,0.628021240234375,0.4673847087378641,6592,0.6750516376512246,0.8310025426807119,0.773541842772612,0.43893494897959184,0.06879783163265306,0,0,0,0,0.0,0.0
flickr,original_1.3g_final,110,13721325644,0.8027142286300659,0.910659670829773,0.8935979008674622,0.579677939414978,-0.10794544219970703,0.21405029296875,0.7940795421600342,0.8994846343994141,4.119037839700468e-06,1.9385075574973598e-05,-1.526603773527313e-05,0.3050994873046875,0.3702134337727558,6372,0.6886513314880214,0.6987603420127839,0.9092627599243857,0.7202447385204082,0.17731584821428573,0,0,0,0,0.0,0.0
flickr,original_1.3g_final,111,13861270725,0.7885048985481262,0.7900235652923584,0.6735414266586304,0.5339890122413635,-0.0015186667442321777,0.5373077392578125,0.8198326826095581,0.7871760129928589,2.1540472516790032e-06,4.387496301205829e-05,-4.1720915760379285e-05,0.1916351318359375,0.1286365610073817,9212,0.6681497899368156,0.5734993469248679,0.9542877391920623,0.7018893494897959,0.18064413265306123,0,0,0,0,0.0,0.0
flickr,original_1.3g_final,112,14062380939,0.7913377285003662,0.7226462960243225,0.6474146246910095,0.5140210390090942,0.0686914324760437,0.7153167724609375,0.7972821593284607,0.7359641194343567,4.539564542938024e-05,2.1778932932647876e-05,2.361671249673236e-05,0.7778472900390625,0.6534343170540611,7658,0.5390296948685372,0.522196261682243,0.9244746463788455,0.47767857142857145,0.19294084821428573,0,0,0,0,0.0,0.0
flickr,original_1.3g_final,113,14172932360,0.8165178298950195,0.8376182317733765,0.6981033086776733,0.4967230260372162,-0.021100401878356934,0.5119171142578125,0.8222348690032959,0.8383761048316956,5.694089850294404e-06,1.7061689504771493e-05,-1.136759965447709e-05,0.312744140625,0.225074246924056,9428,0.6481958288888071,0.6912139635222593,0.8767849146723717,0.5081114477040817,0.1412627551020408,0,0,0,0,0.0,0.0
flickr,original_1.3g_final,114,14174434304,0.8332278728485107,0.7675629258155823,0.6828568577766418,0.4570099115371704,0.06566494703292847,0.7451629638671875,0.8395446538925171,0.7546682357788086,-3.884213583660312e-06,1.9617495127022266e-05,-2.350170871068258e-05,0.0368804931640625,0.04793756967670011,8073,0.8166332665330661,0.8367776753981835,0.9462074303405573,0.7570352359693877,0.10622608418367346,0,0,0,0,0.0,0.0
flickr,original_1.3g_final,115,14203929291,0.8667330741882324,0.756484866142273,0.766271710395813,0.5849753618240356,0.11024820804595947,0.856597900390625,0.8726897835731506,0.7777772545814514,1.3267126632854342e-06,-1.9430868633207865e-05,2.07575812964933e-05,0.9282073974609375,0.9243309750845894,6502,0.6649730114948597,0.6255369335816263,0.992514822620994,0.8026745854591837,0.2491828762755102,0,0,0,0,0.0,0.0
flickr,original_1.3g_final,116,14414061986,0.8092042207717896,0.754157543182373,,0.43451911211013794,0.055046677589416504,0.6751251220703125,0.8285621404647827,0.7741396427154541,5.634647095575929e-05,4.242059731041081e-05,1.3925873645348474e-05,0.610443115234375,0.2710689529368843,5482,0.6797245513525818,0.6588276394660391,0.8962231115557779,0.5419523278061225,0.1268933354591837,0,0,0,0,0.0,0.0
flickr,original_1.3g_final,117,14566072101,0.708858847618103,0.7280187606811523,0.6184736490249634,0.45265471935272217,-0.019159913063049316,0.5158233642578125,0.722371518611908,0.7373930811882019,1.3180888345232233e-06,8.433918992523104e-06,-7.115830157999881e-06,0.4126434326171875,0.20409141761227426,6257,0.6833621100261967,0.8036795854777159,0.7817299506214882,0.5692562181122449,0.08424346301020408,0,0,0,0,0.0,0.0
flickr,original_1.3g_final,118,14648401332,0.7952939867973328,0.6903771162033081,,0.38004183769226074,0.10491687059402466,0.80926513671875,0.7977277040481567,0.6774774789810181,-1.997437902900856e-05,1.4061341062188148e-05,-3.403572191018611e-05,0.0946807861328125,0.19567567567567568,5550,0.8173388665542731,0.8433130394059009,0.9389199255121042,0.5957828443877551,0.07959980867346939,0,0,0,0,0.0,0.0
flickr,original_1.3g_final,119,14652810592,0.8498930931091309,0.7006413340568542,0.5918101668357849,0.4004172384738922,0.1492517590522766,0.9152679443359375,0.8459746241569519,0.6956738233566284,1.7339807527605444e-06,4.959136276738718e-06,-3.2251555239781737e-06,0.38407135009765625,0.6999759788613981,4163,0.8367266904147195,0.7600712483301173,0.9895261652624256,0.6713368941326531,0.09416852678571429,0,0,0,0,0.0,0.0
flickr,original_1.3g_final,120,14678892718,0.841998815536499,0.7699007987976074,0.6960964202880859,0.5338811278343201,0.0720980167388916,0.8128128051757812,0.8486919403076172,0.7717952132225037,8.90859701030422e-06,1.1248917871853337e-05,-2.3403208615491167e-06,0.43560791015625,0.3529882871158274,9989,0.43357118586476384,0.40173511509130344,0.9973078593139384,0.5697146045918368,0.2983896683673469,0,0,0,0,0.0,0.0
flickr,original_1.3g_final,121,14680986811,0.7700048685073853,0.7520169019699097,0.6830679178237915,0.5226795673370361,0.017987966537475586,0.537841796875,0.7821377515792847,0.7734706401824951,9.373070497531444e-08,-1.3625816791318357e-05,1.3719547496293671e-05,0.698638916015625,0.7662011173184358,10740,0.7438386026297885,0.7439728919008999,0.9341400896266718,0.7175542091836735,0.14620535714285715,0,0,0,0,0.0,0.0
flickr,original_1.3g_final,122,14742398172,0.8730602860450745,0.7451745271682739,,0.4719819128513336,0.12788575887680054,0.79351806640625,0.8819077610969543,0.7468233108520508,4.365389031590894e-06,1.1865447959280573e-05,-7.500058927689679e-06,0.40032958984375,0.14697406340057637,6593,0.7753010913201641,0.7109536973047685,1.0,0.7498007015306123,0.15449617346938777,0,0,0,0,0.0,0.0
flickr,original_1.3g_final,123,14778198185,0.7809734344482422,0.7518710494041443,0.748781144618988,0.49435803294181824,0.0291023850440979,0.6296234130859375,0.7956812977790833,0.7525709867477417,3.189768176525831e-05,5.6998767831828445e-05,-2.5101086066570133e-05,0.372222900390625,0.1151582630825513,6287,0.6141931600934646,0.6442789764919968,0.8564622827804107,0.5366509885204082,0.1592394770408163,0,0,0,0,0.0,0.0
flickr,original_1.3g_final,124,14899015793,0.875715970993042,0.731359601020813,,0.4942083954811096,0.144356369972229,0.9368438720703125,0.8637337684631348,0.7092146277427673,-2.796824264805764e-05,1.1841982995974831e-05,-3.9810227463021874e-05,0.0834503173828125,0.31352350765979925,3786,0.794980224372528,0.7892280337827826,1.0,0.8070392219387755,0.16426179846938777,0,0,0,0,0.0,0.0
flickr,original_1.3g_final,125,15135657108,0.7667876482009888,0.6240265965461731,,0.3640628159046173,0.14276105165481567,0.8906770833333333,0.7735608220100403,0.6353467702865601,1.4014733096701093e-05,-4.212424755678512e-06,1.8227157852379605e-05,0.6779427083333334,0.3684210526315789,2850,0.9304722327162825,0.9649282266658309,0.9383562687636203,0.6358816964285714,0.0055404974489795915,0,0,0,0,0.0,0.0
flickr,original_1.3g_final,126,15210828119,0.7869376540184021,0.8209943771362305,0.6470864415168762,0.5579327344894409,-0.03405672311782837,0.48675537109375,0.7794818878173828,0.8242876529693604,2.2589732907363214e-05,1.4911611287971027e-05,7.678121619392186e-06,0.5758209228515625,0.48038265923952533,8258,0.589407626032257,0.6082482156042334,0.8989451189014687,0.6477997448979592,0.23018973214285715,0,0,0,0,0.0,0.0
flickr,original_1.3g_final,127,15679023977,0.8840556144714355,0.7935760021209717,0.7661207914352417,0.4827115535736084,0.09047961235046387,0.793670654296875,0.8858078122138977,0.8080304861068726,-4.742684541270137e-05,-4.825646465178579e-05,8.296192390844226e-07,0.520751953125,0.7520265291083272,8142,0.43820879291595466,0.42162101565711296,1.0,0.5333426339285714,0.28828523596938777,0,0,0,0,0.0,0.0
flickr,cram_c3_stage1,96,12328837165,0.7100991010665894,0.5603563189506531,0.7293998003005981,0.5050967931747437,0.14974278211593628,0.7669525146484375,0.7349848747253418,0.6278175115585327,-8.475617505609989e-07,-0.0002471226907800883,0.0002462751290295273,0.83807373046875,0.7798594847775175,3843,0.5508079646553289,0.6654480312945563,0.7473619380004106,0.5451411033163265,0.17321029974489796,0,6247,5680,4052,0.0,0.6237684729064039
flickr,cram_c3_stage1,97,12373955905,0.6033483147621155,0.5492166876792908,0.3544321060180664,0.2922719419002533,0.05413162708282471,0.5875396728515625,0.6161544322967529,0.5701379776000977,-4.037623875774443e-05,-0.00011169147910550237,7.131524034775794e-05,0.6919403076171875,0.6713983050847457,4720,0.5112744818677457,0.9081522472668376,0.5391534285542579,0.29532047193877553,0.02712452168367347,0,0,9451,3977,0.0,0.7450355938553765
flickr,cram_c3_stage1,98,12444360833,0.6238604784011841,0.5348013639450073,,0.3101130425930023,0.08905911445617676,0.6462860107421875,0.6368110179901123,0.5663002133369446,0.0002739588962867856,-7.021498458925635e-05,0.0003441738663241267,0.7318115234375,0.5975308641975309,5265,0.5323683458718217,0.9314228590469843,0.5512236486619733,0.29904735331632654,0.01789700255102041,361,474,4240,1899,0.04095292115711855,0.8174773999139044
flickr,cram_c3_stage1,99,12512072175,0.6801435947418213,0.464237242937088,0.1462145745754242,0.3197205662727356,0.21590635180473328,0.7996978759765625,0.6912707686424255,0.4717930555343628,-6.333956844173372e-05,-3.594619920477271e-05,-2.7393369236961007e-05,0.49697113037109375,0.2871287128712871,3434,0.674056213337172,0.8956579954093343,0.7122214617081147,0.41677295918367346,0.029675542091836735,0,0,8551,9087,0.0,0.8592095310136157
flickr,cram_c3_stage1,100,12534178685,0.6536521911621094,0.4629855751991272,,0.2642120122909546,0.19066661596298218,0.765655517578125,0.663831353187561,0.4847060441970825,-6.168119580252096e-05,-5.065107689006254e-05,-1.103011891245842e-05,0.4770965576171875,0.594159113796576,2979,0.6788794956297464,0.9979148237078226,0.6788794956297464,0.47311463647959184,0.0,0,0,10152,4803,0.0,1.0
flickr,cram_c3_stage1,101,12598610153,0.6950088143348694,0.5788203477859497,,0.2638160288333893,0.11618846654891968,0.6954345703125,0.6919435858726501,0.5816770792007446,4.369182715890929e-05,-5.951364437351003e-05,0.00010320547153241932,0.6517562866210938,0.5660026560424967,3765,0.6280621712262304,0.8898456343463579,0.6665522412329039,0.4131457270408163,0.03380102040816327,481,43,4187,2005,0.06847949886104783,0.5481137233460908
flickr,cram_c3_stage1,102,12599965145,0.7088014483451843,0.4563225507736206,,0.20748671889305115,0.2524788975715637,0.84832763671875,0.7098802924156189,0.46202579140663147,7.64436335884966e-05,-0.00010363997716922313,0.00018008361803367734,0.9410934448242188,0.9016018306636155,2622,0.7234187479727539,0.9683904302896097,0.7282850052246604,0.45900430484693877,0.004105548469387755,0,0,8383,2133,0.0,0.9119281744335186
flickr,cram_c3_stage1,103,12729873904,0.6714921593666077,0.40505823493003845,,0.27436745166778564,0.2664339244365692,0.94403076171875,0.6562342047691345,0.4127526581287384,9.917931311065331e-05,-0.0001353199768345803,0.000234499282669276,0.838226318359375,0.8782494241526818,3039,0.6700339952097659,0.9798045418596769,0.6700339952097659,0.3527981505102041,0.0,0,0,11531,9507,0.0,1.0
flickr,cram_c3_stage1,104,13153991894,0.7942979335784912,0.7717838883399963,0.5115285515785217,0.46830829977989197,0.022514045238494873,0.56573486328125,0.8173125982284546,0.746245265007019,-0.00035680134897120297,2.82851469819434e-05,-0.00038508648867718875,0.235015869140625,0.2362523447526903,10129,0.4865110060640787,0.4332426226719959,1.0,0.46871014030612246,0.21432557397959184,72,328,0,9097,1.0,0.4659632228653383
flickr,cram_c3_stage1,105,13234495505,0.5105264186859131,0.6608118414878845,0.635383129119873,0.4345557689666748,-0.15028542280197144,0.3589630126953125,0.5026172399520874,0.6745568513870239,4.919934872305021e-05,-8.224660268751904e-05,0.00013144595141056925,0.6973876953125,0.6668537749087847,3563,0.30587837422369796,0.5487892327210546,0.38524685382381413,0.36130819515306123,0.1335499043367347,0,85,8609,3567,0.0,0.3502896985171364
flickr,cram_c3_stage1,106,13409856383,0.7084982395172119,0.5342451333999634,,0.27211064100265503,0.17425310611724854,0.785369873046875,0.7049438953399658,0.5169969797134399,5.5226904805749655e-05,0.0001360512396786362,-8.082433487288654e-05,0.253509521484375,0.2293056585124784,4047,0.7979777737292767,0.95451970013947,0.8127853033958062,0.4572704081632653,0.009964923469387755,0,0,6266,1853,0.0,0.7875053123671908
flickr,cram_c3_stage1,107,13447842855,0.8043529987335205,0.5527182221412659,,0.37496381998062134,0.25163477659225464,0.9739837646484375,0.8094857335090637,0.5506749153137207,0.0004248241020832211,8.977566903922707e-05,0.0003350484184920788,0.9018402099609375,0.3425034387895461,1454,0.8319033263765427,0.769580969633408,0.9569637511485225,0.41806839923469385,0.05054209183673469,565,1435,931,5083,0.6881851400730816,0.8219598965071151
flickr,cram_c3_stage1,108,13579448834,0.6012454628944397,0.5418548583984375,0.4998088479042053,0.34238892793655396,0.0593906044960022,0.6158599853515625,0.5974818468093872,0.5249807834625244,-8.037153747864068e-06,0.00011029688903363422,-0.00011833404278149828,0.2645111083984375,0.3403496254013557,5606,0.5319373106808903,0.9004904875148633,0.5575392260617494,0.26817602040816324,0.020846619897959183,0,0,9682,9580,0.0,0.901562205910032
flickr,cram_c3_stage1,109,13660204414,0.6001005172729492,0.688310980796814,,0.31988680362701416,-0.08821046352386475,0.4149017333984375,0.5852974653244019,0.6507667303085327,3.1051094993017614e-05,0.000222066038986668,-0.00019101494399365038,0.238739013671875,0.2590591942381274,4443,0.4941925742382593,0.8402672635112896,0.5394970414201183,0.30275430484693877,0.04322783801020408,142,440,5692,1723,0.024903542616625744,0.4991309385863268
flickr,cram_c3_stage1,110,13721325644,0.7144898176193237,0.7659178972244263,0.6238044500350952,0.42566978931427,-0.05142807960510254,0.4221649169921875,0.6916853189468384,0.7613754868507385,0.0001279205025639385,3.255215415265411e-05,9.536834841128439e-05,0.646331787109375,0.7350103376981392,5804,0.6566965021964347,0.7612534325141646,0.7885678278872986,0.5733617665816326,0.11114875637755102,2,0,4052,3320,0.0006920415224913495,0.3731594919635832
flickr,cram_c3_stage1,111,13861270725,0.658846378326416,0.7101849317550659,0.6042932868003845,0.4576357901096344,-0.0513385534286499,0.448577880859375,0.7042844295501709,0.7291562557220459,-9.997758024837822e-05,0.00010750172077678144,-0.00020747930102515966,0.1792144775390625,0.163140409162441,5719,0.5552468007312614,0.6235782039173818,0.7175053153791637,0.4853515625,0.12326610331632654,0,265,7986,3144,0.0,0.3468667255075022
flickr,cram_c3_stage1,112,14062380939,0.6869907379150391,0.6395968198776245,0.4892805814743042,0.37733036279678345,0.04739391803741455,0.5732269287109375,0.6897649168968201,0.6142356991767883,-2.8864735213574022e-05,0.00018411222845315933,-0.00021297697094269097,0.1643829345703125,0.15401348705677617,4597,0.46416743939594646,0.5662938780787381,0.6470436163533626,0.3082948022959184,0.10630580357142858,0,1043,4152,5390,0.0,0.556760665220535
flickr,cram_c3_stage1,113,14172932360,0.6746122241020203,0.6266595721244812,0.4278460741043091,0.23096434772014618,0.04795265197753906,0.6334075927734375,0.6731535196304321,0.6171520352363586,-3.6868106690235436e-05,6.468073843279853e-05,-0.00010154884512303397,0.2868194580078125,0.17925430210325047,4184,0.5857155679217341,0.8287192837640485,0.649360664709687,0.31387515943877553,0.04352678571428571,0,0,4842,4904,0.0,0.6918735891647856
flickr,cram_c3_stage1,114,14174434304,0.7799732089042664,0.5843936800956726,0.4442089796066284,0.3326666057109833,0.19557952880859375,0.8707427978515625,0.7875362634658813,0.5363209247589111,2.5846209609881043e-05,0.00031436519930139184,-0.0002885189896915108,0.051971435546875,0.0020304568527918783,2955,0.8125126135216952,0.9398699349674837,0.838949749940462,0.5975964604591837,0.021783322704081634,7,0,3770,4237,0.0038188761593016913,0.7949343339587241
flickr,cram_c3_stage1,115,14203929291,0.7307960987091064,0.6679179668426514,0.688538670539856,0.4809005856513977,0.06287813186645508,0.6198272705078125,0.7329922318458557,0.6639683842658997,-4.4255641114432365e-05,1.7629688954912126e-05,-6.188533006934449e-05,0.2915191650390625,0.36818879508825786,5212,0.5871594701480469,0.6666555384923549,0.7866921425335356,0.5969786352040817,0.17191485969387754,0,271,6444,4148,0.0,0.33176037750939774
flickr,cram_c3_stage1,116,14414061986,0.7837541103363037,0.5372805595397949,,0.27542224526405334,0.2464735507965088,0.8987274169921875,0.7669585943222046,0.5353893637657166,0.00021755740453954786,-7.167401781771332e-05,0.0002892314223572612,0.8763427734375,0.68296853625171,2924,0.836878103625972,0.8355081614517562,0.8936468234117059,0.42612005739795916,0.02702487244897959,988,0,1789,5011,0.3682445024226612,0.7870268572326056
flickr,cram_c3_stage1,117,14566072101,0.5988842248916626,0.556489109992981,0.5139039754867554,0.3428279757499695,0.04239511489868164,0.6181488037109375,0.5953457355499268,0.5837135314941406,0.00014525503502227366,-0.00011923983402084559,0.000264494854491204,0.8264923095703125,0.8366013071895425,4896,0.5684254987328612,0.9071817474721287,0.5957772858845565,0.3843470982142857,0.028160873724489797,90,219,6554,3033,0.011383759170250442,0.7175301632363378
flickr,cram_c3_stage1,118,14648401332,0.7424837350845337,0.4764009714126587,,0.3269273340702057,0.266082763671875,0.9239883422851562,0.7450875043869019,0.4814525246620178,0.00021064767497591674,-0.00019473370048217475,0.0004053813754580915,0.857879638671875,0.3432240921169176,2258,0.814154137391241,0.9536886993603412,0.8329236499068902,0.4673549107142857,0.01233657525510204,1201,248,4270,3623,0.6229253112033195,0.9071106659989985
flickr,cram_c3_stage1,119,14652810592,0.669263482093811,0.5076029300689697,0.4455537796020508,0.23189067840576172,0.1616605520248413,0.7942657470703125,0.635036826133728,0.48489469289779663,8.400513615924865e-05,-2.9235197871457785e-05,0.00011324033403070644,0.5685272216796875,0.6984223300970874,4944,0.6727165158975533,0.9104504597582395,0.6811664218907011,0.3858019770408163,0.006477200255102041,0,0,9927,4400,0.0,0.9312169312169312
flickr,cram_c3_stage1,120,14678892718,0.7105308771133423,0.603541910648346,0.4125053286552429,0.34194716811180115,0.10698896646499634,0.718475341796875,0.7157101631164551,0.6000486612319946,-2.2590473236050457e-05,4.035286110593006e-05,-6.294333434198052e-05,0.39293670654296875,0.4019607843137255,5100,0.578314793504667,0.6128726287262872,0.7855840208423795,0.29416454081632654,0.08225047831632654,0,0,2981,10845,0.0,0.7243521239647341
flickr,cram_c3_stage1,121,14680986811,0.6362543106079102,0.6118383407592773,0.6330881714820862,0.42683959007263184,0.024415969848632812,0.60443115234375,0.6584758758544922,0.6357306241989136,5.111913196742535e-06,-1.4799967175349593e-05,1.9911880372092128e-05,0.5110626220703125,0.5907027027027028,4625,0.5808975253477429,0.7751782884310618,0.6823309909501474,0.5030293367346939,0.09978874362244898,0,130,8435,2459,0.0,0.335196292257361
flickr,cram_c3_stage1,122,14742398172,0.7024477124214172,0.4492817521095276,,0.22555211186408997,0.25316596031188965,0.7998199462890625,0.7213574051856995,0.4925725758075714,2.589020732557401e-05,-0.00016008569218683988,0.00018597589223645627,0.7551422119140625,0.688339992735198,2753,0.7672268160398329,0.9170031880977684,0.8065239742031965,0.46884964923469385,0.027303890306122448,0,0,7715,6382,0.0,0.8232714138286894
flickr,cram_c3_stage1,123,14778198185,0.6827424168586731,0.43776437640190125,0.31159737706184387,0.20144404470920563,0.24497804045677185,0.8455123901367188,0.712375819683075,0.47101932764053345,0.0004425400693435222,-3.194094460923225e-05,0.00047448102850466967,0.7556610107421875,0.33011325782811457,3002,0.7050751416605076,0.9455825018172206,0.7064326619273301,0.3015983737244898,0.0007772640306122449,0,0,3843,7951,0.0,0.9951188986232791
flickr,cram_c3_stage1,124,14899015793,0.76959228515625,0.45880234241485596,,0.27249881625175476,0.31078994274139404,0.973907470703125,0.7397039532661438,0.4120507836341858,3.474052209639922e-05,0.00011348759289830923,-7.874707080191001e-05,0.30657958984375,0.09623095429029671,1247,0.8556431678087549,0.9973921289710763,0.8556431678087549,0.5464166135204082,0.0,0,0,4835,8242,0.0,1.0
flickr,cram_c3_stage1,125,15135657108,0.660689651966095,0.47778746485710144,,0.27358025312423706,0.18290218710899353,0.8310416666666667,0.6532031893730164,0.46787017583847046,-7.482876389985904e-05,-1.7833945094025694e-05,-5.6994816986843944e-05,0.36578125,0.41083916083916083,2288,0.6758660560787476,0.9794082631509325,0.6769990399122205,0.4519889987244898,0.001096141581632653,379,55,9383,278,0.1433976541808551,1.0
flickr,cram_c3_stage1,126,15210828119,0.6440949440002441,0.5691056251525879,0.42231059074401855,0.340325266122818,0.07498931884765625,0.629058837890625,0.6665281057357788,0.5955210328102112,8.179742144420743e-05,-4.1653402149677277e-07,8.22139554657042e-05,0.5539093017578125,0.2886662492172824,4791,0.5850105830286704,0.767558697298662,0.6911971991088074,0.394710618622449,0.07955994897959184,0,0,5141,7558,0.0,0.6543722943722944
flickr,cram_c3_stage1,127,15679023977,0.8424012064933777,0.6875227689743042,0.5437042713165283,0.38275283575057983,0.1548784375190735,0.8828582763671875,0.8335411548614502,0.6765831708908081,4.53900356660597e-05,6.261973612708971e-05,-1.7229700461030006e-05,0.4677276611328125,0.7409829149968361,4741,0.5518905275660695,0.5316567342073898,0.9883452982362847,0.4180285395408163,0.17783402423469388,0,274,244,5816,0.0,0.40207397165572073
flickr,cram_c3_stage2,96,12328837165,0.7521073222160339,0.6022519469261169,0.6799585819244385,0.5177794098854065,0.149855375289917,0.7909698486328125,0.763087809085846,0.6592390537261963,1.9902989151887596e-05,-6.413886148948222e-05,8.404185064136982e-05,0.8941192626953125,0.8809040857722399,3451,0.6079498923230914,0.6871271854645183,0.8229726955450626,0.5813536352040817,0.17167570153061223,0,4999,3786,2881,0.0,0.4435036945812808
flickr,cram_c3_stage2,97,12373955905,0.6494300365447998,0.5718843936920166,0.4008970558643341,0.3159099817276001,0.0775456428527832,0.6507110595703125,0.6665091514587402,0.6004005670547485,4.891106073046103e-06,-2.4838847821229137e-05,2.972995389427524e-05,0.77197265625,0.7245521601685986,4745,0.5938714017699785,0.9166374166374166,0.6277769987379554,0.34068080357142855,0.0284000318877551,0,0,7239,3913,0.0,0.7330460846759086
flickr,cram_c3_stage2,98,12444360833,0.6847348213195801,0.5796704888343811,,0.4109637439250946,0.10506433248519897,0.673309326171875,0.7077838182449341,0.6202954053878784,8.025360875762999e-05,-2.0834326278418303e-05,0.00010108793503604829,0.7218170166015625,0.47985347985347987,6279,0.6305436932689997,0.8982408090171705,0.6726222169634581,0.37838807397959184,0.03372130102040816,1123,1072,1815,1703,0.12739648326715824,0.7331037451571244
flickr,cram_c3_stage2,99,12512072175,0.7483323216438293,0.5411640405654907,0.26265108585357666,0.40141740441322327,0.20716828107833862,0.8195343017578125,0.7635060548782349,0.5567082166671753,-9.23595143831335e-06,-1.3120659787091427e-05,3.8847083487780765e-06,0.5382537841796875,0.28011283497884343,3545,0.7451050989267222,0.8469228670538255,0.8262795649859305,0.5113400829081632,0.05709901147959184,0,0,5182,7711,0.0,0.7291036308623298
flickr,cram_c3_stage2,100,12534178685,0.7126075625419617,0.5045040845870972,,0.3034156858921051,0.2081034779548645,0.8116607666015625,0.7061975002288818,0.5149137377738953,-9.687810234026983e-06,-5.086889359517954e-06,-4.600920874509029e-06,0.491424560546875,0.7243614182234083,2623,0.7790082124359745,0.9931054609127057,0.7801690786645651,0.5463368941326531,0.0010363520408163266,0,0,6530,4751,0.0,0.9891734332708724
flickr,cram_c3_stage2,101,12598610153,0.7283042669296265,0.5806896090507507,,0.3194628059864044,0.14761465787887573,0.75537109375,0.7232540845870972,0.6000181436538696,3.034367910004221e-05,-4.856078157899901e-05,7.890445704106241e-05,0.8578643798828125,0.854476602650798,3697,0.6957198310504625,0.8952383048013026,0.7350629641005257,0.4528659119897959,0.031190210459183673,776,0,2358,2093,0.11047835990888383,0.5721705850191361
flickr,cram_c3_stage2,102,12599965145,0.7363756895065308,0.5102198719978333,,0.2565862536430359,0.2261558175086975,0.848541259765625,0.7414029836654663,0.5179973840713501,1.2527094440883957e-05,-1.6565914847888052e-05,2.909300928877201e-05,0.7984466552734375,0.6646893537308773,3203,0.760266675276038,0.9599877700774562,0.7689557210031348,0.48887914540816324,0.006975446428571429,0,0,7028,1989,0.0,0.8503634031637451
flickr,cram_c3_stage2,103,12729873904,0.7225587368011475,0.4875275492668152,,0.3653433322906494,0.23503118753433228,0.9322357177734375,0.7118887901306152,0.4877960979938507,1.647767385293264e-05,-2.68086077994667e-05,4.3286279833409935e-05,0.79693603515625,0.8063241106719368,3542,0.7786740416378581,0.9279077218840115,0.7831260140616549,0.43540736607142855,0.0029496173469387753,0,0,7534,9359,0.0,0.9844325234038077
flickr,cram_c3_stage2,104,13153991894,0.8777267336845398,0.791319727897644,0.6310206055641174,0.5669326782226562,0.08640700578689575,0.815643310546875,0.8679768443107605,0.7526652812957764,-7.372142863459885e-05,4.301940862205811e-06,-7.802336767781526e-05,0.2147674560546875,0.32677881336667425,8798,0.37323711491263417,0.341065809734217,1.0,0.5953842474489796,0.340999681122449,72,1899,0,4312,1.0,0.22086769451416277
flickr,cram_c3_stage2,105,13234495505,0.6170579791069031,0.7382274866104126,0.6750791072845459,0.5188531279563904,-0.12116950750350952,0.39404296875,0.606654167175293,0.7474573850631714,1.7898073565447703e-05,-4.819872629013844e-06,2.2717946194461547e-05,0.6548004150390625,0.7258644536652835,3615,0.38373927761999027,0.5566838688197103,0.5179477250726041,0.47887436224489793,0.18000637755102042,0,428,5041,1579,0.0,0.1550623588333497
flickr,cram_c3_stage2,106,13409856383,0.7356711030006409,0.5392264723777771,,0.2841208279132843,0.19644463062286377,0.8351593017578125,0.7301799058914185,0.5251437425613403,1.4700093743158504e-05,2.1932772142463364e-05,-7.232678399304859e-06,0.500335693359375,0.43497509684560043,3614,0.8496826207500365,0.95246176494643,0.8644089812581184,0.4873644770408163,0.009307238520408163,0,0,4723,1886,0.0,0.8015299617509563
flickr,cram_c3_stage2,107,13447842855,0.8387047052383423,0.6183224320411682,,0.4475803077220917,0.22038227319717407,0.9682464599609375,0.8471704721450806,0.6177127957344055,0.00011131473729619756,3.002805169671774e-05,8.128668559947982e-05,0.8974761962890625,0.4252563410685375,1853,0.6995784661200009,0.6359961868446139,0.9887074305699636,0.5226602359693877,0.13895089285714285,695,3726,249,2938,0.8465286236297198,0.47509702457956016
flickr,cram_c3_stage2,108,13579448834,0.6707894206047058,0.6369858980178833,0.534515917301178,0.40568581223487854,0.03380352258682251,0.6058807373046875,0.6684478521347046,0.6285576820373535,2.8201902750879526e-06,1.709736170596443e-05,-1.4277171430876479e-05,0.3095550537109375,0.3742243436754177,6285,0.6015555982331476,0.7555721729062138,0.7206322182855566,0.41310586734693877,0.08573820153061225,0,0,5666,6324,0.0,0.5951439864483343
flickr,cram_c3_stage2,109,13660204414,0.6570521593093872,0.704556405544281,,0.3957594633102417,-0.0475042462348938,0.4610443115234375,0.6626210808753967,0.7011941075325012,2.044662687694654e-05,4.3523799831746146e-05,-2.3077172954799607e-05,0.32684326171875,0.3356231599607458,5095,0.5484187891595299,0.8048588062462593,0.6252113271344041,0.3662906568877551,0.06602758290816327,142,777,3648,916,0.024903542616625744,0.2653534183082271
flickr,cram_c3_stage2,110,13721325644,0.8050493001937866,0.8139324188232422,0.6682077646255493,0.5131626725196838,-0.008883118629455566,0.5182952880859375,0.8095781803131104,0.8302665948867798,2.4822180421324447e-05,1.7489564925199375e-06,2.307322392880451e-05,0.6768264770507812,0.6800475373035785,7573,0.726761965720788,0.7358362856073044,0.9198847781078405,0.6919443558673469,0.14708227040816327,1095,277,998,1794,0.3788927335640138,0.20164100258514106
flickr,cram_c3_stage2,111,13861270725,0.7267184853553772,0.7356217503547668,0.6309443712234497,0.5242224931716919,-0.008903264999389648,0.521209716796875,0.7218855619430542,0.7143920063972473,-1.8150582036469132e-05,1.67741109180497e-05,-3.492469113552943e-05,0.2449493408203125,0.1808753735278608,5689,0.5709097728977699,0.5913152504061595,0.7910465390975667,0.5642936862244898,0.16264748086734693,0,1183,6001,2086,0.0,0.2301412180052957
flickr,cram_c3_stage2,112,14062380939,0.7155225276947021,0.6719182133674622,0.535000205039978,0.47846120595932007,0.04360431432723999,0.58856201171875,0.7273681163787842,0.6754505634307861,1.210194022860378e-05,2.2959049601922743e-05,-1.0857109373318963e-05,0.4250640869140625,0.2838953888506538,5812,0.46363912444226413,0.5155600581878637,0.7329837131144514,0.383609693877551,0.15674824617346939,0,2938,2904,4754,0.0,0.49106497262679477
flickr,cram_c3_stage2,113,14172932360,0.7110600471496582,0.6690395474433899,0.47158634662628174,0.2964326739311218,0.04202049970626831,0.5933990478515625,0.7270491123199463,0.6772615909576416,-4.846193405683152e-06,1.98277866729768e-05,-2.467398007865995e-05,0.275665283203125,0.1479810996563574,4656,0.5891047852976008,0.805602207293666,0.6682422011045326,0.3322704081632653,0.053810586734693876,0,0,4435,4388,0.0,0.6190744920993227
flickr,cram_c3_stage2,114,14174434304,0.8158499598503113,0.6010541915893555,0.37803915143013,0.35005825757980347,0.2147957682609558,0.9077911376953125,0.8211873769760132,0.5684785842895508,6.958689482416958e-06,4.733329842565581e-05,-4.0374608943238854e-05,0.13706207275390625,0.046464646464646465,2475,0.879489088722149,0.9361948602261988,0.9142057632769707,0.6537587691326531,0.026426977040816327,271,0,1449,4004,0.14784506273867976,0.751219512195122
flickr,cram_c3_stage2,115,14203929291,0.7644124031066895,0.6759978532791138,0.7118682861328125,0.5233445167541504,0.08841454982757568,0.67303466796875,0.7694412469863892,0.6828940510749817,-2.160644726245664e-06,-5.634388799080625e-06,3.473744072834961e-06,0.6038284301757812,0.5915941058271935,5972,0.6442462943837549,0.6784827966543092,0.8724171213583627,0.6504902742346939,0.17916932397959184,0,238,4123,3751,0.0,0.3000079980804607
flickr,cram_c3_stage2,116,14414061986,0.7518100142478943,0.5363842248916626,,0.31315943598747253,0.2154257893562317,0.87158203125,0.755281925201416,0.5410906076431274,5.038429662818089e-05,2.6310226530767977e-07,5.012119436287321e-05,0.792572021484375,0.47249869041382925,3818,0.7911610976292701,0.8304594885862643,0.8480740370185093,0.40684789540816324,0.028659119897959183,394,0,2244,4929,0.1468505404398062,0.7741479503690907
flickr,cram_c3_stage2,117,14566072101,0.6835200786590576,0.6337870359420776,0.5389572978019714,0.40167516469955444,0.04973304271697998,0.657012939453125,0.6792262196540833,0.656705915927887,3.908768485416658e-05,-2.225534808530938e-05,6.134303112048656e-05,0.8456192016601562,0.8151062155782848,3813,0.6415034457743924,0.8281048811892777,0.7227481695896475,0.5107820471938775,0.07411910076530612,447,1224,2873,1732,0.05653933721224386,0.4097468653891649
flickr,cram_c3_stage2,118,14648401332,0.7600458860397339,0.5018815994262695,,0.35418975353240967,0.25816428661346436,0.9368133544921875,0.7795867919921875,0.5225098133087158,5.3471754654310644e-05,-5.0972841563634574e-05,0.00010444459621794522,0.8726806640625,0.3757509557618788,1831,0.8602168080632296,0.9528714859437751,0.8836685288640596,0.4962531887755102,0.014588647959183673,1014,392,2746,3654,0.5259336099585062,0.9148723084626941
flickr,cram_c3_stage2,119,14652810592,0.6983959078788757,0.5165581107139587,0.4197657108306885,0.2693541944026947,0.181837797164917,0.8425445556640625,0.6802405118942261,0.5145424604415894,1.998247898882255e-05,-1.2837492249673232e-05,3.281997123849578e-05,0.6799697875976562,0.7961165048543689,4120,0.7376002148145306,0.9094499361490801,0.7431591559094072,0.4213767538265306,0.0038863201530612247,0,0,8012,4530,0.0,0.9587301587301588
flickr,cram_c3_stage2,120,14678892718,0.7934622764587402,0.6789048910140991,0.49082231521606445,0.44457191228866577,0.11455738544464111,0.8422393798828125,0.800101101398468,0.6887155771255493,1.2241984222782776e-05,7.911145075922832e-06,4.330839146859944e-06,0.5460662841796875,0.47487122372267854,7183,0.5945121951219512,0.5352905597171173,0.9991315675206253,0.42835220025510207,0.1561902104591837,42,203,0,7338,0.6774193548387096,0.49011488111140794
flickr,cram_c3_stage2,121,14680986811,0.7331082820892334,0.7116343975067139,0.6802282333374023,0.5092998743057251,0.02147388458251953,0.6139984130859375,0.7407321929931641,0.7278293371200562,1.1071393601014279e-05,-1.0420639227959327e-05,2.1492032828973606e-05,0.6055450439453125,0.6255136680364481,5597,0.6427138806279826,0.7321935077213994,0.8102146506477881,0.6323740433673469,0.14893574617346939,59,908,4470,771,0.020260989010989012,0.10509814612868049
flickr,cram_c3_stage2,122,14742398172,0.7290185689926147,0.49346470832824707,,0.2771574556827545,0.23555386066436768,0.8200225830078125,0.7419939041137695,0.5256190896034241,6.827194738434628e-06,-4.696765245171264e-05,5.3794847190147266e-05,0.77423095703125,0.738450604122246,2814,0.8159907711420712,0.9146375427707488,0.8594635012618002,0.5009167729591837,0.0284000318877551,0,0,6161,6327,0.0,0.8161764705882353
flickr,cram_c3_stage2,123,14778198185,0.7115508913993835,0.5161975622177124,0.38856518268585205,0.31613123416900635,0.19535332918167114,0.815277099609375,0.7300244569778442,0.5415087938308716,0.0001048298945534043,1.3132372259860858e-05,9.169752593152225e-05,0.721160888671875,0.4134590874330869,3923,0.7230984420971398,0.909763941986771,0.7401263823064771,0.3284239477040816,0.009506536989795918,0,0,2935,7513,0.0,0.9403003754693366
flickr,cram_c3_stage2,124,14899015793,0.8071285486221313,0.5213828682899475,,0.3560042083263397,0.28574568033218384,0.98760986328125,0.7775265574455261,0.4760262072086334,6.946518624317832e-06,3.730965909198858e-05,-3.0363140467670746e-05,0.31122589111328125,0.34545454545454546,715,0.9476523040468916,0.9920362936127158,0.9510622985700429,0.6106305803571429,0.002291932397959184,0,0,1728,8127,0.0,0.9860470759524387
flickr,cram_c3_stage2,125,15135657108,0.7369028329849243,0.499815970659256,,0.3530179560184479,0.23708686232566833,0.9436979166666667,0.7352362871170044,0.5000953078269958,-1.1274049029452726e-05,-1.122553203458665e-05,-4.851699486607686e-08,0.44388020833333336,0.8915816326530612,1568,0.81618437589909,0.9706464973887988,0.8214084335329707,0.553352200255102,0.004185267857142857,460,210,4533,278,0.17404464623533863,1.0
flickr,cram_c3_stage2,126,15210828119,0.7055818438529968,0.6538430452346802,0.4944649934768677,0.44072601199150085,0.05173879861831665,0.6389617919921875,0.7465506196022034,0.7057825326919556,4.393888229969889e-05,8.178465577657335e-06,3.576041490305215e-05,0.6140594482421875,0.3412574288395371,6394,0.6475696321118438,0.7316100142479137,0.8171690992588551,0.4895766900510204,0.11479591836734694,64,0,2213,5790,0.026644462947543714,0.5012987012987012
flickr,cram_c3_stage2,127,15679023977,0.87774658203125,0.7415809631347656,0.6242812871932983,0.4717252254486084,0.13616561889648438,0.8773651123046875,0.871857225894928,0.7356849908828735,9.260766091756523e-06,1.4237275536288507e-05,-4.976509444531985e-06,0.44876861572265625,0.6368102796674225,5292,0.4989596245794227,0.4780497115710892,0.9988921386156164,0.46986607142857145,0.22530691964285715,0,551,25,3711,0.0,0.2565502938126512
flickr,original_1.3g_final,128,15799251138,0.7774983644485474,0.7600069046020508,0.7434795498847961,0.5887588858604431,0.017491459846496582,0.6055908203125,0.7626703977584839,0.7420401573181152,4.681620339397341e-06,7.547307177446783e-06,-2.8656868380494416e-06,0.503021240234375,0.5908767940883899,7037,0.7095176944163188,0.7304240606091422,0.8997400726543906,0.7839205994897959,0.17061941964285715,0,0,0,0,0.0,0.0
flickr,original_1.3g_final,129,15994498891,0.7189123630523682,0.7083396315574646,,0.4936176836490631,0.010572731494903564,0.5394287109375,0.7307426929473877,0.7084553241729736,-2.437394687149208e-05,-8.928549505071715e-06,-1.5445397366420366e-05,0.3826141357421875,0.35376584638329606,6705,0.6697288487183286,0.7736281792352719,0.7808990705227877,0.5822106186224489,0.09574298469387756,0,0,0,0,0.0,0.0
flickr,original_1.3g_final,130,16012165838,0.8398970365524292,0.7240678071975708,0.6608201265335083,0.5435609221458435,0.1158292293548584,0.88800048828125,0.8359663486480713,0.7247766256332397,1.3595257769338787e-05,-8.476385119138286e-06,2.2071642888477072e-05,0.8662109375,0.6607922392886014,6185,0.8240387690339721,0.806927950280635,0.9988371052866982,0.8273477359693877,0.14178093112244897,0,0,0,0,0.0,0.0
flickr,original_1.3g_final,131,16101081359,0.832008421421051,0.6494053602218628,,0.4252742826938629,0.18260306119918823,0.8989105224609375,0.8315258026123047,0.6428739428520203,4.191060725133866e-06,2.9792008717777207e-06,1.2118598533561453e-06,0.5086669921875,0.809931506849315,3504,0.8665425691344197,0.8406176353564105,0.957036082025193,0.6511678890306123,0.0597297512755102,0,0,0,0,0.0,0.0
flickr,original_1.3g_final,132,16369370669,0.8613027334213257,0.7659779191017151,0.6416305303573608,0.5117660760879517,0.0953248143196106,0.8217010498046875,0.8709402084350586,0.7697826623916626,-6.618040060857311e-05,-2.3206246623885818e-05,-4.2974155803676695e-05,0.1528472900390625,0.28222899916828387,3607,0.675248124133756,0.616595385644875,0.9531583799950527,0.6850087691326531,0.1823780293367347,0,0,0,0,0.0,0.0
flickr,original_1.3g_final,133,16419739420,0.7524350881576538,0.742345929145813,,0.4925328493118286,0.01008915901184082,0.6230392456054688,0.7251144647598267,0.7127063274383545,1.5055375115480274e-05,1.672601865720935e-05,-1.6706435417290777e-06,0.4766387939453125,0.43924316748423264,7135,0.7093515214478221,0.7501592255270365,0.846397068070352,0.6258370535714286,0.10716278698979592,0,0,0,0,0.0,0.0
flickr,original_1.3g_final,134,16563757295,0.8324868679046631,0.7951852083206177,0.6408665180206299,0.4641706049442291,0.03730165958404541,0.6459808349609375,0.8206944465637207,0.8091467618942261,2.6620116841513664e-05,-1.0872619895962998e-05,3.749273673747666e-05,0.9666900634765625,0.9628458498023715,7590,0.6981253735098921,0.6619594393080823,0.9369934143870314,0.6682477678571429,0.1615314094387755,0,0,0,0,0.0,0.0
flickr,original_1.3g_final,135,16659090834,0.8386690020561218,0.7397012710571289,,0.4851088523864746,0.09896773099899292,0.7717132568359375,0.8423022627830505,0.7537069320678711,-1.3316093827597797e-07,-1.5749001249787398e-05,1.561584031151142e-05,0.78485107421875,0.7292258522727273,5632,0.7742456661281166,0.7584481136110873,0.9685366253345715,0.6988799426020408,0.13733657525510204,0,0,0,0,0.0,0.0
flickr,original_1.3g_final,136,16804898716,0.799095869064331,0.8084827065467834,0.6935286521911621,0.5094137191772461,-0.009386837482452393,0.5106964111328125,0.8111529350280762,0.7782179117202759,-3.52199022017885e-05,2.6520172468735836e-05,-6.174007285153493e-05,0.10034942626953125,0.08946672542970471,6807,0.7670249887438091,0.7876152223538591,0.919384760684049,0.6897122130102041,0.11736686862244898,0,0,0,0,0.0,0.0
flickr,original_1.3g_final,137,16950760048,0.8209502696990967,0.8087583780288696,0.7069714069366455,0.5641151666641235,0.01219189167022705,0.58038330078125,0.8315838575363159,0.8157450556755066,5.498495738720521e-07,8.05711533757858e-06,-7.507265763706528e-06,0.397491455078125,0.337220447284345,6260,0.608143130614048,0.6336729370607911,0.9059579695520554,0.6494539221938775,0.22245695153061223,0,0,0,0,0.0,0.0
flickr,original_1.3g_final,138,17140316339,0.9176427125930786,0.7954487204551697,0.6694363951683044,0.5606750249862671,0.12219399213790894,0.9300079345703125,0.9092905521392822,0.7772947549819946,1.6580854207859375e-05,2.233847953903023e-05,-5.757625331170857e-06,0.398468017578125,0.2138219895287958,4775,0.6429717851410743,0.5942577496811401,1.0,0.7187898596938775,0.23718510841836735,0,0,0,0,0.0,0.0
flickr,original_1.3g_final,139,17537079145,0.7746837139129639,0.6562824249267578,,0.46996575593948364,0.11840128898620605,0.86334228515625,0.8049440383911133,0.6860558986663818,-1.3462740753311664e-05,-3.3156284189317375e-06,-1.0147112334379926e-05,0.32852935791015625,0.28175550251922565,7542,0.8289909077358771,0.7661799145887863,0.9799316371837339,0.7233537946428571,0.10297751913265306,0,0,0,0,0.0,0.0
flickr,original_1.3g_final,140,19306860381,0.725723385810852,0.7162057161331177,,0.39347440004348755,0.009517669677734375,0.5535125732421875,0.7364280819892883,0.7184028625488281,1.0100484360009432e-06,1.4304856449598446e-05,-1.3294808013597503e-05,0.3633880615234375,0.3491871324801107,5782,0.7402219873150105,0.8952494701073243,0.794954142144415,0.5923748405612245,0.049326371173469385,0,0,0,0,0.0,0.0
flickr,original_1.3g_final,141,20854461578,0.8698545694351196,0.7211655378341675,,0.42694342136383057,0.14868903160095215,0.8992767333984375,0.8750341534614563,0.7195398807525635,-1.968611468328163e-05,2.4365053832298145e-06,-2.2122620066511445e-05,0.2014617919921875,0.43846855059252504,4388,0.8490497329541513,0.7352685007208073,0.9990410120383595,0.6635841836734694,0.08627630739795919,0,0,0,0,0.0,0.0
flickr,original_1.3g_final,142,2401957951,0.9027230143547058,0.8495644330978394,0.780097484588623,0.6997225284576416,0.053158581256866455,0.7677001953125,0.8987973928451538,0.8436353206634521,-2.8374757675919682e-05,-1.568902916915249e-05,-1.2685728506767191e-05,0.2980804443359375,0.3956168097605061,13278,0.2316428624105804,0.22447472485587688,1.0,0.8366151147959183,0.6229272959183674,0,0,0,0,0.0,0.0
flickr,original_1.3g_final,143,2404965389,0.7542209625244141,0.9036966562271118,,0.8164050579071045,-0.14947569370269775,0.2509613037109375,0.7627787590026855,0.9069172143936157,-1.708276613499038e-06,-2.486232915543951e-06,7.779563020449132e-07,0.49086761474609375,0.43543892243381327,8612,0.7665986260178661,0.8958857025598933,0.7732515663397462,0.776985012755102,0.0078125,0,0,0,0,0.0,0.0
flickr,original_1.3g_final,144,2432219254,0.7235407829284668,0.7890493273735046,0.673566997051239,0.5780038237571716,-0.06550854444503784,0.372222900390625,0.7512997984886169,0.8037610054016113,-6.459657015511766e-06,8.74267061590217e-06,-1.5202327631413937e-05,0.4199371337890625,0.30750246791707797,6078,0.5219512195121951,0.5617004381966297,0.8251928020565553,0.6776745854591837,0.2679966517857143,0,0,0,0,0.0,0.0
flickr,original_1.3g_final,145,2462141223,0.7194217443466187,0.6476540565490723,,0.43462318181991577,0.07176768779754639,0.6774749755859375,0.7293473482131958,0.702670693397522,5.928202881477773e-05,-2.5475877919234335e-05,8.475790673401207e-05,0.8232574462890625,0.6851170892200503,5167,0.6679849895147345,0.7911328976034858,0.7723540922239238,0.45738998724489793,0.07320232780612244,0,0,0,0,0.0,0.0
flickr,original_1.3g_final,146,2465634368,0.7723120450973511,0.7017625570297241,,0.4791059195995331,0.07054948806762695,0.7335662841796875,0.782604455947876,0.720205545425415,1.4096167433308437e-06,-1.006622551358305e-05,1.1475842256913893e-05,0.7147979736328125,0.7597674732999865,7397,0.8398622407855206,0.7594688435951125,0.9042682445759369,0.7519331951530612,0.04842952806122449,0,0,0,0,0.0,0.0
flickr,original_1.3g_final,147,2499673064,0.8791055679321289,0.832513689994812,0.7595333456993103,0.6175938248634338,0.046591877937316895,0.738555908203125,0.8785656690597534,0.8413600921630859,3.5865174140781164e-05,1.2894219253212214e-05,2.297095488756895e-05,0.8230209350585938,0.8080747213015969,13276,0.4828966267378784,0.4440867937110467,1.0,0.7770448022959183,0.36951929209183676,0,0,0,0,0.0,0.0
flickr,original_1.3g_final,148,2509250774,0.8591897487640381,0.7728958129882812,0.6400248408317566,0.5154314637184143,0.08629393577575684,0.736297607421875,0.8627105951309204,0.7780411243438721,3.473187825875357e-05,1.7895745259011164e-05,1.6836132999742404e-05,0.6646347045898438,0.4018058690744921,7088,0.6275594056015887,0.5820973735192302,0.9794527868326831,0.6275310905612245,0.20912388392857142,0,0,0,0,0.0,0.0
flickr,original_1.3g_final,149,2542659118,0.7260180711746216,0.887121319770813,0.7563989162445068,0.6272008419036865,-0.1611032485961914,0.311920166015625,0.7536278963088989,0.8661954998970032,-2.6755766157293692e-05,5.510464688995853e-07,-2.7306812626193278e-05,0.0796051025390625,0.0385449904275686,7835,0.2932726638656858,0.3108388777414018,0.7618308097148527,0.5661471619897959,0.3690609056122449,0,0,0,0,0.0,0.0
flickr,original_1.3g_final,150,2630218696,0.7854973077774048,0.8010739684104919,,0.41540420055389404,-0.015576660633087158,0.5117034912109375,0.7830265760421753,0.820048451423645,6.32856426818762e-06,-1.865011108748149e-05,2.497867535566911e-05,0.882171630859375,0.8883663023931387,7229,0.7600390048349743,0.907956898783329,0.8156712838476184,0.6159119897959183,0.05018335459183673,0,0,0,0,0.0,0.0
flickr,original_1.3g_final,151,2695985181,0.8240514397621155,0.7925170660018921,0.7474201917648315,0.5830907821655273,0.03153437376022339,0.7024993896484375,0.84043288230896,0.8189942240715027,1.2756077921949327e-05,-3.555833245627582e-06,1.631191116757691e-05,0.640625,0.6115485564304461,6477,0.6148205863119669,0.6109022036663256,0.9223142910813801,0.7208027742346939,0.23877949617346939,0,0,0,0,0.0,0.0
flickr,original_1.3g_final,152,2698329253,0.8097646236419678,0.80983567237854,,0.5720451474189758,-7.104873657226562e-05,0.5252838134765625,0.8045316934585571,0.7988207936286926,1.5078696378623135e-05,2.385304651397746e-05,-8.774350135354325e-06,0.46478271484375,0.4780408824124671,9882,0.7451057964726001,0.7352348570708979,0.9620518059583443,0.7913145727040817,0.17608019770408162,0,0,0,0,0.0,0.0
flickr,original_1.3g_final,153,2766580444,0.8892324566841125,0.8377963304519653,0.7366443872451782,0.5465334057807922,0.05143612623214722,0.6301116943359375,0.8893448114395142,0.8410662412643433,-4.822493065148592e-05,-4.549702498479746e-05,-2.727905666688457e-06,0.42415618896484375,0.5012614794631144,9909,0.22318102334068274,0.21925533106770737,1.0,0.5336615114795918,0.40726642219387754,0,0,0,0,0.0,0.0
flickr,original_1.3g_final,154,2778088729,0.8448526859283447,0.7056562900543213,0.6257591247558594,0.47249579429626465,0.13919639587402344,0.8254241943359375,0.8440101146697998,0.6970406174659729,-5.590196815319359e-05,-1.1305781299597584e-05,-4.4596185034606606e-05,0.154327392578125,0.265346975088968,4496,0.6092803105319444,0.6032589513314247,0.9711174242424242,0.5081911670918368,0.18748007015306123,0,0,0,0,0.0,0.0
flickr,original_1.3g_final,155,2808068937,0.770328164100647,0.7455593347549438,0.7509155869483948,0.585210382938385,0.024768829345703125,0.6015472412109375,0.7751705646514893,0.7511969208717346,7.555679985671304e-06,5.9154608607059345e-06,1.6402191249653697e-06,0.5410003662109375,0.5192992061319464,7306,0.5392657460424385,0.5614199955116697,0.8759985118070601,0.7104591836734694,0.28431919642857145,0,0,0,0,0.0,0.0
flickr,original_1.3g_final,156,2811549163,0.7654494047164917,0.8851550817489624,,0.7737055420875549,-0.1197056770324707,0.23049163818359375,0.7824993133544922,0.895086407661438,-1.1861302482429892e-06,-7.4679101089714095e-06,6.28177986072842e-06,0.5286407470703125,0.35109801821103376,7468,0.6044238928350097,0.6157993151849244,0.8452666666666667,0.8206911670918368,0.23824139030612246,0,0,0,0,0.0,0.0
flickr,original_1.3g_final,157,2819123278,0.8247141242027283,0.6555567979812622,,0.43073785305023193,0.16915732622146606,0.9535064697265625,0.8280258178710938,0.6695051193237305,-1.4176530385157093e-06,-1.9538991182344034e-05,1.8121338143828325e-05,0.77911376953125,0.6984237366713028,4314,0.8551070008206553,0.8173384420442888,0.9964506399882301,0.6605947066326531,0.08956473214285714,0,0,0,0,0.0,0.0
flickr,original_1.3g_final,158,2858344348,0.7962926030158997,,,0.3341665267944336,,,0.7956938743591309,,-1.8043359887087718e-05,,,,,0,0.8845238095238095,0.8388789267450355,0.8845238095238095,0.6001674107142857,0.0,0,0,0,0,0.0,0.0
flickr,original_1.3g_final,159,2895192729,0.8719179630279541,0.7631992101669312,,0.42505335807800293,0.10871875286102295,0.830780029296875,0.8736956715583801,0.762651801109314,3.7947072996757925e-05,2.5293904400314204e-05,1.265316859644372e-05,0.6663360595703125,0.30081143740340033,5176,0.862202293443105,0.8228848042654694,0.9868580467119876,0.7102000956632653,0.0856186224489796,0,0,0,0,0.0,0.0
flickr,cram_c3_stage1,128,15799251138,0.5858712196350098,0.6487249135971069,0.4584057331085205,0.42148667573928833,-0.06285369396209717,0.508880615234375,0.5988419055938721,0.6738865375518799,3.375369851710275e-05,-4.2448875319678336e-05,7.620257383678108e-05,0.6790008544921875,0.8543328017012227,5643,0.552958790817054,0.8136251101506441,0.6072122009269698,0.47494818239795916,0.06244021045918367,0,116,10075,5544,0.0,0.6475878986099755
flickr,cram_c3_stage1,129,15994498891,0.6724665760993958,0.5372576713562012,,0.3456701338291168,0.13520890474319458,0.7119903564453125,0.6934196949005127,0.5528312921524048,-0.000149290804984048,3.821216523647308e-06,-0.00015311202150769532,0.2305450439453125,0.18509231821290176,4387,0.6040354299235763,0.8569225185991654,0.6527072319546664,0.4393335459183674,0.04647640306122449,1067,156,5764,2628,0.1459444672411435,0.5470441298917569
flickr,cram_c3_stage1,130,16012165838,0.7198697924613953,0.5650971531867981,0.49302616715431213,0.38448020815849304,0.15477263927459717,0.85516357421875,0.716178297996521,0.5616209506988525,6.0298494645394385e-05,-6.679785292362794e-05,0.0001270963402930647,0.7385101318359375,0.8788592976667452,4243,0.8051226551226551,0.9451012941256183,0.8318424426752542,0.5882892219387755,0.022181919642857144,0,0,5994,6001,0.0,0.8435479336519539
flickr,cram_c3_stage1,131,16101081359,0.7037755250930786,0.5375683307647705,,0.27331534028053284,0.1662071943283081,0.7981414794921875,0.711923360824585,0.5359070301055908,0.00017191241204272956,5.017573857912794e-05,0.00012173667346360162,0.6620941162109375,0.32061892767182437,2779,0.7487747818514028,0.9318471608296498,0.763959788839138,0.4689094387755102,0.011599170918367346,0,29,6730,2444,0.0,0.8154821488154822
flickr,cram_c3_stage1,132,16369370669,0.7753138542175293,0.7279573678970337,0.5023544430732727,0.40099790692329407,0.047356486320495605,0.6843414306640625,0.7924885749816895,0.7265969514846802,-0.0002577390114311129,-1.8097023712471128e-05,-0.00023964198771864176,0.17708587646484375,0.13935211807552234,5217,0.6814964785685858,0.6649164274860713,0.8856281904247904,0.5902224170918368,0.1327327806122449,0,293,2265,2784,0.0,0.304229046005901
flickr,cram_c3_stage1,133,16419739420,0.6510719060897827,0.8477730751037598,,0.5952569246292114,-0.19670116901397705,0.239166259765625,0.6711183786392212,0.8163352012634277,-0.00018871243810281157,0.0002576590050011873,-0.0004463714431039989,0.02239990234375,0.033988670443185605,6002,0.5060423967063276,0.6189094938565329,0.6823203923611735,0.6115074936224489,0.19321986607142858,0,4352,5037,34,0.0,0.006323228566114934
flickr,cram_c3_stage1,134,16563757295,0.7134933471679688,0.8662905693054199,0.7337725162506104,0.5091161131858826,-0.15279722213745117,0.309661865234375,0.7198960781097412,0.8344840407371521,-0.00017255124112125486,0.00012618384789675474,-0.00029873510356992483,0.0927276611328125,0.07024734982332155,7075,0.4978729869340626,0.5905355726951632,0.6917004390408645,0.5529735331632653,0.18379304846938777,0,1381,6901,264,0.0,0.03257248611967921
flickr,cram_c3_stage1,135,16659090834,0.7564631700515747,0.6938468217849731,,0.46798422932624817,0.06261634826660156,0.6564178466796875,0.7545812129974365,0.6750344038009644,-8.87494461494498e-05,6.543905328726396e-05,-0.00015418849943671376,0.2386016845703125,0.2928436911487759,4248,0.6616671387890806,0.7639869168531589,0.808069772946596,0.5788624043367347,0.12109375,0,859,5207,1674,0.0,0.24292555507183283
flickr,cram_c3_stage1,136,16804898716,0.6589561700820923,0.6464663743972778,0.594036340713501,0.34212207794189453,0.012489795684814453,0.532806396484375,0.6709076762199402,0.6473615765571594,9.957312431652099e-05,0.00015956757124513388,-5.999444692861289e-05,0.43358612060546875,0.19030837004405288,4540,0.5738256068597514,0.8462133272685922,0.62751711808952,0.4381576849489796,0.05528539540816327,0,0,9507,3115,0.0,0.5289522839191714
flickr,cram_c3_stage1,137,16950760048,0.7166992425918579,0.673427939414978,0.5210949182510376,0.3974207937717438,0.04327130317687988,0.6093292236328125,0.7234683036804199,0.6780593395233154,0.00010311157529940829,9.420905553270131e-05,8.902519766706973e-06,0.523712158203125,0.5330147697654214,4604,0.5526578874793161,0.7033827658827659,0.7033519062870179,0.45424107142857145,0.12386399872448979,0,5,4848,4952,0.0,0.44364809173983155
flickr,cram_c3_stage1,138,17140316339,0.7752492427825928,0.5826448202133179,0.2457675039768219,0.311785489320755,0.1926044225692749,0.9114837646484375,0.7768048048019409,0.5787472128868103,1.056704786606133e-05,4.499439091887325e-05,-3.442734305281192e-05,0.40343475341796875,0.22845450168512277,4154,0.8458265341953608,0.8073541009463723,0.9553015280531902,0.5054209183673469,0.05528539540816327,0,0,1579,9127,0.0,0.7669103436685992
flickr,cram_c3_stage1,139,17537079145,0.8086503744125366,0.7460504770278931,,0.48464033007621765,0.06259989738464355,0.696319580078125,0.8032982349395752,0.685134768486023,-0.0002834656916093081,0.00043649348663166165,-0.0007199591491371393,0.0558929443359375,0.05831593597773139,7185,0.7977296788613104,0.7597468070804392,0.9558813165127916,0.7115752551020408,0.11212531887755102,8,1553,1058,1094,0.007518796992481203,0.2117282755951229
flickr,cram_c3_stage1,140,19306860381,0.6268994808197021,0.49494659900665283,,0.2697337865829468,0.13195288181304932,0.6945037841796875,0.6129463911056519,0.4720570147037506,6.960237806197256e-05,4.076233017258346e-05,2.8840047889389098e-05,0.560577392578125,0.46915704104202505,4069,0.598158782783731,0.9713502860164399,0.603680578376602,0.4146006058673469,0.006158322704081632,0,0,6754,2166,0.0,0.8751515151515151
flickr,cram_c3_stage1,141,20854461578,0.789810299873352,0.5422312021255493,,0.2798788249492645,0.24757909774780273,0.8893585205078125,0.8089408278465271,0.5769555568695068,-2.0087172742933035e-06,-0.00010635838407324627,0.00010434966679895297,0.765838623046875,0.46779026217228464,2670,0.8629622383095285,0.8327543236915641,0.8999387880024485,0.5277822066326531,0.020926339285714284,0,107,3535,3386,0.0,0.7821667821667821
flickr,cram_c3_stage1,142,2401957951,0.7669594287872314,0.7379171848297119,0.7336013317108154,0.5683329105377197,0.02904224395751953,0.584564208984375,0.7482178807258606,0.7135157585144043,-0.0002927163732238114,-0.00020373478764668107,-8.898158557713032e-05,0.25579071044921875,0.23145780051150894,13294,0.31904358148210954,0.30589880332986474,0.9983020269553221,0.6128826530612245,0.3998325892857143,0,326,32,11520,0.0,0.36856923470693626
flickr,cram_c3_stage1,143,2404965389,0.5343468189239502,0.7063292264938354,,0.6042256951332092,-0.17198240756988525,0.2900848388671875,0.5424212217330933,0.6603063344955444,7.094007742125541e-06,0.00047181645641103387,-0.00046472245594486594,0.0821533203125,0.15609555189456342,4856,0.360214698959502,0.9182414624572421,0.36252739710863646,0.3554089604591837,0.005779655612244898,0,0,21051,102,0.0,0.2602040816326531
flickr,cram_c3_stage1,144,2432219254,0.6076319813728333,0.6601746678352356,0.4935491979122162,0.4290863573551178,-0.052542686462402344,0.4388427734375,0.6019541025161743,0.648748517036438,-0.000154324879986234,-0.00015571221592836082,1.3873359421268106e-06,0.509765625,0.46326429980276135,4056,0.43072840259119455,0.6199819683021733,0.5644941781339785,0.4200015943877551,0.14325573979591838,0,0,6670,6259,0.0,0.46545697925187773
flickr,cram_c3_stage1,145,2462141223,0.6225206255912781,0.573168158531189,,0.3000989258289337,0.04935246706008911,0.6085586547851562,0.6639143824577332,0.6297643184661865,0.00018247106345370412,1.8955346604343504e-05,0.000163515709573403,0.6458587646484375,0.41702257474069554,3278,0.5991003542852593,0.8551622251264276,0.6402075889059043,0.3507453762755102,0.032146843112244895,74,311,3365,2371,0.011644374508261212,0.6455213721753336
flickr,cram_c3_stage1,146,2465634368,0.6631395816802979,0.6820605993270874,,0.41010311245918274,-0.01892101764678955,0.4894866943359375,0.6864801049232483,0.7325046062469482,-7.68309473642148e-06,-0.00027142884209752083,0.00026374575099907815,0.7905807495117188,0.645209262800085,4707,0.6437876283344202,0.8408334653779116,0.669854043392505,0.5031090561224489,0.02556999362244898,0,110,11338,1257,0.0,0.5172839506172839
flickr,cram_c3_stage1,147,2499673064,0.689742922782898,0.6166278123855591,0.585669755935669,0.45898136496543884,0.07311511039733887,0.5883331298828125,0.7063536047935486,0.6274529099464417,0.00021208338148426265,0.00020985248556826264,2.2308959160000086e-06,0.4567413330078125,0.33559273146812807,6934,0.4845517413913261,0.5173821789734784,0.7830431141528776,0.5222616390306123,0.21257174744897958,0,0,4909,7875,0.0,0.4247343724718192
flickr,cram_c3_stage1,148,2509250774,0.7605390548706055,0.591050386428833,0.4103904962539673,0.38137587904930115,0.16948866844177246,0.7943267822265625,0.7384486198425293,0.5693122744560242,0.00028555127209983766,-1.7496931832283735e-06,0.00028730096528306603,0.9103851318359375,0.8173210804789752,3591,0.6691762252346194,0.6993984044640132,0.8573451611179393,0.45717075892857145,0.10487085459183673,14,1106,3331,6337,0.02348993288590604,0.6039264271419041
flickr,cram_c3_stage1,149,2542659118,0.673569917678833,0.8117297291755676,0.7163731455802917,0.5535315275192261,-0.13815981149673462,0.26593017578125,0.739201545715332,0.8426811695098877,-0.0002743495278991759,3.7292636989150196e-05,-0.00031164215761236846,0.18566131591796875,0.1860652436568667,4966,0.31307537527377627,0.33530398962544816,0.758465985073983,0.5225207270408163,0.3286232461734694,461,1926,621,3955,0.11377097729516288,0.21357598012744358
flickr,cram_c3_stage1,150,2630218696,0.7235214114189148,0.6068845987319946,,0.2741740345954895,0.11663681268692017,0.723419189453125,0.722931444644928,0.6338291168212891,-3.836309042526409e-05,-0.00020091724582016468,0.00016255414811894298,0.697509765625,0.682520325203252,4920,0.6857496282088702,0.9326137910176924,0.7171262045609802,0.5271843112244898,0.031369579081632654,130,0,3638,944,0.017218543046357615,0.374900714853058
flickr,cram_c3_stage1,151,2695985181,0.6186380982398987,0.5218478441238403,0.409363329410553,0.3136613965034485,0.09679025411605835,0.6945648193359375,0.6379567384719849,0.5419046878814697,9.835930541157722e-07,-3.0799623345956206e-05,3.178321640007198e-05,0.555419921875,0.6309726156751653,5295,0.5684404860927958,0.9072335189742261,0.5848135083801215,0.30775669642857145,0.013751594387755101,0,0,9434,11291,0.0,0.9424088139554294
flickr,cram_c3_stage1,152,2698329253,0.6323567032814026,0.4562212824821472,,0.3189612329006195,0.17613542079925537,0.7501449584960938,0.7007138729095459,0.5279808044433594,1.8578793969936669e-06,-9.836020763032138e-05,0.00010021808702731505,0.5910415649414062,0.3629119394921664,3702,0.5846800869483035,0.9028311524055066,0.611636567360928,0.40969786352040816,0.027881855867346938,0,0,11712,7436,0.0,0.8416525183927561
flickr,cram_c3_stage1,153,2766580444,0.8575350642204285,0.7582293748855591,0.42494267225265503,0.4114530384540558,0.09930568933486938,0.80419921875,0.8538438081741333,0.7693662047386169,-0.00032958024530671537,-0.0003770742623601109,4.749401705339551e-05,0.5879364013671875,0.8036970616636777,7249,0.3912435025989604,0.37933708082961815,1.0,0.30845424107142855,0.18205915178571427,0,171,0,11471,0.0,0.5613408367996086
flickr,cram_c3_stage1,154,2778088729,0.7128242254257202,0.6338609457015991,0.5156998634338379,0.4030572175979614,0.0789632797241211,0.6777191162109375,0.7206586599349976,0.6344989538192749,3.765951987588778e-05,6.339226820273325e-05,-2.5732748326845467e-05,0.5280914306640625,0.22483069977426637,4430,0.6013864416210702,0.6751431546069755,0.8187815656565657,0.38285235969387754,0.11411830357142858,0,1285,2608,4966,0.0,0.5279047517805889
flickr,cram_c3_stage1,155,2808068937,0.6459025144577026,0.5636579990386963,0.5559139847755432,0.334360808134079,0.08224451541900635,0.6228485107421875,0.6560852527618408,0.5563064813613892,-0.0002564676105976105,-3.50486661773175e-05,-0.00022141894442029297,0.30462646484375,0.39134382566585957,3304,0.5403276323532203,0.7790093048713739,0.6229619416540827,0.36411830357142855,0.06963488520408163,0,0,6606,10772,0.0,0.7550820131781859
flickr,cram_c3_stage1,156,2811549163,0.6278306245803833,0.5346680879592896,,0.48979562520980835,0.09316253662109375,0.6437530517578125,0.625562310218811,0.5978679060935974,8.449313463643193e-05,-0.0002986051549669355,0.00038309828960336745,0.8251419067382812,0.8639591655570351,4506,0.54510040767024,0.8446492910954096,0.6017,0.42592075892857145,0.06208147321428571,0,0,10969,8839,0.0,0.7394177681110925
flickr,cram_c3_stage1,157,2819123278,0.7371300458908081,0.5015912652015686,,0.2639915645122528,0.2355387806892395,0.933135986328125,0.7295589447021484,0.5168620347976685,0.00037273394991643727,-0.00020993684302084148,0.0005826707929372787,0.95465087890625,0.7904312668463612,2968,0.8471635595688902,0.9721920441250209,0.8557635721641901,0.47696109693877553,0.005500637755102041,0,0,4996,4218,0.0,0.9385847797062751
flickr,cram_c3_stage1,158,2858344348,0.5734541416168213,,,0.18324655294418335,,,0.6265708208084106,,-0.00028689182363450527,,,,,0,0.5366946778711484,0.9061779485663612,0.5366946778711484,0.33711336096938777,0.0,0,0,13199,0,0.0,0.0
flickr,cram_c3_stage1,159,2895192729,0.7642056941986084,0.5978771448135376,,0.28292253613471985,0.1663285493850708,0.8160400390625,0.7550382614135742,0.5767894983291626,7.482583896489814e-05,0.00010382210894022137,-2.899626997532323e-05,0.44500732421875,0.3497743391360413,3102,0.7783817387700449,0.8941441441441441,0.8216833815709766,0.5442044005102041,0.03294403698979592,0,0,5686,2643,0.0,0.6152234636871509
flickr,cram_c3_stage2,128,15799251138,0.7047373652458191,0.7119040489196777,0.5656015872955322,0.5119653940200806,-0.007166683673858643,0.597198486328125,0.7072694897651672,0.722321629524231,8.611013981862925e-06,-5.669870006386191e-06,1.4280883988249116e-05,0.6893463134765625,0.743421052631579,4712,0.653259747478758,0.763126159554731,0.7728767380683953,0.64453125,0.1165298150510204,72,264,4352,2978,0.016494845360824743,0.34785655881322275
flickr,cram_c3_stage2,129,15994498891,0.7583351135253906,0.5634990930557251,,0.3825318217277527,0.19483602046966553,0.8365478515625,0.7548145055770874,0.5583387613296509,-2.7734977265936323e-05,-3.2558018574491143e-06,-2.4479175408487208e-05,0.3038330078125,0.2641277641277641,3256,0.7488468191428023,0.8595933225474335,0.8077640717321447,0.5420121173469388,0.04538026147959184,2485,148,1975,2675,0.3398987826562714,0.5568276436303081
flickr,cram_c3_stage2,130,16012165838,0.7717865705490112,0.6300729513168335,0.5788346529006958,0.46300292015075684,0.14171361923217773,0.8707122802734375,0.7665039300918579,0.6320356130599976,2.0199538994347677e-05,-2.7194184440304525e-05,4.7393725253641605e-05,0.9225006103515625,0.8909713461885024,5549,0.8561629095604455,0.8785193772772442,0.9490115394936935,0.7220184948979592,0.07248485331632654,0,0,1808,3477,0.0,0.4887545684565645
flickr,cram_c3_stage2,131,16101081359,0.7319756746292114,0.544569730758667,,0.3241738975048065,0.18740594387054443,0.829315185546875,0.7238425016403198,0.520888090133667,3.691160964081064e-05,1.700660868664272e-05,1.9905000954167917e-05,0.637664794921875,0.2212059620596206,2952,0.7884133130896126,0.9294505671305607,0.8051988779901389,0.49549585459183676,0.012177136479591837,0,0,5425,2386,0.0,0.7961294627961295
flickr,cram_c3_stage2,132,16369370669,0.8228306770324707,0.7225195169448853,0.5654474496841431,0.500990092754364,0.10031116008758545,0.7962646484375,0.8439741730690002,0.7334457635879517,-6.091888644732535e-05,-7.702237780904397e-06,-5.321664866642095e-05,0.15535736083984375,0.11899876897825194,4874,0.677497266511089,0.6302182955338981,0.9335717016348467,0.6564293686224489,0.16749043367346939,46,897,733,1644,0.022083533365338453,0.17965249699486394
flickr,cram_c3_stage2,133,16419739420,0.7293413281440735,0.837571918964386,,0.6384480595588684,-0.1082305908203125,0.342498779296875,0.7337538599967957,0.8035457134246826,-3.3474800147814676e-05,5.7871933677233756e-05,-9.134673746302724e-05,0.0758514404296875,0.17704393366307827,6874,0.5692048371237757,0.6182557075092235,0.8008012503817616,0.7184510522959183,0.22568558673469388,398,5965,1698,18,0.07722157547535895,0.0033475915938255534
flickr,cram_c3_stage2,134,16563757295,0.7541148066520691,0.8255243301391602,0.7145955562591553,0.5547862648963928,-0.07140952348709106,0.3992767333984375,0.7652979493141174,0.8203184604644775,-2.399247750872746e-05,1.790328315109946e-05,-4.189576065982692e-05,0.2294158935546875,0.19996902106567535,6456,0.582791870642338,0.613020004369129,0.8292384329618372,0.6386120854591837,0.19963727678571427,113,2100,3512,188,0.06528018486424032,0.023195558297347315
flickr,cram_c3_stage2,135,16659090834,0.7757095098495483,0.6824362277984619,,0.48104724287986755,0.09327328205108643,0.70184326171875,0.7707065939903259,0.6685625314712524,-1.0172903785132803e-05,1.2282047464395873e-05,-2.2454951249528676e-05,0.31365203857421875,0.33119118659628183,4357,0.6830835437741882,0.770633850303439,0.8323592068607636,0.5911192602040817,0.11959901147959184,0,723,4517,1613,0.0,0.2340734291104339
flickr,cram_c3_stage2,136,16804898716,0.6669912934303284,0.6293745040893555,0.5580902695655823,0.3920379877090454,0.0376167893409729,0.5877532958984375,0.6766504049301147,0.6327604055404663,2.920246151916217e-05,2.8069483960280195e-05,1.1329775588819757e-06,0.516571044921875,0.1934876717485413,5313,0.6037956523095156,0.8620697332680234,0.6530003035720309,0.4475645727040816,0.048150510204081634,0,0,8677,3473,0.0,0.5897435897435898
flickr,cram_c3_stage2,137,16950760048,0.7733801603317261,0.7035746574401855,0.5691871643066406,0.4566359221935272,0.06980550289154053,0.65350341796875,0.7759952545166016,0.7072215676307678,3.273766196798533e-05,1.8012087821261957e-05,1.4725574146723375e-05,0.6075820922851562,0.5304763885999584,4807,0.6010164972504582,0.6929831303078047,0.7911858904049489,0.5186344068877551,0.14373405612244897,136,14,2750,3964,0.05042639970337412,0.35513348862211075
flickr,cram_c3_stage2,138,17140316339,0.8266922235488892,0.6238314509391785,0.3780415952205658,0.3985633850097656,0.2028607726097107,0.9406585693359375,0.8325674533843994,0.6317941546440125,9.738949302118272e-06,-4.548783181235194e-06,1.4287732483353466e-05,0.6398468017578125,0.20501474926253688,3390,0.8250879614330424,0.755168487350105,0.9902017963373382,0.5600884885204082,0.08547911352040816,0,0,351,7612,0.0,0.6396101167969078
flickr,cram_c3_stage2,139,17537079145,0.8052101731300354,0.6655912399291992,,0.48198068141937256,0.13961893320083618,0.8437347412109375,0.8037695288658142,0.6456257104873657,-3.911845124093816e-05,6.519551243400201e-05,-0.00010431396367494017,0.08099365234375,0.1064923934004714,4667,0.8309147012098252,0.7880592257765415,0.9584008739164142,0.6878188775510204,0.08677455357142858,0,473,970,1286,0.0,0.2488871685697697
flickr,cram_c3_stage2,140,19306860381,0.6571922302246094,0.5021148920059204,,0.2928130030632019,0.15507733821868896,0.737060546875,0.6557369232177734,0.4974476397037506,2.2477972379419953e-05,-6.18571721133776e-06,2.8663689590757713e-05,0.7546463012695312,0.5439340400471142,4245,0.657221396731055,0.9790818133522224,0.6606966809069996,0.45017538265306123,0.003527582908163265,0,0,4837,2298,0.0,0.9284848484848485
flickr,cram_c3_stage2,141,20854461578,0.8085463643074036,0.6175721883773804,,0.3755217492580414,0.1909741759300232,0.8579559326171875,0.8224061727523804,0.6384551525115967,-3.2456027838634327e-06,-1.3780745575786568e-05,1.0535142791923136e-05,0.65081787109375,0.37338603425559946,3795,0.8592353338841734,0.802905874921036,0.9336053866557845,0.5678810586734694,0.042271205357142856,0,351,2594,2559,0.0,0.5911295911295912
flickr,cram_c3_stage2,142,2401957951,0.905148983001709,0.8483844995498657,0.8231059312820435,0.7051761746406555,0.05676448345184326,0.7764968872070312,0.8929221630096436,0.8320331573486328,-6.799185939598829e-05,-4.036193422507495e-05,-2.762992517091334e-05,0.2102508544921875,0.2960633417196981,13514,0.23604709418837674,0.22860816613697565,1.0,0.8214883609693877,0.6078005420918368,0,1696,0,2455,0.0,0.0785449193754799
flickr,cram_c3_stage2,143,2404965389,0.6620646715164185,0.8010757565498352,,0.7001919150352478,-0.13901108503341675,0.3267364501953125,0.6824624538421631,0.7801651954650879,3.818246113951318e-06,9.824107837630436e-05,-9.442283044336364e-05,0.136322021484375,0.19308407934000352,5697,0.6499527482912464,0.9277669720165642,0.654730013947619,0.6352838010204082,0.00661670918367347,759,0,7809,60,0.0682676740420939,0.15306122448979592
flickr,cram_c3_stage2,144,2432219254,0.7414330244064331,0.7414906024932861,0.566088080406189,0.5522841811180115,-5.7578086853027344e-05,0.5107574462890625,0.7402783632278442,0.7333421111106873,-2.93058437819127e-05,-1.2132002666476183e-05,-1.7173841115436517e-05,0.4349365234375,0.3497249541590265,5999,0.5902132435465769,0.6299674163046256,0.8520230714393726,0.6238839285714286,0.20461973852040816,980,560,499,3740,0.1949085123309467,0.2781289506953224
flickr,cram_c3_stage2,145,2462141223,0.6742305159568787,0.6100556254386902,,0.36646702885627747,0.06417489051818848,0.6517791748046875,0.7129883766174316,0.6682642102241516,5.970239726593718e-05,-5.892761691939086e-07,6.029167343513109e-05,0.6871871948242188,0.41275486012328116,4218,0.6487226981554373,0.831404549950544,0.7151182576144292,0.40298150510204084,0.047951211734693876,296,474,1759,1741,0.04657749803304485,0.47399945548597877
flickr,cram_c3_stage2,146,2465634368,0.7130264043807983,0.7075287103652954,,0.48489195108413696,0.00549769401550293,0.5233612060546875,0.7316970825195312,0.7364981174468994,-9.784134817891754e-07,-2.7647287424770184e-05,2.6668873033486307e-05,0.703033447265625,0.534556679814783,5831,0.7451087841940787,0.7972394776876268,0.7938303747534516,0.6288265306122449,0.041294642857142856,0,346,5819,704,0.0,0.2897119341563786
flickr,cram_c3_stage2,147,2499673064,0.7954888343811035,0.7118244767189026,0.6522383093833923,0.5317448377609253,0.08366435766220093,0.6569442749023438,0.8064588308334351,0.7295763492584229,5.566308391280472e-05,3.096833825111389e-05,2.469474566169083e-05,0.56011962890625,0.40699208443271767,10612,0.5350979458465378,0.5091397681467362,0.9410609604666609,0.6378148915816326,0.2617984693877551,0,113,1581,5518,0.0,0.2976107006094601
flickr,cram_c3_stage2,148,2509250774,0.7850018739700317,0.6280417442321777,0.41929498314857483,0.3960954248905182,0.156960129737854,0.7921295166015625,0.7615075707435608,0.6024879813194275,6.111941183917224e-05,1.2048087228322402e-05,4.907132461084984e-05,0.8529510498046875,0.7393503727369543,3756,0.6705573796748618,0.6709603750150246,0.8949126275851013,0.49742904974489793,0.12478077168367346,0,1322,2296,5554,0.0,0.5293052511197941
flickr,cram_c3_stage2,149,2542659118,0.7975174188613892,0.8579139709472656,0.7438976764678955,0.6465173363685608,-0.060396552085876465,0.3772430419921875,0.8205150365829468,0.8613033294677734,-4.129054650547914e-05,3.961809852626175e-06,-4.525235635810532e-05,0.2144012451171875,0.14750388912459342,7071,0.31834807571805374,0.3086813994235008,0.942409732108192,0.7052375637755102,0.4528260522959184,2776,5413,0,1210,0.6850937808489634,0.065341829571228
flickr,cram_c3_stage2,150,2630218696,0.7590713500976562,0.6356041431427002,,0.358937531709671,0.12346720695495605,0.7664337158203125,0.7519902586936951,0.6503258943557739,-8.012299076654017e-06,-3.94144699384924e-05,3.1402170861838385e-05,0.670867919921875,0.7608938547486034,4475,0.7720483197647809,0.9363666947014297,0.8091016118951759,0.592414700255102,0.032904177295918366,906,0,1218,867,0.12,0.3443208895949166
flickr,cram_c3_stage2,151,2695985181,0.6837335228919983,0.612129807472229,0.5148518085479736,0.4107579290866852,0.07160371541976929,0.6978759765625,0.7072381973266602,0.6372549533843994,6.111858965596184e-07,-3.5169869079254568e-06,4.128172804485075e-06,0.5415573120117188,0.6003807911994923,4727,0.6780650222928108,0.8367178276269185,0.7396005092776189,0.42201450892857145,0.04332748724489796,0,0,5185,9807,0.0,0.8185460312160922
flickr,cram_c3_stage2,152,2698329253,0.766538143157959,0.618519127368927,,0.4792015552520752,0.14801901578903198,0.7548065185546875,0.7883068919181824,0.6501480937004089,-7.069029379636049e-07,-1.763257932907436e-05,1.6925676391110756e-05,0.5731277465820312,0.4205482505014486,4487,0.7871455083222177,0.8284907675873646,0.8945920116003163,0.6530014349489796,0.08254942602040816,66,11,2313,4704,0.039975772259236826,0.5324278438030561
flickr,cram_c3_stage2,153,2766580444,0.9113214015960693,0.8138459324836731,0.5461442470550537,0.5337240695953369,0.09747546911239624,0.903656005859375,0.8950656652450562,0.8074721693992615,-0.00010722415754571557,-0.00010459947952767834,-2.6246780180372298e-06,0.5093154907226562,0.8302745558655117,6811,0.25816806648784135,0.25292951921419954,1.0,0.46261160714285715,0.33621651785714285,0,2292,0,5857,0.0,0.2866160998287252
flickr,cram_c3_stage2,154,2778088729,0.7495865225791931,0.6421595811843872,0.5337686538696289,0.4557834565639496,0.10742694139480591,0.7389678955078125,0.7579060792922974,0.6457135081291199,2.6167926989728585e-06,7.147646101657301e-06,-4.530853402684443e-06,0.49726104736328125,0.18179937952430197,4835,0.6420195439739413,0.6888167748377434,0.8710227272727272,0.39919483418367346,0.11260363520408163,0,814,1712,4571,0.0,0.4859147443393218
flickr,cram_c3_stage2,155,2808068937,0.6792418956756592,0.6123572587966919,0.5860618352890015,0.414736807346344,0.06688463687896729,0.6259002685546875,0.6964848041534424,0.6128509640693665,-6.003196176607162e-05,-4.217707100906409e-06,-5.581425648415461e-05,0.243499755859375,0.38715151515151514,4125,0.565976207392833,0.7515361168900285,0.6799072067931631,0.411930006377551,0.09165736607142858,0,0,5312,9667,0.0,0.6776251226692837
flickr,cram_c3_stage2,156,2811549163,0.6874118447303772,0.6231926679611206,,0.5596386194229126,0.06421917676925659,0.6357879638671875,0.6907157897949219,0.6920415163040161,2.392902570136357e-05,-7.975315384101123e-05,0.0001036821777233854,0.8767547607421875,0.8446347430968193,5722,0.5531767775603392,0.6931665849272519,0.7066833333333333,0.6095543686224489,0.16591597576530612,95,0,7060,3629,0.01670476525408827,0.3035803915007529
flickr,cram_c3_stage2,157,2819123278,0.742160975933075,0.5065549612045288,,0.2812773883342743,0.23560601472854614,0.9573974609375,0.7367454171180725,0.5180174112319946,8.987652836367488e-05,-4.218481626594439e-05,0.00013206133735366166,0.9696502685546875,0.8533674339300937,2346,0.8772096768290452,0.9772087903127166,0.8815653964984552,0.4888193558673469,0.002690529336734694,0,0,4260,4359,0.0,0.9699599465954606
flickr,cram_c3_stage2,158,2858344348,0.6885861158370972,,,0.33298566937446594,,,0.6836192607879639,,-6.063800537958741e-05,,,,,0,0.6936274509803921,0.857872856400485,0.6936274509803921,0.4602200255102041,0.0,0,0,7022,0,0.0,0.0
flickr,cram_c3_stage2,159,2895192729,0.8026039600372314,0.6316733360290527,,0.3423449397087097,0.1709306240081787,0.844482421875,0.7987093329429626,0.6137632131576538,1.342822997685289e-05,3.8683640013914555e-05,-2.5255409127566963e-05,0.3275299072265625,0.19734459867229934,3314,0.8264311242084144,0.8757100621200545,0.887174395907653,0.5999481823979592,0.04352678571428571,0,0,3420,2112,0.0,0.49162011173184356
flickr,original_1.3g_final,160,2897081671,0.7962086200714111,0.6974966526031494,,0.36523908376693726,0.09871196746826172,0.7734222412109375,0.7909671068191528,0.6859148144721985,1.533927206764929e-05,1.9005939975613728e-05,-3.666667907964438e-06,0.569793701171875,0.4540791402051783,4094,0.8559175310132312,0.8809796292057679,0.9183809118023009,0.6095145089285714,0.042669802295918366,0,0,0,0,0.0,0.0
flickr,original_1.3g_final,161,2897653916,0.9018725156784058,0.8166590929031372,0.758888304233551,0.5581093430519104,0.08521342277526855,0.777069091796875,0.9059187769889832,0.8206642866134644,7.615027425345033e-05,5.677594162989408e-05,1.9374332623556256e-05,0.7126541137695312,0.5457464788732395,8875,0.3169573779715853,0.3042568274651453,1.0,0.5903818558673469,0.38709741709183676,0,0,0,0,0.0,0.0
flickr,original_1.3g_final,162,2907554899,0.8666016459465027,0.8949100375175476,0.7814362049102783,0.7026371955871582,-0.028308391571044922,0.4274444580078125,0.8699741959571838,0.8963731527328491,3.132006895611994e-06,8.21947651274968e-06,-5.087469617137685e-06,0.41056060791015625,0.39217617396785376,12692,0.689358446144791,0.6732077987768428,0.9661936974096683,0.866828762755102,0.24254623724489796,0,0,0,0,0.0,0.0
flickr,original_1.3g_final,163,2935372113,0.8910340666770935,0.7696013450622559,0.6675416231155396,0.5121214985847473,0.12143272161483765,0.8869171142578125,0.8932565450668335,0.7720324993133545,-2.7632340788841248e-06,-5.771798896603286e-07,-2.186054189223796e-06,0.427001953125,0.7127956788973738,5369,0.5157406640722033,0.5028579732609959,1.0,0.6171476403061225,0.29139429209183676,0,0,0,0,0.0,0.0
flickr,original_1.3g_final,164,2961466546,0.6950428485870361,0.9184955358505249,,0.9208341836929321,-0.22345268726348877,0.139556884765625,0.6504532098770142,0.9127441048622131,2.1130430468474515e-05,-4.793504922417924e-05,6.906547787366435e-05,0.9144744873046875,0.7797600252604989,6334,0.46666526545882553,0.5963258399806624,0.6383107175712971,0.7420479910714286,0.25498246173469385,0,0,0,0,0.0,0.0
flickr,original_1.3g_final,165,3012435981,0.694423258304596,0.8704291582107544,0.785487174987793,0.5852735638618469,-0.17600589990615845,0.241790771484375,0.6864847540855408,0.8701596856117249,7.037071554805152e-06,1.5507652278756723e-05,-8.47058072395157e-06,0.42138671875,0.6220048206436977,7053,0.4311650259457535,0.5163136149003148,0.6944450570048736,0.607780612244898,0.2759287308673469,0,0,0,0,0.0,0.0
flickr,original_1.3g_final,166,3052033339,0.8800482749938965,0.9287890195846558,0.8170357942581177,0.7246898412704468,-0.04874074459075928,0.32955169677734375,0.8859406113624573,0.9379465579986572,-2.472496089467313e-05,-3.977266896981746e-05,1.5047708075144328e-05,0.6958770751953125,0.5728069061825568,15754,0.3944070429829104,0.3609136574732253,1.0,0.8411192602040817,0.4661192602040816,0,0,0,0,0.0,0.0
flickr,original_1.3g_final,167,3102685146,0.8218823671340942,0.7703616619110107,0.6666052937507629,0.5532410740852356,0.051520705223083496,0.672271728515625,0.8243448138237,0.7497615814208984,-1.6183174011530355e-05,1.9404033082537353e-05,-3.558720709406771e-05,0.20550537109375,0.15023474178403756,6177,0.5048729407496578,0.44261963278878125,0.9469549348922087,0.6892737563775511,0.2821069834183674,0,0,0,0,0.0,0.0
flickr,original_1.3g_final,168,3109408703,0.7443876266479492,0.6672191619873047,,0.4238887429237366,0.07716846466064453,0.7227630615234375,0.7484854459762573,0.713349461555481,-3.880191798089072e-06,-5.63304201932624e-05,5.2450228395173326e-05,0.9609222412109375,0.9776816850327801,7169,0.7721466642161368,0.8280228623985809,0.8625615932110594,0.6067243303571429,0.06819993622448979,0,0,0,0,0.0,0.0
flickr,original_1.3g_final,169,3202731977,0.7689304947853088,0.6841183304786682,,0.45239970088005066,0.08481216430664062,0.7580413818359375,0.7734678983688354,0.6962195634841919,2.4052069420577027e-05,3.252294845879078e-06,2.079977457469795e-05,0.612701416015625,0.5252960172228203,8361,0.7466113181972213,0.7408061194468961,0.9072472719785876,0.4741908482142857,0.08330676020408163,0,0,0,0,0.0,0.0
flickr,original_1.3g_final,170,3207674548,0.8237901926040649,0.805004894733429,0.6184287667274475,0.5102270245552063,0.018785297870635986,0.601776123046875,0.8322356343269348,0.8055872321128845,-1.328564940195065e-05,-1.7479742382420227e-06,-1.1537675163708627e-05,0.3013763427734375,0.15749628227659862,7397,0.6159336279979711,0.6078950191296886,0.9385040022081148,0.5573780293367347,0.18907445790816327,0,0,0,0,0.0,0.0
flickr,original_1.3g_final,171,3230152596,0.7731125354766846,0.8593282699584961,,0.6058571338653564,-0.08621573448181152,0.3312225341796875,0.7346150279045105,0.8293451070785522,2.9616385290864855e-06,2.0345760276541114e-07,2.7581809263210744e-06,0.570465087890625,0.3471613132630082,8437,0.7048133132189327,0.7877183276693275,0.852171682626539,0.7565170599489796,0.14620535714285715,0,0,0,0,0.0,0.0
flickr,original_1.3g_final,172,3403348616,0.8161449432373047,0.7275363206863403,0.7005245685577393,0.44930729269981384,0.08860862255096436,0.7219390869140625,0.8157656192779541,0.7167561054229736,6.296013452811167e-06,1.3108454368193634e-05,-6.812440915382467e-06,0.43780517578125,0.40443213296398894,6137,0.7301414995524577,0.7313253471692355,0.9579241935886865,0.5224011479591837,0.12442203443877552,0,0,0,0,0.0,0.0
flickr,original_1.3g_final,173,3413119417,0.8728717565536499,0.7776187658309937,0.6639585494995117,0.537135124206543,0.09525299072265625,0.84521484375,0.8790732026100159,0.7735680341720581,1.332083047600463e-05,2.1166257283766754e-05,-7.845426807762124e-06,0.387481689453125,0.5675068229250281,6229,0.6867051685917629,0.6871060004669625,0.9870864953251436,0.6828762755102041,0.2079280931122449,0,0,0,0,0.0,0.0
flickr,original_1.3g_final,174,3416359816,0.9157038927078247,0.8169761896133423,0.7938362956047058,0.6719183921813965,0.09872770309448242,0.8770904541015625,0.9193120002746582,0.8245334625244141,-1.647974204388447e-05,-1.2964057532371953e-05,-3.515684511512518e-06,0.452056884765625,0.43642762868455787,6819,0.40957720399135894,0.4011384816885799,0.9989963618115669,0.7912547831632653,0.45723054846938777,0,0,0,0,0.0,0.0
flickr,original_1.3g_final,175,3484198977,0.8642371892929077,0.8337795734405518,0.6557428240776062,0.5908458828926086,0.030457615852355957,0.6147613525390625,0.8540632724761963,0.852778434753418,4.5435313950292766e-05,2.5412919057998806e-07,4.518118657870218e-05,0.8123397827148438,0.8347798135647702,9333,0.6145078020766865,0.6098557899887741,0.9851669301590253,0.6923828125,0.2585299744897959,0,0,0,0,0.0,0.0
flickr,original_1.3g_final,176,3535748358,0.7770339846611023,0.7611356973648071,0.6529836654663086,0.5137901306152344,0.015898287296295166,0.6322479248046875,0.7992520332336426,0.7541661858558655,-2.155883157684002e-05,3.07914633594919e-05,-5.2350296755321324e-05,0.1469268798828125,0.15965886552955177,5042,0.6576658635482164,0.7072708313584226,0.8482907602516486,0.6307198660714286,0.1524234693877551,0,0,0,0,0.0,0.0
flickr,original_1.3g_final,177,3568893693,0.7664832472801208,0.7713202834129333,,0.45299744606018066,-0.0048370361328125,0.5175018310546875,0.7635402083396912,0.769017219543457,-1.0780850061564706e-05,-1.2100266758352518e-05,1.3194166967878118e-06,0.5424575805664062,0.6440065457520796,7333,0.7306137089936737,0.7895756977727657,0.8882413574373612,0.5655293367346939,0.10845822704081633,0,0,0,0,0.0,0.0
flickr,original_1.3g_final,178,3668283413,0.715187132358551,0.7380533814430237,0.7412468194961548,0.4774397909641266,-0.022866249084472656,0.50885009765625,0.7431865930557251,0.7534022331237793,6.673839379800484e-06,2.6292276743333787e-05,-1.9618437363533303e-05,0.294036865234375,0.20784495764187072,8617,0.7321295010150657,0.8457171068871884,0.8370132844709116,0.6458864795918368,0.09349091198979592,0,0,0,0,0.0,0.0
flickr,original_1.3g_final,179,3709678770,0.7441520690917969,0.7309035658836365,,0.44759923219680786,0.0132485032081604,0.601226806640625,0.743322491645813,0.7484952211380005,6.934789780643769e-06,-1.5713720131316222e-05,2.264850991195999e-05,0.8443222045898438,0.7355578421284727,6803,0.7750113011824605,0.90454570698656,0.8430253623188406,0.7177136479591837,0.06758211096938775,0,0,0,0,0.0,0.0
flickr,original_1.3g_final,180,3719297546,0.7134600281715393,0.6956879496574402,0.6419342160224915,0.49360278248786926,0.01777207851409912,0.6069488525390625,0.709295392036438,0.6955287456512451,2.1122217731317505e-05,1.0745961844804697e-05,1.0376255886512809e-05,0.586669921875,0.5395222373276365,5149,0.6406421426266538,0.7322232057239803,0.7980023312834117,0.5403778698979592,0.12179129464285714,0,0,0,0,0.0,0.0
flickr,original_1.3g_final,181,3727937033,0.8301992416381836,0.7348111867904663,0.6159384846687317,0.45284169912338257,0.09538805484771729,0.7431793212890625,0.8312855362892151,0.7298868894577026,4.2548072087811306e-05,3.540873876772821e-05,7.139333320083097e-06,0.6230621337890625,0.20115718418514947,5185,0.6359403147411713,0.6476737745776793,0.9304754326636164,0.5757334183673469,0.1856066645408163,0,0,0,0,0.0,0.0
flickr,original_1.3g_final,182,3749326537,0.8622101545333862,0.9105969667434692,0.8612357378005981,0.7037761211395264,-0.04838681221008301,0.33419036865234375,0.8622374534606934,0.9307036995887756,5.852834874531254e-06,-3.12186311930418e-05,3.7071466067573056e-05,0.7262725830078125,0.6113523074449269,12438,0.536760198656442,0.5244585146433286,1.0,0.8152503188775511,0.36900111607142855,0,0,0,0,0.0,0.0
flickr,original_1.3g_final,183,3790233127,0.8594695329666138,0.7156685590744019,,0.43675553798675537,0.14380097389221191,0.85406494140625,0.8632263541221619,0.7190662026405334,2.9628639822476543e-05,1.1315789379295893e-05,1.831285044318065e-05,0.67755126953125,0.2977059436913452,3836,0.7879390913452142,0.7487084247847374,0.9820404366986293,0.5902224170918368,0.11084980867346939,0,0,0,0,0.0,0.0
flickr,original_1.3g_final,184,3801318146,0.755120038986206,0.7891836166381836,0.7341626882553101,0.6250233054161072,-0.03406357765197754,0.483856201171875,0.767654538154602,0.8082858920097351,8.068624083534814e-06,9.110881364904344e-07,7.15753594704438e-06,0.6159210205078125,0.5346006564551422,7312,0.5937484308310319,0.658471390783795,0.8180214458664822,0.7157804528061225,0.21763392857142858,0,0,0,0,0.0,0.0
flickr,original_1.3g_final,185,3828103578,0.8443286418914795,0.782665491104126,0.6796455383300781,0.5293413400650024,0.061663150787353516,0.6843414306640625,0.8397308588027954,0.7681618928909302,8.751581844990142e-06,1.9390332454349846e-05,-1.0638750609359704e-05,0.389801025390625,0.3185019564002236,8945,0.48873217309337197,0.42970716434403583,0.9969732578428231,0.6492745535714286,0.291015625,0,0,0,0,0.0,0.0
flickr,original_1.3g_final,186,3896768873,0.7821215987205505,0.676062822341919,,0.3777599334716797,0.10605877637863159,0.7446441650390625,0.8059414625167847,0.7149738669395447,-2.169692743336782e-05,-2.9246586564113386e-05,7.549659130745567e-06,0.5793914794921875,0.514136581122227,4598,0.7887199784114419,0.7973410446675396,0.8900460848204316,0.5479113520408163,0.06305803571428571,0,0,0,0,0.0,0.0
flickr,original_1.3g_final,187,3908875350,0.7532662153244019,0.7522977590560913,0.7195812463760376,0.5699800252914429,0.0009684562683105469,0.561737060546875,0.7671318054199219,0.7956876754760742,3.621654468588531e-05,-1.7102631318266504e-05,5.331917782314122e-05,0.8240509033203125,0.9018526375335879,7071,0.4826180038739933,0.5244184206361766,0.8130627867605564,0.6296835140306123,0.2780811543367347,0,0,0,0,0.0,0.0
flickr,original_1.3g_final,188,3956341886,0.6621906161308289,0.7657735347747803,0.7804116010665894,0.5470015406608582,-0.10358291864395142,0.2909698486328125,0.6690568923950195,0.7638190984725952,1.5101417375262827e-05,4.7247871407307684e-05,-3.214645403204486e-05,0.28857421875,0.46415965245723595,7366,0.5589402911258738,0.6706225743336434,0.7530208352091624,0.6213528380102041,0.1921436543367347,0,0,0,0,0.0,0.0
flickr,original_1.3g_final,189,4007045926,0.9093667268753052,0.7557843923568726,0.6459335088729858,0.5532253384590149,0.15358233451843262,0.946441650390625,0.941050112247467,0.830242395401001,-1.5393776266137138e-05,-4.5352666347753257e-05,2.995889008161612e-05,0.65924072265625,0.554520037278658,3219,0.4674722192253749,0.4392147587511826,1.0,0.58984375,0.29512117346938777,0,0,0,0,0.0,0.0
flickr,original_1.3g_final,190,4041216001,0.817841649055481,0.8914872407913208,,0.5861610174179077,-0.07364559173583984,0.3482818603515625,0.8142214417457581,0.8931753635406494,-7.257327524712309e-06,-2.3417898773914203e-05,1.6160571249201894e-05,0.7290267944335938,0.7255145278450363,16520,0.7160033519960165,0.7815441312935811,0.8675849484202316,0.7516940369897959,0.14335538903061223,0,0,0,0,0.0,0.0
flickr,original_1.3g_final,191,4180455681,0.8488688468933105,0.7518011331558228,0.7115927934646606,0.5549861788749695,0.09706771373748779,0.8450164794921875,0.8669769167900085,0.7692273259162903,-1.471940595365595e-05,-1.275287286262028e-05,-1.9665330910356715e-06,0.440185546875,0.32023229285492066,9643,0.4259831171505044,0.39552666794112024,1.0,0.6255181760204082,0.33338647959183676,0,0,0,0,0.0,0.0
flickr,cram_c3_stage1,160,2897081671,0.6588094830513,0.45399367809295654,,0.2441055029630661,0.2048158049583435,0.8173065185546875,0.663101077079773,0.4395812749862671,2.0117455278523266e-05,0.00011618618736974895,-9.606873209122568e-05,0.3299560546875,0.0032763014197306154,5494,0.6489305496378356,0.9869362363919129,0.6489305496378356,0.3844467474489796,0.0,0,0,9152,2141,0.0,1.0
flickr,cram_c3_stage1,161,2897653916,0.7951077222824097,0.5983477830886841,0.5078814029693604,0.3494458794593811,0.19675993919372559,0.835113525390625,0.8008533120155334,0.6116319894790649,0.0004334751283749938,0.00015816734230611473,0.0002753078006207943,0.874664306640625,0.8006527742907357,3983,0.5759144472447381,0.5671451569627046,0.9380894263841119,0.2971141581632653,0.1129623724489796,0,13,960,13768,0.0,0.7088503320805231
flickr,cram_c3_stage1,162,2907554899,0.6791043281555176,0.7107584476470947,0.5633429288864136,0.4870128333568573,-0.03165411949157715,0.4822845458984375,0.6732729077339172,0.7100666761398315,1.8642458599060774e-05,-2.1457482944242656e-05,4.009994154330343e-05,0.613037109375,0.7192377495462795,5510,0.6049768833288006,0.7488890385133316,0.7340372875763076,0.5919961734693877,0.1288464604591837,0,0,8085,5705,0.0,0.46877567789646674
flickr,cram_c3_stage1,163,2935372113,0.8420844078063965,0.6816842555999756,0.4511251449584961,0.4349205195903778,0.1604001522064209,0.8795013427734375,0.857404887676239,0.6988575458526611,-5.2594121370930225e-05,-4.322706809034571e-05,-9.367053280584514e-06,0.487396240234375,0.5682482572520801,4447,0.6672438356164384,0.6569486404833836,0.9775230388851427,0.46177455357142855,0.14431202168367346,0,33,416,7413,0.0,0.5070104644005198
flickr,cram_c3_stage1,164,2961466546,0.6378824710845947,0.7528006434440613,,0.7309296131134033,-0.11491817235946655,0.3286590576171875,0.5906157493591309,0.7341146469116211,4.846836964134127e-05,-0.00012007692566839978,0.00016854528803378344,0.654510498046875,0.6982968369829684,5754,0.4319025139971457,0.6047405312346287,0.5655186292548298,0.6482780612244898,0.21446508290816327,1010,0,3682,2033,0.07803445878080816,0.15890261059871816
flickr,cram_c3_stage1,165,3012435981,0.6738245487213135,0.8641818165779114,0.8029613494873047,0.5704952478408813,-0.1903572678565979,0.199462890625,0.6501681804656982,0.8556504249572754,2.1233398001641035e-05,-0.00017121052951551974,0.00019244392751716077,0.8660736083984375,0.8785144775493076,4766,0.4342448559380597,0.5301115625645617,0.679008534191898,0.5788026147959183,0.254703443877551,1504,891,1893,1956,0.20371122849790058,0.14127843986998917
flickr,cram_c3_stage1,166,3052033339,0.8443152904510498,0.8993864059448242,0.7332363128662109,0.6303377747535706,-0.055071115493774414,0.3056182861328125,0.8229570984840393,0.908229649066925,-6.662226223852485e-05,-0.0003582946374081075,0.00029167236061766744,0.841339111328125,0.7827208252740168,10857,0.44098317940997656,0.399527868852459,1.0,0.7598254145408163,0.3848254145408163,0,0,0,4079,0.0,0.17440567812553445
flickr,cram_c3_stage1,167,3102685146,0.7307713031768799,0.5200859904289246,0.3785802721977234,0.3285715878009796,0.21068531274795532,0.8342437744140625,0.7463016510009766,0.5186130404472351,9.566733206156641e-05,2.8124777600169182e-05,6.754255446139723e-05,0.6294708251953125,0.25167336010709507,2988,0.7354337973893457,0.6725567081947684,0.838204818904457,0.4015266262755102,0.045021524234693876,39,0,2581,11896,0.023622047244094488,0.8404097492052278
flickr,cram_c3_stage1,168,3109408703,0.6624367237091064,0.4797193109989166,,0.28661617636680603,0.18271741271018982,0.794647216796875,0.6706764101982117,0.5121870636940002,-4.608918243320659e-05,-0.00014753974392078817,0.00010145056148758158,0.6168670654296875,0.8028818443804034,3470,0.7150767767359696,0.9609660336011687,0.7202641664385436,0.43654336734693877,0.0042251275510204085,0,0,5329,3210,0.0,0.9380479251899474
flickr,cram_c3_stage1,169,3202731977,0.6922455430030823,0.420360803604126,,0.22422295808792114,0.2718847393989563,0.902252197265625,0.70662522315979,0.4422640800476074,0.0002877123188227415,-9.090838284464553e-05,0.0003786206943914294,0.8490371704101562,0.47404063205417607,2658,0.703044651494323,0.9277411986025262,0.7107525221330039,0.2966358418367347,0.004245057397959184,13,5,4955,3972,0.005120126033871603,0.9502392344497608
flickr,cram_c3_stage1,170,3207674548,0.8264132738113403,0.6306238770484924,0.17809812724590302,0.43226107954978943,0.1957893967628479,0.8840789794921875,0.8329509496688843,0.6385737657546997,-0.0003011522931046784,-0.00020326999947428703,-9.788229363039136e-05,0.324859619140625,0.28969957081545067,3728,0.6848678535016861,0.6592993846966895,0.9641457355782501,0.527961575255102,0.1472217793367347,1005,3388,381,5488,0.7261560693641619,0.578475809001792
flickr,cram_c3_stage1,171,3230152596,0.8172891139984131,0.7577615976333618,,0.4871951937675476,0.05952751636505127,0.6888885498046875,0.8020259141921997,0.7504254579544067,1.836278534028679e-05,-2.6317648007534444e-05,4.4680433347821236e-05,0.5822601318359375,0.5246623004502661,9772,0.8466784920178879,0.8583658375968796,0.9658572731418149,0.7868702168367347,0.09843351403061225,4756,0,836,2397,0.9126847054308194,0.32674482006543076
flickr,cram_c3_stage1,172,3403348616,0.7400906085968018,0.559623658657074,0.47716930508613586,0.3310461938381195,0.18046694993972778,0.7719268798828125,0.7412846684455872,0.5696380138397217,0.0003842995793092996,9.645700629334897e-05,0.00028784258756786585,0.82916259765625,0.66098144823459,3342,0.6623944072240023,0.8409284860897764,0.7386252904579866,0.35030691964285715,0.0458984375,241,65,4936,4005,0.19737919737919737,0.6415185007208073
flickr,cram_c3_stage1,173,3413119417,0.6706024408340454,0.46209996938705444,0.37610065937042236,0.2857852280139923,0.20850247144699097,0.881439208984375,0.69767165184021,0.48261183500289917,2.8901224141009152e-05,0.0001496372278779745,-0.00012073600373696536,0.26026153564453125,0.2055311125078567,3182,0.7001802859418892,0.9965984364743092,0.7001802859418892,0.33396444515306123,0.0,0,0,7074,10433,0.0,1.0
flickr,cram_c3_stage1,174,3416359816,0.8517407178878784,0.6700664758682251,0.6112856268882751,0.4645184278488159,0.18167424201965332,0.86004638671875,0.8662473559379578,0.7021523714065552,5.648194928653538e-05,-6.540278263855726e-05,0.00012188473192509264,0.684295654296875,0.4808809293320426,4132,0.6077354432324473,0.5929326238477104,0.9925354409735291,0.5318478954081632,0.201171875,0,0,168,12848,0.0,0.5600209223258652
flickr,cram_c3_stage1,175,3484198977,0.7446202039718628,0.7610489130020142,0.6551703214645386,0.4521350860595703,-0.016428709030151367,0.49603271484375,0.7444651126861572,0.7576653957366943,8.85376866790466e-05,0.00012562029587570578,-3.708260919665918e-05,0.44159698486328125,0.3150189459180158,5806,0.5901057562637518,0.7029975056018264,0.773179577792244,0.47140066964285715,0.1329719387755102,0,123,4788,6423,0.0,0.4951433857539315
flickr,cram_c3_stage1,176,3535748358,0.7522879838943481,0.5724436044692993,0.3282144367694855,0.32492613792419434,0.17984437942504883,0.78948974609375,0.7494305372238159,0.5640705823898315,-0.00011808578710770234,2.457847585901618e-05,-0.00014266427024267614,0.3148040771484375,0.46080892608089263,3585,0.7765698351628958,0.8752088471636567,0.8338133858864549,0.5009964923469388,0.038763552295918366,1563,139,2369,5842,0.2887493072233512,0.7638598326359832
flickr,cram_c3_stage1,177,3568893693,0.7858607769012451,0.7325220704078674,,0.4579227864742279,0.053338706493377686,0.619140625,0.7935457229614258,0.7628214359283447,5.490612966241315e-05,-0.00014016326167620718,0.00019506938406266272,0.87353515625,0.9074044712224513,6307,0.750298898116134,0.7834632385194183,0.9205320329844593,0.5906608737244898,0.11405851403061225,1396,1612,416,1331,0.39513161619020665,0.24457919882396179
flickr,cram_c3_stage1,178,3668283413,0.7086813449859619,0.6723549962043762,0.5599310398101807,0.501954972743988,0.03632634878158569,0.6456146240234375,0.7104610204696655,0.6912257671356201,4.4421649363357574e-05,-0.00010224634752376005,0.00014666799688711762,0.7003631591796875,0.6430486403676752,5222,0.6679814077025232,0.8264977488579973,0.7680409222782104,0.6064453125,0.09775589923469388,708,1778,2901,1564,0.11965523069122866,0.3334043913877638
flickr,cram_c3_stage1,179,3709678770,0.6522019505500793,0.5556425452232361,,0.3532108664512634,0.09655940532684326,0.6708831787109375,0.6455552577972412,0.589636504650116,0.0001145866044680588,-0.0002472012711223215,0.0003617878828663379,0.8328094482421875,0.816505955757232,3526,0.6223253480496677,0.9529461473457786,0.6420548654244307,0.5188536352040817,0.0244140625,0,0,7812,2166,0.0,0.6387496313771749
flickr,cram_c3_stage1,180,3719297546,0.6339336037635803,0.6033754348754883,0.44232630729675293,0.3351588845252991,0.03055816888809204,0.611480712890625,0.6568619012832642,0.6158638000488281,2.5898247258737683e-05,0.00010255780216539279,-7.66595549066551e-05,0.4249420166015625,0.2716612377850163,3070,0.6336343115124153,0.8829357798165137,0.6769564693114675,0.38016183035714285,0.033900669642857144,11,11,3640,4421,0.00186219739292365,0.7234495172639502
flickr,cram_c3_stage1,181,3727937033,0.756639838218689,0.490716814994812,0.2055131494998932,0.3189828395843506,0.26592302322387695,0.8604278564453125,0.7499662637710571,0.4776638448238373,0.00017273012781515718,1.8572645785752684e-05,0.0001541574893053621,0.63006591796875,0.25345781466113415,2892,0.7523543390248196,0.8376531112199902,0.8502337378157947,0.40676817602040816,0.05213647959183673,899,225,2680,6922,0.4515318935208438,0.7432621067325245
flickr,cram_c3_stage1,182,3749326537,0.7836575508117676,0.8208087086677551,0.6283589601516724,0.4991479218006134,-0.03715115785598755,0.4113311767578125,0.7766265869140625,0.8412253856658936,-8.498495299136266e-05,-0.00037900294410064816,0.0002940179838333279,0.8601837158203125,0.8631716906946265,7630,0.5966502203417127,0.6008285663737689,0.9497984011932785,0.6759008290816326,0.25306919642857145,0,0,1175,5817,0.0,0.31417769376181476
flickr,cram_c3_stage1,183,3790233127,0.7573179006576538,0.6302393674850464,,0.3224247992038727,0.12707853317260742,0.748504638671875,0.7716055512428284,0.6307857036590576,-4.242825525579974e-05,3.496767021715641e-05,-7.739592547295615e-05,0.4102325439453125,0.10384105960264901,3775,0.7618430469853184,0.8244369086494181,0.872179285603561,0.47604432397959184,0.06517059948979592,0,75,3437,2367,0.0,0.4255663430420712
flickr,cram_c3_stage1,184,3801318146,0.7315472364425659,0.6728102564811707,0.6314823031425476,0.5520341992378235,0.058736979961395264,0.6962127685546875,0.702217161655426,0.6569731831550598,0.00011027598520740867,3.357019159011543e-05,7.670579361729324e-05,0.5472640991210938,0.6343786882481874,5931,0.6760321418675533,0.7334656084656085,0.8439294361812522,0.6629464285714286,0.14309630102040816,2509,927,1420,4667,0.3641509433962264,0.42738095238095236
flickr,cram_c3_stage1,185,3828103578,0.7362573146820068,0.6459175944328308,0.5555241703987122,0.39309555292129517,0.09033972024917603,0.696624755859375,0.7247598171234131,0.6658383011817932,0.00034860134474001825,1.637221430428326e-05,0.000332229130435735,0.791595458984375,0.7856098274349225,6838,0.5759446101988294,0.5405497841049977,0.90047359612577,0.46617904974489793,0.15768494897959184,0,0,2497,6690,0.0,0.4581564169291878
flickr,cram_c3_stage1,186,3896768873,0.7343709468841553,0.554816484451294,,0.29241934418678284,0.17955446243286133,0.8331756591796875,0.7105470299720764,0.5401036143302917,0.00011771441495511681,-7.673080108361319e-05,0.0001944452233146876,0.776580810546875,0.7214611872146118,3285,0.7877011207012553,0.8532253362761837,0.8319020646811621,0.4785754145408163,0.027543048469387755,1710,585,3407,2367,0.43644716692189894,0.7481036662452591
flickr,cram_c3_stage1,187,3908875350,0.6675407886505127,0.6021192669868469,0.49892669916152954,0.3805563151836395,0.06542152166366577,0.6206207275390625,0.6571904420852661,0.5945732593536377,0.00028187077259644866,0.00017105339793488383,0.00011081737466156483,0.6305999755859375,0.602801724137931,4640,0.5739295156019067,0.770527080655078,0.6764727531466987,0.3565648915816326,0.07256457270408163,0,0,3392,10312,0.0,0.7390525335053394
flickr,cram_c3_stage1,188,3956341886,0.6347053050994873,0.6973004341125488,0.5118668079376221,0.418503999710083,-0.06259512901306152,0.4347991943359375,0.6212971210479736,0.6458865404129028,0.00010978626960422844,0.00042311594006605446,-0.00031332968501374125,0.1909332275390625,0.23026184289426344,5003,0.5129320210574502,0.7613471643413662,0.6053375592011669,0.43997130102040816,0.0996890943877551,2046,101,6508,4740,0.25135135135135134,0.49165024375064825
flickr,cram_c3_stage1,189,4007045926,0.8232613205909729,0.5920014977455139,0.8354527354240417,0.42627280950546265,0.23125982284545898,0.8784332275390625,0.8712365627288818,0.673454761505127,-0.00039479206316173077,-0.0002682702033780515,-0.00012652185978367925,0.4116363525390625,0.21324983520105473,3034,0.6329068207615313,0.6148872180451128,0.9436879759981537,0.39760044642857145,0.12721221301020408,0,1084,1221,9509,0.0,0.6421528903295516
flickr,cram_c3_stage1,190,4041216001,0.7153037786483765,0.808777928352356,,0.5524513125419617,-0.09347414970397949,0.4372100830078125,0.7298895120620728,0.8205844163894653,-3.044785262318328e-05,-3.2059106160886586e-05,1.6112535377033055e-06,0.5356903076171875,0.7067315490673155,6165,0.5804058423730675,0.7497320471596999,0.6999838123408827,0.6322146045918368,0.13950892857142858,0,461,5802,654,0.0,0.09092172945919644
flickr,cram_c3_stage1,191,4180455681,0.8462787866592407,0.778246283531189,0.6171373724937439,0.5057709217071533,0.06803250312805176,0.70318603515625,0.8250290155410767,0.7749066352844238,-1.8550286768004298e-05,-0.00013924387167207897,0.00012069358490407467,0.6533432006835938,0.7327624260616227,11327,0.4791940091098587,0.44099467140319715,1.0,0.5610251913265306,0.26889349489795916,0,1402,0,4638,0.0,0.2772596843615495
flickr,cram_c3_stage2,160,2897081671,0.7182832956314087,0.5505214333534241,,0.3247203230857849,0.16776186227798462,0.7888336181640625,0.7156299352645874,0.5348550081253052,7.49421633372549e-06,2.618725920910947e-05,-1.869304287538398e-05,0.3544769287109375,0.03739765434830715,4519,0.7828883721719649,0.965323120709861,0.7861440136344269,0.47616390306122447,0.0024314413265306123,0,0,4672,2019,0.0,0.9430172816440916
flickr,cram_c3_stage2,161,2897653916,0.8280541300773621,0.6469910740852356,0.5639674663543701,0.391598105430603,0.18106305599212646,0.8324432373046875,0.8359082341194153,0.6620633602142334,0.00010574858606560156,4.689209890784696e-05,5.88564871577546e-05,0.8403854370117188,0.7174749807544265,3897,0.5131425574076233,0.4905560508134611,0.9768667480306225,0.35770089285714285,0.16232860331632654,0,0,397,11278,0.0,0.5806518045616023
flickr,cram_c3_stage2,162,2907554899,0.6994297504425049,0.7234593033790588,0.5446012020111084,0.513447105884552,-0.024029552936553955,0.4825286865234375,0.6919924020767212,0.7210201621055603,3.0120445444481447e-06,-7.506730980821885e-06,1.051877552527003e-05,0.6161651611328125,0.7452464463725309,5417,0.6324702551117646,0.7521207019361523,0.7665401748886322,0.6155532525510204,0.12802933673469388,0,0,6862,5746,0.0,0.4721446179129006
flickr,cram_c3_stage2,163,2935372113,0.8799623250961304,0.7293339967727661,0.5166209936141968,0.5083343386650085,0.15062832832336426,0.90667724609375,0.8687446117401123,0.7216676473617554,-1.4668537914985791e-05,-4.652110874303617e-06,-1.0016427040682174e-05,0.4232330322265625,0.5521327014218009,4220,0.6063615569588082,0.5906684441058846,0.9959220370548759,0.5232581313775511,0.1993781887755102,0,410,94,5027,0.0,0.34382053211134667
flickr,cram_c3_stage2,164,2961466546,0.7094134092330933,0.8376902937889099,,0.8231512308120728,-0.12827688455581665,0.281646728515625,0.6467803120613098,0.8103097081184387,1.4681238099001348e-05,-2.837827014445793e-05,4.305951006244868e-05,0.6737060546875,0.6923428223473892,6569,0.5172902434381675,0.6243586143517218,0.703139374425023,0.7807118941326531,0.24906329719387754,3150,0,913,297,0.24337479718766902,0.023214006565577615
flickr,cram_c3_stage2,165,3012435981,0.6883218884468079,0.837881326675415,0.7697131633758545,0.5770270824432373,-0.14955943822860718,0.240386962890625,0.6692516803741455,0.8315353393554688,7.719543646089733e-06,-3.9738413761369884e-05,4.745795740745962e-05,0.886749267578125,0.8737576654683865,4729,0.47848856290757574,0.5595941390474283,0.7394535470924206,0.5971181441326531,0.24645248724489796,2184,753,1240,2232,0.29581470946769606,0.16121343445287106
flickr,cram_c3_stage2,166,3052033339,0.8493422865867615,0.912935733795166,0.7395176887512207,0.6651622653007507,-0.06359344720840454,0.268585205078125,0.8346996307373047,0.9236186742782593,-5.813375537400134e-06,-7.658820686629042e-05,7.077483314787969e-05,0.881134033203125,0.8596443228454173,10965,0.43310870368790694,0.3930534410239207,1.0,0.7723413584183674,0.3973413584183674,0,0,0,3451,0.0,0.14755430135112024
flickr,cram_c3_stage2,167,3102685146,0.7755270004272461,0.6095724701881409,0.45652472972869873,0.412118524312973,0.16595453023910522,0.8245086669921875,0.7700411081314087,0.5946371555328369,2.935088923550211e-05,1.7393329471815377e-05,1.1957559763686731e-05,0.6494674682617188,0.2629268292682927,4100,0.700202308699274,0.6040118260583912,0.9099316445516686,0.4853515625,0.09650031887755102,48,0,967,9313,0.029073288915808602,0.6579300600494525
flickr,cram_c3_stage2,168,3109408703,0.7466235160827637,0.5741419792175293,,0.3694242238998413,0.17248153686523438,0.841094970703125,0.7538267374038696,0.6021777391433716,-1.2424527085386217e-05,-3.94314483855851e-05,2.7006921300198883e-05,0.71405029296875,0.8985249237029501,3932,0.8080773606370876,0.8862923351158646,0.85068779085683,0.5590322066326531,0.030711894132653062,212,225,724,2106,0.04462218480319933,0.6154295733489188
flickr,cram_c3_stage2,169,3202731977,0.7328459024429321,0.4951009452342987,,0.32785820960998535,0.23774495720863342,0.90509033203125,0.7459793090820312,0.5241775512695312,6.216144538484514e-05,-2.5276745873270556e-05,8.74381948960945e-05,0.89453125,0.6313779937521694,2881,0.76410998552822,0.8973277074542897,0.7881408276714021,0.3400829081632653,0.012177136479591837,22,30,3182,3599,0.00866482867270579,0.8610047846889952
flickr,cram_c3_stage2,170,3207674548,0.8278011083602905,0.6522915959358215,0.29670023918151855,0.49621596932411194,0.175509512424469,0.9140777587890625,0.8168755769729614,0.6392693519592285,-6.911436503287405e-05,-4.7317895223386586e-05,-2.1796469809487462e-05,0.34454345703125,0.4945324704307074,4481,0.6414244341950016,0.6083624402319509,0.990339497653878,0.5877112563775511,0.19638871173469388,1191,5043,36,4676,0.8605491329479769,0.492885000527037
flickr,cram_c3_stage2,171,3230152596,0.8672260046005249,0.7938565015792847,,0.5451222062110901,0.07336950302124023,0.7561187744140625,0.8585988283157349,0.789130449295044,3.5508055589161813e-06,-6.4946580096147954e-06,1.0045463568530977e-05,0.5824050903320312,0.6281484002722941,8814,0.8503312391522233,0.8422397094430992,0.9913503191974464,0.8231026785714286,0.11597177933673469,5014,0,156,1517,0.9621953559777394,0.20678844056706652
flickr,cram_c3_stage2,172,3403348616,0.7760962247848511,0.6012718677520752,0.5118715763092041,0.41963502764701843,0.17482435703277588,0.8101348876953125,0.7691823244094849,0.5947344899177551,6.504108750959858e-05,1.4727596862940118e-05,5.0313490646658465e-05,0.8522491455078125,0.7469586374695864,3699,0.6920821114369502,0.7974546172059984,0.8078354945906104,0.40401785714285715,0.06670519770408163,533,598,3577,3494,0.43652743652743653,0.5596668268460676
flickr,cram_c3_stage2,173,3413119417,0.7921918630599976,0.6363548040390015,0.464697003364563,0.421490341424942,0.1558370590209961,0.8692779541015625,0.7991201281547546,0.6197588443756104,-4.7144221753114834e-06,4.89416706841439e-05,-5.365609104046598e-05,0.1777801513671875,0.13498542274052477,3430,0.822438788059479,0.8736194133248881,0.9252651880424301,0.5034478635204082,0.05943080357142857,0,0,1552,7451,0.0,0.7141761717626761
flickr,cram_c3_stage2,174,3416359816,0.8746222257614136,0.721699595451355,0.6724904775619507,0.5575554370880127,0.1529226303100586,0.8580780029296875,0.8825499415397644,0.7452821731567383,1.525850166217424e-05,-1.668934419285506e-05,3.19478458550293e-05,0.7032623291015625,0.5987641167696569,4693,0.5284571809396867,0.5160251195783034,0.9947936268975035,0.6125039859693877,0.28037308673469385,0,0,95,8874,0.0,0.3868014994333537
flickr,cram_c3_stage2,175,3484198977,0.7619478702545166,0.7194857597351074,0.533949613571167,0.4537038803100586,0.04246211051940918,0.6011810302734375,0.7699215412139893,0.7269259691238403,2.7796941139968112e-05,2.2192059986991808e-05,5.604881152976304e-06,0.5244293212890625,0.3297199638663053,5535,0.6820730892074575,0.7591873010623785,0.8539709848414396,0.4821229272959184,0.10801977040816327,0,0,2998,7552,0.0,0.582176996608079
flickr,cram_c3_stage2,176,3535748358,0.7731941938400269,0.6056429147720337,0.3959771990776062,0.40079885721206665,0.16755127906799316,0.8000335693359375,0.7634516954421997,0.5929043292999268,-3.185188688803464e-05,3.812345312326215e-06,-3.566423401935026e-05,0.2808837890625,0.47398710865561694,4344,0.8103083853083853,0.8555462061900929,0.8862843932388388,0.5447624362244898,0.049306441326530615,2664,154,1803,5328,0.4921485313135045,0.696652719665272
flickr,cram_c3_stage2,177,3568893693,0.8158120512962341,0.7518309354782104,,0.505368173122406,0.06398111581802368,0.6545867919921875,0.8255056142807007,0.7756357192993164,1.1876889402628876e-05,-2.110176683345344e-05,3.2978656236082315e-05,0.84075927734375,0.855994043186895,6715,0.7526238261830234,0.7475766628055843,0.9722882968601332,0.6538185586734694,0.1467235331632653,2621,2885,111,965,0.7418624398528163,0.17732451304667401
flickr,cram_c3_stage2,178,3668283413,0.795777440071106,0.7542973756790161,0.6697673797607422,0.6021080613136292,0.041480064392089844,0.6764678955078125,0.7963342070579529,0.7660723924636841,8.839626389089972e-06,-1.629927646717988e-05,2.513890285626985e-05,0.7784500122070312,0.7316546762589928,5560,0.6969779892920881,0.7481800301412552,0.894502977553825,0.7802335778061225,0.18494897959183673,2647,4828,495,239,0.44735507858712187,0.05094862502664677
flickr,cram_c3_stage2,179,3709678770,0.7374290227890015,0.6517730951309204,,0.48957034945487976,0.08565592765808105,0.6982574462890625,0.7335132360458374,0.6862298250198364,2.5364975954289548e-05,-6.990582915022969e-05,9.527080692350864e-05,0.89678955078125,0.8718381112984823,4744,0.7449512576724034,0.9141903467832457,0.8009575569358178,0.6747050382653061,0.057896205357142856,1228,115,2900,601,0.20029358995269939,0.1772338543202595
flickr,cram_c3_stage2,180,3719297546,0.7006911039352417,0.6383329629898071,0.5039516687393188,0.4336951673030853,0.06235814094543457,0.6486968994140625,0.7102587223052979,0.63912034034729,7.059672498144209e-06,2.2314749003271572e-05,-1.5255076505127363e-05,0.400787353515625,0.13402868318122554,3835,0.673432728579127,0.8386649366918706,0.7534466819405925,0.44545200892857145,0.058912627551020405,10,1,1618,3156,0.0016929067208396817,0.5164457535591557
flickr,cram_c3_stage2,181,3727937033,0.7847834825515747,0.570805549621582,0.2879311740398407,0.3855642080307007,0.21397793292999268,0.8358001708984375,0.7876394987106323,0.5784577131271362,6.316592771327123e-05,2.6555746444500983e-05,3.661018126877025e-05,0.63299560546875,0.22128333773435438,3787,0.7138807936444569,0.7596754322613535,0.8892977919236125,0.46912866709183676,0.09847337372448979,492,979,1469,5351,0.24711200401808137,0.5745731772790723
flickr,cram_c3_stage2,182,3749326537,0.7980296611785889,0.8580251336097717,0.6338324546813965,0.545031726360321,-0.05999547243118286,0.3418121337890625,0.7807825803756714,0.8761926889419556,1.2372078344924375e-05,-9.850216883933172e-05,0.00011087424354627728,0.9393157958984375,0.9736091298145506,8412,0.6116325968053158,0.6025153637273117,0.9825436408977556,0.6972456951530612,0.2592873086734694,0,0,416,5505,0.0,0.2973264920334864
flickr,cram_c3_stage2,183,3790233127,0.745199978351593,0.5767214894294739,,0.32898083329200745,0.16847848892211914,0.7983856201171875,0.7543503046035767,0.5794637799263,-1.9637409423012286e-06,-2.374212272115983e-06,4.1047132981475443e-07,0.5254974365234375,0.10751796572692095,3618,0.788852881383225,0.8617194371152155,0.8678831631862169,0.4532047193877551,0.0450813137755102,0,0,3575,3300,0.0,0.593311758360302
flickr,cram_c3_stage2,184,3801318146,0.787935197353363,0.7315779328346252,0.6942137479782104,0.6070564985275269,0.05635726451873779,0.676605224609375,0.7748591303825378,0.7354303598403931,1.7877046047942713e-05,-9.097568181459792e-06,2.6974614229402505e-05,0.593597412109375,0.7735632183908046,6090,0.6387789148676577,0.6630825299180646,0.8873746108612937,0.7710658482142857,0.22423070790816327,2930,2403,487,2072,0.42525399129172714,0.18974358974358974
flickr,cram_c3_stage2,185,3828103578,0.7992843389511108,0.7141485810279846,0.6005228757858276,0.4680672585964203,0.08513575792312622,0.7151641845703125,0.7782939076423645,0.712618887424469,7.48269958421588e-05,1.5784453353262506e-05,5.9042540669906884e-05,0.7564544677734375,0.7277962631174815,7814,0.5536015957338544,0.49093895527237286,0.9685218815653598,0.5520766900510204,0.20974170918367346,0,0,799,4078,0.0,0.2792768113956992
flickr,cram_c3_stage2,186,3896768873,0.7706546783447266,0.5955595970153809,,0.35987594723701477,0.1750950813293457,0.8332672119140625,0.7658525705337524,0.5980109572410583,1.549648368381895e-05,-2.967585896840319e-05,4.517234265222214e-05,0.7927703857421875,0.7835151515151515,4125,0.8302219158672717,0.8499627553220684,0.8802809752928518,0.5083506058673469,0.029595822704081634,1745,399,2051,2078,0.4453802960694232,0.656763590391909
flickr,cram_c3_stage2,187,3908875350,0.7406164407730103,0.6786544322967529,0.5942409038543701,0.4789125323295593,0.061962008476257324,0.6449127197265625,0.7313399314880371,0.6816597580909729,6.24919484835118e-05,1.6393121768487617e-05,4.609882671502419e-05,0.7326507568359375,0.7131512686422623,5163,0.5894067411647134,0.6691006600660065,0.7958878229506587,0.4830994897959184,0.14227917729591838,423,59,964,6873,0.09567971047274372,0.49258224037841325
flickr,cram_c3_stage2,188,3956341886,0.7467025518417358,0.7560914754867554,0.642268717288971,0.5040757060050964,-0.009388923645019531,0.5431365966796875,0.7267856597900391,0.6946843266487122,3.319952156743966e-05,0.00010389959788881242,-7.070007268339396e-05,0.273651123046875,0.38065128042997154,6326,0.6203859118589521,0.7160262568043548,0.8053699735282995,0.6224091198979592,0.16499920280612246,3216,790,1801,2152,0.39508599508599507,0.22321335960999897
flickr,cram_c3_stage2,189,4007045926,0.859721302986145,0.6518976092338562,0.7388722896575928,0.4796798527240753,0.20782369375228882,0.8999786376953125,0.8871111869812012,0.7179015874862671,-8.663134940434247e-05,-6.542561459355056e-05,-2.120573481079191e-05,0.4297027587890625,0.24493554327808473,3258,0.5913594470046083,0.5541760234928312,0.9871913224094161,0.4614955357142857,0.17340959821428573,0,876,333,6983,0.0,0.4715694219340897
flickr,cram_c3_stage2,190,4041216001,0.7055741548538208,0.7806761860847473,,0.5313624739646912,-0.07510203123092651,0.4674530029296875,0.7208002805709839,0.804884135723114,-7.0351798058254644e-06,-2.3020367734716274e-05,1.598518792889081e-05,0.6385574340820312,0.8227523659305994,5072,0.5909085326160384,0.7586413523401034,0.70798934557709,0.6319355867346939,0.13416772959183673,0,264,5548,725,0.0,0.10079243709161685
flickr,cram_c3_stage2,191,4180455681,0.8536851406097412,0.7750768661499023,0.661293625831604,0.5475124716758728,0.07860827445983887,0.74481201171875,0.8670942783355713,0.7958570718765259,-1.5183830328169279e-05,-2.3972166673047468e-05,8.78833634487819e-06,0.551544189453125,0.5326856056605767,9469,0.4454731402734417,0.4122745840390555,1.0,0.6001076211734694,0.30797592474489793,0,1745,0,3020,0.0,0.18053562888570063
flickr,original_1.3g_final,192,4303617148,0.8184975385665894,0.6964812278747559,,0.45237869024276733,0.1220163106918335,0.8255767822265625,0.8212789297103882,0.6995834112167358,-8.970322596724145e-06,1.203830834128894e-06,-1.0174153430853039e-05,0.315521240234375,0.5596026490066225,4832,0.8332396301849075,0.7971612132078291,0.9583632705848542,0.6669523278061225,0.08330676020408163,0,0,0,0,0.0,0.0
flickr,original_1.3g_final,193,4351373013,0.7342989444732666,0.8007277846336365,0.7775782346725464,0.5121395587921143,-0.06642884016036987,0.3555145263671875,0.7257645130157471,0.7698615789413452,2.447561200824566e-06,2.8917893359903246e-05,-2.647033215907868e-05,0.0990753173828125,0.09080216419665961,8502,0.6901817866284872,0.7495759251115159,0.8808904147516474,0.6344467474489796,0.1491749043367347,0,0,0,0,0.0,0.0
flickr,original_1.3g_final,194,4407899725,0.7047422528266907,0.7524755001068115,,0.3985764682292938,-0.04773324728012085,0.45458984375,0.7046528458595276,0.7183101177215576,-2.4854458388290368e-05,4.5176930143497884e-05,-7.003139035077766e-05,0.031402587890625,0.11388611388611389,5005,0.6522574308905514,0.7905230359893572,0.7347313962190479,0.5692761479591837,0.07744738520408163,0,0,0,0,0.0,0.0
flickr,original_1.3g_final,195,4479260803,0.723514974117279,0.7053709626197815,0.6821277737617493,0.46947696805000305,0.01814401149749756,0.6074371337890625,0.7237419486045837,0.7064299583435059,2.735825728450436e-05,2.3210594008560292e-05,4.147663275944069e-06,0.553375244140625,0.5493555724033359,6595,0.5323984297403396,0.4971732697319023,0.7546088355567473,0.4512316645408163,0.12408322704081633,0,0,0,0,0.0,0.0
flickr,original_1.3g_final,196,4543136011,0.8384860754013062,0.7810984253883362,0.7569616436958313,0.47124597430229187,0.05738765001296997,0.6828765869140625,0.8380327224731445,0.7805174589157104,1.0237730748485774e-05,6.717849828419276e-06,3.5198809200664982e-06,0.5629730224609375,0.4932009167303285,6545,0.6092522606304043,0.4941741028439366,0.956390743904333,0.6208944515306123,0.18279655612244897,0,0,0,0,0.0,0.0
flickr,original_1.3g_final,197,4576746825,0.8731894493103027,0.8846166729927063,0.7517397999763489,0.6134282350540161,-0.011427223682403564,0.58917236328125,0.8833732604980469,0.8926777839660645,4.438147152541205e-05,4.9794216465670615e-05,-5.4127449402585626e-06,0.484344482421875,0.3865623094124822,9838,0.31067550186418325,0.2976818196000125,0.9819379406164771,0.6387715242346939,0.4184072066326531,0,0,0,0,0.0,0.0
flickr,original_1.3g_final,198,4646464908,0.6932370662689209,0.6579861044883728,,0.34813207387924194,0.035250961780548096,0.5770670572916666,0.7161445021629333,0.6806442141532898,9.350818800157867e-06,3.5228886190452613e-06,5.827930181112606e-06,0.540625,0.5134784862623121,3858,0.6846529711553617,0.6491265940488842,0.6901403477800335,0.6001275510204082,0.004524075255102041,0,0,0,0,0.0,0.0
flickr,original_1.3g_final,199,4657718822,0.8636869192123413,0.7418914437294006,0.681580662727356,0.4426840543746948,0.12179547548294067,0.83367919921875,0.8721296787261963,0.7465763092041016,5.037577648181468e-05,3.105344148934819e-05,1.9322334992466494e-05,0.6472015380859375,0.4036178631995478,5307,0.771671878118555,0.7277119016249451,0.9907747501494832,0.6353236607142857,0.13249362244897958,0,0,0,0,0.0,0.0
flickr,original_1.3g_final,200,4717096777,0.6694296598434448,0.8391419649124146,0.8112345337867737,0.7961571216583252,-0.16971230506896973,0.2318572998046875,0.66082364320755,0.8483780026435852,-1.7124511941801757e-07,-8.728000466362573e-06,8.556755346944556e-06,0.6397552490234375,0.6392871773863171,4882,0.3690179128419927,0.44363198071514665,0.5953630481667865,0.7440808354591837,0.3400829081632653,0,0,0,0,0.0,0.0
flickr,original_1.3g_final,201,4755507106,0.8526695370674133,0.7309085726737976,0.675440788269043,0.42115113139152527,0.12176096439361572,0.8251953125,0.850919246673584,0.7407212257385254,4.815529246116057e-05,1.2218231859151274e-05,3.5937060602009296e-05,0.9530105590820312,0.9543549562682215,5488,0.703376986748533,0.6896288958317458,0.978114023236963,0.523078762755102,0.14405293367346939,0,0,0,0,0.0,0.0
flickr,original_1.3g_final,202,4758950312,0.8380434513092041,0.769519567489624,0.7189573049545288,0.5016469359397888,0.06852388381958008,0.6912689208984375,0.8293194770812988,0.7627921104431152,1.173626515083015e-06,-2.4898963602026924e-06,3.6635228752857074e-06,0.5814743041992188,0.5517023959646911,6344,0.5005780581303368,0.4552665559859804,0.9609469298757933,0.5401985012755102,0.23537149234693877,0,0,0,0,0.0,0.0
flickr,original_1.3g_final,203,4767923306,0.8382681012153625,0.7310082912445068,,0.4322287142276764,0.10725980997085571,0.8302459716796875,0.8402901887893677,0.724380373954773,6.124284482211806e-06,1.6523132217116654e-05,-1.0398847734904848e-05,0.40970611572265625,0.45454545454545453,4488,0.7231585129291168,0.5916397309338691,0.9679378766584884,0.6844108737244898,0.1416015625,0,0,0,0,0.0,0.0
flickr,original_1.3g_final,204,4876943924,0.7512320280075073,0.8026950359344482,0.7473713159561157,0.6552246809005737,-0.05146300792694092,0.4023895263671875,0.782089114189148,0.8287062644958496,1.187184898299165e-05,1.9111736037302762e-05,-7.2398870543111116e-06,0.4298858642578125,0.5524509213537275,8303,0.1463848071720333,0.1460207429357604,0.901797385620915,0.7532684948979592,0.6294244260204082,0,0,0,0,0.0,0.0
flickr,original_1.3g_final,205,4938432980,0.9321443438529968,0.8264005184173584,0.6697432994842529,0.562895655632019,0.10574382543563843,0.9441986083984375,0.9341878890991211,0.8375581502914429,-1.4384682799573056e-05,-1.7750970073393546e-05,3.3662872738204896e-06,0.552337646484375,0.8221391374015222,7489,0.565600493435545,0.5546370967741936,1.0,0.6919642857142857,0.2947624362244898,0,0,0,0,0.0,0.0
flickr,original_1.3g_final,206,4957886467,0.8313906192779541,0.7974990606307983,,0.49054065346717834,0.03389155864715576,0.606781005859375,0.8238545656204224,0.7904512286186218,3.0428393074544147e-05,2.2554162569576874e-05,7.874230504967272e-06,0.6139373779296875,0.6209064710505633,7634,0.6700653207749672,0.6003149867374006,0.9650347786690829,0.6010841836734694,0.16460060586734693,0,0,0,0,0.0,0.0
flickr,original_1.3g_final,207,4965189170,0.8658276796340942,0.856728196144104,0.7402892708778381,0.6227805614471436,0.009099483489990234,0.5612335205078125,0.8610273599624634,0.8594290614128113,-1.4339857443701476e-06,-1.5243369489326142e-05,1.3809383744955994e-05,0.6063461303710938,0.5938479300676233,12126,0.4425010022420526,0.43138787562966824,0.9749092217606071,0.6884167729591837,0.3665098852040816,0,0,0,0,0.0,0.0
flickr,original_1.3g_final,208,5006362787,0.7264951467514038,,,0.3800196349620819,,,0.7245465517044067,,1.3575103366747499e-05,,,,,0,0.8379325795313777,0.9718757642455368,0.849122619588152,0.6519451530612245,0.009964923469387755,0,0,0,0,0.0,0.0
flickr,original_1.3g_final,209,5130986168,0.8299169540405273,0.7642991542816162,0.7303892374038696,0.5124671459197998,0.06561779975891113,0.7475433349609375,0.8247939944267273,0.7730307579040527,1.0863044735742733e-05,-8.972019713837653e-06,1.9835064449580386e-05,0.690765380859375,0.6491160149696735,7749,0.6306124491293615,0.6146205865140777,0.9894017899199247,0.6130022321428571,0.21665736607142858,0,0,0,0,0.0,0.0
flickr,original_1.3g_final,210,5179649119,0.7513270378112793,0.7156285047531128,0.7272511124610901,0.5417547225952148,0.035698533058166504,0.6543731689453125,0.7539653778076172,0.7288299202919006,1.1886642823810689e-05,-5.980797141091898e-06,1.7867439964902587e-05,0.7157821655273438,0.6084532881738639,7086,0.5769957452945843,0.6205366837288662,0.853643443934706,0.6424386160714286,0.22391183035714285,0,0,0,0,0.0,0.0
flickr,original_1.3g_final,211,5194793239,0.9105497002601624,0.8017882108688354,0.7028961181640625,0.5942735075950623,0.1087614893913269,0.8859710693359375,0.9103751182556152,0.805654764175415,2.9769544198643416e-06,9.039886208483949e-07,2.0729657990159467e-06,0.480804443359375,0.3674726628677037,6493,0.3989592985957659,0.38059295525635795,1.0,0.7327208227040817,0.42012117346938777,0,0,0,0,0.0,0.0
flickr,original_1.3g_final,212,5220919991,0.7959110736846924,0.8017529845237732,0.6556307673454285,0.5354726314544678,-0.0058419108390808105,0.5489654541015625,0.7864083647727966,0.8030809760093689,-1.5698369679739699e-06,-1.585681275173556e-05,1.428697578376159e-05,0.6223602294921875,0.52103475307029,7654,0.7159474671669793,0.7538522323192414,0.8918269230769231,0.7061941964285714,0.1466438137755102,0,0,0,0,0.0,0.0
flickr,original_1.3g_final,213,5237296528,0.6650198698043823,0.864816427230835,0.7980793118476868,0.7372719049453735,-0.19979655742645264,0.1734771728515625,0.6821356415748596,0.8787282705307007,3.5332741390448064e-06,-1.811844776966609e-05,2.1651721908710897e-05,0.8076629638671875,0.8964508580343213,5128,0.4086497774358411,0.5296589646428673,0.6402238484718037,0.6995176977040817,0.327945631377551,0,0,0,0,0.0,0.0
flickr,original_1.3g_final,214,5303633386,0.8712233304977417,0.7696384191513062,0.691085696220398,0.6022398471832275,0.10158491134643555,0.8477325439453125,0.8874462246894836,0.8033579587936401,1.1302874554530717e-05,-1.555685230414383e-05,2.685972685867455e-05,0.90106201171875,0.8682809330628803,7888,0.5395654886834194,0.5117004680187207,1.0,0.7409518494897959,0.3235411352040816,0,0,0,0,0.0,0.0
flickr,original_1.3g_final,215,5344317532,0.8597903847694397,0.7428069710731506,0.6353788375854492,0.5138428807258606,0.11698341369628906,0.885406494140625,0.8457871079444885,0.7215253710746765,-3.055610795854591e-05,-6.282558388193138e-06,-2.427354957035277e-05,0.2852020263671875,0.48508363510950164,5799,0.5913752753303965,0.5600534532772726,0.9938114517061886,0.6114676339285714,0.23449457908163265,0,0,0,0,0.0,0.0
flickr,original_1.3g_final,216,5480070309,0.9409553408622742,0.854719877243042,0.696478009223938,0.6459536552429199,0.08623546361923218,0.9718780517578125,0.9437762498855591,0.8617287874221802,4.606945731211454e-05,2.656348624441307e-05,1.9505971067701466e-05,0.7182693481445312,0.465499306518724,5768,0.4175713576403333,0.4107312565997888,1.0,0.7549426020408163,0.4324976084183674,0,0,0,0,0.0,0.0
flickr,original_1.3g_final,217,5490101320,0.7448468804359436,0.7511194944381714,,0.4140787124633789,-0.006272614002227783,0.5582122802734375,0.7461201548576355,0.755871593952179,-3.853396265185438e-06,-9.685070835985243e-06,5.831674570799805e-06,0.568084716796875,0.52,6125,0.7433691639698827,0.8650039738106953,0.8246351451301571,0.5266063456632653,0.0603874362244898,0,0,0,0,0.0,0.0
flickr,original_1.3g_final,218,5601291878,0.845477819442749,0.7318423390388489,0.7047971487045288,0.5507197976112366,0.11363548040390015,0.8468475341796875,0.8799089193344116,0.7737735509872437,1.425995105819311e-05,7.732814992778003e-07,1.348666955891531e-05,0.6063003540039062,0.3157797827287792,5431,0.5996876538389719,0.50618999856713,0.9751566511165705,0.6954520089285714,0.22602439413265307,0,0,0,0,0.0,0.0
flickr,original_1.3g_final,219,5607310495,0.7397258877754211,0.5968143939971924,,0.37616440653800964,0.14291149377822876,0.8574066162109375,0.7390860319137573,0.5889673233032227,-2.7328951546223834e-06,2.032295014942065e-05,-2.3055845304043032e-05,0.1198577880859375,0.13669950738916256,4060,0.8431300770491231,0.8101403638069077,0.8994495481087514,0.5949258609693877,0.03579400510204082,0,0,0,0,0.0,0.0
flickr,original_1.3g_final,220,5697766486,0.7783932685852051,0.8352547287940979,0.7251602411270142,0.5854713320732117,-0.05686146020889282,0.4144134521484375,0.7776757478713989,0.8454670310020447,-4.026805981993675e-07,-2.0964156647096388e-05,2.056147604889702e-05,0.6908798217773438,0.7242736899266902,7366,0.4247604760759118,0.4465040166617078,0.8693914202126118,0.6698421556122449,0.3601124043367347,0,0,0,0,0.0,0.0
flickr,original_1.3g_final,221,5801923729,0.8324254751205444,0.7473644018173218,0.6375744342803955,0.541368842124939,0.08506107330322266,0.7841033935546875,0.8221213817596436,0.7256124019622803,-2.8789880161639303e-05,-1.5896530385361984e-06,-2.7200227123103105e-05,0.28765869140625,0.18870486016834104,7366,0.5993608452019612,0.5939868108983629,0.9911438223938224,0.6890545280612245,0.26992984693877553,0,0,0,0,0.0,0.0
flickr,original_1.3g_final,222,5873098388,0.8327287435531616,0.7273781299591064,0.5474275350570679,0.4167422652244568,0.10535061359405518,0.8343658447265625,0.8312993049621582,0.7563294768333435,1.1818550774478354e-05,-5.110744677949697e-05,6.292599573498592e-05,0.985504150390625,0.9774048625792812,7568,0.8852559768914019,0.8359594904384666,0.9732761241933849,0.6868024553571429,0.05865353954081633,0,0,0,0,0.0,0.0
flickr,original_1.3g_final,223,5906878321,0.8968896865844727,0.8304730653762817,0.720145583152771,0.6550935506820679,0.06641662120819092,0.7348785400390625,0.9000303149223328,0.8411717414855957,1.665917443460785e-05,-9.910218068398535e-07,1.7650196241447702e-05,0.7131271362304688,0.7633751146438398,9813,0.47398159241912646,0.43662519440124414,0.9988236644287599,0.7945232780612245,0.384586256377551,0,0,0,0,0.0,0.0
flickr,cram_c3_stage1,192,4303617148,0.7519074082374573,0.5784521698951721,,0.3218703866004944,0.17345523834228516,0.8056488037109375,0.721258819103241,0.5536440014839172,0.00011105978774139658,-4.6907924115657806e-05,0.00015796770458109677,0.7011260986328125,0.7020309184601394,3299,0.8109117835145232,0.8827538196607189,0.8655338410691191,0.5439453125,0.03736846301020408,0,76,3867,2381,0.0,0.5696172248803828
flickr,cram_c3_stage1,193,4351373013,0.6023794412612915,0.5865919589996338,0.452825129032135,0.3972533345222473,0.015787482261657715,0.584747314453125,0.585011899471283,0.5992168188095093,0.0001033324733725749,-0.00014521743287332356,0.00024854991352185607,0.8828277587890625,0.8774252039891206,5515,0.5203591155719942,0.8099005883546359,0.5894752385698728,0.39293686224489793,0.07170758928571429,17,1266,8248,5153,0.004719600222098834,0.6884435537742151
flickr,cram_c3_stage1,194,4407899725,0.60857093334198,0.40216493606567383,,0.18593858182430267,0.20640599727630615,0.769989013671875,0.6066097021102905,0.3948068916797638,0.00023389473790302873,-9.48743982007727e-05,0.00032876915065571666,0.7309112548828125,0.3086206896551724,4060,0.5855089898234548,0.9515719947159842,0.5859662252302086,0.37717235331632654,0.00047831632653061223,0,0,5777,3862,0.0,0.9938239835306227
flickr,cram_c3_stage1,195,4479260803,0.6925437450408936,0.6741050481796265,0.43438422679901123,0.34901803731918335,0.01843869686126709,0.59814453125,0.7033887505531311,0.6956223249435425,0.00042875210056081414,0.0003050696977879852,0.00012368240277282894,0.6484222412109375,0.744039408866995,5075,0.5643003560254612,0.5642699174712767,0.7012804183146746,0.36947943239795916,0.07216597576530612,148,304,1645,2909,0.027331486611265006,0.4672341792483135
flickr,cram_c3_stage1,196,4543136011,0.6825509071350098,0.6402990818023682,0.6044459342956543,0.33455130457878113,0.0422518253326416,0.58294677734375,0.6843888759613037,0.6271862983703613,0.0002533438091631979,0.00033654976869001985,-8.320595952682197e-05,0.4389495849609375,0.2332355816226784,5115,0.5133703625582976,0.5467774948829315,0.6803851529740643,0.39921476403061223,0.10437260841836735,0,0,7188,3935,0.0,0.42902311382468383
flickr,cram_c3_stage1,197,4576746825,0.7717388868331909,0.7536369562149048,0.43705645203590393,0.3880463242530823,0.018101930618286133,0.6155548095703125,0.7798562049865723,0.7950783967971802,0.000678886310197413,0.00030928102205507457,0.0003696052881423384,0.8050994873046875,0.7243395845936681,4959,0.4602346805736636,0.4817724129564479,0.8174239695363557,0.3285634566326531,0.15029097576530612,0,0,2112,13453,0.0,0.6408021339430313
flickr,cram_c3_stage1,198,4646464908,0.5270193219184875,0.6425965428352356,,0.42554786801338196,-0.11557722091674805,0.40771484375,0.5210338234901428,0.6159376502037048,4.7686713514849544e-05,0.0002755489549599588,-0.00022786224144510925,0.3328776041666667,0.2797319932998325,3582,0.5001275879080687,0.705926139365125,0.5190043251831583,0.41499920280612246,0.02130500637755102,863,1008,10994,166,0.05123486107812871,0.7312775330396476
flickr,cram_c3_stage1,199,4657718822,0.7667785286903381,0.5492677688598633,0.5001080632209778,0.3647439479827881,0.21751075983047485,0.8675537109375,0.7730115056037903,0.5700567364692688,0.00018460761930327863,4.482488293433562e-05,0.0001397827290929854,0.575164794921875,0.6297029702970297,3030,0.830011513876206,0.8713166340182553,0.8928632442128641,0.47817681760204084,0.03533561862244898,75,195,3085,5070,0.176056338028169,0.7626353790613718
flickr,cram_c3_stage1,200,4717096777,0.6714438796043396,0.8196885585784912,0.7842074632644653,0.7717819809913635,-0.1482446789741516,0.3604888916015625,0.6419583559036255,0.8232212662696838,9.872316877590492e-05,-0.00010007578384829685,0.00019879895262420177,0.707000732421875,0.7049786628733997,7030,0.4047019597169298,0.4715248414376321,0.6413551401869159,0.7541454081632653,0.32421875,4250,839,2949,1635,0.37062876079183743,0.09581575246132208
flickr,cram_c3_stage1,201,4755507106,0.6781872510910034,0.6609208583831787,0.506078839302063,0.32174238562583923,0.017266392707824707,0.5737762451171875,0.6833609938621521,0.6812931299209595,5.835187766933814e-05,-8.526279998477548e-05,0.00014361468493007123,0.7704315185546875,0.7339757017176372,4774,0.5961680858941133,0.7863508729092907,0.6961361794109701,0.3264907525510204,0.061842315051020405,0,0,5739,4125,0.0,0.5706972883231876
flickr,cram_c3_stage1,202,4758950312,0.7624486684799194,0.5892338752746582,0.4168921113014221,0.352374404668808,0.17321479320526123,0.8224029541015625,0.7779137492179871,0.6072028875350952,-0.00012770603643730283,-9.223038796335459e-05,-3.547564847394824e-05,0.402801513671875,0.4476525821596244,4260,0.6993800043617784,0.6673405077590819,0.8740411945644979,0.3352000956632653,0.06391501913265306,52,452,1735,9055,0.0518444666001994,0.7667231160033869
flickr,cram_c3_stage1,203,4767923306,0.7652255296707153,0.6406189203262329,,0.3921593427658081,0.12460660934448242,0.812164306640625,0.7342017889022827,0.6208125352859497,0.00025753630325198174,5.1998453272972256e-05,0.0002055378572549671,0.6474761962890625,0.6569102112676056,4544,0.7496541646371164,0.645224040783472,0.9165098496939091,0.5942283163265306,0.09311224489795919,0,35,2092,2468,0.0,0.3473610133708656
flickr,cram_c3_stage1,204,4876943924,0.8112411499023438,0.7636191844940186,0.5939505100250244,0.5122430324554443,0.047621965408325195,0.5328216552734375,0.7348271012306213,0.731314480304718,0.0006471367087215185,0.00031648247386328876,0.00033065423485822976,0.885009765625,0.8601043997017151,6705,0.24060270898453154,0.2358764830674943,0.9810457516339869,0.5072943239795918,0.37535873724489793,567,0,161,12748,0.8887147335423198,0.40364764739408526
flickr,cram_c3_stage1,205,4938432980,0.8456827402114868,0.7029472589492798,0.3893415629863739,0.3807257115840912,0.14273548126220703,0.8593673706054688,0.8340630531311035,0.6903685331344604,-0.00010662554996088147,-3.926363569917157e-05,-6.73619142617099e-05,0.4094696044921875,0.6514991181657849,5670,0.713512912668124,0.6961535680717229,1.0,0.5512994260204082,0.15409757653061223,0,18,0,7076,0.0,0.47843137254901963
flickr,cram_c3_stage1,206,4957886467,0.7479249835014343,0.6559988260269165,,0.3482225239276886,0.09192615747451782,0.6733551025390625,0.7505135536193848,0.6480140686035156,4.318659193813801e-06,9.841489372774959e-05,-9.409623453393579e-05,0.3596649169921875,0.3172879967226547,4882,0.6756442016557623,0.6858530714009371,0.8504117474615569,0.4636280293367347,0.09671954719387756,145,0,3636,3406,0.1110260336906585,0.41239859547160673
flickr,cram_c3_stage1,207,4965189170,0.7567965984344482,0.6568458080291748,0.49470776319503784,0.39370402693748474,0.09995079040527344,0.6976165771484375,0.8200701475143433,0.7060620784759521,-0.00022598510258831084,-6.438425043597817e-05,-0.00016160085215233266,0.3389129638671875,0.3101985733564681,5187,0.5973179652000443,0.6173936950146628,0.8815466649219798,0.43494897959183676,0.14494977678571427,0,0,1601,11117,0.0,0.6045133224578575
flickr,cram_c3_stage1,208,5006362787,0.5903545618057251,,,0.1633588820695877,,,0.5782672166824341,,0.0002512985374778509,,,,,0,0.5174808365161186,1.0,0.5174808365161186,0.38614078443877553,0.0,0,0,12837,500,0.0,1.0
flickr,cram_c3_stage1,209,5130986168,0.7434792518615723,0.6187291145324707,0.6056175827980042,0.4102393388748169,0.12475013732910156,0.772735595703125,0.7171019315719604,0.5918843150138855,9.428767225472257e-05,0.00011131898645544425,-1.703131420072168e-05,0.498443603515625,0.771255060728745,6422,0.6371172225472986,0.69249523001908,0.8547914376929922,0.4700454400510204,0.13010204081632654,0,425,2830,4768,0.0,0.43859810505013336
flickr,cram_c3_stage1,210,5179649119,0.6660738587379456,0.7122054100036621,0.6238844394683838,0.47202667593955994,-0.04613155126571655,0.416839599609375,0.6427494287490845,0.7009682655334473,0.00015771180915180594,9.321638935944065e-05,6.449541979236528e-05,0.6394500732421875,0.7262523383911869,4811,0.44920911223794746,0.5888994721593841,0.6332444254774352,0.5021723533163265,0.1913265306122449,89,1482,5492,3117,0.021332694151486097,0.2774365821094793
flickr,cram_c3_stage1,211,5194793239,0.8058280348777771,0.6088428497314453,0.4874178469181061,0.453422486782074,0.1969851851463318,0.899200439453125,0.8144151568412781,0.6117620468139648,-0.00016288174083456397,-0.00011203817848581821,-5.084356234874576e-05,0.4334259033203125,0.6584663700601937,3821,0.5727200155343157,0.553759178905207,0.9485438627836341,0.47767857142857145,0.18299585459183673,0,375,899,12273,0.0,0.5822106261859582
flickr,cram_c3_stage1,212,5220919991,0.724330484867096,0.7523758411407471,0.5973434448242188,0.4356645941734314,-0.028045356273651123,0.5263671875,0.721528947353363,0.7256098985671997,-9.042787132784724e-05,8.080607221927494e-05,-0.00017123394354712218,0.16085052490234375,0.05768583921964346,5946,0.6438321465762292,0.769795066796783,0.7637553418803419,0.5922552614795918,0.11118861607142858,21,0,3959,1779,0.004328112118713932,0.24177765697200326
flickr,cram_c3_stage1,213,5237296528,0.7939046621322632,0.8514350652694702,0.5944726467132568,0.5823991298675537,-0.05753040313720703,0.4092254638671875,0.7844520807266235,0.861518383026123,0.00012618527398444712,-3.999018372269347e-05,0.00016617545043118298,0.83782958984375,0.9392990761243033,13097,0.6222611963670529,0.6934331025240116,0.85530779164873,0.7138073979591837,0.2167370854591837,6297,0,0,5580,0.5889450056116723,0.3391066545123063
flickr,cram_c3_stage1,214,5303633386,0.8338218927383423,0.6622684597969055,0.4781801104545593,0.42310282588005066,0.17155343294143677,0.7977752685546875,0.8292152881622314,0.6695528030395508,5.6320641306228936e-06,-3.640399518189952e-05,4.203605931252241e-05,0.5762176513671875,0.606885322167946,4299,0.7205347719010203,0.6938191673567718,0.9688814129520605,0.5294563137755102,0.13068000637755103,0,0,935,9677,0.0,0.5960946162375261
flickr,cram_c3_stage1,215,5344317532,0.8237420320510864,0.6847542524337769,0.38584521412849426,0.4512786567211151,0.13898777961730957,0.8347320556640625,0.82659512758255,0.6814998984336853,-0.00022422766778618097,-0.00011857607023557648,-0.00010565159755060449,0.31329345703125,0.3673772011121409,5395,0.6624326106349144,0.6263339323040815,0.9878253325621746,0.5434669961734694,0.16926419005102042,0,286,139,3559,0.0,0.3024817270100289
flickr,cram_c3_stage1,216,5480070309,0.864348292350769,0.6817817687988281,0.566574215888977,0.4990924596786499,0.18256652355194092,0.924102783203125,0.876465380191803,0.7047030925750732,0.00028305983869358897,-1.8221689970232546e-06,0.0002848820004146546,0.837615966796875,0.6265965439519159,5324,0.5383989051158117,0.5274251578304257,0.9987466658096861,0.5871731505102041,0.2651267538265306,0,229,20,8627,0.0,0.39753928390396753
flickr,cram_c3_stage1,217,5490101320,0.6074423789978027,0.5661282539367676,,0.31837332248687744,0.041314125061035156,0.5612335205078125,0.6321972608566284,0.5884146690368652,-7.302788435481489e-05,-5.8148922107648104e-05,-1.4878962247166783e-05,0.4866485595703125,0.4157427937915743,5412,0.5800856202350293,0.8911801697935227,0.6135514945970811,0.3803013392857143,0.03186782525510204,924,268,6834,1699,0.15364150315929498,0.5607260726072607
flickr,cram_c3_stage1,218,5601291878,0.7566310167312622,0.6402798891067505,0.3911004066467285,0.4288194179534912,0.11635112762451172,0.7408447265625,0.7540143728256226,0.6393255591392517,-0.00012308359146118164,-8.35589598864317e-05,-3.9524631574749947e-05,0.4585723876953125,0.6202154101077051,6035,0.739889562048691,0.6318200908709098,0.913572749606647,0.5219826211734694,0.08474170918367346,0,388,1615,7477,0.0,0.659289304294154
flickr,cram_c3_stage1,219,5607310495,0.648984432220459,0.5021524429321289,,0.27258971333503723,0.14683198928833008,0.8138427734375,0.6550248265266418,0.5010803937911987,-8.475358481518924e-05,6.697794742649421e-05,-0.00015173153951764107,0.3893585205078125,0.6228944654520454,5818,0.6535500427715997,0.8857301275265891,0.6535500427715997,0.3953882334183674,0.0,12,0,8228,1796,0.0025834230355220667,1.0
flickr,cram_c3_stage1,220,5697766486,0.6542789340019226,0.6896905899047852,0.44775280356407166,0.3853950500488281,-0.03541165590286255,0.5253753662109375,0.6371748447418213,0.682875394821167,4.6554698201362044e-05,-8.320006600115448e-05,0.00012975477147847414,0.5969696044921875,0.6221804511278195,4256,0.48962876507565983,0.6122177274822059,0.6926396894823741,0.3892099808673469,0.1426379145408163,0,0,3169,10912,0.0,0.6039072444518235
flickr,cram_c3_stage1,221,5801923729,0.7461106777191162,0.5328800678253174,0.601894736289978,0.3898683786392212,0.21323060989379883,0.847991943359375,0.7208138108253479,0.5025354027748108,4.135422932449728e-05,1.06057632365264e-05,3.074846608797088e-05,0.499603271484375,0.30606160980457103,3019,0.6383807456786296,0.7553654957351188,0.7949565637065638,0.43459024234693877,0.10128348214285714,0,220,4306,8682,0.0,0.6410218546958063
flickr,cram_c3_stage1,222,5873098388,0.6969040036201477,0.49094587564468384,0.4144824743270874,0.1981600672006607,0.20595812797546387,0.8722991943359375,0.7070856094360352,0.49764272570610046,-1.779027661541477e-05,1.7746358935255557e-05,-3.5536635550670326e-05,0.3619232177734375,0.669166426305163,3467,0.7556313532133329,0.9555024127770423,0.7559377005979931,0.46669722576530615,0.00023915816326530612,0,0,8113,2931,0.0,0.9959225280326198
flickr,cram_c3_stage1,223,5906878321,0.7803412675857544,0.6527179479598999,0.6142363548278809,0.5172959566116333,0.1276233196258545,0.725250244140625,0.7821435928344727,0.6650792360305786,4.973185423295945e-05,-7.945435208966956e-05,0.0001291861990466714,0.641998291015625,0.3987659082144234,5186,0.5285007024821035,0.5188335358444714,0.9065817409766455,0.6068837691326531,0.24846540178571427,0,5,2585,6835,0.0,0.35420013473596934
flickr,cram_c3_stage2,192,4303617148,0.7707778215408325,0.6027824282646179,,0.4006381034851074,0.1679953932762146,0.8300628662109375,0.7393393516540527,0.5709142684936523,2.3467689970857464e-05,-5.5253149184864014e-06,2.8993004889343865e-05,0.6889495849609375,0.77822257806245,3747,0.8352846118329925,0.857396750169262,0.9098828854720505,0.5887276785714286,0.04954559948979592,0,217,2231,1911,0.0,0.45717703349282296
flickr,cram_c3_stage2,193,4351373013,0.7226399779319763,0.6828390955924988,0.6503770351409912,0.5124720335006714,0.03980088233947754,0.6357421875,0.6980024576187134,0.6905092597007751,2.7888268959941342e-05,-4.3547068344196305e-05,7.143533730413765e-05,0.9098968505859375,0.9283342073064149,5721,0.602567892891836,0.7109800664451827,0.7900215958801705,0.5998883928571429,0.16794882015306123,336,2571,3012,1629,0.09328151027207107,0.21763527054108217
flickr,cram_c3_stage2,194,4407899725,0.6628744006156921,0.5490190386772156,,0.28765541315078735,0.11385536193847656,0.6883087158203125,0.6678861379623413,0.5410127639770508,4.9973845307249576e-05,3.651474617072381e-05,1.3459099136525765e-05,0.613739013671875,0.15186915887850466,4280,0.6670438380964697,0.9125608137992038,0.6713630299677871,0.4506138392857143,0.003966039540816327,25,4,2292,3691,0.0026936752505117983,0.9498198661863099
flickr,cram_c3_stage2,195,4479260803,0.7267974019050598,0.6720349788665771,0.4803621768951416,0.425842821598053,0.054762423038482666,0.645294189453125,0.7433648705482483,0.6922193169593811,9.908093488775194e-05,6.311868492048234e-05,3.59622499672696e-05,0.664886474609375,0.6747234739860712,4882,0.5713881602633338,0.5462434851017799,0.7447543071663203,0.4053332270408163,0.09020248724489796,460,778,1063,2478,0.08494921514312095,0.39800835207195634
flickr,cram_c3_stage2,196,4543136011,0.7306044697761536,0.661529541015625,0.6143736839294434,0.3817445933818817,0.06907492876052856,0.6374359130859375,0.7315076589584351,0.6542260050773621,7.94675579527393e-05,7.688462937949225e-05,2.5829285732470453e-06,0.5300445556640625,0.2334622823984526,5170,0.580324679836039,0.5541329441422317,0.7783506755707408,0.4506337691326531,0.10947464923469388,0,0,4864,3679,0.0,0.40111208024422157
flickr,cram_c3_stage2,197,4576746825,0.7952467203140259,0.7418539524078369,0.49650949239730835,0.4421865940093994,0.053392767906188965,0.667755126953125,0.8068548440933228,0.7699872255325317,0.00015983049524948,9.415139356860891e-05,6.56791016808711e-05,0.728546142578125,0.5672616456247279,4594,0.4690100233420294,0.4720563847429519,0.8788658467555189,0.360530931122449,0.16922433035714285,0,0,1458,12503,0.0,0.595551109840907
flickr,cram_c3_stage2,198,4646464908,0.6038340926170349,0.6764612793922424,,0.4606877565383911,-0.07262718677520752,0.4263671875,0.6102942228317261,0.6703205108642578,1.0650221156538464e-05,5.095171582070179e-05,-4.0301492845173925e-05,0.32666015625,0.4317498496692724,3326,0.5467732335685741,0.6838735749532074,0.5676229146438344,0.4685108418367347,0.021524234693877552,1205,993,8662,140,0.07153882688197578,0.6167400881057269
flickr,cram_c3_stage2,199,4657718822,0.7958987355232239,0.5991571545600891,0.5427514314651489,0.42089253664016724,0.19674158096313477,0.863037109375,0.7966247797012329,0.6075555086135864,3.881754673784599e-05,2.6550016627879813e-05,1.2267530109966174e-05,0.50531005859375,0.6221341636003397,3533,0.8410742979569975,0.8370711647565016,0.938925429230375,0.5234175701530612,0.05428890306122449,33,0,1724,3924,0.07746478873239436,0.5902527075812274
flickr,cram_c3_stage2,200,4717096777,0.6901484727859497,0.8040449619293213,0.7310208678245544,0.7420611381530762,-0.11389648914337158,0.381500244140625,0.6589447259902954,0.8035464286804199,2.266674164275173e-05,-2.2369778889697045e-05,4.503651871345937e-05,0.6487274169921875,0.699136690647482,6950,0.4390761171889486,0.49895959542748775,0.6809309849029476,0.7566565688775511,0.3054049744897959,4466,390,2095,2130,0.3894654225167873,0.12482419127988749
flickr,cram_c3_stage2,201,4755507106,0.7504845857620239,0.7201070785522461,0.6109795570373535,0.40419211983680725,0.030377507209777832,0.6060791015625,0.757046103477478,0.7378840446472168,1.8629743863129988e-06,-2.3313843485084362e-05,2.517681787139736e-05,0.8275222778320312,0.7324064171122995,4675,0.6219849406559748,0.7285728523021726,0.7901107808700352,0.3999521683673469,0.0996890943877551,0,8,3952,2234,0.0,0.30907581627006087
flickr,cram_c3_stage2,202,4758950312,0.7965322732925415,0.6199578642845154,0.5016907453536987,0.40683513879776,0.17657440900802612,0.8419342041015625,0.8036105632781982,0.6350106000900269,-4.8533194785704836e-05,-2.663435043359641e-05,-2.1898844352108426e-05,0.3077392578125,0.47641509433962265,4240,0.7558704328187359,0.6642379424718612,0.9512907370634271,0.3665298150510204,0.06616709183673469,198,0,422,8490,0.19740777666999004,0.7188823031329382
flickr,cram_c3_stage2,203,4767923306,0.7768868207931519,0.6707355380058289,,0.4209977388381958,0.106151282787323,0.773040771484375,0.7549703121185303,0.651424765586853,5.684704228769988e-05,2.7143587431055494e-05,2.9703454856644385e-05,0.6349029541015625,0.6467203682393556,5214,0.7260405851816895,0.6287928328537797,0.916176365498678,0.6095344387755102,0.10955436862244898,0,75,2149,1683,0.0,0.23687543983110484
flickr,cram_c3_stage2,204,4876943924,0.8837119340896606,0.8022831082344055,0.6463800668716431,0.5835906863212585,0.08142882585525513,0.6596527099609375,0.8393389582633972,0.7793086171150208,0.00010717342956922948,5.671350663760677e-05,5.0459922931622714e-05,0.8354949951171875,0.7914234396048496,8908,0.2078626761765007,0.20318911165226675,0.9952614379084967,0.5974370216836735,0.4620336415816326,599,219,19,8618,0.9388714733542319,0.2728769552276613
flickr,cram_c3_stage2,205,4938432980,0.8430105447769165,0.6721646785736084,0.47738999128341675,0.42335739731788635,0.1708458662033081,0.9212646484375,0.8456752300262451,0.6779786944389343,-1.8354621715843678e-05,-6.271189704420976e-06,-1.2083432011422701e-05,0.42456817626953125,0.6915058771346196,4509,0.7223118481278608,0.7047551065231715,0.999766318741237,0.5444435586734694,0.14742107780612246,0,0,9,7393,0.0,0.49986477349560515
flickr,cram_c3_stage2,206,4957886467,0.7820782661437988,0.710843563079834,,0.4260178208351135,0.07123470306396484,0.6559906005859375,0.7804136276245117,0.7000072002410889,-5.447862349683419e-06,2.0319981558714062e-05,-2.576784390839748e-05,0.30278778076171875,0.28928306092124817,5384,0.6720321529263562,0.6494492753623189,0.895690643072249,0.5156847895408163,0.12444196428571429,61,50,2331,2065,0.04670750382848392,0.2500302700084756
flickr,cram_c3_stage2,207,4965189170,0.8547574877738953,0.7371305227279663,0.5405349731445312,0.4970513582229614,0.11762696504592896,0.797607421875,0.8716577291488647,0.7541450262069702,-3.098717570537701e-05,-1.6477188182761893e-05,-1.450998752261512e-05,0.40972900390625,0.30417818240936434,6151,0.5812022069499564,0.5598821379284622,0.9821060551539141,0.5343391262755102,0.2101203762755102,123,41,7,7888,0.2956730769230769,0.42892876563349647
flickr,cram_c3_stage2,208,5006362787,0.6717494130134583,,,0.2820433974266052,,,0.6764891147613525,,5.200541636440903e-05,,,,,0,0.6546833684997729,1.0,0.6546833684997729,0.4885204081632653,0.0,71,0,7771,500,0.01159751715125776,1.0
flickr,cram_c3_stage2,209,5130986168,0.7764633893966675,0.6922027468681335,0.5971037745475769,0.45953723788261414,0.08426064252853394,0.7285614013671875,0.7631571888923645,0.681630551815033,2.1926616682321765e-05,1.458821861888282e-05,7.3383980634389445e-06,0.58331298828125,0.7748336640597642,8567,0.6693057467932458,0.6622270820636001,0.9667399382425289,0.5559032206632653,0.16922433035714285,2,641,487,3021,0.007575757575757576,0.277895317818048
flickr,cram_c3_stage2,210,5179649119,0.700376033782959,0.6959805488586426,0.6572747230529785,0.5209625959396362,0.004395484924316406,0.4919891357421875,0.6905850172042847,0.6894165873527527,3.448369534453377e-05,2.582457454991527e-05,8.659120794618502e-06,0.6480255126953125,0.8094493659892305,5757,0.504086873578399,0.6007309992655031,0.7329777019097408,0.5698142538265306,0.21205357142857142,256,1482,3305,2077,0.061361457334611694,0.18486871384067646
flickr,cram_c3_stage2,211,5194793239,0.8435514569282532,0.6631536483764648,0.5399825572967529,0.5107982754707336,0.18039780855178833,0.9098358154296875,0.8422361612319946,0.6557419300079346,-3.197578917024657e-05,-1.4161676517687738e-05,-1.7814112652558833e-05,0.391571044921875,0.8518114955053119,3671,0.5035327624924689,0.4789358524641406,0.9855279614078971,0.5738400829081632,0.26694036989795916,0,346,286,8032,0.0,0.3810246679316888
flickr,cram_c3_stage2,212,5220919991,0.7533351182937622,0.7479540109634399,0.5876442790031433,0.4846489727497101,0.005381107330322266,0.582000732421875,0.7445712089538574,0.7168431282043457,-1.8226752217742614e-05,2.6741436158772558e-05,-4.4968190195504576e-05,0.08331298828125,0.06979888456988338,5917,0.6903093247769427,0.7799402149716975,0.8188434829059829,0.6267139668367347,0.11114875637755102,52,0,2259,1781,0.010717230008244023,0.2420494699646643
flickr,cram_c3_stage2,213,5237296528,0.8114863038063049,0.8785502910614014,0.6142106652259827,0.6222488284111023,-0.06706398725509644,0.3554229736328125,0.7871068716049194,0.8779536485671997,3.425714385230094e-05,-2.401112396910321e-05,5.8268269640393555e-05,0.9146270751953125,0.9619893866469209,8103,0.6415569730712978,0.6890229414715278,0.8988204907447267,0.7549226721938775,0.23206313775510204,7591,12,0,4823,0.7099700710811822,0.2931024004861744
flickr,cram_c3_stage2,214,5303633386,0.8499021530151367,0.6916178464889526,0.5359426140785217,0.5056602954864502,0.15828430652618408,0.876678466796875,0.8526915311813354,0.6978525519371033,-8.113383955787867e-06,-3.8107500586193055e-06,-4.302633897168562e-06,0.4720611572265625,0.4672586015538291,4505,0.669944367669466,0.631943980212581,0.9938235912531539,0.5962611607142857,0.18329480229591838,0,0,223,7037,0.0,0.43347295798940494
flickr,cram_c3_stage2,215,5344317532,0.8078898787498474,0.6463544368743896,0.38752320408821106,0.43373599648475647,0.16153544187545776,0.864837646484375,0.8082714080810547,0.6423304080963135,-4.793748666997999e-05,-1.925197102536913e-05,-2.868551564461086e-05,0.26318359375,0.35944700460829493,4774,0.6974420629327143,0.6653351789598576,0.9729901677270099,0.5039261798469388,0.1361407844387755,0,105,461,5040,0.0,0.42835288118306986
flickr,cram_c3_stage2,216,5480070309,0.8684015274047852,0.7135146856307983,0.5951064825057983,0.5561809539794922,0.15488684177398682,0.8890533447265625,0.8839858174324036,0.7426292896270752,9.044600301422179e-05,8.375789548153989e-06,8.20702116470784e-05,0.83477783203125,0.6957872257814016,5151,0.5095050185843172,0.49935808967487244,1.0,0.6209542410714286,0.2985092474489796,0,625,0,7348,0.0,0.3386019077461868
flickr,cram_c3_stage2,217,5490101320,0.7078585624694824,0.6406269073486328,,0.4223078787326813,0.06723165512084961,0.632537841796875,0.7109636664390564,0.6487538814544678,-9.028002750710584e-06,-2.3102797058527358e-05,1.4074794307816774e-05,0.6400680541992188,0.5032130499258527,6069,0.735702005730659,0.8621728451914958,0.8105821442101275,0.5193319515306123,0.05622209821428571,2471,819,2627,1028,0.4108746258729631,0.33927392739273926
flickr,cram_c3_stage2,218,5601291878,0.844520092010498,0.7151775360107422,0.5275989770889282,0.5423606038093567,0.12934255599975586,0.8278045654296875,0.8429242968559265,0.728845477104187,-1.1494699720060453e-05,-2.912304444180336e-05,1.7628344721742906e-05,0.5913238525390625,0.5942857142857143,5425,0.6500679532481652,0.5353050017906171,0.9902558864934993,0.6678093112244898,0.18891501913265307,513,1888,38,3750,0.6380597014925373,0.33065867207477295
flickr,cram_c3_stage2,219,5607310495,0.6848630905151367,0.5191782116889954,,0.33116060495376587,0.16568487882614136,0.84228515625,0.6938658356666565,0.5251003503799438,-2.4801276595098898e-05,1.9369215806364082e-05,-4.4170490582473576e-05,0.3751068115234375,0.5572590011614402,4305,0.7139755011135858,0.8640447419253403,0.7153828987986759,0.4436583227040816,0.0010562818877551021,127,0,5974,1743,0.027341227125941874,0.970489977728285
flickr,cram_c3_stage2,220,5697766486,0.6543995141983032,0.6560428142547607,0.4794146418571472,0.420494019985199,-0.0016433000564575195,0.52777099609375,0.6415879130363464,0.6530405879020691,7.814531272742897e-06,-1.8999604435521178e-05,2.6814135708264075e-05,0.5902099609375,0.6354463698179426,4559,0.5009127026736819,0.645764119601329,0.6756365321669612,0.3599330357142857,0.11999760841836735,0,0,3502,12048,0.0,0.666777353478333
flickr,cram_c3_stage2,221,5801923729,0.8075021505355835,0.6318227648735046,0.61236572265625,0.4534374475479126,0.17567938566207886,0.8047027587890625,0.7907138466835022,0.6131957769393921,8.312192221637815e-06,3.8133202906465158e-06,4.4988719309912995e-06,0.45629119873046875,0.2187109667749188,4003,0.663384703196347,0.7090673377564249,0.8974903474903475,0.5226801658163265,0.14572704081632654,0,130,2116,6362,0.0,0.4697282929710573
flickr,cram_c3_stage2,222,5873098388,0.7740854024887085,0.5651392936706543,0.45943301916122437,0.31384995579719543,0.2089461088180542,0.91259765625,0.7703018188476562,0.5641703605651855,-5.354741006158292e-08,-8.88417343958281e-06,8.830626029521227e-06,0.69525146484375,0.7116618075801749,3430,0.8744165888785171,0.9268525389589738,0.8861448021892632,0.5639947385204082,0.007912149234693877,0,0,3616,2546,0.0,0.8651036357458376
flickr,cram_c3_stage2,223,5906878321,0.8373483419418335,0.7118823528289795,0.6439419984817505,0.5760475993156433,0.125465989112854,0.749359130859375,0.850101113319397,0.7359725832939148,2.3004153263173066e-05,-2.0667874196078628e-05,4.36720292782411e-05,0.8177947998046875,0.7583257506824386,5495,0.5104077384596547,0.48204683434518647,0.9567911860905491,0.6893734056122449,0.30375079719387754,0,6,1220,4062,0.0,0.21049904130175676
flickr,original_1.3g_final,224,5991393107,0.7539629340171814,0.8056385517120361,0.7298663854598999,0.5893378257751465,-0.051675617694854736,0.432830810546875,0.7608394622802734,0.8042562007904053,-2.0588522602338344e-06,1.7428361388738267e-05,-1.94872136489721e-05,0.368682861328125,0.3736865472842978,6757,0.635386059667646,0.7209157559828469,0.8195857643858021,0.7203643176020408,0.18369339923469388,0,0,0,0,0.0,0.0
flickr,original_1.3g_final,225,6067281197,0.7624870538711548,0.753506064414978,0.6101675033569336,0.5001360774040222,0.008980989456176758,0.591827392578125,0.7774575352668762,0.7675123810768127,1.994655394810252e-05,1.991608223761432e-05,3.047171048820019e-08,0.500518798828125,0.2993993044577932,6326,0.6460954462449854,0.6850112811756814,0.8327433792323802,0.6536591198979592,0.1553332270408163,0,0,0,0,0.0,0.0
flickr,original_1.3g_final,226,6098668510,0.7442345023155212,0.7322801947593689,0.6627378463745117,0.5390610694885254,0.011954307556152344,0.5898666381835938,0.7160924077033997,0.7171494364738464,5.415582563728094e-06,-1.0744754035840742e-05,1.6160336599568836e-05,0.618865966796875,0.708575906851769,8932,0.7214334798449311,0.7769275880365272,0.8440965427266797,0.7136678890306123,0.11168686224489796,0,0,0,0,0.0,0.0
flickr,original_1.3g_final,227,6158154336,0.8573645353317261,0.6858912110328674,,0.41416239738464355,0.17147332429885864,0.9224090576171875,0.8473758101463318,0.6780660152435303,2.105391104123555e-06,3.822766302619129e-06,-1.7173751984955743e-06,0.46068572998046875,0.3527777777777778,2880,0.9129059688800704,0.8794624892210405,0.9862362402694731,0.693359375,0.04966517857142857,0,0,0,0,0.0,0.0
flickr,original_1.3g_final,228,6185482260,0.8457891941070557,0.77843177318573,,0.5352686047554016,0.06735742092132568,0.7222137451171875,0.8316977620124817,0.7726550102233887,2.186499841627665e-06,-8.89136572368443e-06,1.1077865565312095e-05,0.623870849609375,0.7484968470450213,6819,0.844223693892568,0.841458048112654,0.9607536636427076,0.8152104591836735,0.0985530931122449,0,0,0,0,0.0,0.0
flickr,original_1.3g_final,229,6289328021,0.8717986345291138,0.8135941624641418,0.7446139454841614,0.5694902539253235,0.058204472064971924,0.720794677734375,0.8535069823265076,0.8388640880584717,6.058260623831302e-05,1.9627441361080855e-07,6.038633000571281e-05,0.80291748046875,0.7987693331115916,6013,0.5227598737687673,0.48431824222556924,0.9790746268656716,0.6748445471938775,0.29139429209183676,0,0,0,0,0.0,0.0
flickr,original_1.3g_final,230,6458319057,0.7694368362426758,0.7673786878585815,0.7665133476257324,0.6420012712478638,0.0020581483840942383,0.5642852783203125,0.7893614172935486,0.7704993486404419,-5.0004557124339044e-05,-1.6132362361531705e-05,-3.387219476280734e-05,0.2452392578125,0.12694424503469728,8358,0.5364019782592323,0.5362538901716695,0.9306372228755608,0.7940848214285714,0.33629623724489793,0,0,0,0,0.0,0.0
flickr,original_1.3g_final,231,6669466181,0.7277606129646301,0.800183117389679,,0.4550819993019104,-0.07242250442504883,0.35810089111328125,0.7216846942901611,0.8244853019714355,3.1789386412128806e-05,-3.6699711927212775e-06,3.5459357604850084e-05,0.8781967163085938,0.9978991596638656,4760,0.627142427583442,0.7353966699314398,0.7710096114351433,0.5087093431122449,0.11130819515306123,0,0,0,0,0.0,0.0
flickr,original_1.3g_final,232,6755812421,0.8376014232635498,0.6767817735671997,,0.3773518204689026,0.1608196496963501,0.919952392578125,0.8504542112350464,0.6967877149581909,4.918363265460357e-05,9.156363375950605e-06,4.0027269278652966e-05,0.83843994140625,0.24875621890547264,3819,0.8374083793321871,0.8150894870349493,0.990707633015737,0.5656887755102041,0.08520009566326531,0,0,0,0,0.0,0.0
flickr,original_1.3g_final,233,6897499873,0.8230649828910828,0.7697719931602478,0.6766987442970276,0.525851309299469,0.05329298973083496,0.664215087890625,0.8413712978363037,0.7822959423065186,1.5742694813525304e-05,1.663792136241682e-05,-8.952265488915145e-07,0.49261474609375,0.3944685011873167,7159,0.5280699831981883,0.4692013111349106,0.9578309261958394,0.6140983737244898,0.24481823979591838,0,0,0,0,0.0,0.0
flickr,original_1.3g_final,234,7178293884,0.7058316469192505,0.6530736684799194,,0.46531012654304504,0.052757978439331055,0.6824798583984375,0.714860737323761,0.6825374364852905,7.90893864177633e-06,-1.3614002455142327e-05,2.1522941096918657e-05,0.905242919921875,0.8530625722304771,6057,0.7323633818309084,0.8904559270516718,0.7648487063676475,0.6556919642857143,0.033860809948979595,0,0,0,0,0.0,0.0
flickr,original_1.3g_final,235,7387939334,0.8155020475387573,0.7815958857536316,0.6466012597084045,0.5541286468505859,0.03390616178512573,0.6586380004882812,0.8226656317710876,0.7994447946548462,3.3932330552488565e-05,1.2451104339561425e-05,2.148122621292714e-05,0.6916732788085938,0.5978539549900295,10531,0.6318710004624174,0.6036939915631057,0.9713145765976474,0.69921875,0.2334582270408163,0,0,0,0,0.0,0.0
flickr,original_1.3g_final,236,7560517176,0.8187119364738464,0.8045481443405151,0.5777173638343811,0.5159981846809387,0.014163792133331299,0.55999755859375,0.8212692737579346,0.8300851583480835,4.907554102828726e-05,-8.305723895318806e-07,4.990611341781914e-05,0.7953948974609375,0.8509394052507154,8037,0.6217388226131898,0.516467197929838,0.9670998293045537,0.6777543048469388,0.20105229591836735,0,0,0,0,0.0,0.0
flickr,original_1.3g_final,237,7623513024,0.9451156854629517,0.7938694953918457,0.6222057342529297,0.5058466196060181,0.15124619007110596,0.9761505126953125,0.949699878692627,0.8028233051300049,7.345901394728571e-05,4.038204497192055e-05,3.307696897536516e-05,0.9244384765625,0.5619132767098793,2237,0.38753123825110025,0.3692784287279777,1.0,0.47285554846938777,0.27596859056122447,0,0,0,0,0.0,0.0
flickr,original_1.3g_final,238,7733838448,0.817875862121582,0.8985300064086914,0.7224277257919312,0.6512675285339355,-0.08065414428710938,0.31813812255859375,0.8030080795288086,0.8946667909622192,4.085813998244703e-07,-1.811929359973874e-05,1.852787499956321e-05,0.786956787109375,0.7967216537899353,9578,0.6564827876358057,0.6666457239074163,0.9055267290230081,0.7930285395408163,0.22148038903061223,0,0,0,0,0.0,0.0
flickr,original_1.3g_final,239,7740990330,0.7855576276779175,0.6704244017601013,0.637828528881073,0.5121386647224426,0.11513322591781616,0.766815185546875,0.7866698503494263,0.6745824217796326,4.3370691855670884e-06,-1.6718695405870676e-07,4.504256139625795e-06,0.5802688598632812,0.481375,4000,0.6935671961674231,0.6779475646199822,0.8211926708213606,0.6469029017857143,0.09827407525510204,0,0,0,0,0.0,0.0
flickr,original_1.3g_final,240,7897462346,0.813075065612793,0.7872130870819092,,0.34333691000938416,0.02586197853088379,0.5679473876953125,0.8151378035545349,0.7838334441184998,7.166618161136284e-05,6.96326169418171e-05,2.03356466954574e-06,0.4994354248046875,0.2985503282275711,7312,0.8840427514016159,0.8479221496572116,0.9496715733546826,0.6133808992346939,0.04065688775510204,0,0,0,0,0.0,0.0
flickr,original_1.3g_final,241,8250285374,0.8813154697418213,0.7045443654060364,0.5353884100914001,0.4451960623264313,0.1767711043357849,0.9596405029296875,0.8858270049095154,0.7749025225639343,8.680456085130572e-05,-5.2976807637605816e-05,0.00013978136121295393,0.9981231689453125,0.989364934670313,3291,0.8516992790937178,0.8309887459807074,1.0,0.5950255102040817,0.08609693877551021,0,0,0,0,0.0,0.0
flickr,original_1.3g_final,242,8294094053,0.7931506633758545,0.622772216796875,0.59991455078125,0.42627790570259094,0.1703784465789795,0.9458160400390625,0.8066931962966919,0.6176133155822754,8.382703526876867e-07,1.5932464521029033e-05,-1.5094194168341346e-05,0.32654571533203125,0.08576642335766424,2740,0.8673773344936073,0.829296,0.9695648920647986,0.6228077168367347,0.06275908801020408,0,0,0,0,0.0,0.0
flickr,original_1.3g_final,243,8311669586,0.7713299989700317,0.8903544545173645,0.8365086317062378,0.6358540654182434,-0.11902445554733276,0.200042724609375,0.8010967373847961,0.9020233750343323,-1.0384364941273816e-05,3.110810212092474e-05,-4.1492465243209153e-05,0.1887054443359375,0.1756311745334797,7288,0.5221357957932976,0.5120750611911885,0.9407679432411502,0.7328204719387755,0.3198142538265306,0,0,0,0,0.0,0.0
flickr,original_1.3g_final,244,8396975855,0.848508358001709,0.7749947309494019,0.742591917514801,0.6099601984024048,0.07351362705230713,0.7434234619140625,0.8456868529319763,0.7682344913482666,-1.977537976927124e-06,2.427968865958974e-07,-2.2203348635230213e-06,0.5029525756835938,0.43733333333333335,7500,0.43516493005584017,0.4068159190592794,0.9964737674663855,0.7406529017857143,0.39002710459183676,0,0,0,0,0.0,0.0
flickr,original_1.3g_final,245,9060997789,0.811066746711731,0.779022753238678,,0.5503129363059998,0.03204399347305298,0.6815032958984375,0.8134844899177551,0.7757841348648071,6.905489499331452e-06,1.5553894627373666e-05,-8.648405128042214e-06,0.45947265625,0.29008420690840353,5819,0.7066328862653938,0.7532924961715161,0.876756056064166,0.7157804528061225,0.14805883290816327,0,0,0,0,0.0,0.0
flickr,original_1.3g_final,246,9309351423,0.8649154305458069,0.8020065426826477,0.6914337873458862,0.5777760744094849,0.06290888786315918,0.733978271484375,0.8558889031410217,0.7962034344673157,-3.392642975086346e-05,-3.3018302929122e-05,-9.081268217414618e-07,0.5088577270507812,0.6261098779134295,7208,0.5056439118474721,0.4782010645296334,0.9785229150094842,0.6664939413265306,0.3046077806122449,0,0,0,0,0.0,0.0
flickr,original_1.3g_final,247,9456627660,0.8467617630958557,0.7097647190093994,,0.434918612241745,0.1369970440864563,0.8746795654296875,0.8444900512695312,0.7072734236717224,1.4645964256487787e-05,6.967135050217621e-06,7.678829206270166e-06,0.6977386474609375,0.3851944792973651,4782,0.7045719250892015,0.6685671180969757,0.9982189161580974,0.5680404974489796,0.15856186224489796,0,0,0,0,0.0,0.0
flickr,original_1.3g_final,248,9636000842,0.7665430307388306,0.8297698497772217,0.8561818599700928,0.6203805208206177,-0.06322681903839111,0.38349151611328125,0.7640663385391235,0.8327916860580444,3.117347660008818e-06,-9.762939953361638e-06,1.2880287613370456e-05,0.71514892578125,0.6835730507191522,7926,0.7553637073945512,0.7440886264415676,0.8976634447065986,0.7897600446428571,0.12332589285714286,0,0,0,0,0.0,0.0
flickr,original_1.3g_final,249,9761803312,0.8406928181648254,0.776958703994751,0.6723793745040894,0.529020369052887,0.06373411417007446,0.76739501953125,0.8175855875015259,0.7569087743759155,-5.604395119007677e-05,-3.889462095685303e-05,-1.7149330233223736e-05,0.34637451171875,0.5760376700383676,5734,0.6226318973477251,0.5725034399976578,0.9507487359004279,0.6807437818877551,0.21601961096938777,0,0,0,0,0.0,0.0
flickr,cram_c3_stage1,224,5991393107,0.6118614077568054,0.5096187591552734,0.36973264813423157,0.2831214368343353,0.10224264860153198,0.6671600341796875,0.5994261503219604,0.4946301579475403,4.4552954932441935e-05,8.728131797397509e-05,-4.272836304153316e-05,0.4320526123046875,0.5047998126902364,4271,0.5375242857358014,0.9154098697034985,0.5612782486986334,0.3885124362244898,0.02800143494897959,0,0,8839,7812,0.0,0.8475642833893892
flickr,cram_c3_stage1,225,6067281197,0.7564167976379395,0.5550144910812378,0.4091075360774994,0.31691449880599976,0.20140230655670166,0.8368072509765625,0.7734265327453613,0.5780607461929321,0.00015467431512661278,-4.642405838239938e-05,0.00020109837350901216,0.6776275634765625,0.5009270704573547,3236,0.7915374665556284,0.89695606778572,0.8278878407679905,0.49629304846938777,0.024693080357142856,1482,0,2823,6555,0.2885514018691589,0.8410315627405697
flickr,cram_c3_stage1,226,6098668510,0.7042979001998901,0.6637905836105347,0.4569358229637146,0.43150341510772705,0.04050731658935547,0.6333465576171875,0.7048419713973999,0.6831982135772705,0.0001572722103446722,-6.865623436169699e-05,0.00022592843743041158,0.67596435546875,0.6687074829931973,5880,0.6690226937399002,0.8389307865802086,0.7222652042658414,0.5655293367346939,0.05227598852040816,49,157,4501,3138,0.008120649651972157,0.5599571734475375
flickr,cram_c3_stage1,227,6158154336,0.7319263219833374,0.4760408401489258,,0.2305395007133484,0.2558854818344116,0.8829498291015625,0.7289589643478394,0.46353933215141296,0.00012858904665336013,-2.173950633732602e-05,0.00015032856026664376,0.7447357177734375,0.14711246200607903,3290,0.7769916353731848,0.9649333493455026,0.7769916353731848,0.497867506377551,0.0,0,0,7317,2492,0.0,1.0
flickr,cram_c3_stage1,228,6185482260,0.6922973990440369,0.48987632989883423,,0.27184921503067017,0.20242106914520264,0.78118896484375,0.6737932562828064,0.4802249073982239,-4.193283530184999e-05,7.337248098338023e-05,-0.00011530531628523022,0.38527679443359375,0.6402693170888105,3119,0.6777392166584035,0.9632036326626477,0.6868387997208654,0.5091278698979592,0.00958625637755102,0,0,10894,4464,0.0,0.9027300303336704
flickr,cram_c3_stage1,229,6289328021,0.7400009036064148,0.7334959506988525,0.5217004418373108,0.3908179998397827,0.006504952907562256,0.575897216796875,0.7262381315231323,0.7191426753997803,0.0001861201017163694,0.00018704711692407727,-9.270152077078819e-07,0.5166015625,0.5499050432580713,4739,0.5760551248923342,0.6201492883304743,0.7985671641791044,0.429866868622449,0.12894610969387754,0,0,4141,8151,0.0,0.5574858080842624
flickr,cram_c3_stage1,230,6458319057,0.7606463432312012,0.6549124717712402,0.5594359040260315,0.47717705368995667,0.10573387145996094,0.69793701171875,0.7553014755249023,0.6708095073699951,0.00013592893083114177,-6.15220342297107e-05,0.00019745096506085247,0.7486038208007812,0.6234074919186157,5259,0.680178559748839,0.6977723353574664,0.9058974694019775,0.5940489477040817,0.15184550382653061,234,104,1016,9359,0.12174817898022892,0.554640274979258
flickr,cram_c3_stage1,231,6669466181,0.6722208261489868,0.7348898649215698,,0.36089956760406494,-0.06266903877258301,0.4366912841796875,0.6635743379592896,0.7471019625663757,-9.771356417331845e-06,-0.0001526590931462124,0.00014288772945292294,0.7938385009765625,0.7875116495806151,5365,0.5676714051203241,0.7714909574215598,0.6675839973712314,0.4198620854591837,0.08539939413265306,938,959,4096,2259,0.14283538906654483,0.4044762757385855
flickr,cram_c3_stage1,232,6755812421,0.7169700860977173,0.5861331224441528,,0.28476154804229736,0.13083696365356445,0.775848388671875,0.7235217094421387,0.5949074625968933,6.428985216189176e-05,-9.349168976768851e-06,7.363902113866061e-05,0.6578216552734375,0.40501986276634167,5538,0.7647969752428454,0.9096737154339297,0.8142168932662456,0.4165736607142857,0.030074139030612245,0,223,4716,2989,0.0,0.6991812865497076
flickr,cram_c3_stage1,233,6897499873,0.755373477935791,0.6267027258872986,0.4726315438747406,0.3671928346157074,0.12867075204849243,0.7642822265625,0.7333338260650635,0.6003226041793823,0.0003700529341585934,0.00018465638277120888,0.00018539655138738453,0.6815185546875,0.5834627329192547,5152,0.6878297205536693,0.6372677119628339,0.8724327547369816,0.41183035714285715,0.0807358099489796,255,9,2171,8242,0.20031421838177532,0.6709540866167372
flickr,cram_c3_stage1,234,7178293884,0.6652969717979431,0.7890176773071289,,0.6458960175514221,-0.12372070550918579,0.3472442626953125,0.6663068532943726,0.7811098098754883,-2.6104644348379225e-06,9.113939449889585e-05,-9.374985529575497e-05,0.2044525146484375,0.23904170363797694,5635,0.5832786440064269,0.7682414307004471,0.6729107380622927,0.6686463647959183,0.11730707908163265,607,4421,4144,234,0.06496842555924222,0.13772807533843437
flickr,cram_c3_stage1,235,7387939334,0.7306381464004517,0.7373912334442139,0.6682826280593872,0.5603339672088623,-0.006753087043762207,0.48712158203125,0.7410717606544495,0.7511979341506958,3.9239203033503145e-05,1.2561278708744794e-05,2.667792432475835e-05,0.533599853515625,0.5904572564612326,5030,0.5474333834952194,0.5860509015166309,0.8258008300658091,0.6123644770408163,0.22098214285714285,5,1370,3737,1996,0.004748338081671415,0.1703943998634113
flickr,cram_c3_stage1,236,7560517176,0.7444372773170471,0.6956899166107178,0.5373832583427429,0.3905775845050812,0.048747360706329346,0.5546722412109375,0.739159107208252,0.711449146270752,0.0001601141702849418,-4.317746788728982e-05,0.00020329163817223161,0.7131195068359375,0.6626646010844307,5164,0.5933301150535039,0.5616313164007464,0.8121248829910247,0.5233777104591837,0.13347018494897958,0,104,4355,3495,0.0,0.34645122918318794
flickr,cram_c3_stage1,237,7623513024,0.8107093572616577,0.6265848875045776,0.5834906101226807,0.3396010994911194,0.18412446975708008,0.815093994140625,0.8201907873153687,0.6315314173698425,0.0001886177051346749,0.00012874844833277166,5.986925680190325e-05,0.5679779052734375,0.14719699342311307,3193,0.5226032098846142,0.5307396096135971,0.9124008446042344,0.30018335459183676,0.13024154974489796,0,1,1352,7313,0.0,0.5281288365710984
flickr,cram_c3_stage1,238,7733838448,0.7998331785202026,0.7944347262382507,0.6553130149841309,0.5542100071907043,0.005398452281951904,0.614532470703125,0.808844804763794,0.8224449157714844,3.7670833989977837e-06,-0.00014677760191261768,0.00015054468531161547,0.79034423828125,0.6960720130932897,6110,0.6709557398651267,0.6927016645326505,0.8864613914112105,0.7471301020408163,0.18751992984693877,244,6,843,1710,0.0847810979847116,0.153873841446954
flickr,cram_c3_stage1,239,7740990330,0.6562004089355469,0.43768760561943054,0.21311946213245392,0.29998400807380676,0.21851280331611633,0.84552001953125,0.6596647500991821,0.44329628348350525,0.00015266108675859869,-7.919601921457797e-05,0.00023185710597317666,0.7973785400390625,0.4586337109509097,2913,0.6737890144311445,0.888785046728972,0.6742918983468299,0.40517378826530615,0.0003985969387755102,0,0,7218,4911,0.0,0.9959440275806124
flickr,cram_c3_stage1,240,7897462346,0.7357958555221558,0.5720418691635132,,0.26208528876304626,0.16375398635864258,0.745697021484375,0.7295328378677368,0.5544888973236084,0.00011906354484381154,7.82993811299093e-05,4.0764163713902235e-05,0.596405029296875,0.31466798810703667,4036,0.7738693467336684,0.915813087276729,0.7873869611892502,0.4708625637755102,0.009566326530612245,0,0,5591,1560,0.0,0.7647058823529411
flickr,cram_c3_stage1,241,8250285374,0.660692036151886,0.42451831698417664,0.2898422181606293,0.2344832569360733,0.23617371916770935,0.8422698974609375,0.6279786825180054,0.4745079576969147,0.00034561907523311675,-0.000358600722393021,0.0007042197976261377,0.9695281982421875,0.9741646572511196,2903,0.6463218760038548,0.9892446684284925,0.648770656993148,0.3242785395408163,0.0018734056122448979,0,0,9359,4226,0.0,0.9782407407407407
flickr,cram_c3_stage1,242,8294094053,0.644157886505127,0.44983959197998047,0.32804596424102783,0.2500663101673126,0.19431829452514648,0.8063812255859375,0.6571524739265442,0.46237385272979736,1.7485290300101042e-06,-2.377042983425781e-05,2.5518958864267915e-05,0.564727783203125,0.5631159080244017,4262,0.5964682554528788,0.960711057547454,0.5964682554528788,0.3307358099489796,0.0,0,0,11506,3149,0.0,1.0
flickr,cram_c3_stage1,243,8311669586,0.7136073112487793,0.7583698034286499,0.5110475420951843,0.4253638684749603,-0.044762492179870605,0.41845703125,0.6841141581535339,0.7780836820602417,5.715774750569835e-05,-0.00044410506961867213,0.0005012628389522433,0.8441009521484375,0.940256675025815,6779,0.5276278591621691,0.5846559842041312,0.7693172449973769,0.5248724489795918,0.18271683673469388,53,0,3608,6879,0.033438485804416405,0.4286782576182464
flickr,cram_c3_stage1,244,8396975855,0.79352867603302,0.6709979176521301,0.5220267176628113,0.4498235881328583,0.12253075838088989,0.74835205078125,0.7986282110214233,0.6747531890869141,8.798795170150697e-05,4.2689200199674815e-05,4.529875150183216e-05,0.5461578369140625,0.34701797385620914,4896,0.6764380275842982,0.6321450125010777,0.9665502240970208,0.4623325892857143,0.12968351403061223,0,0,902,13063,0.0,0.6675012774655085
flickr,cram_c3_stage1,245,9060997789,0.6337661743164062,0.5527174472808838,,0.3036210834980011,0.08104872703552246,0.68682861328125,0.6569693088531494,0.5757063627243042,3.477233258308843e-05,6.953414413146675e-06,2.7818918169941753e-05,0.5568695068359375,0.4263780518499874,3973,0.65022650319269,0.8979417542061662,0.681455075751438,0.4667171556122449,0.029536033163265307,0,0,6550,5947,0.0,0.8005115089514067
flickr,cram_c3_stage1,246,9309351423,0.7179158926010132,0.5924156308174133,0.48627811670303345,0.339740127325058,0.12550026178359985,0.7061614990234375,0.7416515350341797,0.5914206504821777,-0.000496555701829493,-0.00014173238014336675,-0.00035482330713421106,0.1446990966796875,0.22203512148183788,4157,0.5750416217804328,0.6659200453643322,0.718564523037386,0.35146285076530615,0.08129384566326531,0,0,4602,11205,0.0,0.7331196021983774
flickr,cram_c3_stage1,247,9456627660,0.7207568883895874,0.5109489560127258,,0.29822853207588196,0.20980793237686157,0.844512939453125,0.7193616032600403,0.5182029008865356,0.00010101993393618613,1.0715986718423665e-05,9.030394721776247e-05,0.8473892211914062,0.7803216135186699,3669,0.6660537646921914,0.823700420240631,0.7495481809371644,0.3462013711734694,0.0476921237244898,0,2,5568,5565,0.0,0.69947209653092
flickr,cram_c3_stage1,248,9636000842,0.6670974493026733,0.7353495955467224,0.7689696550369263,0.45921841263771057,-0.06825214624404907,0.4239501953125,0.6564755439758301,0.714874267578125,5.870200402569026e-05,0.00022166907729115337,-0.00016296707326546311,0.360321044921875,0.31204231082180633,4916,0.611805203176214,0.8070883236241271,0.6790623335109217,0.5508011798469388,0.07196667729591837,0,0,9413,2577,0.0,0.4164511958629606
flickr,cram_c3_stage1,249,9761803312,0.7645110487937927,0.594995379447937,0.24927450716495514,0.33471038937568665,0.1695156693458557,0.7828521728515625,0.7782584428787231,0.5740939974784851,-0.00015847489703446627,0.0002781734801828861,-0.0004366483772173524,0.085784912109375,0.07657992565055761,4035,0.7003085518909228,0.7111915650406504,0.8165840140023337,0.47066326530612246,0.06806042729591837,20,368,3137,7792,0.01440922190201729,0.718885506042993
flickr,cram_c3_stage2,224,5991393107,0.6626978516578674,0.5885018110275269,0.44969552755355835,0.379090279340744,0.07419604063034058,0.6426239013671875,0.6532488465309143,0.5743311643600464,5.451242031995207e-06,1.6308616977767088e-05,-1.085737494577188e-05,0.39212799072265625,0.45196461633408763,4861,0.6026055745114548,0.8954172336596287,0.6415934074574992,0.4540218431122449,0.04099569515306122,0,0,6204,7160,0.0,0.7768254312683086
flickr,cram_c3_stage2,225,6067281197,0.7887582778930664,0.6348907947540283,0.4567268192768097,0.4253530204296112,0.15386748313903809,0.8189239501953125,0.795494794845581,0.6488662958145142,2.7289945137454197e-05,-7.80154368840158e-06,3.509148882585578e-05,0.6583099365234375,0.609873708381171,4355,0.7775012772128743,0.8091171022844207,0.8743305102021905,0.5810347576530612,0.06696428571428571,1535,0,745,4434,0.2988707165109034,0.5688991531947653
flickr,cram_c3_stage2,226,6098668510,0.7181322574615479,0.6523067951202393,0.49943169951438904,0.4708934724330902,0.0658254623413086,0.7105712890625,0.7273925542831421,0.6701821088790894,2.4658289476064965e-05,-1.202989551529754e-05,3.668818681035191e-05,0.6746978759765625,0.5597381342062193,6110,0.727776774175618,0.8363621846055573,0.7945053778121635,0.6240035076530612,0.060227997448979595,557,257,2474,2839,0.09231024196221412,0.5066024268379729
flickr,cram_c3_stage2,227,6158154336,0.7602366209030151,0.4878448247909546,,0.28094908595085144,0.27239179611206055,0.9347076416015625,0.757675051689148,0.48172101378440857,3.509898670017719e-05,-7.845730578992516e-06,4.294471727916971e-05,0.7791748046875,0.337400281557954,2131,0.8342063274614405,0.9663206631319543,0.8342063274614405,0.5337611607142857,0.0,0,0,5516,2492,0.0,1.0
flickr,cram_c3_stage2,228,6185482260,0.7418596148490906,0.5377016067504883,,0.3357571065425873,0.2041580080986023,0.8165283203125,0.7255861759185791,0.5228140354156494,-1.379998866468668e-05,2.041715561063029e-05,-3.421714427531697e-05,0.325286865234375,0.5985267034990792,3801,0.7597993531056412,0.9596994772011218,0.7737334263782275,0.5756337691326531,0.01309390943877551,0,0,7733,4288,0.0,0.8671385237613751
flickr,cram_c3_stage2,229,6289328021,0.7604390382766724,0.6894567012786865,0.5173107385635376,0.41841602325439453,0.07098233699798584,0.6563873291015625,0.7570664882659912,0.6956062912940979,6.0997521359240636e-05,2.501148628653027e-05,3.5986035072710365e-05,0.724639892578125,0.7711267605633803,4260,0.636793086463977,0.6617113344500279,0.849044776119403,0.42833227040816324,0.11126833545918367,0,0,3331,9038,0.0,0.6181519731892483
flickr,cram_c3_stage2,230,6458319057,0.7268693447113037,0.626220703125,0.5407161116600037,0.4756408631801605,0.10064864158630371,0.713104248046875,0.751167893409729,0.666110634803772,2.5958735932363197e-05,-2.1574536731350236e-05,4.753327084472403e-05,0.749298095703125,0.5936407524554687,6007,0.6942117679236897,0.7317117117117117,0.8844026307766018,0.5530532525510204,0.12535873724489796,98,37,1608,10621,0.05098855359001041,0.6294298921417566
flickr,cram_c3_stage2,231,6669466181,0.7111252546310425,0.786901593208313,,0.4446184039115906,-0.07577633857727051,0.3876800537109375,0.7102318406105042,0.8013432025909424,3.262288373662159e-06,-2.2298012481769547e-05,2.5560300855431706e-05,0.7833480834960938,0.7804802478698684,6455,0.5850052462560809,0.7045376220562894,0.7557298940277664,0.5204679528061225,0.1416015625,1377,1675,2307,155,0.2096847875742348,0.02775290957923008
flickr,cram_c3_stage2,232,6755812421,0.7725387811660767,0.6106356978416443,,0.32272088527679443,0.16190308332443237,0.8585357666015625,0.7847830653190613,0.6351392269134521,4.231296043144539e-05,-1.1126467143185437e-05,5.343942757463083e-05,0.8519439697265625,0.5905887230514096,4824,0.8343111076461301,0.8851164137132459,0.9165185740284766,0.4819236288265306,0.04585857780612245,0,195,2229,2169,0.0,0.5073684210526316
flickr,cram_c3_stage2,233,6897499873,0.7830068469047546,0.6479439735412598,0.524969220161438,0.4298505187034607,0.13506287336349487,0.7865753173828125,0.7700124979019165,0.630048394203186,9.152935672318563e-05,3.482968531898223e-05,5.66996714042034e-05,0.7223052978515625,0.5522180226775413,5027,0.68671785411577,0.614230288976097,0.9125149065853981,0.44690688775510207,0.09891183035714286,396,91,1464,7412,0.3110761979575805,0.6033865190491696
flickr,cram_c3_stage2,234,7178293884,0.6597846746444702,0.7244818210601807,,0.6068544387817383,-0.06469714641571045,0.4284210205078125,0.6495352387428284,0.7226860523223877,3.364335498190485e-06,-7.581109457532875e-06,1.094544495572336e-05,0.6987152099609375,0.7149242424242425,6600,0.617312178110349,0.7954822773131752,0.697830457144349,0.6696627869897959,0.09956951530612244,909,3592,3505,295,0.09729209033501017,0.17363154796939376
flickr,cram_c3_stage2,235,7387939334,0.7695690393447876,0.764504075050354,0.6981347799301147,0.5943095684051514,0.005064964294433594,0.5025177001953125,0.781361997127533,0.7788000106811523,1.4282093616202474e-05,7.472221113857813e-06,6.8098725023446605e-06,0.5367889404296875,0.552026286966046,6391,0.5660830005412443,0.5778925990084224,0.8873449359106648,0.6672911352040817,0.24663185586734693,114,2015,2377,1354,0.10826210826210826,0.11558818507768483
flickr,cram_c3_stage2,236,7560517176,0.7338936924934387,0.6877103447914124,0.4935511350631714,0.4093440771102905,0.04618334770202637,0.5673370361328125,0.7414654493331909,0.7108013033866882,4.442317003849894e-05,1.5357763913925737e-06,4.2887393647106364e-05,0.70184326171875,0.655564263322884,5104,0.6076699783310847,0.5670952726162769,0.8184020703705743,0.5223413584183674,0.12551817602040816,0,0,4008,3790,0.0,0.37569389373513085
flickr,cram_c3_stage2,237,7623513024,0.8305424451828003,0.635654091835022,0.5290639400482178,0.37406063079833984,0.19488835334777832,0.842987060546875,0.8393277525901794,0.6435948610305786,7.267403998412192e-05,4.083818203071132e-05,3.1835857953410596e-05,0.6662826538085938,0.18444165621079048,3188,0.5782341290524341,0.5675648021828104,0.9496661530559836,0.292171556122449,0.11216517857142858,0,0,847,8219,0.0,0.5935581714450784
flickr,cram_c3_stage2,238,7733838448,0.8236908912658691,0.8256057500839233,0.616482138633728,0.5594700574874878,-0.0019148588180541992,0.5996246337890625,0.8278844356536865,0.841356635093689,-1.998088919208385e-06,-2.702061647141818e-05,2.5022527552209795e-05,0.7113037109375,0.53154305200341,7038,0.6950571039396479,0.7070964131535469,0.905799822489247,0.7478874362244898,0.17701690051020408,491,0,525,2231,0.17060458651841556,0.20075587150184468
flickr,cram_c3_stage2,239,7740990330,0.7145696878433228,0.49542802572250366,0.27552083134651184,0.3646045923233032,0.2191416621208191,0.857574462890625,0.7186805009841919,0.5057870149612427,3.7217410863377154e-05,-2.9499475203920156e-05,6.671688606729731e-05,0.8490829467773438,0.602401372212693,2915,0.7360475417097299,0.8282522013623526,0.7441504646042467,0.47983099489795916,0.005879304846938775,57,0,3804,4636,0.009576612903225807,0.9401744068140336
flickr,cram_c3_stage2,240,7897462346,0.7764252424240112,0.6252536773681641,,0.3294309973716736,0.15117156505584717,0.7601776123046875,0.7597339153289795,0.6048403978347778,3.7654623156413436e-05,1.1726691809599288e-05,2.5927931346814148e-05,0.6433486938476562,0.430939226519337,4344,0.8424979178111321,0.8990733736762481,0.8650630469986718,0.5269451530612245,0.014668367346938776,0,0,3033,1304,0.0,0.6392156862745098
flickr,cram_c3_stage2,241,8250285374,0.7467985153198242,0.5307247638702393,0.41528916358947754,0.3410320580005646,0.21607375144958496,0.849334716796875,0.7205299139022827,0.5528136491775513,5.287011299515143e-05,-5.7719200412975624e-05,0.00011058931704610586,0.9130325317382812,0.9443818113491169,2661,0.7561879267535692,0.9367310649750096,0.7856307940346634,0.41470025510204084,0.019252232142857144,0,0,5694,3354,0.0,0.7763888888888889
flickr,cram_c3_stage2,242,8294094053,0.6806102991104126,0.4813753068447113,0.354928195476532,0.2805213928222656,0.1992349922657013,0.8333587646484375,0.7018988132476807,0.5001429319381714,4.213417923892848e-06,-3.5538414522306994e-06,7.767259376123548e-06,0.5705108642578125,0.6089251439539347,4168,0.6829473605447267,0.9576884738471224,0.6829473605447267,0.3798828125,0.0,0,0,9040,3149,0.0,1.0
flickr,cram_c3_stage2,243,8311669586,0.7259606122970581,0.7538326978683472,0.5336065292358398,0.46239203214645386,-0.027872085571289062,0.4319305419921875,0.7149633765220642,0.7781237363815308,1.6172562027350068e-06,-9.86483646556735e-05,0.00010026562085840851,0.840179443359375,0.9277469003847798,7017,0.547901983984087,0.5941021159495742,0.7982212895650653,0.5359335140306123,0.18223852040816327,0,0,2976,6903,0.0,0.430173864273696
flickr,cram_c3_stage2,244,8396975855,0.7873716354370117,0.646938681602478,0.5276742577552795,0.4685288071632385,0.1404329538345337,0.8029632568359375,0.8008302450180054,0.6572002172470093,3.073853440582752e-05,9.271341696148738e-06,2.1467192709678784e-05,0.6127548217773438,0.35993975903614456,5312,0.6874386653581943,0.6388925081433224,0.9695821249670445,0.45888472576530615,0.1241031568877551,0,0,795,13343,0.0,0.6818088911599387
flickr,cram_c3_stage2,245,9060997789,0.716382622718811,0.6089220643043518,,0.3685219883918762,0.10746055841445923,0.7132568359375,0.7327771186828613,0.6281377077102661,8.91076160769444e-06,-2.832754034898244e-06,1.1743515642592683e-05,0.5972137451171875,0.4504391468005019,3985,0.7355631399317406,0.8873193046660567,0.7857409057765535,0.5445830676020408,0.04195232780612245,0,0,3266,5324,0.0,0.7166509624444743
flickr,cram_c3_stage2,246,9309351423,0.7647650837898254,0.6253942251205444,0.503905177116394,0.3891882598400116,0.139370858669281,0.75799560546875,0.7738258242607117,0.6248872876167297,-0.00011389866995159537,-4.752167296828702e-05,-6.637699698330835e-05,0.1927490234375,0.3325242718446602,4120,0.635012192834365,0.6599892771847736,0.828550449733831,0.40890066964285715,0.09927056760204081,0,0,2622,10303,0.0,0.6741036377911541
flickr,cram_c3_stage2,247,9456627660,0.7435175180435181,0.5299206972122192,,0.32740822434425354,0.21359682083129883,0.84698486328125,0.7427958846092224,0.5463817715644836,2.148996827600058e-05,-7.1079521148931235e-06,2.8597920390893705e-05,0.89422607421875,0.8572280178837556,3355,0.6766215585627625,0.7857658959537572,0.7975588674402159,0.3861607142857143,0.06800063775510204,0,109,4582,4653,0.0,0.584841628959276
flickr,cram_c3_stage2,248,9636000842,0.7174606919288635,0.7354168891906738,0.7613639235496521,0.5090359449386597,-0.017956197261810303,0.493927001953125,0.7192560434341431,0.7267537117004395,1.792145485524088e-05,4.992459435015917e-05,-3.200313949491829e-05,0.38189697265625,0.2577218499754862,6119,0.7005440933822427,0.7984116623150566,0.7819925412892914,0.6411830357142857,0.07611208545918367,0,0,5086,2369,0.0,0.38283775048480934
flickr,cram_c3_stage2,249,9761803312,0.8265880942344666,0.6526321172714233,0.38226157426834106,0.4376829266548157,0.1739559769630432,0.84490966796875,0.8432587385177612,0.6449888348579407,-4.137974974582903e-05,5.276701267575845e-05,-9.414675878360868e-05,0.059783935546875,0.053521907931225736,3606,0.7595285657211346,0.6986256063501396,0.9242998833138857,0.5423309948979592,0.08892697704081633,147,540,715,6917,0.10590778097982709,0.6381585017067996
