sample_id,IoU_ORIGINAL_AUD,IoU_T2_CHUNK1,IoU_T2_CHUNK2,IoU_T2_RAW_MEAN,IoU_T2_RAW_GEO,IoU_T2_NORM_MEAN,IoU_T2_NORM_GEO,IoU_T4_CHUNK1,IoU_T4_CHUNK2,IoU_T4_CHUNK3,IoU_T4_CHUNK4,IoU_T4_RAW_MEAN,IoU_T4_RAW_GEO,IoU_T4_NORM_MEAN,IoU_T4_NORM_GEO,IoU_OGL_REFERENCE,original_pred_area,gt_area,is_over_expansion,T2_map_pearson,T2_map_spearman,T2_map_js_divergence,T4_map_pearson,T4_map_spearman,T4_map_js_divergence,delta_T2_RAW_MEAN,delta_T2_RAW_GEO,delta_T4_RAW_MEAN,delta_T4_RAW_GEO,delta_OGL
10000130166,0.7799756972899652,0.7428389560789306,0.7881405563689605,0.7645734335285667,0.7644881498259765,0.76514921038803,0.7665336215976495,0.7419504193454507,0.7652272664321524,0.7790772375529275,0.7818368335565498,0.7669644343339067,0.7667979257369457,0.7684100709417165,0.769112936916864,0.7098819277859123,33429,35334,False,0.9880284018354779,0.9889504259337472,1.3362172510552228e-05,0.9922250772421318,0.9920269240066194,1.0097182983614441e-05,-0.015402263761398527,-0.015487547463988727,-0.013011262956058478,-0.013177771553019468,-0.07009376950405288
10007936344,0.643244233840354,0.6410822533444817,0.6475239448479108,0.6441642197986577,0.6441642197986577,0.6441135606993997,0.6441042311120432,0.6470075767575701,0.6362162442605515,0.6447640484727929,0.6555873465786025,0.6453690075693861,0.645335085413929,0.6454445087009095,0.6455463245346513,0.7530049229588901,38630,26354,True,0.9992496437792914,0.9987520818557802,1.099591301059749e-06,0.9978185743748204,0.9960474623273754,3.1169829033975997e-06,0.0009199859583036707,0.0009199859583036707,0.002124773729032081,0.0020908515735750255,0.10976068911853609
10008553263,0.3685962111857362,0.372587340544799,0.3661954923321629,0.36927877947295423,0.36927877947295423,0.3692637037930411,0.36927483793155436,0.3670269628221879,0.37976489562978816,0.3724385878286631,0.3589316484778863,0.3688588588588589,0.3688888888888889,0.3688364694937127,0.36886427091776997,0.4255714624693506,37608,21279,True,0.9986144624656669,0.9986739873614421,9.068687327129504e-07,0.9944111684699677,0.994611214263136,4.378635964740501e-06,0.0006825682872180217,0.0006825682872180217,0.00026264767312267345,0.00029267770315266617,0.056975251283614414
10009662863,0.6527465584486593,0.6547937508397768,0.6526324742706473,0.6533227944305953,0.6533386839833157,0.6532592439478132,0.6533227944305953,0.6556313282809114,0.6557242862204196,0.6541162153939762,0.6504655696417112,0.6532041384508772,0.6532041384508772,0.6532284536734222,0.6532041384508772,0.674903692567885,43918,30373,True,0.9972661898237118,0.9951820478288934,3.621792979320755e-06,0.9978277757885506,0.9957534126497142,3.106958042446841e-06,0.000576235981936013,0.0005921255346564847,0.000457580002217961,0.000457580002217961,0.022157134119225708
10013411946,0.5230990753430599,0.5245571028703558,0.5212564169494475,0.5232074848268786,0.5231892878880098,0.5232802852421949,0.5233348988502148,0.5710679797303757,0.5170861924399801,0.5054506371871641,0.5377827691320392,0.5305523641184269,0.5305314504869125,0.5314741035856574,0.5321148084457603,0.6056909722944984,29605,23205,True,0.9990226132090684,0.998790332220354,1.8952995913770645e-06,0.9954191085069183,0.9950000929696361,4.059847179817586e-06,0.00010840948381873883,9.021254494989694e-05,0.007453288775366995,0.007432375143852643,0.08259189695143854
10016382545,0.6273317650177264,0.6174839657936932,0.6279485228438151,0.6236834235970362,0.6236834235970362,0.6237041467304625,0.6236044657097288,0.6149900727994706,0.6199229867738155,0.6270148611524841,0.6318809987136779,0.6241011366272327,0.624117822471091,0.6239479090728345,0.6239395546129375,0.6365752715985514,29367,25760,True,0.9982568994203918,0.997913761365538,1.6403816605285574e-06,0.9980582470337017,0.9976749622144837,4.518655099285755e-06,-0.0036483414206901488,-0.0036483414206901488,-0.003230628390493706,-0.0032139425466353178,0.009243506580825067
10031203703,0.8400152418279306,0.8417407427605388,0.8384968367319232,0.840282502789647,0.8402367669070622,0.840191036002939,0.8402095523200436,0.8544415993697065,0.8396900910697295,0.8306276038166913,0.8431756017505471,0.8433772927919283,0.8433748149772491,0.8425806804806614,0.8428727920032864,0.8394592499850951,37168,33335,True,0.998888987211887,0.9983982659834727,3.334456290570776e-06,0.993374991484259,0.9872010030095599,1.5492742348616216e-05,0.0002672609617163646,0.00022152507913153485,0.003362050963997665,0.003359573149318451,-0.0005559918428355015
10035917404,0.681939433971851,0.6749288395173682,0.6952872821174951,0.6856778472133657,0.6855904106095384,0.6849496622913215,0.6848571355746438,0.6588378737868861,0.6878013129551749,0.675161412837068,0.7156671327933299,0.6850048437261,0.6850369615090492,0.6836077672867941,0.6838727749624386,0.6950018557466288,35474,32919,True,0.9932894090166089,0.9915562320203365,6.827888876304641e-06,0.9863343292535581,0.9833013896182573,1.2521701877517163e-05,0.003738413241514693,0.003650976637687431,0.003065409754249071,0.0030975275371982747,0.013062421774777788
10045181004,0.6421705522040332,0.6383444584670124,0.6213125750744894,0.634691580716279,0.6346299122766447,0.6344686165374119,0.6341079772387311,0.5943859749063617,0.634274478017442,0.6106938788150947,0.6326101515411092,0.6249867510561301,0.6249034778263963,0.6250662627792503,0.6250094698404521,0.6487230800301099,29058,26131,True,0.9940833563124186,0.9933109674951589,6.784868797215615e-06,0.9956800857450885,0.9949894678683656,4.9445925915182545e-06,-0.007478971487754227,-0.007540639927388515,-0.017183801147903077,-0.01726707437763686,0.006552527826076737
10060697266,0.86928011404134,0.8667398952512855,0.868904800290831,0.8693236829992222,0.8693236829992222,0.8692960876120943,0.8693236829992222,0.8666825813638895,0.8719787980258042,0.8657763945567429,0.8688900485475276,0.8698559425676212,0.8699712529580865,0.8698248344423446,0.8699077235836921,0.7931000313785074,30365,30730,False,0.9990774352354251,0.9989815840432229,2.936423927559764e-06,0.9986161794755241,0.9986405182924399,8.333727205986517e-06,4.3568957882267334e-05,4.3568957882267334e-05,0.0005758285262812413,0.0006911389167465476,-0.0761800826628326
10061269855,0.6964758159998831,0.7012486308871851,0.6918569821300721,0.695314896787483,0.6952856788067376,0.6952418518356196,0.6961977241852788,0.6985628444860305,0.7125674476780546,0.6915658783537342,0.7113620118740245,0.7017902216256438,0.7018485825588351,0.7018485825588351,0.7034757369349922,0.6385591238894001,25233,34179,False,0.9991495769537084,0.9990469284160365,1.6038692332968093e-06,0.9981169942442687,0.9978941049281875,4.409227881969624e-06,-0.0011609192124000245,-0.001190137193145424,0.0053144056257606875,0.005372766558952025,-0.057916692110483003
10067897816,0.3571332926665972,0.36385963326251713,0.35118161312674145,0.357965980411157,0.3579553077622576,0.3577698624420632,0.357801857123694,0.3639909544840565,0.37201740325166016,0.3504103530668883,0.3544712808179766,0.360824896887889,0.3607924296276301,0.36045273967468705,0.3603760289068474,0.43793823261788795,34047,14155,True,0.9963156451850181,0.9944441345456574,3.24357926402948e-06,0.9958112230416575,0.9941054594426603,3.3245683442030552e-06,0.0008326877445598013,0.0008220150956603778,0.0036916042212917777,0.0036591369610328717,0.08080493995129073
10069511285,0.8027168069650958,0.8064939541790411,0.8002270591919824,0.8040364411911846,0.8040364411911846,0.8039197620238503,0.8040255910694539,0.8073781326001903,0.79760858565684,0.8002022459949971,0.7980806690387762,0.800821599344834,0.8008004438104296,0.8007579358791528,0.8007158328490676,0.7828845602979089,38701,34022,True,0.9966823023537974,0.9915227629513343,5.857905873723969e-06,0.9963815769936734,0.9921307843715385,7.368518226311973e-06,0.0013196342260887173,0.0013196342260887173,-0.0018952076202618517,-0.0019163631546662563,-0.01983224666718697
10079676496,0.7591026527932685,0.7595486965941224,0.7596021704943117,0.7596804020384251,0.7596375082929859,0.7597007551697368,0.7597222026170546,0.7651299483039444,0.753501675476354,0.7615232738171333,0.7566150245992923,0.7592286734708282,0.7592569065063031,0.7593703677560528,0.7594493469819978,0.8400559139060579,38453,32175,True,0.9971222798159877,0.9930575588298576,7.988706357303654e-06,0.9960360569696904,0.9923759585833553,6.057078177747695e-06,0.0005777492451566335,0.0005348554997174348,0.000126020677559735,0.00015425371303456892,0.08095326111278944
10080652613,0.8630861423220973,0.8593404623932135,0.8645218329487218,0.8626893372448063,0.8626784805579669,0.8625751997845021,0.8626010176593835,0.8623809665074609,0.8543571449983512,0.8630645829633576,0.863982655304285,0.8625738850080602,0.8626458911674278,0.8627673557175289,0.8629862956438659,0.8060779371849555,33575,31354,True,0.9988731685365543,0.9977480097857183,2.459830620597542e-06,0.9985054239962682,0.9973572716864957,1.3779051993531615e-05,-0.000396805077291007,-0.0004076617641304292,-0.0005122573140371456,-0.00044025115466950204,-0.05700820513714189
10106776154,0.6832728927374764,0.6852246920377125,0.6784891182843185,0.6819366134079599,0.6822022800270184,0.6820268239899652,0.6819403664033745,0.699974509304104,0.6698114514497874,0.6743609969416421,0.6719996681278261,0.6850944620012972,0.6858226974818903,0.6879008123129543,0.687088810118202,0.7442888936750665,28781,35973,False,0.9977652348536131,0.9973543497836463,6.097840631830577e-06,0.9833977911656603,0.9838989871622214,1.9857828877679986e-05,-0.001336279329516521,-0.001070612710457941,0.0018215692638208214,0.0025498047444139083,0.061016000937590076
10109936483,0.5154831567294006,0.5145517676767677,0.5200236135043717,0.5160187412941624,0.5160187412941624,0.5160187412941624,0.5160514151839423,0.5115775602409639,0.5167311596041614,0.5160677536805446,0.5181517627237181,0.5158885899667669,0.5158396101019052,0.5158885899667669,0.5143087019625165,0.5787224669603525,33231,17946,True,0.9982335965673751,0.9939871199815594,2.0033595471913643e-06,0.9984460422319156,0.9951360942658986,3.6155467616126865e-06,0.0005355845647617707,0.0005355845647617707,0.0004054332373663039,0.00035645337250456155,0.06323931023095186
10110769444,0.6744996400287977,0.6804680728113262,0.652547897063825,0.6658657971511928,0.6658515658515658,0.6665855891947576,0.6665092584642683,0.6836965998256321,0.6534946691487561,0.6501059771089445,0.652915166803662,0.6591083563162833,0.6590708782304608,0.6595653905227828,0.6595744680851063,0.7163165291340853,35554,26768,True,0.9928534552462697,0.991247041573365,1.3316964787557766e-05,0.995641519088695,0.9945036351127722,8.333447039583578e-06,-0.008633842877604936,-0.008648074177231901,-0.015391283712514414,-0.015428761798336854,0.04181688910528758
10111706074,0.6329745749493059,0.6319486094889359,0.6375627947113754,0.6343536885373525,0.6344003985924703,0.6344655655967592,0.6347521047708139,0.626232461130072,0.6311352096784304,0.6368814249992282,0.643279561569186,0.6345464743090393,0.634623173505312,0.6341573664193528,0.6340816962893671,0.7222593051714822,30535,32536,False,0.9980781924831612,0.9972395986899251,3.6515348183809907e-06,0.9970120081827346,0.9958623199377369,1.0941062016334794e-05,0.0013791135880466543,0.0014258236431644589,0.001571899359733453,0.0016485985560061867,0.08928473022217631
10119607346,0.5694041189655951,0.5890899821565129,0.563460248863721,0.5744412590246611,0.5744067720293574,0.5744412590246611,0.575347995753779,0.5830450611036421,0.5910618530523234,0.562291261559471,0.5845787177911351,0.5793363476588905,0.5793363476588905,0.5797395340453337,0.580568826850784,0.6025605206501553,31817,32247,False,0.9926120162276441,0.9907545681294775,3.9455237214457584e-06,0.9940835442792405,0.990869053595667,3.622948977904018e-06,0.005037140059066081,0.005002653063762352,0.009932228693295464,0.009932228693295464,0.033156401684560244
10119736773,0.9629781869998904,0.962784013139885,0.9603074562244814,0.9634176417395117,0.9634039404817363,0.9634039404817363,0.9633217329350834,0.9630704371868926,0.9632298545085898,0.9547161021593774,0.9631943873496122,0.9638423807305511,0.9638423807305511,0.9638834845038775,0.9638423807305511,0.8373586562740147,39678,42212,False,0.998389659842436,0.9948330132521576,3.6714734968600602e-06,0.9981358940559214,0.9939152701299184,3.2860311121349063e-06,0.00043945473962136994,0.0004257534818459252,0.0008641937306607117,0.0008641937306607117,-0.12561953072587562
10129791115,0.6873584198432229,0.689895811253689,0.670330383959737,0.6812547844357216,0.6812547844357216,0.6811126854611489,0.6809172489047409,0.6933838293148762,0.6763671146706441,0.6655413630240371,0.6722780474342949,0.6780308572729195,0.6780308572729195,0.6778241997626518,0.6777057016046433,0.638514181021321,29681,24881,True,0.9966574638692451,0.9958880858083179,4.702446070594345e-06,0.997432468136061,0.9967803286875078,4.148608574635209e-06,-0.006103635407501251,-0.006103635407501251,-0.009327562570303427,-0.009327562570303427,-0.04884423882190192
10129813456,0.8093123229562569,0.7978156595673271,0.8460650750116152,0.8225808784184419,0.8225146410237871,0.8242156365480763,0.8250047143126532,0.7776072161167186,0.8278231000429369,0.8506336431820603,0.8472224299065421,0.8318787861008845,0.8317178678788768,0.833526929467292,0.8339439956444327,0.7872661689455582,36569,30553,True,0.9944947383191993,0.994576417056475,1.6649871216214388e-06,0.9957937951716564,0.996002040019444,1.873918607940775e-06,0.013268555462184972,0.01320231806753025,0.022566463144627624,0.022405544922619924,-0.02204615401069865
10163352444,0.8064857243567148,0.8085728409010663,0.807176330698748,0.8061237329605033,0.8059736956126742,0.8061011925566569,0.8060957707095421,0.8065638086228245,0.8088610989569366,0.8010309708076865,0.8076950002100164,0.804721358993297,0.8046170778940329,0.80481652335094,0.8048420143002495,0.8297917448099285,35217,31181,True,0.994771784557124,0.9909569763086804,1.647121695936383e-05,0.9971322132014064,0.9949740614715233,9.058322658384018e-06,-0.000361991396211514,-0.0005120287440406601,-0.0017643653634178413,-0.0018686464626819221,0.023306020453213616
10165890496,0.5360557338343614,0.5421854315733029,0.5362207997339762,0.5394941147007263,0.5394941147007263,0.5394580877810982,0.5394580877810982,0.5407312595786247,0.5437373585410293,0.5454904607483251,0.5344595156861114,0.5417062797097824,0.5418216388411695,0.5420467241408061,0.5420342544569151,0.5516511177257926,24448,24169,True,0.9996017019422562,0.9993545250978173,2.118950729500832e-06,0.999123674278864,0.9986360026244,1.1094923114388946e-05,0.003438380866364832,0.003438380866364832,0.005650545875420909,0.00576590500680807,0.015595383891431114
10173808724,0.790263980284052,0.7897689935803468,0.7961060586653004,0.7930797608446762,0.7931052029003943,0.7931095900867663,0.7932105048859935,0.7883873260891642,0.7899106805887534,0.8047729022324865,0.7912037391770745,0.7936568492802278,0.7937077165674754,0.7938797313797313,0.7939096367151725,0.7581433888451194,35743,36288,False,0.9989272473972622,0.9971089099442979,1.4206466571139206e-06,0.9987718162375653,0.9973038805526117,4.285854399597363e-06,0.002815780560624259,0.0028412226163423426,0.0033928689961758574,0.0034437362834234264,-0.03212059143893253
10202025415,0.86358387640524,0.8678947717182427,0.8620918590909694,0.8649236605780838,0.8649007149584157,0.8649042989216219,0.8649042989216219,0.8664205470207614,0.8691428798917155,0.8586400648220713,0.8667586975855157,0.8651986469456788,0.8652287529680184,0.8651853817072361,0.8651853817072361,0.7878183680437009,34629,38010,False,0.9991686812238494,0.9974053502697448,3.1790443252087235e-06,0.9987816207398462,0.9972717396212682,8.55761432785131e-06,0.0013397841728437498,0.0013168385531756588,0.0016147705404387924,0.0016448765627783413,-0.07576550836153917
10221582415,0.66682201250534,0.6709470928951835,0.6623044427506556,0.6659514238072464,0.6658611287008439,0.6660935217385684,0.6660417609412373,0.6693676991093075,0.6642546476271122,0.6699915359072857,0.6389396133744727,0.6591587934416142,0.6591343134364706,0.6589053910324589,0.6588692208108489,0.7596098840535224,35141,31059,True,0.9965135024072076,0.9948043254787272,4.357783102116775e-06,0.9920149192374444,0.990092093065262,6.60098895200489e-06,-0.0008705886980936439,-0.0009608838044961043,-0.007663219063725801,-0.007687699068869458,0.09278787154818235
10234680056,0.7826325293434799,0.7819438625890239,0.7903861690095331,0.7860554426049634,0.7860554426049634,0.7860877142027302,0.7860554426049634,0.7765526844116314,0.7869760719447567,0.7997875559275115,0.7695499935157567,0.783152559881206,0.7832171218283943,0.7829427335528439,0.7828480113636364,0.7476907230196704,32506,34815,False,0.9991260852501578,0.9978723234705831,1.0274586830168975e-06,0.997943760953201,0.9960950096555607,2.578798314226211e-06,0.0034229132614834734,0.0034229132614834734,0.0005200305377260905,0.0005845924849143813,-0.0349418063238095
10246013484,0.8345762370250932,0.8323524522028263,0.8377184071515644,0.835379557881319,0.8353122694036359,0.8355086565561669,0.8355704697986577,0.8316143199361192,0.8314869765908341,0.841916711517761,0.8384712120182176,0.836835764957837,0.8366954369061956,0.8369325030132584,0.8370224023038543,0.7414370610480822,33435,31504,True,0.9982188169869025,0.9972459737506874,2.902206002333844e-06,0.9964520207313097,0.9953448775058638,1.1082188895879502e-05,0.0008033208562258087,0.0007360323785426948,0.0022595279327437545,0.0021191998811024293,-0.09313917597701105
10268129763,0.6724718431559502,0.668873877877522,0.6795531095873932,0.6741829577674974,0.6741628365068942,0.6741225975886356,0.6741427164473095,0.6678499287072244,0.6832342877723753,0.6795544495082754,0.6904885258891293,0.6803290994805273,0.6803290994805273,0.6801969496817581,0.6802185923612779,0.7132859792155078,34970,25040,True,0.9980622380761867,0.9945445417526636,1.590081635550306e-06,0.9964013644134339,0.9920253302414288,2.915873854052545e-06,0.0017111146115471598,0.0016909933509440256,0.007857256324577122,0.007857256324577122,0.04081413605955764
10278084464,0.5673484816665967,0.5687290759080531,0.5660482867567908,0.5674106205835024,0.5673947416290036,0.567514238934214,0.567514238934214,0.5712915014603999,0.5644698743436638,0.5657540551472127,0.5646020900880843,0.5661532027601589,0.566082702680102,0.5662952995802948,0.5663268863385997,0.5996257571032286,35816,23199,True,0.9989632392562262,0.9975886332666608,3.4049906508431334e-06,0.9986306907076585,0.9970212528588163,5.496348870822878e-06,6.21389169057629e-05,4.625996240692487e-05,-0.00119527890643778,-0.0012657789864947144,0.03227727543663195
10283938426,0.53082954215468,0.5270408931087792,0.5324724120176452,0.529815849368922,0.5297866177464516,0.5297281641772519,0.5297573893494062,0.5199564147060011,0.531225052870408,0.5350083704964619,0.5238561424977904,0.5291233386130432,0.529103151980832,0.5287645610705395,0.528912430350141,0.6057071999246574,39331,22750,True,0.9990080962853087,0.9982086079257942,9.401629185924228e-07,0.9972800542461818,0.996516294920936,8.131238005796616e-06,-0.0010136927857580247,-0.0010429244082283962,-0.0017062035416368637,-0.0017263901738480136,0.07487765776997735
10289643764,0.6269218381841913,0.6195114590842792,0.6273699191813084,0.6232875558176763,0.6232875558176763,0.6232875558176763,0.6232875558176763,0.6084387496939525,0.6216955794665631,0.6386760864610908,0.616503814529816,0.6220517383202673,0.6219890893831305,0.6220181638100354,0.622209905779211,0.7269573498401469,30413,21532,True,0.9991784924749496,0.9988572703583581,1.9934634160231586e-06,0.997050193030156,0.995325419400356,7.4324941500507565e-06,-0.0036342823665150847,-0.0036342823665150847,-0.00487009986392406,-0.004932748801060871,0.10003551165595559
10304554474,0.611771128499753,0.6157146931473463,0.5996174605669968,0.6080133468887673,0.607997497523591,0.6079954133222141,0.6079714300609979,0.6305520263437654,0.6070585488598926,0.5897058823529412,0.6192202963816307,0.6109131576894068,0.6109131576894068,0.6107253387428155,0.6101531819718603,0.6743066931897964,37343,30441,True,0.9987688042338861,0.9971774418474926,2.3635651078764185e-06,0.99728781123945,0.9954861913527613,7.3611621539920045e-06,-0.003757781610985722,-0.0037736309761620124,-0.0008579708103462202,-0.0008579708103462202,0.0625355646900434
10308472565,0.6069469518122483,0.6119350530681099,0.6050434662619015,0.6088478011072809,0.6088478011072809,0.6088902044085385,0.6089265812203957,0.6189234560845804,0.609779985309035,0.6061276713465662,0.613676418752203,0.6134925100218018,0.61348452883263,0.6134214504165642,0.6134885192868947,0.7103830055358027,31171,21546,True,0.9987541565141368,0.9986947063089195,2.257731842944782e-06,0.998000935075306,0.9977615567898382,7.445441003566528e-06,0.0019008492950325362,0.0019008492950325362,0.0065455582095534925,0.006537577020381713,0.10343605372355436
10369815925,0.8916659472215028,0.8778931025559932,0.8946241811286059,0.8876354439111316,0.8876354439111316,0.8876674139219406,0.8876354439111316,0.8633669663765937,0.8859214312167051,0.8832011949902333,0.8947051053810372,0.8828344918710863,0.8829493881771701,0.8827703090888199,0.8826343004883654,0.8881565634665973,33312,35360,False,0.9987925233948262,0.9979073863047757,2.615554507181194e-06,0.9986767609726899,0.9977612911623064,4.089386392697455e-06,-0.004030503310371247,-0.004030503310371247,-0.008831455350416517,-0.008716559044332772,-0.003509383754905504
10389014583,0.6171673217293655,0.6138668089767716,0.6219917714028067,0.6173039077874614,0.6174312700286726,0.6171112922722289,0.6171732223690499,0.6242536173521815,0.6103512589368977,0.6205568720379147,0.6176005767044667,0.6195926257984983,0.6195932317346481,0.6194987946403543,0.619417421290196,0.6117870487601519,35111,32456,True,0.9978253072740068,0.9964315597383038,5.685863044043648e-06,0.9943948289873993,0.9934209372933086,9.744435840157246e-06,0.00013658605809585556,0.00026394829930709296,0.002425304069132772,0.0024259100052825833,-0.0053802729692136175
10409146004,0.46003762506057067,0.4548133595284872,0.4596767284461833,0.4573567151411463,0.4573567151411463,0.4573567151411463,0.4573567151411463,0.4589649321266968,0.45324901501741566,0.4578815090929628,0.4595158597662771,0.4575636829372421,0.4575636829372421,0.457600341588386,0.4576239822353812,0.46624133725945094,31819,20158,True,0.9993736655046068,0.9988859581317885,4.1416218459289027e-07,0.9988430409724963,0.9987337535560886,9.36812790577026e-07,-0.002680909919424379,-0.002680909919424379,-0.0024739421233285763,-0.0024739421233285763,0.0062037121988802735
10409351364,0.5689370117029209,0.5674286268550551,0.5727619855748833,0.5698977106673161,0.5698977106673161,0.5698977106673161,0.5698977106673161,0.5568070052983914,0.5696387419260606,0.574468085106383,0.5720152537400998,0.5680714701883861,0.568053083023143,0.5681266388268428,0.5681266388268428,0.7153751789000204,32108,18811,True,0.9999135903581685,0.9997848416992724,3.108331907620933e-07,0.9997788667076976,0.9996275902004692,1.0874973501658769e-06,0.0009606989643952124,0.0009606989643952124,-0.0008655415145347733,-0.0008839286797779344,0.14643816719709957
10413912845,0.3261583908656399,0.3269198761692354,0.32526532920783846,0.3260927460967409,0.32606018241129087,0.3260927460967409,0.3260927460967409,0.32436054399258796,0.32824656893845794,0.32317093311312967,0.33038160796631694,0.32651739144878905,0.3263981137088204,0.326560786789381,0.32658248878551255,0.461054989258125,29392,12010,True,0.9997017468222437,0.9991409605622804,4.124820161167513e-06,0.9993958708665186,0.9988123793054903,7.207303091854608e-06,-6.564476889903137e-05,-9.82084543490469e-05,0.0003590005831491383,0.00023972284318046766,0.13489659839248508
10437048305,0.7165735005287808,0.7341228201668916,0.7222492411410555,0.7280920293611116,0.7281102138402635,0.7284536806379884,0.728403524317456,0.7668681826285677,0.7275496710911739,0.791794323137026,0.710227177043162,0.7514038197147637,0.7515940444841921,0.7504349410965486,0.7495896951310489,0.6041698604936379,22857,30369,False,0.9982677878155573,0.9979695431472081,7.62280643138932e-06,0.9946915118731559,0.996178682328066,1.1089843971667807e-05,0.011518528832330843,0.01153671331148276,0.034830319185982894,0.03502054395541132,-0.11240364003514292
10440265465,0.678274340753713,0.6753708800429616,0.6694484157329521,0.6724575704931177,0.6724575704931177,0.6724575704931177,0.672480037419398,0.6794231553200163,0.6732655103402269,0.6619808411521554,0.6732669950078735,0.6720550415817775,0.6720550415817775,0.6721223862649476,0.6722404115996258,0.6381500035278346,30874,22490,True,0.9987050879860766,0.9979344803130155,1.4433055311283442e-06,0.9983183962556265,0.9975511130522579,2.028543199059175e-06,-0.005816770260595239,-0.005816770260595239,-0.006219299171935422,-0.006219299171935422,-0.04012433722587838
10441843213,0.7466054453290647,0.744313330253783,0.7529116366164016,0.7499188460615641,0.7499470735184114,0.7498623911478696,0.7499258966505286,0.7474466500892092,0.7490667305281249,0.7515308224530098,0.7537473233404711,0.7507598354514483,0.750724473784651,0.7507739719249636,0.75075278849824,0.8497731584591273,37264,29260,True,0.9994985770139907,0.9992780243686697,1.7368904401246954e-06,0.9994281960133117,0.9988947238403366,3.220266814274964e-06,0.0033134007324994164,0.0033416281893466904,0.004154390122383611,0.0041190284555863155,0.10316771313006257
10446128125,0.6992903478601593,0.7245750760780821,0.6939664467158322,0.7067637422642883,0.7067456792999519,0.705556283008162,0.7054552333279979,0.7073391204534041,0.7252560995554498,0.7019987800207113,0.69168589569031,0.704654272527283,0.7047313713932458,0.7043857001164345,0.7043229488635547,0.6695935643304064,32480,29227,True,0.9955450509359989,0.9931229032026712,7.069548269535684e-06,0.9962586751719972,0.9951233441443739,8.621421405766206e-06,0.007473394404128975,0.007455331439792601,0.005363924667123654,0.005441023533086509,-0.029696783529752913
10451898725,0.053039307538489504,0.05273548835592631,0.05254263114878998,0.05264618929310034,0.0526418053377375,0.0526418053377375,0.0526418053377375,0.05281626401169672,0.05246994701821854,0.05216255243072269,0.05278245501732511,0.05254699860077858,0.05254263114878998,0.05254263114878998,0.05254699860077858,0.0583045115671355,36289,2429,True,0.9997032462588477,0.9980842942409295,3.8126688331878455e-06,0.9995438333489282,0.9978659484098208,4.7505311787301745e-06,-0.0003931182453891652,-0.00039750220075200626,-0.0004923089377109266,-0.0004966763896995241,0.005265204028645998
10468313544,0.3683793781780841,0.36911919667761733,0.3676425193544802,0.3683429207645203,0.3683429207645203,0.3683338075386271,0.3683429207645203,0.36788781120652375,0.36887226055823286,0.3671981945317992,0.3673431620504596,0.3677424135759013,0.3677514975606744,0.3677424135759013,0.3677514975606744,0.3603119080866596,41328,15802,True,0.9994308139808125,0.9982229518125094,1.0375760571033286e-06,0.9986772674318657,0.9960317903030012,1.7499755964230463e-06,-3.645741356378407e-05,-3.645741356378407e-05,-0.0006369646021827657,-0.000627880617409704,-0.0080674700914245
10476442285,0.6366344005956813,0.6158694079966939,0.6419689119170985,0.6285128600462541,0.6285348845358657,0.6286229979322189,0.628865437206367,0.6401599769402608,0.6142871858261227,0.609096767628803,0.6620997821189852,0.6311533175939955,0.6311310782241015,0.6312200451085425,0.6315232722143864,0.7425071670575971,28897,19034,True,0.9952295926196524,0.9946672616723378,2.827975959414879e-06,0.995360647454215,0.9947597000533911,2.9573319338016834e-06,-0.008121540549427264,-0.008099516059815626,-0.005481083001685816,-0.0055033223715798,0.10587276646191579
10476446674,0.5080863743246397,0.5068601251860753,0.49379721878107935,0.4997261532481758,0.4997261532481758,0.49962022856940985,0.4997084960161122,0.4870267385203423,0.4966394665262788,0.4984755291588093,0.479705047827786,0.4878292821777908,0.48777879357632004,0.48776154416711226,0.4879298742084103,0.7143708665663762,30658,17919,True,0.9989833939457631,0.9983663906796612,5.755649107892628e-07,0.9971774907502494,0.9955135509885329,3.0303673138871795e-06,-0.008360221076463836,-0.008360221076463836,-0.020257092146848843,-0.02030758074831962,0.2062844922417365
10477544895,0.5281841474502025,0.5121805111821086,0.5268222176336981,0.5193985633699931,0.5193774855937018,0.5193985633699931,0.519461806964851,0.5050076288095144,0.5243822480842519,0.5289056697202278,0.5271210301850855,0.5200081168831169,0.5200487012987013,0.5201558884423334,0.5204110646248832,0.5239292633661734,22577,16812,True,0.9977765508613464,0.9973160994190726,2.431276919156308e-06,0.9977541065961667,0.9973086618481832,2.526781274674806e-06,-0.008785584080209352,-0.008806661856500697,-0.008176030567085601,-0.008135446151501191,-0.004254884084029076
10481128583,0.591233834745124,0.5907150801046018,0.5943433424325144,0.592450551109769,0.5925176641101516,0.5924365942028985,0.5924365942028985,0.5934689799255155,0.5870784003817135,0.5958204051834276,0.5923602334958176,0.5925914753702755,0.5926160528458962,0.592466373122625,0.5924267100977199,0.5794684910784886,32394,22284,True,0.9996304412629099,0.9992573054211923,1.1087440598700764e-05,0.9986715446823045,0.997848948247788,8.222164279119893e-06,0.001216716364644932,0.0012838293650275778,0.001357640625151424,0.0013822181007722145,-0.011765343666635397
10520382525,0.6438759547253152,0.6470980777429699,0.6449289967934035,0.6460441200862498,0.6460441200862498,0.6461155653856787,0.6460787024237398,0.6443871443042637,0.6521015941839385,0.6498861343059747,0.640806219616554,0.646581456684926,0.6465522010954761,0.6464968740202497,0.646568419499419,0.7205545864389117,29138,20496,True,0.9994770444752507,0.9991505231534238,1.0782154624155811e-06,0.9992995818594558,0.999008146796399,2.493018405617608e-06,0.0021681653609345597,0.0021681653609345597,0.0027055019596107233,0.0026762463701608397,0.07667863171359646
10545790805,0.7454914397828366,0.7503181608946413,0.7418718160723335,0.7460728766681883,0.7460929108485499,0.7460662692658826,0.7461730583306477,0.7627809881936573,0.7447701550179692,0.7477988440555285,0.7420655981318331,0.7514584346135148,0.7514584346135148,0.7510865750614151,0.7513368261855893,0.6843001841620626,37637,32835,True,0.997186103370636,0.9940154117093929,2.436994622881779e-06,0.994983419259138,0.9920420647759299,6.864727089920972e-06,0.0005814368853517271,0.0006014710657132882,0.005966994830678196,0.005966994830678196,-0.06119125562077399
10548273474,0.4482448891603492,0.4544733902641156,0.4528176550909695,0.4540192223678462,0.4540522828223986,0.45403575199330104,0.45399264464916433,0.45124084984824137,0.4595532582610301,0.47115384615384615,0.43769291508147296,0.4539622366406649,0.45394568981228356,0.45365142961209254,0.4538099923472177,0.6627763136664336,29605,15500,True,0.9928762803261177,0.9945365729267107,8.42278598393892e-06,0.9921309530007202,0.9932355292761383,9.872871559810731e-06,0.005774333207496984,0.005807393662049409,0.00571734748031566,0.005700800651934346,0.21453142450608442
10549911663,0.46937953770462926,0.4749826136435481,0.46983238128570176,0.47269892757012283,0.47269892757012283,0.4727240724675945,0.4728385904479338,0.4758988117082801,0.4744852282900627,0.476997915218902,0.46416684326655777,0.47321125165187844,0.47319934052380536,0.4733337529108188,0.4733517071267666,0.4530923979370891,36606,22917,True,0.9944004806045251,0.9875160372622301,6.295853941477283e-06,0.9933560250566488,0.9874148331726286,9.678531108147171e-06,0.0033193898654935716,0.0033193898654935716,0.0038317139472491824,0.003819802819176099,-0.01628713976754015
10555704135,0.4367856159985322,0.43182107233052924,0.44082649202103125,0.4363939166559909,0.4363939166559909,0.43637794410995007,0.4364098903713465,0.4331521837254229,0.43141572788323296,0.43608294509911394,0.4472613399838737,0.43714395618485885,0.43709591750764665,0.43720342243637894,0.43723546548912545,0.4836592462277556,26131,15765,True,0.9985151273702936,0.9980316999896405,2.7918060627400818e-06,0.9983996650204446,0.9979891995845586,4.347990749825465e-06,-0.00039169934254129624,-0.00039169934254129624,0.00035834018632663334,0.0003103015091144301,0.04687363022922336
10557361454,0.17610825397446175,0.1785233590168731,0.17512595816424553,0.17666608019080016,0.17666608019080016,0.17664770172248617,0.17664770172248617,0.17876230936392648,0.17920701768005123,0.17549948042272023,0.17507691704716927,0.1771983660066845,0.17726961790286327,0.17715927525751032,0.1771201845083361,0.17118930843203187,24492,7532,True,0.9998732581338474,0.9998517798372766,5.541010665951378e-07,0.9998607207935102,0.9998504516996177,1.5210716741298102e-06,0.0005578262163384029,0.0005578262163384029,0.0010901120322227564,0.001161363928401521,-0.004918945542429887
10610974774,0.9201374222072034,0.9234416005869571,0.9184751570531126,0.9254419677171407,0.9254683140693504,0.925348062523133,0.9254434668716722,0.9227415564929367,0.9254053291978006,0.9154689335048375,0.9112070931691185,0.9269911504424779,0.927019514408895,0.9272985244040862,0.9272598268766851,0.8275094111899767,34933,36100,False,0.9985109974164362,0.9966132489700292,4.595552924221199e-06,0.9976593366709471,0.9957188810705851,9.371951643791283e-06,0.0053045455099373084,0.005330891862146969,0.0068537282352745255,0.006882092201691559,-0.09262801101722673
10624261424,0.669889502762431,0.6732094421230115,0.6680737453548364,0.6713963472313178,0.6713963472313178,0.6715003093046105,0.6715679138156937,0.6631259484066768,0.6785450925447976,0.6634301888144459,0.6736943766172236,0.6703963381407345,0.6703963381407345,0.6704206931628278,0.6704937688478727,0.7188786554051186,30569,22066,True,0.9981729347013272,0.9979838870339233,3.9250488845751536e-06,0.9976748573966056,0.9972728021313954,5.219608512972961e-06,0.0015068444688868254,0.0015068444688868254,0.0005068353783035384,0.0005068353783035384,0.04898915264268766
10635080206,0.6272164719593751,0.6315001399384271,0.6190378570452372,0.6252211655424085,0.6252211655424085,0.6252419131877246,0.6252695902228612,0.6307153031868837,0.6329732005051214,0.6200098570724495,0.6171136827773996,0.625611880859537,0.625611880859537,0.6255080879303194,0.6256464861575906,0.6179251229043237,37401,24172,True,0.9988482314021521,0.9967997194973265,1.0527998119265979e-06,0.9985161240689439,0.9967736879992138,2.61905137862741e-06,-0.001995306416966658,-0.001995306416966658,-0.0016045910998381263,-0.0016045910998381263,-0.009291349055051468
10654057765,0.7152313338134925,0.7207667512516288,0.7011563272028548,0.7122482644855317,0.7122826311086673,0.7128840470135405,0.712476370510397,0.6915031162975732,0.720938219032247,0.7008171707581717,0.6950227492072246,0.7024824260535878,0.7022428067318133,0.7033676555544228,0.7036929982657191,0.6705133079847909,30534,26082,True,0.9974243147094142,0.9966722182820805,7.2841165450161305e-06,0.9972492341206124,0.9966507024520076,1.9960333937434147e-05,-0.0029830693279607745,-0.002948702704825168,-0.01274890775990467,-0.012988527081679191,-0.044718025828701546
10659354545,0.6323100430615364,0.6287088642723341,0.6375295152553359,0.6330364372469636,0.6330510827318157,0.633074218027022,0.6330279474366093,0.6305723656857763,0.6314898943074355,0.6479007633587787,0.6335727980411633,0.6357068426536993,0.6357152780993841,0.6358983859389111,0.6358204807558705,0.5847850237549341,36234,34496,True,0.9988184291036301,0.9977113531863351,6.658602340317208e-07,0.9974919913540884,0.9957093184794417,2.067244334200785e-06,0.0007263941854271927,0.0007410396702792754,0.00339679959216288,0.0034052350378477314,-0.047525019306602245
10666396623,0.6722150048717116,0.6957716196846632,0.665703197639164,0.6826784282277466,0.6825921474358975,0.6812236710130392,0.6807695393997754,0.6912292734094485,0.69713695747131,0.6718202558461663,0.6872995249502619,0.6883271465461588,0.6882234321435773,0.687908760597497,0.6874697141011146,0.5455867717982087,22927,25854,False,0.9923682685610542,0.9926989616619784,7.159041147241136e-05,0.9969148838339473,0.9969136737084526,3.5266436365192126e-05,0.010463423356035007,0.01037714256418587,0.01611214167444719,0.01600842727186569,-0.1266282330735029
10667001125,0.31589095862300764,0.31319828115408227,0.3380407004259347,0.32628039978804657,0.32626847673165116,0.32593498457663317,0.32613738060014974,0.31956548971885684,0.3102813157025942,0.33830968304188846,0.3362456926582183,0.32693751258719495,0.3268896333315027,0.3266026520347508,0.32679391687864867,0.37103912564672636,29393,10057,True,0.9957521081830644,0.9963614340699185,8.584763095739522e-06,0.9973359251194912,0.9975110700273863,8.252149299014839e-06,0.010389441165038926,0.010377518108643513,0.0110465539641873,0.010998674708495082,0.05514816702371872
10701841844,0.4763103513056547,0.4799871736834163,0.47364683014354064,0.4774085629440289,0.4774273578167876,0.4774453048642959,0.4774991541035377,0.4801343244161038,0.48055284674818094,0.46941733323548834,0.4785176212287542,0.4780131208997188,0.47796019341054763,0.47797645823961615,0.4780481403719256,0.538132222898049,29574,18755,True,0.9994123498316339,0.9988253950545466,2.4513501487519467e-06,0.9989093381223625,0.9985852677658335,5.730279673590625e-06,0.0010982116383742024,0.0011170065111328897,0.001702769594064124,0.0016498421048929401,0.06182187159239427
10743985374,0.601225379642159,0.6015912104565259,0.588241521685429,0.5956057224397204,0.595602224498756,0.5955812422269369,0.5957182067703568,0.6025802271514598,0.5779281140260277,0.5738304595727142,0.5903103252378924,0.5873896954170225,0.587439957302971,0.5871412823157072,0.5875004448873545,0.6709540142276422,19750,24392,False,0.9960820401658077,0.9952266732542294,2.8522025048456753e-06,0.9965377557590894,0.9954949570613095,3.992073616015252e-06,-0.0056196572024386215,-0.005623155143403058,-0.01383568422513659,-0.013785422339188003,0.06972863458548317
10751849775,0.6245366524924687,0.6248620086577938,0.6292169916190999,0.6269148922931419,0.6269148922931419,0.6269148922931419,0.6269304959243358,0.6222839849298993,0.6356157815713439,0.6278055406702142,0.6300196345718537,0.6286987233086648,0.6287301092043682,0.6287301092043682,0.6288242856964538,0.761146940101146,41296,26153,True,0.9986332052834982,0.9950864219174589,1.679776544692463e-06,0.9987191192196011,0.9965487014798109,1.6452681708154826e-06,0.0023782398006731986,0.0023782398006731986,0.004162070816196128,0.004193456711899524,0.13661028760867733
10761625676,0.579262920908379,0.5848295988524509,0.5577630090497737,0.5768667999804906,0.5768386656262193,0.5766980350090204,0.5767261556465769,0.5927599538083045,0.5829064039408867,0.5599810785241249,0.5595902725208176,0.5789228886168911,0.5788056779246207,0.5785791173304629,0.5785791173304629,0.731750281848929,30327,22287,True,0.9997199987389979,0.9995760584593072,6.5314155819658085e-06,0.9997558256974904,0.9996557467188358,7.986949962889847e-06,-0.0023961209278884343,-0.0024242552821597263,-0.000340032291487935,-0.0004572429837583769,0.15248736094054993
10771238614,0.6702317290552585,0.6595300584843663,0.6710451888630508,0.6656608328304164,0.6656608328304164,0.6655361118625024,0.6656192121199509,0.6604762990445002,0.665394586746863,0.6690623502697748,0.6726354550236717,0.6670069373554718,0.6670069373554718,0.6670416901056316,0.6671806947715007,0.7517479595531908,24698,20827,True,0.9987554653119639,0.9982197642821283,3.021279321041879e-06,0.998983110027693,0.9985440954984103,2.4164874572819995e-06,-0.00457089622484208,-0.00457089622484208,-0.003224791699786733,-0.003224791699786733,0.08151623049793233
10795023275,0.4431415731674653,0.4507303149008533,0.4426312197727205,0.4484609122976273,0.4484609122976273,0.4485420498748605,0.4485815068286653,0.47272614890131964,0.44173499558021156,0.4392676435319236,0.44165052882466854,0.45348025377166623,0.45348025377166623,0.45343859116441476,0.4534555498224421,0.48400317712470214,12696,13230,False,0.9962702691108026,0.9958211476703137,2.2255426667654024e-06,0.9933159900419312,0.9912677605208424,4.033028190157251e-06,0.005319339130162026,0.005319339130162026,0.010338680604200956,0.010338680604200956,0.04086160395723687
10796050285,0.6938338816268305,0.6883037354562156,0.6998543972044263,0.6936738737688677,0.6936738737688677,0.6938576298843206,0.6937612914505508,0.687280855539972,0.6893829242759102,0.6956394839764171,0.7002329305575775,0.6927830243674945,0.6927830243674945,0.6928760894278135,0.6928323665724196,0.6880397171656386,36420,31426,True,0.998498907955722,0.99700372144172,6.476183728106348e-06,0.9990002111126368,0.9976218367081312,4.036122605963065e-06,-0.00016000785796277395,-0.00016000785796277395,-0.0010508572593359577,-0.0010508572593359577,-0.005794164461191853
10805310706,0.34691771228049484,0.3467536483720382,0.35468010106053044,0.3508219239440405,0.3508219239440405,0.3507904990818566,0.35086383251952397,0.35227255731869644,0.34976871476804544,0.35729190465311095,0.3539350486303338,0.3529951146185645,0.3530057273424229,0.3529783108626054,0.35299688810715735,0.40738858681843587,35903,14539,True,0.9987342077648785,0.997442006869128,1.5020118251631227e-06,0.9987266221286958,0.9974305848852622,1.4393452754848884e-06,0.0039042116635456536,0.0039042116635456536,0.006077402338069637,0.006088015061928076,0.06047087453794103
10847897294,0.7328007175364581,0.7443114582276769,0.7117377951244481,0.7267919321989357,0.7264758027447633,0.7280551624263568,0.7281481481481481,0.741485495052837,0.7541892727147861,0.7021903826037341,0.7237789327565614,0.729360216116492,0.729160491387544,0.7301296644561022,0.7304568863066156,0.8259016015670008,34562,27720,True,0.9982266219091926,0.9973798500266956,4.918666307082367e-06,0.9972356084852692,0.9966055457716082,4.507052368952237e-06,-0.006008785337522471,-0.006324914791694836,-0.003440501419966102,-0.0036402261489141274,0.09310088403054262
10859255295,0.8024122187355929,0.8097799438344155,0.8008396707056521,0.8046429156795256,0.8046066059802446,0.8048747783853042,0.8047555906497221,0.8107005013087263,0.8118817789845884,0.794060203062335,0.8033820963629044,0.8040615933943316,0.8040674234196706,0.8042905812517667,0.8042401249721044,0.8219233705273757,32571,28855,True,0.9994232480017425,0.9989242084963622,4.886936623815948e-06,0.9990530973533972,0.998537454810116,4.253046583212664e-06,0.0022306969439327418,0.0021943872446517076,0.0016493746587387115,0.0016552046840777601,0.019511151791782866
10862172945,0.710993026686335,0.7119312436804853,0.7121191831268832,0.7123837345958833,0.7123837345958833,0.7123837345958833,0.712366945367852,0.7112678432828266,0.7115423454961627,0.718204239434742,0.7056557432205101,0.7118866086722869,0.7118626989991268,0.7118988447071467,0.7118652606125739,0.6057074787652786,26122,34551,False,0.9989719804029863,0.9987074564304441,2.311712117933481e-06,0.9988736684778353,0.9987993635564338,4.38296216411141e-06,0.0013907079095483166,0.0013907079095483166,0.0008935819859519079,0.0008696723127917805,-0.10528554792105638
10939270325,0.48106604224891103,0.4819324331158651,0.4801914284278752,0.4812533071282788,0.4812533071282788,0.4812542518078057,0.4812533071282788,0.4825789273488018,0.4821910211489501,0.48138437993928596,0.47972684592402903,0.4816895023171469,0.48169134683187265,0.48166616298982573,0.48172682165075686,0.5054517974738206,37372,23132,True,0.9988350235728686,0.9975153200678945,2.8453492355066338e-06,0.9987369375287686,0.9973636467472581,7.902907535434787e-06,0.0001872648793677656,0.0001872648793677656,0.0006234600682358815,0.0006253045829616166,0.0243857552249096
10952523225,0.7454918511351694,0.7460632879686065,0.7456182773284415,0.7458738714683845,0.7458489778890279,0.7458489778890279,0.7458489778890279,0.7447674321642401,0.7502053818425686,0.748538207649907,0.744291250187104,0.7469801012480577,0.7469801012480577,0.747030025564337,0.7470549902250739,0.7915911850775387,31343,25283,True,0.999902556716641,0.9996700906055511,3.997384557436509e-07,0.9996582759625333,0.9993377905633163,1.6931860370583407e-06,0.0003820203332151051,0.00035712675385857207,0.001488250112888334,0.001488250112888334,0.046099333942369314
10979853044,0.6756104459319318,0.6775010872237034,0.6732745823859899,0.6755594939572768,0.6755594939572768,0.6755594939572768,0.6755594939572768,0.677603585544356,0.6767333371106956,0.6729963749741741,0.6734770595643103,0.6755849689839168,0.6755849689839168,0.6755594939572768,0.6755594939572768,0.8190384483114382,28090,19488,True,0.9999370253094522,0.9998326546549897,1.0060030961760156e-06,0.9999115809898343,0.9997821854239549,1.6607565351941768e-06,-5.095197465498913e-05,-5.095197465498913e-05,-2.547694801491307e-05,-2.547694801491307e-05,0.14342800237950648
10980225216,0.5487961502820634,0.550083921325794,0.5485286231942932,0.5490818002895298,0.5490818002895298,0.5490818002895298,0.5490818002895298,0.5444940884236334,0.5498330482938351,0.5479587695803912,0.5510177431728775,0.5481901297520259,0.5481723258797356,0.5482079347808435,0.5482079347808435,0.6657003687708296,32693,18816,True,0.9996707929934153,0.9988779893058356,2.291013505165975e-06,0.9996371960603616,0.9990841162704832,2.179610728326009e-06,0.000285650007466387,0.000285650007466387,-0.0006060205300375543,-0.0006238244023277772,0.1169042184887662
11002352834,0.7973472921914357,0.7994824341279799,0.7967819537011476,0.7984191277675096,0.7984191277675096,0.7984308636149127,0.7983915368884694,0.7994480760950405,0.7994272713008003,0.7957560725955671,0.7968768484561695,0.7982038987580569,0.7982825027511398,0.7981449457632448,0.7981449457632448,0.7987083316619199,21625,27570,False,0.9998018523120467,0.9995633083377826,3.161025642131785e-07,0.9994734513514748,0.9991991329917363,1.146384167896993e-06,0.0010718355760738207,0.0010718355760738207,0.0008566065666211209,0.000935210559704025,0.00136103947048416
11036641226,0.32651162790697674,0.3285363285363285,0.32137952083015414,0.32517563498803365,0.32516308333655,0.32510033961099105,0.32516308333655,0.320194610209434,0.33328058237062824,0.314998317316681,0.31875283789919784,0.3214531023429749,0.3213427427045585,0.32147763700198445,0.32160036649614415,0.5760049389491014,27283,9907,True,0.9991855401334317,0.998928989791934,4.9446955273418555e-06,0.998500818953915,0.9981918733912932,8.623311910576943e-06,-0.0013359929189430964,-0.0013485445704267685,-0.005058525564001826,-0.005168885202418261,0.2494933110421247
11050409385,0.5381490948562625,0.5326030972083919,0.5448672314373175,0.5378801103236392,0.5379285065977798,0.5382733310031458,0.5383862396867571,0.5314882560087525,0.5380921120823688,0.5436678127104526,0.5431664891728789,0.5386090959821429,0.538512500435859,0.5386105101542327,0.5386722976510419,0.6090244840405076,29591,18158,True,0.9980626623461135,0.9974675071121771,1.1806898079928514e-05,0.997894651216809,0.9968900328581255,9.042567084970593e-06,-0.00026898453262325095,-0.00022058825848270125,0.00046000112588040487,0.00036340557959646524,0.07087538918424507
11071986404,0.2628709872804361,0.2593233371780085,0.2687089795768709,0.26231023571657125,0.26231956197112993,0.2623941958887545,0.26253424901256095,0.24875530457446454,0.26451951625751324,0.269761399399839,0.26192402456514546,0.2592370610633197,0.2591176574227422,0.25941083083436234,0.2597872941841566,0.36048125867653863,28751,8278,True,0.9918087057665685,0.9911801034353609,6.0044101257028136e-06,0.9876184985640624,0.9879041190861351,1.31044852719703e-05,-0.0005607515638648697,-0.000551425309306186,-0.0036339262171164455,-0.0037533298576939433,0.09761027139610251
11101358996,0.7313148852846639,0.7301847218133647,0.7337520379427894,0.7323387126555634,0.7323387126555634,0.7323116691285081,0.7323116691285081,0.735594997108155,0.7339687720209176,0.7263396715643907,0.734754270302667,0.7328980669772219,0.7328711854460094,0.7327320721513418,0.7327636790376999,0.7297403294389629,26172,23176,True,0.9997680825001632,0.9996238714150244,1.4220925865544046e-06,0.9976242542788087,0.9962256984011878,6.965782100534803e-06,0.001023827370899455,0.001023827370899455,0.001583181692558,0.0015563001613454475,-0.0015745558457009867
11154049584,0.785950536670721,0.7847291795451155,0.7863468555942041,0.7858346666666667,0.7858224715745461,0.7857340927028007,0.7857340927028007,0.7660640293553773,0.7899731038192577,0.7851583324448236,0.7794942934611262,0.7823286365081047,0.7823047098455476,0.7823074478228625,0.7807990534744671,0.7944484888335721,25501,21909,True,0.9996110518319408,0.9993513375674362,2.6691159678927435e-06,0.9993901998503304,0.9991715077284331,4.6388839024710825e-06,-0.00011587000405433034,-0.0001280650961749119,-0.0036219001626163205,-0.0036458268251734482,0.008497952162851097
11314266424,0.8827519065390232,0.8806327435059683,0.8843775427176567,0.8826783917967356,0.8826211103540024,0.8827070353063343,0.8827070353063343,0.8802766823970521,0.8811712907507527,0.878462134417974,0.8842414981468236,0.8810664680933726,0.8810379435379435,0.8810664680933726,0.8810664680933726,0.8403666438735307,31032,29110,True,0.9998554528227197,0.9996318402409773,2.3392556846426807e-07,0.9997520839261719,0.9994559948149506,1.4031149230705377e-06,-7.351474228767252e-05,-0.0001307961850208761,-0.001685438445650611,-0.0017139630010797324,-0.042385262665492585
11650557765,0.6351881782498269,0.6331428921531086,0.638573794085331,0.6367283331533228,0.6367395429929181,0.6367704009997994,0.635646032405484,0.6392337045401448,0.6248002799884352,0.6488176792017925,0.6322295670311805,0.6393329679793314,0.639271121964965,0.6390944506156422,0.6368644661282039,0.7914636594222734,33452,26592,True,0.998546057532322,0.9980316999896405,1.4231765070575015e-06,0.9956374672556786,0.9946027141821195,8.63908927738199e-06,0.001540154903495905,0.0015513647430912547,0.004144789729504494,0.0040829437151381764,0.1562754811724465
11764496003,0.700330264914623,0.709396479344253,0.6848810754912099,0.6975202209232235,0.6975397771080115,0.6972185244867932,0.6975117403798977,0.7116498605449474,0.7049061946902655,0.6839459586013138,0.6918281873965131,0.6980486230938653,0.6981073838685691,0.6977380134344894,0.6979925087327974,0.6861029969497926,35141,27011,True,0.9964225190790377,0.9936074078206057,1.6956881297486206e-05,0.997741785545074,0.9956298958474448,1.0722480862334865e-05,-0.0028100439913995023,-0.002790487806611508,-0.0022816418207577405,-0.0022228810460539483,-0.014227267964830426
11765015695,0.6892342322843167,0.692237706693624,0.6876704422480341,0.6896238258084065,0.6897104021470932,0.6895661082492821,0.6895661082492821,0.6952558166370967,0.6894739122272445,0.6885595971546885,0.6864584084842363,0.6902387995094149,0.690267657456172,0.6899935069619797,0.689950220041844,0.717342146460254,33807,33095,True,0.9989106546639577,0.9972890054108329,9.302510758228016e-06,0.999086912367868,0.9979806995035422,7.066614896833134e-06,0.0003895935240898485,0.00047616986277654316,0.0010045672250982296,0.00103342517185534,0.028107914175937276
11776645404,0.5630836913735882,0.5623089764992937,0.5650573884399609,0.5632776349614396,0.5632776349614396,0.5632262210796916,0.5632262210796916,0.5618061266447368,0.5685425870748998,0.5701413382076564,0.5658547876855019,0.5670686241740159,0.5670686241740159,0.567039465226893,0.5670283334190364,0.5565635005336179,32019,33676,False,0.9995377469835228,0.9992381802389054,8.255468116687728e-07,0.9995195084873209,0.9992782899962015,7.627155580572475e-07,0.00019394358785140842,0.00019394358785140842,0.003984932800427776,0.003984932800427776,-0.006520190839970241
12015590114,0.7232115907032901,0.7170767315041436,0.7226644864236843,0.7203619325997249,0.7204049174690509,0.7202380952380952,0.720226071259724,0.7073505886213545,0.7159469877430811,0.7237421247950289,0.7194360740421868,0.7179831861050655,0.7179766171701656,0.7179470763977807,0.717767731479507,0.6212437000265262,22163,21255,True,0.9986951678469176,0.9982675772378455,3.294940563577665e-06,0.9980376790165826,0.9974366943184928,3.178749765997059e-06,-0.002849658103565189,-0.002806673234239221,-0.005228404598224601,-0.005234973533124521,-0.10196789067676393
12031178616,0.6914159351336863,0.694793174245229,0.6888503022005543,0.6919466237510896,0.6919466237510896,0.691900227973716,0.6919234250846549,0.6940260959983899,0.6936211015038859,0.6906324282701128,0.6930473372781065,0.6926845637583893,0.6926845637583893,0.6926380779813436,0.6926613200899299,0.6814663738102709,33436,26224,True,0.9996778077140529,0.9993449625066739,3.1708503509187877e-06,0.999079005399575,0.9978184010816354,3.6701836074537708e-06,0.000530688617403352,0.000530688617403352,0.0012686286247030054,0.0012686286247030054,-0.009949561323415401
12048726756,0.6204235548696081,0.6240976968261336,0.6220467416447316,0.623160148946031,0.623160148946031,0.6230605755556621,0.6231004010930185,0.6324180547220916,0.6358003554598967,0.6465329950080435,0.620858211925802,0.6333425373982815,0.6333013918890387,0.6328286024960644,0.6328902306406323,0.8019531660191116,33588,21660,True,0.999018983119996,0.9982643897074645,2.3999080561336585e-06,0.997593622807373,0.9961834636236376,6.603675606054506e-06,0.0027365940764229046,0.0027365940764229046,0.012918982528673406,0.012877837019430571,0.1815296111495035
12066557153,0.48540309186150504,0.4865375380182488,0.4845364111720444,0.48540309186150504,0.4851861311538216,0.48549613443230466,0.4855116449953676,0.48616398477238554,0.4871770212220299,0.48075037170605167,0.48301179162826174,0.48376520022919717,0.4835958631662689,0.48393465592459317,0.48395006687472136,0.5534030079021157,32429,16318,True,0.9993801469265544,0.9983297340802779,1.369774294166293e-05,0.9993009137613006,0.9983857814894798,7.369092084965125e-06,0.0,-0.00021696070768345566,-0.0016378916323078752,-0.0018072286952361405,0.06799991604061068
12103535156,0.4544547300320039,0.45714186321575173,0.44891111036542397,0.4538590604026846,0.45365870353891435,0.4538142989150895,0.45392304532383954,0.4563413533312502,0.4616001674107143,0.45408779007620426,0.4461523139233783,0.4553503885564954,0.45522978035953665,0.4552077248204529,0.4553252200220022,0.5134117940613824,27934,17654,True,0.9986546077424913,0.9981113882491692,1.2784149854672296e-05,0.9987064356593383,0.9982155142416201,6.768024808227071e-06,-0.0005956696293192842,-0.0007960264930895189,0.0008956585244915272,0.000775050327532778,0.0589570640293785
12158276143,0.4138560387373126,0.4127700020500587,0.4143412221829742,0.41370260762744987,0.4136872080254611,0.413683995011819,0.41366538239618816,0.41227432787435025,0.41313381659616494,0.4157667184487825,0.4128967850474201,0.413545876087078,0.41358312072850517,0.4135516194520497,0.4135369146261987,0.4905296427990425,27763,13651,True,0.9997946232914604,0.9996414028321208,7.730621918793464e-07,0.9997255846354438,0.9995083234387078,1.899148261940646e-06,-0.0001534311098627117,-0.00016883071185147536,-0.0003101626502345911,-0.00027291800880741013,0.0766736040617299
12328837165,0.7665391721500113,0.728943386710377,0.7750808004962293,0.7552768332584846,0.755252606255012,0.7543831533061958,0.7543758415079823,0.7430432302231237,0.7227125671388636,0.7481856378915203,0.7862885881613341,0.7523122219733095,0.7521918597209779,0.7510070976405141,0.7508633369572169,0.6516296983096783,30838,25082,True,0.9958212599788533,0.9943883527639873,6.016080959894894e-06,0.9974796890732119,0.9966352960551657,4.036965169643569e-06,-0.011262338891526724,-0.011286565894999323,-0.014226950176701836,-0.01434731242903342,-0.11490947384033301
12373955905,0.7485766152322799,0.7510740917545968,0.7456535737282679,0.7485863132037522,0.7485863132037522,0.7485863132037522,0.7485863132037522,0.763630335681724,0.7250665490830108,0.7388804495189559,0.7489622095427106,0.7440027584848037,0.7440027584848037,0.7440516264634888,0.7441165361055,0.7835129688857666,28246,25350,True,0.9998039122187513,0.999655746718836,6.210484402340412e-07,0.9987806397799064,0.9980566689776262,4.2938804812923216e-06,9.697971472322209e-06,9.697971472322209e-06,-0.004573856747476235,-0.004573856747476235,0.034936353653486685
12444360833,0.6411344955288591,0.6462598390061934,0.6384234127920698,0.6421050737027771,0.6420819610172237,0.6420201947479256,0.6417964179641796,0.6340023829163229,0.6598835702810552,0.6551545962163514,0.6307949760017654,0.6553752928534939,0.6553169752162196,0.6554457538445279,0.6547675709979375,0.5570099503434105,20309,26801,False,0.9987355412693639,0.9982149829865566,1.7468044605544657e-06,0.9956851108405865,0.9951206878690563,5.933572131453382e-06,0.0009705781739179908,0.0009474654883645517,0.01424079732463479,0.014182479687360416,-0.08412454518544865
12512072175,0.7070022237891197,0.6995291902071563,0.7130496492616754,0.7063167308004986,0.7063167308004986,0.7063167308004986,0.7063008130081301,0.7039457693034813,0.6975290424704209,0.7115961391645763,0.7127346938775511,0.7067354566135846,0.7067354566135846,0.7065449917409082,0.7065482315983318,0.8272279141697274,38550,28276,True,0.9980514789997899,0.9968363760967097,8.168395950887007e-06,0.9979702360354251,0.9964015438272146,7.524248858048142e-06,-0.0006854929886210837,-0.0006854929886210837,-0.00026676717553508755,-0.00026676717553508755,0.12022569038060771
12534178685,0.839336994307018,0.8370964522728407,0.8422027661464281,0.8395350592497547,0.8395602183812615,0.8395170418815243,0.839593448891796,0.8308062038551113,0.8497847556343378,0.8496647363608656,0.8359168241965974,0.8415607300188798,0.8415647183204954,0.8410446071401615,0.8411635924406754,0.7983657368272753,38694,35585,True,0.9982813124132383,0.9965176230585948,3.907218569717218e-06,0.9979835793203934,0.9956142238230709,8.409931566109726e-06,0.0001980649427366643,0.00022322407424346657,0.0022237357118617407,0.0022277240134773724,-0.04097125747974273
12598610153,0.6810979015399345,0.6784719458814167,0.6770811625334637,0.6781475150566321,0.6781475150566321,0.6781258486557293,0.67816918284208,0.6793391309857593,0.6814200387516213,0.6805984973487337,0.6810624849988,0.6807127916074537,0.680691053665235,0.6807127916074537,0.6807345309381237,0.6794348403138283,26398,29764,False,0.9978992131319311,0.9970069089721011,5.491728176299361e-06,0.9984128018680671,0.9977647443202193,1.2057546230405196e-05,-0.0029503864833024807,-0.0029503864833024807,-0.0003851099324808649,-0.0004068478746995785,-0.001663061226106266
12599965145,0.8907107969541608,0.8914785142024764,0.8872502955530631,0.8893185333454645,0.8893185333454645,0.8893185333454645,0.8893185333454645,0.8902561145839655,0.8919833657115105,0.8873297126733214,0.8935774545674458,0.890812613705276,0.8908614050513932,0.890889798393209,0.8908864904195973,0.8146234563951629,33547,33152,True,0.9997463494655808,0.9993513375674362,4.833110625616292e-07,0.9995741314995028,0.9989204897109175,6.304034023425952e-06,-0.0013922636086962648,-0.0013922636086962648,0.00010181675111520239,0.00015060809723244084,-0.0760873405589979
12729873904,0.7244087813974515,0.7273747620265394,0.7235068524053917,0.7251739942284842,0.7251329636754554,0.7250983054683301,0.7251393328995388,0.7346701164294954,0.7293492847557319,0.719593837535014,0.7256448005435859,0.7264362275279306,0.7263821944995748,0.7265108760386829,0.726552085992229,0.8593441466854725,38740,29700,True,0.9985426837900719,0.9984397038784276,2.150195491315977e-06,0.9969697131980676,0.9948043254787273,3.6714658500906053e-06,0.0007652128310327022,0.0007241822780039708,0.002027446130479116,0.0019734131021232892,0.13493536528802108
13153991894,0.341696957458266,0.3361337602746509,0.34245143011332974,0.33930597263930595,0.33930597263930595,0.33931729453768894,0.3393625896879693,0.3358334432282738,0.3379772961816305,0.339344098218456,0.3414781906300485,0.33876986639123047,0.33876986639123047,0.33879244277098397,0.3388150221600187,0.4389589065412266,32215,12764,True,0.9993198590881844,0.9988062698722597,4.956499823047017e-07,0.9990091814868173,0.9982364988166292,1.0271463613212165e-06,-0.0023909848189600513,-0.0023909848189600513,-0.0029270910670355366,-0.0029270910670355366,0.0972619490829606
13234495505,0.5085119973339258,0.5152697563037048,0.5069627086736248,0.510518092793572,0.510518092793572,0.510518092793572,0.510518092793572,0.5172977697578031,0.5163685836569258,0.5127775745123976,0.5086242697749107,0.51364032253533,0.51364032253533,0.5136106975306908,0.5136395561174322,0.5648141992953534,30220,27864,True,0.9995978887080658,0.9993656814541514,9.147548119347692e-07,0.9996562405956867,0.9994982295925007,1.7214413190670994e-06,0.00200609545964614,0.00200609545964614,0.00512832520140416,0.00512832520140416,0.056302201961427545
13409856383,0.9015973786606595,0.895744102250323,0.9031503058051731,0.8995160685683127,0.8995160685683127,0.8995160685683127,0.8995160685683127,0.9070738665658405,0.893230403800475,0.9031574630945872,0.90330840930042,0.9023373428102789,0.9022927629330965,0.9023406799931659,0.9023819287813547,0.8878224461554838,31063,29502,True,0.9997900733287293,0.9993947674278091,8.755082074394908e-07,0.9994323056979164,0.9990883663109914,1.409622637828215e-05,-0.0020813100923467998,-0.0020813100923467998,0.0007399641496194098,0.000695384272436983,-0.013774932505175697
13447842855,0.7044483484069664,0.7077240630092341,0.6928182033657265,0.7015264696329977,0.7015177430878818,0.701673848552435,0.7017042378570346,0.7026256564141036,0.7076515300869641,0.7023740216055372,0.6878234170012668,0.7008532238902689,0.7008532238902689,0.7008835029054069,0.7009440687852405,0.7921587726774626,24991,19628,True,0.9990789585446082,0.998385515861948,4.2497999651783345e-06,0.9992109532585155,0.9988918019374874,2.260193957164922e-06,-0.002921878773968656,-0.0029306053190845116,-0.003595124516697412,-0.003595124516697412,0.08771042427049625
13579448834,0.6399456101857288,0.6456360578121106,0.6261165461505742,0.6357571099154496,0.6357571099154496,0.6355002305209774,0.6355392985583869,0.6449733792671469,0.6380566055130451,0.6284427245518034,0.626596944842516,0.6335344748368916,0.6335763293310464,0.6334844400882137,0.6335038441510705,0.8436597182096982,32718,23296,True,0.9977750778277047,0.9950513590832663,4.760286893924987e-06,0.9983201316402396,0.9962113545144726,3.3468947440800625e-06,-0.004188500270279172,-0.004188500270279172,-0.006411135348837194,-0.006369280854682469,0.2037141080239694
13660204414,0.6750516376512246,0.6760762562444902,0.6761414007092199,0.676293976791306,0.6762690635821116,0.6762690635821116,0.6762690635821116,0.6706349206349206,0.6831393207102335,0.682160198673042,0.6724309392265193,0.6766168238067177,0.6766092207983503,0.6767392185025596,0.6767641426045964,0.6020441988950276,22024,24274,False,0.999744991965455,0.9995107140864936,9.989044442976604e-07,0.9992985602220079,0.9989433336786492,6.320322439530961e-06,0.0012423391400814277,0.0012174259308870283,0.00156518615549317,0.0015575831471257295,-0.07300743875619697
13721325644,0.6886513314880214,0.6972041834711874,0.6873798584886368,0.6915336619199104,0.6915420847839443,0.6916513072564681,0.691624001638337,0.7008634727752918,0.6956432472385332,0.6810860122816333,0.6997662113941183,0.6939232860988508,0.6939369508478976,0.694168454715666,0.6941244003444176,0.5848579415201218,36139,30132,True,0.9983962043007898,0.9928264628772243,2.1171916500408827e-06,0.997537649116595,0.9932873266448321,3.354820110996122e-06,0.002882330431889013,0.002890753295922921,0.00527195461082941,0.005285619359876259,-0.10379338996789955
13861270725,0.6681497899368156,0.6787534944910376,0.6726122749481294,0.6777218209528858,0.6776320148413172,0.6774375103459692,0.6775411519226311,0.6827873458728637,0.6607068340127756,0.6550260158968302,0.6751387867032306,0.6697996214346322,0.6696903448950957,0.6698541170327339,0.6702534125791915,0.6898419203747073,35218,27895,True,0.9921688033625569,0.9838822526277203,6.1250010889619825e-06,0.9960080692254136,0.9921552221044606,4.876924878839987e-06,0.009572031016070182,0.009482224904501568,0.0016498314978166118,0.0015405549582800937,0.021692130437891644
14062380939,0.5390296948685372,0.5410306364940376,0.5208250444979583,0.5343485401070659,0.5343257480432511,0.5343286765490028,0.5343544017577166,0.5228701225963034,0.5884290954973479,0.5576448074055943,0.4630560277990547,0.5382252486413336,0.538221964473656,0.5376081031781798,0.5382152603193021,0.6655909412597311,23968,15362,True,0.9982516250894156,0.9954258939030513,1.9047082397806794e-06,0.9973464715425825,0.9941336159610271,2.9969085166543398e-06,-0.004681154761471351,-0.004703946825286187,-0.000804446227203659,-0.0008077303948812453,0.12656124639119382
14172932360,0.6481958288888071,0.6469223972905316,0.6498377939983779,0.6486610924895945,0.6486849860026521,0.6486849860026521,0.6486720447931631,0.644748942431488,0.6529227941176471,0.6534816569799726,0.6498053045330983,0.6504988403342783,0.6504988403342783,0.6504988403342783,0.6504491569103895,0.6610400276649088,25495,21294,True,0.9990449857586803,0.998438110113237,2.440738143586602e-06,0.998884205512797,0.9983748907606776,2.8823884950645503e-06,0.00046526360078735784,0.0004891571138450068,0.0023030114454711814,0.0023030114454711814,0.012844198776101656
14174434304,0.8166332665330661,0.8167871673274767,0.8213975694444444,0.8196428111891711,0.8196274186908192,0.8196580097711494,0.8196230199547418,0.8213810901697036,0.8044206381673144,0.8281354622714396,0.8238426874231872,0.8198928884082599,0.8199196725110064,0.8199912510936133,0.8199397869383974,0.7832470258922324,37985,34488,True,0.997080201278303,0.9934336874148332,1.4879824227716438e-05,0.9952603785621353,0.9888821596580842,9.923976634291679e-06,0.0030095446561050343,0.002994152157753116,0.0032596218751937966,0.0032864059779402766,-0.03338624064083373
14203929291,0.6649730114948597,0.6645922605313468,0.6623255324466896,0.6635057357725184,0.6634272244828086,0.6634094949627971,0.6634094949627971,0.6595333028302504,0.668609050001991,0.6754516557357261,0.65530524863676,0.6649470253724057,0.6648768453409676,0.6649338311936773,0.665109342624487,0.6438219176255684,40275,28000,True,0.9996448963266502,0.9990389595900836,9.328084225283285e-06,0.9986293861971199,0.9968953454087609,4.116269920063548e-06,-0.001467275722341288,-0.001545787012051103,-2.598612245396925e-05,-9.616615389207439e-05,-0.02115109386929126
14414061986,0.6797245513525818,0.6777928897956099,0.683281945871874,0.6803244513512489,0.6803244513512489,0.6803244513512489,0.6803244513512489,0.67668591267595,0.6788808595966858,0.6859882118799755,0.6811479128856625,0.6802402698298404,0.6802402698298404,0.6803350134535946,0.6803160647288438,0.7537114410169793,27193,23509,True,0.9996139660737889,0.9992110862306657,1.3645247093717187e-06,0.9996061136681901,0.9992331333158018,2.362928942033593e-06,0.0005998999986670528,0.0005998999986670528,0.0005157184772586199,0.0005157184772586199,0.07398688966439748
14566072101,0.6833621100261967,0.6975511423025235,0.6649746192893401,0.6817762296058116,0.6818547186662697,0.6811212337739669,0.681046802429439,0.6883331349678647,0.7065106357408966,0.6757941834451902,0.6644172870999318,0.6842685908521677,0.6842874180083482,0.6832488822652757,0.683150019374646,0.720897395669909,28563,32242,False,0.9971874987073936,0.9966148427352198,6.3673157643001936e-06,0.9973791071719423,0.9968385011169638,5.560047261762742e-06,-0.0015858804203850996,-0.0015073913599270572,0.0009064808259710011,0.0009253079821515131,0.037535285643712224
14648401332,0.8173388665542731,0.8303243225659542,0.818782811588567,0.8250828298577275,0.8251477944520237,0.8249699568027542,0.8249317916071196,0.8376301275984728,0.8321313187351108,0.8137270550678372,0.8192570300618063,0.8265266433294438,0.8265167228415867,0.8259249659819866,0.826026376332588,0.7896450551023328,29894,27828,True,0.9979251614894242,0.996939970834097,6.929425083849035e-06,0.9983018957976206,0.9973203494595807,6.08324312860398e-06,0.007743963303454393,0.007808927897750562,0.009187776775170686,0.009177856287313602,-0.027693811451940276
14652810592,0.8367266904147195,0.835091099066153,0.8411022532612993,0.8379406460075423,0.8379184837852903,0.8378032786885246,0.8378032786885246,0.8385328008380254,0.8320494826516956,0.8297292889758643,0.8400867593414177,0.8350013082155939,0.8349357402138723,0.834777632439503,0.8347230396965535,0.8562325905292479,33685,29330,True,0.9997897504058764,0.9995154953820654,7.796482477872018e-06,0.9997001122413097,0.9992833369193049,1.254420206768495e-05,0.0012139555928227796,0.0011917933705708483,-0.001725382199125547,-0.0017909502008471856,0.019505900114528463
14678892718,0.43357118586476384,0.4324436402020659,0.4250656993744679,0.42867814589325065,0.42864612511671335,0.42863011652225874,0.42863011652225874,0.4271588785046729,0.44821735060071777,0.44206355312764484,0.4235296288096819,0.4360133748765104,0.43591399483361193,0.4354128718882817,0.43555673664629285,0.6886164839226315,28586,13676,True,0.9990815097667147,0.9986389245272494,1.6543477945440272e-06,0.9973331118096712,0.9964876071475057,7.1876165297997e-06,-0.004893039971513191,-0.0049250607480504915,0.0024421890117465317,0.002342808968848087,0.2550452980578677
14680986811,0.7438386026297885,0.7388085614678389,0.7492356009352648,0.7451861093782491,0.7451793115876735,0.7450613433146184,0.7450472057783755,0.7266426354539255,0.7503082187036806,0.7474512858315137,0.7490153022713237,0.7454615949153246,0.7454615949153246,0.7453231233643048,0.7451843850830183,0.7179972936400542,36004,31580,True,0.9984239229057714,0.9972985680019762,2.353380572548921e-06,0.9974703346298394,0.9967837818454207,3.053636896722125e-06,0.0013475067484606251,0.0013407089578849618,0.0016229922855360845,0.0016229922855360845,-0.025841308989734357
14742398172,0.7753010913201641,0.7625040979517368,0.7842346766745342,0.7721676121191126,0.7721676121191126,0.7723236844004908,0.7707880062821492,0.7502489376323577,0.7637887462699353,0.756059642428097,0.7837521060728152,0.7666566347077117,0.7665907169367898,0.7662173969090622,0.7633527875683157,0.869987409234378,37622,29870,True,0.9985695654382561,0.99475651252301,6.284560191162727e-06,0.9984533750135544,0.9951743446304722,1.641035211663597e-05,-0.003133479201051559,-0.003133479201051559,-0.00864445661245239,-0.008710374383374297,0.09468631791421389
14778198185,0.6141931600934646,0.6133527159268188,0.61316604490744,0.6132565452425538,0.6132348784624081,0.6132428803618118,0.6132428803618118,0.6138253268902786,0.6140863528495023,0.6091511053498231,0.618858869534305,0.6135768849908049,0.613547155132784,0.6135334889313248,0.6135551861937264,0.6766027494772434,26927,22812,True,0.9998953482443281,0.9997959980556065,1.3475756778617165e-06,0.999850351859469,0.9996772625489085,1.0954205047863572e-06,-0.0009366148509107886,-0.0009582816310564901,-0.0006162751026597135,-0.0006460049606805685,0.06240958938377883
14899015793,0.794980224372528,0.7955343140915541,0.796089176734338,0.7957522035755191,0.7956927673347441,0.7958314657104437,0.7958512837114327,0.7897155847685883,0.804789604895369,0.7983363309352518,0.7942097415506958,0.7956531481066547,0.7955739214856489,0.7954353128577829,0.7954947106409459,0.8501330895598634,40494,32252,True,0.9994187320207788,0.9973766624963144,6.565456282753269e-06,0.9988031806839758,0.9947256997293256,9.092816040617846e-06,0.0007719792029911021,0.0007125429622161228,0.0006729237341266403,0.0005936971131208502,0.05515286518733542
15135657108,0.9304722327162825,0.9209628247713518,0.9389724367369673,0.9307984101316327,0.9308135229488129,0.9308135229488129,0.9307358653105022,0.9236743316564585,0.9246255460000302,0.9421599843063876,0.9325122042808862,0.9314408303243643,0.9315637605184838,0.9315946146058417,0.9314283987367594,0.748472241271583,31906,34271,False,0.9988185176284167,0.9983440779669931,1.2837712193860228e-06,0.9982085138639439,0.9977376503119796,6.089693742787963e-06,0.00032617741535012623,0.00034129023253037793,0.0009685976080817671,0.001091527802201231,-0.18199999144469958
15210828119,0.589407626032257,0.5795854517012123,0.5950705284369455,0.5884953091171518,0.5884599194178844,0.5883830030373199,0.5883511790182868,0.5810964649490713,0.5767086988304093,0.596233493397359,0.5932662890376519,0.5883470550981634,0.5883745476477684,0.5884854333795766,0.5882752171814671,0.5519503235962918,32504,23356,True,0.9949020722657684,0.9939691925188662,4.881562096814436e-06,0.9939541940353914,0.9926700082610163,6.606582903023186e-06,-0.0009123169151052934,-0.000947706614372601,-0.0010605709340936187,-0.0010330783844886282,-0.037457302435965234
15679023977,0.43820879291595466,0.4433573028409761,0.4261756373937677,0.434931770873487,0.4348479593016534,0.43513305052063245,0.4345799792011709,0.4440377804014168,0.43292916890491906,0.4283761722161054,0.4181056844289632,0.4310931112214878,0.4310437041564792,0.43132382736343133,0.42986132276744893,0.5741904178159158,26761,12296,True,0.9970984776356621,0.9954370502593853,1.9887769639444957e-05,0.9972202855477733,0.9953653966360493,1.9057891909529835e-05,-0.003277022042467659,-0.003360833614301284,-0.007115681694466858,-0.007165088759475469,0.13598162489996118
15799251138,0.7095176944163188,0.7111262040009879,0.7068309789588066,0.7094344282538898,0.7094344282538898,0.7094169074609172,0.7094344282538898,0.709030265596047,0.7104087475934245,0.7089339674047654,0.7050475511758779,0.7090049616153637,0.7090049616153637,0.7089998025276462,0.7089998025276462,0.6989933397732473,39334,35138,True,0.9998037558247884,0.9996350277713585,1.4942541014167162e-07,0.9986720115382502,0.9979100425800934,1.3763379985773546e-06,-8.326616242904095e-05,-8.326616242904095e-05,-0.0005127328009550958,-0.0005127328009550958,-0.010524354643071554
15994498891,0.6697288487183286,0.6611885392989592,0.6777823240589198,0.6749074211227967,0.6750755466018842,0.6745250866846457,0.6744382522084543,0.6055990938590583,0.6894302760879738,0.6419233524355301,0.6834066256229845,0.6767619838633128,0.6769730403060771,0.6740202632439017,0.6730895034195659,0.5043900706930501,29213,31720,False,0.9908227319761116,0.9879846042282591,5.172518709053477e-06,0.981188095471769,0.976075459469223,1.265395430937627e-05,0.0051785724044680626,0.005346697883555573,0.0070331351449841595,0.007244191587748472,-0.16533877802527852
16012165838,0.8240387690339721,0.8276872480898099,0.8224472263132057,0.8250190919616682,0.8250190919616682,0.8249987682908805,0.8250190919616682,0.8273293306648877,0.8286418102594573,0.8255713722785932,0.8219485844771282,0.8257106930644247,0.8257106930644247,0.8257353485046476,0.8257106930644247,0.8840418737678061,41513,34460,True,0.9996813683753175,0.9994087131142969,1.3871202903305855e-06,0.9995425477320019,0.9990572878897752,1.0723535189812862e-06,0.00098032292769612,0.00098032292769612,0.0016719240304525762,0.0016719240304525762,0.06000310473383397
16101081359,0.8665425691344197,0.851930620539723,0.8733063299181956,0.8624709362099237,0.8624709362099237,0.8626678688369003,0.8625800838408606,0.8486088763219971,0.8599837468330226,0.8722466960352423,0.8760795086755395,0.8643833658838661,0.8643559168638161,0.8644974830482905,0.8646763966414194,0.7687137696379064,32673,31702,True,0.9983673149090814,0.9979520117301118,3.073285283409393e-06,0.9976209570779874,0.9967787349223173,4.223491437743899e-06,-0.0040716329244960825,-0.0040716329244960825,-0.002159203250553632,-0.0021866522706036617,-0.09782879949651335
16369370669,0.675248124133756,0.685838201738061,0.6642109708601192,0.6749996021832185,0.6749996021832185,0.6747419154723464,0.6750425691051736,0.6829051686554392,0.6862101843921201,0.6675578341484895,0.6626442075026929,0.6743967807097072,0.6743157928215893,0.6742085764711494,0.6743801390015427,0.7863673829285591,34371,27303,True,0.9969989841997335,0.9961016503438549,4.132867142928325e-06,0.9975530197273909,0.9964807008316798,9.841522173727297e-06,-0.0002485219505374836,-0.0002485219505374836,-0.0008513434240488005,-0.0009323313121667454,0.11111925879480311
16419739420,0.7093515214478221,0.7139609051928036,0.7028515152871659,0.7092768554466214,0.7092768554466214,0.7092125734483331,0.7092982853689855,0.7186736903536928,0.7153119963159107,0.7058832355544886,0.7112083775264786,0.713438405412375,0.7135099880174127,0.7135357397545026,0.7134770930391369,0.7454003069335954,31402,31179,True,0.998757312170804,0.997902605009204,9.078182924177362e-07,0.9981115053280162,0.9971787031623421,3.2253645101256225e-06,-7.46660012006517e-05,-7.46660012006517e-05,0.004086883964552923,0.004158466569590624,0.03604878548577328
16563757295,0.6981253735098921,0.6976260285633217,0.6959404388714734,0.6973982256339268,0.6973982256339268,0.6974296860252942,0.6973982256339268,0.69286542015096,0.6976567927745847,0.6756488852289017,0.6959237758707724,0.6907134378709314,0.6906368093944221,0.6906368093944221,0.6906211936662606,0.8105380333951763,33530,27156,True,0.9997957244784268,0.9995266517383994,1.4587154071730893e-06,0.9988529144102937,0.9978470888550657,4.79247394329595e-06,-0.0007271478759652839,-0.0007271478759652839,-0.007411935638960698,-0.007488564115470053,0.11241265988528415
16659090834,0.7742456661281166,0.7830457858399491,0.7537950730876911,0.7706114426926023,0.7706114426926023,0.7710806785151335,0.77159395123363,0.785200563505598,0.7818663352419845,0.7814470800471128,0.7555110503081675,0.7809303763005695,0.7806722071045084,0.7812182516895623,0.7814290553976226,0.7545106951461081,35067,29394,True,0.9987970959250659,0.999134585501518,1.7655911747447716e-06,0.9985763548091512,0.9983751563882093,9.692812613157848e-06,-0.003634223435514339,-0.003634223435514339,0.006684710172452868,0.006426540976391726,-0.019734970982008493
16804898716,0.7670249887438091,0.7688772624434389,0.7657089793736106,0.7680527326106594,0.7680375995031897,0.7679574384013999,0.7679650014112335,0.7639023555580905,0.7677670340822598,0.7594661961575085,0.7687289978256573,0.7666016453227038,0.7666355721393034,0.7666054267947994,0.7665564317815653,0.5840760772961581,34607,31506,True,0.9997876093654952,0.9995585270422108,2.9509625031967635e-06,0.9996686028531562,0.9994698074466023,2.49611606760829e-06,0.0010277438668503391,0.0010126107593806388,-0.0004233434211052822,-0.0003894166045056435,-0.18294891144765102
16950760048,0.608143130614048,0.6107682768394945,0.6040538950341257,0.6077145299649206,0.6077260936210352,0.6075428874609444,0.6075787053413513,0.6141229129244088,0.6068991996219617,0.6071239484675569,0.6009619627570382,0.6074594339900462,0.6074825524897671,0.6074120972966606,0.6073858114674441,0.6606684217285219,32587,24122,True,0.9994647012474498,0.9990293969989401,3.184332038070069e-06,0.9990328266902454,0.9984978763078834,6.854077487163204e-06,-0.0004286006491274197,-0.00041703699301276487,-0.0006836966240018061,-0.0006605781242808861,0.052525291114473904
17140316339,0.6429717851410743,0.6535394654591471,0.6374072476914154,0.6433577978897443,0.6433577978897443,0.6432998664325484,0.6432998664325484,0.6622020361187066,0.6413555771676517,0.6372177377395234,0.6448870902225098,0.6452171295250997,0.6451977060975059,0.6450423607662559,0.6452171295250997,0.764738890397321,36066,24165,True,0.9987044354240389,0.9961128067001889,4.977843761484052e-06,0.998050209842241,0.9942674922370354,4.04873859698636e-06,0.000386012748670006,0.000386012748670006,0.0022453443840253495,0.002225920956431593,0.12176710525624668
17537079145,0.8289909077358771,0.8268630540114741,0.8311480795651395,0.8287909927620409,0.8287909927620409,0.8287760998421351,0.8287760998421351,0.8251823951598553,0.8299525698773976,0.8309520968800334,0.8319428246762955,0.8286496784948797,0.8285510179783308,0.8287385751287624,0.8288126004882987,0.811568943404913,36295,32192,True,0.9997166022403731,0.9992190550566185,7.551352878007125e-07,0.9984615667416596,0.997219410997511,3.7318299292593696e-06,-0.0001999149738362016,-0.0001999149738362016,-0.0003412292409974427,-0.0004398897575463856,-0.0174219643309641
19306860381,0.7402219873150105,0.7349653849361915,0.7441210029777642,0.7397256462338964,0.739781296085033,0.7397328881469115,0.739621591541458,0.7427652285324347,0.7304288536999416,0.7419642359757117,0.7449764499317187,0.7399526528338671,0.7400640579306503,0.7398412477370839,0.7397576939144966,0.7155375172097292,29723,34746,False,0.9994326716678138,0.9993130872028624,3.358465879637457e-06,0.9993788804417788,0.9991499918983603,4.011003783049475e-06,-0.0004963410811141822,-0.0004406912299775856,-0.00026933448114341285,-0.00015792938436021142,-0.024684470105281298
20854461578,0.8490497329541513,0.8456146408839779,0.8515201057464867,0.848207171314741,0.848207171314741,0.8481777870158664,0.8481777870158664,0.8459704998445542,0.8437263143388686,0.8502952414032651,0.8484507139886316,0.8468456004427227,0.8468163110019714,0.8468748919096538,0.8468748919096538,0.8672084130019121,33296,29014,True,0.9997285930787461,0.998962458860936,1.5796148419984333e-06,0.9998150927762056,0.9992714498956539,2.4697180994342644e-06,-0.0008425616394103219,-0.0008425616394103219,-0.0022041325114285915,-0.0022334219521799037,0.018158680047760778
2401957951,0.2316428624105804,0.22897480135105583,0.2317853101785802,0.23033488144707895,0.23025608444922294,0.23041936667074214,0.2304362711532818,0.22958288665822044,0.23047008756053416,0.23086534692277538,0.23289093200860086,0.23075792824782662,0.2306957841649121,0.23085969081510155,0.23089363161892626,0.2840563108552136,41978,10722,True,0.9972008848414371,0.9948473571388727,6.097171843262486e-06,0.9960226339236019,0.9941495536129327,4.6743622417240355e-06,-0.0013079809635014594,-0.0013867779613574716,-0.0008849341627537866,-0.0009470782456683091,0.05241344844463319
2404965389,0.7665986260178661,0.7577091060729101,0.7768352902447053,0.7676835290244706,0.7677713157028421,0.7671787556238341,0.7670580489410732,0.7357589726703985,0.7706664618490641,0.7731862583690045,0.7713019244695091,0.7654566205034787,0.7654785681364265,0.7654456466870048,0.7651822750916314,0.5716955002088325,38986,49712,False,0.9943558585077672,0.9909601638390616,4.723748425902486e-06,0.994453143005242,0.9922758170038809,4.9806809405296306e-06,0.0010849030066044651,0.0011726896849759694,-0.0011420055143873675,-0.0011200578814396511,-0.19490312580903357
2432219254,0.5219512195121951,0.5172645770693466,0.5204861253995035,0.5196036781735209,0.5196036781735209,0.5196200709968339,0.5196353916798027,0.5260787328715862,0.5164330894208111,0.5138486864668359,0.5555312247663103,0.5307558799010564,0.530770387175247,0.5310275086434262,0.5310335405423868,0.4706045706258066,34003,25584,True,0.9952442317095066,0.9943867589987967,4.061113059202273e-06,0.9919255841376589,0.9913524957034747,5.6927227142738785e-06,-0.0023475413386742083,-0.0023475413386742083,0.008804660388861296,0.008819167663051908,-0.05134664888638857
2462141223,0.6679849895147345,0.6558078727748129,0.6702292042235385,0.6643561474365972,0.6641397614892379,0.6632704950782754,0.6634632852523344,0.6417261055634808,0.6562167151885252,0.6739787331701347,0.664033956587148,0.6616881935601236,0.6615390210197105,0.660925178967259,0.6609765852239674,0.5902404856409059,22950,25632,False,0.9967166717977425,0.9957988349576457,4.2677281248368966e-05,0.9921434840172806,0.9916343265146746,2.6728726888964217e-05,-0.0036288420781372954,-0.003845228025496583,-0.0062967959546108565,-0.00644596849502399,-0.07774450387382859
2465634368,0.8398622407855206,0.8409700344347572,0.847033742556789,0.844010038304055,0.8439999412981906,0.843955914941078,0.8440054595887697,0.8396448923982948,0.8432946207583368,0.8484049215354011,0.8442840587363758,0.8441825307128913,0.8441972083192673,0.8441274453690251,0.8440788411582547,0.6000249574942675,37729,40488,False,0.9983519776983383,0.998385515861948,4.434811058863251e-06,0.9985877851956365,0.9983738282505504,3.3431775253185214e-06,0.004147797518534335,0.0041377005126699284,0.004320289927370657,0.004334967533746625,-0.2398372832912531
2499673064,0.4828966267378784,0.48470808896602885,0.4787441416780723,0.48162056160554095,0.48162056160554095,0.4816071652086839,0.4816071652086839,0.4889237155322123,0.48204964015757895,0.476399455213306,0.47890304111521387,0.48164735663518643,0.4816339587476877,0.4814866311647502,0.48151341129357456,0.557644171779141,38989,20448,True,0.9992580824404497,0.9959964618412769,4.130181024913676e-06,0.9984752985808757,0.9909094289804949,1.4238225250125257e-05,-0.0012760651323374672,-0.0012760651323374672,-0.0012492701026919906,-0.0012626679901907023,0.07474754504126263
2509250774,0.6275594056015887,0.6283645306735893,0.6286857261095975,0.6282130372198231,0.6282042494859493,0.628140531276778,0.6281233933161954,0.6244542223726519,0.6308864504145024,0.6365188902830057,0.6201038144998805,0.6268809849521204,0.6268894056494084,0.6269197879254318,0.6270055762717662,0.5960452943792549,31487,21590,True,0.9986951810228234,0.9969798149638613,1.0221936541018439e-05,0.9981102481775811,0.996492654070609,8.544405068113746e-06,0.000653631618234396,0.0006448438843605908,-0.0006784206494683254,-0.0006699999521803113,-0.03151411122233383
2542659118,0.2932726638656858,0.299915684361929,0.29446890339557713,0.2962643057654934,0.2962643057654934,0.2962507682851875,0.29617691528070844,0.29143886382836287,0.3067086132131622,0.30708578821308063,0.2945147115336419,0.300879617994471,0.3008897005847561,0.30081232727577256,0.3006810461672328,0.3190443201595053,28407,13941,True,0.9951067093408665,0.9932089665229622,1.607343928433408e-06,0.9897987651161285,0.9871117521588877,3.4900865264372874e-06,0.0029916418998076066,0.0029916418998076066,0.007606954128785204,0.007617036719070325,0.0257716562938195
2630218696,0.7600390048349743,0.785564754662957,0.7526101263423023,0.7669511584813277,0.7668700039224704,0.7667617978439939,0.7663911696673745,0.7540520446096655,0.7926040019996488,0.7314021045788811,0.7488039250233793,0.7537518437825622,0.7537518437825622,0.7537518437825622,0.7537383114334817,0.5569672639986757,30904,35936,False,0.9969937380462239,0.9970961598227733,2.5206354109874943e-06,0.9968036791515917,0.9957231311110933,3.059322981348276e-06,0.006912153646353336,0.00683099908749607,-0.006287161052412116,-0.006287161052412116,-0.20307174083629864
2695985181,0.6148205863119669,0.612591905401476,0.6043521671932488,0.6088914597363964,0.6088914597363964,0.6088914597363964,0.6089417792653196,0.6029845828585549,0.6089394711823305,0.6014983704545147,0.6104806639786063,0.6034061600185592,0.6034169839385379,0.6032688031214614,0.6034334529674259,0.6363390238399639,36167,26476,True,0.9982217898179668,0.9981337009618373,1.6385362292550506e-06,0.9967150118796758,0.9950664998525768,5.038541307742732e-06,-0.0059291265755705425,-0.0059291265755705425,-0.01141442629340772,-0.011403602373428967,0.02151843752799698
2698329253,0.7451057964726001,0.7451822317640444,0.7447883523811948,0.7451157926953683,0.7451157926953683,0.7451347973576147,0.7451538029893384,0.7422830443996221,0.7469391936888479,0.7444328638975037,0.7429203653014761,0.7442929370307951,0.7442929370307951,0.7442549279950975,0.7442801695521168,0.7329801590719843,39705,32521,True,0.9995101123998882,0.9990931476065631,5.035700201201675e-07,0.9987747405251133,0.9973790531441002,1.4309350902334816e-06,9.996222768204888e-06,9.996222768204888e-06,-0.0008128594418049806,-0.0008128594418049806,-0.012125637400615785
2766580444,0.22318102334068274,0.22273227360673772,0.222487494315598,0.22273227360673772,0.22259715639810426,0.22269847892880174,0.22278298485940878,0.2221003253385791,0.2246240961089643,0.22429799426934097,0.22343583498249353,0.22370827617741199,0.22362306696122497,0.223733851606265,0.22383621182660415,0.39257720908420984,26777,6342,True,0.9953719413157522,0.99447919737985,4.606056261025472e-05,0.9975866714078981,0.9971548635072929,1.958271611724787e-05,-0.00044874973394501416,-0.0005838669425784759,0.0005272528367292473,0.0004420436205422318,0.1693961857435271
2778088729,0.6092803105319444,0.6156062424969988,0.597361979874898,0.6066753410614305,0.6063884291006542,0.6056246555931669,0.6044579732914376,0.620247301433865,0.5976466933322978,0.5869971401334605,0.6033134187563871,0.5998713851430353,0.5997778816927753,0.599758397630738,0.5997817700011691,0.6864483531150197,25499,16924,True,0.9988578317702205,0.99877917586402,6.465605565391573e-06,0.9984621541681168,0.9980564033500944,4.165314813407938e-06,-0.002604969470513918,-0.0028918814312902663,-0.00940892538890914,-0.009502428839169075,0.0771680425830753
2808068937,0.5392657460424385,0.5463290654933523,0.5389380411801936,0.5433852589262674,0.5433533861133367,0.5432796100422274,0.5433238732805562,0.5670147027487747,0.5272276247905313,0.5465911417457175,0.539861083013015,0.5455735737374013,0.5454533058809092,0.5448614043451611,0.5450544359508919,0.5943928495259515,35648,24945,True,0.9992341994804113,0.9989433336786491,2.905996501402154e-06,0.997922053170552,0.9975548985701269,4.268670088099422e-06,0.004119512883828946,0.004087640070898235,0.006307827694962853,0.006187559838470746,0.05512710348351302
2811549163,0.6044238928350097,0.6026652680763821,0.5978447249345082,0.600426586592312,0.600426586592312,0.600426586592312,0.600426586592312,0.6064367651618134,0.5966085132751799,0.5968164392694716,0.6001955267299347,0.6003027197101518,0.600374228303101,0.6004553147870033,0.6004457900257462,0.4651176767555353,41179,34912,True,0.9974535313897444,0.9938130035301899,9.25303174842919e-07,0.9966962001973269,0.9927063992328676,4.113787362710643e-06,-0.0039973062426977846,-0.0039973062426977846,-0.004121173124857935,-0.004049664531908692,-0.13930621607947447
2819123278,0.8551070008206553,0.8559579107024362,0.8521673529689121,0.8543098556024971,0.8542290596135053,0.8542290596135053,0.8542559899117276,0.8578128465950502,0.8511082506592993,0.8538740157480315,0.8541101935321188,0.8545792859846095,0.8544714934409687,0.8544872603430878,0.8544714934409687,0.9160735793277127,33146,28845,True,0.9996527167373136,0.9993895879320099,4.235406720191708e-06,0.9994937777140525,0.9989876934764536,3.5089358656119804e-06,-0.0007971452181582128,-0.0008779412071500126,-0.0005277148360457451,-0.0006355073796865396,0.060966578507057445
2858344348,0.8845238095238095,0.883000700280112,0.8901785714285714,0.8865896358543417,0.8866421568627451,0.8864495798319327,0.8864495798319327,0.8804271708683473,0.8909488795518208,0.887937675070028,0.8957107843137255,0.8887955182072829,0.8888830532212885,0.8884978991596638,0.8884628851540616,0.8221813725490196,30114,34944,False,0.9995686354428874,0.9982691710030361,7.474281197382155e-06,0.9994394528650403,0.9983135308008406,5.195270423785445e-06,0.0020658263305322055,0.0021183473389355667,0.004271708683473374,0.004359243697478976,-0.062342436974789917
2895192729,0.862202293443105,0.862176942753815,0.8631689061763319,0.8626931567328918,0.8626931567328918,0.8626931567328918,0.8626931567328918,0.8585264513108615,0.8651907316785566,0.8626856890719223,0.8648884291414216,0.8625974408001177,0.8625720673020355,0.862622815791022,0.8626334833642221,0.844729390053772,35635,31863,True,0.9996970803097156,0.9986421120576305,3.2741459510793975e-06,0.9995512876424167,0.9982779367115842,9.340234969240822e-06,0.0004908632897868692,0.0004908632897868692,0.0003951473570127373,0.0003697738589305555,-0.01747290338933294
2897081671,0.8559175310132312,0.8573482198476209,0.8554830142746487,0.8559969502994107,0.8559969502994107,0.856026307010437,0.8560217325686689,0.862620015219468,0.8478742981173029,0.854866949540199,0.863455561460296,0.8583196309126611,0.8583446404341927,0.8582371810216881,0.8582076450403,0.7703921403980183,30583,31849,False,0.9998859028335345,0.9997959980556065,4.916841531058371e-07,0.9990166356894621,0.9989853028286676,4.670720632634146e-06,7.941928617949401e-05,7.941928617949401e-05,0.002402099899429855,0.0024271094209614708,-0.08552539061521292
2897653916,0.3169573779715853,0.3155922826429497,0.3171804617117117,0.3162900056148231,0.3162900056148231,0.3162789065515668,0.3162900056148231,0.31285362213197265,0.31729212138280644,0.3131906317325735,0.31828936681145603,0.3154818159543561,0.3154818159543561,0.3154818159543561,0.3154818159543561,0.48387623924174744,29623,10200,True,0.999771254413818,0.999497963964969,1.134525439656323e-06,0.999623303697616,0.9993093684174177,2.477420457407494e-06,-0.0006673723567621748,-0.0006673723567621748,-0.0014755620172292039,-0.0014755620172292039,0.16691886127016214
2907554899,0.689358446144791,0.6888191873216518,0.6889733214134475,0.6891910985517485,0.6891910985517485,0.6891910985517485,0.6891910985517485,0.6859678982578068,0.6911654135338345,0.6895348017206929,0.691500870137811,0.6897679672424343,0.6897679672424343,0.6897517354982939,0.689753365339358,0.6500380060319251,43494,32660,True,0.9992759861471147,0.9972140984468758,1.5204866263841359e-06,0.9980495850184644,0.9945150570966379,1.9230935906208443e-06,-0.00016734759304248836,-0.00016734759304248836,0.0004095210976432506,0.0004095210976432506,-0.03932044011286595
2935372113,0.5157406640722033,0.5148369178886115,0.5177125758457318,0.5160654216448208,0.5160654216448208,0.5160312173783367,0.5160654216448208,0.5170249854735619,0.5145817154376167,0.5215985796358642,0.5154675008689608,0.5164419680612905,0.5164077138640623,0.5164419680612905,0.5164590968640653,0.570452145531343,30966,16345,True,0.9996214835991023,0.9993003370813378,6.762750157210845e-07,0.9993829622955567,0.9990859756632057,2.397640178259576e-06,0.0003247575726175178,0.0003247575726175178,0.0007013039890871875,0.0006670497918589424,0.05471148145913973
2961466546,0.46666526545882553,0.46672831981167767,0.4551473370044979,0.4614737904073311,0.4614737904073311,0.4614527722897137,0.46136869981924417,0.4697128925133465,0.4569548951195931,0.453087561477994,0.45361301441842866,0.4587834713523057,0.4587834713523057,0.4588675438227752,0.4587624532346883,0.29847604613959755,37233,37382,False,0.9975478952806163,0.9939293483891019,1.3738019622201985e-06,0.9978591103790545,0.9947620907011769,1.7762055120923735e-06,-0.005191475051494421,-0.005191475051494421,-0.007881794106519846,-0.007881794106519846,-0.16818921931922798
3012435981,0.4311650259457535,0.4294295527003544,0.43329552752763695,0.4296473810338925,0.42970215679561796,0.42965529519714046,0.4312982839953511,0.43009943784109095,0.42935176945718395,0.42119531731361676,0.4389193475615592,0.42661488424432886,0.4266031754744686,0.42640701552142946,0.43074354377369334,0.5115939470770415,30496,24034,True,0.9989840165432932,0.9991377730318992,1.307032725079746e-06,0.9978221284990063,0.9974637883267324,2.692476076283275e-06,-0.0015176449118610158,-0.0014628691501355484,-0.004550141701424648,-0.004561850471284934,0.08042892113128802
3052033339,0.3944070429829104,0.39242560865644727,0.3957494349034789,0.39412129993790107,0.3941111024864809,0.39416209502121935,0.39416209502121935,0.39053406148245007,0.3938257879359826,0.391035350293944,0.39709064365598684,0.3925267362453292,0.3925065065580952,0.39259755657508116,0.39263803680981596,0.262557141655215,42204,18816,True,0.9991485840647897,0.9975487891368965,1.121512399382614e-06,0.997875264728187,0.9935755325167944,1.818741854838969e-06,-0.00028574304500933456,-0.00029594049642950315,-0.0018803067375812166,-0.0019005364248151912,-0.13184990132769542
3102685146,0.5048729407496578,0.5190562922361993,0.5031267952400492,0.5116753988048409,0.5116753988048409,0.5116909635630241,0.5117602745459111,0.5264554366740752,0.5158268130823673,0.5118658828652297,0.5026481053339237,0.5142525213408987,0.5142525213408987,0.5142005757672689,0.5142352049835844,0.7164832447137381,34585,22081,True,0.9994219952370024,0.9989943341647475,1.3137487718366134e-06,0.999384720067654,0.9990535691043306,9.551416360664002e-07,0.0068024580551830915,0.0068024580551830915,0.009379580591240888,0.009379580591240888,0.21161030396408032
3109408703,0.7721466642161368,0.776966412540951,0.7723348233421101,0.773817169770927,0.773817169770927,0.773817169770927,0.7737865859253142,0.7827184047758254,0.771819537885476,0.7702423302623977,0.7760904982939351,0.7746842797296885,0.7746911692759295,0.774440572267058,0.7744385026737968,0.7196272867156779,30443,31772,False,0.9993563967988792,0.9990788037198479,4.933531631081024e-07,0.9978649954815492,0.997562601768548,4.394707716123901e-06,0.0016705055547902026,0.0016705055547902026,0.0025376155135516942,0.0025445050597927565,-0.052519377500458875
3202731977,0.7466113181972213,0.745381135585338,0.7339961302540036,0.7399023616790453,0.7399023616790453,0.7400459098497496,0.7400559288785008,0.7335989045188597,0.7485363991175972,0.7377648525135023,0.7336158308306249,0.7385156803131898,0.7384134915677701,0.7386169548010831,0.7388016167340306,0.8036198863345451,23793,22152,True,0.998648038537992,0.9983616093840895,2.4563957272290802e-06,0.9987957865858457,0.9986160805595178,9.949407259859785e-06,-0.006708956518175935,-0.006708956518175935,-0.008095637884031448,-0.008197826629451122,0.0570085681373238
3207674548,0.6159336279979711,0.6140186241247383,0.6161513646743267,0.6152496382054993,0.6152454686878188,0.6152412994718183,0.6152412994718183,0.6057798524747888,0.6186017025901105,0.6175222971503154,0.6162984425932633,0.6154846634632755,0.6154846634632755,0.6154179611299762,0.6154624277456647,0.671950069597234,27967,19864,True,0.9993116971548638,0.9990995226673254,2.5225452116489134e-06,0.9986750472815316,0.998472707841073,2.9708206708389394e-06,-0.0006839897924718619,-0.0006881593101523142,-0.00044896453469567277,-0.00044896453469567277,0.05601644159926289
3230152596,0.7048133132189327,0.7072161301733286,0.694828764701723,0.7002097671349109,0.7002097671349109,0.7003111079686064,0.7002333364759121,0.7035911211649937,0.7060664761049822,0.6964911035396555,0.6914986132656419,0.6991556404632184,0.6991556404632184,0.6991226622013632,0.6991249587244681,0.5148176291793313,37959,35834,True,0.9981157779314009,0.9975663205539927,8.783624460604971e-07,0.9980538950465873,0.997548257881833,8.388369575381657e-07,-0.004603546084021803,-0.004603546084021803,-0.005657672755714271,-0.005657672755714271,-0.18999568403960143
3403348616,0.7301414995524577,0.728015230842456,0.7366683936829582,0.7323212069130144,0.7323123341035385,0.7324522031438012,0.7324801833635756,0.7312796481591735,0.7271039017642266,0.7368675257433203,0.7360158890819853,0.7330157454705466,0.7330157454705466,0.7331024851255955,0.7330718454032336,0.7333503934489156,26212,21190,True,0.9985596432862814,0.9981528261441242,2.297461398452155e-06,0.9984653731087355,0.9981829080229386,2.5646195560046136e-06,0.0021797073605567263,0.0021708345510808025,0.0028742459180889357,0.0028742459180889357,0.003208893896457954
3413119417,0.6867051685917629,0.686479948705992,0.681814229821765,0.6842992501307912,0.6842793617577818,0.6842594745408045,0.6842793617577818,0.6919715118161217,0.6868820904663303,0.6761040601849193,0.6930644875803882,0.686673671307241,0.6865734796311428,0.6866553807536265,0.6866954668846142,0.7705191160996142,34264,24182,True,0.9994542557126618,0.9988030823418785,2.081629971177081e-06,0.9992998364414697,0.9985905803164687,2.5477511412609676e-06,-0.002405918460971712,-0.002425806833981081,-3.1497284521897484e-05,-0.00013168896062010216,0.08381394750785132
3416359816,0.40957720399135894,0.409302385358832,0.4108838097203591,0.4101151082841913,0.4101151082841913,0.41012566955088586,0.41012566955088586,0.4108520133102897,0.4082491150669471,0.4025551419382613,0.41504493942946463,0.4092357915841966,0.4092357915841966,0.4092989176543178,0.40933048799300664,0.4461212414303189,39702,16791,True,0.9996312611890282,0.9993433687414833,5.111242727671484e-07,0.9976258740878157,0.9972887397833011,4.3137896370211425e-06,0.0005379042928323474,0.0005379042928323474,-0.0003414124071623448,-0.0003414124071623448,0.03654403743895995
3484198977,0.6145078020766865,0.6165455074149462,0.6076907607446564,0.6118559828936342,0.611873663526556,0.611838303282478,0.6119443962776718,0.6025332578545146,0.6166331555788677,0.6024370153662624,0.6053813583566974,0.6068037522164388,0.606745589202482,0.606906906906907,0.6071040283817807,0.7688726490336462,34741,22150,True,0.9967579174183807,0.9961924949597176,2.7758618493614086e-06,0.9969572849798906,0.996326105608194,4.54463477400941e-06,-0.0026518191830523508,-0.002634138550130505,-0.0077040498602477525,-0.007762212874204533,0.15436484695695962
3535748358,0.6576658635482164,0.648362677066009,0.6636764010404351,0.6564010716989924,0.6564010716989924,0.6563537359501485,0.6563819563761321,0.6487078156540528,0.6520430788723471,0.6733501035809412,0.6625883392226148,0.6584562238736646,0.6582612732865185,0.6578741299303944,0.6578489383919248,0.6591310937105329,31647,29412,True,0.9994558748546399,0.9994405884181083,1.1473210905997545e-06,0.9988873177840684,0.9986997532320231,1.61590454602566e-05,-0.0012647918492240118,-0.0012647918492240118,0.0007903603254482139,0.0005954097383020773,0.0014652301623164776
3568893693,0.7306137089936737,0.7274428748128378,0.7318189219996744,0.7304471094310109,0.7304471094310109,0.7304471094310109,0.7304884804640401,0.727989746623287,0.7273518882832909,0.7357177694683791,0.7289605571465764,0.7306577661999348,0.7306101849439959,0.730548770558541,0.7305375573861231,0.7270751132544205,28376,26467,True,0.9995060016887404,0.9993098996724813,3.862036641709748e-07,0.9991217450155626,0.9989536931523878,1.0031822703618504e-06,-0.00016659956266285025,-0.00016659956266285025,4.405720626110554e-05,-3.5240496778499164e-06,-0.003538595739253192
3668283413,0.7321295010150657,0.7416188059302792,0.7290137248643472,0.7363931979316595,0.7363931979316595,0.7363735707241664,0.7363931979316595,0.7380526484408373,0.7490634713993464,0.7400106340555629,0.7257020870349253,0.7389893617021277,0.7390228983271722,0.7389957179712227,0.7388690887813182,0.6194914311150679,32408,33634,False,0.9986611567231702,0.9973702874355521,1.2148718291211903e-06,0.998276654837452,0.9974629245967738,2.5180869348895747e-06,0.004263696916593784,0.004263696916593784,0.006859860687062014,0.006893397312106475,-0.1126380698999978
3709678770,0.7750113011824605,0.7735582851180879,0.7729917954588819,0.7733996004946257,0.7733758204128223,0.7733758204128223,0.7733466504958265,0.7636451780731212,0.7770682492581602,0.7748285830327066,0.776715477205952,0.7738796050132928,0.7738796050132928,0.7737241870401139,0.7735710216483099,0.6780421649611639,36012,38752,False,0.9982044255932936,0.9959566177115126,2.030228339216356e-06,0.9956088807826706,0.9918601099166726,4.2383848532254225e-06,-0.0016117006878347828,-0.0016354807696382645,-0.0011316961691677507,-0.0011316961691677507,-0.09696913622129666
3719297546,0.6406421426266538,0.6403234729408702,0.6425260718424102,0.6412179197103886,0.6411884451337728,0.6411296841152316,0.6411296841152316,0.638416793942742,0.6391406350430646,0.6380542728825352,0.6414068282009203,0.6394013282428054,0.6393834407981266,0.6394352639178565,0.6395218228498074,0.6575905423156314,27114,26910,True,0.9988978302906588,0.9986947063089195,9.106703454333247e-06,0.9983949227600353,0.9984309381698794,5.344278227737964e-06,0.0005757770837347964,0.0005463025071190675,-0.0012408143838483765,-0.0012587018285271645,0.016948399688977656
3727937033,0.6359403147411713,0.6362801768106087,0.6407331628303495,0.6384869429028633,0.638508682328907,0.6384869429028633,0.6384869429028633,0.6245145306013125,0.637666655358415,0.6390438924804355,0.6437472185135736,0.6362927292457949,0.6362711519549663,0.6362280017632498,0.636192575012714,0.6450166112956811,28888,21566,True,0.9998431561598312,0.999614308823881,4.7659540044339894e-07,0.9995807399045727,0.9992817431541144,1.3640646875059138e-06,0.002546628161692044,0.0025683675877357093,0.00035241450462364377,0.00033083721379500997,0.00907629655450981
3749326537,0.536760198656442,0.5402883586224265,0.5355542519065866,0.537877173408883,0.537877173408883,0.5378367198566003,0.5378367198566003,0.5402747522570734,0.5403564007304326,0.5383090569209731,0.5345401088838779,0.538255033557047,0.538255033557047,0.5381875195986202,0.5382010210353348,0.47243564729469706,40906,22391,True,0.9983274280335935,0.9950959845086024,6.468150111949597e-06,0.9983583218497133,0.994581995234642,6.395150927100614e-06,0.0011169747524409912,0.0011169747524409912,0.00149483490060498,0.00149483490060498,-0.06432455136174492
3790233127,0.7879390913452142,0.7965509163317896,0.7833442229246499,0.791036514596911,0.7910900812427462,0.7911138096683751,0.7912655175493436,0.7984683229588225,0.7946792649409905,0.7947456619276718,0.784485045720653,0.7945739918376152,0.7944777004799655,0.7948312141431217,0.7949382116453511,0.7947199844705426,29615,24864,True,0.9995871317329409,0.9989130521400282,4.080888768584392e-06,0.9994960039125304,0.9989754746099924,8.457411356865897e-06,0.003097423251696818,0.0031509898975319306,0.006634900492401008,0.006538609134751239,0.006780893125328369
3801318146,0.5937484308310319,0.5899138190199419,0.5945131858517685,0.5924687554787487,0.5924812783329576,0.5925415748347025,0.5924446559150556,0.6147816493046646,0.5840917544947303,0.5925657071339174,0.5927184107525294,0.5955777460770328,0.5956003803994194,0.5962121401908961,0.5965187097420988,0.6325706170112041,35915,31885,True,0.9964795672635136,0.9950322339009794,2.6694313549588974e-06,0.9921833757327487,0.9905832383714906,5.566166037909598e-06,-0.0012796753522832383,-0.0012671524980742976,0.0018293152460009399,0.0018519495683875231,0.03882218618017219
3828103578,0.48873217309337197,0.48721697210184656,0.4858009183054665,0.4862294569876612,0.4860785844392402,0.4862632117877783,0.4862969712748416,0.487488463614676,0.4814732104512738,0.4824100700842044,0.4876636586510876,0.48490301593618607,0.48485267911209534,0.48490249346784103,0.4849528424331574,0.6230442692540934,32578,18061,True,0.9994589580787009,0.9989608650957454,8.07415250534565e-06,0.9991138835028607,0.9981690294235617,5.434388903325369e-06,-0.0025027161057107894,-0.002653588654131789,-0.003829157157185903,-0.003879493981276627,0.13431209616072143
3896768873,0.7887199784114419,0.7937375656444356,0.7865220238200576,0.7944884565174628,0.7944884565174628,0.7944673926649143,0.7944884565174628,0.7951282005658262,0.7927851608690281,0.7835848688527497,0.7933707328295609,0.7914184184007214,0.7914743895754875,0.7914081145584726,0.7915922395345135,0.787064307866352,27492,28246,False,0.9989293682920427,0.9985114233120035,1.4352002045695726e-06,0.997544504561898,0.9964546693335671,3.739447188189056e-06,0.00576847810602088,0.00576847810602088,0.002698439989279433,0.0027544111640456226,-0.0016556705450899711
3908875350,0.4826180038739933,0.47555292657942955,0.48282084491464994,0.47977272397848997,0.4798492862836026,0.479646992334111,0.479646992334111,0.4728720551223336,0.47454931837566683,0.4812638084648597,0.48449799196787147,0.47803411374096927,0.47801188084960894,0.47786853697130394,0.4780153172554445,0.48606561979449364,31595,22063,True,0.9988978677075872,0.9985050482512411,7.58490354161469e-06,0.9959720179764139,0.9956075831347766,1.0350363770575426e-05,-0.0028452798955033165,-0.002768717590390657,-0.004583890133024016,-0.004606123024384345,0.0034476159205003576
3956341886,0.5589402911258738,0.5620477300596962,0.5549498038694236,0.5589727797340903,0.5589727797340903,0.5589396880647969,0.55894284451942,0.5394168245702523,0.5737851270503271,0.5414746237730286,0.5645699103287944,0.5544461820174559,0.5544551808935755,0.5546809221516873,0.5545501931275979,0.5496981192175714,31177,29676,True,0.9992515540174842,0.9986739873614421,1.0762007665729369e-06,0.9986935865714875,0.9976061646837571,2.2983496890888197e-06,3.248860821647437e-05,3.248860821647437e-05,-0.004494109108417965,-0.004485110232298362,-0.009242171908302454
4007045926,0.4674722192253749,0.43856275303643727,0.4684493134887744,0.4528006130695277,0.4527533001288705,0.45317947287686516,0.45341658237120236,0.4014639117946817,0.4502285951787199,0.43095845903922025,0.4740181599387376,0.43653032440056416,0.43633983417810746,0.43769150476447016,0.438207928802589,0.6419781221513218,29596,14788,True,0.9952283991786388,0.9953350492871885,5.721585197618567e-06,0.9932269809041765,0.9940209898875599,8.861144805441726e-06,-0.014671606155847228,-0.014718919096504413,-0.030941894824810745,-0.031132385047267452,0.17450590292594687
4041216001,0.7160033519960165,0.7163953417474545,0.712109266020548,0.7138479870627288,0.7138479870627288,0.7137855154219299,0.7138202288173716,0.7065710200540151,0.7188516303487253,0.7074042987994015,0.7132569558101473,0.7115452498326335,0.7115836366070668,0.7113472328720439,0.711315863143417,0.6169199757614731,37717,35148,True,0.9992299457362467,0.9917921092685414,4.132575767397796e-06,0.9987075899539134,0.9878932283573327,3.4689723563855464e-06,-0.002155364933287718,-0.002155364933287718,-0.004458102163383049,-0.0044197153889496965,-0.09908337623454344
4180455681,0.4259831171505044,0.4142280356368247,0.44182652952272483,0.42753822840611655,0.42753822840611655,0.42771499448732087,0.42752350449426596,0.4283939540340948,0.4176282590412111,0.4381463311333075,0.4415122523740086,0.4314461474298822,0.43138617646036764,0.4314761391679121,0.43014553014553014,0.4668199612329444,31386,14658,True,0.997331056594282,0.997194973264589,2.2700196400352107e-06,0.9963128707218933,0.9954782225268084,4.248185833861435e-06,0.0015551112556121405,0.0015551112556121405,0.0054630302793777785,0.005403059309863234,0.04083684408243998
4303617148,0.8332396301849075,0.8291686091686091,0.8366314863676341,0.832651403941656,0.832651403941656,0.832651403941656,0.832651403941656,0.8226650563607085,0.8320184601952041,0.8415582779579882,0.8316179690921605,0.8319439240664419,0.8319439240664419,0.8319439240664419,0.8319439240664419,0.7409486430570768,33465,31603,True,0.9995711391214016,0.999550558216258,5.073101132030481e-07,0.9982290984970255,0.9980040747263375,2.03285580859253e-06,-0.0005882262432514995,-0.0005882262432514995,-0.0012957061184656338,-0.0012957061184656338,-0.09229098712783079
4351373013,0.6901817866284872,0.6801731427998108,0.6933750924355127,0.6873548294020053,0.6873548294020053,0.6871889560463338,0.6873080638417509,0.6844314734678034,0.6878591798034192,0.6936285651440721,0.6931676484499291,0.69132892815315,0.6913578461849886,0.6913710575407441,0.6913951304096525,0.7022102063572072,31834,27951,True,0.997734472249667,0.9977336658990031,1.0869365818982413e-06,0.9960098542240473,0.9932371230413292,2.0326809989205477e-06,-0.002826957226481852,-0.002826957226481852,0.0011471415246627759,0.001176059556501463,0.012028419728720041
4407899725,0.6522574308905514,0.6518078542183265,0.65252937431267,0.6522329423999076,0.6522618291062453,0.6522517838056446,0.6522706262999769,0.656169610081799,0.6496949113516003,0.6475508796136599,0.6600875912408759,0.654000693761924,0.654000693761924,0.6539717870150893,0.6539806891766883,0.632471136059195,28564,33959,False,0.9999507244690923,0.9998932177322315,1.3876268593888247e-06,0.9996504337367232,0.9993630251788338,2.1720617284356845e-06,-2.448849064384806e-05,4.398215693868224e-06,0.0017432628713726084,0.0017432628713726084,-0.01978629483135641
4479260803,0.5323984297403396,0.5280391418893489,0.5359570578031972,0.5317944864509463,0.5316473513817858,0.5323171590962469,0.5323186771890267,0.5327116144073845,0.5230914884773472,0.5403674965487695,0.5305537428917685,0.5318743829627192,0.5319623971797884,0.5320799059929495,0.5322080120368629,0.4421560939370176,22641,21830,True,0.9986048044354994,0.9982755460637984,3.0061039559345555e-05,0.9973852070431796,0.996624670953895,1.4152978268078335e-05,-0.0006039432893932828,-0.0007510783585538139,-0.0005240467776204127,-0.00043603256055113615,-0.09024233580332197
4543136011,0.6092522606304043,0.6077772728170878,0.611478371349731,0.6091997230190919,0.609074905552149,0.6091274158770351,0.6091274158770351,0.6073971792089949,0.6078718644202024,0.6133368106405601,0.6070790202510263,0.608992499653678,0.6089709344888309,0.6091483086910912,0.6092008630757962,0.6431457275575241,31154,23373,True,0.9997849294111222,0.9995744646941166,9.014061126017583e-06,0.9993617513415347,0.9986580497095363,8.4352957822881e-06,-5.253761131240875e-05,-0.00017735507825522578,-0.0002597609767263087,-0.0002813261415733903,0.03389346692711981
4576746825,0.31067550186418325,0.3091073826589221,0.31352010145428794,0.31116912784531287,0.3111752900288805,0.31119959529365687,0.3112199102407181,0.3091380008093889,0.30986761958905223,0.31183965451878226,0.3155070531496387,0.31130920311505117,0.31130920311505117,0.31132953450781264,0.31133970120009796,0.4456127715760413,32051,11408,True,0.9990365556024142,0.9991521169186144,2.7163857992367336e-06,0.999062505550287,0.9988434577267066,3.2765598249100146e-06,0.0004936259811296195,0.0004997881646972568,0.0006337012508679241,0.0006337012508679241,0.13493726971185804
4646464908,0.6846529711553617,0.6690007141488565,0.6951632427501272,0.6855049345276701,0.6854939083179946,0.685774388640547,0.6855770410757175,0.6631721221993103,0.6840452591877906,0.6948962226082075,0.6987421273310994,0.6890728302614735,0.6890903670448766,0.68911217493468,0.6887177958224452,0.4842498195200113,30112,46729,False,0.9952674533517996,0.9947708564097252,6.752281464281955e-06,0.9954292160998509,0.994469103533643,7.129531070875378e-06,0.0008519633723084175,0.0008409371626328932,0.0044198591061117565,0.004437395889514861,-0.20040315163535044
4657718822,0.771671878118555,0.7769246244635193,0.7629886113754965,0.7696031298696993,0.7696031298696993,0.7696299489356058,0.7697320421834583,0.7815286409078628,0.7680521543450923,0.7808537901267871,0.7587112561174552,0.772748475660547,0.7727393882854667,0.7728605705145295,0.7728863265238111,0.8362310385064178,31878,25656,True,0.9995827150971345,0.9990246157033684,1.355131865558867e-06,0.9987499437231522,0.9976853216882223,4.085092044220305e-06,-0.002068748248855723,-0.002068748248855723,0.0010765975419920748,0.001067510166911756,0.0645591603878628
4717096777,0.3690179128419927,0.36925044483985764,0.3431693259452122,0.3567809041205494,0.356788833818594,0.3567809041205494,0.35643630382110386,0.3728359072499889,0.3138001855041738,0.32672240802675584,0.35468116680325146,0.34441070874517976,0.3444550330215859,0.3457011769399561,0.3451180316967749,0.3600381429506703,37335,31738,True,0.9859504298436352,0.981561730510244,2.508575693021815e-06,0.9877681806475739,0.9850087789899247,3.7712507254411094e-06,-0.012237008721443288,-0.012229079023398703,-0.02460720409681294,-0.02456287982040678,-0.008979769891322376
4755507106,0.703376986748533,0.7014948553678897,0.7019182329006006,0.7016441755855437,0.7016169684749312,0.7016169684749312,0.7013565891472868,0.6958713486161159,0.7057369329775546,0.7031718233119284,0.6998380629241209,0.701721731037692,0.701694520919772,0.7017411199007291,0.7013641295923113,0.7765137269650244,26246,19552,True,0.999536561869212,0.9991457418578521,3.2227688559806626e-06,0.9994786426765666,0.9992719149354392,1.9297419347762415e-06,-0.0017328111629892895,-0.0017600182736018377,-0.0016552557108410193,-0.0016824658287609706,0.07313674021649141
4758950312,0.5005780581303368,0.4972469981104858,0.5062875888463642,0.5013895368886545,0.5013895368886545,0.5014502748422953,0.5013285734569278,0.49994892643363503,0.49553652760065586,0.4996497408081981,0.5078672216018678,0.5002935638653251,0.50027330701488,0.5003137207278321,0.5002327793858673,0.588802663467894,27105,16298,True,0.9987014557606962,0.9985448923810055,2.37289050379448e-06,0.9981864230030801,0.9982338425413118,9.740878659217633e-06,0.000811478758317663,0.000811478758317663,-0.0002844942650117588,-0.0003047511154568028,0.08822460533755716
4767923306,0.7231585129291168,0.721270958908981,0.7245908660967644,0.7227516431841257,0.7227872677722164,0.7227239530451202,0.7225417059839407,0.7145250903959784,0.7237031892729312,0.7142532711423231,0.7247296117456301,0.7202706772244956,0.7201983529620118,0.7200708277999115,0.719092981742988,0.7995892802135743,34341,28582,True,0.9990597906034676,0.9971567229000151,7.198234693671108e-06,0.9983294878775121,0.9955196604217634,2.0425814935797757e-05,-0.00040686974499115625,-0.0003712451569004571,-0.0028878357046212555,-0.0029601599671049694,0.07643076728445752
4876943924,0.1463848071720333,0.14214817902360236,0.1479030754892824,0.144837299915754,0.144837299915754,0.1448619046365288,0.1448470166938754,0.14088050314465408,0.14345179249700818,0.15384615384615385,0.14143133462282398,0.14498053864841567,0.14498053864841567,0.14501293475136534,0.14506640870110857,0.33420736370588877,37796,6852,True,0.9955893945372695,0.988647610547538,1.4414370163536895e-06,0.9909309410667958,0.9805236581161165,3.2380609463670515e-06,-0.0015475072562793069,-0.0015475072562793069,-0.0014042685236176355,-0.0014042685236176355,0.18782255653385546
4938432980,0.565600493435545,0.5630372492836676,0.565949567977429,0.564638616038704,0.564638616038704,0.564638616038704,0.5646551724137931,0.5586434974326245,0.5650030807147258,0.5652020780135599,0.5566894079555966,0.5614613096973584,0.5612976565232599,0.5616414384460583,0.5615431720759338,0.7208152255357411,34720,19930,True,0.9981035168504616,0.9904469714476966,3.8142576851362374e-06,0.9983670124283276,0.99243545915047,1.4539920247821599e-05,-0.0009618773968409489,-0.0009618773968409489,-0.004139183738186558,-0.004302836912285057,0.1552147321001961
4957886467,0.6700653207749672,0.6686257888292362,0.6687939207259715,0.6687356707487558,0.6686858143999403,0.6685618417373473,0.6685744113644414,0.6661166013464099,0.6750897044026352,0.6708200962581087,0.6690230532124993,0.6707681887452729,0.6707553381619791,0.6706603720352851,0.6706612736337128,0.6512618941059719,30160,23207,True,0.998855607267551,0.998842926471643,3.6515556017728236e-06,0.9990338012529034,0.9988559422206992,6.890955928024286e-06,-0.0013296500262113264,-0.0013795063750268177,0.0007028679703057206,0.0006900173870119097,-0.01880342666899526
4965189170,0.4425010022420526,0.44420121448384436,0.44194873163427184,0.4431521658092895,0.44313895060163716,0.4431738553516318,0.4431738553516318,0.4449497620306716,0.44382249494873904,0.44654097498685497,0.44049607544603925,0.44406855774268394,0.4440286779123198,0.44396222744346836,0.4439888052441744,0.593165191801546,34542,16568,True,0.9992503949370211,0.9983329216106591,8.711000531864542e-06,0.999106523228415,0.9982439363875187,1.2339316888474477e-05,0.0006511635672369342,0.0006379483595845836,0.001567555500631368,0.0015276756702672367,0.15066418955949346
5006362787,0.8379325795313777,0.8361772052057316,0.8385429031151909,0.8378591935101536,0.8378591935101536,0.8378591935101536,0.8378591935101536,0.8385578707940077,0.8295301303577567,0.8314329453374508,0.8445921052631579,0.8365425139605942,0.8365688547044569,0.8365688547044569,0.8365161732167317,0.6199353649742261,32712,38334,False,0.9996754312433759,0.9994565260700141,4.726003247403494e-07,0.9995728424457556,0.9994424478108307,1.053214834778115e-06,-7.338602122408666e-05,-7.338602122408666e-05,-0.001390065570783472,-0.0013637248269208202,-0.2179972145571516
5130986168,0.6306124491293615,0.6367590532065547,0.6350298798093064,0.635894070933441,0.635894070933441,0.6359322946461621,0.6358681022880215,0.6378128271809247,0.642694568060604,0.6269619579675446,0.642078821412811,0.6392471480315494,0.6392255094441812,0.6390862944162436,0.6375645308229578,0.6700930797248078,30758,20151,True,0.9981745641824413,0.995280861270709,3.2567086313158825e-06,0.9975907054007161,0.9943846339785424,5.065385850116056e-06,0.005281621804079428,0.005281621804079428,0.00863469890218782,0.008613060314819676,0.039480630595446264
5179649119,0.5769957452945843,0.5796766743648961,0.573850959393128,0.5768235379165763,0.5768235379165763,0.5767323511977909,0.5767823836444341,0.5806601243712584,0.5778375953342306,0.5745346495050071,0.5734154751771003,0.5752959622549231,0.5752959622549231,0.5752995153101583,0.5753060138371474,0.5537556191254598,32235,25172,True,0.999281740016058,0.9989146459052188,7.949201102342335e-07,0.99876632140914,0.9980973099899858,1.2864372826658067e-06,-0.00017220737800804908,-0.00017220737800804908,-0.001699783039661229,-0.001699783039661229,-0.02324012616912452
5194793239,0.3989592985957659,0.39739566322545833,0.39785894027495416,0.39762151717082733,0.3976102183765966,0.3976441166858491,0.3976441166858491,0.3980060586235831,0.39444937770448363,0.39600107543618845,0.39676463499354914,0.3963263514183343,0.39630390143737165,0.3963712590116567,0.3963712590116567,0.5303596140357528,36765,15685,True,0.9997207677607112,0.9994358071225367,1.8539282331697822e-06,0.999643465889478,0.9992055080524986,2.9695740557654407e-06,-0.0013377814249385667,-0.0013490802191692963,-0.0026329471774316215,-0.002655397158394246,0.13140031543998693
5220919991,0.7159474671669793,0.715895404544603,0.7135409686670776,0.7147237620845719,0.7147237620845719,0.714729512587038,0.714786940568337,0.7119856646277384,0.7172800682248222,0.7082107160847319,0.7123843685104776,0.713391304347826,0.7133989726027398,0.7135135135135136,0.7135172746005835,0.6275586545367489,35434,32928,True,0.998913615023039,0.9986309557012966,9.683355346809942e-07,0.9972686596719345,0.995706927831656,2.653252761328442e-06,-0.0012237050824074336,-0.0012237050824074336,-0.0025561628191532737,-0.0025484945642395562,-0.08838881263023046
5237296528,0.4086497774358411,0.41813879258158604,0.3945132607190354,0.40547020202575634,0.4055225045910905,0.40618710890675347,0.4060551407110886,0.4200681576611622,0.40955031977996487,0.3931444752988179,0.4021426762532894,0.405732883264247,0.40575901839411566,0.40604554501171064,0.40601049031789843,0.31385949020192405,35099,29336,True,0.9952762782005607,0.9928487755898924,6.700953191085307e-06,0.9957079954093921,0.9939559111422781,4.732537284811796e-06,-0.003179575410084734,-0.0031272728447505616,-0.0029168941715940755,-0.0028907590417254214,-0.09479028723391703
5303633386,0.5395654886834194,0.5347124627578841,0.5161150298426479,0.5245829312008824,0.5245973968674167,0.5244961539521932,0.5245829312008824,0.5292383018972904,0.5046153846153846,0.5121964353023531,0.516830123067728,0.5152762730227519,0.5151925472566755,0.5148021865021378,0.5149694115099345,0.7780095973294388,37178,20944,True,0.997019572706434,0.9958036162532174,4.444953283945502e-06,0.9970123377147138,0.9960578218011139,6.865305720032147e-06,-0.014982557482536962,-0.014968091816002671,-0.02428921566066744,-0.024372941426743844,0.2384441086460194
5344317532,0.5913752753303965,0.583051019716783,0.5962213037891154,0.5900789564023343,0.5900384456954552,0.5898562163275111,0.5898764584763212,0.5853364158705334,0.5860652944383861,0.5891248501455729,0.595732490711483,0.5902815934065934,0.5902207876935756,0.5901335438909677,0.5894534732222451,0.7006362931843211,30681,19085,True,0.9987754220535211,0.9987361442038745,5.110668530769301e-06,0.9980895965613464,0.998044450111165,3.553923404453492e-06,-0.0012963189280621457,-0.0013368296349413056,-0.0010936819238031026,-0.0011544876368209112,0.10926101785392461
5480070309,0.4175713576403333,0.4183010929035207,0.4182786014813222,0.41826735667719606,0.4182336258921251,0.4182336258921251,0.41825611247765365,0.4201309660433403,0.4177956202419474,0.4187176209378995,0.4131909864690807,0.4173697270471464,0.41735853105677534,0.41735853105677534,0.41735853105677534,0.6011766768619353,37880,16179,True,0.9996698669423468,0.9989783965128418,2.000537050533569e-06,0.9992241323874805,0.9976133366271148,5.507889845734279e-06,0.0006959990368627378,0.0006622682517917755,-0.0002016305931868967,-0.000212826583557979,0.183605319221602
5490101320,0.7433691639698827,0.7319485335979309,0.7439287860820974,0.7381544513255637,0.7383007428357796,0.7379988620661627,0.7379578300521841,0.7379253165997431,0.7359764908349975,0.7293615917235564,0.7494677306635895,0.73814047909054,0.7381814638582588,0.7381079983759643,0.7380430369468128,0.7299467544328228,26423,29407,False,0.9984583167292251,0.9977384471945748,6.343628867913056e-06,0.9981805267010629,0.9976202429429407,1.0074564879326473e-05,-0.005214712644319053,-0.005068421134103107,-0.005228684879342693,-0.00518770011162395,-0.013422409537059976
5601291878,0.5996876538389719,0.6034091103178534,0.5902880878108996,0.5970817219191732,0.5970817219191732,0.5970817219191732,0.5971018898515479,0.5920729978147363,0.6094065645665349,0.5932072558857584,0.5888643129167983,0.5959481989188461,0.5959481989188461,0.596148986708445,0.5962124913652216,0.7700198317718663,34895,24358,True,0.9992181857967428,0.9991680545705202,9.382507566514154e-07,0.9989342782818466,0.9988678954596285,1.2844292166644019e-06,-0.002605931919798743,-0.002605931919798743,-0.00373945492012584,-0.00373945492012584,0.17033217793289435
5607310495,0.8431300770491231,0.8432303190350439,0.8388146506958388,0.8442798846126786,0.8444467890553563,0.84490269092953,0.8446197638459376,0.8395116894258955,0.8537477148080439,0.8450239808153477,0.8364822850114455,0.8474860532448274,0.8475237389247767,0.8476888904558756,0.8474044293976584,0.742051835050013,29851,32700,False,0.994612668824512,0.9940313493612986,4.2516657218605314e-05,0.9941882868709156,0.9925265693938646,2.8468903310453356e-05,0.0011498075635554272,0.0013167120062331783,0.00435597619570427,0.004393661875653598,-0.10107824199911009
5697766486,0.4247604760759118,0.4266084048726343,0.4202616561878349,0.42259091622999273,0.4226074044460943,0.422510674149281,0.42254446746196156,0.42530550113461785,0.4192471028575542,0.42126344203056293,0.4214035138793869,0.4214009293493116,0.42142970177382,0.4213865431370574,0.4214138739801718,0.5300885130987505,33610,18279,True,0.9963018492354587,0.9968985329391421,7.438333198878664e-06,0.9968277554229953,0.9966568118852382,1.0014659924724529e-05,-0.0021695598459190446,-0.0021530716298174823,-0.00335954672660016,-0.003330774302091777,0.10532803702283872
5801923729,0.5993608452019612,0.6051724645792218,0.5984238178633976,0.6029027618796043,0.6027435446009389,0.6025550764176127,0.6026818461899592,0.6242082825822168,0.5964785055404073,0.6022750654007819,0.6032492455538953,0.6080573069295208,0.6080149169799035,0.6071766375029558,0.6066568265682657,0.7514741209871151,34574,21280,True,0.9980324169505869,0.9972969742367856,7.408461500528203e-06,0.9944072265387084,0.9912579323021674,1.1803243137752684e-05,0.003541916677643142,0.0033826993989777288,0.008696461727559557,0.008654071777942307,0.15211327578515388
5873098388,0.8852559768914019,0.8826602741410043,0.8849139385757678,0.8840423898018738,0.8840423898018738,0.8840116725541391,0.8840116725541391,0.8828826060233559,0.8823357529527559,0.8864117918010134,0.8783977765561053,0.882239263803681,0.882215814980676,0.8823204589379391,0.8823475273039637,0.9061664819764031,34461,32480,True,0.9992502825300162,0.9983010463068476,6.541766548239804e-06,0.9994389051106554,0.9987459724225496,5.103284750870512e-06,-0.0012135870895281231,-0.0012135870895281231,-0.0030167130877208903,-0.0030401619107258693,0.020910505085001252
5906878321,0.47398159241912646,0.47494814976530947,0.4661588712484271,0.47033474725096586,0.47033474725096586,0.47032204030907226,0.4703474548794985,0.47469044891725304,0.4730997172683776,0.46794561771185983,0.46515823799850314,0.4701417960837272,0.4701417960837272,0.4701290984713445,0.4702052944354403,0.6625287083234339,39866,20610,True,0.997054897888349,0.9928902134848473,4.058134112231988e-06,0.9974976928526619,0.9947682001344075,2.9058065003985917e-06,-0.0036468451681606062,-0.0036468451681606062,-0.0038397963353992703,-0.0038397963353992703,0.18854711590430745
5991393107,0.635386059667646,0.6321158275748602,0.6373607603430816,0.6346156190940682,0.6346156190940682,0.6346156190940682,0.6346156190940682,0.6327758626990024,0.6323863705432576,0.6362704793041611,0.6407470123162011,0.6354492651267002,0.6354492651267002,0.6354337899543379,0.6354492651267002,0.6284102241833904,36145,33498,True,0.999742950252601,0.9993130872028624,5.088159504592195e-07,0.9996605930122681,0.9991646014126072,1.426178326925821e-06,-0.0007704405735778908,-0.0007704405735778908,6.320545905413866e-05,6.320545905413866e-05,-0.006975835484255621
6067281197,0.6460954462449854,0.6497057012330474,0.6470232001499575,0.647160142961719,0.6471702717055877,0.6471778533603134,0.6470832914987307,0.6485064275806843,0.6473707531123594,0.6617289767791145,0.6371432210225424,0.6467131945141088,0.6467131945141088,0.6467191149706949,0.6466199865400862,0.6573775392991456,32798,30140,True,0.9987801399896405,0.9985225796683375,3.885643538946681e-06,0.9984585507072619,0.9981010287754305,3.2870906984669567e-06,0.001064696716733593,0.0010748254606023355,0.0006177482691234193,0.0006177482691234193,0.01128209305416017
6098668510,0.7214334798449311,0.740325426386983,0.6718193992730056,0.7109650425507187,0.7108984541474566,0.7110921700050367,0.7105654089106481,0.7258522175146733,0.7407348560079444,0.662317146783453,0.6714222250428381,0.6988551840113835,0.6988888457707582,0.698128096661104,0.697992830613539,0.6034306501506884,35809,36239,False,0.98222066453824,0.9716867613894445,7.814283710986863e-06,0.988448900748183,0.9826887881275118,6.011996615914886e-06,-0.01046843729421243,-0.010535025697474554,-0.022578295833547646,-0.022544634074172953,-0.1180028296942427
6158154336,0.9129059688800704,0.9161414906516174,0.9071836311068278,0.9118028341106525,0.9118028341106525,0.9118300078975994,0.9118571833042752,0.9136889220440134,0.9217493626201216,0.9084894604898165,0.9035016467043759,0.9121614571688355,0.9121614571688355,0.9121342654007244,0.9123097335897551,0.917067597792331,34790,33152,True,0.9995707350046538,0.9991823984572353,1.0457520714058038e-06,0.9993932382441605,0.9989502399944749,2.5011683502603644e-06,-0.0011031347694178129,-0.0011031347694178129,-0.0007445117112349076,-0.0007445117112349076,0.004161628912260684
6185482260,0.844223693892568,0.8434657145651961,0.8437162493863525,0.8437354505133672,0.8437354505133672,0.8437308568768225,0.8437270276892919,0.8425241196924433,0.8461642189913453,0.844620681175458,0.8447111962098338,0.8448648118160852,0.8448648118160852,0.8448478900883218,0.8448563507446208,0.806713655908126,40904,37774,True,0.9988015609746188,0.9957398656455945,1.8601750823638079e-06,0.9982307668613487,0.9949318266939731,1.8332312869281966e-06,-0.0004882433792008367,-0.0004882433792008367,0.000641117923517176,0.000641117923517176,-0.03751003798444197
6289328021,0.5227598737687673,0.5248999199359488,0.5194597504591805,0.5214446952595937,0.5214446952595937,0.5214446952595937,0.5214778544402404,0.5141311166875784,0.5256184311714945,0.5003038867110341,0.5312094682230869,0.5156505086022856,0.5155695765451863,0.5155215166828839,0.5156833809538761,0.6924698522078158,33861,19941,True,0.9987623431273168,0.9980811067105483,1.3607585161392086e-06,0.9967632925353778,0.995750490746865,4.632694764456876e-06,-0.0013151785091736201,-0.0013151785091736201,-0.007109365166481751,-0.007190297223580999,0.16970997843904845
6458319057,0.5364019782592323,0.5387121212121212,0.5486121625031541,0.5441005997681568,0.543837341055017,0.5435598901237368,0.5434612767458857,0.5335707657194452,0.5531101094655505,0.56167091504968,0.5484237647772052,0.5483021747424647,0.5481693363844393,0.5480223833142567,0.5481158240248339,0.5302975828309088,39844,24892,True,0.9900187385102526,0.9824175824175824,2.8263791147913522e-05,0.9918187414616743,0.9862904318306783,1.7098949420252917e-05,0.00769862150892453,0.007435362795784717,0.011900196483232373,0.011767358125207017,-0.006104395428323528
6669466181,0.627142427583442,0.6357447233504228,0.6245508982035928,0.6299703856520148,0.6299703856520148,0.6298705620071208,0.6298040129105248,0.6466615141637824,0.62276976759497,0.6346328653671346,0.6099694711617372,0.6290585495675316,0.6292618833782391,0.6285495777083194,0.6285586005055208,0.5799718320031779,25525,26507,False,0.9996893547511867,0.9995967774067847,6.588718292940678e-07,0.9964368411381628,0.9959906180355782,1.3174799966913582e-05,0.0028279580685728334,0.0028279580685728334,0.001916121984089636,0.0021194557947971093,-0.04717059558026404
6755812421,0.8374083793321871,0.8348419139479225,0.836365278655948,0.8356925185278684,0.8356322460828329,0.8356021131204587,0.8356623812185578,0.828043885469628,0.8378984288839472,0.8481410079867805,0.821947893236039,0.8343557178578496,0.8343557178578496,0.8342956847085065,0.8344878461289336,0.89815453095149,28384,24416,True,0.999560322011578,0.9992541178908112,5.6931698798488774e-06,0.9988846081012355,0.998279530476775,5.924291866639569e-06,-0.0017158608043187362,-0.001776133249354217,-0.0030526614743375813,-0.0030526614743375813,0.06074615161930286
6897499873,0.5280699831981883,0.5178340284769164,0.5404065071195101,0.5272883777151021,0.5272680657803172,0.5275568910550038,0.5277115941497745,0.49954181792549257,0.5384125079674553,0.5467050424251486,0.5315963698579186,0.5263775341863108,0.5263399076178605,0.526435433013126,0.5265358518246837,0.678781278492554,30813,19802,True,0.9989398241449652,0.9981209508403127,5.01611874452438e-06,0.996465057060663,0.9950824375044824,5.994941738953953e-06,-0.0007816054830862562,-0.0008019174178711674,-0.0016924490118774838,-0.0017300755803277834,0.15071129529436567
7178293884,0.7323633818309084,0.7586972797604192,0.7073596093477502,0.7435871868378412,0.7435871868378412,0.7429511629646249,0.7425893146518412,0.7485361334156887,0.7552011616553589,0.7131578947368421,0.7271565495207668,0.748211091234347,0.7482112690052668,0.7482726052592334,0.7483530961791831,0.5126826722338205,32900,40544,False,0.9958450214712651,0.9948947696192367,1.9076447455305316e-06,0.9899074877787658,0.989400133345021,5.316425864888216e-06,0.011223805006932763,0.011223805006932763,0.015847709403438603,0.015847887174358366,-0.21968070959708796
7387939334,0.6318710004624174,0.6296164403887529,0.6331115927946782,0.6313830024869325,0.6313978942979256,0.6314018079197009,0.6314018079197009,0.6176268811397043,0.633904687896947,0.6337814300388549,0.6232149504876777,0.6286894134074064,0.6286592701510493,0.6282498626557187,0.6283248926974886,0.6721929840317569,35084,24423,True,0.9989911469356633,0.9970419718062937,1.2789055088623471e-06,0.9962805313102607,0.9944274000111565,9.530076722418427e-06,-0.00048799797548493284,-0.00047310616449181,-0.003181587055011037,-0.0032117303113681217,0.04032198356933947
7560517176,0.6217388226131898,0.6174964038873101,0.6236666192575736,0.6206117115208024,0.6206117115208024,0.620633631194151,0.620633631194151,0.6138358645673679,0.622215917151369,0.6237553342816501,0.620192646955049,0.6196487763594047,0.6196050775740479,0.61966143537295,0.61966143537295,0.6701765886835744,34007,24816,True,0.9996597240839835,0.9990533034767988,9.675669429503223e-07,0.9996001257023855,0.9991624763923531,4.119873989237636e-06,-0.0011271110923873895,-0.0011271110923873895,-0.0020900462537850606,-0.0021337450391418766,0.048437766070384636
7623513024,0.38753123825110025,0.3944933474414102,0.3846221383261266,0.38951252584079843,0.38951252584079843,0.3894952099402076,0.38951252584079843,0.393677967244052,0.3948133294279341,0.38747982221435995,0.378458348631779,0.38828691085554745,0.3882180915878326,0.38816649314400903,0.3882180915878326,0.6656735800771552,23726,9879,True,0.9993876394672008,0.9990788037198479,1.9187157487043688e-06,0.9991213802855956,0.9987658944874318,4.215413178674777e-06,0.0019812875896981774,0.0019812875896981774,0.0007556726044471995,0.0006868533367323515,0.2781423418260549
7733838448,0.6564827876358057,0.6560964771520972,0.6529328569301771,0.6547238929729462,0.6547238929729462,0.6547067996732593,0.6547144589944798,0.6622514089927254,0.6523096283867147,0.6550837350295682,0.6529811974270163,0.6562112724929361,0.6562197932931817,0.6560300386636264,0.6560462983617121,0.5932413110426749,39791,31556,True,0.997953491561493,0.9974451943995091,1.373724075809607e-06,0.9976469986027753,0.9962426985632207,3.569145350752487e-06,-0.0017588946628595004,-0.0017588946628595004,-0.000271515142869605,-0.0002629943426240011,-0.06324147659313084
7740990330,0.6935671961674231,0.6894290964587162,0.6846616729871188,0.6866172978377703,0.6866075055463551,0.6867597887566014,0.6866035436392612,0.7155313351498638,0.6798627850917857,0.6942402545743834,0.6769716870082398,0.6934125882946519,0.6934125882946519,0.6933373273633096,0.6932671081677704,0.6103097911041637,32459,33480,False,0.9962357451044601,0.9963470901832033,4.930797158879558e-06,0.9968119841396907,0.9963763092116972,4.2113987779750765e-06,-0.0069498983296528705,-0.006959690621068049,-0.00015460787277121746,-0.00015460787277121746,-0.0832574050632594
7897462346,0.8840427514016159,0.8866118604297845,0.8829273254335555,0.8848581242280165,0.8848581242280165,0.8848203861317451,0.8847865446115839,0.8859757229922509,0.8871161086629861,0.8831256656917277,0.8842323158627009,0.8851793596833933,0.8851494190667861,0.8852223331021768,0.8853121775462219,0.8196732941948529,30777,31021,False,0.9997302796734581,0.9994214632358215,8.360514016044526e-07,0.9997839198625934,0.9996217463947703,3.3863791874561593e-06,0.00081537282640054,0.00081537282640054,0.0011366082817774181,0.0011066676651702023,-0.06436945720676301
8250285374,0.8516992790937178,0.868271855533002,0.8367904482444601,0.8521966131968537,0.8521673421721508,0.8520795411615207,0.8524894340789609,0.8666037933563869,0.854868720281166,0.8582696232746394,0.8329975825946817,0.8531343488875899,0.8530756799504865,0.8530756799504865,0.8533104041272571,0.9615506204062277,29856,25536,True,0.9978620988712633,0.9956808963335432,4.6259407826770935e-06,0.9989281229036057,0.9978072447253012,2.6803944774702354e-06,0.0004973341031359046,0.0004680630784330564,0.0014350697938720902,0.0013764008567687114,0.10985134131250995
8294094053,0.8673773344936073,0.8630625229006362,0.8767385198470441,0.869388713681809,0.869388713681809,0.8693595464152716,0.8693595464152716,0.8690192791282482,0.855087036792826,0.9013989869404914,0.8617341814529629,0.8723189672561017,0.8723357762388221,0.8723189672561017,0.8724069528964798,0.8928292338034458,31250,28980,True,0.9995746876788836,0.9990441389461778,1.1007084648169223e-06,0.9986589658497925,0.9977642130651557,4.005529451737507e-06,0.002011379188201712,0.002011379188201712,0.0049416327624943746,0.004958441745214759,0.025451899309838488
8311669586,0.5221357957932976,0.523869713174526,0.5230323769413003,0.523264038165504,0.5232917747236745,0.5232653287657933,0.5232375906689042,0.5241994808944161,0.5231197462990403,0.5224143429609396,0.5170359285585623,0.5224083232894172,0.5224505063659411,0.5223938491376324,0.5223944696119585,0.5310659489763967,36770,22308,True,0.9995685815013584,0.9986548621791551,2.7743091690688023e-06,0.998122900639605,0.9948532009445715,6.0984869758244875e-06,0.0011282423722064339,0.0011559789303768886,0.00027252749611961224,0.0003147105726435395,0.008930153183099088
8396975855,0.43516493005584017,0.43362387820053333,0.44152542372881354,0.43626262626262624,0.436250036073995,0.43627705627705626,0.4363022396675133,0.4344354120587137,0.43402478912033055,0.43178898689731954,0.4430318493753299,0.43501337706049886,0.43492579383341,0.4349132848226869,0.4349383035637242,0.6731970208632095,37163,17700,True,0.998675804438192,0.9985974866322944,1.9114822326089906e-06,0.9986256131003125,0.9983276090600239,2.9142613260120197e-06,0.0010976962067860696,0.0010851060181548133,-0.00015155299534130862,-0.00023913622243015853,0.23803209080736937
9060997789,0.7066328862653938,0.70838412036855,0.704609693512042,0.7064446620959843,0.7064262115256539,0.7063739765203652,0.7063847570292401,0.7090818166265282,0.7055554832580716,0.6955871931971913,0.7076182148031167,0.7049182463683148,0.7048080555447002,0.7048341084059557,0.7048341084059557,0.7567967308601314,35915,33247,True,0.9993390050561262,0.9985592362677207,8.24500331500011e-06,0.9981560402087442,0.9969739711581626,1.452638264969206e-05,-0.00018822416940944553,-0.00020667473973989825,-0.0017146398970789845,-0.0018248307206936154,0.05016384459473766
9309351423,0.5056439118474721,0.49919111470615685,0.5094412829798242,0.5054104655221655,0.5053299492385787,0.5050071304072254,0.5050874857360212,0.49292051813151144,0.5033930164394036,0.5021098405540345,0.5118080821205822,0.5040106097405087,0.5037844915687276,0.5036870331354146,0.5037191929510918,0.6474889951247219,33442,18570,True,0.9934175123920659,0.9900070922550981,1.9807810480456506e-05,0.9966555819609949,0.9956227239040873,2.7136200285526813e-05,-0.000233446325306641,-0.00031396260889349215,-0.0016333021069634412,-0.001859420278744528,0.14184508327724976
9456627660,0.7045719250892015,0.7028786397919855,0.7089606401786545,0.706768311909929,0.7067158781089452,0.706663452087313,0.7061799314370425,0.6850897203312198,0.7119714493918048,0.7158610584058162,0.71018544404063,0.7085804592358464,0.7085804592358464,0.7083774791352999,0.7064993791582498,0.7393495764927324,28502,20604,True,0.9991649854041907,0.9992923682553849,1.9035607363323789e-06,0.9982680958699869,0.9984458133116582,3.737032767263945e-06,0.002196386820727425,0.002143953019743683,0.0040085341466449265,0.0040085341466449265,0.03477765140353084
9636000842,0.7553637073945512,0.7528573816227614,0.7567515752610524,0.7544653733218787,0.7545674833647448,0.7545737765868793,0.7545224938781266,0.7562795707196984,0.7515606296577555,0.7568041355836778,0.7570762251613316,0.7552958363769174,0.7553337348316911,0.7553656317671027,0.7553468226610454,0.7479905243122595,39627,38864,True,0.9985186594005708,0.9957334905848322,5.9360609533010464e-06,0.9986795978124393,0.9963962312765794,4.558034721707187e-06,-0.0008983340726724798,-0.0007962240298063916,-6.787101763372494e-05,-2.9972562860081098e-05,-0.007373183082291623
9761803312,0.6226318973477251,0.6167466229011489,0.6250479846449136,0.6207871414503987,0.6207871414503987,0.6208189066421016,0.6207871414503987,0.6145183047338206,0.6206299868619221,0.6332508515971463,0.6243207824586077,0.6236127057022579,0.6236127057022579,0.6236847139850775,0.6236367115249697,0.7020931297074612,34157,24706,True,0.997886424578595,0.9962817458103898,1.6372700189483744e-06,0.9981352421551027,0.997074112737637,3.457362121229071e-06,-0.0018447558973263556,-0.0018447558973263556,0.0009808083545328472,0.0009808083545328472,0.07946123235973612
