dataset,group,seed,kind,map,sample_index,sample_id,iou,precision,coverage,pred_area_ratio,tp,fp,fn,taxonomy,GT_mean,FP_mean,GT_vs_FP_auroc,NearFP_mean,GT_vs_NearFP_auroc,FarFP_mean,GT_vs_FarFP_auroc,HighAUDFP_mean,GT_vs_HighAUDFP_auroc
flickr,C2,12345,best,AUD,0,10000130166,0.5531951478771963,0.9671768242689259,0.5531951478771963,0.36461654974489793,17694.5,0.0,14291.5,GOOD,0.5995517373085022,0.43863368034362793,0.701568603515625,0.44327592849731445,0.6960601806640625,,,,
flickr,C2,12345,best,IQR,0,10000130166,0.5554930281998375,0.9659146507203045,0.5554930281998375,0.36660953443877553,17768.0,0.0,14218.0,GOOD,0.5997796058654785,0.44174933433532715,0.6952362060546875,0.4469168782234192,0.688720703125,,,,
flickr,C2,12345,best,AUD,1,10007936344,0.7251021798365123,0.8071352744919624,0.8446675130931598,0.5256696428571429,21289.0,4156.0,3915.0,GOOD,0.7587710618972778,0.593349277973175,0.8129425048828125,0.6166639924049377,0.791900634765625,0.5008671283721924,0.8951568603515625,0.6863281726837158,0.7247395833333333
flickr,C2,12345,best,IQR,1,10007936344,0.7102042863352168,0.7899111226804507,0.8427828916045073,0.5359335140306123,21241.5,4705.0,3962.5,GOOD,0.761363685131073,0.6122589111328125,0.793670654296875,0.6334789991378784,0.77239990234375,0.5305482149124146,0.8730621337890625,0.7120150327682495,0.6914062499999999
flickr,C2,12345,best,AUD,2,10008553263,0.37910935420112135,0.37118878357030016,0.6769302794583694,0.5046237244897959,9398.5,10907.0,4485.5,OVER,0.6925135254859924,0.719262957572937,0.504852294921875,0.7656732797622681,0.4351348876953125,0.7421919107437134,0.49444580078125,0.8549986481666565,0.2909825211864407
flickr,C2,12345,best,IQR,2,10008553263,0.3857956210491062,0.3813731170336037,0.6637496398732354,0.48158482142857145,9215.5,10003.0,4668.5,OVER,0.6835623979568481,0.6902403831481934,0.5315399169921875,0.7454078197479248,0.454132080078125,0.7071961164474487,0.5360107421875,0.8395434617996216,0.31600900423728817
flickr,C2,12345,best,AUD,3,10009662863,0.582133905656696,0.7461908426317815,0.7129832172202717,0.5179767219387755,19393.5,6114.0,7807.0,GOOD,0.661448061466217,0.5708925724029541,0.6476593017578125,0.5734403133392334,0.6465606689453125,0.5481290817260742,0.67352294921875,0.7010205984115601,0.508550688976378
flickr,C2,12345,best,IQR,3,10009662863,0.5805185662287863,0.742964496587685,0.7124133747541406,0.5198102678571429,19378.0,6180.0,7822.5,GOOD,0.6641650199890137,0.5715393424034119,0.6489105224609375,0.5726373195648193,0.649627685546875,0.5470553040504456,0.6757659912109375,0.7068958878517151,0.5063668799212598
flickr,C2,12345,best,AUD,4,10013411946,0.56287389207899,0.5814044804496983,0.7618957345971564,0.4821827168367347,14066.5,6528.0,4396.0,GOOD,0.7196590900421143,0.6152039170265198,0.73529052734375,0.6401339173316956,0.7111053466796875,0.6057460904121399,0.7417755126953125,0.6718846559524536,0.6731445312500001
flickr,C2,12345,best,IQR,4,10013411946,0.5818769427118714,0.596627126514416,0.7655247122545701,0.4721181441326531,14133.5,5827.0,4329.0,GOOD,0.716404914855957,0.6050987243652344,0.7547760009765625,0.6369383335113525,0.7252197265625,0.5875798463821411,0.769500732421875,0.6748470067977905,0.67763671875
flickr,C2,12345,best,AUD,5,10016382545,0.512114888560415,0.5478744845121082,0.7870601336302895,0.6427574936224489,17669.5,12053.0,4780.5,GOOD,0.7060492634773254,0.7739602327346802,0.367645263671875,0.7876074910163879,0.342987060546875,0.7719401121139526,0.370697021484375,0.8483274579048157,0.2110595703125
flickr,C2,12345,best,IQR,5,10016382545,0.5049156314262374,0.5345820036386412,0.7983964365256124,0.6682278380102041,17924.0,13049.0,4526.0,GOOD,0.7102563977241516,0.8133589625358582,0.2972869873046875,0.8201181292533875,0.28948974609375,0.8141063451766968,0.2913360595703125,0.8929464221000671,0.151611328125
flickr,C2,12345,best,AUD,6,10031203703,0.8402476692453739,0.8651562454410177,0.9339349270843176,0.6830556441326531,29651.5,3540.0,2097.5,GOOD,0.8031487464904785,0.6300152540206909,0.834503173828125,0.643814206123352,0.8396453857421875,,,0.7081496715545654,0.7338573042168675
flickr,C2,12345,best,IQR,6,10031203703,0.83777484485131,0.8565358445063306,0.9396831396264449,0.6941764987244898,29834.0,3862.0,1915.0,GOOD,0.8031750917434692,0.64530348777771,0.82745361328125,0.6614288091659546,0.828765869140625,,,0.7280930280685425,0.7179499246987951
flickr,C2,12345,best,AUD,7,10035917404,0.7292985383818621,0.8659594820812408,0.7987238065227666,0.583366549744898,25347.5,3021.0,6387.5,GOOD,0.7436555027961731,0.583867073059082,0.8136749267578125,0.6636415719985962,0.7165374755859375,0.4353911876678467,0.967620849609375,0.719856858253479,0.6307692307692307
flickr,C2,12345,best,IQR,7,10035917404,0.695081826504921,0.8562240078945513,0.7655427761146999,0.5654894770408163,24294.5,3217.0,7440.5,GOOD,0.733184814453125,0.5903221964836121,0.7895355224609375,0.6694520115852356,0.68438720703125,0.4430866241455078,0.9552154541015625,0.7228692173957825,0.5994591346153848
flickr,C2,12345,best,AUD,8,10045181004,0.5620598671640433,0.8357142857142857,0.6209017629203771,0.36830357142857145,15444.0,2604.0,9429.5,GOOD,0.6509308815002441,0.6095893979072571,0.606842041015625,0.6367045640945435,0.579193115234375,,,0.7641362547874451,0.38611778846153844
flickr,C2,12345,best,IQR,8,10045181004,0.5595387497499136,0.8346174715138361,0.6184091503005207,0.3673070790816326,15382.0,2617.0,9491.5,GOOD,0.6471651196479797,0.6040410995483398,0.6100311279296875,0.6300546526908875,0.583648681640625,,,0.7530316114425659,0.397235576923077
flickr,C2,12345,best,AUD,9,10060697266,0.6777463260843771,0.9894828012868102,0.6789662257390773,0.40268255739795916,19992.5,53.0,9453.0,GOOD,0.6667672395706177,0.48724132776260376,0.770477294921875,0.4904634952545166,0.7673797607421875,,,,
flickr,C2,12345,best,IQR,9,10060697266,0.6561976478551484,0.9903463070793748,0.6584707340680239,0.3901865433673469,19389.0,102.0,10056.5,GOOD,0.6589773893356323,0.4991466999053955,0.741851806640625,0.5024258494377136,0.7384490966796875,,,,
flickr,C2,12345,best,AUD,10,10061269855,0.5931848008085319,0.9969577121995741,0.5931848008085319,0.3930564413265306,19662.0,0.0,13484.5,GOOD,0.6001690626144409,0.43738341331481934,0.6943359375,0.43730026483535767,0.6941986083984375,,,,
flickr,C2,12345,best,IQR,10,10061269855,0.5830027303033503,0.9968276075518415,0.5830027303033503,0.38636001275510207,19324.5,0.0,13822.0,GOOD,0.5891059637069702,0.43777841329574585,0.67657470703125,0.437716007232666,0.677459716796875,,,,
flickr,C2,12345,best,AUD,11,10067897816,0.31891147858112756,0.3605374942171006,0.6722738501352782,0.4738719706632653,8572.5,14129.0,4179.0,OVER,0.7324576377868652,0.7153213620185852,0.5309600830078125,0.807235598564148,0.3941497802734375,0.6333745121955872,0.6597442626953125,0.826539933681488,0.34361683238636365
flickr,C2,12345,best,IQR,11,10067897816,0.3140115742049803,0.3594579431185534,0.6531780574834333,0.4617944834183674,8329.0,13773.0,4422.5,OVER,0.7225049734115601,0.706467866897583,0.5317230224609375,0.7943195104598999,0.403167724609375,0.6257812976837158,0.654022216796875,0.8160721063613892,0.35240589488636365
flickr,C2,12345,best,AUD,12,10069511285,0.68728266965788,0.8311910737299057,0.7686529716167477,0.5876514668367347,24508.5,3775.0,7376.5,GOOD,0.7379927635192871,0.6333374977111816,0.694183349609375,0.6993581056594849,0.6066436767578125,,,0.7215738296508789,0.5893773320895522
flickr,C2,12345,best,IQR,12,10069511285,0.7035250463821893,0.8513695554557701,0.7730280696252156,0.5769889987244898,24648.0,3150.0,7237.0,GOOD,0.7362133860588074,0.5953049063682556,0.7401580810546875,0.6633423566818237,0.6558685302734375,,,0.6828528642654419,0.6368353544776119
flickr,C2,12345,best,AUD,13,10079676496,0.8071716746888484,0.7624106170732425,0.9341794515855704,0.6772759885204082,25909.0,4364.0,1825.5,GOOD,0.784220814704895,0.6382966041564941,0.8231201171875,0.6586821675300598,0.80010986328125,,,0.7445840239524841,0.6827761627906976
flickr,C2,12345,best,IQR,13,10079676496,0.8036178893079825,0.7549099007896335,0.941048153022409,0.6890345982142857,26099.5,4743.0,1635.0,GOOD,0.7828568816184998,0.6430187225341797,0.8269195556640625,0.6604349613189697,0.804168701171875,,,0.7378109693527222,0.6987645348837209
flickr,C2,12345,best,AUD,14,10080652613,0.7063735457848594,0.980179471760951,0.7139656334231806,0.43086336096938777,21190.5,319.0,8489.5,GOOD,0.6773121953010559,0.41921818256378174,0.8755035400390625,0.41412851214408875,0.8764190673828125,,,0.5318055748939514,0.7819010416666666
flickr,C2,12345,best,IQR,14,10080652613,0.7339643356178056,0.9775134033408658,0.7433119946091644,0.44979671556122447,22061.5,378.0,7618.5,GOOD,0.694043755531311,0.4356127977371216,0.884124755859375,0.4277535378932953,0.8865814208984375,,,0.5494183301925659,0.7975260416666666
flickr,C2,12345,best,AUD,15,10106776154,0.49613748691515724,0.7649546457465065,0.5652029525865322,0.48776307397959184,18721.5,4611.0,14402.0,UNDER,0.5991825461387634,0.5285249948501587,0.607208251953125,0.5432242155075073,0.593994140625,,,0.6109933853149414,0.5296223958333334
flickr,C2,12345,best,IQR,15,10106776154,0.5214847663189389,0.7810586964350018,0.5893398946367383,0.4981066645408163,19521.0,4310.0,13602.5,GOOD,0.619741678237915,0.564935564994812,0.5993804931640625,0.5803367495536804,0.5859832763671875,,,0.6515857577323914,0.5224609375
flickr,C2,12345,best,AUD,16,10109936483,0.626011423131842,0.6063388398002305,0.9678072111846946,0.5187739158163265,15783.0,8904.0,525.0,GOOD,0.7825309038162231,0.6766954660415649,0.7401275634765625,0.6921597123146057,0.7078704833984375,0.6675442457199097,0.8062896728515625,0.750725269317627,0.5841121495327102
flickr,C2,12345,best,IQR,16,10109936483,0.6208791208791209,0.5989775899796272,0.9735405935737061,0.5282605229591837,15876.5,9263.0,431.5,GOOD,0.7777906656265259,0.6780709028244019,0.7386932373046875,0.6923855543136597,0.7093353271484375,0.6700553894042969,0.802764892578125,0.7507187128067017,0.5825058411214954
flickr,C2,12345,best,AUD,17,10110769444,0.529545523451475,0.6507209120375544,0.7145896407822601,0.5349370216836735,17466.0,8541.0,6976.0,GOOD,0.6356133222579956,0.7908890247344971,0.2658843994140625,0.8092319965362549,0.2206268310546875,0.7107946872711182,0.44091796875,0.6598799228668213,0.580078125
flickr,C2,12345,best,IQR,17,10110769444,0.5546471600688468,0.669287542187442,0.7383192864741019,0.5373684630102041,18046.0,8094.0,6396.0,GOOD,0.6528302431106567,0.796048104763031,0.31976318359375,0.8107784986495972,0.286865234375,0.7234860062599182,0.458465576171875,0.6547432541847229,0.568359375
flickr,C2,12345,best,AUD,18,10111706074,0.626933849026407,0.7037841074970992,0.7149973382006236,0.5324657206632653,18803.0,3694.0,7495.0,GOOD,0.7017651796340942,0.6112399697303772,0.7531280517578125,0.6469100713729858,0.729949951171875,0.568419337272644,0.7798316592261905,0.6830756664276123,0.708984375
flickr,C2,12345,best,IQR,18,10111706074,0.6160230020257466,0.6883534136546184,0.7169366491748422,0.5458785076530612,18854.0,4308.0,7444.0,GOOD,0.7125685811042786,0.6266905069351196,0.7495574951171875,0.6613099575042725,0.7276763916015625,0.5855135321617126,0.7746698288690476,0.7033662796020508,0.6888020833333334
flickr,C2,12345,best,AUD,19,10119607346,0.4855242105263158,0.6497475658131987,0.5541395152144244,0.4421237244897959,14414.0,3676.0,11597.5,UNDER,0.6453593969345093,0.5992642045021057,0.58489990234375,0.6382172703742981,0.5272979736328125,0.4311276972293854,0.817230224609375,0.6475450992584229,0.5127122471098267
flickr,C2,12345,best,IQR,19,10119607346,0.48912652305794047,0.6637674418604651,0.5486419468312093,0.42849170918367346,14271.0,3165.0,11740.5,UNDER,0.6409221291542053,0.5716362595558167,0.6176300048828125,0.6119440197944641,0.556732177734375,0.4056756794452667,0.8422393798828125,0.6180310845375061,0.5486587789017341
flickr,C2,12345,best,AUD,20,10119736773,0.7272340542320782,0.9570375988731173,0.7272340542320782,0.5517976721938775,26497.5,0.0,9938.5,GOOD,0.6496508121490479,0.398619681596756,0.8997395833333333,0.39861971139907837,0.8997395833333333,,,,
flickr,C2,12345,best,IQR,20,10119736773,0.7022313096937095,0.965054878738732,0.7022313096937095,0.5284000318877551,25586.5,0.0,10849.5,GOOD,0.6348932385444641,0.3726889491081238,0.9140625,0.3726889491081238,0.9140625,,,,
flickr,C2,12345,best,AUD,21,10129791115,0.6197086429073937,0.7364900689261389,0.7810722550228162,0.48865991709183676,18058.0,6020.0,5061.5,GOOD,0.746749997138977,0.6196056604385376,0.7136077880859375,0.6028164625167847,0.7189178466796875,,,0.7874980568885803,0.5397359913793103
flickr,C2,12345,best,IQR,21,10129791115,0.6211999246407591,0.7355804331954247,0.7844027768766626,0.49135044642857145,18135.0,6074.0,4984.5,GOOD,0.7489436864852905,0.6226184368133545,0.7103729248046875,0.6066686511039734,0.7136993408203125,,,0.8012487888336182,0.5205414870689655
flickr,C2,12345,best,AUD,22,10129813456,0.835628651944785,0.8804730749874182,0.9148031303923448,0.5940090880102041,26242.5,2718.0,2444.0,GOOD,0.7532755732536316,0.5360549092292786,0.8857879638671875,0.5664564371109009,0.86175537109375,,,0.6267855167388916,0.8522727272727273
flickr,C2,12345,best,IQR,22,10129813456,0.8386071422895377,0.8787010824313073,0.9197009046066965,0.5983936543367347,26383.0,2774.0,2303.5,GOOD,0.7615406513214111,0.5366307497024536,0.892822265625,0.5679255723953247,0.8722076416015625,,,0.6457159519195557,0.8240411931818181
flickr,C2,12345,best,AUD,23,10163352444,0.786848374789664,0.976693688477128,0.7916492063226002,0.4818638392857143,23614.5,182.0,6215.0,GOOD,0.7191771268844604,0.44028031826019287,0.8930816650390625,0.4633304476737976,0.878143310546875,,,0.512934684753418,0.8485831567796611
flickr,C2,12345,best,IQR,23,10163352444,0.797430321541807,0.9722716968911918,0.8052096079384502,0.4923469387755102,24019.0,291.0,5810.5,GOOD,0.7264990210533142,0.4477806091308594,0.8900604248046875,0.47129228711128235,0.8743743896484375,,,0.5175524353981018,0.8509004237288135
flickr,C2,12345,best,AUD,24,10165890496,0.4556603585458751,0.7807161404947383,0.5169566299404991,0.29165338010204084,11425.0,2973.0,10675.5,UNDER,0.6006373167037964,0.5999945402145386,0.545318603515625,0.64469313621521,0.5064544677734375,0.3746493458747864,0.73671875,0.7885541319847107,0.365859375
flickr,C2,12345,best,IQR,24,10165890496,0.46131850992781587,0.7861718803244053,0.5219565168208864,0.2924306441326531,11535.5,2905.0,10565.0,UNDER,0.6104616522789001,0.5941749811172485,0.555419921875,0.6399503946304321,0.5160980224609375,0.3843540847301483,0.736328125,0.7788507342338562,0.38210937500000003
flickr,C2,12345,best,AUD,25,10173808724,0.7520643602474577,0.9087263394289381,0.8003221066907775,0.6212133290816326,28325.0,2271.0,7067.0,GOOD,0.7437403202056885,0.5974747538566589,0.77618408203125,0.6142480373382568,0.7666778564453125,,,0.6997216939926147,0.7165948275862069
flickr,C2,12345,best,IQR,25,10173808724,0.7402210091865264,0.9106066561844863,0.7854599909584087,0.6084183673469388,27799.0,2163.0,7593.0,GOOD,0.7195695638656616,0.5910263061523438,0.7611541748046875,0.6058283448219299,0.7513275146484375,,,0.7040833830833435,0.6905980603448275
flickr,C2,12345,best,AUD,26,10202025415,0.5572114792462126,0.9884923525127458,0.559001606326455,0.4104551977040816,20358.0,117.0,16060.5,GOOD,0.6419491171836853,0.45540764927864075,0.8220367431640625,0.4565497636795044,0.817901611328125,,,0.573411762714386,0.6338778409090909
flickr,C2,12345,best,IQR,26,10202025415,0.5378770214108385,0.9937408139475952,0.5383939481307577,0.3932358099489796,19607.5,35.0,16811.0,GOOD,0.6362899541854858,0.43257659673690796,0.845123291015625,0.43405723571777344,0.8420562744140625,,,0.5453829169273376,0.6928267045454546
flickr,C2,12345,best,AUD,27,10221582415,0.5149205741103069,0.7278740522976945,0.6275994330025848,0.5152264030612245,18817.0,6561.0,11165.5,GOOD,0.6394171714782715,0.6262950897216797,0.5336151123046875,0.7106375098228455,0.4056549072265625,0.4659677743911743,0.7691497802734375,0.6405803561210632,0.5278201219512195
flickr,C2,12345,best,IQR,27,10221582415,0.5076059523645341,0.732195432481897,0.6137913783040106,0.5009167729591837,18403.0,6272.0,11579.5,GOOD,0.6343172788619995,0.6159026026725769,0.53741455078125,0.6982595920562744,0.410858154296875,0.45925745368003845,0.7724761962890625,0.6186277866363525,0.5493521341463414
flickr,C2,12345,best,AUD,28,10234680056,0.5731871546961326,0.8183140251417304,0.5904353702781532,0.40427694515306123,16599.5,846.0,11514.5,GOOD,0.6237323880195618,0.5621345639228821,0.586151123046875,0.5715606212615967,0.5736236572265625,,,0.6643609404563904,0.46869081439393945
flickr,C2,12345,best,IQR,28,10234680056,0.5878703031560026,0.8209751387883176,0.6049121434160917,0.4128467793367347,17006.5,815.0,11107.5,GOOD,0.6334705948829651,0.5574687123298645,0.6060638427734375,0.567223846912384,0.592376708984375,,,0.6642636060714722,0.4803503787878788
flickr,C2,12345,best,AUD,29,10246013484,0.8151798190777377,0.8161101498361742,0.8533374393717761,0.5413544323979592,22168.0,1216.0,3810.0,GOOD,0.7728717923164368,0.5719565153121948,0.8318939208984375,0.5776655673980713,0.8263702392578125,,,0.7174196243286133,0.6546223958333334
flickr,C2,12345,best,IQR,29,10246013484,0.817210824325318,0.8137104155226066,0.855589344830241,0.5443837691326531,22226.5,1220.0,3751.5,GOOD,0.7801116704940796,0.5751370191574097,0.8380889892578125,0.5794066190719604,0.835357666015625,,,0.7171576619148254,0.6726888020833334
flickr,C2,12345,best,AUD,30,10268129763,0.6780237518736308,0.8321854804471909,0.7661556501346304,0.42249282525510207,17641.5,2993.0,5384.5,GOOD,0.666648805141449,0.5042414665222168,0.7622528076171875,0.4791954755783081,0.79205322265625,,,0.6060495376586914,0.5879274764150944
flickr,C2,12345,best,IQR,30,10268129763,0.657002504334425,0.8321134045771726,0.7405758707547989,0.40842235331632654,17052.5,2929.0,5973.5,GOOD,0.6563475728034973,0.49766701459884644,0.7501678466796875,0.4720228612422943,0.7823486328125,,,0.6028133034706116,0.5723024764150944
flickr,C2,12345,best,AUD,31,10278084464,0.5627922933858183,0.6823117338003503,0.7220999467136204,0.4551977040816326,15584.0,6109.0,5997.5,GOOD,0.7120507955551147,0.5775660276412964,0.7425537109375,0.6354366540908813,0.6371002197265625,0.5191890001296997,0.8443756103515625,0.6977647542953491,0.5492527173913042
flickr,C2,12345,best,IQR,31,10278084464,0.5461707818555651,0.6809046366028491,0.6954335889535018,0.4392936862244898,15008.5,5898.0,6573.0,GOOD,0.7018757462501526,0.5737951993942261,0.72711181640625,0.6307289004325867,0.6244964599609375,0.508123517036438,0.8365631103515625,0.6946553587913513,0.5308254076086956
flickr,C2,12345,best,AUD,32,10283938426,0.5041934908237361,0.47713751266529836,0.9496858598133258,0.7671197385204082,18365.5,17087.0,973.0,GOOD,0.8278416395187378,0.7675794363021851,0.677978515625,0.8012439012527466,0.613128662109375,0.7091037034988403,0.7722930908203125,0.8257235884666443,0.5759477459016394
flickr,C2,12345,best,IQR,32,10283938426,0.506537944519125,0.47604767495278444,0.9645267213072368,0.780891262755102,18652.5,17485.0,686.0,GOOD,0.8232800960540771,0.769277811050415,0.6706085205078125,0.7988747358322144,0.60540771484375,0.7138906717300415,0.766845703125,0.8212149739265442,0.5698962602459017
flickr,C2,12345,best,AUD,33,10289643764,0.6041149141936095,0.6762183732382407,0.8293978287469735,0.4694674744897959,15929.0,7162.0,3276.5,GOOD,0.7216788530349731,0.6273014545440674,0.6931304931640625,0.6415003538131714,0.6733551025390625,0.529753565788269,0.80670166015625,0.7182772159576416,0.5646178463855421
flickr,C2,12345,best,IQR,33,10289643764,0.608167707199725,0.6812524060053895,0.8292936919111713,0.4659398915816326,15927.0,6983.0,3278.5,GOOD,0.7263023257255554,0.6276854276657104,0.6948699951171875,0.643028974533081,0.676422119140625,0.5213926434516907,0.808013916015625,0.7282426953315735,0.5633471385542169
flickr,C2,12345,best,AUD,34,10304554474,0.4482748156465269,0.6659153405761169,0.5394784895186618,0.44210379464285715,14772.0,5571.0,12610.0,UNDER,0.6233729124069214,0.6688816547393799,0.4781341552734375,0.7092148661613464,0.4247589111328125,0.5285924077033997,0.647735595703125,0.7916846871376038,0.3236917162698413
flickr,C2,12345,best,IQR,34,10304554474,0.4882718282682103,0.6762004175365345,0.5914469359433204,0.47731983418367346,16195.0,5786.0,11187.0,MIXED,0.664955198764801,0.6794326305389404,0.51275634765625,0.7164117097854614,0.4656524658203125,0.5411063432693481,0.6775970458984375,0.805901050567627,0.3577008928571429
flickr,C2,12345,best,AUD,35,10308472565,0.48523792983674885,0.6292438488823827,0.6192032799601086,0.35397401147959184,11176.0,4983.0,6873.0,MIXED,0.7068565487861633,0.6624424457550049,0.5738372802734375,0.7109988927841187,0.4971771240234375,0.5376755595207214,0.7849578857421875,0.8575002551078796,0.2785578547297297
flickr,C2,12345,best,IQR,35,10308472565,0.4825174825174825,0.646900752418488,0.6001994570336306,0.3337452168367347,10833.0,4402.0,7216.0,MIXED,0.7019350528717041,0.6377028226852417,0.6049957275390625,0.6943740844726562,0.51239013671875,0.49653851985931396,0.8427734375,0.846671462059021,0.28431165540540543
flickr,C2,12345,best,AUD,36,10369815925,0.706833857608727,0.9283791979379881,0.7296383460438512,0.5257892219387755,24492.5,1083.0,9075.5,GOOD,0.7159152030944824,0.6310302019119263,0.6587982177734375,0.6369622945785522,0.64788818359375,,,0.8450206518173218,0.27314814814814814
flickr,C2,12345,best,IQR,36,10369815925,0.744604419509961,0.9167753303964757,0.7749493565300286,0.5655094068877551,26013.5,1368.0,7554.5,GOOD,0.7293205261230469,0.6581822633743286,0.641845703125,0.6655910015106201,0.63018798828125,,,0.8573199510574341,0.2743055555555556
flickr,C2,12345,best,AUD,37,10389014583,0.5705703350483122,0.6788660371020119,0.6833039035203066,0.5339405293367347,18187.5,5259.0,8429.5,GOOD,0.6925503015518188,0.6209319829940796,0.61920166015625,0.6718263626098633,0.5480499267578125,0.5789430141448975,0.6763763427734375,0.7308456301689148,0.4625571646341463
flickr,C2,12345,best,IQR,37,10389014583,0.5557971914999379,0.6670643946455871,0.672126836232483,0.5344985650510204,17890.0,5571.0,8727.0,GOOD,0.6901024580001831,0.6360992193222046,0.594329833984375,0.6840976476669312,0.5292816162109375,0.5938950181007385,0.6515960693359375,0.7677633762359619,0.4153010670731707
flickr,C2,12345,best,AUD,38,10409146004,0.400157599813215,0.4802956527831296,0.6971222290014236,0.5689373405612245,13711.0,14596.0,5957.0,OVER,0.7024195790290833,0.7774829864501953,0.42529296875,0.8146267533302307,0.343658447265625,0.7375804781913757,0.5087890625,0.8749216794967651,0.20061383928571427
flickr,C2,12345,best,IQR,38,10409146004,0.4094870156277232,0.48448293638519435,0.7167480170835876,0.5798987563775511,14097.0,14758.0,5571.0,OVER,0.7115888595581055,0.7892735004425049,0.417755126953125,0.8237935304641724,0.3385467529296875,0.7486066818237305,0.5026092529296875,0.8981262445449829,0.15950520833333331
flickr,C2,12345,best,AUD,39,10409351364,0.7806245366938473,0.7710507047409848,0.96005698005698,0.43550701530612246,16849.0,4034.0,701.0,GOOD,0.8017256259918213,0.561039924621582,0.9267730712890625,0.6092226505279541,0.8857421875,0.4087104797363281,1.0,0.7095671892166138,0.761962890625
flickr,C2,12345,best,IQR,39,10409351364,0.7635964498158814,0.7796066901238733,0.9216239316239316,0.41348453443877553,16174.5,3632.0,1375.5,GOOD,0.7903826236724854,0.5353295803070068,0.9179840087890625,0.5878117680549622,0.875579833984375,0.38655850291252136,1.0,0.7015575766563416,0.743896484375
flickr,C2,12345,best,AUD,40,10413912845,0.40867154854991516,0.4200187090739008,0.8844122123735338,0.46871014030612246,9878.0,13002.0,1291.0,OVER,0.8182821273803711,0.7331395149230957,0.67626953125,0.8541090488433838,0.465667724609375,0.6309566497802734,0.847137451171875,0.8146775960922241,0.5299379770992366
flickr,C2,12345,best,IQR,40,10413912845,0.3875677302829621,0.4163586805876374,0.8069209418927389,0.4314014668367347,9012.5,12085.0,2156.5,OVER,0.7696924209594727,0.7249751687049866,0.595001220703125,0.8248786926269531,0.39910888671875,0.6479009985923767,0.7565765380859375,0.8286699652671814,0.41182609732824427
flickr,C2,12345,best,AUD,41,10437048305,0.6711329854652598,0.9088720463664735,0.705971984139352,0.4470264668367347,20386.0,1499.0,8490.5,GOOD,0.6462395191192627,0.6490406394004822,0.5416107177734375,0.6553225517272949,0.5224761962890625,,,0.6292617917060852,0.6078125
flickr,C2,12345,best,IQR,41,10437048305,0.641840344729297,0.9354838709677419,0.662822710508545,0.4077646683673469,19140.0,944.0,9736.5,GOOD,0.6328638792037964,0.6318075060844421,0.5351715087890625,0.6401757001876831,0.5121917724609375,,,0.5960075259208679,0.6362304687500001
flickr,C2,12345,best,AUD,42,10440265465,0.5488616803611445,0.595300996864983,0.8202290817317026,0.565788424744898,16900.0,10187.0,3704.0,GOOD,0.7588244676589966,0.692362904548645,0.6667633056640625,0.6874289512634277,0.6770477294921875,,,0.8272798657417297,0.42894847972972966
flickr,C2,12345,best,IQR,42,10440265465,0.5392519659023326,0.5984526254033441,0.7921277421859833,0.5435267857142857,16321.0,9662.0,4283.0,GOOD,0.7542028427124023,0.6866509914398193,0.664825439453125,0.6808322668075562,0.674041748046875,,,0.8275375962257385,0.43533572635135126
flickr,C2,12345,best,AUD,43,10441843213,0.8221405297017295,0.8374353213507625,0.9113827915161619,0.5854591836734694,24600.5,2930.0,2392.0,GOOD,0.8034180402755737,0.6387810707092285,0.8590087890625,0.6259546279907227,0.8753814697265625,,,0.7682110071182251,0.67265625
flickr,C2,12345,best,IQR,43,10441843213,0.8024445286375541,0.8248222146969184,0.9023617671575438,0.5885283801020408,24357.0,3361.0,2635.5,GOOD,0.7984632253646851,0.6533575654029846,0.82977294921875,0.6358354091644287,0.8514556884765625,,,0.7906302213668823,0.6015625
flickr,C2,12345,best,AUD,44,10446128125,0.7607695031275817,0.8658325977664352,0.8254880079032583,0.5193120216836735,22561.0,2325.0,4769.5,GOOD,0.7398809194564819,0.5540942549705505,0.8410797119140625,0.5997596979141235,0.8037567138671875,0.4700854420661926,0.907684326171875,0.6835275888442993,0.7056790865384615
flickr,C2,12345,best,IQR,44,10446128125,0.7307083846018633,0.8159707351891506,0.8365562283895281,0.5584343112244898,22863.5,3959.0,4467.0,GOOD,0.7501122951507568,0.586569607257843,0.824615478515625,0.6287533640861511,0.783416748046875,0.5086190700531006,0.8917236328125,0.7042405605316162,0.6936598557692308
flickr,C2,12345,best,AUD,45,10451898725,0.07797627613428448,0.07630562484911886,1.0,0.49533641581632654,1896.5,22425.0,0.0,OVER,0.8898749351501465,0.6716426014900208,0.8863983154296875,0.7625501155853271,0.8301849365234375,0.6467604637145996,0.9185028076171875,0.7143779993057251,0.8648151178010471
flickr,C2,12345,best,IQR,45,10451898725,0.07625500090468627,0.07465653662953195,1.0,0.5062779017857143,1896.5,22974.0,0.0,OVER,0.9020732641220093,0.6753906011581421,0.8927764892578125,0.7748260498046875,0.8382110595703125,0.6496850252151489,0.9220428466796875,0.7150141000747681,0.8730571007853403
flickr,C2,12345,best,AUD,46,10468313544,0.38885918772096234,0.4414770724830638,0.7572795969773299,0.5089485012755102,11274.0,14105.0,3613.5,OVER,0.7063007950782776,0.6579248905181885,0.5784912109375,0.6452580690383911,0.597015380859375,0.657878041267395,0.5804595947265625,0.6539725661277771,0.5933245668316832
flickr,C2,12345,best,IQR,46,10468313544,0.36933749805857075,0.42912138589244897,0.7187909319899244,0.4969905931122449,10701.0,14086.0,4186.5,OVER,0.6992948055267334,0.656175971031189,0.5677032470703125,0.6357359290122986,0.5916900634765625,0.6597815752029419,0.56402587890625,0.651680588722229,0.582495358910891
flickr,C2,12345,best,AUD,47,10476442285,0.6949906671875679,0.7455413271245634,0.8832891978373607,0.4279934630102041,16010.5,4911.0,2115.5,GOOD,0.7813149690628052,0.5913923978805542,0.8516845703125,0.655264139175415,0.7785720825195312,0.4086034297943115,0.971099853515625,0.6909998655319214,0.7254774305555555
flickr,C2,12345,best,IQR,47,10476442285,0.6998735667262501,0.75021030002804,0.885633896060907,0.4264588647959184,16053.0,4811.0,2073.0,GOOD,0.7902354598045349,0.5877341032028198,0.8568878173828125,0.657477855682373,0.78668212890625,0.3977866768836975,0.9756927490234375,0.6853540539741516,0.7526041666666667
flickr,C2,12345,best,AUD,48,10476446674,0.7254952822541422,0.8221266901822457,0.772697447940049,0.27120535714285715,11187.5,942.0,3291.0,GOOD,0.7059417963027954,0.34500259160995483,0.8974151611328125,0.480336993932724,0.81817626953125,0.12969297170639038,0.998779296875,0.46240949630737305,0.8580729166666667
flickr,C2,12345,best,IQR,48,10476446674,0.7320898685883849,0.8290620384047267,0.7753220292157337,0.2698501275510204,11225.5,855.0,3253.0,GOOD,0.7035204172134399,0.3429236114025116,0.902191162109375,0.4759686589241028,0.825531005859375,0.13084471225738525,0.9988861083984375,0.45640015602111816,0.8658854166666667
flickr,C2,12345,best,AUD,49,10477544895,0.5864542434309876,0.6824332239925024,0.761570139887567,0.34024234693877553,11650.5,4568.0,3647.5,GOOD,0.7064998149871826,0.6199520826339722,0.68121337890625,0.6739140152931213,0.583892822265625,0.5535979270935059,0.785491943359375,0.7058098316192627,0.5409128289473684
flickr,C2,12345,best,IQR,49,10477544895,0.6060307449743791,0.6764188297404311,0.8040266701529611,0.36240433673469385,12300.0,4998.0,2998.0,GOOD,0.7270129323005676,0.6374920010566711,0.699859619140625,0.6914786100387573,0.6002655029296875,0.5731247663497925,0.8078765869140625,0.7172018885612488,0.5585937499999999
flickr,C2,12345,best,AUD,50,10481128583,0.543711963849714,0.6940826200223298,0.707176035643189,0.4284119897959184,14920.0,6343.0,6178.0,GOOD,0.6832586526870728,0.627173662185669,0.6086273193359375,0.7043625712394714,0.476318359375,0.561491847038269,0.723297119140625,0.798876166343689,0.2969866071428571
flickr,C2,12345,best,IQR,50,10481128583,0.5953914767096135,0.7431133736143489,0.7403308370461655,0.41890545280612246,15619.5,5136.0,5478.5,GOOD,0.6882034540176392,0.6022961139678955,0.667388916015625,0.6876623630523682,0.51513671875,0.530318021774292,0.79840087890625,0.7657767534255981,0.35904017857142856
flickr,C2,12345,best,AUD,51,10520382525,0.6778733566741636,0.7293683265143199,0.8168533988991646,0.39943399234693877,14618.0,3669.0,3277.5,GOOD,0.747681736946106,0.5466769933700562,0.833740234375,0.5656294226646423,0.81317138671875,,,0.5979124307632446,0.7880859375
flickr,C2,12345,best,IQR,51,10520382525,0.6684028937117418,0.6983580631657287,0.8389818669497918,0.4284717793367347,15014.0,4567.0,2881.5,GOOD,0.7655309438705444,0.5657373666763306,0.834197998046875,0.5844221115112305,0.813507080078125,,,0.6169885396957397,0.7894112723214286
flickr,C2,12345,best,AUD,52,10545790805,0.6143291696330334,0.9113340694157746,0.6336871620268376,0.4151586415816326,18984.0,944.0,10974.0,GOOD,0.6417402029037476,0.5134581327438354,0.73486328125,0.5472637414932251,0.679107666015625,,,0.6248748898506165,0.55078125
flickr,C2,12345,best,IQR,52,10545790805,0.6189127426051692,0.9046386902521641,0.641865278055945,0.42362882653061223,19229.0,1111.0,10729.0,GOOD,0.6479812264442444,0.5247584581375122,0.7223358154296875,0.5588274002075195,0.66607666015625,,,0.6428843140602112,0.5319940476190476
flickr,C2,12345,best,AUD,53,10548273474,0.44885487124718165,0.43982558139534883,0.866089146695161,0.5141900510204082,11347.5,12179.0,1754.5,OVER,0.7319355010986328,0.7526217699050903,0.457061767578125,0.7745101451873779,0.4158477783203125,0.7345225811004639,0.4910736083984375,0.8196061849594116,0.2849609375
flickr,C2,12345,best,IQR,53,10548273474,0.4739650109599239,0.46226453148319957,0.8746756220424363,0.4940808354591837,11460.0,11077.0,1642.0,OVER,0.7335615158081055,0.7441123723983765,0.4853973388671875,0.7561867237091064,0.4734344482421875,0.731363832950592,0.5040740966796875,0.804451584815979,0.33310546875
flickr,C2,12345,best,AUD,54,10549911663,0.5110228550018734,0.5968075051633003,0.7679556766739488,0.5693359375,17049.0,11162.0,5151.5,GOOD,0.7045077085494995,0.7262215614318848,0.4562835693359375,0.9147754907608032,0.0894317626953125,0.6563282012939453,0.5924835205078125,0.7274747490882874,0.48848157051282054
flickr,C2,12345,best,IQR,54,10549911663,0.4739174038648645,0.5781563858149812,0.7130695254611382,0.5456991390306123,15830.5,11203.0,6370.0,MIXED,0.672607421875,0.7150713205337524,0.421722412109375,0.8687286376953125,0.090850830078125,0.6600576043128967,0.5416717529296875,0.7410361170768738,0.4049979967948718
flickr,C2,12345,best,AUD,55,10555704135,0.6366114787152473,0.7133265448991281,0.7953521376618768,0.3131576849489796,11208.5,3514.0,2884.0,GOOD,0.7266161441802979,0.5032171607017517,0.792510986328125,0.6436143517494202,0.703582763671875,0.33894646167755127,0.8885650634765625,0.5203683972358704,0.7719524793388429
flickr,C2,12345,best,IQR,55,10555704135,0.6290484523365558,0.7188094145414017,0.7780024835905623,0.30398995535714285,10964.0,3337.0,3128.5,GOOD,0.7110893726348877,0.49688902497291565,0.779815673828125,0.6362271308898926,0.6837615966796875,0.3304418623447418,0.8867950439453125,0.517873227596283,0.7534220041322315
flickr,C2,12345,best,AUD,56,10557361454,0.22459721591364523,0.2434263871191938,0.672749099639856,0.34410873724489793,4203.0,12466.0,2044.5,OVER,0.6890740990638733,0.6962844133377075,0.4815673828125,0.8499083518981934,0.2435150146484375,0.5979974269866943,0.63604736328125,0.8116380572319031,0.30210167253521125
flickr,C2,12345,best,IQR,56,10557361454,0.20860168692230996,0.231447706751181,0.6195278111244498,0.33328683035714285,3870.5,12307.0,2377.0,OVER,0.6631406545639038,0.696030855178833,0.4459075927734375,0.8488645553588867,0.218963623046875,0.5977475047111511,0.596405029296875,0.8209723234176636,0.25717979753521125
flickr,C2,12345,best,AUD,57,10610974774,0.7481248210707129,0.9641025641025641,0.7615550504167395,0.5401985012755102,26132.0,616.0,8182.0,GOOD,0.7010826468467712,0.624506413936615,0.6669921875,0.6232258081436157,0.66839599609375,,,0.690989077091217,0.5537317154255319
flickr,C2,12345,best,IQR,57,10610974774,0.6989242685025817,0.9651982727884958,0.7100454624934429,0.5030891262755102,24364.5,546.0,9949.5,GOOD,0.6883976459503174,0.6312649250030518,0.6204376220703125,0.6296745538711548,0.622955322265625,,,0.7154067158699036,0.4870761303191489
flickr,C2,12345,best,AUD,58,10624261424,0.7277124636675198,0.7244126792192088,0.9007410191698437,0.4614955357142857,16774.5,4428.0,1848.5,GOOD,0.7454224824905396,0.6385696530342102,0.6885986328125,0.6574963331222534,0.6452789306640625,,,0.6645618677139282,0.6751116071428572
flickr,C2,12345,best,IQR,58,10624261424,0.7278413457433183,0.711171832631096,0.9154003114428395,0.47773836096938777,17047.5,4799.0,1575.5,GOOD,0.7587624788284302,0.6666130423545837,0.6694793701171875,0.6839430332183838,0.628936767578125,,,0.6999121308326721,0.6352678571428572
flickr,C2,12345,best,AUD,59,10635080206,0.7056717511490042,0.7209179680854684,0.934566866619619,0.5857581313775511,21188.5,7354.0,1483.5,GOOD,0.8162754774093628,0.6501965522766113,0.8040924072265625,0.6505511999130249,0.803863525390625,0.38342612981796265,0.98828125,0.7130804657936096,0.7659676535087719
flickr,C2,12345,best,IQR,59,10635080206,0.7126294273363938,0.7263319672131148,0.9380292872265349,0.5835459183673469,21267.0,7171.0,1405.0,GOOD,0.8110879063606262,0.6418247818946838,0.8144073486328125,0.6424146890640259,0.8162689208984375,0.38323062658309937,0.9921875,0.6999101638793945,0.7712445175438597
flickr,C2,12345,best,AUD,60,10654057765,0.6047640896230022,0.7412944650138258,0.7041983883175281,0.4252431441326531,15817.0,3693.0,6644.0,GOOD,0.6894364356994629,0.6759355068206787,0.5418701171875,0.715767502784729,0.47332763671875,0.6625691652297974,0.5609588623046875,0.7591173052787781,0.3905552455357143
flickr,C2,12345,best,IQR,60,10654057765,0.6114360590983327,0.736706022332052,0.7167312230087708,0.43550701530612246,16098.5,3868.0,6362.5,GOOD,0.6934174299240112,0.6766719222068787,0.5563812255859375,0.7148071527481079,0.4862213134765625,0.6626021862030029,0.5773773193359375,0.7522425055503845,0.41409737723214285
flickr,C2,12345,best,AUD,61,10659354545,0.5269749748791808,0.7455237772888814,0.6406031875290833,0.5888273278061225,22026.5,7414.0,12357.5,GOOD,0.6674398183822632,0.8389522433280945,0.2308502197265625,0.8539901971817017,0.1959991455078125,0.7184793949127197,0.5059814453125,0.935757040977478,0.025538589015151512
flickr,C2,12345,best,IQR,61,10659354545,0.5273752399232245,0.7481365508321705,0.6392798976268032,0.5855588329081632,21981.0,7296.0,12403.0,GOOD,0.6639536023139954,0.832818329334259,0.2296142578125,0.8426281809806824,0.2040557861328125,0.7196115255355835,0.4933319091796875,0.9337654113769531,0.020862926136363633
flickr,C2,12345,best,AUD,62,10666396623,0.7592662811640913,0.8809392872855257,0.7724467161732086,0.36240433673469385,16019.0,360.0,4719.0,GOOD,0.6849732398986816,0.5144952535629272,0.7905731201171875,0.5099945068359375,0.7971954345703125,,,,
flickr,C2,12345,best,IQR,62,10666396623,0.7583025830258303,0.8700065132435953,0.7729289227505063,0.3671875,16029.0,400.0,4709.0,GOOD,0.6911125183105469,0.5171884298324585,0.7998809814453125,0.5136243104934692,0.8041229248046875,,,,
flickr,C2,12345,best,AUD,63,10667001125,0.37319484210746307,0.3563844649343392,1.0,0.49930245535714285,8928.5,14996.0,0.0,OVER,0.8864309787750244,0.698984682559967,0.887847900390625,0.7896373271942139,0.784881591796875,0.5357456803321838,1.0,0.8616905212402344,0.6255095108695652
flickr,C2,12345,best,IQR,63,10667001125,0.3986382408750977,0.3795162798605798,1.0,0.4688695790816326,8928.5,13469.0,0.0,OVER,0.8719232678413391,0.6893362998962402,0.8827056884765625,0.7793865203857422,0.7743377685546875,0.5259640216827393,1.0,0.8479312658309937,0.6193953804347826
flickr,C2,12345,best,AUD,64,10701841844,0.43183721732275704,0.5031861760146966,0.6389881169351899,0.3471580038265306,8765.0,6580.0,4952.0,MIXED,0.6002458333969116,0.6553220748901367,0.41015625,0.716017484664917,0.2943878173828125,0.5946294069290161,0.5511016845703125,0.7175708413124084,0.2794709158415841
flickr,C2,12345,best,IQR,64,10701841844,0.4053768201495474,0.4937091845904979,0.6007508930524167,0.33264907525510207,8240.5,6611.0,5476.5,MIXED,0.5851738452911377,0.6599677801132202,0.3697967529296875,0.7084040641784668,0.2884521484375,0.6171095371246338,0.4635772705078125,0.731829822063446,0.22161200495049505
flickr,C2,12345,best,AUD,65,10743985374,0.5734992679355784,0.7749530121673756,0.6722732343602505,0.40294164540816324,15668.0,4014.0,7638.0,GOOD,0.6924597024917603,0.7036793828010559,0.521820068359375,0.7113716006278992,0.50628662109375,,,0.8564606308937073,0.2681107954545454
flickr,C2,12345,best,IQR,65,10743985374,0.5684180138568129,0.7613707767412635,0.6758774564489831,0.41232860331632654,15752.0,4406.0,7554.0,GOOD,0.6977827548980713,0.7128695249557495,0.512115478515625,0.7198793292045593,0.49755859375,,,0.8622031807899475,0.26136363636363635
flickr,C2,12345,best,AUD,66,10751849775,0.7486701927278755,0.7362337739315986,0.9862437223336046,0.6724728954081632,24842.0,7993.0,346.5,GOOD,0.8474345803260803,0.6164282560348511,0.930816650390625,0.6750499606132507,0.859527587890625,0.5429651737213135,0.9748382568359375,0.7838617563247681,0.7496448863636362
flickr,C2,12345,best,IQR,66,10751849775,0.7668094185309442,0.7548243745053874,0.984536594080632,0.6547751913265306,24799.0,7152.0,389.5,GOOD,0.8459807634353638,0.6068862676620483,0.9294891357421875,0.6655652523040771,0.860992431640625,0.5329532027244568,0.9726409912109375,0.7775627374649048,0.7454545454545454
flickr,C2,12345,best,AUD,67,10761625676,0.7669716440843694,0.4879582315041102,0.9135263289243823,0.44852120535714285,10981.5,2297.0,1039.5,GOOD,0.7878411412239075,0.6093651056289673,0.8316650390625,0.6189021468162537,0.83856201171875,0.4620834290981293,0.9919002757352942,0.8314163088798523,0.43299278846153844
flickr,C2,12345,best,IQR,67,10761625676,0.7577175932542518,0.4949124854142357,0.8820813576241577,0.4269969706632653,10603.5,1973.0,1417.5,GOOD,0.7774226665496826,0.5761005878448486,0.8419036865234375,0.5889192819595337,0.8403778076171875,0.42331671714782715,0.9933363970588235,0.7980995178222656,0.4847756410256411
flickr,C2,12345,best,AUD,68,10771238614,0.701391766397738,0.7689183411714408,0.8265877689368913,0.3729272959183674,14388.0,3107.0,3018.5,GOOD,0.7149218320846558,0.6144648194313049,0.6790924072265625,0.6266847252845764,0.665313720703125,0.5797512531280518,0.7173004150390625,,
flickr,C2,12345,best,IQR,68,10771238614,0.7112607068398181,0.7968706028029493,0.8133743141929739,0.35409359056122447,14158.0,2499.0,3248.5,GOOD,0.707114577293396,0.5972377061843872,0.681121826171875,0.6092151403427124,0.667144775390625,0.5632761120796204,0.719024658203125,,
flickr,C2,12345,best,AUD,69,10795023275,0.5541789983251887,0.5318844409213018,0.9907304868545178,0.45254703443877553,12077.5,9603.0,113.0,GOOD,0.789294421672821,0.6817370653152466,0.7140350341796875,0.7643536329269409,0.557830810546875,0.48142009973526,0.9996185302734375,0.8562068939208984,0.26913496376811596
flickr,C2,12345,best,IQR,69,10795023275,0.5547855917667238,0.5312513687530113,0.9949550879783438,0.4550183354591837,12129.0,9672.0,61.5,GOOD,0.7832503318786621,0.6772503852844238,0.71307373046875,0.7588846683502197,0.5560455322265625,0.48824626207351685,0.9975738525390625,0.8512929081916809,0.28311820652173914
flickr,C2,12345,best,AUD,70,10796050285,0.679258173092945,0.7721228880975831,0.7812380222307398,0.5261080994897959,20382.5,3917.0,5707.5,GOOD,0.6987000107765198,0.6139376759529114,0.6773681640625,0.6628669500350952,0.5876617431640625,0.575839638710022,0.748382568359375,0.6477810144424438,0.6259765625
flickr,C2,12345,best,IQR,70,10796050285,0.6624252000268944,0.7801908457396263,0.7552510540436949,0.5033482142857143,19704.5,3656.0,6385.5,GOOD,0.6865549087524414,0.6065367460250854,0.6650390625,0.6492559313774109,0.5903167724609375,0.5761558413505554,0.717254638671875,0.6543245315551758,0.6025390625
flickr,C2,12345,best,AUD,71,10805310706,0.5044659430892533,0.4718908318352672,0.9604590245727829,0.4878029336734694,11550.0,10870.0,475.5,GOOD,0.8340749144554138,0.6813603639602661,0.76123046875,0.7445030808448792,0.6682281494140625,0.6186764240264893,0.871734619140625,0.9089748859405518,0.3139022435897436
flickr,C2,12345,best,IQR,71,10805310706,0.5242390336355125,0.49156389174374787,0.9545549041619891,0.4654017857142857,11479.0,9871.0,546.5,GOOD,0.8216639757156372,0.6593461036682129,0.7700347900390625,0.727298378944397,0.671905517578125,0.592848539352417,0.8802032470703125,0.8897873163223267,0.347255608974359
flickr,C2,12345,best,AUD,72,10847897294,0.6838485286646606,0.7698974877909279,0.7791184327693678,0.45298549107142855,17499.0,3129.0,4961.0,GOOD,0.6851574182510376,0.6166138648986816,0.6512298583984375,0.6318961381912231,0.624847412109375,,,0.7173033952713013,0.45618665540540543
flickr,C2,12345,best,IQR,72,10847897294,0.6886692552064949,0.7780140901236209,0.7817898486197685,0.44979671556122447,17559.0,3037.0,4901.0,GOOD,0.6858514547348022,0.6159656643867493,0.6558074951171875,0.631166398525238,0.630340576171875,,,0.7030056715011597,0.4991554054054054
flickr,C2,12345,best,AUD,73,10859255295,0.7437307487622764,0.8869187276433709,0.8123799961246455,0.5181560905612245,23059.0,2620.0,5325.5,GOOD,0.7465853095054626,0.6468433737754822,0.6744842529296875,0.65708988904953,0.66253662109375,,,0.8453837633132935,0.380859375
flickr,C2,12345,best,IQR,73,10859255295,0.743897931965356,0.883020523384451,0.8154978949778928,0.5224410076530612,23147.5,2732.0,5237.0,GOOD,0.74855637550354,0.654412031173706,0.6641082763671875,0.6644464731216431,0.6527557373046875,,,0.8643476963043213,0.353271484375
flickr,C2,12345,best,AUD,74,10862172945,0.6633209800288243,0.8557862581901895,0.6805076392311483,0.45017538265306123,19330.5,736.0,9075.5,GOOD,0.6235589385032654,0.5769308805465698,0.62713623046875,0.572535514831543,0.63287353515625,,,0.6199244260787964,0.5667146381578948
flickr,C2,12345,best,IQR,74,10862172945,0.6705952993652428,0.8583066180668394,0.6880412588889672,0.45382254464285715,19544.5,739.0,8861.5,GOOD,0.6252312660217285,0.5748029351234436,0.6348114013671875,0.5693403482437134,0.6421051025390625,,,0.6260135769844055,0.5746299342105263
flickr,C2,12345,best,AUD,75,10939270325,0.4370037820827439,0.5362418960569667,0.6831167072840509,0.5625597895408163,15136.5,12479.0,7021.5,MIXED,0.6847680807113647,0.6730761528015137,0.5780487060546875,0.6796630024909973,0.5748748779296875,0.6359618902206421,0.6229705810546875,0.7629773616790771,0.47278025793650796
flickr,C2,12345,best,IQR,75,10939270325,0.44006414929289983,0.5422340387310027,0.681108403285495,0.5547074298469388,15092.0,12137.0,7066.0,MIXED,0.6790210008621216,0.6615713834762573,0.5876312255859375,0.6710489988327026,0.5806884765625,0.6206238865852356,0.6389617919921875,0.7537338733673096,0.47705853174603174
flickr,C2,12345,best,AUD,76,10952523225,0.7655291139240507,0.8758051809629732,0.8219279361558701,0.43006616709183676,18899.0,1694.0,4094.5,GOOD,0.7262513637542725,0.5203022956848145,0.8475799560546875,0.5605926513671875,0.811676025390625,0.2507402300834656,0.99609375,0.6120073795318604,0.7321275684931507
flickr,C2,12345,best,IQR,76,10952523225,0.7492010613778544,0.8309774436090226,0.8411507599973905,0.4638671875,19341.0,2822.0,3652.5,GOOD,0.7325088977813721,0.5396403670310974,0.841766357421875,0.5777753591537476,0.8078765869140625,0.2992320954799652,0.99609375,0.6090194582939148,0.7452375856164384
flickr,C2,12345,best,AUD,77,10979853044,0.8063091335983449,0.7845865001809628,0.9680165220060841,0.44052933673469385,17342.5,3593.0,573.0,GOOD,0.830615758895874,0.6075425148010254,0.896881103515625,0.6298643350601196,0.880889892578125,,,0.7595624923706055,0.7301339285714287
flickr,C2,12345,best,IQR,77,10979853044,0.7881664293624426,0.7622065830309919,0.9732912840836148,0.4559351084183674,17437.0,4208.0,478.5,GOOD,0.83614182472229,0.6404023766517639,0.860443115234375,0.6570497751235962,0.8431549072265625,,,0.8033400774002075,0.6352120535714285
flickr,C2,12345,best,AUD,78,10980225216,0.804850871964966,0.8025425042633456,0.9201054596083775,0.3856624681122449,15530.0,2417.0,1348.5,GOOD,0.7416428327560425,0.5182865858078003,0.929473876953125,0.5515389442443848,0.899017333984375,,,0.6152822971343994,0.8298891129032258
flickr,C2,12345,best,IQR,78,10980225216,0.8054076735464583,0.8125463011958938,0.9097668631691205,0.3766342474489796,15355.5,2187.0,1523.0,GOOD,0.7365450859069824,0.5129595994949341,0.9329681396484375,0.5453982949256897,0.9010772705078125,,,0.6100912690162659,0.8349924395161289
flickr,C2,12345,best,AUD,79,11002352834,0.7326920044157073,0.9581356980820788,0.7485097470597712,0.3865593112244898,18584.0,536.0,6244.0,GOOD,0.6991905570030212,,,,,,,,
flickr,C2,12345,best,IQR,79,11002352834,0.7345188449130537,0.9546942114951933,0.7519735782181408,0.38974808673469385,18670.0,590.0,6158.0,GOOD,0.7043020725250244,,,,,,,,
flickr,C2,12345,best,AUD,80,11036641226,0.5027891074856046,0.46383908809207613,0.995073599240266,0.360172193877551,8382.5,8248.0,41.5,GOOD,0.8676283955574036,0.5957152843475342,0.9459991455078125,0.6400380730628967,0.911468505859375,0.5428355932235718,0.989471435546875,0.732334315776825,0.8611550632911392
flickr,C2,12345,best,IQR,80,11036641226,0.5542972901168969,0.5094310828958614,0.9906813865147198,0.3264907525510204,8345.5,6632.0,78.5,GOOD,0.8571832180023193,0.5484519004821777,0.9530792236328125,0.6168200969696045,0.918731689453125,0.441247820854187,0.9970855712890625,0.7084779739379883,0.8724782436708861
flickr,C2,12345,best,AUD,81,11050409385,0.6969753747323341,0.7617306342148373,0.8099222395023328,0.340640943877551,13019.5,2605.0,3055.5,GOOD,0.7182992100715637,0.44671177864074707,0.8844451904296875,0.5497835278511047,0.7949066162109375,0.364057719707489,0.95587158203125,0.5506077408790588,0.8117278343023256
flickr,C2,12345,best,IQR,81,11050409385,0.7089749824390771,0.770690161527166,0.8162363919129082,0.3393056441326531,13121.0,2432.0,2954.0,GOOD,0.7176812887191772,0.4470422565937042,0.88946533203125,0.5441363453865051,0.805999755859375,0.3723599314689636,0.9549713134765625,0.5512611269950867,0.8126816860465117
flickr,C2,12345,best,AUD,82,11071986404,0.38010148995897214,0.37543990615335393,0.9451006711409397,0.3737643494897959,7041.0,11074.0,409.0,OVER,0.825156033039093,0.7095367908477783,0.751556396484375,0.7832513451576233,0.620269775390625,0.6388849020004272,0.876922607421875,0.7900416851043701,0.6508370535714286
flickr,C2,12345,best,IQR,82,11071986404,0.37203040861577447,0.3674139728884254,0.9459060402684564,0.3822544642857143,7047.0,11492.0,403.0,OVER,0.8269270062446594,0.7142300009727478,0.744781494140625,0.788842499256134,0.611419677734375,0.638317883014679,0.8756561279296875,0.791429340839386,0.6551339285714286
flickr,C2,12345,best,AUD,83,11101358996,0.6005398834423826,0.7139851222104144,0.7754974837250104,0.46884964923469385,16796.5,6310.0,4862.5,GOOD,0.7350908517837524,0.7555182576179504,0.49066162109375,0.766296923160553,0.4644622802734375,0.7261108756065369,0.55169677734375,0.8708403706550598,0.2905838815789474
flickr,C2,12345,best,IQR,83,11101358996,0.5861645221917016,0.7168493635077794,0.7487880326884898,0.45089285714285715,16218.0,6009.0,5441.0,GOOD,0.72258460521698,0.7379509210586548,0.5005340576171875,0.7528480291366577,0.4691009521484375,0.706230640411377,0.561065673828125,0.852275550365448,0.3101973684210526
flickr,C2,12345,best,AUD,84,11154049584,0.6404334473546228,0.8626488195331943,0.6788767435089855,0.29629703443877553,12825.0,1134.0,6066.5,GOOD,0.6693881750106812,0.5023584365844727,0.7819061279296875,0.5009153485298157,0.7839202880859375,,,0.614699125289917,0.6132015306122449
flickr,C2,12345,best,IQR,84,11154049584,0.6328212326808599,0.9232402912621359,0.644310933488606,0.2627551020408163,12172.0,343.0,6719.5,GOOD,0.6449267864227295,0.4680616855621338,0.79071044921875,0.46954482793807983,0.7886962890625,,,0.5698620676994324,0.6423788265306123
flickr,C2,12345,best,AUD,85,11314266424,0.8733687126597911,0.9009123773454983,0.9369785512228309,0.5788624043367347,26167.0,2034.0,1760.0,GOOD,0.8051117658615112,0.6256154775619507,0.86798095703125,0.630915105342865,0.863494873046875,,,0.7734169960021973,0.6640625
flickr,C2,12345,best,IQR,85,11314266424,0.8408250403442711,0.906239808674856,0.8955312063594371,0.5500039859693877,25009.5,1817.0,2917.5,GOOD,0.7940627932548523,0.6219642758369446,0.8379974365234375,0.6256691217422485,0.8341827392578125,,,0.7773482203483582,0.6484375
flickr,C2,12345,best,AUD,86,11650557765,0.6457104239346837,0.7125120928732667,0.7739223713303707,0.49441964285714285,17676.0,4535.0,5163.5,GOOD,0.7468807101249695,0.6592256426811218,0.7098541259765625,0.6856110692024231,0.6795806884765625,0.4954066276550293,0.872528076171875,0.7298676371574402,0.62734375
flickr,C2,12345,best,IQR,86,11650557765,0.6501204199069733,0.7186521968865586,0.7741412903084568,0.49033402423469385,17681.0,4357.0,5158.5,GOOD,0.7388536334037781,0.6589322090148926,0.69873046875,0.6849440336227417,0.669342041015625,0.4867278039455414,0.8721466064453125,0.73026442527771,0.61328125
flickr,C2,12345,best,AUD,87,11764496003,0.6163820228007786,0.712752995329317,0.8063484770164455,0.5888472576530612,21059.0,8049.0,5057.5,GOOD,0.7236372232437134,0.6633695960044861,0.5933380126953125,0.7344861030578613,0.4762115478515625,0.5689669847488403,0.716033935546875,0.7224046587944031,0.5227481617647058
flickr,C2,12345,best,IQR,87,11764496003,0.6414154184825452,0.7296122089875474,0.8255891869124883,0.5889668367346939,21561.5,7499.0,4555.0,GOOD,0.7370672225952148,0.6471623182296753,0.64501953125,0.7212041020393372,0.5327606201171875,0.5540090799331665,0.7472381591796875,0.7098716497421265,0.5610830269607843
flickr,C2,12345,best,AUD,88,11765015695,0.6814293429970207,0.8909745318693335,0.7052671439133023,0.4374402104591837,19556.0,970.0,8172.5,GOOD,0.683901309967041,0.5083057880401611,0.706573486328125,0.5541646480560303,0.6752777099609375,0.3110008239746094,0.9115676879882812,0.6954582929611206,0.5670072115384615
flickr,C2,12345,best,IQR,88,11765015695,0.6478053656533923,0.9252026716973436,0.6544169356438322,0.3908840880102041,18146.0,283.0,9582.5,GOOD,0.6437981128692627,0.44531679153442383,0.7093658447265625,0.4915958344936371,0.6756744384765625,0.24583342671394348,0.949249267578125,0.6287537813186646,0.58203125
flickr,C2,12345,best,AUD,89,11776645404,0.49528693463299683,0.6828183261343079,0.6138566213076668,0.5398397640306123,18495.5,7213.0,11634.5,MIXED,0.6236692667007446,0.7568809390068054,0.3923187255859375,0.8064635992050171,0.3156585693359375,0.7113226652145386,0.4617462158203125,0.8650017380714417,0.22695974576271188
flickr,C2,12345,best,IQR,89,11776645404,0.49894118908486573,0.6851511024404608,0.6177729837371391,0.5414341517857143,18613.5,7176.0,11516.5,MIXED,0.6242117881774902,0.7445669174194336,0.417633056640625,0.7987624406814575,0.3331451416015625,0.6962903141975403,0.4867401123046875,0.8517076373100281,0.2541710805084746
flickr,C2,12345,best,AUD,90,12015590114,0.6079785450888368,0.5931837508994571,0.9462096311368497,0.6093351403061225,18136.0,10663.0,1031.0,GOOD,0.838890790939331,0.7650495767593384,0.7510833740234375,0.7478235960006714,0.76641845703125,,,,
flickr,C2,12345,best,IQR,90,12015590114,0.6088264963012777,0.5943572741596639,0.9446705274690875,0.6071428571428571,18106.5,10573.0,1060.5,GOOD,0.8420116305351257,0.7675353288650513,0.7474365234375,0.7492478489875793,0.762725830078125,,,,
flickr,C2,12345,best,AUD,91,12031178616,0.5827631488008846,0.6198404822288381,0.791662754670923,0.5422313456632653,16864.0,7636.0,4438.0,GOOD,0.7167069315910339,0.7874338626861572,0.3787384033203125,0.7439269423484802,0.4505767822265625,0.7832907438278198,0.41168212890625,0.9184152483940125,0.0909657579787234
flickr,C2,12345,best,IQR,91,12031178616,0.5924956666553377,0.618761979129694,0.8183738616092385,0.5615035076530612,17433.0,8121.0,3869.0,GOOD,0.7341944575309753,0.7962479591369629,0.39166259765625,0.749463677406311,0.4683837890625,0.7962877750396729,0.4149017333984375,0.9220514297485352,0.11323969414893616
flickr,C2,12345,best,AUD,92,12048726756,0.6709162109476081,0.6263649540988887,0.997384145872336,0.6187220982142857,19445.5,9487.0,51.0,GOOD,0.8283740282058716,0.6709266901016235,0.8477020263671875,0.7614607810974121,0.708740234375,0.4778026342391968,0.9781036376953125,0.7988699674606323,0.6280307112068966
flickr,C2,12345,best,IQR,92,12048726756,0.6656404258612683,0.6233048800128845,0.9925114764188444,0.6187220982142857,19350.5,9574.0,146.0,GOOD,0.8379395008087158,0.6642441749572754,0.8709869384765625,0.7571607828140259,0.743133544921875,0.47437337040901184,0.9827728271484375,0.7913405299186707,0.6802936422413792
flickr,C2,12345,best,AUD,93,12066557153,0.5184389178862621,0.4993428402444634,1.0,0.6065449617346939,15197.0,14116.0,0.0,GOOD,0.8936084508895874,0.7584245204925537,0.86395263671875,0.8169413805007935,0.7914581298828125,0.5661982893943787,0.9995269775390625,0.7947043180465698,0.7943060247747747
flickr,C2,12345,best,IQR,93,12066557153,0.5242514143783634,0.50473280414494,1.0,0.6000677614795918,15197.0,13791.0,0.0,GOOD,0.9012771844863892,0.7570773363113403,0.8729095458984375,0.816136360168457,0.8029022216796875,0.5632274150848389,1.0,0.8057565093040466,0.7738949887387387
flickr,C2,12345,best,AUD,94,12103535156,0.5083192393838277,0.6252038005284759,0.7051680405833862,0.3544921875,11120.5,6107.0,4649.5,GOOD,0.6874325275421143,0.5926762223243713,0.6541900634765625,0.5711342096328735,0.6706085205078125,0.6329118609428406,0.6281585693359375,0.7665408849716187,0.48194550304878053
flickr,C2,12345,best,IQR,94,12103535156,0.5367287208521255,0.6655065738592421,0.7093532022828155,0.33500079719387754,11186.5,5072.0,4583.5,GOOD,0.6896078586578369,0.5494458675384521,0.7026519775390625,0.5565954446792603,0.6915435791015625,0.5638213157653809,0.697357177734375,0.6998262405395508,0.5606897865853658
flickr,C2,12345,best,AUD,95,12158276143,0.5046543082186331,0.5327267637178051,0.8144930017549116,0.3559470663265306,9514.5,7172.0,2167.0,GOOD,0.7184207439422607,0.6403849124908447,0.6353759765625,0.693825900554657,0.5388946533203125,0.5674713850021362,0.75494384765625,0.7262455224990845,0.49973366477272724
flickr,C2,12345,best,IQR,95,12158276143,0.5226557668002259,0.5448225598475079,0.8319137097119377,0.35548867984693877,9718.0,6912.0,1963.5,GOOD,0.7252551317214966,0.6285615563392639,0.66876220703125,0.7018717527389526,0.5385589599609375,0.5374035239219666,0.8121795654296875,0.7076430320739746,0.5523348721590908
flickr,C2,12345,best,AUD,96,12328837165,0.6563914955049543,0.7477293963745094,0.8214124409772121,0.5332230548469388,20005.5,6123.0,4349.5,GOOD,0.7581735849380493,0.5947693586349487,0.7680816650390625,0.7233837246894836,0.618499755859375,0.43725526332855225,0.93402099609375,0.6986892819404602,0.7161458333333334
flickr,C2,12345,best,IQR,96,12328837165,0.6583517316373941,0.751005525692591,0.82032436871279,0.5301937181122449,19979.0,5992.0,4376.0,GOOD,0.7514072060585022,0.5959727764129639,0.75299072265625,0.7235873341560364,0.595550537109375,0.4353015422821045,0.9327850341796875,0.6857423186302185,0.7109375
flickr,C2,12345,best,AUD,97,12373955905,0.5508676243247468,0.8056190621348371,0.6353092009054668,0.3922791772959184,15857.0,3826.0,9102.5,GOOD,0.6691373586654663,0.6456432938575745,0.560821533203125,0.6851762533187866,0.4965057373046875,0.4947156012058258,0.7805397727272727,0.8533962368965149,0.20916193181818182
flickr,C2,12345,best,IQR,97,12373955905,0.5444317883115746,0.8130004710315591,0.6223682365432,0.3807995854591837,15534.0,3573.0,9425.5,GOOD,0.6613504886627197,0.6248118281364441,0.574920654296875,0.6780071258544922,0.491943359375,0.42489615082740784,0.8483664772727273,0.8468120694160461,0.20276988636363638
flickr,C2,12345,best,AUD,98,12444360833,0.6484750424722919,0.7608010630220198,0.7903725176990278,0.5249521683673469,20039.5,5548.0,5315.0,GOOD,0.7036904096603394,0.6002475023269653,0.7716064453125,0.6201657056808472,0.7396392822265625,,,,
flickr,C2,12345,best,IQR,98,12444360833,0.6421264187931404,0.7729634330134052,0.7686801159557475,0.5025111607142857,19489.5,4997.0,5865.0,GOOD,0.6932351589202881,0.596987247467041,0.7538909912109375,0.6158241033554077,0.7204742431640625,,,,
flickr,C2,12345,best,AUD,99,12512072175,0.686531007751938,0.8210061536002558,0.781295155525135,0.4987643494897959,20546.5,3630.0,5751.5,GOOD,0.6860634088516235,0.5604764223098755,0.741241455078125,0.5681697130203247,0.7361297607421875,0.31065139174461365,0.98828125,0.7390573620796204,0.3669819078947368
flickr,C2,12345,best,IQR,99,12512072175,0.7023571984172613,0.8344248463176503,0.7897178492661039,0.4960339604591837,20768.0,3271.0,5530.0,GOOD,0.6931266784667969,0.5559718608856201,0.7529296875,0.568474292755127,0.74163818359375,0.2646973729133606,1.0,0.7593401074409485,0.3330592105263158
flickr,C2,12345,best,AUD,100,12534178685,0.7787063346147418,0.953963757976999,0.8010889812294025,0.5840043048469388,27954.0,1003.0,6941.0,GOOD,0.7067617177963257,0.5454652309417725,0.7892913818359375,0.5599116086959839,0.777587890625,,,,
flickr,C2,12345,best,IQR,100,12534178685,0.7715782219159201,0.9417880816985766,0.8020919902564837,0.5922951211734694,27989.0,1380.0,6906.0,GOOD,0.7040319442749023,0.5642364025115967,0.7716827392578125,0.5784642100334167,0.76007080078125,,,,
flickr,C2,12345,best,AUD,101,12598610153,0.5648805031446541,0.8573719580490785,0.6085204791414479,0.39146205357142855,16840.5,2138.0,10834.0,GOOD,0.6691685914993286,0.622116208076477,0.5986480712890625,0.6139516830444336,0.6063232421875,,,0.6924125552177429,0.5309641768292682
flickr,C2,12345,best,IQR,101,12598610153,0.5598887194355529,0.8553433355522556,0.6035881407071492,0.3892099808673469,16704.0,2160.0,10970.5,GOOD,0.6655488014221191,0.6232410669326782,0.5917205810546875,0.6149874329566956,0.6002960205078125,,,0.6935763955116272,0.5231993140243902
flickr,C2,12345,best,AUD,102,12599965145,0.8206447078368103,0.947160766961652,0.8387865726227796,0.5404974489795918,25687.0,677.0,4937.0,GOOD,0.7643685340881348,0.5621346831321716,0.842529296875,0.5696402788162231,0.8327178955078125,,,0.6758947372436523,0.71484375
flickr,C2,12345,best,IQR,102,12599965145,0.8246921064386447,0.9431673052362708,0.8440275600835946,0.5461774553571429,25847.5,718.0,4776.5,GOOD,0.7700902223587036,0.5705937147140503,0.8381500244140625,0.5790282487869263,0.8285675048828125,,,0.6856672763824463,0.7116776315789474
flickr,C2,12345,best,AUD,103,12729873904,0.7720274053337263,0.8819643157717556,0.8096654562311675,0.47361288265306123,20959.0,1262.0,4927.0,GOOD,0.7182065844535828,0.49663087725639343,0.8978118896484375,0.5063251256942749,0.88427734375,,,0.6284298300743103,0.7335611979166667
flickr,C2,12345,best,IQR,103,12729873904,0.7653318705430608,0.8728000667278338,0.8084678977053233,0.47787786989795916,20928.0,1459.0,4958.0,GOOD,0.7162904739379883,0.5063427686691284,0.8880462646484375,0.5165449976921082,0.871826171875,,,0.6454631686210632,0.6979166666666666
flickr,C2,12345,best,AUD,104,13153991894,0.36454654676520915,0.3352641800040179,0.9827264697222495,0.5952248086734694,10013.0,17278.0,176.0,OVER,0.8134053945541382,0.7475924491882324,0.6631011962890625,0.8318203091621399,0.4369659423828125,0.6479936838150024,0.8924407958984375,0.8144270181655884,0.5220853365384616
flickr,C2,12345,best,IQR,104,13153991894,0.37281248818838114,0.34373584248126854,0.9680537834920012,0.5718869579081632,9863.5,16268.0,325.5,OVER,0.7994436621665955,0.7422642707824707,0.6262664794921875,0.8238000273704529,0.407989501953125,0.6394060850143433,0.8761138916015625,0.803193211555481,0.5030799278846154
flickr,C2,12345,best,AUD,105,13234495505,0.38660272277227725,0.611750305997552,0.48383349467570186,0.4070671237244898,12495.0,6495.0,13330.0,UNDER,0.552027702331543,0.663904070854187,0.4393157958984375,0.695066511631012,0.407440185546875,0.5882269740104675,0.5201416015625,0.7932443022727966,0.3046875
flickr,C2,12345,best,IQR,105,13234495505,0.401470185371199,0.6072513812154696,0.5107260406582769,0.4328762755102041,13189.5,7028.0,12635.5,MIXED,0.5640226602554321,0.683200478553772,0.439849853515625,0.7088221311569214,0.41375732421875,0.6147715449333191,0.5107574462890625,0.7875137329101562,0.3299479166666666
flickr,C2,12345,best,AUD,106,13409856383,0.8105492683630073,0.9295102293862368,0.834644646502134,0.48220264668367346,22489.5,801.0,4455.5,GOOD,0.7208833694458008,0.5320048332214355,0.8155517578125,0.5436244010925293,0.80120849609375,,,,
flickr,C2,12345,best,IQR,106,13409856383,0.8100931058218309,0.9363118666778327,0.8298756726665429,0.47596460459183676,22361.0,658.0,4584.0,GOOD,0.7147806286811829,0.5230733752250671,0.8274078369140625,0.5339559316635132,0.812408447265625,,,,
flickr,C2,12345,best,AUD,107,13447842855,0.8844967915775438,0.8319659280936454,0.943744627878716,0.38137755102040816,15920.5,1130.0,949.0,GOOD,0.8242102861404419,0.5514322519302368,0.95562744140625,0.55704265832901,0.9527587890625,,,0.6522646546363831,0.875
flickr,C2,12345,best,IQR,107,13447842855,0.8826691697243793,0.8607089365951074,0.9197664423960402,0.35927535076530615,15516.0,709.0,1353.5,GOOD,0.8083159923553467,0.5150126218795776,0.96533203125,0.516532301902771,0.963409423828125,,,0.6068863272666931,0.9020337301587301
flickr,C2,12345,best,AUD,108,13579448834,0.5731316175902311,0.753786338686725,0.6824414484884738,0.3921396683673469,14831.5,4145.0,6901.5,GOOD,0.6509249806404114,0.5581883192062378,0.6829833984375,0.5903582572937012,0.65478515625,0.5071298480033875,0.72442626953125,,
flickr,C2,12345,best,IQR,108,13579448834,0.6389670260978277,0.7780685061845861,0.7525422169051672,0.41892538265306123,16355.0,3863.0,5378.0,GOOD,0.6739917397499084,0.5507504343986511,0.73883056640625,0.5868878960609436,0.7080841064453125,0.49788975715637207,0.7785186767578125,,
flickr,C2,12345,best,AUD,109,13660204414,0.5285332062747398,0.7852592027880636,0.6094885883347422,0.36599170918367346,14420.5,3624.0,9239.5,GOOD,0.6459745168685913,0.7353048324584961,0.451873779296875,0.7652460932731628,0.4170074462890625,,,,
flickr,C2,12345,best,IQR,109,13660204414,0.5370370370370371,0.801713620230701,0.6110101437024514,0.359375,14456.5,3259.0,9203.5,GOOD,0.6444363594055176,0.7292693853378296,0.4558563232421875,0.7577559351921082,0.422454833984375,,,,
flickr,C2,12345,best,AUD,110,13721325644,0.553378749424878,0.7226055273460211,0.6712575389323971,0.5141701211734694,18642.5,5916.0,9130.0,GOOD,0.6678541898727417,0.7176482677459717,0.44232940673828125,0.7965660095214844,0.295989990234375,0.6217457056045532,0.61260986328125,0.7575197219848633,0.38114243659420294
flickr,C2,12345,best,IQR,110,13721325644,0.5618597203896162,0.7234375596533424,0.6822936357908003,0.5220224808673469,18949.0,5953.0,8823.5,GOOD,0.6727702617645264,0.7098597884178162,0.4663848876953125,0.7880055904388428,0.3172149658203125,0.6144422292709351,0.63543701171875,0.7463780045509338,0.4094202898550725
flickr,C2,12345,best,AUD,111,13861270725,0.5415158757255036,0.5718354544471284,0.7493975903614458,0.5527941645408163,15861.0,8125.0,5304.0,GOOD,0.6898029446601868,0.7275282144546509,0.4633636474609375,0.7254773378372192,0.4603118896484375,0.7223058938980103,0.4897308349609375,0.843787431716919,0.26055617559523814
flickr,C2,12345,best,IQR,111,13861270725,0.545339490336925,0.573571736940567,0.7532719111741082,0.5539700255102041,15943.0,8070.0,5222.0,GOOD,0.6924664378166199,0.7305577993392944,0.4636077880859375,0.7271592617034912,0.461273193359375,0.7246111631393433,0.4875335693359375,0.8475015759468079,0.2580450148809524
flickr,C2,12345,best,AUD,112,14062380939,0.3038159675236807,0.3511050875729775,0.6218931196218193,0.47791772959183676,8419.5,14174.0,5119.0,OVER,0.6731011867523193,0.6537212133407593,0.52978515625,0.6435953974723816,0.5454864501953125,0.5980979204177856,0.6169281005859375,0.8232914209365845,0.2607421875
flickr,C2,12345,best,IQR,112,14062380939,0.3366557764364952,0.3781357548617158,0.6735975181888688,0.480648118622449,9119.5,13550.0,4419.0,OVER,0.7042348980903625,0.6629208326339722,0.5706939697265625,0.6626160144805908,0.5680999755859375,0.5888220071792603,0.694580078125,0.8485406041145325,0.263916015625
flickr,C2,12345,best,AUD,113,14172932360,0.554699264771016,0.8058164972333033,0.6231155778894473,0.309749681122449,12524.0,2479.0,7575.0,GOOD,0.6890861392021179,0.5655402541160583,0.664825439453125,0.6725828051567078,0.5763397216796875,0.38395705819129944,0.8098297119140625,0.7262665629386902,0.534
flickr,C2,12345,best,IQR,113,14172932360,0.5445975184351128,0.799682292679764,0.6136374944027067,0.3073780293367347,12333.5,2548.0,7765.5,GOOD,0.6874018907546997,0.5713053345680237,0.6550750732421875,0.6827050447463989,0.56475830078125,0.3806849420070648,0.803192138671875,0.7335463762283325,0.52640625
flickr,C2,12345,best,AUD,114,14174434304,0.8492295169393999,0.9144778600574278,0.9006757561324125,0.6593789859693877,30255.5,2035.0,3336.5,GOOD,0.7290060520172119,0.5943712592124939,0.82696533203125,0.6561201810836792,0.6959686279296875,0.5057272911071777,0.9795894209956709,0.6512407064437866,0.7096153846153846
flickr,C2,12345,best,IQR,114,14174434304,0.8106375894789413,0.8992613111726685,0.869760657299357,0.6475207270408163,29217.0,2450.0,4375.0,GOOD,0.7153865098953247,0.6212784051895142,0.74578857421875,0.6801488995552063,0.5757293701171875,0.5368503928184509,0.9640151515151515,0.6764618754386902,0.6084735576923077
flickr,C2,12345,best,AUD,115,14203929291,0.5520427813413502,0.6194732914619737,0.7848996395296157,0.640983737244898,19923.5,10707.0,5460.0,GOOD,0.7271595001220703,0.7696658968925476,0.4129486083984375,0.7335962057113647,0.48199462890625,0.7631442546844482,0.4332275390625,0.9425798058509827,0.05364583333333334
flickr,C2,12345,best,IQR,115,14203929291,0.6035319285784198,0.6428571428571429,0.8502373589142553,0.6690848214285714,21582.0,10376.0,3801.5,GOOD,0.761933445930481,0.7569340467453003,0.5081939697265625,0.7325913906097412,0.5453948974609375,0.7466273903846741,0.533233642578125,0.9227392673492432,0.16249999999999998
flickr,C2,12345,best,AUD,116,14414061986,0.7531181898270506,0.8197072924552107,0.8125312656328164,0.39490991709183676,16242.5,1577.0,3747.5,GOOD,0.7369223833084106,0.5238280296325684,0.8437652587890625,0.5260260105133057,0.838409423828125,,,0.600948691368103,0.7683256172839507
flickr,C2,12345,best,IQR,116,14414061986,0.7697377679786086,0.8302636239437332,0.8208354177088544,0.3938735650510204,16408.5,1327.0,3581.5,GOOD,0.7421146631240845,0.5200244188308716,0.8611907958984375,0.5213211178779602,0.857513427734375,,,0.5797684788703918,0.8054591049382717
flickr,C2,12345,best,AUD,117,14566072101,0.67836297560707,0.7334712588932218,0.839077132640899,0.6695033482142857,24639.5,6957.0,4725.5,GOOD,0.7340167164802551,0.7617905139923096,0.5020294189453125,0.7986124753952026,0.4138031005859375,0.6283671259880066,0.782806396484375,,
flickr,C2,12345,best,IQR,117,14566072101,0.6858155432285539,0.7464172460056104,0.8336284692661331,0.6536192602040817,24479.5,6329.0,4885.5,GOOD,0.734677791595459,0.762356698513031,0.49591064453125,0.8094521760940552,0.3856353759765625,0.619624137878418,0.7906951904296875,,
flickr,C2,12345,best,AUD,118,14648401332,0.8623337245696401,0.8495920596171143,0.9850837988826816,0.6204559948979592,26449.5,3822.0,400.5,GOOD,0.8397893309593201,0.7130197286605835,0.8290252685546875,0.7296485900878906,0.811737060546875,,,0.7495983242988586,0.8359375
flickr,C2,12345,best,IQR,118,14648401332,0.8675458336091072,0.8618983429773803,0.9763687150837989,0.6061862244897959,26215.5,3368.0,634.5,GOOD,0.8249977231025696,0.6752257943153381,0.86492919921875,0.691077709197998,0.851593017578125,,,0.7312273979187012,0.845703125
flickr,C2,12345,best,AUD,119,14652810592,0.7835476992915607,0.8005059377415501,0.8805750946896499,0.5672433035714286,22784.0,3204.0,3090.0,GOOD,0.7439760565757751,0.6507794857025146,0.7229156494140625,0.6671820878982544,0.683929443359375,0.6197745203971863,0.819078947368421,0.7374380826950073,0.5341796875
flickr,C2,12345,best,IQR,119,14652810592,0.7915370792729284,0.803419852683269,0.8852709283450568,0.5681999362244898,22905.5,3064.0,2968.5,GOOD,0.7416094541549683,0.6420657634735107,0.753173828125,0.6617451906204224,0.7098236083984375,0.6116227507591248,0.827405427631579,0.7199063301086426,0.57568359375
flickr,C2,12345,best,AUD,120,14678892718,0.771833905088622,0.7311780636425186,0.9378636561007382,0.2943638392857143,10799.5,2477.0,715.5,GOOD,0.7295917272567749,0.5344614386558533,0.8750457763671875,0.5725001096725464,0.86810302734375,0.41198205947875977,0.9716644287109375,0.8063865900039673,0.2791193181818182
flickr,C2,12345,best,IQR,120,14678892718,0.7364015329792241,0.6865479847050712,0.9511506730351715,0.3179408482142857,10952.5,3358.0,562.5,GOOD,0.7434203028678894,0.552761435508728,0.87872314453125,0.5920610427856445,0.8728790283203125,0.43292826414108276,0.974884033203125,0.8055097460746765,0.3006036931818182
flickr,C2,12345,best,AUD,121,14680986811,0.6142541420909641,0.7433730834752982,0.760885106976582,0.5849410076530612,21818.0,6845.0,6856.5,GOOD,0.6973403096199036,0.6991304159164429,0.568572998046875,0.6916038990020752,0.5763092041015625,0.6887437701225281,0.5846405029296875,,
flickr,C2,12345,best,IQR,121,14680986811,0.6137391081131187,0.753721671512137,0.7504228495701756,0.568977200255102,21518.0,6386.0,7156.5,GOOD,0.6890817284584045,0.6819750070571899,0.573638916015625,0.6777068972587585,0.5791778564453125,0.6664526462554932,0.59368896484375,,
flickr,C2,12345,best,AUD,122,14742398172,0.8754628422425033,0.8679638757712592,0.9414150855220114,0.5781847895408163,25180.5,2015.0,1567.0,GOOD,0.7710180282592773,0.5168214440345764,0.861053466796875,0.5716438293457031,0.8012542724609375,,,0.7801696062088013,0.48750000000000004
flickr,C2,12345,best,IQR,122,14742398172,0.8803631084602872,0.8727761401075083,0.9408916721188896,0.5746771364795918,25166.5,1839.0,1581.0,GOOD,0.7755758762359619,0.5036289691925049,0.8905029296875,0.5556149482727051,0.840118408203125,,,0.7546834349632263,0.5897135416666667
flickr,C2,12345,best,AUD,123,14778198185,0.5378205128205128,0.9358215358215358,0.5384577409162717,0.23228236607142858,10907.0,24.0,9349.0,GOOD,0.5869404077529907,0.3759600520133972,0.7570953369140625,0.40112024545669556,0.7276458740234375,0.31740161776542664,0.824732730263158,0.4357220530509949,0.6876273777173912
flickr,C2,12345,best,IQR,123,14778198185,0.5360593512767425,0.9349583010919096,0.5368532780410743,0.23180404974489796,10874.5,30.0,9381.5,GOOD,0.588544487953186,0.3807309865951538,0.7558746337890625,0.4068731963634491,0.722900390625,0.3231361508369446,0.8271655701754387,0.4364030957221985,0.6881793478260869
flickr,C2,12345,best,AUD,124,14899015793,0.8352183426299732,0.9783409140134286,0.848024030789449,0.5520966198979592,27102.0,490.0,4857.0,GOOD,0.7353715896606445,0.4803369641304016,0.950897216796875,0.5015629529953003,0.9357147216796875,,,0.5396071076393127,0.9246875
flickr,C2,12345,best,IQR,124,14899015793,0.8530544109242939,0.9514089231801409,0.8874338996839701,0.594108737244898,28361.5,1288.0,3597.5,GOOD,0.756440281867981,0.5288101434707642,0.9358978271484375,0.5451533794403076,0.92230224609375,,,0.6109281778335571,0.8765624999999999
flickr,C2,12345,best,AUD,125,15135657108,0.8254159119621303,0.984478251397865,0.8264222252701199,0.5489078443877551,27114.5,40.0,5695.0,GOOD,0.7478889226913452,0.5106662511825562,0.8888541666666666,0.5106661915779114,0.8888541666666666,,,,
flickr,C2,12345,best,IQR,125,15135657108,0.8145774015256483,0.9852486187845304,0.8152973986193023,0.5410953443877551,26749.5,29.0,6060.0,GOOD,0.747611403465271,0.502281904220581,0.8957552083333333,0.502281904220581,0.8957552083333333,,,,
flickr,C2,12345,best,AUD,126,15210828119,0.5359834427633458,0.5713611880344481,0.8537034510980767,0.654914700255102,18775.5,13037.0,3217.5,GOOD,0.7057893872261047,0.7534778118133545,0.435394287109375,0.7427309155464172,0.4614715576171875,0.7085256576538086,0.5487060546875,0.7637942433357239,0.438232421875
flickr,C2,12345,best,IQR,126,15210828119,0.5236206324635118,0.5537447380729654,0.8612967762469876,0.6817602040816326,18942.5,14183.0,3050.5,GOOD,0.7288765907287598,0.7693716287612915,0.4610443115234375,0.7640789747238159,0.4736785888671875,0.7334182262420654,0.556640625,0.7743754982948303,0.4569091796875
flickr,C2,12345,best,AUD,127,15679023977,0.46395822196636377,0.4454050213169114,1.0,0.5048628826530612,11283.0,13036.0,0.0,OVER,0.9134261012077332,0.7182923555374146,0.91845703125,0.7822749018669128,0.87530517578125,0.5839458703994751,0.9996795654296875,0.7981564402580261,0.8213820684523809
flickr,C2,12345,best,IQR,127,15679023977,0.46932643351973957,0.45162844865668045,0.9967207303022246,0.496273118622449,11246.0,12679.0,37.0,OVER,0.9034442901611328,0.7240864038467407,0.8796539306640625,0.7794620990753174,0.8216400146484375,0.6018502712249756,0.995635986328125,0.8092167377471924,0.7615327380952381
flickr,C2,12345,best,AUD,128,15799251138,0.6099543105385364,0.7124464145110962,0.7650789177001127,0.6834143813775511,24430.5,8121.0,7501.5,GOOD,0.6979358196258545,0.6999484300613403,0.6176300048828125,0.748064398765564,0.5525131225585938,0.6758843660354614,0.6510162353515625,0.7670730352401733,0.532443576388889
flickr,C2,12345,best,IQR,128,15799251138,0.60206495744079,0.7310238236487964,0.7331986721783791,0.6382932079081632,23412.5,6955.0,8519.5,GOOD,0.669916033744812,0.6555747985839844,0.642120361328125,0.7058488130569458,0.5815582275390625,0.6324609518051147,0.6726531982421875,0.7203868627548218,0.5659722222222222
flickr,C2,12345,best,AUD,129,15994498891,0.3607873144047929,0.8442285714285714,0.38286513942158185,0.26157924107142855,11080.5,1771.0,17860.5,UNDER,0.5696437954902649,0.5502697229385376,0.52813720703125,0.5326583385467529,0.558074951171875,,,0.8548750877380371,0.17660361842105265
flickr,C2,12345,best,IQR,129,15994498891,0.37997654264677133,0.8518112766579025,0.4029922946684634,0.2728794642857143,11663.0,1753.0,17278.0,UNDER,0.577559232711792,0.5430058836936951,0.5483551025390625,0.5224975347518921,0.5822601318359375,,,0.8374054431915283,0.20579769736842107
flickr,C2,12345,best,AUD,130,16012165838,0.8555874993345046,0.8696158008658008,0.9583743328264305,0.7366071428571429,32141.0,4029.0,1396.0,GOOD,0.7397465705871582,0.6193032264709473,0.8431396484375,0.6762611865997314,0.742919921875,0.47399193048477173,0.99993896484375,,
flickr,C2,12345,best,IQR,130,16012165838,0.8199291719607472,0.878748370273794,0.9043742731908042,0.6878786670918368,30330.0,3454.0,3207.0,GOOD,0.7108322978019714,0.5944937467575073,0.8401641845703125,0.6479547023773193,0.7410888671875,0.45725011825561523,0.9993133544921875,,
flickr,C2,12345,best,AUD,131,16101081359,0.7184664578227207,0.8743678887484198,0.7711901318884262,0.5044642857142857,22132.0,2106.0,6566.5,GOOD,0.7136169672012329,0.5945471525192261,0.7347564697265625,0.6222412586212158,0.7075347900390625,,,,
flickr,C2,12345,best,IQR,131,16101081359,0.7249548185414937,0.8795085529174732,0.7757548303918324,0.5044842155612245,22263.0,2011.0,6435.5,GOOD,0.7152849435806274,0.5942336320877075,0.74127197265625,0.61639803647995,0.719146728515625,,,,
flickr,C2,12345,best,AUD,132,16369370669,0.746396516484493,0.6823070674248578,0.9443882255054082,0.6133410395408163,20998.0,5898.0,1236.5,GOOD,0.815743088722229,0.6557949781417847,0.864166259765625,0.7057043313980103,0.8226776123046875,0.5135660767555237,0.9644431089743589,0.7030976414680481,0.8203125
flickr,C2,12345,best,IQR,132,16369370669,0.7218326651005882,0.6782170002323343,0.9190222402122827,0.6004663584183674,20434.0,6074.0,1800.5,GOOD,0.7900967597961426,0.6594259142875671,0.7982025146484375,0.7032068967819214,0.7472076416015625,0.5282857418060303,0.9411258012820511,0.6958738565444946,0.7518705985915494
flickr,C2,12345,best,AUD,133,16419739420,0.5411241275154088,0.6417161481863948,0.7144961644180156,0.6175860969387755,19885.5,8917.0,7946.0,GOOD,0.6868873238563538,0.7702102661132812,0.43359375,0.7876650094985962,0.3917694091796875,,,,
flickr,C2,12345,best,IQR,133,16419739420,0.5542926674133377,0.6566257166257167,0.7201731850600938,0.6083585778061225,20043.5,8329.0,7788.0,GOOD,0.6918402910232544,0.7606298327445984,0.4513702392578125,0.7769695520401001,0.415802001953125,,,,
flickr,C2,12345,best,AUD,134,16563757295,0.5383292233689531,0.6088386186000069,0.7464750084430936,0.5788225446428571,17682.5,9159.0,6005.5,GOOD,0.7341158390045166,0.8221770524978638,0.39556884765625,0.8674631118774414,0.31414794921875,0.6990119218826294,0.59649658203125,0.9069204330444336,0.2453446061643836
flickr,C2,12345,best,IQR,134,16563757295,0.5475357021157957,0.6210689061456832,0.7461583924349882,0.5671835140306123,17675.0,8593.0,6013.0,GOOD,0.7349561452865601,0.8144826889038086,0.4114227294921875,0.8652048110961914,0.3258819580078125,0.6783034801483154,0.627349853515625,0.9074593186378479,0.2534246575342466
flickr,C2,12345,best,AUD,135,16659090834,0.7062722002675564,0.7967768795753392,0.8363103366653921,0.5744379783163265,22965.5,5056.0,4495.0,GOOD,0.7510790824890137,0.6546435356140137,0.7625885009765625,0.6543655395507812,0.7537841796875,,,0.7228427529335022,0.6933992346938775
flickr,C2,12345,best,IQR,135,16659090834,0.7342423061940008,0.8137044967880086,0.8579596147193241,0.5770487882653061,23560.0,4627.0,3900.5,GOOD,0.7500865459442139,0.6321533918380737,0.7837066650390625,0.6352554559707642,0.77374267578125,,,0.6798136234283447,0.7410714285714286
flickr,C2,12345,best,AUD,136,16804898716,0.616311923149369,0.8721457130164372,0.6621917900630755,0.44862085459183676,19632.0,2207.0,10015.0,GOOD,0.6778764724731445,0.5884373784065247,0.647735595703125,0.6561799049377441,0.557586669921875,0.45490455627441406,0.8212127685546875,0.6960113048553467,0.5034279336734694
flickr,C2,12345,best,IQR,136,16804898716,0.6315340203625528,0.8598748996238536,0.6862583060680676,0.4715601084183674,20345.5,2569.0,9301.5,GOOD,0.6917269229888916,0.6111525297164917,0.643951416015625,0.6803694367408752,0.5519256591796875,0.4831227958202362,0.8076324462890625,0.7235966324806213,0.49306441326530615
flickr,C2,12345,best,AUD,137,16950760048,0.5390960809102402,0.6429567642956764,0.748343789760014,0.5287189094387755,17057.0,8847.0,5736.0,GOOD,0.752659261226654,0.7498859167098999,0.5399322509765625,0.7970114946365356,0.480194091796875,0.5596212148666382,0.7597198486328125,0.8331558704376221,0.42617753623188404
flickr,C2,12345,best,IQR,137,16950760048,0.5175327752329806,0.6338014546580006,0.7187513710349669,0.5151466836734694,16382.5,8862.0,6410.5,GOOD,0.7414333820343018,0.750037431716919,0.51947021484375,0.7939655184745789,0.4638214111328125,0.5614447593688965,0.7330322265625,0.8325563669204712,0.41264719202898553
flickr,C2,12345,best,AUD,138,17140316339,0.7155348997331956,0.672006854408484,0.9697655429837863,0.6164102359693877,20784.5,7615.0,648.0,GOOD,0.8210326433181763,0.7206661701202393,0.6995849609375,0.745958149433136,0.6425628662109375,0.48304450511932373,0.984344482421875,0.8614948987960815,0.3873487903225806
flickr,C2,12345,best,IQR,138,17140316339,0.70856810124848,0.6680768609720652,0.9652163769975505,0.6171277104591837,20687.0,7763.0,745.5,GOOD,0.8017053604125977,0.7238062024116516,0.64886474609375,0.7396941781044006,0.60552978515625,0.4929654598236084,0.9784393310546875,0.8662862181663513,0.32640288978494625
flickr,C2,12345,best,AUD,139,17537079145,0.7621104237189215,0.7496411963947414,0.9202903657763056,0.6943160076530612,26116.0,5890.0,2262.0,GOOD,0.7719628810882568,0.8088588714599609,0.4276275634765625,0.8143872618675232,0.4090423583984375,,,0.7899662852287292,0.5390625
flickr,C2,12345,best,IQR,139,17537079145,0.7331003349351973,0.7432308737118729,0.8869899217703855,0.6749641262755102,25171.0,5957.0,3207.0,GOOD,0.7518705725669861,0.7918443083763123,0.4293212890625,0.8039447069168091,0.402435302734375,,,0.7705948352813721,0.515625
flickr,C2,12345,best,AUD,140,19306860381,0.660555019030847,0.9089860850531583,0.6947539808203627,0.5098852040816326,23255.5,1733.0,10217.5,GOOD,0.6756290197372437,0.5597277283668518,0.6766204833984375,0.5705806016921997,0.666107177734375,,,0.6196567416191101,0.6237952686915887
flickr,C2,12345,best,IQR,140,19306860381,0.6543581119598677,0.9117717145240081,0.6858512831237117,0.5018136160714286,22957.5,1611.0,10515.5,GOOD,0.6665388941764832,0.5773228406906128,0.654571533203125,0.5854748487472534,0.6462249755859375,,,0.6660490036010742,0.5678665303738318
flickr,C2,12345,best,AUD,141,20854461578,0.8909238066556242,0.7932461873638345,0.9657824933687003,0.5946069834183674,23666.5,2059.0,838.5,GOOD,0.7994123697280884,0.6236123442649841,0.8960113525390625,0.6355808973312378,0.8822784423828125,,,0.7565894722938538,0.6857766544117646
flickr,C2,12345,best,IQR,141,20854461578,0.875512220108298,0.7743924144849681,0.9765149969394001,0.615852200255102,23929.5,2827.0,575.5,GOOD,0.8223949670791626,0.6668931245803833,0.8653564453125,0.6792068481445312,0.847412109375,,,0.8037419319152832,0.6294806985294118
flickr,C2,12345,best,AUD,142,2401957951,0.29153517727863376,0.280271259034532,1.0,0.6700613839285714,9423.0,22899.0,0.0,OVER,0.8840206265449524,0.7662602663040161,0.86187744140625,0.8255590200424194,0.7354278564453125,0.7461609244346619,0.909698486328125,0.8606328368186951,0.614296875
flickr,C2,12345,best,IQR,142,2401957951,0.2893153208474056,0.2782190203430866,1.0,0.6750039859693877,9423.0,23147.0,0.0,OVER,0.8835633993148804,0.7675321698188782,0.852996826171875,0.8297253847122192,0.720062255859375,0.7446967363357544,0.9177398681640625,0.8675923943519592,0.57890625
flickr,C2,12345,best,AUD,143,2404965389,0.6185874178155991,0.9216492481079841,0.6228054639243729,0.6083187181122449,28131.5,308.0,17037.5,GOOD,0.6503182649612427,0.6676669120788574,0.51263427734375,0.6630651950836182,0.5185699462890625,,,0.6806764006614685,0.5057351878612717
flickr,C2,12345,best,IQR,143,2404965389,0.6244362804408562,0.9283728536385937,0.6284177201177799,0.6093550701530612,28385.0,288.0,16784.0,GOOD,0.649682343006134,0.652396023273468,0.528350830078125,0.6503887176513672,0.5311737060546875,,,0.6789923906326294,0.49374548410404623
flickr,C2,12345,best,AUD,144,2432219254,0.4659089004006773,0.6498082678638234,0.6003542805296926,0.42617984693877553,13895.5,6679.0,9250.0,MIXED,0.6144312620162964,0.6010131239891052,0.4968414306640625,0.6531225442886353,0.438995361328125,0.5090979933738708,0.60333251953125,0.8631673455238342,0.1501885775862069
flickr,C2,12345,best,IQR,144,2432219254,0.448427683606252,0.6492987446057278,0.5720550430969303,0.4064094387755102,13240.5,6381.0,9905.0,MIXED,0.6048957705497742,0.5896974205970764,0.496826171875,0.6370002627372742,0.4449920654296875,0.5154815912246704,0.576019287109375,0.8515447378158569,0.15651939655172417
flickr,C2,12345,best,AUD,145,2462141223,0.4980818886019919,0.7457748812548326,0.5744002041858091,0.3608498086734694,13503.0,3602.0,10005.0,UNDER,0.6119506359100342,0.6420722007751465,0.4931182861328125,0.6510159969329834,0.485504150390625,,,,
flickr,C2,12345,best,IQR,145,2462141223,0.5037786578497984,0.733120076138106,0.589820486642845,0.37693319515306123,13865.5,4015.0,9642.5,GOOD,0.6261731386184692,0.6471916437149048,0.50390625,0.6594094634056091,0.4919891357421875,,,,
flickr,C2,12345,best,AUD,146,2465634368,0.7070124879923151,0.797306756441452,0.7548717948717949,0.5979153380102041,23920.0,2145.0,7767.5,GOOD,0.7098034024238586,0.7649505138397217,0.4754180908203125,0.7610155344009399,0.48138427734375,,,,
flickr,C2,12345,best,IQR,146,2465634368,0.7012521301029858,0.8037091131415373,0.7467297830374754,0.5867546237244898,23662.0,2055.0,8025.5,GOOD,0.7049083113670349,0.7599472999572754,0.4735870361328125,0.756195068359375,0.4799957275390625,,,,
flickr,C2,12345,best,AUD,147,2499673064,0.4847684916319096,0.5039148251134201,0.7954604522221259,0.5447225765306123,13773.0,11097.0,3541.5,OVER,0.7306461334228516,0.6080268621444702,0.74755859375,0.6481858491897583,0.702972412109375,0.5867962837219238,0.768341064453125,0.6240571141242981,0.7319138367052023
flickr,C2,12345,best,IQR,147,2499673064,0.503010380004645,0.5186993367722919,0.8130468682318288,0.5408960459183674,14077.5,10672.0,3237.0,GOOD,0.7342576384544373,0.5933822393417358,0.7808685302734375,0.6303492784500122,0.7484588623046875,0.5775594115257263,0.78582763671875,0.6060434579849243,0.7746342124277458
flickr,C2,12345,best,AUD,148,2509250774,0.5896580483736447,0.6882788161993769,0.7556244322129001,0.4094387755102041,14140.0,5267.0,4573.0,GOOD,0.7141366600990295,0.4961731433868408,0.793304443359375,0.5594182014465332,0.7329254150390625,0.34211212396621704,0.91302490234375,0.5739559531211853,0.729223901098901
flickr,C2,12345,best,IQR,148,2509250774,0.5818525284397575,0.6829345548462551,0.7489178645861166,0.40898038903061223,14014.5,5373.0,4698.5,GOOD,0.7131186723709106,0.500450849533081,0.7824554443359375,0.5618239045143127,0.7235870361328125,0.34672391414642334,0.902740478515625,0.5712922215461731,0.7259615384615384
flickr,C2,12345,best,AUD,149,2542659118,0.2889005053145147,0.3303373771362791,0.6437168370648376,0.4501355229591837,7461.0,14235.0,4129.5,OVER,0.6325954794883728,0.7529773712158203,0.3208770751953125,0.8394943475723267,0.1909332275390625,0.6736621856689453,0.440673828125,0.8499470949172974,0.17329780629139072
flickr,C2,12345,best,IQR,149,2542659118,0.2859381953985178,0.3278823111742256,0.6374617143350157,0.4490991709183674,7388.5,14249.0,4202.0,OVER,0.62851482629776,0.7481509447097778,0.3231048583984375,0.8356408476829529,0.1909942626953125,0.6682388782501221,0.4456024169921875,0.8436113595962524,0.1753932119205298
flickr,C2,12345,best,AUD,150,2630218696,0.6310474108711592,0.9200822978860739,0.6629845496431738,0.4940210459183674,22807.0,1741.0,11593.5,GOOD,0.6594997048377991,0.6456462740898132,0.5850067138671875,0.6410709023475647,0.5953521728515625,,,0.6860461831092834,0.5053836137820513
flickr,C2,12345,best,IQR,150,2630218696,0.6198702002584877,0.9259705210712061,0.6483045304574061,0.48001036352040816,22302.0,1578.0,12098.5,GOOD,0.6527495384216309,0.6334289312362671,0.59814453125,0.628964900970459,0.6060333251953125,,,0.6775997877120972,0.5248397435897435
flickr,C2,12345,best,AUD,151,2695985181,0.7150895438405868,0.8499377334993773,0.7692387969359855,0.43209901147959184,18427.5,1814.0,5528.0,GOOD,0.7120033502578735,0.5586309432983398,0.7816619873046875,0.5838738679885864,0.7561492919921875,0.4648074209690094,0.873046875,0.6254648566246033,0.7109375
flickr,C2,12345,best,IQR,151,2695985181,0.716635733124939,0.859845288326301,0.7656070630961574,0.4251036352040816,18340.5,1637.0,5615.0,GOOD,0.7111783027648926,0.5500210523605347,0.783355712890625,0.5748294591903687,0.759033203125,0.450000524520874,0.8743438720703125,0.6294752955436707,0.6998948317307693
flickr,C2,12345,best,AUD,152,2698329253,0.6782968843148944,0.9083193277310925,0.7124307935670973,0.47433035714285715,21618.0,1527.0,8726.0,GOOD,0.6863999366760254,0.5162567496299744,0.7507476806640625,0.49585139751434326,0.7761383056640625,,,0.704066276550293,0.49479166666666663
flickr,C2,12345,best,IQR,152,2698329253,0.6824825514068418,0.9073735019973369,0.7186264170841022,0.4789540816326531,21806.0,1607.0,8538.0,GOOD,0.6870337724685669,0.5276563167572021,0.7395095825195312,0.5070719122886658,0.7661895751953125,,,0.7293058633804321,0.45892137096774194
flickr,C2,12345,best,AUD,153,2766580444,0.26900343642611685,0.26332077502691065,1.0,0.44435586734693877,5871.0,15954.0,0.0,OVER,0.8842267990112305,0.6975858211517334,0.829620361328125,0.817888617515564,0.6989288330078125,0.5328998565673828,1.0,0.8221173882484436,0.6091474514563107
flickr,C2,12345,best,IQR,153,2766580444,0.27865584508044994,0.2725626740947075,1.0,0.42928890306122447,5871.0,15198.0,0.0,OVER,0.8854166269302368,0.6929525136947632,0.8359832763671875,0.814607560634613,0.7127532958984375,0.5301830172538757,1.0,0.8167130351066589,0.6177942961165048
flickr,C2,12345,best,AUD,154,2778088729,0.5672833808243368,0.5930852179750766,0.8923611111111112,0.47498804209183676,14135.0,9077.0,1705.0,GOOD,0.7899653315544128,0.680332601070404,0.7530364990234375,0.7310158014297485,0.6712188720703125,0.5576915740966797,0.882843017578125,0.7932693958282471,0.5955078125
flickr,C2,12345,best,IQR,154,2778088729,0.5673648457401642,0.5960705182667799,0.8858270202020202,0.46914859693877553,14031.5,8891.0,1808.5,GOOD,0.7751390933990479,0.6770503520965576,0.736083984375,0.7249702215194702,0.6593170166015625,0.567240834236145,0.8718719482421875,0.7786896228790283,0.5896484375000001
flickr,C2,12345,best,AUD,155,2808068937,0.6448739736685846,0.8763216471897607,0.6892740682380233,0.3581393494897959,15747.5,1573.0,7099.0,GOOD,0.647213339805603,0.5279979705810547,0.746826171875,0.5433048009872437,0.729339599609375,0.48673978447914124,0.78582763671875,0.5229068994522095,0.7609174679487181
flickr,C2,12345,best,IQR,155,2808068937,0.64249155817954,0.9227414140181784,0.6620926618956952,0.3267099808673469,15126.5,697.0,7720.0,GOOD,0.6443411111831665,0.501278281211853,0.75927734375,0.5141153931617737,0.7438812255859375,0.4603423476219177,0.8023223876953125,0.4971233904361725,0.7684294871794871
flickr,C2,12345,best,AUD,156,2811549163,0.4335178622241767,0.6438890383063741,0.5586166666666667,0.5187141262755102,16758.5,8657.0,13241.5,MIXED,0.6019580960273743,0.6643809080123901,0.4528350830078125,0.6223082542419434,0.5018463134765625,,,0.7058148980140686,0.4065708031400966
flickr,C2,12345,best,IQR,156,2811549163,0.43931209060779247,0.6534176920389706,0.5611333333333334,0.5134526466836735,16834.0,8319.0,13166.0,MIXED,0.6050310134887695,0.6448346376419067,0.47869873046875,0.6058961749076843,0.5218353271484375,,,0.6851619482040405,0.4331219806763285
flickr,C2,12345,best,AUD,157,2819123278,0.8807968874839337,0.9061360874848117,0.9325989407091364,0.5576769770408163,25355.5,1599.0,1832.5,GOOD,0.7637604475021362,0.5714868307113647,0.924713134765625,0.5908269882202148,0.9103851318359375,,,,
flickr,C2,12345,best,IQR,157,2819123278,0.8300808375770093,0.9297024569240587,0.8573451522730616,0.4996811224489796,23309.5,893.0,3878.5,GOOD,0.7322379946708679,0.5362346172332764,0.917144775390625,0.552739679813385,0.9069976806640625,,,,
flickr,C2,12345,best,AUD,158,2858344348,0.5955357142857143,0.9555337078651686,0.5955357142857143,0.3547512755102041,17008.5,0.0,11551.5,GOOD,0.6093094348907471,,,,,,,,
flickr,C2,12345,best,IQR,158,2858344348,0.569485294117647,0.9527561361373089,0.569485294117647,0.34022241709183676,16264.5,0.0,12295.5,GOOD,0.5943361520767212,,,,,,,,
flickr,C2,12345,best,AUD,159,2895192729,0.7987161421637702,0.8722429299319495,0.8584169078548832,0.5828085140306123,25507.0,2221.0,4207.0,GOOD,0.7319600582122803,0.6427320241928101,0.7298583984375,0.6472593545913696,0.7268524169921875,,,0.7936457991600037,0.3172585227272727
flickr,C2,12345,best,IQR,159,2895192729,0.7945479771702456,0.8819874689348595,0.848000942316753,0.5693757971938775,25197.5,1999.0,4516.5,GOOD,0.7273267507553101,0.6337890625,0.7304229736328125,0.6376075744628906,0.7288970947265625,,,0.7889822721481323,0.32982954545454546
flickr,C2,12345,best,AUD,160,2897081671,0.7167277375372816,0.9624221896741121,0.7167277375372816,0.4354272959183674,21027.0,0.0,8310.5,GOOD,0.6578515768051147,0.549697995185852,0.7642364501953125,0.5484402179718018,0.76544189453125,,,,
flickr,C2,12345,best,IQR,160,2897081671,0.7157051555176821,0.9640053257426198,0.7157051555176821,0.4340919961734694,20997.0,0.0,8340.5,GOOD,0.6626003384590149,0.5149387121200562,0.788238525390625,0.5144912004470825,0.7888641357421875,,,,
flickr,C2,12345,best,AUD,161,2897653916,0.450907971683595,0.43358161100971737,0.9752579607233995,0.4040377869897959,8790.0,10481.0,223.0,OVER,0.8214807510375977,0.6425818204879761,0.8193511962890625,0.6613656282424927,0.7923736572265625,0.6345824599266052,0.8487091064453125,0.820350170135498,0.5122669956140351
flickr,C2,12345,best,IQR,161,2897653916,0.4916258402643272,0.4764796819787986,0.9575058249195606,0.36096938775510207,8630.0,8541.0,383.0,OVER,0.8016173839569092,0.6011143922805786,0.837860107421875,0.6301343441009521,0.8001708984375,0.5860317945480347,0.877044677734375,0.789677619934082,0.5350191885964912
flickr,C2,12345,best,AUD,162,2907554899,0.6372804249500368,0.7269332293478913,0.7996865203761756,0.664421237244898,24234.5,7723.0,6070.5,GOOD,0.7522604465484619,0.6999841928482056,0.5793609619140625,0.7755448818206787,0.4407806396484375,0.563328742980957,0.7940826416015625,0.8461019396781921,0.3335503472222222
flickr,C2,12345,best,IQR,162,2907554899,0.6208807079274217,0.7219186028760725,0.7802342847714898,0.6527622767857143,23645.0,7778.0,6660.0,GOOD,0.7416427731513977,0.7007499933242798,0.5691070556640625,0.7680091857910156,0.4477081298828125,0.5847267508506775,0.7584991455078125,0.8364099264144897,0.34257192460317454
flickr,C2,12345,best,AUD,163,2935372113,0.5602232296050136,0.5469951329618395,0.9960183668882253,0.5650908801020408,15509.5,12113.0,62.0,GOOD,0.8622114658355713,0.6190996766090393,0.8751068115234375,0.7641327381134033,0.77459716796875,0.40304556488990784,0.996368408203125,0.7971259355545044,0.7038352272727274
flickr,C2,12345,best,IQR,163,2935372113,0.565107828278217,0.5525855296050282,0.9937064508878399,0.5580755739795918,15473.5,11810.0,98.0,GOOD,0.8774439096450806,0.6310632228851318,0.8839569091796875,0.7695826292037964,0.800537109375,0.42027705907821655,0.9943695068359375,0.8153068423271179,0.7064630681818181
flickr,C2,12345,best,AUD,164,2961466546,0.18365527169592402,0.3870273941589314,0.24573079576816928,0.44015066964285715,8547.5,11757.0,26236.5,UNDER,0.45050638914108276,0.8123989105224609,0.0749053955078125,0.8115118741989136,0.0673828125,,,0.8544932007789612,0.03743335308056872
flickr,C2,12345,best,IQR,164,2961466546,0.1925544742054948,0.3990807264938194,0.25710096596136156,0.4466079400510204,8943.0,11660.0,25841.0,UNDER,0.4503380060195923,0.8258424997329712,0.0751800537109375,0.8242058753967285,0.0687103271484375,,,0.8690235018730164,0.03624851895734597
flickr,C2,12345,best,AUD,165,3012435981,0.39304473827205216,0.5000177248395902,0.6220918693629126,0.5622010522959183,14105.0,13213.0,8568.5,MIXED,0.6466174125671387,0.7748644351959229,0.310516357421875,0.8531396389007568,0.166046142578125,0.7552410364151001,0.35697174072265625,0.7822855114936829,0.30530196629213485
flickr,C2,12345,best,IQR,165,3012435981,0.39121890027179596,0.4991463935125907,0.6189604604494233,0.5603475765306123,14034.0,13199.0,8639.5,MIXED,0.6344568133354187,0.7554186582565308,0.3102569580078125,0.8165165185928345,0.200653076171875,0.7461746335029602,0.330963134765625,0.7362864017486572,0.3644662921348314
flickr,C2,12345,best,AUD,166,3052033339,0.4375377014333726,0.39669765867125034,1.0,0.7652463329081632,15232.0,19581.0,0.0,OVER,0.8308120965957642,0.7725710868835449,0.6106719970703125,0.8940916061401367,0.3348541259765625,0.746354341506958,0.6750640869140625,0.8495608568191528,0.4467013888888889
flickr,C2,12345,best,IQR,166,3052033339,0.42664276511119825,0.3877208165758794,1.0,0.7829639668367347,15232.0,20470.0,0.0,OVER,0.8284237384796143,0.7952793836593628,0.556610107421875,0.8928773999214172,0.32049560546875,0.7792272567749023,0.5944976806640625,0.8637123107910156,0.3962673611111111
flickr,C2,12345,best,AUD,167,3102685146,0.6788554104725687,0.6643504059962524,0.7895518233274567,0.3828922193877551,12763.5,2636.0,3402.0,GOOD,0.7048872709274292,0.4935171604156494,0.8116912841796875,0.5578820109367371,0.7417144775390625,0.3937922418117523,0.9017333984375,0.6554336547851562,0.6129954268292683
flickr,C2,12345,best,IQR,167,3102685146,0.6611724236777985,0.7283377541998232,0.7134019980823358,0.31556919642857145,11532.5,1277.0,4633.0,GOOD,0.6631947755813599,0.4481657147407532,0.7939910888671875,0.513200581073761,0.7191314697265625,0.3488396108150482,0.8974609375,0.6251255869865417,0.5735518292682927
flickr,C2,12345,best,AUD,168,3109408703,0.7659930005990478,0.8707261128234535,0.8313372570490009,0.5560825892857143,24295.0,2493.0,4929.0,GOOD,0.7470587491989136,0.7200702428817749,0.6305694580078125,0.7370072603225708,0.6073455810546875,,,,
flickr,C2,12345,best,IQR,168,3109408703,0.7551605872171293,0.8924729146147435,0.8061695866411169,0.5261080994897959,23559.5,1974.0,5664.5,GOOD,0.721682071685791,0.6819944977760315,0.638763427734375,0.6968587636947632,0.6195068359375,,,,
flickr,C2,12345,best,AUD,169,3202731977,0.7399045253056652,0.8748200195818695,0.7818354951616224,0.34604193239795916,15189.5,1101.0,4238.5,GOOD,0.7030702829360962,0.5682927966117859,0.76708984375,0.5644978284835815,0.772064208984375,,,,
flickr,C2,12345,best,IQR,169,3202731977,0.7529758927678304,0.9109336237671689,0.7749124974263949,0.32938058035714285,15055.0,566.0,4373.0,GOOD,0.6950300931930542,0.5460624694824219,0.7924957275390625,0.5422965288162231,0.7977752685546875,,,,
flickr,C2,12345,best,AUD,170,3207674548,0.686632720488203,0.6566914498141264,0.9751587082528291,0.5361128826530612,17665.0,7612.0,450.0,GOOD,0.8369834423065186,0.5160976648330688,0.9440765380859375,0.6138500571250916,0.9148712158203125,0.14386406540870667,1.0,0.603146493434906,0.92578125
flickr,C2,12345,best,IQR,170,3207674548,0.6702315919058244,0.6468644413916014,0.9617444107093569,0.5367705676020408,17422.0,7879.0,693.0,GOOD,0.8398333787918091,0.5145998001098633,0.9406890869140625,0.6115545034408569,0.910430908203125,0.15261752903461456,1.0,0.6084925532341003,0.9166141633064516
flickr,C2,12345,best,AUD,171,3230152596,0.8393458272622217,0.8614634900990099,0.9522058823529411,0.7729591836734694,33411.0,4718.0,1677.0,GOOD,0.8436338305473328,0.6949619650840759,0.84039306640625,0.7477576732635498,0.7743301391601562,,,0.7779869437217712,0.7316848466981133
flickr,C2,12345,best,IQR,171,3230152596,0.8411149301287036,0.8608550519964052,0.9554833561331509,0.7761678890306123,33526.0,4771.0,1562.0,GOOD,0.836387038230896,0.6880034804344177,0.8542327880859375,0.7319589853286743,0.799163818359375,,,0.7635952830314636,0.75
flickr,C2,12345,best,AUD,172,3403348616,0.6331342460718552,0.6901442307692308,0.8608050371036654,0.49744897959183676,17226.0,7196.0,2785.5,GOOD,0.7769907712936401,0.5833350419998169,0.8065185546875,0.6081044673919678,0.785614013671875,0.5624123215675354,0.8297882080078125,0.6922594308853149,0.7164558531746033
flickr,C2,12345,best,IQR,172,3403348616,0.598108020422451,0.6404410151393257,0.8751717762286685,0.5450015943877551,17513.5,9270.0,2498.0,GOOD,0.786992073059082,0.577689528465271,0.8321533203125,0.606144905090332,0.8056793212890625,0.548037052154541,0.871246337890625,0.6781443953514099,0.7625868055555556
flickr,C2,12345,best,AUD,173,3413119417,0.7801420984641884,0.8373517177630565,0.9115341075845876,0.5174585459183674,21741.0,4017.0,2110.0,GOOD,0.7799492478370667,0.6389412879943848,0.8253021240234375,0.6148617267608643,0.8441314697265625,0.6441068649291992,0.843902587890625,0.7308714985847473,0.6712101063829786
flickr,C2,12345,best,IQR,173,3413119417,0.7719762682587962,0.8737886773206393,0.8619554735650496,0.4689094387755102,20558.5,2780.0,3292.5,GOOD,0.7529168725013733,0.5917059183120728,0.8524169921875,0.5788974165916443,0.8568115234375,0.5857981443405151,0.869110107421875,0.6680092215538025,0.7551529255319149
flickr,C2,12345,best,AUD,174,3416359816,0.5752772795490319,0.5640252655756531,0.9858236105883829,0.5553252551020408,15716.0,11377.0,226.0,GOOD,0.8565530180931091,0.6543651223182678,0.8875579833984375,0.6910004615783691,0.8570709228515625,0.6538679003715515,0.916259765625,0.7950493097305298,0.6804086538461538
flickr,C2,12345,best,IQR,174,3416359816,0.5963360346992352,0.5854437471985656,0.9831576966503576,0.533561862244898,15673.5,10341.0,268.5,GOOD,0.8348660469055176,0.6314308643341064,0.883331298828125,0.6717993021011353,0.8512725830078125,0.6257023811340332,0.9151611328125,0.7810265421867371,0.6514423076923077
flickr,C2,12345,best,AUD,175,3484198977,0.5803373126041088,0.6847794930592522,0.777596949688459,0.48670679209183676,16723.0,7310.0,4783.0,GOOD,0.7333737015724182,0.703144907951355,0.5688323974609375,0.7409547567367554,0.49739837646484375,0.645479679107666,0.671478271484375,0.82200688123703,0.3609518348623853
flickr,C2,12345,best,IQR,175,3484198977,0.5892407218249915,0.6767029013842183,0.8047056635357575,0.5096859056122449,17306.0,7864.0,4200.0,GOOD,0.743501603603363,0.7137622833251953,0.572357177734375,0.7485162019729614,0.503875732421875,0.6625094413757324,0.667449951171875,0.8257368803024292,0.3711295871559633
flickr,C2,12345,best,AUD,176,3535748358,0.7794582318478046,0.8043441342300115,0.8975024634275752,0.5867745535714286,23681.5,3996.0,2704.5,GOOD,0.7872241139411926,0.6193058490753174,0.808380126953125,0.6777853965759277,0.74066162109375,0.43678560853004456,0.9655343577348067,0.6935634016990662,0.7273015202702703
flickr,C2,12345,best,IQR,176,3535748358,0.7554337310544985,0.7860282521893769,0.8878192981126355,0.5939692283163265,23426.0,4624.0,2960.0,GOOD,0.7912487983703613,0.6458776593208313,0.77899169921875,0.7037354707717896,0.71014404296875,0.47219139337539673,0.9390970303867404,0.7300212383270264,0.6869721283783784
flickr,C2,12345,best,AUD,177,3568893693,0.656670356579786,0.8001962066710269,0.7760862670472566,0.4875637755102041,19576.0,4587.0,5648.0,GOOD,0.7041165828704834,0.6495333909988403,0.6739654541015625,0.6682420969009399,0.6407470703125,,,0.6737880706787109,0.6357280344202898
flickr,C2,12345,best,IQR,177,3568893693,0.659226945318048,0.8079409814323607,0.7728353948620361,0.48086734693877553,19494.0,4347.0,5730.0,GOOD,0.7123581171035767,0.6445241570472717,0.686126708984375,0.6634044647216797,0.6533050537109375,,,0.6706119775772095,0.6512964221014492
flickr,C2,12345,best,AUD,178,3668283413,0.6686164195987379,0.9589506041070742,0.685952053748664,0.46681680484693877,22461.5,849.0,10283.5,GOOD,0.6726516485214233,0.521251916885376,0.753326416015625,0.5807003378868103,0.6860504150390625,0.40930992364883423,0.867340087890625,0.6255621910095215,0.6278872282608696
flickr,C2,12345,best,IQR,178,3668283413,0.6655796559461481,0.965958924927272,0.6794014353336387,0.45900430484693877,22247.0,680.0,10498.0,GOOD,0.668712854385376,0.5061657428741455,0.7581024169921875,0.5688877105712891,0.6896820068359375,0.39070406556129456,0.8721923828125,0.6213954091072083,0.6264436141304348
flickr,C2,12345,best,AUD,179,3709678770,0.6623344956231255,0.9197196451547369,0.7029761904761904,0.5886080994897959,27163.0,2371.0,11477.0,GOOD,0.6533606052398682,0.6664650440216064,0.5475921630859375,0.6772387623786926,0.528289794921875,,,0.7856726050376892,0.3286979166666667
flickr,C2,12345,best,IQR,179,3709678770,0.6798451688292718,0.9197378388169812,0.7227225672877847,0.6051299426020408,27926.0,2437.0,10714.0,GOOD,0.6614967584609985,0.6682072281837463,0.5671234130859375,0.679511547088623,0.54852294921875,,,0.7914090156555176,0.3509375
flickr,C2,12345,best,AUD,180,3719297546,0.6779885144325223,0.893719806763285,0.7212910486755899,0.40017139668367346,17945.0,1589.0,6934.0,GOOD,0.6409379243850708,0.5465258359909058,0.6994781494140625,0.5675080418586731,0.680450439453125,0.48172926902770996,0.7588281249999999,0.6524786353111267,0.5963541666666666
flickr,C2,12345,best,IQR,180,3719297546,0.679210862860152,0.8897950133044249,0.7258129346034808,0.4044563137755102,18057.5,1707.0,6821.5,GOOD,0.6410773992538452,0.5390138030052185,0.709075927734375,0.5616014003753662,0.689239501953125,0.4817838966846466,0.7615625,0.6273788809776306,0.6223958333333333
flickr,C2,12345,best,AUD,181,3727937033,0.8101750311787727,0.8232749202464712,0.9368907897354287,0.4560546875,18839.0,3145.0,1269.0,GOOD,0.7759522795677185,0.5335201025009155,0.94500732421875,0.5806391835212708,0.9161834716796875,0.3635903000831604,0.9897017045454545,0.6518142819404602,0.8673270089285715
flickr,C2,12345,best,IQR,181,3727937033,0.8144487689683824,0.8410404624277457,0.926198527949075,0.4413265306122449,18624.0,2759.0,1484.0,GOOD,0.7757295370101929,0.5319212079048157,0.9365997314453125,0.5752706527709961,0.90435791015625,0.34794166684150696,0.9920099431818181,0.659167468547821,0.8307756696428571
flickr,C2,12345,best,AUD,182,3749326537,0.633734583856436,0.616657085369359,1.0,0.693359375,21453.5,12399.0,0.0,GOOD,0.8240357637405396,0.7032475471496582,0.7586212158203125,0.8166179656982422,0.5234222412109375,0.6279460191726685,0.9099578857421875,0.7685903906822205,0.6612437855113636
flickr,C2,12345,best,IQR,182,3749326537,0.6397059919788887,0.622309566629924,1.0,0.6870615433673469,21453.5,12083.0,0.0,GOOD,0.8227532505989075,0.6873297095298767,0.7943267822265625,0.7940983772277832,0.5617828369140625,0.6190577745437622,0.93804931640625,0.7536048889160156,0.7054554332386365
flickr,C2,12345,best,AUD,183,3790233127,0.7695698710157285,0.7690536620739666,0.939411386938902,0.5496651785714286,21210.5,4983.0,1368.0,GOOD,0.8131556510925293,0.6750275492668152,0.8031005859375,0.699550449848175,0.770294189453125,,,0.7952371835708618,0.6568306587837837
flickr,C2,12345,best,IQR,183,3790233127,0.7845550271110535,0.7852089198399763,0.9388356179551343,0.5380261479591837,21197.5,4440.0,1381.0,GOOD,0.7958009243011475,0.6525884866714478,0.8103790283203125,0.6745638847351074,0.7808685302734375,,,0.7668214440345764,0.6698163006756757
flickr,C2,12345,best,AUD,184,3801318146,0.6248286244253878,0.7062380359150436,0.8039778623313732,0.6559111926020408,23243.0,8289.0,5667.0,GOOD,0.7147251963615417,0.643487811088562,0.6618804931640625,0.6690008640289307,0.6143035888671875,0.6294115781784058,0.7550223214285714,0.6466097235679626,0.7064302884615384
flickr,C2,12345,best,IQR,184,3801318146,0.6365681322624273,0.7267069981409711,0.7977689380837081,0.6325135522959183,23063.5,7321.0,5846.5,GOOD,0.7035632133483887,0.6357443332672119,0.650421142578125,0.6623008847236633,0.5981597900390625,0.5940935015678406,0.7996651785714286,0.6343364715576172,0.7053034855769231
flickr,C2,12345,best,AUD,185,3828103578,0.43427521562356464,0.39749618510790696,0.9090196916283872,0.6399673150510204,12764.0,15350.0,1277.5,OVER,0.7700597643852234,0.7996200323104858,0.42926025390625,0.7953058481216431,0.445953369140625,0.7088232636451721,0.654754638671875,0.8724303841590881,0.2567349137931034
flickr,C2,12345,best,IQR,185,3828103578,0.4432233797299405,0.4049217710774688,0.9105152583413453,0.629264987244898,12785.0,14804.0,1256.5,OVER,0.7676805257797241,0.7706854343414307,0.48748779296875,0.7724255919456482,0.4908905029296875,0.6536336541175842,0.781646728515625,0.8411323428153992,0.30872844827586204
flickr,C2,12345,best,AUD,186,3896768873,0.7203206703726308,0.7339899821830773,0.8865338936597844,0.5928531568877551,21834.0,5683.0,2794.5,GOOD,0.7495407462120056,0.7295258641242981,0.6209564208984375,0.7469944953918457,0.5562286376953125,,,0.7670369744300842,0.52734375
flickr,C2,12345,best,IQR,186,3896768873,0.7298456118192544,0.7396921107592804,0.8915890127291553,0.5916374362244898,21958.5,5458.0,2670.0,GOOD,0.7559566497802734,0.7272528409957886,0.6485748291015625,0.742613673210144,0.591949462890625,,,0.7694577574729919,0.5419170673076923
flickr,C2,12345,best,AUD,187,3908875350,0.5575331800322294,0.656994111120594,0.7555021223348136,0.4670360331632653,15396.0,7236.0,4982.5,GOOD,0.68486088514328,0.6598418951034546,0.6052703857421875,0.6867157220840454,0.5437164306640625,0.6002466082572937,0.717926025390625,0.836525022983551,0.1752232142857143
flickr,C2,12345,best,IQR,187,3908875350,0.5543547826722988,0.6637764932562621,0.7438231469440832,0.45511798469387754,15158.0,6965.0,5220.5,GOOD,0.674115002155304,0.6528153419494629,0.5928192138671875,0.6805242300033569,0.5301513671875,0.5914273262023926,0.714141845703125,0.8255019783973694,0.17968749999999997
flickr,C2,12345,best,AUD,188,3956341886,0.541733633344048,0.7690903559476726,0.6373377032648431,0.4585658482142857,17696.0,4900.0,10069.5,GOOD,0.6395649909973145,0.6261564493179321,0.5500030517578125,0.6995927095413208,0.4434051513671875,0.5364317893981934,0.6815185546875,0.7474797368049622,0.342396349009901
flickr,C2,12345,best,IQR,188,3956341886,0.537366873371627,0.7638612145889283,0.6351227242441159,0.46010044642857145,17634.5,5051.0,10131.0,GOOD,0.6465424299240112,0.6300880908966064,0.5511932373046875,0.7116542458534241,0.43109130859375,0.5313972234725952,0.694732666015625,0.745030403137207,0.36567914603960394
flickr,C2,12345,best,AUD,189,4007045926,0.5600643002997784,0.5238966105827847,0.9916916685898916,0.4903938137755102,12891.0,10018.0,108.0,GOOD,0.8540571928024292,0.6730732917785645,0.8588409423828125,0.6753421425819397,0.879119873046875,0.9026139974594116,0.32958984375,0.7785055041313171,0.74984375
flickr,C2,12345,best,IQR,189,4007045926,0.5401102395590418,0.5094992400607952,0.9799599969228402,0.4982860331632653,12738.5,10586.0,260.5,GOOD,0.8548839092254639,0.6741635203361511,0.8571929931640625,0.6783481240272522,0.870574951171875,0.8891372680664062,0.419921875,0.7840704321861267,0.7442187499999999
flickr,C2,12345,best,AUD,190,4041216001,0.6483549019849739,0.7788002726653034,0.7734022044648508,0.6724529655612245,26277.5,6553.0,7699.0,GOOD,0.7432008385658264,0.8106095790863037,0.38775634765625,0.8066779375076294,0.3935394287109375,,,0.8497264981269836,0.3267827643171806
flickr,C2,12345,best,IQR,190,4041216001,0.5903842583998515,0.7655252094098013,0.7020440598649066,0.6209941007653061,23853.0,6426.0,10123.5,GOOD,0.7097987532615662,0.7849313020706177,0.4056243896484375,0.7818017601966858,0.413421630859375,,,0.8222362995147705,0.35524504405286345
flickr,C2,12345,best,AUD,191,4180455681,0.5329732417284397,0.504492362982929,0.9498550024166263,0.4658203125,11791.5,9710.0,622.5,GOOD,0.7521429061889648,0.6374973654747009,0.7674560546875,0.6948723793029785,0.6509552001953125,0.5309591889381409,0.9506683349609375,0.8813128471374512,0.08846507352941177
flickr,C2,12345,best,IQR,191,4180455681,0.5640714285714286,0.5308550685668191,0.9542049299178347,0.44471460459183676,11845.5,8586.0,568.5,GOOD,0.7531474232673645,0.6311074495315552,0.7849884033203125,0.6911522150039673,0.6646270751953125,0.5218349695205688,0.9611663818359375,0.8732263445854187,0.09329044117647059
flickr,C2,12345,best,AUD,192,4303617148,0.7909293443666454,0.8205983357548541,0.8927647650524501,0.6035554846938775,24851.0,3584.0,2985.0,GOOD,0.756618320941925,0.6737995147705078,0.6983413696289062,0.6674044132232666,0.707611083984375,,,0.8459467887878418,0.34375
flickr,C2,12345,best,IQR,192,4303617148,0.7902670111972437,0.8262181903078412,0.8899446759591896,0.5975566007653061,24772.5,3511.0,3063.5,GOOD,0.7603046894073486,0.6603721380233765,0.7173919677734375,0.6537539958953857,0.7249908447265625,,,0.8361518979072571,0.4026692708333333
flickr,C2,12345,best,AUD,193,4351373013,0.6006624399872865,0.8494677075940383,0.6627720250290714,0.4212173150510204,17953.5,2801.0,9135.0,GOOD,0.6680991053581238,0.6025559902191162,0.6351776123046875,0.6720250248908997,0.5586700439453125,0.5182661414146423,0.7294158935546875,0.659723162651062,0.5737847222222222
flickr,C2,12345,best,IQR,193,4351373013,0.5935292294137802,0.8220273873548154,0.6714657511490115,0.4409877232142857,18189.0,3557.0,8899.5,GOOD,0.674526572227478,0.6172903776168823,0.62640380859375,0.675807774066925,0.5652923583984375,0.5473098754882812,0.69915771484375,0.6604409217834473,0.5835193452380952
flickr,C2,12345,best,AUD,194,4407899725,0.6577497276862946,0.903573629081947,0.6680441219536004,0.45284598214285715,20531.0,481.0,10202.0,GOOD,0.6600576639175415,0.5381710529327393,0.7037811279296875,0.53490149974823,0.707489013671875,,,,
flickr,C2,12345,best,IQR,194,4407899725,0.6534258091635141,0.9197806199080606,0.6575505157322747,0.43787866709183676,20208.5,194.0,10524.5,GOOD,0.6512219905853271,0.5072158575057983,0.7275238037109375,0.5039666295051575,0.7311859130859375,,,,
flickr,C2,12345,best,AUD,195,4479260803,0.5643381290807188,0.5941720403942086,0.6547563182945633,0.32760682397959184,9767.0,2390.0,5150.0,GOOD,0.660891056060791,0.5313668251037598,0.669647216796875,0.6421464085578918,0.5423431396484375,0.3168949484825134,0.90142822265625,0.5230618715286255,0.72609375
flickr,C2,12345,best,IQR,195,4479260803,0.5670840273390385,0.5892164468580294,0.6618958235570155,0.33396444515306123,9873.5,2494.0,5043.5,GOOD,0.6676442623138428,0.548365592956543,0.663818359375,0.6519882678985596,0.54400634765625,0.34652334451675415,0.885284423828125,0.5411431789398193,0.7178125
flickr,C2,12345,best,AUD,196,4543136011,0.5889663534404365,0.5590995617335871,0.7845628203137133,0.4501953125,12629.5,5346.0,3468.0,GOOD,0.7270280122756958,0.640933096408844,0.667694091796875,0.6334244608879089,0.6807708740234375,0.6226351261138916,0.693145751953125,0.7473880052566528,0.5238136574074075
flickr,C2,12345,best,IQR,196,4543136011,0.5711240449330555,0.5646994742575664,0.7406429569808977,0.4207788584183674,11922.5,4778.0,4175.0,GOOD,0.705583930015564,0.6057491302490234,0.681610107421875,0.6026062369346619,0.68994140625,0.5802024006843567,0.7134246826171875,0.7144737839698792,0.5366898148148148
flickr,C2,12345,best,AUD,197,4576746825,0.5420563487642558,0.5188001571356418,0.9514228374414655,0.35512994260204084,9244.5,7338.0,472.0,GOOD,0.8138166666030884,0.5853433012962341,0.8730621337890625,0.7463350892066956,0.6991119384765625,0.43913161754608154,0.9918212890625,0.7317412495613098,0.7188501602564102
flickr,C2,12345,best,IQR,197,4576746825,0.5472347815672066,0.528758245573429,0.9404621005506097,0.3444276147959184,9138.0,6982.0,578.5,GOOD,0.8037768602371216,0.5772300958633423,0.8616180419921875,0.7393125295639038,0.6795196533203125,0.42488548159599304,0.99176025390625,0.7293349504470825,0.6921073717948718
flickr,C2,12345,best,AUD,198,4646464908,0.5926563106141105,0.6581382281326091,0.6203195339394474,0.5320272640306123,17569.0,1322.0,10753.5,GOOD,0.6349626779556274,0.7750564813613892,0.33292643229166663,0.7750564813613892,0.33292643229166663,,,,
flickr,C2,12345,best,IQR,198,4646464908,0.5848725011406458,0.6622593854043091,0.6110159766969724,0.5207868303571429,17305.5,1266.0,11017.0,GOOD,0.6263776421546936,0.7489177584648132,0.37032877604166664,0.7489177584648132,0.37032877604166664,,,,
flickr,C2,12345,best,AUD,199,4657718822,0.7788908028759737,0.8148039330904533,0.8883360382677031,0.5087492028061225,20799.5,3290.0,2614.5,GOOD,0.7467167377471924,0.6098867654800415,0.77239990234375,0.589302659034729,0.7901458740234375,0.6379388570785522,0.77606201171875,0.6817783713340759,0.662109375
flickr,C2,12345,best,IQR,199,4657718822,0.8040004533091568,0.8244625217896572,0.9090074314512685,0.5144889987244898,21283.5,3058.0,2130.5,GOOD,0.7690331935882568,0.5927801132202148,0.8393707275390625,0.5889477729797363,0.835418701171875,0.5915132761001587,0.865020751953125,0.693246603012085,0.728329613095238
flickr,C2,12345,best,AUD,200,4717096777,0.3552821156348764,0.4557337466837571,0.5495506829618979,0.668586575255102,15288.5,15212.0,12531.5,MIXED,0.6227525472640991,0.7946065068244934,0.309173583984375,0.8319811820983887,0.252410888671875,0.7628386616706848,0.359130859375,0.8399591445922852,0.24375
flickr,C2,12345,best,IQR,200,4717096777,0.3664113357716284,0.4599104951638516,0.5725736879942488,0.6902702487244898,15929.0,15653.0,11891.0,MIXED,0.6288424134254456,0.8067848086357117,0.2999267578125,0.8403725624084473,0.2457275390625,0.7779838442802429,0.3478546142578125,0.8518827557563782,0.23255208333333335
flickr,C2,12345,best,AUD,201,4755507106,0.6524169819251786,0.7275582430975484,0.8387462847878951,0.42516342474489793,15521.0,5285.0,2984.0,GOOD,0.7601642608642578,0.6810899376869202,0.694305419921875,0.688583493232727,0.680450439453125,0.6464398503303528,0.75103759765625,0.8160390257835388,0.4754050925925926
flickr,C2,12345,best,IQR,201,4755507106,0.664945308754957,0.7553338943616653,0.8245609294785193,0.4026028380102041,15258.5,4442.0,3246.5,GOOD,0.7474809885025024,0.6597756147384644,0.707489013671875,0.6793675422668457,0.67919921875,0.6034442186355591,0.782135009765625,0.7943909168243408,0.5065104166666666
flickr,C2,12345,best,AUD,202,4758950312,0.6592112341100196,0.6184657883552911,0.9065919090448935,0.3751594387755102,11642.0,4819.0,1199.5,GOOD,0.7762591242790222,0.5933021903038025,0.84295654296875,0.6283172369003296,0.805816650390625,0.42015621066093445,0.998687744140625,0.6561039090156555,0.7640625000000001
flickr,C2,12345,best,IQR,202,4758950312,0.6544495110269867,0.6270953558669964,0.8885254837830472,0.3626235650510204,11410.0,4593.0,1431.5,GOOD,0.7689064741134644,0.5879230499267578,0.826019287109375,0.6210869550704956,0.78948974609375,0.4470118284225464,0.988128662109375,0.653734564781189,0.7466911764705882
flickr,C2,12345,best,AUD,203,4767923306,0.7065035489641641,0.6450700762232604,0.8748957861889902,0.5673828125,18364.5,5003.0,2626.0,GOOD,0.735944926738739,0.6545124053955078,0.6857757568359375,0.660262942314148,0.6657257080078125,,,0.7547479867935181,0.535546875
flickr,C2,12345,best,IQR,203,4767923306,0.6872094135654836,0.6477600634829029,0.8555537028655821,0.5525350765306123,17958.5,5142.0,3032.0,GOOD,0.7213037014007568,0.6597622632980347,0.6595001220703125,0.6643244624137878,0.6408843994140625,,,0.7687512636184692,0.491015625
flickr,C2,12345,best,AUD,204,4876943924,0.2683857387185897,0.26003824091778205,1.0,0.4690489477040816,6120.0,16683.0,0.0,OVER,0.8879553079605103,0.6370840072631836,0.916412353515625,0.8235525488853455,0.65289306640625,0.5792407393455505,0.9722442626953125,0.7718456387519836,0.845775462962963
flickr,C2,12345,best,IQR,204,4876943924,0.24533974744437764,0.23834560112162637,1.0,0.5117386798469388,6120.0,18825.0,0.0,OVER,0.8864812850952148,0.6531919240951538,0.894775390625,0.8266028165817261,0.6435089111328125,0.5971365571022034,0.954864501953125,0.7858816981315613,0.8129340277777778
flickr,C2,12345,best,AUD,205,4938432980,0.6787564766839378,0.6630285084699077,1.0,0.5788424744897959,19257.0,9114.0,0.0,GOOD,0.8778265714645386,0.6482447385787964,0.9166107177734375,0.7251927256584167,0.856689453125,0.5360497236251831,0.9996337890625,0.7178501486778259,0.8656350160256411
flickr,C2,12345,best,IQR,205,4938432980,0.6935326792670611,0.678505893147011,0.9984680895258867,0.5647720025510204,19227.5,8467.0,29.5,GOOD,0.8586905598640442,0.6329599022865295,0.898895263671875,0.7055010199546814,0.8332977294921875,0.5324634313583374,0.9981231689453125,0.7016227841377258,0.8392678285256411
flickr,C2,12345,best,AUD,206,4957886467,0.6926130816791409,0.7009308860981821,0.8508381525997388,0.45388233418367346,15963.0,4286.0,2798.5,GOOD,0.7467100024223328,0.63912433385849,0.71221923828125,0.6281008720397949,0.7288360595703125,,,0.72022944688797,0.5792798913043476
flickr,C2,12345,best,IQR,206,4957886467,0.6958686464118962,0.7172475139129642,0.8380726487754178,0.43690210459183676,15723.5,3834.0,3038.0,GOOD,0.7337263226509094,0.6160879731178284,0.7327728271484375,0.6086163520812988,0.745513916015625,,,0.6857896447181702,0.6191236413043479
flickr,C2,12345,best,AUD,207,4965189170,0.5616518505935866,0.5453978959715553,0.9734698550819457,0.5437061543367347,14879.0,11207.0,405.5,GOOD,0.7807636260986328,0.6525160074234009,0.816497802734375,0.7244884967803955,0.6671142578125,0.550885021686554,0.9474334716796875,0.7271443009376526,0.6868276127049181
flickr,C2,12345,best,IQR,207,4965189170,0.5673669064748201,0.5531986531986532,0.9674506853348163,0.5327248086734694,14787.0,10778.0,497.5,GOOD,0.764175295829773,0.6459011435508728,0.7957611083984375,0.7143832445144653,0.6465911865234375,0.553007185459137,0.9250335693359375,0.7164082527160645,0.6713306864754098
flickr,C2,12345,best,AUD,208,5006362787,0.3906145669186186,1.0,0.3906145669186186,0.29147401147959184,14625.0,0.0,22816.0,UNDER,0.5165059566497803,,,,,,,,
flickr,C2,12345,best,IQR,208,5006362787,0.3763254186586897,1.0,0.3763254186586897,0.2808115433673469,14090.0,0.0,23351.0,UNDER,0.5066336989402771,,,,,,,,
flickr,C2,12345,best,AUD,209,5130986168,0.6571512388861308,0.8017013544763792,0.762050557387345,0.36196588010204084,14560.5,3050.0,4546.5,GOOD,0.7099481821060181,0.5239646434783936,0.8149871826171875,0.6421658992767334,0.6256103515625,0.4598196744918823,0.8869476318359375,0.5678557753562927,0.7546134159482758
flickr,C2,12345,best,IQR,209,5130986168,0.7328515661306813,0.8389816982336668,0.8253257968283875,0.37460140306122447,15769.5,2411.0,3337.5,GOOD,0.7344791889190674,0.5169727802276611,0.885498046875,0.6178767681121826,0.732452392578125,0.46795737743377686,0.9268646240234375,0.5579504370689392,0.8461408943965517
flickr,C2,12345,best,AUD,210,5179649119,0.5107292836376501,0.6277557194176593,0.7084604715672677,0.5270448022959183,16601.0,9072.0,6831.5,GOOD,0.6978148221969604,0.6511942148208618,0.579833984375,0.6409357786178589,0.553619384765625,0.6056305170059204,0.6812744140625,0.7072992920875549,0.5306165540540542
flickr,C2,12345,best,IQR,210,5179649119,0.521544163628876,0.6275510204081632,0.7296276538994986,0.54296875,17097.0,9349.0,6335.5,GOOD,0.7136999368667603,0.6646108031272888,0.5918731689453125,0.6510816812515259,0.57147216796875,0.6226704716682434,0.687255859375,0.7289244532585144,0.5232791385135135
flickr,C2,12345,best,AUD,211,5194793239,0.5452513058146861,0.5279024006296733,0.9586564230837948,0.5064174107142857,13414.0,10609.0,578.5,GOOD,0.7755217552185059,0.5901930332183838,0.8604583740234375,0.6318747997283936,0.8053741455078125,0.5567319989204407,0.91473388671875,0.7051566243171692,0.6851156655844156
flickr,C2,12345,best,IQR,211,5194793239,0.5369651339259318,0.5131663213411188,0.973521529390745,0.5290377869897959,13622.0,11376.0,370.5,GOOD,0.7883442640304565,0.6015909910202026,0.8488922119140625,0.6435725688934326,0.8003997802734375,0.5720523595809937,0.892364501953125,0.7256886959075928,0.6540685876623377
flickr,C2,12345,best,AUD,212,5220919991,0.6403929824561404,0.7731986714566529,0.7616853632478633,0.5880500637755102,22814.0,5673.0,7138.0,GOOD,0.7346676588058472,0.760338544845581,0.4822540283203125,0.7926955819129944,0.4151611328125,0.6256340742111206,0.728578629032258,0.9656454920768738,0.0478515625
flickr,C2,12345,best,IQR,212,5220919991,0.6406267503080543,0.7707638397520132,0.7637386485042735,0.5914979272959183,22875.5,5756.0,7076.5,GOOD,0.7441154718399048,0.7591210603713989,0.5052337646484375,0.7915552854537964,0.444732666015625,0.624451756477356,0.7350050403225806,0.957699179649353,0.102734375
flickr,C2,12345,best,AUD,213,5237296528,0.5337156166533754,0.6671994176662341,0.7260094705122686,0.6297233737244898,21081.5,10462.0,7956.0,GOOD,0.7351696491241455,0.6726511716842651,0.5756759643554688,0.8129979372024536,0.37548828125,0.564136266708374,0.7127685546875,0.7815657258033752,0.4354510161042945
flickr,C2,12345,best,IQR,213,5237296528,0.5246931453389564,0.6600627137970353,0.7176754197158847,0.6292251275510204,20839.5,10680.0,8198.0,GOOD,0.7323935031890869,0.6852024793624878,0.5644378662109375,0.8062673807144165,0.3938446044921875,0.5858836770057678,0.6889801025390625,0.791467010974884,0.42724309815950917
flickr,C2,12345,best,AUD,214,5303633386,0.6695675879713123,0.7286066359362877,0.8391768292682927,0.4366828762755102,15964.5,4819.0,3059.5,GOOD,0.7425698041915894,0.5604825019836426,0.7856597900390625,0.6061338782310486,0.7141265869140625,0.48878389596939087,0.902923583984375,0.7645165920257568,0.44586074561403505
flickr,C2,12345,best,IQR,214,5303633386,0.6807128926511473,0.724484388111116,0.8623055088309504,0.45127152423469385,16404.5,5075.0,2619.5,GOOD,0.751822292804718,0.5732979774475098,0.7807769775390625,0.6176794767379761,0.7082977294921875,0.4948035478591919,0.9084625244140625,0.7786973714828491,0.43654057017543857
flickr,C2,12345,best,AUD,215,5344317532,0.5391893728341374,0.5364373838093629,0.9179005205320995,0.5896245216836735,15870.5,12144.0,1419.5,GOOD,0.7626386284828186,0.6918739676475525,0.6464996337890625,0.7318896055221558,0.573486328125,0.3740040361881256,1.0,0.8298088312149048,0.35416666666666663
flickr,C2,12345,best,IQR,215,5344317532,0.5497708931746683,0.54281035821601,0.9298727588201272,0.5903021364795918,16077.5,11954.0,1212.5,GOOD,0.7808384895324707,0.6881456971168518,0.6800994873046875,0.7297359704971313,0.6155853271484375,0.3583424985408783,1.0,0.8298928141593933,0.39192708333333326
flickr,C2,12345,best,AUD,216,5480070309,0.5094216066663393,0.49927796675438035,1.0,0.6210538903061225,15558.5,14983.0,0.0,GOOD,0.8722712993621826,0.6533563137054443,0.9688262939453125,0.7305049896240234,0.933319091796875,0.5995423793792725,0.9990386962890625,0.7403777837753296,0.9377881659836066
flickr,C2,12345,best,IQR,216,5480070309,0.5162162610527713,0.5058029908972692,1.0,0.6130420918367347,15558.5,14581.0,0.0,GOOD,0.8762096762657166,0.6519515514373779,0.9658660888671875,0.7324548959732056,0.92779541015625,0.5872842073440552,0.99981689453125,0.7426925897598267,0.9304879610655737
flickr,C2,12345,best,AUD,217,5490101320,0.7082878480705584,0.9273981305018604,0.7373946926920787,0.4392139668367347,20438.0,1139.0,7278.5,GOOD,0.688975989818573,0.5985896587371826,0.6418914794921875,0.620370626449585,0.613555908203125,,,0.7306674718856812,0.4495849609375
flickr,C2,12345,best,IQR,217,5490101320,0.6861680704642164,0.9449910770269618,0.7068893980120146,0.4132055165816326,19592.5,837.0,8124.0,GOOD,0.6740165948867798,0.5771993398666382,0.6429595947265625,0.5931078791618347,0.6210174560546875,,,0.7023266553878784,0.4725341796875
flickr,C2,12345,best,AUD,218,5601291878,0.6655023539366064,0.5970686701962006,0.8467441411102217,0.5119579081632653,15337.5,4933.0,2776.0,GOOD,0.7330178022384644,0.5315918922424316,0.7834625244140625,0.6992201805114746,0.5606689453125,0.26691606640815735,1.0,0.7708109021186829,0.3432291666666667
flickr,C2,12345,best,IQR,218,5601291878,0.6643752268311949,0.5916124862172542,0.8590277969470285,0.5241749043367347,15560.0,5307.0,2553.5,GOOD,0.7397185564041138,0.54860520362854,0.7745208740234375,0.7108087539672852,0.5506744384765625,0.2911364436149597,0.9990997314453125,0.78281170129776,0.32578125
flickr,C2,12345,best,AUD,219,5607310495,0.6806205148345175,0.8271575476200808,0.7090229478930338,0.45932318239795916,19063.5,1122.0,7823.5,GOOD,0.6663430333137512,0.5166572332382202,0.8035659790039062,0.5260894298553467,0.7854156494140625,,,,
flickr,C2,12345,best,IQR,219,5607310495,0.6709004905395936,0.8086962030662669,0.712147134302823,0.47187898596938777,19147.5,1653.0,7739.5,GOOD,0.6730048656463623,0.5270973443984985,0.7789306640625,0.5369318723678589,0.7646942138671875,,,,
flickr,C2,12345,best,AUD,220,5697766486,0.3861926291729925,0.46852608994858924,0.6705095153955334,0.49232700892857145,11574.0,12708.0,5687.5,OVER,0.6572036743164062,0.6929251551628113,0.46541595458984375,0.7080881595611572,0.4373626708984375,0.6561511754989624,0.51947021484375,0.7046975493431091,0.4515625
flickr,C2,12345,best,IQR,220,5697766486,0.3824814071538189,0.46983758700696054,0.6569533354575211,0.4810267857142857,11340.0,12387.0,5921.5,OVER,0.6493330597877502,0.6881532669067383,0.4619293212890625,0.7077565789222717,0.4309539794921875,0.6445170640945435,0.5234375,0.7219845652580261,0.42059659090909096
flickr,C2,12345,best,AUD,221,5801923729,0.6092891541748626,0.6667965705378021,0.8670608108108108,0.5369698660714286,17965.5,8766.0,2754.5,GOOD,0.767857551574707,0.6125003099441528,0.765594482421875,0.624360978603363,0.749298095703125,0.6218942403793335,0.7652740478515625,0.7448122501373291,0.5939453125
flickr,C2,12345,best,IQR,221,5801923729,0.6293724279835391,0.6786916164343034,0.885738416988417,0.5389229910714286,18352.5,8440.0,2367.5,GOOD,0.770199179649353,0.6083618402481079,0.796600341796875,0.6245215535163879,0.7762603759765625,0.6113093495368958,0.8011016845703125,0.7362568974494934,0.6285156249999999
flickr,C2,12345,best,AUD,222,5873098388,0.7673408611490259,0.8429087439514755,0.8357039089158418,0.5848612882653061,24736.0,2637.0,4863.0,GOOD,0.7509474158287048,0.712496280670166,0.60205078125,0.7551333904266357,0.50494384765625,0.5782043933868408,0.8862847222222222,0.8136112689971924,0.38203125000000004
flickr,C2,12345,best,IQR,222,5873098388,0.7651226668331357,0.848553032400997,0.8281698706037366,0.5757334183673469,24513.0,2439.0,5086.0,GOOD,0.7466498017311096,0.6901848316192627,0.6443023681640625,0.739884078502655,0.5365753173828125,0.5466276407241821,0.919921875,0.7930513620376587,0.4228125
flickr,C2,12345,best,AUD,223,5906878321,0.523378323618341,0.4925200199466135,0.9634762150685717,0.6794284119897959,16790.5,14654.0,636.5,GOOD,0.8286926746368408,0.6934274435043335,0.768096923828125,0.7159758806228638,0.727142333984375,0.6443563103675842,0.84710693359375,0.8009036183357239,0.5749409138655462
flickr,C2,12345,best,IQR,223,5906878321,0.512984443023716,0.4828356925898332,0.9668904573363172,0.6955117984693877,16850.0,15420.0,577.0,GOOD,0.8424181938171387,0.7193031311035156,0.7441864013671875,0.7367242574691772,0.7098236083984375,0.7052969932556152,0.802215576171875,0.8302928805351257,0.533514968487395
flickr,C2,12345,best,AUD,224,5991393107,0.604756866310001,0.908543411095688,0.6381964867032569,0.44509327168367346,20290.5,1758.0,11503.0,GOOD,0.6578401327133179,0.5140613913536072,0.7331390380859375,0.5661592483520508,0.6712493896484375,0.46646246314048767,0.802001953125,0.6584300398826599,0.536358173076923
flickr,C2,12345,best,IQR,224,5991393107,0.5953149171270719,0.892183705012144,0.6354600783178952,0.45131138392857145,20203.5,2144.0,11590.0,GOOD,0.6580445170402527,0.5257177352905273,0.71295166015625,0.5809968709945679,0.6455535888671875,0.47932860255241394,0.77752685546875,0.6756830215454102,0.5111177884615384
flickr,C2,12345,best,AUD,225,6067281197,0.7376092812639442,0.8022432325556315,0.8271465371856409,0.5543885522959183,22316.0,3275.0,4663.5,GOOD,0.7638734579086304,0.616221010684967,0.757293701171875,0.6492527723312378,0.7236175537109375,0.40958499908447266,0.9238861386138615,0.812626838684082,0.4861188616071429
flickr,C2,12345,best,IQR,225,6067281197,0.7527640712553316,0.8142278187870893,0.8340406605014918,0.55078125,22502.0,2913.0,4477.5,GOOD,0.7657639980316162,0.6148350238800049,0.7500457763671875,0.6525863409042358,0.7079315185546875,0.40505924820899963,0.9269415222772277,0.8437473177909851,0.4072265625
flickr,C2,12345,best,AUD,226,6098668510,0.5353522850737853,0.7796739173977487,0.5905125987954915,0.4975087691326531,19463.0,3396.0,13496.5,GOOD,0.6642059087753296,0.6465413570404053,0.5589141845703125,0.7384704351425171,0.3941192626953125,0.45950847864151,0.8578338623046875,0.7743536233901978,0.336171875
flickr,C2,12345,best,IQR,226,6098668510,0.574690407749002,0.7808670541631187,0.639936892246545,0.5383250956632653,21092.0,3742.0,11867.5,GOOD,0.6900275945663452,0.6666954755783081,0.578155517578125,0.7530819773674011,0.435272216796875,0.4983203411102295,0.8475341796875,0.7857676148414612,0.359296875
flickr,C2,12345,best,AUD,227,6158154336,0.8078763973121716,0.9129316420014094,0.8351411027124599,0.5656090561224489,25909.0,1047.0,5114.5,GOOD,0.7811318635940552,0.569251298904419,0.8424072265625,0.5975947380065918,0.8050994873046875,,,0.661169707775116,0.72802734375
flickr,C2,12345,best,IQR,227,6158154336,0.810394350551456,0.9328328218617565,0.8230373748932261,0.5455197704081632,25533.5,484.0,5490.0,GOOD,0.7717159986495972,0.5320369005203247,0.8734588623046875,0.5631569623947144,0.83441162109375,,,0.63250732421875,0.751953125
flickr,C2,12345,best,AUD,228,6185482260,0.6746035913052609,0.9008588957055215,0.7172923935799023,0.5684988839285714,25697.0,2267.0,10128.0,GOOD,0.7057026624679565,0.6213223934173584,0.649658203125,0.6733330488204956,0.5820770263671875,,,0.7867081165313721,0.42342862215909094
flickr,C2,12345,best,IQR,228,6185482260,0.6800555832306442,0.9003123915307185,0.7240195394277739,0.5741788903061225,25938.0,2316.0,9887.0,GOOD,0.7136825919151306,0.626185417175293,0.656524658203125,0.6785849332809448,0.5906219482421875,,,0.7853727340698242,0.45023970170454547
flickr,C2,12345,best,AUD,229,6289328021,0.6341676494998472,0.6515280707265628,0.8667462686567164,0.4440967793367347,14518.0,6143.0,2232.0,GOOD,0.7575235366821289,0.6635420918464661,0.6512908935546875,0.7152599096298218,0.566619873046875,0.5322616696357727,0.865997314453125,0.7383895516395569,0.5819720643939394
flickr,C2,12345,best,IQR,229,6289328021,0.6225541579315165,0.6492962237507403,0.8509850746268657,0.43751992984693877,14254.0,6146.0,2496.0,GOOD,0.7443838119506836,0.6612200736999512,0.631622314453125,0.7105906009674072,0.553436279296875,0.531683087348938,0.84600830078125,0.7302368879318237,0.5719105113636365
flickr,C2,12345,best,AUD,230,6458319057,0.5976164252026321,0.6029805664786003,0.921686484602988,0.6994180484693877,21161.0,12450.0,1798.0,GOOD,0.8028096556663513,0.6909269690513611,0.775390625,0.7284056544303894,0.6980743408203125,0.6548258066177368,0.8513641357421875,0.7479573488235474,0.6954775528169015
flickr,C2,12345,best,IQR,230,6458319057,0.609997716112824,0.6112891228471705,0.9306590008275621,0.6966278698979592,21367.0,12069.0,1592.0,GOOD,0.8065328598022461,0.6814069747924805,0.7982635498046875,0.7188039422035217,0.7196807861328125,0.6487545371055603,0.8739776611328125,0.7409458160400391,0.7166593309859155
flickr,C2,12345,best,AUD,231,6669466181,0.5106280525555479,0.7366645164491639,0.6097921629836524,0.40164620535714285,14846.0,4728.0,9500.0,GOOD,0.6277045011520386,0.8227416276931763,0.2508392333984375,0.839763879776001,0.228302001953125,,,,
flickr,C2,12345,best,IQR,231,6669466181,0.5602428339829603,0.7560044684416309,0.6671321777704756,0.4281728316326531,16242.0,4645.0,8104.0,GOOD,0.667890727519989,0.8000375032424927,0.3519287109375,0.8193475008010864,0.322265625,,,,
flickr,C2,12345,best,AUD,232,6755812421,0.8289891802319914,0.8822931363598638,0.9104592656032545,0.48026945153061223,21261.5,2295.0,2091.0,GOOD,0.7717321515083313,0.6234904527664185,0.8294525146484375,0.6144420504570007,0.8405914306640625,,,0.7520572543144226,0.5625
flickr,C2,12345,best,IQR,232,6755812421,0.8186199743761821,0.9250815829388243,0.8618777432823038,0.43361367984693877,20127.0,1234.0,3225.5,GOOD,0.7547167539596558,0.5735212564468384,0.857940673828125,0.5649498701095581,0.86541748046875,,,0.712774395942688,0.61328125
flickr,C2,12345,best,AUD,233,6897499873,0.6826410328374964,0.5815070130698119,0.9668411289254009,0.5001594387755102,14593.5,6284.0,500.5,GOOD,0.8207265138626099,0.6648918986320496,0.8076324462890625,0.7285924553871155,0.718597412109375,0.5494664311408997,0.9449462890625,0.6559886336326599,0.8757812500000001
flickr,C2,12345,best,IQR,233,6897499873,0.6689837569629734,0.5837554121395311,0.9468331787465218,0.48792251275510207,14291.5,6269.0,802.5,GOOD,0.822188138961792,0.6666227579116821,0.784027099609375,0.738182544708252,0.68414306640625,0.5415575504302979,0.925384521484375,0.6048262715339661,0.90109375
flickr,C2,12345,best,AUD,234,7178293884,0.6023244188952762,0.877316247406167,0.6291674281387881,0.5474529655612245,24099.0,1707.0,14204.0,GOOD,0.6414913535118103,0.6314080953598022,0.6165924072265625,0.6337404251098633,0.611083984375,,,0.7187420725822449,0.5078125
flickr,C2,12345,best,IQR,234,7178293884,0.5903602384889023,0.8791643350121247,0.6152520690285356,0.5342195471938775,23566.0,1615.0,14737.0,GOOD,0.6292138695716858,0.6245088577270508,0.6065673828125,0.6261399388313293,0.6024017333984375,,,0.7106317281723022,0.5078125
flickr,C2,12345,best,AUD,235,7387939334,0.5937377973823126,0.5797604925718804,0.9413680034853592,0.7056361607142857,20527.0,12767.0,1278.5,GOOD,0.782522439956665,0.7230105400085449,0.67388916015625,0.7482091188430786,0.5893630981445312,0.637435793876648,0.895355224609375,0.8224862217903137,0.4177423007246377
flickr,C2,12345,best,IQR,235,7387939334,0.593059666280616,0.5753002857222115,0.9510903212492261,0.7184510522959183,20739.0,13164.0,1066.5,GOOD,0.8043997883796692,0.7446398138999939,0.68768310546875,0.7689837217330933,0.5937042236328125,0.6508347392082214,0.911651611328125,0.8331332206726074,0.43653759057971014
flickr,C2,12345,best,AUD,236,7560517176,0.5429987023711219,0.5337636736113796,0.7603656186333352,0.5156050701530612,13809.0,7270.0,4352.0,GOOD,0.7037076354026794,0.709252119064331,0.4868927001953125,0.7329086065292358,0.441741943359375,0.6142204999923706,0.6999815088757396,0.8466454148292542,0.22278866525423727
flickr,C2,12345,best,IQR,236,7560517176,0.532402256834075,0.5396713520480084,0.7378173008094268,0.49483816964285715,13399.5,7007.0,4761.5,GOOD,0.6947222948074341,0.6947976350784302,0.4942169189453125,0.7182774543762207,0.4498443603515625,0.6101245284080505,0.6774685650887574,0.8380211591720581,0.22758871822033894
flickr,C2,12345,best,AUD,237,7623513024,0.612825475660081,0.5936814547512913,0.9576556525709068,0.2816685267857143,8390.5,4930.0,371.0,GOOD,0.8133126497268677,0.5675475001335144,0.8966522216796875,0.6063116788864136,0.851531982421875,0.5441778898239136,0.9287872314453125,0.6653403639793396,0.7845052083333333
flickr,C2,12345,best,IQR,237,7623513024,0.6175272487063745,0.5962369782439232,0.9602807738400959,0.28123007015306123,8413.5,4863.0,348.0,GOOD,0.8147553205490112,0.5670393705368042,0.901397705078125,0.6056675314903259,0.8575286865234375,0.5403412580490112,0.9333953857421875,0.6657740473747253,0.7888997395833333
flickr,C2,12345,best,AUD,238,7733838448,0.6723094048653345,0.7192337854715501,0.8453096197173483,0.686164700255102,24762.5,7538.0,4531.5,GOOD,0.7786221504211426,0.6881459355354309,0.6981201171875,0.7690007090568542,0.5943145751953125,0.5788390636444092,0.83685302734375,0.8026814460754395,0.5502232142857143
flickr,C2,12345,best,IQR,238,7733838448,0.6625587013762588,0.7163443195492032,0.8332081654946405,0.679069674744898,24408.0,7545.0,4886.0,GOOD,0.7662637829780579,0.6918407678604126,0.6759490966796875,0.7682100534439087,0.57568359375,0.5895150303840637,0.810302734375,0.8074131608009338,0.5225840336134454
flickr,C2,12345,best,AUD,239,7740990330,0.6658652963846577,0.8372484770167989,0.6769974250848976,0.43183992346938777,18141.5,448.0,8655.5,GOOD,0.6689056158065796,0.4049641191959381,0.837921142578125,0.43092650175094604,0.8159637451171875,0.3979188799858093,0.8581871345029239,0.6158985495567322,0.6361607142857143
flickr,C2,12345,best,IQR,239,7740990330,0.669743119266055,0.8349574526489157,0.6810650445945442,0.4356265943877551,18250.5,453.0,8546.5,GOOD,0.6740970611572266,0.41036364436149597,0.8389892578125,0.43467187881469727,0.8174896240234375,0.4117725193500519,0.8525904605263158,0.6108546853065491,0.6478794642857143
flickr,C2,12345,best,AUD,240,7897462346,0.7342047541772919,0.9043623423977507,0.7491402681999308,0.4536631058673469,20586.0,559.0,6893.5,GOOD,0.696324348449707,0.5914669036865234,0.6933441162109375,0.5776272416114807,0.707794189453125,,,0.699078381061554,0.5156615070093458
flickr,C2,12345,best,IQR,240,7897462346,0.7601279508211369,0.9138879339979374,0.7739587692643607,0.4638073979591837,21268.0,500.0,6211.5,GOOD,0.6985344886779785,0.5754371881484985,0.7194366455078125,0.5602983236312866,0.7372589111328125,,,0.6802499294281006,0.5480432242990654
flickr,C2,12345,best,AUD,241,8250285374,0.552093797086891,0.7025726041625054,0.7088875453446191,0.4989038584183674,17587.5,7046.0,7222.5,GOOD,0.7091208696365356,0.7044923305511475,0.5339431762695312,0.703771710395813,0.528228759765625,0.6592012047767639,0.643822973901099,0.7091207504272461,0.5572916666666667
flickr,C2,12345,best,IQR,241,8250285374,0.4872307784863434,0.6472527472527473,0.6528617492946392,0.49874441964285715,16197.5,8434.0,8612.5,MIXED,0.6704609394073486,0.7650657892227173,0.356353759765625,0.7534692287445068,0.371429443359375,0.7340725660324097,0.43719951923076916,0.7594806551933289,0.4088541666666667
flickr,C2,12345,best,AUD,242,8294094053,0.7804257547981593,0.9491741365973517,0.7804257547981593,0.4379982461734694,20860.0,0.0,5869.0,GOOD,0.7417240142822266,0.46612802147865295,0.9408416748046875,0.47411665320396423,0.9292449951171875,0.42940279841423035,0.970062255859375,,
flickr,C2,12345,best,IQR,242,8294094053,0.7882075648172397,0.9472595656670114,0.7882075648172397,0.44325972576530615,21068.0,0.0,5661.0,GOOD,0.7421585917472839,0.46448418498039246,0.943695068359375,0.48550331592559814,0.9225006103515625,0.4086763262748718,0.9849395751953125,,
flickr,C2,12345,best,AUD,243,8311669586,0.47410570388954426,0.5471926056608115,0.7128581778210797,0.5196508290816326,14267.5,10079.0,5747.0,MIXED,0.6897886991500854,0.6363768577575684,0.561859130859375,0.8150957822799683,0.2870635986328125,0.5392053127288818,0.7233428955078125,0.7491579055786133,0.4017333984375
flickr,C2,12345,best,IQR,243,8311669586,0.46463652585761217,0.5436504839213238,0.696020385220715,0.5106823979591837,13930.5,9967.0,6084.0,MIXED,0.6814583539962769,0.6335200071334839,0.5537261962890625,0.8059960603713989,0.2892608642578125,0.5404026508331299,0.70819091796875,0.7456475496292114,0.39201660156249996
flickr,C2,12345,best,AUD,244,8396975855,0.5839552960284621,0.5346445262710664,0.9952873714737674,0.5628985969387755,15100.5,10687.0,71.5,GOOD,0.8138478994369507,0.6892910003662109,0.8125457763671875,0.7215129137039185,0.722900390625,0.6701005697250366,0.904388427734375,0.883501410484314,0.24609374999999997
flickr,C2,12345,best,IQR,244,8396975855,0.5738052829044605,0.5247634561397428,0.9979567624571579,0.5750358737244898,15141.0,11215.0,31.0,GOOD,0.8349392414093018,0.6903545260429382,0.84783935546875,0.7315932512283325,0.7452392578125,0.6522148847579956,0.95013427734375,0.8787773251533508,0.3348357371794872
flickr,C2,12345,best,AUD,245,9060997789,0.6944909439140992,0.875461009087107,0.7461881228226526,0.5241749043367347,23025.5,2297.0,7832.0,GOOD,0.6968374252319336,0.5917559266090393,0.699798583984375,0.6070599555969238,0.685791015625,,,0.7371679544448853,0.49910714285714286
flickr,C2,12345,best,IQR,245,9060997789,0.6903875897765731,0.892026117926395,0.7305031191768614,0.5036272321428571,22541.5,1793.0,8316.0,GOOD,0.6851084232330322,0.5621541738510132,0.7127227783203125,0.5746362209320068,0.703857421875,,,0.7237991094589233,0.4897321428571429
flickr,C2,12345,best,AUD,246,9309351423,0.660770891716819,0.6591961134790779,0.8800709784005385,0.43484933035714285,14383.0,5424.0,1960.0,GOOD,0.7885187268257141,0.5937135815620422,0.8429107666015625,0.6337972283363342,0.787139892578125,0.5336059331893921,0.9101409912109375,0.6366719007492065,0.7937911184210527
flickr,C2,12345,best,IQR,246,9309351423,0.7240405756546072,0.7180484662272659,0.8865875298292847,0.402164381377551,14489.5,3669.0,1853.5,GOOD,0.7746422290802002,0.5476500391960144,0.890472412109375,0.5967288017272949,0.8311309814453125,0.4780495762825012,0.9497222900390625,0.6146549582481384,0.8205866228070176
flickr,C2,12345,best,AUD,247,9456627660,0.6673497412062955,0.7431307048085066,0.8273920217920847,0.4235889668367347,15794.5,4578.0,3295.0,GOOD,0.7435310482978821,0.5743768811225891,0.8346099853515625,0.5752304792404175,0.8086700439453125,,,0.7577690482139587,0.5290178571428571
flickr,C2,12345,best,IQR,247,9456627660,0.6891835798396435,0.7720509055310817,0.8262657481861756,0.4071667729591837,15773.0,3797.0,3316.5,GOOD,0.7342420816421509,0.550155758857727,0.843109130859375,0.5489723086357117,0.829864501953125,,,0.7302199006080627,0.5680803571428572
flickr,C2,12345,best,AUD,248,9636000842,0.5737805292877066,0.7863722821019654,0.6419057766953346,0.5343789859693877,21085.0,3900.0,11762.5,GOOD,0.6345133781433105,0.7457727193832397,0.3561248779296875,0.7311068773269653,0.3824310302734375,0.7323390245437622,0.3786468505859375,0.7986740469932556,0.26983901515151515
flickr,C2,12345,best,IQR,248,9636000842,0.5431045061013021,0.7828086310576583,0.6063475150315853,0.5070750956632653,19917.0,3825.0,12930.5,GOOD,0.6122092008590698,0.7418700456619263,0.3261260986328125,0.725119411945343,0.35498046875,0.7308858633041382,0.3432159423828125,0.7974001169204712,0.23652935606060604
flickr,C2,12345,best,AUD,249,9761803312,0.7882616030444506,0.6970821913055546,0.9768572539867756,0.5744379783163265,20092.0,4921.0,476.0,GOOD,0.8491740822792053,0.496878445148468,0.954376220703125,0.6260935068130493,0.90264892578125,0.29089421033859253,0.9985504150390625,0.657960832118988,0.9066540948275862
flickr,C2,12345,best,IQR,249,9761803312,0.7710152205825542,0.6867559011767944,0.9703665888759238,0.5792012117346939,19958.5,5318.0,609.5,GOOD,0.8498706221580505,0.5118585824966431,0.9334564208984375,0.6418442726135254,0.8670806884765625,0.3027115762233734,0.9957427978515625,0.6784453988075256,0.8615975215517241
