dataset,group,seed,kind,sample_index,sample_id,rho_full_common,rho_full_specific,common_spatial_std,specific_spatial_std,common_specific_std_ratio
vggss,C0,12345,best,0,-0BIyqJj9ZU_000030,0.9884693877551021,-0.31183673469387757,0.10531262372753356,0.01504262806649405,7.000945796307155
vggss,C0,12345,best,1,-0UuUoXQUoI_000107,0.9915306122448979,0.645,0.1276738610652835,0.02198032694784827,5.808551500085031
vggss,C0,12345,best,2,-2-wdcN5vOw_000017,0.991938775510204,0.6879591836734694,0.1411127479592292,0.027066599659120054,5.213538077794026
vggss,C0,12345,best,3,-23CeprtibU_000030,0.9323469387755102,0.581530612244898,0.05779405765773171,0.0258869130725537,2.232558880070069
vggss,C0,12345,best,4,-2Dm0VjW8oM_000001,0.9908163265306122,0.9305102040816327,0.1386893300621032,0.04888291655067309,2.837173799119266
vggss,C0,12345,best,5,-2sOH8XovEE_000484,0.9927551020408163,0.5028571428571429,0.13894740876703984,0.018832472340235454,7.378075818020962
vggss,C0,12345,best,6,-3Kv4fdm7Uk_000030,0.9872448979591837,0.81,0.10437060237744256,0.032966296370284455,3.165979010961066
vggss,C0,12345,best,7,-4bPiXbovf0_000008,0.966530612244898,0.1113265306122449,0.09685903016645275,0.021132347120369713,4.583448758187831
vggss,C0,12345,best,8,-5CGQGSFGyg_000060,0.9775510204081632,0.606938775510204,0.13441344846205722,0.025115947752857352,5.351717155358609
vggss,C0,12345,best,9,-5z9IXBJefc_000227,0.9846938775510204,0.7674489795918368,0.18046251215197323,0.0589464547505018,3.061465068862975
vggss,C0,12345,best,10,-79qo5MUYBk_000207,0.9960204081632653,0.8373469387755103,0.15473728831005348,0.019521530048773265,7.926493872327246
vggss,C0,12345,best,11,-7TanrCbmME_000030,0.9683673469387755,-0.33908163265306124,0.09661748630981956,0.030753567849731323,3.1416675548643265
vggss,C0,12345,best,12,-7sg--aJdrc_000049,0.9735714285714285,0.7411224489795918,0.053482878753239614,0.013846428567487166,3.8625757170930632
vggss,C0,12345,best,13,-7tYmeOmsRg_000058,0.9641836734693877,0.15785714285714286,0.0950895885765342,0.024287410218297292,3.9151802403739615
vggss,C0,12345,best,14,-7tYmeOmsRg_000180,0.9372448979591836,0.1489795918367347,0.07259883786354444,0.025366779115601576,2.861965152639078
vggss,C0,12345,best,15,-86gl1hp1Aw_000105,0.993265306122449,0.9261224489795918,0.19799226549796833,0.04079967839209284,4.852789857685253
vggss,C0,12345,best,16,-8cgbhIR_pw_000030,0.9790816326530613,0.5812244897959183,0.12559808203670783,0.026296015703521112,4.776316056880431
vggss,C0,12345,best,17,-A3zsFeU_OI_000030,0.9948979591836735,0.5795918367346938,0.1429269895644869,0.013368675803078505,10.691185250492351
vggss,C0,12345,best,18,-ANxUxvGASw_000010,0.9905102040816327,0.4736734693877551,0.11859839344595638,0.01575779781411306,7.526330445726169
vggss,C0,12345,best,19,-ByoSbgzr4M_000000,0.9620408163265306,0.32602040816326533,0.09978350481042958,0.024998503887523088,3.99157906646694
vggss,C0,12345,best,20,-CZ1LIc8aos_000020,0.9629591836734694,0.860204081632653,0.09212271763491875,0.045965845800296064,2.004155825504801
vggss,C0,12345,best,21,-Cr0WQoFQQs_000045,0.9923469387755102,0.6824489795918367,0.1354644739692427,0.01771898952465938,7.645157969122214
vggss,C0,12345,best,22,-Cv3gOXEoxA_000040,0.9937755102040816,0.5456122448979592,0.12243978122758542,0.013481819343413444,9.081844082668523
vggss,C0,12345,best,23,-D64b_8YJK4_000046,0.9915306122448979,0.09377551020408163,0.2220975754123762,0.01869471569820132,11.880232842147203
vggss,C0,12345,best,24,-E5o64ACjm0_000017,0.9797959183673469,0.0646938775510204,0.10659378871680773,0.017773199342869417,5.9974451791412005
vggss,C0,12345,best,25,-FoTxwPOz3U_000000,0.9948979591836735,-0.13418367346938775,0.17089385187667122,0.021715661306664448,7.869613062358114
vggss,C0,12345,best,26,-GOaBCyC5Js_000087,0.9886734693877551,0.7874489795918367,0.2138653133683788,0.049524240967603224,4.318396591040758
vggss,C0,12345,best,27,-GW1J75oAKU_000304,0.9929591836734694,0.9328571428571428,0.11770460181798727,0.04065760731351257,2.8950203810657618
vggss,C0,12345,best,28,-HMEhGV38GM_000216,0.9941836734693877,0.19255102040816327,0.14922066145955418,0.01576315947127268,9.466418311094232
vggss,C0,12345,best,29,-IKnJa9U66I_000150,0.9772448979591837,0.17091836734693877,0.09367937379778786,0.019583494462190716,4.783588239507097
vggss,C0,12345,best,30,-Igq1W20Gi8_000000,0.9948979591836735,0.8419387755102041,0.2184940078540032,0.02873214492626967,7.604514331063224
vggss,C0,12345,best,31,-JGpAlLrSD0_000458,0.9941836734693877,0.8636734693877551,0.1546237174782505,0.022632240837576364,6.832010961173953
vggss,C0,12345,best,32,-JUBdOr8Hes_000030,0.9821428571428571,0.5320408163265307,0.22627718773682864,0.031913503153006645,7.090327459569745
vggss,C0,12345,best,33,-JUhUI_KvUI_000026,0.9790816326530613,-0.10459183673469388,0.09187874342104643,0.014694446879540296,6.2526166635760285
vggss,C0,12345,best,34,-K-ccLMFE5M_000259,0.9954081632653061,0.4194897959183673,0.130265496678274,0.010102789830618238,12.89401233345289
vggss,C0,12345,best,35,-K1BRF6qng8_000030,0.9935714285714285,0.16040816326530613,0.11715063615349323,0.01154275582311404,10.149277862995456
vggss,C0,12345,best,36,-KBH8YmHR-0_000050,0.9915306122448979,0.783469387755102,0.10250427189661623,0.018390955553804322,5.573624034745294
vggss,C0,12345,best,37,-Lmibx_Iu_E_000173,0.9910204081632653,0.7875510204081633,0.11420232742936942,0.027107823309582797,4.212891832926997
vggss,C0,12345,best,38,-Lv13WPa4xk_000170,0.9936734693877551,0.4380612244897959,0.15202120185603524,0.014148555263174841,10.744644879163634
vggss,C0,12345,best,39,-N00SskHxS4_000529,0.9888775510204082,0.72,0.17141552212951638,0.04851058545665885,3.5335694367709776
vggss,C0,12345,best,40,-NCa3eFLULw_000221,0.9873469387755102,-0.5686734693877551,0.13459909800247338,0.019575367522681457,6.875942321211441
vggss,C0,12345,best,41,-NwBdmVSg1w_000000,0.9853061224489796,0.813265306122449,0.123004277016453,0.02080792532738135,5.9114147653437845
vggss,C0,12345,best,42,-OAyRsvFGgc_000030,0.9939795918367347,0.9607142857142857,0.23248419528468658,0.07365038976815046,3.1565915131819517
vggss,C0,12345,best,43,-OVb-UG8yJw_000030,0.9936734693877551,0.8426530612244898,0.15495676898137936,0.020636384360845705,7.508910779709331
vggss,C0,12345,best,44,-PvlrLjIAYo_000009,0.9925510204081632,0.523469387755102,0.15722946783066916,0.018814253745967246,8.356933522509264
vggss,C0,12345,best,45,-Q3MX7Tgx_E_000111,0.9905102040816327,-0.445,0.17227035985564076,0.02772680135114475,6.213134997936871
vggss,C0,12345,best,46,-RBs9pPhHY8_000030,0.9761224489795919,0.7424489795918368,0.14151671527645307,0.033609018782627426,4.210676788624468
vggss,C0,12345,best,47,-S-TDT5oq0Q_000290,0.9922448979591837,-0.16826530612244897,0.1800363468960022,0.015696261466675385,11.470014517675818
vggss,C0,12345,best,48,-SWaCArvQug_000021,0.9726530612244898,0.3210204081632653,0.07058731199029313,0.015010480572042106,4.702535115482319
vggss,C0,12345,best,49,-Vo4CAMX26U_000030,0.9812244897959184,0.8023469387755102,0.11368489091961903,0.026142217937583874,4.34870871289684
vggss,C0,12345,best,50,-W3WpZvJX2o_000027,0.9419387755102041,0.14091836734693877,0.07522353888918903,0.019480705008758387,3.861438220812289
vggss,C0,12345,best,51,-Wd5YV97ftU_000320,0.9942857142857143,0.26326530612244897,0.1333057916233977,0.01090438582883748,12.224970183177154
vggss,C0,12345,best,52,-XwtCzUaN1I_000160,0.9708163265306122,0.7220408163265306,0.1166781731224742,0.03462622404067746,3.3696476111690807
vggss,C0,12345,best,53,-Y-UegG9tLw_000282,0.9935714285714285,0.9068367346938776,0.14077189332601556,0.0391283529865778,3.597695343177479
vggss,C0,12345,best,54,-YwPSwhe2jo_000030,0.9810204081632653,0.3276530612244898,0.12684528478599377,0.020198159529702275,6.280041733478847
vggss,C0,12345,best,55,-Z1ZSWDouUU_000030,0.9904081632653061,0.9488775510204082,0.13850050986419854,0.04207350379459846,3.291870117125346
vggss,C0,12345,best,56,-ZJqu_4zLMc_000030,0.9945918367346939,0.6107142857142858,0.1406673674795748,0.0090915166148564,15.472376440440202
vggss,C0,12345,best,57,-ZSgg6jFUd8_000688,0.9697959183673469,0.03295918367346939,0.12796695572103864,0.022713797493722862,5.633886440891415
vggss,C0,12345,best,58,-_QPd-VskKY_000030,0.9924489795918368,0.6578571428571428,0.13032382238048248,0.013521232073743788,9.6384576249935
vggss,C0,12345,best,59,-_umX4zgLVY_000028,0.9962244897959184,0.95,0.22521919716932393,0.028796231188583928,7.821134498274572
vggss,C0,12345,best,60,-aK9JKAGme0_000041,0.9970408163265306,0.7486734693877551,0.12919107558433623,0.01142947792691949,11.303322549847755
vggss,C0,12345,best,61,-aK9JKAGme0_000051,0.9954081632653061,0.46377551020408164,0.1513261597606748,0.011703108874467167,12.930423991083698
vggss,C0,12345,best,62,-aUJLRXkj-Y_000118,0.9945918367346939,-0.3279591836734694,0.13202890977574697,0.015311251608692279,8.622999161008723
vggss,C0,12345,best,63,-cA9HsnV1ao_000030,0.9922448979591837,0.07663265306122449,0.1286395714691615,0.011504887829357336,11.181297321379214
vggss,C0,12345,best,64,-d1KR2BSfHM_000065,0.9937755102040816,0.84,0.12536779238251428,0.022542402628403575,5.561421045002099
vggss,C0,12345,best,65,-e4wXAy1iVo_000000,0.9833673469387755,0.7712244897959184,0.15351189670072646,0.052324100226282325,2.9338659630427366
vggss,C0,12345,best,66,-fAVezaAX18_000126,0.9822448979591837,0.8096938775510204,0.12371320958579332,0.035284132129084024,3.506199589469821
vggss,C0,12345,best,67,-fJsZm3YRc0_000030,0.9831632653061224,0.37234693877551023,0.1042211246804911,0.01830875122528649,5.6924212579036935
vggss,C0,12345,best,68,-fPdOa99Iwg_000030,0.9831632653061224,0.1239795918367347,0.10072347815643169,0.014558419740311286,6.918572204477328
vggss,C0,12345,best,69,-fTfRh0_RQ4_000030,0.9791836734693877,0.8865306122448979,0.12081771056581297,0.04214519504038319,2.86670189686028
vggss,C0,12345,best,70,-g-GjgEq8l4_000017,0.9790816326530613,-0.6363265306122449,0.13716376415458542,0.026819656080111214,5.11429989053076
vggss,C0,12345,best,71,-gCqnkIUmp0_000140,0.9705102040816327,-0.13346938775510203,0.11317276865993871,0.020906112075027832,5.413381897781108
vggss,C0,12345,best,72,-gSfPQqi6nI_000030,0.985,0.6754081632653062,0.14318664864113023,0.018623404456550297,7.688532404222584
vggss,C0,12345,best,73,-hYRFCQdbLg_000030,0.9904081632653061,0.803469387755102,0.14572019025926747,0.0516758128986636,2.8198915911593905
vggss,C0,12345,best,74,-hedbpc8T0E_000030,0.9916326530612245,0.7043877551020408,0.1071771921452957,0.01839322901097879,5.826991665320014
vggss,C0,12345,best,75,-hss7xpzIVc_000030,0.9704081632653061,0.4869387755102041,0.1250639075230996,0.02885647444567289,4.333998172872891
vggss,C0,12345,best,76,-iF4a6f5PJ8_000000,0.9951020408163266,0.8618367346938776,0.12762173399858065,0.023563261025472827,5.416132082083904
vggss,C0,12345,best,77,-iF4a6f5PJ8_000060,0.9956122448979592,0.9112244897959184,0.19082210557051552,0.025982768767118115,7.344179031913103
vggss,C0,12345,best,78,-jZENGDFArw_000080,0.9831632653061224,0.06938775510204082,0.11904152455305667,0.019143849086362498,6.21826488581433
vggss,C0,12345,best,79,-kPDH9n0PG4_000310,0.9495918367346938,-0.3948979591836735,0.11290403571577785,0.03363129324339873,3.357112523109383
vggss,C0,12345,best,80,-kZVoaYYU6o_000000,0.9705102040816327,0.6016326530612245,0.12765093477689834,0.033317703464869695,3.8313245362632493
vggss,C0,12345,best,81,-lPXTBXa0tE_000030,0.9928571428571429,0.8295918367346938,0.2385755876183735,0.08010396727517942,2.9783242420291116
vggss,C0,12345,best,82,-mKtgDnG0oM_000030,0.9826530612244898,-0.03153061224489796,0.15674674814808634,0.02206771166324478,7.10299058371142
vggss,C0,12345,best,83,-nQ9a0P1TlY_000023,0.9940816326530613,-0.33653061224489794,0.1506599225848183,0.014956511813437018,10.073199183345983
vggss,C0,12345,best,84,-oGJwGEsIiA_000090,0.9925510204081632,-0.13918367346938776,0.10966128098812648,0.009535868469085532,11.499873487521242
vggss,C0,12345,best,85,-oOARU0JwWE_000153,0.9578571428571429,-0.041428571428571426,0.10905670028359335,0.024062641880938,4.53219978185297
vggss,C0,12345,best,86,-oSzD8P2BtU_000030,0.9942857142857143,-0.36459183673469386,0.13617790656075524,0.01693018268472715,8.043498944852049
vggss,C0,12345,best,87,-ocADGlyaHc_000030,0.9909183673469387,0.7019387755102041,0.16872814897090238,0.029174319284589047,5.783447672763039
vggss,C0,12345,best,88,-r2-9oyIzkQ_000030,0.9931632653061224,0.5857142857142857,0.11188537501708208,0.01265876015310817,8.83857294583548
vggss,C0,12345,best,89,-r3nM90RCNs_000161,0.9836734693877551,0.03877551020408163,0.10552269401602948,0.017676024373785668,5.969820576425791
vggss,C0,12345,best,90,-rTTPoBJNI4_000123,0.9939795918367347,0.7615306122448979,0.1591127968429222,0.019741038543979687,8.06000132609264
vggss,C0,12345,best,91,-rb6uia1wSo_000190,0.9879591836734694,0.8303061224489796,0.21159104412454707,0.040975327039496065,5.163864681802167
vggss,C0,12345,best,92,-rqhMzJRYoc_000030,0.9862244897959184,0.15071428571428572,0.09777452085768948,0.015466247949446895,6.321799648969555
vggss,C0,12345,best,93,-t-htrAtNvM_000030,0.9934693877551021,0.5351020408163265,0.12450687282367386,0.01734938031160005,7.1764449558135945
vggss,C0,12345,best,94,-u-40BIU1HE_000003,0.9593877551020408,0.2319387755102041,0.10841054231136987,0.025129354035646694,4.314099843457435
vggss,C0,12345,best,95,-uD3ZbhFTnk_000077,0.9888775510204082,0.5274489795918368,0.06338150793809144,0.00974197846302169,6.5060201250365175
vggss,C0,12345,best,96,-vAtBe4LMCQ_000063,0.9916326530612245,0.7624489795918368,0.17888476414675142,0.01976446507361424,9.05082750686556
vggss,C0,12345,best,97,-wi8kPVJLcw_000205,0.9540816326530612,-0.09142857142857143,0.10611709806671778,0.026735189024501338,3.9691919877382302
vggss,C0,12345,best,98,-wnDAPcoPsk_000030,0.9892857142857143,-0.061122448979591834,0.1528021196860884,0.017339651502665383,8.812294737446152
vggss,C0,12345,best,99,-xQbyezhw_k_000040,0.9918367346938776,-0.20642857142857143,0.10591163299135249,0.013527550904593257,7.829327994277986
vggss,C0,12345,best,100,-yicwYUKKuo_000304,0.9856122448979592,0.7167346938775511,0.144129288584701,0.023407683383970264,6.1573495429027245
vggss,C0,12345,best,101,-z3AAq0FK-0_000001,0.981326530612245,0.6173469387755102,0.07874479726079181,0.019509498805514995,4.03622861077969
vggss,C0,12345,best,102,-z4OZ7ls5Bo_000540,0.9927551020408163,0.773469387755102,0.17722487456449887,0.04744418288600021,3.735439495087062
vggss,C0,12345,best,103,-zCtwbk005g_000030,0.9916326530612245,0.5876530612244898,0.11120772188077536,0.01827277412493091,6.085979125033147
vggss,C0,12345,best,104,-zSyfcXmHdk_001083,0.878265306122449,0.023775510204081633,0.08209407479163368,0.03330427451011303,2.4649711185483216
vggss,C0,12345,best,105,-zgGL2o1jqw_000080,0.9923469387755102,0.36683673469387756,0.11331933574507488,0.014068700551369882,8.054712326224108
vggss,C0,12345,best,106,-ziWHyk_fYQ_000106,0.9848979591836735,0.3159183673469388,0.10321493830229084,0.018150902237847554,5.686490784302229
vggss,C0,12345,best,107,0-jDld11jhw_000093,0.9787755102040816,0.6711224489795918,0.1520796520378398,0.04370015271303867,3.4800714092805514
vggss,C0,12345,best,108,007P6bFgRCU_000010,0.9890816326530613,0.8707142857142857,0.14420517182927933,0.04989736124507012,2.890036030583218
vggss,C0,12345,best,109,00QQLLcny14_000083,0.9866326530612245,-0.3497959183673469,0.10205068953534324,0.012335688101553744,8.272800730304573
vggss,C0,12345,best,110,00wORCOKNHw_000014,0.985204081632653,0.6503061224489796,0.19331654132220272,0.030192601205910784,6.4027786146613055
vggss,C0,12345,best,111,00z0M1DJyAw_000090,0.9830612244897959,0.8605102040816327,0.13013309381334304,0.03990040499650252,3.261447943316613
vggss,C0,12345,best,112,01SaXyGY5SM_000030,0.9925510204081632,0.6037755102040816,0.13894652862160176,0.02116944828717624,6.5635403784127435
vggss,C0,12345,best,113,02UvvE1oA1I_000030,0.9738775510204082,0.39408163265306123,0.14372727771291544,0.027993347212298184,5.13433697738627
vggss,C0,12345,best,114,030h_KwNm-g_000003,0.9958163265306123,0.9114285714285715,0.1676902579720143,0.027285385925800983,6.145790220011031
vggss,C0,12345,best,115,04QV0Xi5YTk_000030,0.993265306122449,0.9647959183673469,0.12483847191326634,0.05293620115346935,2.3582816521220025
vggss,C0,12345,best,116,052VMqTM4Xs_000000,0.9973469387755102,0.8825510204081632,0.17157424412622063,0.01865400320444183,9.197717092991917
vggss,C0,12345,best,117,064Ilsz8Fzg_000051,0.9630612244897959,0.7576530612244898,0.09651678341278677,0.026088314201636837,3.699617486465687
vggss,C0,12345,best,118,06si40RVDco_000030,0.9796938775510204,0.549795918367347,0.09957551279092591,0.01958085507380623,5.085350584312859
vggss,C0,12345,best,119,076qdKSC8nU_000030,0.9808163265306122,0.7175510204081633,0.12882206210996752,0.033783609667198226,3.81315269087559
vggss,C0,12345,best,120,077aWlQn6XI_000030,0.9865306122448979,0.7242857142857143,0.11510918220949598,0.015441612539488678,7.454479376109745
vggss,C0,12345,best,121,09NfjFeq2cs_000078,0.9784693877551021,-0.01193877551020408,0.0993377855308937,0.019690857553308867,5.044868424950893
vggss,C0,12345,best,122,09pZj6CEvRw_000250,0.9896938775510205,0.855204081632653,0.13749131809378204,0.03407765868828811,4.0346468444745405
vggss,C0,12345,best,123,0CEsVHHkwww_000030,0.9926530612244898,0.8520408163265306,0.13700804590779123,0.02578787852431501,5.312885500783183
vggss,C0,12345,best,124,0CzC0-cXe8M_000030,0.9918367346938776,0.8689795918367347,0.17239758693314244,0.02717599691038305,6.34374472081556
vggss,C0,12345,best,125,0Dt2-TtqvJU_000030,0.9960204081632653,-0.0836734693877551,0.16199164779968966,0.013268732218112492,12.208524909302401
vggss,C0,12345,best,126,0E6KS8B6DMc_000540,0.9580612244897959,0.5677551020408164,0.10755041158406449,0.03439256216561618,3.127141591433614
vggss,C0,12345,best,127,0EOQco76eXQ_000030,0.9962244897959184,0.7262244897959184,0.2130084007953581,0.042497491973090655,5.012258157028059
vggss,C0,12345,best,128,0F04c_rY4aw_000000,0.996734693877551,0.39693877551020407,0.15826394994528123,0.013105889895454659,12.075788153856672
vggss,C0,12345,best,129,0FEd3Pd-ksw_000397,0.9640816326530612,0.11173469387755101,0.09879417502530081,0.022904155978616798,4.313373307339268
vggss,C0,12345,best,130,0FHSJnza9P8_000046,0.9936734693877551,0.8859183673469387,0.1651985103623908,0.04694380270800984,3.5190696286349983
vggss,C0,12345,best,131,0G50t4FlbIA_000060,0.9821428571428571,-0.7322448979591837,0.15162697348673843,0.03181384505366912,4.766068773860805
vggss,C0,12345,best,132,0H814XXq-WQ_000030,0.9820408163265306,-0.5444897959183673,0.10709929743707712,0.019686030058161306,5.440370512523757
vggss,C0,12345,best,133,0HBJuYt2Eys_000032,0.9836734693877551,0.7280612244897959,0.13501484440287362,0.01894011781885688,7.128511326811924
vggss,C0,12345,best,134,0HXYdGGKV2k_000030,0.9955102040816326,0.8966326530612245,0.23722150064185224,0.06757983914386477,3.510240681941433
vggss,C0,12345,best,135,0IqPUUWnnd8_000085,0.988265306122449,0.32285714285714284,0.18989108875797728,0.02657404434177212,7.1457353768122065
vggss,C0,12345,best,136,0Iy18mslB4A_000170,0.9695918367346938,0.35591836734693877,0.14238093100152618,0.028817305575088728,4.940813450810895
vggss,C0,12345,best,137,0IzhjqyDzt8_000000,0.9956122448979592,0.9597959183673469,0.14973412047167978,0.033684212121304145,4.445231491015873
vggss,C0,12345,best,138,0JkiTl-4B5E_000017,0.9959183673469387,0.8926530612244898,0.1885124206853388,0.027935974878400254,6.748016545185765
vggss,C0,12345,best,139,0K92tp-4GEk_000108,0.9643877551020408,0.24193877551020407,0.0926423448442496,0.021642748985121335,4.28052577368698
vggss,C0,12345,best,140,0LwSy-xZSPw_000112,0.9913265306122448,-0.4020408163265306,0.15570851980294495,0.015030870984034448,10.359247974940113
vggss,C0,12345,best,141,0MU2SG5ME1E_000016,0.9978571428571429,0.19448979591836735,0.26439498676957984,0.01283548485671223,20.59875335611621
vggss,C0,12345,best,142,0N0C0Wbe6AI_000030,0.9890816326530613,0.7892857142857143,0.13280188381336908,0.02201021687664145,6.033647217456831
vggss,C0,12345,best,143,0NIE-eDk92M_000029,0.9577551020408164,0.8259183673469388,0.1293897815979249,0.05816688332626355,2.2244578736007803
vggss,C0,12345,best,144,0NLXz4JgvcQ_000096,0.9887755102040816,0.4607142857142857,0.1298517391372615,0.01821032391277198,7.130666085856319
vggss,C0,12345,best,145,0NQXsEwBqAk_000136,0.9907142857142858,0.8764285714285714,0.18130976390386966,0.03753038977075156,4.83101201483309
vggss,C0,12345,best,146,0O-gZoirpRA_000030,0.980204081632653,0.441530612244898,0.12390087443421491,0.028485879305512104,4.349554145946259
vggss,C0,12345,best,147,0OH28bnOdEE_000058,0.9866326530612245,0.4477551020408163,0.11801095860368696,0.01659358619732327,7.111841720069134
vggss,C0,12345,best,148,0OLYyjqNdn4_000352,0.9978571428571429,0.929795918367347,0.13301440669599882,0.029149264224922946,4.563216610533518
vggss,C0,12345,best,149,0Olm321vgk8_000030,0.9938775510204082,0.8578571428571429,0.12641783328227882,0.02126247186484935,5.94558497647068
vggss,C0,12345,best,150,0PHUQku2P5I_000050,0.9925510204081632,0.6236734693877551,0.11273149658877495,0.0152774867928588,7.378929408825892
vggss,C0,12345,best,151,0QSPtpp1HN8_000030,0.9924489795918368,0.5470408163265306,0.14873105882637896,0.020654086958486372,7.201047382308429
vggss,C0,12345,best,152,0QabiRBcEKc_000050,0.9931632653061224,0.46948979591836737,0.12873287870901332,0.017168480407781725,7.498210421154356
vggss,C0,12345,best,153,0RZRFj7zDnQ_000030,0.9960204081632653,0.5052040816326531,0.16048138726470837,0.03709063102631985,4.32673650526003
vggss,C0,12345,best,154,0Rqa18lmDtw_000153,0.9629591836734694,0.6914285714285714,0.09731697268673693,0.03321356264211995,2.9300371578724866
vggss,C0,12345,best,155,0T966F09Q_8_000000,0.9814285714285714,0.7170408163265306,0.23561204084965096,0.05098986912427576,4.620761827715271
vggss,C0,12345,best,156,0TSOlaZXXM8_000080,0.9897959183673469,0.6434693877551021,0.20587944971903266,0.05460359588454103,3.770437576205851
vggss,C0,12345,best,157,0U9_6RyH3_M_000030,0.9976530612244898,0.9110204081632653,0.13602791048795804,0.02799377440554917,4.859220072195531
vggss,C0,12345,best,158,0UF1FHDPM1A_000030,0.996734693877551,-0.27224489795918366,0.17025327696577702,0.013466819568790386,12.64242652811227
vggss,C0,12345,best,159,0UeEkqkZmvo_000160,0.9648979591836735,0.8735714285714286,0.12378208393830274,0.06300292279493301,1.9647038335221152
vggss,C0,12345,best,160,0W1En_XsDnM_000000,0.9938775510204082,-0.3933673469387755,0.12740807513616653,0.015903059962249975,8.01154466112827
vggss,C0,12345,best,161,0W_wPc-zV3I_000101,0.9815306122448979,0.876938775510204,0.09206137388967893,0.023797225127662677,3.8685759955543624
vggss,C0,12345,best,162,0Wkk9iNzA9c_000030,0.9895918367346939,0.3146938775510204,0.20009614137678924,0.023356770110516713,8.566943992255725
vggss,C0,12345,best,163,0Wxl_LzqguI_000288,0.9931632653061224,-0.3363265306122449,0.11673041854993699,0.012798745065626073,9.120458134871594
vggss,C0,12345,best,164,0XDEooC1h7s_000000,0.9957142857142857,0.9333673469387755,0.14680898169408146,0.038368655675462424,3.8262737932715467
vggss,C0,12345,best,165,0YTieIiZNN4_000010,0.9774489795918367,0.7752040816326531,0.14026034973906146,0.03291508957687026,4.2612780807263455
vggss,C0,12345,best,166,0ZxpQ87jdgQ_000037,0.9707142857142858,0.3262244897959184,0.0924450494218777,0.01774984398664514,5.208217575964765
vggss,C0,12345,best,167,0_9-dbUW0hU_000030,0.9670408163265306,0.7764285714285715,0.16234731695764046,0.06837250062958208,2.37445340542948
vggss,C0,12345,best,168,0_B2YnBAz3A_000220,0.9895918367346939,0.633061224489796,0.09006078455280041,0.014837846502370798,6.069666817109239
vggss,C0,12345,best,169,0apGJGFHQO4_000067,0.9789795918367347,0.49826530612244896,0.18170038352505535,0.03747415643049879,4.848685089470789
vggss,C0,12345,best,170,0bBJkY4_zs8_000033,0.9934693877551021,0.6415306122448979,0.10884761889348735,0.014509207430810134,7.501968623203408
vggss,C0,12345,best,171,0bobzCB2ObQ_000076,0.9837755102040816,0.24540816326530612,0.12362609141393612,0.016425007541232127,7.52669921785998
vggss,C0,12345,best,172,0eA2QcSRgh0_000063,0.9827551020408163,0.6687755102040817,0.08455020836795289,0.018717156894370562,4.517257019594814
vggss,C0,12345,best,173,0eDN0YmnJRY_000002,0.9890816326530613,0.686734693877551,0.13431241107828748,0.021002596139275,6.3950385079834176
vggss,C0,12345,best,174,0g_-KI5NZ-E_000030,0.9657142857142857,0.8110204081632653,0.12949011508112798,0.044008314405474626,2.942401153746971
vggss,C0,12345,best,175,0glBUluF4Yk_000175,0.9938775510204082,0.6392857142857142,0.15051293275873295,0.01525491452838105,9.866520882743114
vggss,C0,12345,best,176,0hfU27A6tus_000070,0.9907142857142858,0.9009183673469388,0.15187597715136594,0.04290164210979979,3.540097061148942
vggss,C0,12345,best,177,0hjqlmdPT6g_000050,0.9619387755102041,0.07091836734693878,0.14579978776509755,0.02614340862545586,5.576923417060932
vggss,C0,12345,best,178,0iX0QmnbrK4_000085,0.9870408163265306,0.8983673469387755,0.16599091958359596,0.058158613590686976,2.8541072308191393
vggss,C0,12345,best,179,0jy-sVREk4o_000030,0.988265306122449,0.029387755102040815,0.0973976508647951,0.010814352504268624,9.00633217072871
vggss,C0,12345,best,180,0kQkVbOikzQ_000004,0.9972448979591837,0.9723469387755102,0.16761169242724644,0.046851955364720574,3.577474859319483
vggss,C0,12345,best,181,0m9-5BkL4Mc_000030,0.9953061224489796,0.6942857142857143,0.1581817857665276,0.022882760103164205,6.912705681193345
vggss,C0,12345,best,182,0mNvPaqfwUI_000220,0.9872448979591837,0.888061224489796,0.1337156570906975,0.030073848985890047,4.446243550449222
vggss,C0,12345,best,183,0n-Z2AQCRnU_000385,0.9912244897959184,0.3373469387755102,0.13287713476575302,0.017643732552336578,7.531123835140879
vggss,C0,12345,best,184,0n56ajMNoMA_000118,0.9915306122448979,0.7409183673469387,0.11649912247667125,0.02238994320978346,5.203189726080504
vggss,C0,12345,best,185,0nYltlo90Zc_000147,0.990204081632653,0.6393877551020408,0.1579222523407911,0.04883701457270305,3.2336590129950356
vggss,C0,12345,best,186,0nYltlo90Zc_000161,0.9931632653061224,0.5313265306122449,0.15971785729948149,0.043277875470394474,3.6905198225070284
vggss,C0,12345,best,187,0nvBTp-q7tU_000112,0.9953061224489796,0.9680612244897959,0.1181900618716263,0.032332216603174854,3.6554889917451763
vggss,C0,12345,best,188,0oTdsarJHA4_000220,0.9855102040816327,0.9342857142857143,0.13130611160318076,0.050509923915916015,2.59961016416826
vggss,C0,12345,best,189,0olhNr566Z0_000018,0.9725510204081632,0.7520408163265306,0.18250165854115852,0.06105509441293465,2.9891307235861904
vggss,C0,12345,best,190,0q5kQGcOn2I_000083,0.9825510204081632,0.6825510204081633,0.09157893096502288,0.019323956399557043,4.739139805093025
vggss,C0,12345,best,191,0q6GOUn_dhU_000066,0.9688775510204082,0.6858163265306122,0.09784727932929174,0.035010176197116535,2.7948239614215513
vggss,C0,12345,best,192,0q9FUj_2qMc_000539,0.9474489795918367,0.5433673469387755,0.09393560158936153,0.0301491986376863,3.1156914887927614
vggss,C0,12345,best,193,0sT6vnChbrc_000000,0.9470408163265306,0.35428571428571426,0.0876166980392047,0.02163763728847337,4.049272888305562
vggss,C0,12345,best,194,0slFEpnTKkY_000115,0.9948979591836735,0.9001020408163265,0.1993152946617152,0.061539383161662145,3.238825032388118
vggss,C0,12345,best,195,0teMcpgy9Jo_000058,0.9898979591836735,0.9468367346938775,0.16804527408014894,0.04270437868800881,3.935082987809287
vggss,C0,12345,best,196,0ti14lvd2Aw_000000,0.9904081632653061,-0.33846938775510205,0.06678241189100222,0.007288446468916814,9.162777304575197
vggss,C0,12345,best,197,0w9PLY1owzk_000108,0.9915306122448979,0.8266326530612245,0.17790350534042995,0.028038152804750523,6.345050851933713
vggss,C0,12345,best,198,0wdNFZhpdQw_000368,0.9861224489795918,-0.002346938775510204,0.1234488756904255,0.015312144694878236,8.062154463033382
vggss,C0,12345,best,199,0welW-8hB1c_000071,0.9951020408163266,0.9325510204081633,0.15139588629680892,0.04414825382585647,3.4292610279444466
vggss,C0,12345,best,200,0wzsE67O5tE_000230,0.9941836734693877,0.9429591836734694,0.17611591594050455,0.056811050157733176,3.100029227615527
vggss,C0,12345,best,201,0x9TnOQ5Nhw_000020,0.9790816326530613,0.6396938775510204,0.08192504165886286,0.01550182386959887,5.284864693858941
vggss,C0,12345,best,202,0xPWkrfjMu0_000178,0.9766326530612245,0.19724489795918368,0.08567927470848734,0.013218081251931751,6.481975188037657
vggss,C0,12345,best,203,0yxJzCQW5zI_000030,0.9934693877551021,0.13489795918367348,0.1725892514294544,0.017900597375694372,9.641535855322793
vggss,C0,12345,best,204,10YXuv9Go0E_000140,0.9693877551020408,0.575204081632653,0.09895987826507542,0.030468387271548172,3.2479526199762336
vggss,C0,12345,best,205,10aBef0Ghkc_000040,0.9943877551020408,0.8988775510204081,0.16646883318936223,0.0401302513920145,4.148213066576696
vggss,C0,12345,best,206,10aF24rMeu0_000030,0.9860204081632653,0.39346938775510204,0.1496559173426779,0.022941518586602875,6.523365782336321
vggss,C0,12345,best,207,10hGfv89L3g_000030,0.9844897959183674,0.24061224489795918,0.08267570766485378,0.013091842411131399,6.315055212897948
vggss,C0,12345,best,208,115l3adqQ1M_000417,0.976530612244898,0.5111224489795918,0.1277401201767772,0.03717446555872227,3.436232861908769
vggss,C0,12345,best,209,126AbihZt28_000009,0.9960204081632653,0.585204081632653,0.16855654428442546,0.01457961204902309,11.561113129599331
vggss,C0,12345,best,210,12T-9dLEbY8_000020,0.9864285714285714,0.5669387755102041,0.10151865275876525,0.016493508745864624,6.155067082631448
vggss,C0,12345,best,211,130v5XJl8G0_000070,0.9803061224489796,0.33163265306122447,0.1241938381138581,0.01859401679534274,6.679236631912962
vggss,C0,12345,best,212,13W_9xdaOZE_000068,0.9935714285714285,0.7972448979591836,0.1331688934206546,0.01986426196346707,6.703943678630965
vggss,C0,12345,best,213,14jcqHjMXcI_000000,0.9973469387755102,0.8320408163265306,0.19511644380525706,0.015363196306955207,12.700250644908063
vggss,C0,12345,best,214,14lBeX_dOHU_000234,0.9963265306122449,0.7904081632653062,0.16195124036672445,0.026129365011054107,6.19805495840448
vggss,C0,12345,best,215,14tRPoQA4q0_000004,0.9741836734693877,-0.7375510204081632,0.11802117889736573,0.02566083000400424,4.599273635301318
vggss,C0,12345,best,216,15Mw2jyyHk0_000030,0.9896938775510205,0.7496938775510205,0.19426747032518438,0.043160862429231256,4.501009928699066
vggss,C0,12345,best,217,15pi8h_bHQE_000173,0.9946938775510205,0.8597959183673469,0.10014608049821527,0.019047385462003623,5.257733703031847
vggss,C0,12345,best,218,169a2JSphHA_000269,0.9826530612244898,0.7740816326530612,0.200528713693238,0.06407145903310138,3.1297666187005104
vggss,C0,12345,best,219,16CvcIXIjzQ_000332,0.9942857142857143,0.5796938775510204,0.14871544186190655,0.013176324431881192,11.286564977261595
vggss,C0,12345,best,220,17K-oEuH1p0_000020,0.9822448979591837,0.45846938775510204,0.1189626179909298,0.030531584449896048,3.8963787872245472
vggss,C0,12345,best,221,17WW_p1N7BQ_000030,0.9883673469387755,-0.14591836734693878,0.14492414056079067,0.019736435127514496,7.342974535393802
vggss,C0,12345,best,222,17yDXvJTdeo_000603,0.9755102040816327,0.5490816326530612,0.12629809847748608,0.02695806488830764,4.684983844380633
vggss,C0,12345,best,223,18212B4yfLg_000080,0.9911224489795918,0.8956122448979592,0.11702066850948534,0.030815006404866768,3.7975221219166673
vggss,C0,12345,best,224,18r-Vtspi8g_000030,0.9510204081632653,-0.3059183673469388,0.08730029823803763,0.01873332735774289,4.660159755440057
vggss,C0,12345,best,225,190Zx0wVrhQ_000003,0.9923469387755102,-0.08612244897959184,0.16380795058694228,0.013782950061703946,11.884825081249057
vggss,C0,12345,best,226,19r6_MQei4M_000119,0.9961224489795918,0.8063265306122449,0.15482531237363253,0.018518523302217905,8.36056470847703
vggss,C0,12345,best,227,1ACn3u5UnBw_000030,0.9612244897959183,-0.39938775510204083,0.0799042885960423,0.01533784817906304,5.2096153034762605
vggss,C0,12345,best,228,1CZ-bybGzu4_000030,0.985,-0.8401020408163266,0.1892704892785026,0.04570127391619812,4.141470752556387
vggss,C0,12345,best,229,1D6UsaTflJ8_000060,0.9761224489795919,0.7607142857142857,0.12174766095453597,0.037877876267210495,3.214215604266296
vggss,C0,12345,best,230,1ETrMAVZdY8_000030,0.9891836734693877,0.06979591836734694,0.07802438166868882,0.007671809833697021,10.170270556757155
vggss,C0,12345,best,231,1ErGsKIlhAI_000051,0.9821428571428571,0.7898979591836734,0.13025357680218358,0.045542290069412794,2.8600576871224304
vggss,C0,12345,best,232,1F3_bvIT0ig_000000,0.9936734693877551,0.6874489795918367,0.1449820410608406,0.01405662840217909,10.314140554385371
vggss,C0,12345,best,233,1F9zCsJyw6k_000230,0.9892857142857143,0.7804081632653062,0.13815190823065954,0.025993509505864213,5.314861704207047
vggss,C0,12345,best,234,1FWUnWVX5Xk_000159,0.9909183673469387,0.25581632653061226,0.18011779564544658,0.0164046673109632,10.979667690369697
vggss,C0,12345,best,235,1FnA3w94zXI_000030,0.9923469387755102,0.8481632653061224,0.18853554010151452,0.02962998043587675,6.362999142356192
vggss,C0,12345,best,236,1GDAnA4hAqQ_000105,0.9864285714285714,0.7397959183673469,0.16877697547025652,0.024862423288298907,6.78843624827547
vggss,C0,12345,best,237,1HUCwslugK8_000283,0.9714285714285714,0.6755102040816326,0.1283864581249258,0.05571745269931723,2.304241344588588
vggss,C0,12345,best,238,1Isq_KJHriU_000016,0.9891836734693877,0.8269387755102041,0.14262240089591097,0.020818551649359477,6.850735982889521
vggss,C0,12345,best,239,1JY4rwQZn3s_000011,0.9939795918367347,-0.04326530612244898,0.1497224143422449,0.01759643584989052,8.50867844030906
vggss,C0,12345,best,240,1JsIcP2nXMw_000108,0.9912244897959184,0.36948979591836734,0.1877087859740197,0.017324536475361012,10.834851843856224
vggss,C0,12345,best,241,1MTKUN3uFrs_000440,0.9928571428571429,-0.17479591836734693,0.1106305283238446,0.010869367054955675,10.178194163882319
vggss,C0,12345,best,242,1MaEJRh2oGY_000034,0.9968367346938776,-0.7227551020408163,0.14064966245930138,0.018230638953234,7.7150155197578
vggss,C0,12345,best,243,1MaEJRh2oGY_000089,0.9897959183673469,-0.2839795918367347,0.15995346456615123,0.015590493097763359,10.259679637015358
vggss,C0,12345,best,244,1OFDyTzUj24_000030,0.9754081632653061,-0.7029591836734694,0.09957888173670226,0.01956981408263221,5.0883918118096165
vggss,C0,12345,best,245,1P9yEzO1Bic_000025,0.9767346938775511,0.8420408163265306,0.13514754643896915,0.04543293370127168,2.9746603494193096
vggss,C0,12345,best,246,1PN-bfs2EhY_000030,0.9506122448979591,0.578265306122449,0.13819586966495034,0.03904714055688436,3.539205885348375
vggss,C0,12345,best,247,1Qvce8w_Vds_000011,0.9709183673469388,-0.6581632653061225,0.11626021160167793,0.026436962043044156,4.3976388592753315
vggss,C0,12345,best,248,1RhYdQnZ_hw_000030,0.9841836734693877,0.54,0.13003921051478645,0.028588563024252264,4.54864451929506
vggss,C0,12345,best,249,1SJFTbu1abo_000042,0.9711224489795919,0.91,0.08649813842847541,0.039476192218605766,2.191146956359875
vggss,C0,12345,best,250,1TAOyk0Xgss_000370,0.9924489795918368,-0.15836734693877552,0.11596887960676329,0.013237728452969635,8.760481831816685
vggss,C0,12345,best,251,1TJrceFMGrU_000114,0.9973469387755102,0.929795918367347,0.18614840389235246,0.03848543859561445,4.836852863970341
vggss,C0,12345,best,252,1Tg9VvRZN5k_000030,0.9177551020408163,0.6109183673469388,0.07042691622825191,0.03016530638166328,2.334699185122901
vggss,C0,12345,best,253,1Thl21awe2g_000020,0.9807142857142858,0.7672448979591837,0.08222515344843678,0.019617262945332146,4.19146920126296
vggss,C0,12345,best,254,1U8Y6VifI-M_000050,0.9901020408163266,-0.35642857142857143,0.1369544303264012,0.01590215918576661,8.612316649992012
vggss,C0,12345,best,255,1UXkMZNI5o4_000373,0.9926530612244898,0.6138775510204082,0.1833753251568782,0.020281225769667077,9.041629299898494
vggss,C0,12345,best,256,1V-_jMSJR6A_000024,0.9795918367346939,0.08091836734693877,0.1530309282480139,0.029128013606540566,5.25373718630959
vggss,C0,12345,best,257,1VHm2PacRWc_000020,0.9827551020408163,0.4635714285714286,0.09461484337976415,0.010859800379194299,8.712392500421242
vggss,C0,12345,best,258,1WLMVX_Y2Pk_000018,0.9821428571428571,0.11693877551020408,0.13546731641278745,0.017918653583868786,7.560128096607744
vggss,C0,12345,best,259,1_0T2ZIjWnw_000031,0.9945918367346939,0.9401020408163265,0.2287042853091001,0.05449068537369315,4.197126238010456
vggss,C0,12345,best,260,1_JeO9Pg1aQ_000020,0.9861224489795918,0.7978571428571428,0.10970619596356967,0.02094252482086895,5.238441730495117
vggss,C0,12345,best,261,1_Q80fDGLRM_000010,0.993265306122449,0.11581632653061225,0.14344793577638393,0.014623842680246451,9.809182094809463
vggss,C0,12345,best,262,1_v-Kro86Io_000010,0.9601020408163266,0.5897959183673469,0.12508784945131446,0.04132832156171204,3.026685931692907
vggss,C0,12345,best,263,1_xoCNmTn3Y_000012,0.9976530612244898,0.781734693877551,0.15699594051698249,0.0125628892057074,12.496802124598714
vggss,C0,12345,best,264,1_yyvTRVoZQ_000002,0.9788775510204082,-0.16377551020408163,0.12635599958913604,0.019383051926542032,6.518890836592736
vggss,C0,12345,best,265,1_yyvTRVoZQ_000209,0.9857142857142858,0.7211224489795919,0.1396591227715076,0.025410580666330496,5.496101195222138
vggss,C0,12345,best,266,1aDnyPubxdY_000118,0.9976530612244898,0.9058163265306123,0.1928554803400965,0.019933505000407498,9.674940776153214
vggss,C0,12345,best,267,1cqcTbDxsHM_000130,0.9742857142857143,0.7993877551020409,0.07284580883732296,0.023611203664230234,3.0852221628870464
vggss,C0,12345,best,268,1cwGW0cBdRs_000030,0.9348979591836735,0.3760204081632653,0.12299567089532719,0.035674528054283595,3.4477168333712145
vggss,C0,12345,best,269,1cxvg7qu0G0_000070,0.9795918367346939,0.8765306122448979,0.11308851024550184,0.03834594604941377,2.949164693961977
vggss,C0,12345,best,270,1dyFP4MGkIM_000030,0.9942857142857143,0.8909183673469387,0.16562477929467648,0.026854275098369334,6.167538639117229
vggss,C0,12345,best,271,1eBzpkIY-TY_000198,0.993061224489796,-0.6231632653061224,0.12111075176502473,0.009686006550291986,12.503682620509256
vggss,C0,12345,best,272,1f-L1M-S6RQ_000030,0.9883673469387755,0.7028571428571428,0.14318886551084184,0.033359169304444956,4.292339062884356
vggss,C0,12345,best,273,1g3n6Zaqid8_000064,0.9921428571428571,0.8773469387755102,0.14405031405847196,0.030244072255569826,4.762927189209558
vggss,C0,12345,best,274,1gSwLBNvEWE_000034,0.9868367346938776,0.6841836734693878,0.13550725083481907,0.02594179183257829,5.223511610506642
vggss,C0,12345,best,275,1gWu-9hPzFs_000022,0.993265306122449,0.8225510204081633,0.13048542478028666,0.023102934397085505,5.648002220737281
vggss,C0,12345,best,276,1hba9jmspEQ_000030,0.9836734693877551,-0.08602040816326531,0.09939117636283999,0.016629779368301574,5.976698437280048
vggss,C0,12345,best,277,1hknEtsmdOc_000030,0.9875510204081632,-0.39785714285714285,0.10083837442545582,0.01486953885313654,6.78154012854173
vggss,C0,12345,best,278,1hoUEfsTmdE_000030,0.9824489795918367,-0.26326530612244897,0.10341867462545973,0.018762850075476647,5.511885145883547
vggss,C0,12345,best,279,1hwkxJOl1PY_000020,0.9696938775510204,0.235,0.12513498254796968,0.02965279759688567,4.220005958598394
vggss,C0,12345,best,280,1kTMiyc5eXg_000163,0.9955102040816326,0.8037755102040817,0.14625300379505735,0.02447125654591677,5.976522027818014
vggss,C0,12345,best,281,1kiR-BU9Fik_000071,0.9926530612244898,-0.4116326530612245,0.14960505860227297,0.012374448611146569,12.089836347739388
vggss,C0,12345,best,282,1mkIuq3rjUg_000019,0.9922448979591837,-0.07857142857142857,0.18425493649574387,0.013307335209342462,13.8461182195506
vggss,C0,12345,best,283,1n6JyJt4kJ4_000018,0.9947959183673469,0.7244897959183674,0.10259997652084162,0.0154139968298861,6.656286338525201
vggss,C0,12345,best,284,1nUqhH8bAPk_000030,0.9914285714285714,0.8310204081632653,0.1805464862895962,0.025556473691221625,7.064608696449854
vggss,C0,12345,best,285,1oJAVJPX0YY_000020,0.9947959183673469,0.35653061224489796,0.1330918543803886,0.010167565531483399,13.089844758637236
vggss,C0,12345,best,286,1obzCbmFpa8_000410,0.9952040816326531,-0.32551020408163267,0.1567916328035997,0.01369200168561284,11.451330229410637
vggss,C0,12345,best,287,1p3NSKpuJDs_000144,0.9675510204081633,0.1469387755102041,0.12557723180867736,0.02974820190260776,4.221338560891948
vggss,C0,12345,best,288,1p5jl5JeZx8_000117,0.9764285714285714,0.11816326530612245,0.0962957584687176,0.017820417322963265,5.403675835617585
vggss,C0,12345,best,289,1q8kkQhS97g_000140,0.9654081632653061,0.6017346938775511,0.14203183932774321,0.03775988116731486,3.7614482603479877
vggss,C0,12345,best,290,1rtXsGC-q3Q_000030,0.9724489795918367,0.638061224489796,0.12282355159652306,0.027318980520695535,4.495905383565756
vggss,C0,12345,best,291,1sukRxLM77w_000021,0.9897959183673469,0.7972448979591836,0.14580146237847222,0.024088687005521536,6.052694459646225
vggss,C0,12345,best,292,1tC7bTilFWk_000030,0.9927551020408163,0.7955102040816326,0.1672589430303361,0.02398543157002888,6.973355578030764
vggss,C0,12345,best,293,1uCzQCdCC1U_000170,0.9893877551020408,0.9490816326530612,0.11405361738651063,0.03420420905715671,3.3344907112432307
vggss,C0,12345,best,294,1uhuVsFGe6E_000050,0.9928571428571429,-0.5473469387755102,0.1547140218108434,0.020563959272696188,7.52355223812688
vggss,C0,12345,best,295,1veIcvGPRYw_000003,0.9933673469387755,0.3342857142857143,0.14190296170202343,0.015800206070520413,8.981082972505153
vggss,C0,12345,best,296,1vrJPFfLMvA_000233,0.9843877551020408,-0.14877551020408164,0.17415922116022392,0.030608618728136566,5.6898752180584475
vggss,C0,12345,best,297,1vrR6Im_RDo_000030,0.9937755102040816,0.1136734693877551,0.14256457824682764,0.018359556878675264,7.765142655072316
vggss,C0,12345,best,298,1vy-ZxTMQf4_000377,0.9912244897959184,0.8737755102040816,0.13699444847202144,0.025174763871720875,5.441737176566291
vggss,C0,12345,best,299,1woaZGPrY9g_000002,0.9952040816326531,0.7464285714285714,0.13911526172003577,0.019185321016050888,7.25113025753641
vggss,C0,12345,best,300,1xS-iGBR2b8_000014,0.9918367346938776,-0.11826530612244898,0.20094563719466593,0.018968636684625787,10.593572987643006
vggss,C0,12345,best,301,1xYpHbg0fEE_000030,0.9880612244897959,-0.10071428571428571,0.15366236376110567,0.0194271171115266,7.90968432830077
vggss,C0,12345,best,302,1xyVkQJ8A54_000000,0.9974489795918368,0.8291836734693877,0.13451708297709664,0.014693200714924122,9.15505651811218
vggss,C0,12345,best,303,1yKGjTOk7NY_000030,0.9881632653061224,0.10326530612244898,0.13213970206501144,0.01517564834884481,8.707351345227375
vggss,C0,12345,best,304,1yWGmdevTuM_000030,0.9965306122448979,0.9129591836734694,0.15023192848232247,0.03115546842507,4.822008336791198
vggss,C0,12345,best,305,1z19uJK6SB0_000076,0.9863265306122448,0.9033673469387755,0.1501680585122962,0.04436428606776488,3.3848861735973794
vggss,C0,12345,best,306,1zQtgRqPHZU_000024,0.976938775510204,0.34469387755102043,0.07450805641495668,0.01578336348566531,4.720670374386677
vggss,C0,12345,best,307,20Nlj7Cz4E0_000030,0.9801020408163266,-0.05030612244897959,0.14930202913019722,0.027596229183209184,5.410232975635651
vggss,C0,12345,best,308,20qZLse0acs_000030,0.9828571428571429,0.16448979591836735,0.1910095013270329,0.025559495038746306,7.473132823534917
vggss,C0,12345,best,309,21I0YiLHzvg_000038,0.9807142857142858,0.07520408163265306,0.08063300562242086,0.014080547832112477,5.726553155732127
vggss,C0,12345,best,310,24tWz7gmngI_000030,0.9863265306122448,0.8172448979591836,0.16092605108362426,0.02949786190933034,5.455515778678266
vggss,C0,12345,best,311,253aGgk7NSE_000010,0.9913265306122448,0.8658163265306122,0.13049451348999278,0.031477903374687755,4.145591017822585
vggss,C0,12345,best,312,25PvbXDbZO8_000035,0.9955102040816326,0.9476530612244898,0.15504886293288714,0.03908618732162641,3.9668454141368383
vggss,C0,12345,best,313,25QsgUI0x8U_000020,0.9896938775510205,0.9037755102040816,0.15697284594461772,0.032404053552842274,4.8442348636610335
vggss,C0,12345,best,314,26dqZUTv5os_000175,0.985,-0.3768367346938776,0.1405805557146246,0.02177895053116272,6.454881997802095
vggss,C0,12345,best,315,28StN9ykZ68_000094,0.9908163265306122,0.40285714285714286,0.1288381160288559,0.02040388758403562,6.314390603174133
vggss,C0,12345,best,316,28ehZa0fzmo_000028,0.9839795918367347,0.6469387755102041,0.1414457181947177,0.027269853431666245,5.186889564667348
vggss,C0,12345,best,317,28p0DrP3KgI_000021,0.9872448979591837,-0.46448979591836737,0.10527809520241699,0.020492484087061294,5.137400363721073
vggss,C0,12345,best,318,29MZ0dwOBOM_000112,0.9960204081632653,0.4460204081632653,0.1376301813891748,0.010336881952981148,13.314477423192626
vggss,C0,12345,best,319,29ZWMYIEq3g_000141,0.9754081632653061,-0.4042857142857143,0.11839842134686297,0.02083156580675405,5.683606429070042
vggss,C0,12345,best,320,29dwfsI1XlQ_000006,0.9903061224489796,0.4738775510204082,0.14630369660335568,0.022560898615866617,6.484834628903624
vggss,C0,12345,best,321,2ACsPTob5cY_000118,0.993061224489796,0.7494897959183674,0.12240916407484746,0.019267508110417,6.353139356337771
vggss,C0,12345,best,322,2ACsPTob5cY_000349,0.9891836734693877,0.6959183673469388,0.12123787273699309,0.019093772893885017,6.349602742778029
vggss,C0,12345,best,323,2ASyuuVhr6M_000052,0.993061224489796,0.7662244897959184,0.1664773391459247,0.021287069099076558,7.820585275083574
vggss,C0,12345,best,324,2B-xGbzOjYY_000030,0.9972448979591837,-0.4983673469387755,0.18206383049643543,0.017109522926462437,10.641081652536698
vggss,C0,12345,best,325,2BR2Ivk_EFA_000021,0.9943877551020408,0.5759183673469388,0.18906001030583233,0.02034283523705374,9.293690289614416
vggss,C0,12345,best,326,2Bljhdt61Y4_000038,0.9877551020408163,0.8626530612244898,0.14963653474811284,0.03869230262134775,3.8673463353290765
vggss,C0,12345,best,327,2C4aXzGI2eI_000415,0.9955102040816326,0.9379591836734694,0.15925997057956473,0.043080226533249034,3.696822960219323
vggss,C0,12345,best,328,2EYGJpU7juM_000130,0.9910204081632653,0.9008163265306123,0.17859661643249639,0.04138995308600737,4.31497508734491
vggss,C0,12345,best,329,2HZcxlRs-hg_000030,0.9840816326530613,0.73,0.12983005422369753,0.03507849472227185,3.7011295738772545
vggss,C0,12345,best,330,2IEoe3YvCJo_000020,0.9928571428571429,-0.48887755102040814,0.17391184485971978,0.016742672684815035,10.387340667386468
vggss,C0,12345,best,331,2INpPpv4NRg_000560,0.9656122448979592,0.6533673469387755,0.07881090641059278,0.024266415944007233,3.24773574278305
vggss,C0,12345,best,332,2ISY5z0QQfc_000101,0.9884693877551021,0.6827551020408164,0.16213987440418548,0.04133798094482655,3.9222978650213274
vggss,C0,12345,best,333,2Jpg_KvJWL0_000030,0.9881632653061224,0.811734693877551,0.14698368353524885,0.03269652811624636,4.495391162409537
vggss,C0,12345,best,334,2JpvRGz5Dq0_000001,0.996734693877551,0.9157142857142857,0.18548590387867783,0.02892872624662084,6.411824091299022
vggss,C0,12345,best,335,2K5Px-N6BEI_000447,0.9861224489795918,0.28785714285714287,0.13022797613917886,0.012322153512308366,10.568605236827848
vggss,C0,12345,best,336,2KEg1a42Wx0_000288,0.9883673469387755,0.19979591836734695,0.10112155208314647,0.013704258060430017,7.378841790430604
vggss,C0,12345,best,337,2LRhkMH48_Q_000030,0.9738775510204082,-0.5306122448979592,0.13357802309773747,0.030496782864833497,4.380069323698048
vggss,C0,12345,best,338,2M0i--pR-To_000037,0.9479591836734694,0.5569387755102041,0.12268052164034984,0.029951408630121353,4.09598503881294
vggss,C0,12345,best,339,2MKPKDQcgVc_000036,0.9965306122448979,0.679795918367347,0.14546460694146818,0.014182665822350116,10.256506693701692
vggss,C0,12345,best,340,2NESqWU89V0_000338,0.9645918367346938,0.8293877551020408,0.15245476026330804,0.04403649763572587,3.4620092070997206
vggss,C0,12345,best,341,2Oe5kao1ycY_000310,0.9883673469387755,0.7527551020408163,0.1310363555273397,0.024174570227281648,5.420421306165007
vggss,C0,12345,best,342,2PHV2xNjGVU_000126,0.98,-0.31520408163265307,0.11193063729632571,0.0229308998273415,4.881214350030259
vggss,C0,12345,best,343,2Pl5B1Tpn1U_000024,0.9407142857142857,-0.10795918367346939,0.058093126642871994,0.018792545424070647,3.091285684400302
vggss,C0,12345,best,344,2QuZzkvq_YQ_000000,0.9931632653061224,-0.017040816326530612,0.10862644813508661,0.01485572401069482,7.312093847252754
vggss,C0,12345,best,345,2REf8hLLYMw_000030,0.9945918367346939,0.708469387755102,0.15852450322173842,0.01653237333971901,9.588732359490301
vggss,C0,12345,best,346,2RHarmH7DEk_000024,0.9866326530612245,0.7951020408163265,0.09653787038758398,0.028715812926258837,3.361836582355851
vggss,C0,12345,best,347,2SchRwpsT7s_000048,0.9463265306122449,-0.5772448979591837,0.08314686971107324,0.02613849593743042,3.181012018063619
vggss,C0,12345,best,348,2Ssh4YWMroo_000030,0.9973469387755102,0.8905102040816326,0.17236726353562049,0.02031518122439941,8.484653010557443
vggss,C0,12345,best,349,2T8OhRXZDTs_000030,0.9865306122448979,0.774795918367347,0.15190652116393724,0.04419293381037067,3.437348645277984
vggss,C0,12345,best,350,2TprtMP1RDo_000030,0.9892857142857143,-0.49448979591836734,0.10837703255497144,0.013216247961560746,8.20028746964981
vggss,C0,12345,best,351,2U5f3uTl7qg_000167,0.9761224489795919,0.14173469387755103,0.13160092314361446,0.020233632844773662,6.504067962150796
vggss,C0,12345,best,352,2UvzCdos0nc_000036,0.9829591836734693,0.815,0.13201777628020453,0.023771535082261524,5.553607532006508
vggss,C0,12345,best,353,2VFVe0RCn7g_000010,0.9793877551020408,0.7740816326530612,0.1967116502149777,0.045749242372146864,4.29977940650532
vggss,C0,12345,best,354,2Vg5WTQZqwI_000022,0.9768367346938776,0.6742857142857143,0.10418388224228216,0.02903084836177543,3.5887301998194383
vggss,C0,12345,best,355,2VptepDtAZ4_000058,0.9923469387755102,0.913469387755102,0.1416855171887444,0.03235317277572201,4.379339181691199
vggss,C0,12345,best,356,2VptepDtAZ4_000071,0.9824489795918367,0.6659183673469388,0.10998603300397211,0.019114472766318977,5.754070977975134
vggss,C0,12345,best,357,2Vu6HtlYio4_000219,0.9927551020408163,0.004591836734693878,0.16342188346929803,0.013246398759514154,12.33708017070837
vggss,C0,12345,best,358,2W4dw8XuetE_000050,0.9795918367346939,0.14591836734693878,0.11866316236132254,0.015814824739355117,7.503286588186452
vggss,C0,12345,best,359,2Wk4Y3_dMuc_000440,0.9785714285714285,0.7043877551020408,0.06081046601260128,0.016794277174312956,3.6209040366209746
vggss,C0,12345,best,360,2YJpjSldLtg_000495,0.9907142857142858,0.789795918367347,0.09884352909679822,0.018235719578282614,5.42032513016451
vggss,C0,12345,best,361,2YW7WBtqzzQ_000000,0.9959183673469387,0.6448979591836734,0.13217918906869788,0.012632089648909906,10.46376274570727
vggss,C0,12345,best,362,2YXcqoFlYFY_000160,0.9861224489795918,0.6798979591836735,0.11984372288217103,0.026501719311084717,4.522111244006902
vggss,C0,12345,best,363,2ZNKLUHeJtg_000030,0.9881632653061224,0.786734693877551,0.11915306356124097,0.038062445754255755,3.130462617419126
vggss,C0,12345,best,364,2ZZEtUCIkUw_000030,0.9933673469387755,-0.23061224489795917,0.11786941277231447,0.010247881259357524,11.501832407033971
vggss,C0,12345,best,365,2ZogsGp-T4o_000040,0.9816326530612245,0.45193877551020406,0.19532798311349156,0.030429542928647427,6.4190245503031536
vggss,C0,12345,best,366,2_RltCGlGOA_000010,0.9273469387755102,0.901734693877551,0.1041136621680969,0.06244157956301558,1.6673771371050303
vggss,C0,12345,best,367,2bCuw7U_Rac_000390,0.9947959183673469,0.8916326530612245,0.20137138950256828,0.04774251449650772,4.21786308547486
vggss,C0,12345,best,368,2bYyywE97aA_000030,0.9958163265306123,0.7768367346938776,0.13093190861221568,0.013336825530430328,9.817321844202832
vggss,C0,12345,best,369,2cEM6Hu90v0_000038,0.9875510204081632,0.8388775510204082,0.17526718467009178,0.046732555647238404,3.7504301282621797
vggss,C0,12345,best,370,2drXOn18U3Q_000136,0.9803061224489796,-0.41030612244897957,0.0900915538852899,0.015577321453841468,5.783507399025443
vggss,C0,12345,best,371,2eDP3jKoUd4_000030,0.9974489795918368,-0.0823469387755102,0.18239837783296348,0.011843614962478587,15.400566331378931
vggss,C0,12345,best,372,2eYaXTKSpMI_000004,0.9886734693877551,0.7422448979591837,0.12776070737611397,0.022334392049511813,5.720357513779139
vggss,C0,12345,best,373,2es7oZzwLWM_000030,0.9805102040816327,0.9082653061224489,0.1801490677304519,0.054265519317938334,3.319770454512185
vggss,C0,12345,best,374,2f7NnTVQzR0_000150,0.9959183673469387,-0.005816326530612245,0.16435681738257377,0.008839331606585205,18.593806036208637
vggss,C0,12345,best,375,2ffgd7k0vI8_000040,0.9895918367346939,0.7045918367346938,0.14907926871952595,0.03297195418318595,4.521396211194207
vggss,C0,12345,best,376,2g5hx_rynAI_000035,0.9757142857142858,0.6270408163265306,0.08955560049340804,0.0255239397094328,3.508690332014507
vggss,C0,12345,best,377,2j4dsRMuj4Y_000079,0.9010204081632653,0.20795918367346938,0.05527889607341263,0.023494382732034583,2.352855859372712
vggss,C0,12345,best,378,2kHcvpsu_QY_000030,0.988265306122449,0.9109183673469388,0.19914310875911181,0.0654360342330271,3.043324845297541
vggss,C0,12345,best,379,2kQCMxf0onU_000036,0.9944897959183674,0.4797959183673469,0.1292987439802262,0.012511353957635654,10.334512509041073
vggss,C0,12345,best,380,2kdJKmgMcxU_000000,0.9886734693877551,0.7145918367346938,0.1800410724112144,0.027478814135352463,6.551995712929446
vggss,C0,12345,best,381,2ke9wf3Ajkg_000080,0.97,-0.3636734693877551,0.08508410855570069,0.01632388547677084,5.212246108732923
vggss,C0,12345,best,382,2mQ1JOOs6LE_000054,0.9831632653061224,0.9077551020408163,0.10953877728236695,0.037124841140021826,2.950552080996798
vggss,C0,12345,best,383,2mw1UMcc_Ys_000030,0.9940816326530613,-0.20244897959183675,0.14537454179174986,0.01603915339310389,9.063729127639263
vggss,C0,12345,best,384,2o4-lEtFb2k_000060,0.986734693877551,-0.6348979591836734,0.09188923752735365,0.019255593202891188,4.772080327993046
vggss,C0,12345,best,385,2p37j052q3o_000004,0.9768367346938776,-0.06622448979591837,0.12589533671249137,0.02692926576664124,4.675037849284581
vggss,C0,12345,best,386,2qAlWm3NES8_000034,0.9863265306122448,0.21887755102040815,0.07238163288668936,0.011415943331466678,6.340398755061973
vggss,C0,12345,best,387,2qHRJAQDCDo_000095,0.9835714285714285,0.6017346938775511,0.12093044330891267,0.02076538958337257,5.823653961481419
vggss,C0,12345,best,388,2rW2I6KmWhw_000030,0.9931632653061224,-0.14479591836734693,0.13985660923646975,0.012688628302709237,11.022200816348919
vggss,C0,12345,best,389,2rciuzaEEWo_000025,0.9931632653061224,0.7241836734693877,0.09207273305092416,0.017908230543523612,5.141364068725462
vggss,C0,12345,best,390,2ro_sQ7_vUM_000024,0.9821428571428571,0.07030612244897959,0.09799971132080018,0.021005199970887588,4.665497660418566
vggss,C0,12345,best,391,2sKmbnOi5S0_000006,0.9693877551020408,0.6037755102040816,0.06856994093956723,0.01512362082385114,4.533963244531167
vggss,C0,12345,best,392,2uHcWdkV4W4_000120,0.9314285714285714,0.5859183673469388,0.10408974304509867,0.04017719832299522,2.5907665887574702
vggss,C0,12345,best,393,2uRe-e8RVEM_000190,0.9938775510204082,0.45887755102040817,0.15797474155016344,0.01489826195022101,10.603568528865875
vggss,C0,12345,best,394,2vYkvwD-fkc_000010,0.9868367346938776,0.3743877551020408,0.11351935006835291,0.017405409959259526,6.522072754049761
vggss,C0,12345,best,395,2vcA_vgImHQ_000020,0.9878571428571429,0.6944897959183673,0.1798722832112571,0.02822028383950552,6.3738651331158565
vggss,C0,12345,best,396,2vycuIKwnnA_000000,0.9868367346938776,0.28846938775510206,0.1084155561229316,0.015164737405235286,7.149187831337163
vggss,C0,12345,best,397,2wGvpfAkly0_000030,0.9920408163265306,-0.3973469387755102,0.13081821302274516,0.017353386879094723,7.538483060061274
vggss,C0,12345,best,398,2wsp3s4hIKs_000008,0.9866326530612245,-0.5388775510204081,0.07858773741260658,0.014501523635716265,5.419274511200349
vggss,C0,12345,best,399,2xBIHi3oqy4_000030,0.9785714285714285,-0.16489795918367348,0.1070602018270358,0.017003852285111816,6.296232173269069
vggss,C0,12345,best,400,2xQuWif8axE_000030,0.9918367346938776,-0.7490816326530613,0.14486654891939818,0.023710425836632857,6.109824847412813
vggss,C0,12345,best,401,2zec0wuZgLE_000500,0.9835714285714285,0.23285714285714285,0.11298880266928135,0.016575918819157664,6.816442810922447
vggss,C0,12345,best,402,3-PFuDkTM48_000080,0.9907142857142858,0.7508163265306123,0.17060863569764143,0.032289552192931247,5.283710182112426
vggss,C0,12345,best,403,3-qCp_EP-5Q_000234,0.9948979591836735,0.926734693877551,0.1742230236257054,0.03369401283122647,5.170741297523381
vggss,C0,12345,best,404,30jlal45IKo_000097,0.9934693877551021,0.8620408163265306,0.08902250001147036,0.01882471791563559,4.729021726138553
vggss,C0,12345,best,405,31GOxPXDNkk_000068,0.9897959183673469,0.8613265306122448,0.15871083159386254,0.03506109750883892,4.52669319760602
vggss,C0,12345,best,406,31O2j4aAgYU_000030,0.9887755102040816,0.9135714285714286,0.1456322759811057,0.05470627745378948,2.662076141154397
vggss,C0,12345,best,407,31uVf6wvCTA_000208,0.896734693877551,-0.2892857142857143,0.07953116884904081,0.035890920234853935,2.2159133376526667
vggss,C0,12345,best,408,36ToDxW_hns_000090,0.9934693877551021,0.821734693877551,0.21724259510940222,0.05379283832754813,4.038504043727862
vggss,C0,12345,best,409,387WVkfK-5w_000057,0.9972448979591837,0.4387755102040816,0.1897375298122417,0.009133264178013053,20.774339394343375
vggss,C0,12345,best,410,38F6eeIR-s0_000030,0.9877551020408163,-0.09795918367346938,0.0704036504424529,0.00995566733609657,7.071715844420416
vggss,C0,12345,best,411,39jhSrtRm70_000079,0.9860204081632653,0.9033673469387755,0.12184601957439846,0.041182508494552864,2.9586837720318764
vggss,C0,12345,best,412,39rXWSXGOyo_000080,0.9801020408163266,0.8019387755102041,0.1512384424760383,0.03304542298455458,4.57668351065523
vggss,C0,12345,best,413,3AcKnYk_cLY_000030,0.9670408163265306,0.8367346938775511,0.10465643469808206,0.04748809420819799,2.2038457521425436
vggss,C0,12345,best,414,3AwevAQzwcs_000030,0.9916326530612245,0.7988775510204081,0.14802443938867998,0.022782361401661764,6.497326452642568
vggss,C0,12345,best,415,3AzacBprTzU_000060,0.9944897959183674,0.6729591836734694,0.11556518116867859,0.014662997712278608,7.881415753881335
vggss,C0,12345,best,416,3ClbaJYWVO4_000030,0.9609183673469388,0.7918367346938775,0.17763861326467384,0.07822733968423146,2.270799620461605
vggss,C0,12345,best,417,3DK5YAQAVlI_000080,0.9890816326530613,0.483265306122449,0.0860170331758066,0.018071977791547025,4.759691173150962
vggss,C0,12345,best,418,3DTZsjKMOyA_000289,0.9809183673469388,0.7646938775510204,0.12248063271287822,0.04956326261734604,2.471197944705374
vggss,C0,12345,best,419,3F9Qszr4j1Q_000030,0.9920408163265306,0.8905102040816326,0.16799843153399852,0.04042889006617439,4.155405485013739
vggss,C0,12345,best,420,3FE8b0QVvsM_000030,0.9868367346938776,-0.15316326530612245,0.1562820889033616,0.02532440863642051,6.171203882668486
vggss,C0,12345,best,421,3FNTvu5iROw_000076,0.9960204081632653,0.7379591836734694,0.1640482930165346,0.017942068746585153,9.143220624865641
vggss,C0,12345,best,422,3GtKbvwaycY_000025,0.9947959183673469,0.8773469387755102,0.18928322234891445,0.05224095956135075,3.6232723123438033
vggss,C0,12345,best,423,3GtKbvwaycY_000037,0.99,0.8329591836734694,0.18327829503899282,0.05345416826723379,3.428699781142013
vggss,C0,12345,best,424,3GtvLj8K1F4_000140,0.9821428571428571,0.3298979591836735,0.14262363440176984,0.025550882941481844,5.581945435248363
vggss,C0,12345,best,425,3H3261x-QgI_000030,0.9875510204081632,0.8808163265306123,0.16417803974348016,0.029597226596533785,5.547075135840854
vggss,C0,12345,best,426,3HgbEKrbA9s_000054,0.9890816326530613,0.8484693877551021,0.17751646566506382,0.06172288035424868,2.8760236827289365
vggss,C0,12345,best,427,3IwOig7sw6c_000030,0.9923469387755102,0.8058163265306122,0.13735211326112443,0.028436529939682025,4.830129187790073
vggss,C0,12345,best,428,3JYjNHFJfO4_000363,0.9926530612244898,-0.38224489795918365,0.18372628314992928,0.014048574237575958,13.077930901949715
vggss,C0,12345,best,429,3KQxT20mY-k_000030,0.9607142857142857,0.24724489795918367,0.06640327399681603,0.018114716585643863,3.6657086895547373
vggss,C0,12345,best,430,3KbSLoAAzy0_000069,0.9896938775510205,0.5140816326530612,0.1354946241961224,0.040590710408659504,3.338069790648857
vggss,C0,12345,best,431,3LLKsRSkAbE_000110,0.9952040816326531,0.8126530612244898,0.12040396757993044,0.019803375442832928,6.07997196879414
vggss,C0,12345,best,432,3LNnX2Vq0XM_000000,0.9937755102040816,0.6788775510204081,0.14998074460012015,0.014483962847995132,10.354952313405061
vggss,C0,12345,best,433,3LiCT1BSrgQ_000150,0.9887755102040816,0.3212244897959184,0.14876640361584131,0.019825451682096172,7.50380904310938
vggss,C0,12345,best,434,3LtXT2KVI-c_000030,0.9928571428571429,0.7619387755102041,0.19255234904031684,0.029305076668224555,6.570614068691417
vggss,C0,12345,best,435,3LxtO_vMokk_000010,0.9894897959183674,0.8585714285714285,0.1494355209688973,0.0318023613904417,4.698881291683285
vggss,C0,12345,best,436,3MUeg3nD2OU_000120,0.9952040816326531,0.971530612244898,0.2002105626306388,0.0656269797977876,3.0507355853878293
vggss,C0,12345,best,437,3NGZcpAZcl0_000030,0.9928571428571429,0.7213265306122449,0.13433384466919784,0.02019398660313693,6.6521706342189235
vggss,C0,12345,best,438,3NvKtRbbOYU_000310,0.9884693877551021,0.9454081632653061,0.1406278656267421,0.05750004850054634,2.4456999479818857
vggss,C0,12345,best,439,3O7CzEL0pXA_000421,0.9811224489795919,-0.11928571428571429,0.10906609153370654,0.015725307530651933,6.935704838911022
vggss,C0,12345,best,440,3O7CzEL0pXA_000496,0.9845918367346939,0.5304081632653062,0.14042115931706142,0.026434988892709635,5.3119431934313175
vggss,C0,12345,best,441,3OlQmVVOzbQ_000250,0.9909183673469387,0.8961224489795918,0.13874968000989857,0.03281740420140201,4.2279297642916855
vggss,C0,12345,best,442,3PD-JrOG1WA_000000,0.9895918367346939,-0.2783673469387755,0.12446732390973556,0.015560917017416097,7.998713942785582
vggss,C0,12345,best,443,3Pfu7BPWvL8_000036,0.9959183673469387,-0.13224489795918368,0.15263644333348889,0.011857298023415863,12.872784594944102
vggss,C0,12345,best,444,3QEd9nR_p7w_000018,0.863265306122449,0.24755102040816326,0.07293537534332593,0.03437513031645639,2.1217483300247917
vggss,C0,12345,best,445,3RSmQOcI9JI_000105,0.9848979591836735,0.24255102040816326,0.10967174105458653,0.020332825770997803,5.393826824160337
vggss,C0,12345,best,446,3RfBwL7tXuk_000188,0.9731632653061224,0.2947959183673469,0.12181274502967318,0.025625631062719943,4.753551033788426
vggss,C0,12345,best,447,3RfrTU1p5SA_000500,0.988265306122449,0.3692857142857143,0.09318781779805674,0.014551559489636122,6.403974629965039
vggss,C0,12345,best,448,3S-yoXKDvE4_000025,0.9938775510204082,0.9655102040816327,0.16994250057898652,0.0364959747742964,4.656472436480163
vggss,C0,12345,best,449,3S3cX2QxOoA_000000,0.9927551020408163,-0.36520408163265305,0.1233652095964977,0.01702477813351777,7.2462154060980515
vggss,C0,12345,best,450,3SyOlb_hSjg_000030,0.9935714285714285,0.6935714285714286,0.15771714416685462,0.02578523728294775,6.11656749310412
vggss,C0,12345,best,451,3T3hm1hHCto_000228,0.9698979591836735,0.7037755102040816,0.0866635880291952,0.02025845788041739,4.277896597103158
vggss,C0,12345,best,452,3T7FYQRx0YM_000033,0.9951020408163266,0.8802040816326531,0.1322751076376182,0.018184086870621164,7.274223257881946
vggss,C0,12345,best,453,3T8XhCkaA8M_000030,0.9870408163265306,0.4039795918367347,0.19683149068981098,0.028485689890066102,6.90983758685278
vggss,C0,12345,best,454,3UCK4XCrvoc_000030,0.9963265306122449,0.6670408163265306,0.13234858396197544,0.013200133253825632,10.026306660473937
vggss,C0,12345,best,455,3VfSV1vJydw_000191,0.9877551020408163,0.20153061224489796,0.22748619379355153,0.024574599004134227,9.256964630644884
vggss,C0,12345,best,456,3Vpt-gR-8Lk_000030,0.9910204081632653,0.7039795918367346,0.08843362746164933,0.016806612988392863,5.261835178969384
vggss,C0,12345,best,457,3X9dtfeV1mQ_000040,0.9822448979591837,0.7598979591836734,0.14838681072527335,0.05445776406785649,2.7248054205893877
vggss,C0,12345,best,458,3XhpZyBrIVk_000018,0.9756122448979592,-0.5296938775510204,0.05172288464026752,0.014413884097439014,3.588407142073342
vggss,C0,12345,best,459,3YI7HlxdMxQ_000208,0.9922448979591837,0.051224489795918364,0.1529027082255141,0.013275508019425956,11.51765401382551
vggss,C0,12345,best,460,3c6dQju-FYU_000021,0.9823469387755102,0.7833673469387755,0.10812907722071816,0.021531443140044352,5.021914997402976
vggss,C0,12345,best,461,3cThgRIaqgU_000016,0.9965306122448979,0.6510204081632653,0.21913134282091395,0.015036284562266272,14.573503308844431
vggss,C0,12345,best,462,3eaA8bsLJBA_000042,0.9944897959183674,0.9260204081632653,0.20375205274912742,0.0572463602869974,3.559214100733081
vggss,C0,12345,best,463,3g3cr1rw3HU_000105,0.9893877551020408,0.4962244897959184,0.13844540979240397,0.01646271025481214,8.409636545230189
vggss,C0,12345,best,464,3gR0QBgrzYQ_000020,0.9745918367346939,0.31418367346938775,0.08533325775005525,0.01708026644325987,4.9960144376863065
vggss,C0,12345,best,465,3gjFMkV2ucY_000030,0.9789795918367347,0.41459183673469385,0.15375228175946065,0.026444700915157257,5.8141055273321225
vggss,C0,12345,best,466,3h1-zP8M-yU_000020,0.9942857142857143,0.3733673469387755,0.15674255843803647,0.01613891665771866,9.71208673805699
vggss,C0,12345,best,467,3k8zGf8Btfo_000250,0.9787755102040816,0.5036734693877551,0.08997761240866982,0.01596864135443712,5.6346442011904925
vggss,C0,12345,best,468,3mCWARDySc8_000059,0.9864285714285714,0.6947959183673469,0.20662699886004024,0.037480657430348424,5.512896865377087
vggss,C0,12345,best,469,3mDPQ_CPopw_000030,0.9951020408163266,0.7878571428571428,0.1287497112072389,0.024467142627252966,5.262147410046557
vggss,C0,12345,best,470,3mENYq_Ta3s_000012,0.9873469387755102,-0.08683673469387755,0.16910027229256905,0.016864674361423356,10.02689222860851
vggss,C0,12345,best,471,3mkiTkMVemM_000030,0.9951020408163266,-0.498469387755102,0.10739477551539847,0.01104735870369306,9.721307906793783
vggss,C0,12345,best,472,3mtdpXbogzk_000180,0.9924489795918368,0.6683673469387755,0.17035433139814316,0.029791739975897073,5.718173276752814
vggss,C0,12345,best,473,3njuN-F2Ecs_000332,0.9762244897959184,0.8705102040816326,0.15196200516629282,0.04305749855464789,3.5292808515902303
vggss,C0,12345,best,474,3oGWyWYbFyk_000006,0.9868367346938776,0.7520408163265306,0.13394526459931805,0.0242885376331541,5.514752128035958
vggss,C0,12345,best,475,3oaky81Equ8_000016,0.9879591836734694,0.5981632653061224,0.13047870866215605,0.022338793697704556,5.840902173493975
vggss,C0,12345,best,476,3oaky81Equ8_000045,0.9865306122448979,0.08418367346938775,0.13471759371154413,0.014092107888989394,9.559790116055186
vggss,C0,12345,best,477,3otUlQ4wvLY_000030,0.9841836734693877,0.6286734693877551,0.1372858269277257,0.021989672826084248,6.243195522439818
vggss,C0,12345,best,478,3p3A4QDXw-g_000030,0.9921428571428571,0.5087755102040816,0.14419944172777652,0.020122437770222282,7.166102008831489
vggss,C0,12345,best,479,3ptxRyVuU0w_000520,0.9874489795918368,0.6479591836734694,0.1417290890020323,0.023193866372866283,6.11062798774405
vggss,C0,12345,best,480,3qEb6Y-D7Mw_000050,0.9722448979591837,-0.33683673469387754,0.107547412026442,0.018518887551095004,5.80744452007231
vggss,C0,12345,best,481,3qesirWAGt4_000020,0.9943877551020408,0.8403061224489796,0.1397592280587508,0.019453752695768455,7.18417830453612
vggss,C0,12345,best,482,3sQrJVyxju0_000065,0.9836734693877551,0.825204081632653,0.1956693254384935,0.04863938986576675,4.022857317464194
vggss,C0,12345,best,483,3sYnYraOuIo_000510,0.9961224489795918,0.7272448979591837,0.1820710972621388,0.019873833277070242,9.16134772410546
vggss,C0,12345,best,484,3sz7nQTcwcE_000009,0.9959183673469387,0.6341836734693878,0.20281577050982996,0.021743584548000544,9.327614315942222
vggss,C0,12345,best,485,3t6pqBKV0kY_000030,0.9908163265306122,0.6292857142857143,0.11684525883702422,0.025990910412993427,4.495620083343087
vggss,C0,12345,best,486,3twm2ErD0kM_000154,0.9920408163265306,0.958265306122449,0.15282680255273115,0.04993833935386733,3.0603100649740753
vggss,C0,12345,best,487,3uLmjElob2Q_000004,0.9873469387755102,0.7793877551020408,0.07308573503914828,0.01718514145111425,4.252844542889086
vggss,C0,12345,best,488,3uuyQ4O0L68_000030,0.9727551020408163,0.9596938775510204,0.12335644914509526,0.07294687964560391,1.6910449047909242
vggss,C0,12345,best,489,3vDDWN5GKAA_000139,0.9914285714285714,0.8716326530612245,0.13765648188441115,0.03201732973707934,4.299436680535881
vggss,C0,12345,best,490,3vLc6D64xcs_000330,0.9821428571428571,0.046224489795918366,0.07724979338176305,0.012934845470985515,5.972223909055895
vggss,C0,12345,best,491,3vpG1PgFF34_000030,0.9848979591836735,0.805,0.1511682065368172,0.03787368651183305,3.991378195771542
vggss,C0,12345,best,492,3xh2kScw64U_000030,0.950204081632653,0.5106122448979592,0.10739213890423811,0.03398152699036582,3.160309392061313
vggss,C0,12345,best,493,3ypSlMWAZeo_000239,0.985204081632653,-0.5166326530612245,0.1254241156633974,0.01858262554721002,6.749536837232803
vggss,C0,12345,best,494,4-DcTjFR4qw_000100,0.9954081632653061,0.8874489795918368,0.1473220797389063,0.02772057402467848,5.314539287958162
vggss,C0,12345,best,495,4-SlE4qtKvw_000222,0.9931632653061224,0.9301020408163265,0.1890166626242134,0.032918028232901936,5.742040844210989
vggss,C0,12345,best,496,4-SlE4qtKvw_000239,0.9953061224489796,0.8629591836734694,0.17571568136736446,0.024572942362108524,7.150779047051281
vggss,C0,12345,best,497,40s88hEcn5I_000170,0.993061224489796,0.9089795918367347,0.11250475543855083,0.027475538116227334,4.094724367640478
vggss,C0,12345,best,498,40sAH2ZB0Pg_000030,0.9777551020408163,0.8192857142857143,0.16091119932002151,0.056611872079465,2.842357855506943
vggss,C0,12345,best,499,42vB40Fkdis_000076,0.9905102040816327,0.7146938775510204,0.19981309882689563,0.03327710456456531,6.004521770793243
vggss,C0,12345,best,500,448X3t13rlk_000325,0.998265306122449,0.9712244897959184,0.15961985582084295,0.03803471444262695,4.196688687162875
vggss,C0,12345,best,501,44Nt8WOHyyU_000040,0.9925510204081632,0.7448979591836735,0.22824833715376838,0.0270268792178353,8.445234661171872
vggss,C0,12345,best,502,45JHcLU57B8_000020,0.9896938775510205,0.953469387755102,0.13960678884733005,0.045930858923348125,3.039498762265982
vggss,C0,12345,best,503,45vBbOhzS6g_000050,0.9781632653061224,-0.6041836734693877,0.11427173256649678,0.024887795215579267,4.5914767289215295
vggss,C0,12345,best,504,466XkuormNQ_000030,0.9926530612244898,0.851530612244898,0.17590784793580486,0.033615565816933674,5.2329283669886095
vggss,C0,12345,best,505,46t-4NFQ9_w_000002,0.9835714285714285,0.38581632653061226,0.1029282640321264,0.01808645052859306,5.690904573531774
vggss,C0,12345,best,506,46zbt7TQHRs_000000,0.9944897959183674,0.924795918367347,0.14848356108931288,0.03186431116877594,4.659870420635767
vggss,C0,12345,best,507,476vNb6thyM_000030,0.9915306122448979,0.8969387755102041,0.18207559028382114,0.05840960278486499,3.117220141942145
vggss,C0,12345,best,508,47mYYtNAp_4_000000,0.934795918367347,0.7755102040816326,0.06393579075380526,0.030113546759535016,2.1231571048189775
vggss,C0,12345,best,509,48zE-hRAYEA_000030,0.9789795918367347,0.5621428571428572,0.125948687769489,0.03338739253152441,3.7723427383725197
vggss,C0,12345,best,510,49PCE6AXrGw_000030,0.9915306122448979,0.2383673469387755,0.09781692569168154,0.011499965141150623,8.505845408318736
vggss,C0,12345,best,511,4BFOgNwhpkQ_000303,0.9905102040816327,0.8892857142857142,0.13762709195254344,0.036516939812653436,3.768856116055334
vggss,C0,12345,best,512,4BFOgNwhpkQ_000336,0.9745918367346939,0.8906122448979592,0.16091262902154516,0.047582545826723555,3.3817574538261166
vggss,C0,12345,best,513,4BUKAcdGfaI_000009,0.9854081632653061,0.7638775510204082,0.11333451296713883,0.02020653812795024,5.608804053890429
vggss,C0,12345,best,514,4DKN1qAMQig_000021,0.9873469387755102,-0.22346938775510203,0.12367600949481261,0.01780800221828313,6.944968221524414
vggss,C0,12345,best,515,4GPDqOodSUU_000140,0.9887755102040816,0.10591836734693877,0.0993530358902715,0.013967670759744418,7.113071148312883
vggss,C0,12345,best,516,4GclkzsR830_000030,0.9735714285714285,0.664795918367347,0.10946454210927192,0.025436115552372348,4.303508603107541
vggss,C0,12345,best,517,4GxRRVp3hD4_000018,0.9936734693877551,-0.06153061224489796,0.18853766563942123,0.014535339479832666,12.970984675040539
vggss,C0,12345,best,518,4IJCSuJoo9o_000002,0.9848979591836735,0.20673469387755103,0.13518382618439403,0.021339668601623014,6.334860616069383
vggss,C0,12345,best,519,4JTxc-TKxPo_000092,0.9774489795918367,-0.6222448979591837,0.09666594035125647,0.021516804402900176,4.492578848661524
vggss,C0,12345,best,520,4K6nNmzeTk0_000030,0.9955102040816326,0.40714285714285714,0.18326861215832935,0.020696470147312584,8.855066146732591
vggss,C0,12345,best,521,4K88ptVpPn8_000145,0.9707142857142858,0.7678571428571429,0.09552991919330706,0.030594531534185208,3.122450791134534
vggss,C0,12345,best,522,4L9KyVVsQOc_000030,0.9829591836734693,0.7338775510204082,0.192038314976786,0.045650864795520406,4.2066741963589305
vggss,C0,12345,best,523,4LnCvnu9QOo_000010,0.9823469387755102,-0.6375510204081632,0.10906539507574464,0.021082406470508703,5.173289644534255
vggss,C0,12345,best,524,4Mj0Eu8AThg_000002,0.9972448979591837,0.856734693877551,0.16565757817212817,0.020769343958126442,7.976062147466683
vggss,C0,12345,best,525,4O-dYCrVKLY_000030,0.9784693877551021,0.7038775510204082,0.10720013176454606,0.017982184215440233,5.961463328381414
vggss,C0,12345,best,526,4P518ZMug-U_000115,0.9811224489795919,-0.7373469387755102,0.0954482087343041,0.02087879550641987,4.571538080583021
vggss,C0,12345,best,527,4PYTtp78Ig0_000060,0.9774489795918367,0.22785714285714287,0.10926180230387983,0.019955597465387068,5.475245854873258
vggss,C0,12345,best,528,4Psj5jYa7a4_000020,0.9927551020408163,0.7258163265306122,0.15047259836505847,0.025642988217284265,5.867982198097907
vggss,C0,12345,best,529,4Q1DDOpej1o_000000,0.9940816326530613,-0.33163265306122447,0.12074175035402525,0.011645081623602001,10.368476087733766
vggss,C0,12345,best,530,4RWpCBNrYSM_000174,0.9738775510204082,0.22387755102040816,0.11870187169425474,0.03182419019706441,3.729925913565093
vggss,C0,12345,best,531,4TgXgwVndiw_000160,0.9227551020408163,0.2706122448979592,0.0603558974330481,0.018459058262195845,3.2697170449186452
vggss,C0,12345,best,532,4Tpy1lsfcSM_000030,0.9880612244897959,0.7294897959183674,0.1616538318633145,0.03192095657526228,5.064191340324401
vggss,C0,12345,best,533,4U7GK4-5No4_000046,0.9972448979591837,0.43642857142857144,0.14476338208625608,0.011934023614443186,12.130307996965566
vggss,C0,12345,best,534,4UCZF_UnG10_000027,0.9929591836734694,0.25795918367346937,0.13657970034872488,0.013475634796570967,10.135307346224549
vggss,C0,12345,best,535,4ViTIFEK5Fo_000090,0.986938775510204,0.706530612244898,0.13935022711076062,0.03395582180567505,4.103868488539157
vggss,C0,12345,best,536,4Vq6WDtxTt4_000030,0.9901020408163266,0.5911224489795919,0.18460933729910478,0.026079310231800882,7.078766104557236
vggss,C0,12345,best,537,4WH0ZxvF9Nw_000003,0.9879591836734694,0.7305102040816327,0.12311224328541638,0.024397006061727854,5.046202922355517
vggss,C0,12345,best,538,4WRgvRI06zc_000030,0.9908163265306122,0.9592857142857143,0.1327503498849059,0.04967081374519066,2.6726026790281714
vggss,C0,12345,best,539,4WsPXawPBF8_000005,0.9918367346938776,0.9128571428571428,0.11862508579691507,0.033512241242997585,3.5397538749128543
vggss,C0,12345,best,540,4YHYnWM_jMQ_000083,0.9836734693877551,0.005306122448979592,0.12023455936658119,0.020183119099956758,5.95718425735489
vggss,C0,12345,best,541,4ZJrKmDGdA4_000140,0.9957142857142857,0.7668367346938776,0.1565886100608505,0.014978378514745408,10.454309851142929
vggss,C0,12345,best,542,4_6e0icNw7Q_000182,0.9875510204081632,-0.0034693877551020408,0.17014652121061136,0.018132451070920555,9.383536762080633
vggss,C0,12345,best,543,4_cfXx3iLes_000030,0.9816326530612245,0.8985714285714286,0.12005148687731654,0.03451830280751814,3.4779081563410217
vggss,C0,12345,best,544,4_f33b75_LY_000160,0.9784693877551021,0.6885714285714286,0.09685080951407951,0.024371405436571677,3.973952580048806
vggss,C0,12345,best,545,4azTRWgh-9I_000000,0.9973469387755102,-0.19377551020408162,0.16341514170862642,0.01114241854906151,14.666038705070036
vggss,C0,12345,best,546,4cgDBRTdmq0_000221,0.934795918367347,0.3051020408163265,0.08101952289134473,0.023760157462600788,3.40988998153198
vggss,C0,12345,best,547,4dGlrvX_EfI_000020,0.9876530612244898,0.9186734693877551,0.12574926842190326,0.033883568553006324,3.711216787133424
vggss,C0,12345,best,548,4dVhbo5rq7w_000212,0.9630612244897959,0.8705102040816326,0.15478892618832404,0.08115084886472969,1.9074221447312478
vggss,C0,12345,best,549,4ep09nZl3LA_000030,0.9872448979591837,0.5419387755102041,0.15346334205428838,0.0169713502590873,9.042494540003764
vggss,C0,12345,best,550,4euUZgSSuIw_000160,0.9944897959183674,-0.1110204081632653,0.19356202038882483,0.01560393353860583,12.404693977318688
vggss,C0,12345,best,551,4ewhrrQCJic_000120,0.9767346938775511,-0.18224489795918367,0.11187319227673319,0.01743508940208895,6.416553978973536
vggss,C0,12345,best,552,4go6CQ_RhYQ_000250,0.991938775510204,0.6185714285714285,0.10600199639639235,0.012592967488374393,8.417554996012777
vggss,C0,12345,best,553,4h550TCCd9w_000153,0.9912244897959184,0.8422448979591837,0.1622818880537354,0.05143319432265038,3.1551975371335037
vggss,C0,12345,best,554,4hYiaSYueCE_000216,0.9483673469387756,0.7083673469387755,0.12845347731725007,0.050250197594068985,2.556278053967521
vggss,C0,12345,best,555,4i9DgH80kDg_000030,0.9921428571428571,0.7540816326530613,0.2273042047944756,0.06539050917539582,3.476103912645511
vggss,C0,12345,best,556,4jKkc7qQQ88_000016,0.9953061224489796,0.8638775510204082,0.18618805515738354,0.016528919307933425,11.264381638551434
vggss,C0,12345,best,557,4k74Cvw2rLU_000160,0.986734693877551,0.6297959183673469,0.11246794006551016,0.018258936444528275,6.159610687467716
vggss,C0,12345,best,558,4kGozLe1X_Q_000073,0.9910204081632653,0.8592857142857143,0.14850131401497713,0.0361686899552605,4.105797423093523
vggss,C0,12345,best,559,4lchD4CmjDc_000010,0.9911224489795918,0.618265306122449,0.14678771935076346,0.017239090624193154,8.514818011616178
vggss,C0,12345,best,560,4mCpxmwhci4_000049,0.9914285714285714,0.3731632653061224,0.1574192004171109,0.015886795628450925,9.9088075467652
vggss,C0,12345,best,561,4nlB8qkQJ9s_000020,0.9894897959183674,-0.2671428571428571,0.11654677531595986,0.01741504498260872,6.692304006814084
vggss,C0,12345,best,562,4p8n4Zf-WMM_000190,0.9878571428571429,0.7778571428571428,0.18040783906109287,0.03474949092533264,5.191668546993712
vggss,C0,12345,best,563,4q4ejLxTo8I_000010,0.9910204081632653,0.7572448979591837,0.11351707873714453,0.021300484003924567,5.329319217170336
vggss,C0,12345,best,564,4q9NPjOpWy8_000146,0.9955102040816326,0.8509183673469388,0.14813785988315908,0.0244226230277245,6.065599903621874
vggss,C0,12345,best,565,4qaiLMEce6Y_000025,0.9901020408163266,0.6221428571428571,0.16506308663898858,0.025612752097964098,6.444566597437574
vggss,C0,12345,best,566,4t1VqRz4w2g_000030,0.9863265306122448,0.455,0.13164228556463686,0.01936638896564643,6.797461612392167
vggss,C0,12345,best,567,4tHvsHkl8L0_000027,0.9846938775510204,0.8781632653061224,0.13236782004194178,0.032889428369983376,4.024631214410149
vggss,C0,12345,best,568,4tKvAMmAUMM_000030,0.986734693877551,0.45663265306122447,0.12255890539683867,0.019819478638458888,6.183760311384686
vggss,C0,12345,best,569,4tOFGK47I5E_000005,0.9895918367346939,-0.008775510204081632,0.12521094470701993,0.01800916800011621,6.952622392450998
vggss,C0,12345,best,570,4thEVesl7yA_000001,0.9936734693877551,0.9083673469387755,0.16880251455155815,0.04760645204871759,3.5457906919594797
vggss,C0,12345,best,571,4uihL55gcWo_000028,0.8916326530612245,0.4592857142857143,0.057841811901026594,0.029359828183078147,1.9701004903824453
vggss,C0,12345,best,572,4v1VgwCvm_U_000030,0.9886734693877551,0.30357142857142855,0.1250797173747069,0.014750865261636738,8.479483417152997
vggss,C0,12345,best,573,4vsI0Kwn8jY_000030,0.9823469387755102,-0.04693877551020408,0.15649077073406423,0.023619708795128057,6.625431841324943
vggss,C0,12345,best,574,4vzHgTC_16s_000010,0.9918367346938776,0.32540816326530614,0.1256998694078432,0.01624362376117943,7.7384130078322055
vggss,C0,12345,best,575,4wozMD0enDU_000000,0.9951020408163266,-0.4570408163265306,0.19728840209073978,0.014192382580278612,13.901006471238095
vggss,C0,12345,best,576,4xWlOt4GOzs_000094,0.9924489795918368,0.9069387755102041,0.1460252970328288,0.03530793773410665,4.135763978414739
vggss,C0,12345,best,577,4xWlOt4GOzs_000203,0.9888775510204082,0.803265306122449,0.1294599894942241,0.03683362617536604,3.5147229023246602
vggss,C0,12345,best,578,4z8HTrCvEsc_000012,0.9923469387755102,0.7181632653061224,0.13939978722916935,0.015075998455836974,9.246471312498572
vggss,C0,12345,best,579,4z8HTrCvEsc_000097,0.9926530612244898,0.48459183673469386,0.14534224753459224,0.012902763203654922,11.264428033014015
vggss,C0,12345,best,580,5-FHy1Q61n8_000114,0.9827551020408163,0.62,0.08871550704448142,0.018906008076963864,4.692450499509589
vggss,C0,12345,best,581,5055BM1GUWc_000079,0.9781632653061224,0.663469387755102,0.1137256527019552,0.03087809942998584,3.6830522215209847
vggss,C0,12345,best,582,51NV5b5e5As_000050,0.9910204081632653,0.17438775510204083,0.11190088588075095,0.011259187704078027,9.938628684573839
vggss,C0,12345,best,583,51nfpGY_AJk_000080,0.9874489795918368,0.005204081632653061,0.12345776937132004,0.017457259441859285,7.072001752766021
vggss,C0,12345,best,584,52GtuAAT-94_000042,0.9933673469387755,0.1377551020408163,0.1420543704626604,0.013065412068454652,10.872551873479662
vggss,C0,12345,best,585,534-Tg2cSto_000030,0.9842857142857143,0.003163265306122449,0.08922835427435931,0.015052938352005569,5.9276369960334705
vggss,C0,12345,best,586,53KoRxxr1jc_000030,0.9620408163265306,-0.1913265306122449,0.10856255914835901,0.024501414553100346,4.430869038727471
vggss,C0,12345,best,587,55L7peYRB_Q_000120,0.9843877551020408,-0.3712244897959184,0.11849198443661461,0.01995187518281568,5.938889620694419
vggss,C0,12345,best,588,55l9j-CggDQ_000030,0.9939795918367347,-0.35183673469387755,0.14560750040911438,0.013667822273230384,10.653306539864753
vggss,C0,12345,best,589,573QotnRHDY_000030,0.988265306122449,0.4992857142857143,0.1874738036448611,0.028368264000462225,6.608575119076954
vggss,C0,12345,best,590,59iKy1LlNpo_000031,0.9941836734693877,0.8391836734693877,0.1847327618744048,0.059596750652941434,3.0997119784296023
vggss,C0,12345,best,591,5A0sMC5olxI_000380,0.99,0.8831632653061224,0.11829611094087022,0.039783828821885026,2.9734722484980054
vggss,C0,12345,best,592,5AWSzMZZgCA_000077,0.9926530612244898,0.7807142857142857,0.12967774120227415,0.015561261902087368,8.333369235619596
vggss,C0,12345,best,593,5AdvAAdZ8Xs_000570,0.9909183673469387,0.8495918367346939,0.20624391792279811,0.0747937711271324,2.7575012573203503
vggss,C0,12345,best,594,5BLIgNC4-4w_000160,0.9480612244897959,0.46510204081632656,0.10165906103291936,0.029937392030183727,3.3957220098004464
vggss,C0,12345,best,595,5BaYRFSfA68_000206,0.9959183673469387,0.2013265306122449,0.1276625961847586,0.010272842152179794,12.427193399216192
vggss,C0,12345,best,596,5C58IGwUCFY_000030,0.9954081632653061,0.3103061224489796,0.15798662562636462,0.012721309455700179,12.419053728433104
vggss,C0,12345,best,597,5CffrmMy0n4_000142,0.973265306122449,-0.3104081632653061,0.0969693062964845,0.022586942102281585,4.29315778370412
vggss,C0,12345,best,598,5CffrmMy0n4_000164,0.9863265306122448,-0.5959183673469388,0.10243486462560192,0.01896933782527471,5.4000232147860165
vggss,C0,12345,best,599,5DN1Q9s5B20_000030,0.9977551020408163,0.9461224489795919,0.18023786646008721,0.029910186495346353,6.02596932948345
vggss,C0,12345,best,600,5DW8WjxxCag_000030,0.9780612244897959,0.7743877551020408,0.1455119462054871,0.03110441708596942,4.678176279700307
vggss,C0,12345,best,601,5DjZHCumLfs_000011,0.9820408163265306,0.6957142857142857,0.11013673702274787,0.023486679808478166,4.689327649580805
vggss,C0,12345,best,602,5FEZg17q5hA_000260,0.9977551020408163,0.8174489795918367,0.20127758508520366,0.018278034106701226,11.011993079245311
vggss,C0,12345,best,603,5FlNBuS7YgM_000140,0.9872448979591837,0.8191836734693878,0.18950057724123195,0.04119882416734911,4.599659846394717
vggss,C0,12345,best,604,5G-00T0zJ14_000030,0.9960204081632653,-0.2426530612244898,0.18994248115903156,0.011397655611519506,16.665048290023645
vggss,C0,12345,best,605,5GLnohP0IkU_000030,0.9614285714285714,0.1639795918367347,0.17076187251187147,0.022493336613738042,7.59166483142287
vggss,C0,12345,best,606,5Gu-I_I3I7Q_000029,0.9910204081632653,-0.09836734693877551,0.13876644706585012,0.018916227058879954,7.335841689461439
vggss,C0,12345,best,607,5GyhFsJoiYc_000044,0.9746938775510204,0.728265306122449,0.10371991279911529,0.03330150308160172,3.114571511831189
vggss,C0,12345,best,608,5HQ0rDexH84_000184,0.9838775510204082,0.17091836734693877,0.08242058877861186,0.012714080373570328,6.482622915452497
vggss,C0,12345,best,609,5Hr6HKMTS18_000400,0.9821428571428571,0.35153061224489796,0.12423729290132164,0.01765098038213885,7.038549146371396
vggss,C0,12345,best,610,5Hvz5Dn0IHA_000118,0.9935714285714285,0.8616326530612245,0.15602831424227256,0.03334553854195781,4.679136132287869
vggss,C0,12345,best,611,5IGRrTij-24_000030,0.9908163265306122,0.021326530612244897,0.10981286222029256,0.0156412086091478,7.020740210322893
vggss,C0,12345,best,612,5JHMkSN2rdc_000074,0.9907142857142858,0.4860204081632653,0.05925549226266569,0.007027736522738081,8.431661043487601
vggss,C0,12345,best,613,5JHMkSN2rdc_000089,0.9870408163265306,0.4083673469387755,0.057855284183033276,0.012592525846656027,4.5944145668279
vggss,C0,12345,best,614,5JaMY3ZmbXM_000188,0.9895918367346939,0.8629591836734694,0.13838027919751567,0.04062302592840692,3.406449323627291
vggss,C0,12345,best,615,5KdvPp1_JeI_000184,0.9893877551020408,0.8935714285714286,0.13445624972099993,0.03618864569338487,3.715426403635159
vggss,C0,12345,best,616,5KeG0Q_mzgg_000300,0.9866326530612245,0.6501020408163265,0.1876750398587491,0.027198040927299768,6.90031463517551
vggss,C0,12345,best,617,5LPLWyCFT7A_000022,0.9957142857142857,0.8481632653061224,0.1445741909495564,0.020143559358828406,7.177191894152174
vggss,C0,12345,best,618,5LvUzlaQzok_000230,0.9839795918367347,0.10683673469387756,0.1594214131445941,0.023986080229712502,6.6464137373772525
vggss,C0,12345,best,619,5MMIZJ0zCZk_000030,0.9871428571428571,0.19755102040816327,0.14128300443318487,0.01781562600494274,7.9302857162575995
vggss,C0,12345,best,620,5NQBuAOle3E_000008,0.991734693877551,0.029387755102040815,0.17631392837876753,0.016067003413628968,10.973665956229759
vggss,C0,12345,best,621,5NyjOIjRKKM_000018,0.98,-0.41051020408163263,0.18132157473703447,0.029938781076159854,6.056411390823797
vggss,C0,12345,best,622,5PhDkTZcLFE_000147,0.9735714285714285,0.7994897959183673,0.10546857946405261,0.023992979047766663,4.395810093197657
vggss,C0,12345,best,623,5QNq0IEPICQ_000030,0.9940816326530613,-0.021122448979591837,0.13161968285908357,0.012960491335383453,10.155454716423328
vggss,C0,12345,best,624,5QeFh-ZAf8E_000380,0.9954081632653061,0.7602040816326531,0.15636152204246526,0.019358808666715025,8.077021924975618
vggss,C0,12345,best,625,5R3bR-rkqIk_000146,0.9921428571428571,-0.22418367346938775,0.12623968587295695,0.015070585056665746,8.376561719289121
vggss,C0,12345,best,626,5R3bR-rkqIk_000170,0.9940816326530613,0.4863265306122449,0.14090779432432265,0.015035227124129285,9.371843415533561
vggss,C0,12345,best,627,5RAfE1H_CTA_000006,0.985204081632653,0.8726530612244898,0.1102267150446174,0.024450036409959804,4.5082433905790085
vggss,C0,12345,best,628,5V0xKS-FGMk_000030,0.9812244897959184,0.7193877551020408,0.14248342098057282,0.02484625506073646,5.734603489832706
vggss,C0,12345,best,629,5VCZHHd4UKI_000098,0.9976530612244898,0.481734693877551,0.17410530925606646,0.008176219534963655,21.294108910792644
vggss,C0,12345,best,630,5VYm2PFJ9iM_000376,0.9960204081632653,0.9560204081632653,0.2194007745712489,0.04914659098270559,4.46421145768696
vggss,C0,12345,best,631,5X7flUpy7Ts_000002,0.9960204081632653,0.15663265306122448,0.1416261385436392,0.009223225205080144,15.355381159470296
vggss,C0,12345,best,632,5X7flUpy7Ts_000015,0.9965306122448979,0.8795918367346939,0.1686264800455985,0.016467638540619434,10.23987013254273
vggss,C0,12345,best,633,5__UnpOFMZo_000005,0.9946938775510205,-0.603265306122449,0.16714337404546034,0.01693726012914482,9.868383243276053
vggss,C0,12345,best,634,5aEBWi9H0rg_000460,0.966530612244898,0.5627551020408164,0.08684679408592412,0.023457357571526373,3.7023263946550733
vggss,C0,12345,best,635,5bSfEeWEtUg_000028,0.9927551020408163,0.4122448979591837,0.1693603552253867,0.016862968804512966,10.043329688189989
vggss,C0,12345,best,636,5d8P-k6MNIQ_000120,0.9655102040816327,0.8459183673469388,0.11131684105352882,0.04253758890951516,2.6169052808874307
vggss,C0,12345,best,637,5fLzQegwHUg_000030,0.9892857142857143,0.7365306122448979,0.11893292582722328,0.02289255708905591,5.195266101753253
vggss,C0,12345,best,638,5faEEBTatTg_000004,0.9887755102040816,0.7838775510204081,0.1255816581538094,0.020555425176024416,6.109416714974411
vggss,C0,12345,best,639,5g20l907PQM_000028,0.9489795918367347,0.7566326530612245,0.0983363429543925,0.040352352176701176,2.436942028156921
vggss,C0,12345,best,640,5gJ_PWgJWIw_000420,0.9822448979591837,0.044081632653061226,0.10621441186319414,0.020914204110326576,5.078577760018599
vggss,C0,12345,best,641,5gsfdVBThoI_000203,0.9911224489795918,0.8392857142857143,0.10767730083355775,0.024669816746213557,4.364738576750255
vggss,C0,12345,best,642,5hFnrhyWv3c_000027,0.9890816326530613,0.960204081632653,0.1328589883915566,0.055653124412186596,2.3872691748185826
vggss,C0,12345,best,643,5hLkSi3BcWA_000021,0.9991836734693877,0.8309183673469388,0.1836617263134693,0.022714680119909767,8.085595982154597
vggss,C0,12345,best,644,5i5ZKyhw_gg_000113,0.986938775510204,0.7,0.09324423256613,0.01963030255707112,4.750015049184357
vggss,C0,12345,best,645,5iTVbHhYhC4_000030,0.9862244897959184,-0.0163265306122449,0.15732394777361586,0.019821135071273862,7.937181559376003
vggss,C0,12345,best,646,5iwbk0HAdNc_000000,0.9901020408163266,0.3363265306122449,0.11176822559176045,0.015377860531751383,7.268125846309205
vggss,C0,12345,best,647,5j-4OJ7XpDM_000222,0.9885714285714285,0.8088775510204081,0.1465175438861082,0.029534191265418414,4.960946537163711
vggss,C0,12345,best,648,5jQIuYPAODg_000030,0.9890816326530613,0.8575510204081632,0.15087133723902355,0.05130325371022901,2.9407752204406936
vggss,C0,12345,best,649,5jpljP-cYyA_000410,0.9903061224489796,0.8903061224489796,0.10915350601640679,0.025282135605246205,4.317416365481274
vggss,C0,12345,best,650,5jrESZzRxq4_000017,0.9710204081632653,0.30959183673469387,0.0972325477764849,0.018288738031774228,5.316525809903144
vggss,C0,12345,best,651,5kzHSZIhArw_000163,0.9847959183673469,0.7389795918367347,0.12562122669078904,0.029535649781751883,4.253206806657156
vggss,C0,12345,best,652,5lyszxMsT20_000110,0.988265306122449,0.8787755102040816,0.14446786178978127,0.035032628107631,4.123808848880295
vggss,C0,12345,best,653,5oPlF8LSdmg_000094,0.9706122448979592,0.5933673469387755,0.07858181038617186,0.022646647911607413,3.469909131492047
vggss,C0,12345,best,654,5ott6Y1gZcY_000218,0.9778571428571429,0.7286734693877551,0.0856602383807475,0.02351979665297192,3.6420484260404367
vggss,C0,12345,best,655,5q2l2Meutsc_000214,0.9965306122448979,0.913469387755102,0.2008937413782669,0.03560312710805776,5.642586977501768
vggss,C0,12345,best,656,5qVc9y3TNnY_000030,0.9954081632653061,-0.22428571428571428,0.16440058074533787,0.013361409641718653,12.304134455396529
vggss,C0,12345,best,657,5qWSbdY3IvQ_000005,0.9891836734693877,0.681734693877551,0.1652349699766835,0.03060491817564955,5.398967872691482
vggss,C0,12345,best,658,5sa8jQUZ1Bg_000035,0.9924489795918368,0.4533673469387755,0.16730253348402196,0.048420624483764545,3.4551915690413817
vggss,C0,12345,best,659,5uOe6-ISwyw_000240,0.9804081632653061,0.07724489795918367,0.09772049365729997,0.01726028954152551,5.6615790495402765
vggss,C0,12345,best,660,5uRkBz98fCk_000024,0.9771428571428571,-0.5324489795918367,0.09572148794210936,0.024397087141315495,3.9234801838293567
vggss,C0,12345,best,661,5uUROIui4Z0_000002,0.9927551020408163,0.7607142857142857,0.14753822172312356,0.01915234006075613,7.703404453716597
vggss,C0,12345,best,662,5wC1sG4US3Y_000205,0.983265306122449,0.8393877551020408,0.11125362914222181,0.04302905328409719,2.5855467562271297
vggss,C0,12345,best,663,5x2orPz0jq0_000012,0.9729591836734693,0.016428571428571428,0.09293406813535965,0.018829823036199206,4.935472200492775
vggss,C0,12345,best,664,5xVe-bGbbYA_000045,0.9596938775510204,0.7876530612244897,0.11945967687022378,0.05335735139124268,2.238860695957075
vggss,C0,12345,best,665,5z1rE_l-0Ow_000000,0.9721428571428572,0.7028571428571428,0.11840264094903691,0.04638132218043721,2.5528086605296685
vggss,C0,12345,best,666,6-RIiM19Be8_000160,0.9898979591836735,-0.21540816326530612,0.13367860137895643,0.01441697522579206,9.272305687243227
vggss,C0,12345,best,667,60AkV1YbZlU_000006,0.9818367346938776,0.04040816326530612,0.09899275573846089,0.015257402449360457,6.488178840862283
vggss,C0,12345,best,668,61AWnBVuJL0_000040,0.9815306122448979,-0.1383673469387755,0.1325185133129285,0.02638957375980389,5.021623862480804
vggss,C0,12345,best,669,61d0zvVfnVA_000140,0.990204081632653,0.27877551020408164,0.11995696827278385,0.017789691124041468,6.7430607668432625
vggss,C0,12345,best,670,63Qy15I3QGE_000030,0.9876530612244898,0.8920408163265307,0.1624470680534621,0.037105305172415386,4.378001132146127
vggss,C0,12345,best,671,63Wmu5s4e88_000162,0.9942857142857143,0.26448979591836735,0.1397521915424386,0.013912351183865631,10.04518860223363
vggss,C0,12345,best,672,63rqIYPHvlc_000030,0.9908163265306122,0.8206122448979591,0.12722114831465542,0.02420253531735215,5.256521543982356
vggss,C0,12345,best,673,63xbVEyvD24_000030,0.9951020408163266,-0.09989795918367347,0.19267847488699313,0.012653273045544887,15.227560030788526
vggss,C0,12345,best,674,64E7E2yd7cQ_000030,0.9816326530612245,0.14775510204081632,0.15932176387497735,0.020557235605926847,7.750155075765312
vggss,C0,12345,best,675,682ODyTqKyw_000130,0.9861224489795918,0.7211224489795919,0.08255882473025115,0.018113502735018872,4.557860836636528
vggss,C0,12345,best,676,68jDXIGUBMo_000082,0.9903061224489796,0.7635714285714286,0.183885010637082,0.023178963593692037,7.933271472376133
vggss,C0,12345,best,677,695GiTHasWE_000066,0.9330612244897959,0.6122448979591837,0.068377324401502,0.027172535886888317,2.516413068185381
vggss,C0,12345,best,678,6BCoBGdvyiQ_000162,0.9968367346938776,0.8486734693877551,0.17679245041613992,0.01884480881246859,9.381493448697974
vggss,C0,12345,best,679,6BXR7JlTiBQ_000009,0.9952040816326531,0.6311224489795918,0.13661702135287587,0.014318810994497147,9.54108699426084
vggss,C0,12345,best,680,6BXR7JlTiBQ_000590,0.9953061224489796,-0.8003061224489796,0.13640933721701984,0.020899819892273346,6.526818791747115
vggss,C0,12345,best,681,6BaY9WneGaQ_000140,0.9774489795918367,-0.7540816326530613,0.10022991091010329,0.03239258188670188,3.094224204191968
vggss,C0,12345,best,682,6Bh50bxvod4_000070,0.9653061224489796,0.2896938775510204,0.08783167584111433,0.01673018703335215,5.2498920463960825
vggss,C0,12345,best,683,6BitLl5Bnxw_000030,0.991938775510204,0.5678571428571428,0.18436337441832323,0.023641296274425617,7.798361489076279
vggss,C0,12345,best,684,6BlGk51vrbY_000275,0.9883673469387755,0.9173469387755102,0.11336080022777915,0.02902672165521718,3.9053945386699915
vggss,C0,12345,best,685,6Cnvft_h2M0_000055,0.993061224489796,-0.09122448979591836,0.09877194396647754,0.010767360633199217,9.173273500465104
vggss,C0,12345,best,686,6DXkv8hTM0k_000003,0.9581632653061225,0.5822448979591837,0.10949428296370647,0.03198743572077092,3.4230403436999106
vggss,C0,12345,best,687,6DwlcJyDyxc_000290,0.9807142857142858,0.2727551020408163,0.11640178985553414,0.02122367977399499,5.484524413064282
vggss,C0,12345,best,688,6E2jKYWemGI_000320,0.988265306122449,0.060816326530612246,0.0973334603482335,0.013917344481619562,6.993680473798748
vggss,C0,12345,best,689,6EIgJvYx4AE_000551,0.9601020408163266,0.6509183673469388,0.12944000461690153,0.03911822206596433,3.3089439596367454
vggss,C0,12345,best,690,6EQR7Hz4xIM_000051,0.9938775510204082,0.42642857142857143,0.1300216980948211,0.011574839219154986,11.233132109485426
vggss,C0,12345,best,691,6EwAjQDFHcs_000140,0.9914285714285714,-0.16887755102040816,0.14066427153967784,0.01719029949254799,8.182770265326436
vggss,C0,12345,best,692,6FUmapkqPn0_000080,0.9916326530612245,0.3837755102040816,0.18264213499310752,0.02045275828373059,8.929951278913444
vggss,C0,12345,best,693,6FlgBpUP9G4_000041,0.993061224489796,0.893265306122449,0.11270807340296832,0.03363214390637279,3.3512009735903816
vggss,C0,12345,best,694,6G1N9npWG2E_000030,0.9910204081632653,0.8755102040816326,0.14065268030503478,0.040482164244680596,3.47443578991745
vggss,C0,12345,best,695,6GjsjhAbXRo_000020,0.9918367346938776,0.7690816326530612,0.13242363449657138,0.025110657106481804,5.273602914293665
vggss,C0,12345,best,696,6GoWuxmiXRc_000070,0.9926530612244898,0.806530612244898,0.14668337035016243,0.03474007685531064,4.222309897617261
vggss,C0,12345,best,697,6HA2HwIJ2Mw_000006,0.9968367346938776,0.43612244897959185,0.15395232412531948,0.012282049983241256,12.534741703167306
vggss,C0,12345,best,698,6HQqly6duac_000199,0.9962244897959184,0.6226530612244898,0.1866697446815363,0.0160716159325019,11.614870929315261
vggss,C0,12345,best,699,6HuIs2xW5kI_000086,0.9921428571428571,0.793469387755102,0.1395502437826757,0.021577154097411858,6.467499984134354
vggss,C0,12345,best,700,6HuIs2xW5kI_000104,0.9240816326530612,0.12683673469387755,0.09852686224666417,0.03730682314361115,2.640987732120446
vggss,C0,12345,best,701,6I9BFjKBjLY_000037,0.9864285714285714,0.6371428571428571,0.042611213218696514,0.0084403703137399,5.048500437158619
vggss,C0,12345,best,702,6KiFICzs6UI_000150,0.9789795918367347,0.8716326530612245,0.09166391410326968,0.031914594664504345,2.8721628792992
vggss,C0,12345,best,703,6LhWo-WzgLU_000034,0.9889795918367347,0.3010204081632653,0.13110792002512683,0.011956218987457242,10.965667337029085
vggss,C0,12345,best,704,6M4vQCuhOSw_000160,0.9947959183673469,0.6973469387755102,0.18552757516801377,0.018688503855584307,9.927363720588918
vggss,C0,12345,best,705,6ODACANcE7Q_000221,0.9873469387755102,0.6416326530612245,0.1197837695146747,0.016798428128781826,7.130653451404865
vggss,C0,12345,best,706,6OgSNQOTw2U_000060,0.998265306122449,0.8114285714285714,0.16231846069636474,0.018706423436229767,8.677150993064425
vggss,C0,12345,best,707,6P6z2S6XLIs_000264,0.9931632653061224,0.871734693877551,0.1880376977161867,0.03148506006173861,5.972283278083835
vggss,C0,12345,best,708,6QvSd79Ocw8_000030,0.9928571428571429,0.7774489795918368,0.1597900868671908,0.025521320686977943,6.261043024655164
vggss,C0,12345,best,709,6R8cO4ARzkY_000030,0.9846938775510204,0.7583673469387755,0.0737428033418167,0.014260611713987289,5.171082757234549
vggss,C0,12345,best,710,6RDnl3NFgsY_000054,0.9931632653061224,0.19510204081632654,0.16417989282377093,0.012265878453404688,13.385090472521263
vggss,C0,12345,best,711,6TUnFZqFhGg_000354,0.9895918367346939,0.4586734693877551,0.15536622681634057,0.023277641779386626,6.6744831065286085
vggss,C0,12345,best,712,6TrIWYcBxBM_000010,0.9329591836734694,-0.11785714285714285,0.09453860405635528,0.03162197182995516,2.9896492402412385
vggss,C0,12345,best,713,6Upef-zCzLM_000014,0.9784693877551021,0.3777551020408163,0.0663668944401357,0.014863624093910502,4.465054687929416
vggss,C0,12345,best,714,6V9JinlbpHw_000082,0.9923469387755102,0.4194897959183673,0.19162871598750184,0.028063240829369358,6.828459947040556
vggss,C0,12345,best,715,6VycuUJbRjI_000030,0.9762244897959184,-0.12714285714285714,0.11207809691097724,0.021099793425912915,5.3118101513417075
vggss,C0,12345,best,716,6Yk15FbL2yw_000081,0.9906122448979592,0.8710204081632653,0.12830733202896136,0.03714001573134379,3.4546924523965186
vggss,C0,12345,best,717,6Z8wLKsHcbw_000075,0.9835714285714285,-0.38448979591836735,0.09046540542529202,0.015573400618934953,5.808969257189689
vggss,C0,12345,best,718,6ZAzQ_xUCUo_000145,0.9815306122448979,0.5044897959183674,0.12274844165252165,0.02581727848282271,4.754507402249668
vggss,C0,12345,best,719,6ZDqSPh5u20_000022,0.9885714285714285,0.6710204081632654,0.1150067696493279,0.022558508661090788,5.098154819413798
vggss,C0,12345,best,720,6_TGlFO0DCk_000010,0.9785714285714285,0.8303061224489796,0.1487616753448176,0.04020780967485675,3.699820421649158
vggss,C0,12345,best,721,6_WjTR_-4hQ_000030,0.9893877551020408,0.7928571428571428,0.15736683256530576,0.04953099496125765,3.1771385309016216
vggss,C0,12345,best,722,6a5b72cfSbk_000039,0.9762244897959184,0.733265306122449,0.11789328476333956,0.030454702644271213,3.871102802756023
vggss,C0,12345,best,723,6ayVxYbKBe0_000030,0.9797959183673469,0.8661224489795918,0.15550391590749532,0.03232958635218694,4.809956867789502
vggss,C0,12345,best,724,6azSzS5ZjN0_000051,0.9785714285714285,0.12183673469387755,0.11247812137286706,0.01570923342394284,7.1600006402245135
vggss,C0,12345,best,725,6b-072VA4UA_000022,0.9840816326530613,0.14408163265306123,0.12295779257063123,0.01715847839607242,7.1660079485122825
vggss,C0,12345,best,726,6dFdcTWdues_000400,0.9958163265306123,0.9143877551020408,0.21154927160699938,0.03869639207045965,5.466899116119239
vggss,C0,12345,best,727,6dFyXSkUu14_000000,0.9894897959183674,0.5376530612244897,0.12821681082051048,0.0357923336515805,3.58224227759591
vggss,C0,12345,best,728,6dhU9_K2uw8_000030,0.9808163265306122,0.9380612244897959,0.1225754520572991,0.06414792227660637,1.9108249761972451
vggss,C0,12345,best,729,6dwkWDQSjkA_000057,0.9951020408163266,0.570204081632653,0.1466007565111321,0.019766643397094257,7.416573141228559
vggss,C0,12345,best,730,6e8U65rgekA_000046,0.9943877551020408,-0.8075510204081633,0.1375082781315347,0.02038181437210906,6.74661615600347
vggss,C0,12345,best,731,6gAQiZDRvXI_000011,0.9897959183673469,0.6826530612244898,0.19421765200404498,0.02528054847164737,7.682493606571229
vggss,C0,12345,best,732,6gBqjgsHL2k_000030,0.991938775510204,-0.13704081632653062,0.13936162289596443,0.012298780087590352,11.331337084121241
vggss,C0,12345,best,733,6hZQHsHfuSo_000175,0.9906122448979592,0.5240816326530612,0.12972107331758967,0.01252716989669968,10.35517793622046
vggss,C0,12345,best,734,6hyBe3FO-xI_000030,0.9909183673469387,0.21326530612244898,0.11058331113361594,0.01618862549805644,6.830926513612428
vggss,C0,12345,best,735,6iZZQvXNBnI_000009,0.991938775510204,-0.2896938775510204,0.20376873782676308,0.01425247736719342,14.297074998049197
vggss,C0,12345,best,736,6jNme_qT8VU_000290,0.9807142857142858,0.21387755102040817,0.09064420908687021,0.017379476781393528,5.2155890667499225
vggss,C0,12345,best,737,6jirqq-c7E0_000290,0.9712244897959184,0.618061224489796,0.1250309654283875,0.042721170798102184,2.926674599328673
vggss,C0,12345,best,738,6k54aEMkp-w_000115,0.9933673469387755,-0.6564285714285715,0.14347927260591534,0.01818123633771077,7.891612536179212
vggss,C0,12345,best,739,6kXUG1Zo6VA_000000,0.9955102040816326,0.7840816326530612,0.15657837058683127,0.01810965502668611,8.646126630026899
vggss,C0,12345,best,740,6kuESYFcEqw_000030,0.9790816326530613,0.25755102040816324,0.07917152602251629,0.01387640729682869,5.705477241260432
vggss,C0,12345,best,741,6l5RWxeju8U_000020,0.9924489795918368,-0.0626530612244898,0.1405238846604975,0.01361820911844521,10.318822646816654
vggss,C0,12345,best,742,6m3-rzozCRE_000020,0.9928571428571429,-0.16408163265306122,0.19062579420404474,0.014838991530897882,12.846276905483906
vggss,C0,12345,best,743,6mbQDmij4oQ_000010,0.9901020408163266,0.5389795918367347,0.11877093807568202,0.019124672007799975,6.2103516351674655
vggss,C0,12345,best,744,6psjy93yoTA_000030,0.9886734693877551,0.689795918367347,0.16400910137634678,0.022716216698772777,7.219912697223355
vggss,C0,12345,best,745,6ptv5WYOzoI_000023,0.9879591836734694,0.005612244897959183,0.14550504028799108,0.01960543546101043,7.421668372393908
vggss,C0,12345,best,746,6r-V0mrdTnQ_000119,0.9785714285714285,0.6989795918367347,0.18804693768715852,0.07571197908791329,2.4837144656964654
vggss,C0,12345,best,747,6rpRjYMA3n4_000073,0.9929591836734694,0.6344897959183673,0.11156561990999651,0.011216030113513034,9.946979348386613
vggss,C0,12345,best,748,6s2pBWctGDM_000006,0.9926530612244898,0.823265306122449,0.08931250587217072,0.01569687500606131,5.689827168635981
vggss,C0,12345,best,749,6taAP7SFewI_000030,0.9894897959183674,0.804795918367347,0.11539459957639515,0.023221971354251685,4.969199118199226
vggss,C0,12345,best,750,6ty4Rhu7Y5Q_000014,0.995,0.001530612244897959,0.13701760605780477,0.014661755567916337,9.345238735096244
vggss,C0,12345,best,751,6uB3h15H90k_000102,0.9838775510204082,0.09989795918367347,0.08494552054656587,0.01445429756966601,5.876834909282186
vggss,C0,12345,best,752,6uMAVCznTbA_000480,0.9959183673469387,-0.27744897959183673,0.1734255894851141,0.0133568833154887,12.98398626302358
vggss,C0,12345,best,753,6vFwzk19b4A_000010,0.9912244897959184,-0.3560204081632653,0.09765249929570721,0.010246960462768675,9.529899100374006
vggss,C0,12345,best,754,6vl7eSBL-ag_000090,0.9811224489795919,0.2342857142857143,0.11960284586720454,0.02265439175996527,5.2794551773650396
vggss,C0,12345,best,755,6wO8ORMfyFI_000430,0.9777551020408163,0.675,0.14193145461765436,0.024441773827616795,5.806921200509834
vggss,C0,12345,best,756,6wRJg4fbELE_000003,0.9834693877551021,0.45887755102040817,0.13476409414834603,0.016049827904501886,8.396606801655828
vggss,C0,12345,best,757,6wRJg4fbELE_000196,0.9736734693877551,-0.5045918367346939,0.12465162112863999,0.024614347531306993,5.0641854702870175
vggss,C0,12345,best,758,6wg3GJZk7Q0_000001,0.9845918367346939,0.017448979591836736,0.18100998095381718,0.024796718275669913,7.299755513672987
vggss,C0,12345,best,759,6xEHP-C-ZuU_000030,0.9864285714285714,-0.20520408163265305,0.09359303656539043,0.017609072427894452,5.315046374454689
vggss,C0,12345,best,760,6xL7BK7WeMU_000001,0.9844897959183674,0.2627551020408163,0.1306302457934754,0.019564224041452864,6.676996006419412
vggss,C0,12345,best,761,6zTszR6wgys_000200,0.9710204081632653,0.5776530612244898,0.08442038838974021,0.02036033284166258,4.146316715264789
vggss,C0,12345,best,762,6zlMP_kQ_-w_000030,0.9920408163265306,0.9464285714285714,0.1520862479278845,0.05456164744201992,2.7874203778304047
vggss,C0,12345,best,763,7-Ly3ICovLE_000030,0.9913265306122448,-0.24214285714285713,0.1109706827682121,0.01297920212603897,8.5498847841796
vggss,C0,12345,best,764,7-vFjIl7wCI_000021,0.9946938775510205,-0.34989795918367345,0.14443709878338024,0.013250674800153687,10.900357978878555
vggss,C0,12345,best,765,7-z44NWB-84_000107,0.9931632653061224,0.9411224489795919,0.1979154272348451,0.02927249287413985,6.761140162739237
vggss,C0,12345,best,766,7-z44NWB-84_000170,0.9956122448979592,0.9466326530612245,0.20736910169905415,0.037629434157446386,5.510821683669098
vggss,C0,12345,best,767,70CtvdsGQf4_000002,0.9923469387755102,-0.7247959183673469,0.16557662802587184,0.02448834397702507,6.761446514358651
vggss,C0,12345,best,768,70SeDyvtqi8_000205,0.9821428571428571,-0.01010204081632653,0.12171718952010985,0.016662321287983988,7.304935933979742
vggss,C0,12345,best,769,72baZt5rKAs_000260,0.9866326530612245,-0.10673469387755102,0.1171964519213395,0.011563493118553326,10.135038843349232
vggss,C0,12345,best,770,73cuZZq-J3w_000020,0.9933673469387755,0.9205102040816326,0.09892096678234646,0.02680254368390466,3.6907305496436904
vggss,C0,12345,best,771,74j6uEsqh4M_000120,0.9885714285714285,-0.4204081632653061,0.15165301106753803,0.019662105486316177,7.7129588778313085
vggss,C0,12345,best,772,74p3DLeDCHE_000030,0.9739795918367347,-0.1989795918367347,0.11765825576044052,0.020323157817514606,5.7893687987327445
vggss,C0,12345,best,773,75AjL_RBmfA_000059,0.9853061224489796,0.4983673469387755,0.12422880443166115,0.01933371314867847,6.425501582459996
vggss,C0,12345,best,774,75PJeJ2hGcw_000030,0.9753061224489796,0.5666326530612245,0.10692437767333142,0.023262451263637646,4.596436397073453
vggss,C0,12345,best,775,77lgNFP6Tts_000119,0.9818367346938776,0.6841836734693878,0.11771457127720172,0.02907092213433975,4.049220411145902
vggss,C0,12345,best,776,784FrdBASsk_000097,0.9789795918367347,0.7285714285714285,0.12874626593464347,0.041999624908971425,3.06541466057575
vggss,C0,12345,best,777,7916WqcPKBA_000030,0.9619387755102041,0.5263265306122449,0.08996781257564966,0.02964712770222235,3.034621548478225
vggss,C0,12345,best,778,799dPLm5vs4_000002,0.9929591836734694,0.8823469387755102,0.1362278357138161,0.030723281046243493,4.434026284782906
vggss,C0,12345,best,779,7AhpZQt1Ml0_000120,0.9892857142857143,0.6242857142857143,0.12710394548670303,0.02094835031844049,6.067491881440207
vggss,C0,12345,best,780,7B_3t_ELwxA_000030,0.9818367346938776,0.8347959183673469,0.15121810008253314,0.04903773808323869,3.0837087107453707
vggss,C0,12345,best,781,7CBrxJI9Pxs_000163,0.9379591836734694,0.24,0.08437600733476212,0.02828096362720719,2.983491243331953
vggss,C0,12345,best,782,7CRVoUCXg_A_000030,0.9926530612244898,-0.3146938775510204,0.14652320682116227,0.016806917562113294,8.718029720777574
vggss,C0,12345,best,783,7EgbS-lbHWY_000005,0.995,0.8488775510204082,0.1686316723164009,0.027539440873625743,6.123278721969182
vggss,C0,12345,best,784,7GZdzd_wcBg_000230,0.9854081632653061,0.3647959183673469,0.11075561193048915,0.019557153607495683,5.663176459791152
vggss,C0,12345,best,785,7Gua0-UrKIw_000030,0.9916326530612245,0.7885714285714286,0.1424078713034945,0.027749353842093483,5.131934679050922
vggss,C0,12345,best,786,7HF6OiDKaQA_000232,0.99,0.6247959183673469,0.12585392855178457,0.01883185933858419,6.6830325295561845
vggss,C0,12345,best,787,7I2yJgXKncw_000021,0.978265306122449,0.5792857142857143,0.08443141020590823,0.024001181833934185,3.5178021978290452
vggss,C0,12345,best,788,7IUnipVNZoo_000112,0.9944897959183674,0.8144897959183673,0.1316873522416701,0.027183424364851057,4.844398942318158
vggss,C0,12345,best,789,7JqR7JlgRlE_000030,0.9735714285714285,0.5187755102040816,0.14418644853688573,0.041521741257853774,3.4725530329153305
vggss,C0,12345,best,790,7LWqCLxcNXc_000019,0.9676530612244898,-0.36857142857142855,0.07614684126159582,0.020833166421073204,3.6550776642657463
vggss,C0,12345,best,791,7LsJrF1AwZg_000030,0.9927551020408163,0.806530612244898,0.10718449843837445,0.013820590035389208,7.755421307188494
vggss,C0,12345,best,792,7LsexUAG4ps_000032,0.9921428571428571,0.8883673469387755,0.13080899384010497,0.02553944917584909,5.121840840788457
vggss,C0,12345,best,793,7MT92mDKdKU_000106,0.9938775510204082,-0.8763265306122449,0.12217028384702383,0.02067868852844136,5.908028629523166
vggss,C0,12345,best,794,7OqOXtp8_tk_000030,0.9796938775510204,-0.07204081632653062,0.14802972644836768,0.02588172043928767,5.7194701100187695
vggss,C0,12345,best,795,7OqsePnrOSo_000061,0.9929591836734694,0.8977551020408163,0.12834681357438688,0.03946552128568186,3.2521251308278365
vggss,C0,12345,best,796,7PK3nvCihMk_000011,0.9925510204081632,0.7980612244897959,0.16846574863557134,0.027044539229509574,6.22919648236234
vggss,C0,12345,best,797,7P_SwPV1FcU_000000,0.9972448979591837,0.8305102040816327,0.16348329951996582,0.031153544012618023,5.247662977083785
vggss,C0,12345,best,798,7QnyKZe6VBA_000030,0.9856122448979592,-0.5443877551020408,0.12002176684078487,0.022470695967602664,5.341257209559837
vggss,C0,12345,best,799,7QpwDHOfZeg_000350,0.9695918367346938,0.6662244897959184,0.0888640777755081,0.023833357700807627,3.7285588917459505
vggss,C0,12345,best,800,7R11YUfwU50_000164,0.9835714285714285,0.5129591836734694,0.11521406738213144,0.01978241352909059,5.824065259413668
vggss,C0,12345,best,801,7RNTXUuCKoQ_000029,0.988265306122449,-0.7384693877551021,0.1583984523490101,0.0258299434396077,6.1323576925113015
vggss,C0,12345,best,802,7SKRc8oyLvE_000009,0.9842857142857143,0.6729591836734694,0.11312302002941049,0.026665586472290618,4.242285094571671
vggss,C0,12345,best,803,7SLiFO2MoHc_000017,0.998061224489796,0.6663265306122449,0.18778822831577896,0.010702203511364567,17.546688223258737
vggss,C0,12345,best,804,7SR2Nk3gkQ4_000187,0.9961224489795918,0.7381632653061224,0.16690618061027473,0.01606064381820002,10.392247191307213
vggss,C0,12345,best,805,7S_iHrdfrvQ_000030,0.9872448979591837,0.33285714285714285,0.14184737831027167,0.020044444060863028,7.076643177509226
vggss,C0,12345,best,806,7Soo7mXCnq0_000063,0.9937755102040816,0.8356122448979592,0.13875962870091127,0.02469142836285569,5.619748953432477
vggss,C0,12345,best,807,7T04388Ijk8_000030,0.9793877551020408,0.7512244897959184,0.11466060921591818,0.03282955750883453,3.492602944315124
vggss,C0,12345,best,808,7T5uQKw-DOg_000338,0.9712244897959184,0.4339795918367347,0.15676595706280128,0.01897456323289907,8.261900689813634
vggss,C0,12345,best,809,7UoFNdp0UYg_000020,0.9929591836734694,0.34938775510204084,0.1112939454591675,0.012537831862826653,8.876650020259268
vggss,C0,12345,best,810,7V0G65FK2VQ_000000,0.9821428571428571,0.8878571428571429,0.15517646958572065,0.045926050176268794,3.3788333416467946
vggss,C0,12345,best,811,7VMWi8xm0NM_000020,0.9814285714285714,0.8895918367346939,0.06785542577042535,0.026967386977017314,2.516203213468715
vggss,C0,12345,best,812,7XQN9XDnRm4_000080,0.9837755102040816,0.6130612244897959,0.11698289012899965,0.02474313975820784,4.727891903459579
vggss,C0,12345,best,813,7_szvK1eHfw_000354,0.9358163265306122,0.6703061224489796,0.09521001263194524,0.038574324245249196,2.4682224379775435
vggss,C0,12345,best,814,7fLnFGd79-s_000018,0.9957142857142857,0.06938775510204082,0.21684438565048497,0.017216353486534535,12.595256354377595
vggss,C0,12345,best,815,7fLnFGd79-s_000056,0.9918367346938776,0.00989795918367347,0.21017935405771945,0.017126573662062564,12.272119234408935
vggss,C0,12345,best,816,7fRaV39Y-2o_000050,0.9943877551020408,0.5053061224489795,0.12115098005584439,0.0137402468791718,8.817234589830516
vggss,C0,12345,best,817,7fft0a682rE_000000,0.986938775510204,0.6539795918367347,0.14065149488582043,0.023113520910246474,6.085247480554471
vggss,C0,12345,best,818,7gTiMEazgmE_000030,0.9931632653061224,0.796734693877551,0.15032275212848684,0.04132398682726935,3.6376633444595456
vggss,C0,12345,best,819,7gr6ZOKZwuQ_000010,0.9928571428571429,0.6046938775510204,0.13714321622757752,0.018042553343196415,7.6010980053049
vggss,C0,12345,best,820,7hIUlBvcT5k_000106,0.981734693877551,0.8838775510204082,0.09459043495231306,0.028105193884306892,3.3655855690477754
vggss,C0,12345,best,821,7ivVufYPEnA_000268,0.9926530612244898,0.8914285714285715,0.1704612467428076,0.07267365739281456,2.3455713233398043
vggss,C0,12345,best,822,7j8DS1YoQwQ_000169,0.9940816326530613,0.7848979591836734,0.14357832457240624,0.021089443495234554,6.808066064182761
vggss,C0,12345,best,823,7l_TPfOhh5c_000570,0.9855102040816327,-0.3529591836734694,0.14027906171205717,0.016492067987222282,8.505850316694215
vggss,C0,12345,best,824,7mtYFBOmeNs_000030,0.991938775510204,0.10469387755102041,0.12494978669843133,0.013230804763871645,9.443853864401524
vggss,C0,12345,best,825,7n0vuxy-OXg_000026,0.9874489795918368,0.5743877551020408,0.14133151821543202,0.021915389488977574,6.448962190998943
vggss,C0,12345,best,826,7nQxWCn_dBg_000160,0.9639795918367347,0.28755102040816327,0.08880184640775343,0.022257342036634598,3.98977767702853
vggss,C0,12345,best,827,7nglQSmcjAk_000030,0.9937755102040816,-0.13520408163265307,0.16934534335863013,0.01480979158562633,11.43468781309445
vggss,C0,12345,best,828,7nl6lLs3dn8_000119,0.9810204081632653,0.13969387755102042,0.11295119684935138,0.018600811342626224,6.072380111210996
vggss,C0,12345,best,829,7oNljd7R1f8_000019,0.9839795918367347,0.4392857142857143,0.14537926125593767,0.029350159094174617,4.9532699563728215
vggss,C0,12345,best,830,7rMhrFb-DsE_000183,0.9963265306122449,0.5856122448979592,0.12426805269893441,0.011195686139821947,11.099637051893161
vggss,C0,12345,best,831,7rqy1JhY7TU_000030,0.9911224489795918,0.6539795918367347,0.1357502444334889,0.02295932380483649,5.912641225300044
vggss,C0,12345,best,832,7rxfucuwC-Q_000360,0.9831632653061224,0.615204081632653,0.14078175835517917,0.025269459351996492,5.57122162346763
vggss,C0,12345,best,833,7s6xFTV74tE_000070,0.9903061224489796,-0.0326530612244898,0.191157026006331,0.013583545701299412,14.072689871249507
vggss,C0,12345,best,834,7sYsxcdTcXY_000056,0.9951020408163266,-0.09826530612244898,0.1433789206838563,0.01142298784867532,12.551787902014043
vggss,C0,12345,best,835,7tE6gxSwrH4_000030,0.9876530612244898,0.48316326530612247,0.15018502648314508,0.011466733671925375,13.097454844604197
vggss,C0,12345,best,836,7tMPoaU2oL4_000000,0.9616326530612245,0.11918367346938775,0.09781630203507091,0.013630277923910649,7.176398205606547
vggss,C0,12345,best,837,7u3_Unnj0ZU_000075,0.9840816326530613,-0.23020408163265307,0.1063680719526148,0.016280321961157997,6.533536142982333
vggss,C0,12345,best,838,7uK5ctEget0_000020,0.9544897959183674,0.14744897959183673,0.120955576693394,0.03040538137318434,3.9780976666212555
vggss,C0,12345,best,839,7wJc_LpV8E4_000012,0.9830612244897959,0.3701020408163265,0.12074405530616641,0.019004961344340415,6.353291286336839
vggss,C0,12345,best,840,7xkj4XqaynU_000002,0.9886734693877551,0.8233673469387756,0.11128012013253395,0.024055588566571865,4.62595707540372
vggss,C0,12345,best,841,7yjEC7Cr6i8_000030,0.9815306122448979,-0.13857142857142857,0.10551400486132932,0.01869109731909666,5.64514769036732
vggss,C0,12345,best,842,7yk8XI5q7go_000030,0.9851020408163266,0.7666326530612245,0.1280254833482763,0.03523791900195296,3.633173779109398
vggss,C0,12345,best,843,7zS81_mUsK0_000080,0.9885714285714285,0.8293877551020408,0.11312108089468097,0.024722364712075166,4.57565779860165
vggss,C0,12345,best,844,8-DsEUYJMJo_000442,0.9774489795918367,0.5321428571428571,0.09418997743931062,0.021504995422738368,4.3799115316117945
vggss,C0,12345,best,845,8-viBoPGFCA_000003,0.9884693877551021,0.725,0.170860618587748,0.02844634863093883,6.006416528338422
vggss,C0,12345,best,846,80Lqw4-iQXI_000001,0.9662244897959184,-0.4377551020408163,0.08685308822124413,0.02343021300138312,3.706884278692518
vggss,C0,12345,best,847,829gGkJX9dM_000109,0.9539795918367346,0.48336734693877553,0.09711932485761407,0.02400482329171082,4.045825444220231
vggss,C0,12345,best,848,83XmpVJP-YY_000001,0.9878571428571429,0.4272448979591837,0.11580451564598188,0.01544436620560969,7.498172090993249
vggss,C0,12345,best,849,84JbG7gFceA_000007,0.9946938775510205,0.625,0.18722743102227565,0.020362200085098106,9.194852729067149
vggss,C0,12345,best,850,84fDGWoRtsU_000210,0.9908163265306122,-0.02193877551020408,0.1055101233910849,0.010443634569774752,10.10281647506559
vggss,C0,12345,best,851,84uy3xSw9H0_000030,0.9923469387755102,0.7838775510204081,0.1943723326278131,0.025077823591721546,7.750765608383076
vggss,C0,12345,best,852,86roBf8WIso_000020,0.9821428571428571,0.6887755102040817,0.20246121360688754,0.05520275652263291,3.6675924602402645
vggss,C0,12345,best,853,87tCTDAXZto_000050,0.9885714285714285,0.5440816326530612,0.1103035459608041,0.018372705371054197,6.00366379001456
vggss,C0,12345,best,854,88OXNd0yTMI_000040,0.9688775510204082,0.8414285714285714,0.08185137679700205,0.0295242175700129,2.7723470267383714
vggss,C0,12345,best,855,89536Yebjvc_000110,0.9735714285714285,0.7358163265306122,0.09599272353121548,0.02644136817780763,3.6303992624626225
vggss,C0,12345,best,856,89PzuqeWWYQ_000024,0.9906122448979592,-0.5062244897959184,0.06930917809788248,0.009503652535906756,7.292899002359159
vggss,C0,12345,best,857,8AgLb-bpocg_000037,0.936734693877551,0.5984693877551021,0.07194977557265164,0.030243240324189163,2.37903659797673
vggss,C0,12345,best,858,8Aq06SXi6G8_000010,0.9794897959183674,0.6095918367346939,0.11083861570315122,0.02481228592812745,4.467086024407911
vggss,C0,12345,best,859,8B3FjLzkdPA_000020,0.995,0.9695918367346938,0.1479833574159546,0.051515671685569704,2.8725891087897217
vggss,C0,12345,best,860,8BQgOfXaBa4_000125,0.995,0.9364285714285714,0.11687358773466215,0.02419148251646131,4.831187491512125
vggss,C0,12345,best,861,8C4-ZFYWkcc_000102,0.9940816326530613,0.3766326530612245,0.10362919507137326,0.011474686742808486,9.031113214164268
vggss,C0,12345,best,862,8CqqK9CzuXM_000090,0.9972448979591837,0.9546938775510204,0.1878890854140292,0.03376686166811704,5.564304058242868
vggss,C0,12345,best,863,8CrTpWNBiTo_000120,0.9876530612244898,0.6502040816326531,0.10434674684650733,0.019818645701364938,5.265079583077709
vggss,C0,12345,best,864,8DHtPopFvII_000080,0.9924489795918368,0.5196938775510204,0.16517569628245182,0.021100329912526816,7.828109653602645
vggss,C0,12345,best,865,8DKdz6E8W-E_000051,0.9896938775510205,-0.7145918367346938,0.15115399930042478,0.020895081999337862,7.233950998862539
vggss,C0,12345,best,866,8ERVM9Uv6hk_000102,0.9879591836734694,0.6192857142857143,0.10366198872252362,0.018586925627151196,5.577145505499707
vggss,C0,12345,best,867,8EtCndQcHvs_000033,0.9604081632653061,0.6194897959183674,0.11181926960527747,0.03331241577423888,3.3566844975484913
vggss,C0,12345,best,868,8F8HvVMwXyw_000090,0.9940816326530613,0.08581632653061225,0.18338270949976695,0.01301611736065589,14.088894899955497
vggss,C0,12345,best,869,8F8RrwXoa68_000028,0.9853061224489796,0.8601020408163266,0.09902854158677592,0.03344560222028341,2.960883793765839
vggss,C0,12345,best,870,8FB9Cb00yTs_000065,0.9834693877551021,0.6527551020408163,0.12933239566661325,0.02816956805523268,4.591209755613876
vggss,C0,12345,best,871,8FZM56axVms_000081,0.9840816326530613,0.8276530612244898,0.1610044127558969,0.04269770632788504,3.770797698581482
vggss,C0,12345,best,872,8HBG5mO7ef4_000156,0.9605102040816327,0.3846938775510204,0.09165870492353052,0.024388911015633286,3.758212281998869
vggss,C0,12345,best,873,8Hye31i3cUI_000092,0.9914285714285714,0.9520408163265306,0.09107417956431846,0.03074275486025028,2.962459934977246
vggss,C0,12345,best,874,8J4YSr55IbY_000009,0.9880612244897959,-0.13846938775510204,0.12889827752105087,0.01781060299825601,7.237165273611029
vggss,C0,12345,best,875,8JPwzZvlX6E_000095,0.961530612244898,-0.3279591836734694,0.0840362626646276,0.019206130227265455,4.3754916617886845
vggss,C0,12345,best,876,8JgqLELdUkY_000030,0.9927551020408163,0.8855102040816326,0.1751883277801615,0.030066589473300778,5.8266777459322165
vggss,C0,12345,best,877,8LXFSLK3otM_000010,0.9953061224489796,0.3647959183673469,0.1463622274970288,0.008414913097792222,17.39319536590688
vggss,C0,12345,best,878,8OXOwCahOOU_000089,0.9860204081632653,0.7423469387755102,0.19217493007612854,0.043494182224044664,4.418405410779041
vggss,C0,12345,best,879,8OukwZl_vsg_000030,0.976326530612245,-0.11877551020408163,0.08082308661238034,0.013187226522773095,6.128891960171193
vggss,C0,12345,best,880,8QHoSMEiBAg_000025,0.9880612244897959,0.9052040816326531,0.11458825313349873,0.033870106950149935,3.3831677385061067
vggss,C0,12345,best,881,8QiTQN5reqs_000218,0.9807142857142858,0.7303061224489796,0.11761094846658567,0.023409270734077444,5.024118427379139
vggss,C0,12345,best,882,8S-R5p17_IE_000160,0.9908163265306122,0.7601020408163265,0.11206259007402823,0.0271474393541489,4.127924870265964
vggss,C0,12345,best,883,8TCdnr4F6tw_000303,0.9866326530612245,0.2490816326530612,0.19191221212946724,0.02333606024517313,8.223847989472116
vggss,C0,12345,best,884,8TWtLCjUI5I_000000,0.9887755102040816,0.2870408163265306,0.17133006911662707,0.023958204816617888,7.15120646258893
vggss,C0,12345,best,885,8UgHOeB_mUE_000399,0.9839795918367347,0.804795918367347,0.11808351430679621,0.025622268452636123,4.608628409505533
vggss,C0,12345,best,886,8VbxIzaSHfw_000030,0.9872448979591837,0.8637755102040816,0.15579814929881802,0.05526367189307828,2.819178385400258
vggss,C0,12345,best,887,8VoDhx0Zsxc_000030,0.9877551020408163,0.6527551020408163,0.15504236684967926,0.01882720355723446,8.235018354072203
vggss,C0,12345,best,888,8X0W6KSpWn4_000099,0.9720408163265306,-0.008673469387755102,0.0950099400563801,0.0179576632568547,5.290774122301989
vggss,C0,12345,best,889,8YaDsXWhDTA_000496,0.9876530612244898,0.3395918367346939,0.15096018923240156,0.030308213387452054,4.980834313872847
vggss,C0,12345,best,890,8ZOyve_7Nzs_000099,0.9913265306122448,0.5369387755102041,0.13583214678337385,0.014620513744065545,9.290518046160178
vggss,C0,12345,best,891,8_rFjamYo1Y_000022,0.8647959183673469,-0.2330612244897959,0.06048454167694335,0.024855903552093585,2.4334074820566642
vggss,C0,12345,best,892,8_vWCyWokX0_000079,0.9755102040816327,0.8172448979591836,0.11308172708381861,0.03826006481757189,2.9556073055026038
vggss,C0,12345,best,893,8a0Ctyt3Fpo_000270,0.9961224489795918,-0.8593877551020408,0.14710061732036986,0.024168279153851138,6.086515981711087
vggss,C0,12345,best,894,8aYRcSu-9Y8_000012,0.9909183673469387,-0.1103061224489796,0.12218135621406524,0.013868529197467339,8.809972166073525
vggss,C0,12345,best,895,8aZFjhn4U-A_000021,0.9958163265306123,-0.7224489795918367,0.1542910290739832,0.014250295103807183,10.827216415522653
vggss,C0,12345,best,896,8ax7BlXzssY_000000,0.995,0.5425510204081633,0.1642251694822589,0.011400815916797894,14.404685654146078
vggss,C0,12345,best,897,8bakI0ITCqQ_000030,0.9905102040816327,-0.5265306122448979,0.15780336586316004,0.018287541556824202,8.629009283332234
vggss,C0,12345,best,898,8cPqZBlI6Z4_000008,0.9635714285714285,0.3806122448979592,0.07536543925259397,0.02116105894939395,3.561515490922652
vggss,C0,12345,best,899,8d6SwUPTyOQ_000030,0.956530612244898,0.5332653061224489,0.09674949695767875,0.03321858402584587,2.9125111679174034
vggss,C0,12345,best,900,8dMtEVjgsHs_000003,0.988265306122449,0.3335714285714286,0.14671247185553163,0.02484328399881492,5.905518443637731
vggss,C0,12345,best,901,8dMtEVjgsHs_000017,0.9920408163265306,0.8692857142857143,0.1476096409192336,0.026940753778573828,5.479046433980202
vggss,C0,12345,best,902,8eFIwBWxrxU_000075,0.9798979591836735,0.12989795918367347,0.1317001765252032,0.01860187131567472,7.079942350435844
vggss,C0,12345,best,903,8evHpuXTcgM_000030,0.9904081632653061,0.268265306122449,0.11776866515193953,0.01514923786332473,7.7739003251806755
vggss,C0,12345,best,904,8ewn7JCJbEM_000030,0.9857142857142858,0.8512244897959184,0.09869467414035427,0.030486463180866917,3.2373277790483197
vggss,C0,12345,best,905,8h_-FrApEwU_000242,0.9792857142857143,0.8918367346938776,0.14654714797278112,0.05220001811240697,2.807415653711231
vggss,C0,12345,best,906,8iYLKlaHuLI_000242,0.9909183673469387,0.6104081632653061,0.11150526564576166,0.020246825412343097,5.507296248911425
vggss,C0,12345,best,907,8m-a_6wLTkU_000230,0.9945918367346939,0.7107142857142857,0.16373157566192947,0.020003409817514792,8.185183284030291
vggss,C0,12345,best,908,8mOksvfiImI_000130,0.9624489795918367,0.7031632653061225,0.06718784810138835,0.021996433336673622,3.054488292398259
vggss,C0,12345,best,909,8nVK-2QYw9o_000100,0.9553061224489796,-0.6632653061224489,0.09727999222481558,0.027317664653278166,3.56106546659514
vggss,C0,12345,best,910,8oEdgb8iXYA_000001,0.9936734693877551,0.7044897959183674,0.1519983046971352,0.020749127144481468,7.325527654186715
vggss,C0,12345,best,911,8q8JrJNAa-Q_000030,0.9741836734693877,0.6578571428571428,0.13407406981238307,0.03262517374815666,4.109528146802845
vggss,C0,12345,best,912,8rKtax0rSuw_000030,0.9868367346938776,0.5439795918367347,0.12457141163556118,0.018575652699922052,6.706166057684956
vggss,C0,12345,best,913,8sDQkl2g4AA_000030,0.991938775510204,-0.42051020408163264,0.1416827106847793,0.014054912990085612,10.080653703421914
vggss,C0,12345,best,914,8spcnH0LalI_000032,0.9952040816326531,-0.6664285714285715,0.16363485682192136,0.014941838623507085,10.95145389701135
vggss,C0,12345,best,915,8u61Rjy5IJM_000004,0.9906122448979592,0.15989795918367347,0.1231121181355064,0.013694031919215362,8.99020236419607
vggss,C0,12345,best,916,8vasA2D2_Kc_000030,0.9838775510204082,-0.3603061224489796,0.14143775033296752,0.018205331013685436,7.769029314910284
vggss,C0,12345,best,917,8ws1ligErwo_000000,0.9978571428571429,-0.8612244897959184,0.1750590712523832,0.013443532530259419,13.021805902455394
vggss,C0,12345,best,918,8xU2s6Y-_a0_000030,0.9951020408163266,0.9518367346938775,0.1480089308802079,0.027728778461673893,5.337737148601139
vggss,C0,12345,best,919,8zIpoSKNOgA_000018,0.9928571428571429,0.9501020408163265,0.1412472800716669,0.040301582860568584,3.504757630992813
vggss,C0,12345,best,920,8zcXuYEmXUE_000100,0.9916326530612245,0.5613265306122449,0.11266163653389352,0.01556251726026674,7.239293916899567
vggss,C0,12345,best,921,9-A6dZ8mbjM_000332,0.9907142857142858,-0.6940816326530612,0.10068090506205661,0.01706743073012087,5.899007686281296
vggss,C0,12345,best,922,9-b18y3Nexg_000285,0.9934693877551021,0.9292857142857143,0.1799906316752302,0.03942727030829473,4.565130435554491
vggss,C0,12345,best,923,9-rrXPvMbro_000076,0.9798979591836735,0.8487755102040816,0.17906945327736068,0.044650554251952544,4.0104642882351245
vggss,C0,12345,best,924,9-tUObAs28M_000030,0.9853061224489796,0.4354081632653061,0.1006775932953179,0.023852871890608824,4.220774494452215
vggss,C0,12345,best,925,90q-9qr7-Qg_000075,0.9947959183673469,0.7681632653061224,0.12308533163662659,0.017145458070299973,7.178888492331375
vggss,C0,12345,best,926,91k-dD34c94_000560,0.9836734693877551,0.7035714285714286,0.13758002586587198,0.022826735224746004,6.027144246047251
vggss,C0,12345,best,927,91vBzCaNTQ0_000079,0.9922448979591837,0.6251020408163265,0.1814595440321004,0.04209432232962232,4.31078430509392
vggss,C0,12345,best,928,91z1LeIpLbk_000004,0.9856122448979592,0.26163265306122446,0.17538376556174273,0.029390613222705867,5.967339443814296
vggss,C0,12345,best,929,91z1LeIpLbk_000053,0.9873469387755102,0.4222448979591837,0.11994338802584001,0.015799550667032924,7.5915695676151005
vggss,C0,12345,best,930,92k_81uqMSM_000070,0.9797959183673469,0.8080612244897959,0.0876105994807125,0.021282678168143346,4.116521369563869
vggss,C0,12345,best,931,94PSD94IXXk_000016,0.9880612244897959,0.8568367346938776,0.126943396925485,0.023076844920240338,5.5008991638256814
vggss,C0,12345,best,932,94t9laP3N3E_000011,0.9860204081632653,-0.08755102040816326,0.08286105637858321,0.011297628763746093,7.334375921829101
vggss,C0,12345,best,933,97IV2XK2l3U_000000,0.9839795918367347,0.3348979591836735,0.0905746740557426,0.013606712772345242,6.656616889850849
vggss,C0,12345,best,934,97plxBxUju4_000010,0.9958163265306123,0.8611224489795918,0.14793653266319723,0.042598148937799604,3.472839462559963
vggss,C0,12345,best,935,9888dOKNSBs_000030,0.9709183673469388,0.5592857142857143,0.13952989308613856,0.04805849329510476,2.903334738968004
vggss,C0,12345,best,936,98DR68euGmo_000079,0.9794897959183674,-0.05244897959183673,0.0916738801141928,0.016610246222950573,5.519116266171053
vggss,C0,12345,best,937,98T0aXt-aq0_000190,0.9878571428571429,0.545,0.13389183640548474,0.02119795708152984,6.3162613213396455
vggss,C0,12345,best,938,99iIggWrfNM_000030,0.991938775510204,0.7436734693877551,0.11083990236324393,0.01650694182425714,6.714744835434231
vggss,C0,12345,best,939,9AUSYLKYKGg_001113,0.9884693877551021,0.7610204081632653,0.1456512363588801,0.025545275489147045,5.7016897868555105
vggss,C0,12345,best,940,9A_OmOetiuw_000090,0.9456122448979591,0.6845918367346939,0.12383405228160867,0.04371461665740878,2.832783671697169
vggss,C0,12345,best,941,9BGpWG8iqpQ_000000,0.9978571428571429,-0.2916326530612245,0.16411882227681365,0.013667767011998776,12.007727533893108
vggss,C0,12345,best,942,9Ci8qOMBNNU_000070,0.991938775510204,0.032857142857142856,0.18454370121622654,0.013279306855569474,13.897088396509721
vggss,C0,12345,best,943,9EsgN-WS2qY_000030,0.9845918367346939,-0.5091836734693878,0.11657204680390025,0.022198117125157873,5.251438495735534
vggss,C0,12345,best,944,9FDzG0xNp5s_000150,0.9785714285714285,0.16163265306122448,0.12705149936681678,0.023711839055999693,5.358146159256658
vggss,C0,12345,best,945,9FnCP6GoFOs_000000,0.9913265306122448,0.8737755102040816,0.14609610724972458,0.032785563488942064,4.456110912932759
vggss,C0,12345,best,946,9FoazVf3CVg_000030,0.9823469387755102,-0.11877551020408163,0.07854819735093267,0.012922646756575468,6.078336646551509
vggss,C0,12345,best,947,9HSUOow1vB4_000000,0.9943877551020408,0.6464285714285715,0.1710591037305876,0.015186085136433282,11.264200232895826
vggss,C0,12345,best,948,9HcahqYUVoc_000090,0.9946938775510205,0.9446938775510204,0.14230380052590177,0.03223625623546982,4.414402202490366
vggss,C0,12345,best,949,9J8sce4390s_000106,0.9884693877551021,0.2504081632653061,0.13425430183097195,0.017449774622147956,7.693755635134163
vggss,C0,12345,best,950,9JAatGaveSc_000035,0.98,0.3543877551020408,0.12446385554254949,0.021059359400593978,5.910144424385435
vggss,C0,12345,best,951,9JBG-Wi1gUQ_000030,0.9958163265306123,0.05489795918367347,0.10919191019194982,0.008488893730452033,12.862914021440501
vggss,C0,12345,best,952,9M3XChzFowA_000038,0.97,0.6763265306122449,0.07070350994963749,0.021867934886976963,3.2332047042879957
vggss,C0,12345,best,953,9MT7lQN7fN0_000085,0.9920408163265306,0.8256122448979591,0.14148200082980558,0.023837907544062256,5.935168620328302
vggss,C0,12345,best,954,9NUBwDtWAmk_000030,0.9827551020408163,0.7261224489795919,0.11151559552462371,0.0345268597883557,3.229821542074693
vggss,C0,12345,best,955,9OcAwC8y-eQ_000030,0.9938775510204082,0.9605102040816327,0.1546866298320825,0.03822009699496884,4.047258955215234
vggss,C0,12345,best,956,9PEyCM-BrG4_000024,0.9880612244897959,0.7274489795918367,0.11686046091760771,0.023463764540469077,4.980465121700862
vggss,C0,12345,best,957,9PmzQI8ZYpg_000030,0.9783673469387755,0.386530612244898,0.12136348576088599,0.020216067947105457,6.003318057617769
vggss,C0,12345,best,958,9QEm6u4bowQ_000030,0.9863265306122448,0.903469387755102,0.1933745778349003,0.057927709320616166,3.3382051543695224
vggss,C0,12345,best,959,9QjGgc1UkkU_000044,0.9904081632653061,0.9003061224489796,0.21760310029002064,0.06503826036502376,3.3457706136162755
vggss,C0,12345,best,960,9QjGgc1UkkU_000105,0.9929591836734694,0.935,0.21396992166460918,0.07959731854966903,2.6881548972166835
vggss,C0,12345,best,961,9QwaP-cvdeU_000360,0.9963265306122449,0.3610204081632653,0.16865601984281048,0.012082300413897375,13.958932824482492
vggss,C0,12345,best,962,9R4qwSl7u2A_000480,0.9911224489795918,0.5769387755102041,0.1516878269091124,0.018843886785544835,8.049710159873825
vggss,C0,12345,best,963,9R6XN9-Z27U_000030,0.9843877551020408,-0.5712244897959183,0.10921141446941565,0.01937194301248381,5.637607667905941
vggss,C0,12345,best,964,9RNNZ3e-9IA_000028,0.9938775510204082,0.5792857142857143,0.14494653676994285,0.01743897229662924,8.311644419434018
vggss,C0,12345,best,965,9Rbte5hjob8_000100,0.9751020408163266,0.4223469387755102,0.18689485230354225,0.02742740005836942,6.814165830731434
vggss,C0,12345,best,966,9SZC5O-gwAI_000263,0.9868367346938776,-0.6843877551020409,0.08994861393523014,0.018473163397521156,4.869150561798203
vggss,C0,12345,best,967,9Srnaag2tCo_000079,0.9825510204081632,0.40061224489795916,0.1795643749823026,0.04093284151394346,4.386804539849386
vggss,C0,12345,best,968,9Ti98L4PRCo_000017,0.9973469387755102,0.6624489795918367,0.1688850872161553,0.022602405372168115,7.47199620727602
vggss,C0,12345,best,969,9TzyRdTYDvo_000024,0.9958163265306123,0.5922448979591837,0.12311970118385558,0.015632314682742128,7.875973819781029
vggss,C0,12345,best,970,9Vg_aX3jhjU_000020,0.993265306122449,0.5628571428571428,0.13029970938540944,0.015276179491188629,8.5296005758879
vggss,C0,12345,best,971,9Vj1UPzlrTc_000030,0.9029591836734694,0.12224489795918367,0.07322433582375971,0.03023478032205158,2.421857709690516
vggss,C0,12345,best,972,9WClEjrr_RA_000027,0.9708163265306122,0.778469387755102,0.10235682680797514,0.034613498528693755,2.9571361219994508
vggss,C0,12345,best,973,9WtDINM2mNc_000237,0.9760204081632653,0.24663265306122448,0.09625678428165971,0.017883937516806607,5.382303767903542
vggss,C0,12345,best,974,9XHRHFTY0iU_000409,0.9814285714285714,-0.07459183673469388,0.10213800681591081,0.019600014175064285,5.211119027957326
vggss,C0,12345,best,975,9XHRHFTY0iU_000480,0.9979591836734694,-0.35428571428571426,0.11655131002413702,0.0074740954933468435,15.594035442534361
vggss,C0,12345,best,976,9XuTWG0Svls_000041,0.9874489795918368,0.6889795918367347,0.09618690526928346,0.0210215035069858,4.575643470854448
vggss,C0,12345,best,977,9ZBaKqh-Bmk_000027,0.986938775510204,-0.34285714285714286,0.13007829543847596,0.017227288481688606,7.5507120912696175
vggss,C0,12345,best,978,9ZBaKqh-Bmk_000131,0.9904081632653061,0.4846938775510204,0.12167470581079,0.014221527299006987,8.555670797698774
vggss,C0,12345,best,979,9ZClVJ2V7bA_000022,0.9876530612244898,0.07306122448979592,0.13959295085665352,0.016291269231094682,8.56857430053494
vggss,C0,12345,best,980,9ZYj5toEbGA_000000,0.9923469387755102,0.6535714285714286,0.1468916332802376,0.022928298177719044,6.406565029016502
vggss,C0,12345,best,981,9aR-uBVtrVA_000010,0.9968367346938776,0.9355102040816327,0.1546570954057212,0.024325389278829733,6.3578466775172435
vggss,C0,12345,best,982,9ao6stS2toU_000003,0.9860204081632653,0.8255102040816327,0.1082314709794989,0.023821739709525176,4.543390713660695
vggss,C0,12345,best,983,9cYVBOJmXIw_000030,0.9965306122448979,-0.35918367346938773,0.1403073797078751,0.010533454058914498,13.32016819204072
vggss,C0,12345,best,984,9crt3kBm2Hc_000012,0.9893877551020408,0.036326530612244896,0.17892758872138675,0.024198297004950475,7.394222357250258
vggss,C0,12345,best,985,9e6oA02wk94_000020,0.990204081632653,0.33081632653061227,0.17837973840201213,0.01931442426929787,9.235571090025388
vggss,C0,12345,best,986,9eUl4gF0ED4_000002,0.9910204081632653,0.12520408163265306,0.12508725539394647,0.01567982834479602,7.977590866641195
vggss,C0,12345,best,987,9ezA12O_aOE_000170,0.9886734693877551,0.53,0.12528712575251724,0.02132026088747449,5.8764349279666925
vggss,C0,12345,best,988,9fWNP6yAgrU_000003,0.9963265306122449,-0.02816326530612245,0.11436551138228271,0.008227002708515209,13.901236627029522
vggss,C0,12345,best,989,9grtLEqt_RM_000330,0.9846938775510204,-0.20551020408163265,0.12684439514887363,0.01823888117187369,6.954614921472337
vggss,C0,12345,best,990,9h3a7fN0f-c_000240,0.9903061224489796,0.5146938775510204,0.11506163767388813,0.017319513184896204,6.643468349574036
vggss,C0,12345,best,991,9i3NIA1NLeY_000060,0.9453061224489796,0.3497959183673469,0.12630092821250447,0.036435241019437514,3.466449642672195
vggss,C0,12345,best,992,9iVLuQ403ww_000039,0.9912244897959184,0.8127551020408164,0.10296638633561195,0.015093894196014165,6.821724400506413
vggss,C0,12345,best,993,9ipjwnbdxmg_000120,0.9791836734693877,0.6022448979591837,0.09229977268404585,0.01884333973472201,4.898270369448791
vggss,C0,12345,best,994,9jrTswHdg4I_000290,0.9775510204081632,-0.2727551020408163,0.09467216954350674,0.016280226889400756,5.815162785301418
vggss,C0,12345,best,995,9kFZhnbKUXo_000030,0.9871428571428571,-0.6677551020408163,0.15222484425778068,0.02442931281052445,6.231237261500059
vggss,C0,12345,best,996,9m1FFbsR704_000127,0.9827551020408163,0.3483673469387755,0.1183696665967494,0.027392736513947944,4.321206336448987
vggss,C0,12345,best,997,9nsLTLNvOSw_000150,0.9897959183673469,0.8959183673469387,0.1873062583176289,0.04636631983034415,4.039705092036385
vggss,C0,12345,best,998,9oeGmqm6g8E_000080,0.9712244897959184,-0.4937755102040816,0.13393927065194708,0.03011429262587567,4.4476977200141805
vggss,C0,12345,best,999,9ofZp-R3BlY_000021,0.9805102040816327,0.5313265306122449,0.07742144895575985,0.017484825701693487,4.427922261087294
vggss,C0,12345,best,1000,9omaijBLqrg_000060,0.9780612244897959,0.5319387755102041,0.130690714904699,0.02799425606836929,4.668483226899051
vggss,C0,12345,best,1001,9pfZ4sXXsE4_000330,0.9943877551020408,-0.17408163265306123,0.12940167255462393,0.013571113254426509,9.535081619956035
vggss,C0,12345,best,1002,9q3JJ7Fhvbs_000070,0.9936734693877551,0.7422448979591837,0.15168024884748063,0.023640593887537007,6.416092995339019
vggss,C0,12345,best,1003,9rXAmXuAOw8_000000,0.9964285714285714,-0.06306122448979593,0.1858468457969352,0.013096566765343794,14.190501153991299
vggss,C0,12345,best,1004,9s26XGoKYG0_000250,0.9871428571428571,0.5579591836734694,0.12668144584195748,0.02614542859905949,4.845261777292666
vggss,C0,12345,best,1005,9s8jDGsBij4_000010,0.985204081632653,-0.08755102040816326,0.09536241046794797,0.014686041773976399,6.493404549408932
vggss,C0,12345,best,1006,9t0s8TUHMiM_000020,0.9855102040816327,-0.047448979591836735,0.1253166320063929,0.020492105623192248,6.115361413351487
vggss,C0,12345,best,1007,9tDqkjQLtNM_000096,0.9812244897959184,0.3973469387755102,0.11076598634141688,0.020254841999671237,5.468617644275613
vggss,C0,12345,best,1008,9u9Zgbbngkg_000030,0.9865306122448979,0.8981632653061224,0.11791968266816197,0.03195600845691344,3.690062944724592
vggss,C0,12345,best,1009,9uOOfuRD6Fc_000070,0.9801020408163266,0.8695918367346939,0.11832143602805133,0.04466990498597769,2.648795336931958
vggss,C0,12345,best,1010,9uTzThSwQ80_000580,0.9655102040816327,-0.37234693877551023,0.12631260054527868,0.03668947975054688,3.4427471145429887
vggss,C0,12345,best,1011,9wW-losmGws_000097,0.9889795918367347,0.7905102040816326,0.1617357641965373,0.03138084027237295,5.153965374819046
vggss,C0,12345,best,1012,9wkgTdE7nz8_000030,0.9920408163265306,0.09704081632653061,0.13876940388591497,0.016419710580374326,8.4513915885813
vggss,C0,12345,best,1013,9xV0nmojVeg_000030,0.9892857142857143,0.8398979591836735,0.1511832923743897,0.03184899215544713,4.746878382728757
vggss,C0,12345,best,1014,9y2BI6yaNkA_000114,0.9954081632653061,0.40479591836734696,0.125119736927568,0.012496679140206931,10.012238893531851
vggss,C0,12345,best,1015,9ytPHkPCXgA_000050,0.9745918367346939,0.5355102040816326,0.12965898394048478,0.03328394211102198,3.895541685176414
vggss,C0,12345,best,1016,9zPrLhdmgpg_000031,0.9786734693877551,0.41806122448979594,0.07680663606365834,0.014993641173554402,5.122613991798666
vggss,C0,12345,best,1017,9zW-E0XdWdw_000160,0.9846938775510204,0.9574489795918367,0.12190901951163766,0.055722077428670545,2.187804639331557
vggss,C0,12345,best,1018,A-odqVz9Oc4_000001,0.9876530612244898,0.36387755102040814,0.1520199452089415,0.01815323277286998,8.374262981750302
vggss,C0,12345,best,1019,A0dHhG6Y8C0_000030,0.9903061224489796,-0.007448979591836735,0.10565793247696778,0.013472069322182194,7.842739667543026
vggss,C0,12345,best,1020,A458iJLZGvg_000080,0.9880612244897959,0.1363265306122449,0.14363585426160183,0.018610385502577122,7.718048303820008
vggss,C0,12345,best,1021,A4P0IgZQf90_000136,0.9866326530612245,0.38642857142857145,0.12136497115108326,0.015520901524693988,7.819453719101933
vggss,C0,12345,best,1022,A58nnmnhfUo_000001,0.9946938775510205,0.516734693877551,0.13239676901407116,0.014647795379140368,9.038682312740027
vggss,C0,12345,best,1023,A6PMpITUNMs_000180,0.9776530612244898,0.001326530612244898,0.11527663752581317,0.016707476323193384,6.899703779067201
vggss,C0,12345,best,1024,A6T7Pu4pL1M_000030,0.996734693877551,0.3106122448979592,0.09646138698514299,0.007804424025872061,12.359834199854928
vggss,C0,12345,best,1025,A6_-Ji7bq5E_000337,0.9893877551020408,0.6905102040816327,0.10341655633758132,0.016976741889100772,6.091660992029084
vggss,C0,12345,best,1026,A7DQjMwCtI8_000270,0.9976530612244898,0.9262244897959183,0.12272745473388305,0.027139430134985543,4.522108759228316
vggss,C0,12345,best,1027,A7o-wmriwc8_000007,0.9910204081632653,0.3445918367346939,0.14752330850356016,0.01598394030539898,9.229470686507158
vggss,C0,12345,best,1028,A7pW5W-4snM_000150,0.9925510204081632,-0.8008163265306123,0.12857044054722336,0.02470603519206854,5.204009447396025
vggss,C0,12345,best,1029,A8gbOIvxvMA_000030,0.9960204081632653,0.9531632653061225,0.1755809009347163,0.05154188265027446,3.4065674730215023
vggss,C0,12345,best,1030,A9JSptUG5HU_000020,0.9673469387755103,0.8058163265306122,0.12237379265490797,0.03135427821202019,3.9029376414729238
vggss,C0,12345,best,1031,A9KMqwqLboE_000030,0.9951020408163266,0.6206122448979592,0.13879715329936115,0.016044889564763267,8.650552111257802
vggss,C0,12345,best,1032,A9LkQyImgNI_000030,0.991938775510204,0.9022448979591837,0.17818089673956694,0.05472147932020051,3.2561418103657007
vggss,C0,12345,best,1033,A9n6gH2uS5U_000019,0.9860204081632653,0.8124489795918367,0.10186422872373632,0.02260907712937133,4.5054571728363495
vggss,C0,12345,best,1034,AA0Ekw6dlQo_000046,0.9934693877551021,0.5697959183673469,0.16944482544284353,0.016495563747710513,10.272145167900762
vggss,C0,12345,best,1035,AA0N8XMqx9s_000030,0.9890816326530613,-0.05724489795918367,0.1483478143558373,0.020255350853451138,7.323882732476172
vggss,C0,12345,best,1036,AAHybONa3n4_000150,0.9959183673469387,0.3609183673469388,0.14906874080993207,0.009051740845080265,16.468516207128577
vggss,C0,12345,best,1037,AA_XVhso6IU_000244,0.9948979591836735,0.9044897959183673,0.19055188167254636,0.056048705409206104,3.3997552714437513
vggss,C0,12345,best,1038,AAdciXShS1c_000019,0.9848979591836735,0.5833673469387755,0.13926800557144325,0.02219139858993647,6.27576513517267
vggss,C0,12345,best,1039,AAyqgdDOUYA_000020,0.983265306122449,0.8178571428571428,0.11763445504798226,0.031053073174864956,3.788174342216093
vggss,C0,12345,best,1040,ABH4iCT5Iik_000030,0.9178571428571428,0.28714285714285714,0.09429520190424708,0.03312651030343207,2.8465178203355044
vggss,C0,12345,best,1041,ACWNRYsyMGk_000030,0.9940816326530613,-0.6110204081632653,0.1355202622284653,0.019300854256327635,7.021464461037316
vggss,C0,12345,best,1042,ACjLm_tKyu8_000060,0.965204081632653,0.30122448979591837,0.08096883078006638,0.019563344135626656,4.138803172848893
vggss,C0,12345,best,1043,ADjyDcauxzM_000030,0.9883673469387755,0.6423469387755102,0.13320903476201346,0.017657988997922702,7.5438394925766605
vggss,C0,12345,best,1044,ADtA2TMXVvo_000042,0.9940816326530613,0.6772448979591836,0.1899929128399507,0.03987687617583391,4.764488371711768
vggss,C0,12345,best,1045,ADtA2TMXVvo_000092,0.993265306122449,0.7486734693877551,0.19796260965818266,0.035106814094383716,5.638865695017656
vggss,C0,12345,best,1046,AEwl00_Vv9s_000052,0.9961224489795918,0.3985714285714286,0.14313989115009412,0.01084917240042399,13.193623058704475
vggss,C0,12345,best,1047,AF0CtMb81t8_000030,0.9946938775510205,-0.01479591836734694,0.18616510552943835,0.011167686821455023,16.66997906601245
vggss,C0,12345,best,1048,AF7sah5a_DE_000030,0.9942857142857143,0.7958163265306123,0.1422092206655962,0.02484323072040394,5.724264378738738
vggss,C0,12345,best,1049,AFACjpDiMSQ_000062,0.9811224489795919,0.14857142857142858,0.10485824302572512,0.017531562231726305,5.981112329850817
vggss,C0,12345,best,1050,AGA3hiGZJCo_000000,0.9916326530612245,0.16887755102040816,0.16240547488284643,0.021647589139732998,7.5022430366049315
vggss,C0,12345,best,1051,AGDQXlgdzhA_000285,0.9861224489795918,-0.20551020408163265,0.11827237577539008,0.017256659446857933,6.853723696617594
vggss,C0,12345,best,1052,AGTyP86x_Sc_000110,0.98,-0.5645918367346939,0.1562563184393929,0.02741439668201718,5.699790524366754
vggss,C0,12345,best,1053,AHIV0RMwnN8_000150,0.9880612244897959,0.40377551020408164,0.10617814124351284,0.01742274314579052,6.094226400230572
vggss,C0,12345,best,1054,AHIV0RMwnN8_000210,0.9973469387755102,0.638061224489796,0.1480057792997022,0.011908194813919509,12.42890140885989
vggss,C0,12345,best,1055,AHIiNsAzgKo_000024,0.996734693877551,0.8795918367346939,0.19067247129427545,0.03394595746310529,5.61694191426213
vggss,C0,12345,best,1056,AIDJFkDURPY_000030,0.988265306122449,0.9436734693877551,0.14986700833233266,0.04682111398204962,3.200842431681335
vggss,C0,12345,best,1057,AIVt3e5EVtc_000070,0.9767346938775511,0.6814285714285714,0.08952835348946538,0.021235143335988374,4.216046582446972
vggss,C0,12345,best,1058,AIuayXjDos8_000130,0.9934693877551021,0.571734693877551,0.16717246929838953,0.020212997823611006,8.27054308110169
vggss,C0,12345,best,1059,AJw-x30L46E_000080,0.9942857142857143,0.9292857142857143,0.20901371925808523,0.05192681192421966,4.02515986467864
vggss,C0,12345,best,1060,AK_xkz5nfIM_000089,0.9781632653061224,0.3489795918367347,0.0758207973401742,0.011696134111598352,6.482551979716724
vggss,C0,12345,best,1061,AKmkhvb9shk_000000,0.9894897959183674,0.49204081632653063,0.15598210488527958,0.021765307944050204,7.166547116459204
vggss,C0,12345,best,1062,AKxHQn994OI_000140,0.9739795918367347,0.6413265306122449,0.11481055295791065,0.02414741351080093,4.754569383033793
vggss,C0,12345,best,1063,AKxm4V3OylU_000030,0.9966326530612245,0.16959183673469388,0.14777746264574124,0.011196798180864031,13.19818936258951
vggss,C0,12345,best,1064,ALVS3Q_jNaU_000030,0.9624489795918367,0.16091836734693876,0.11653884643328563,0.035211773278164486,3.3096557084091436
vggss,C0,12345,best,1065,ALdjQ9kbwd8_000030,0.9853061224489796,0.6528571428571428,0.23180060239485584,0.041465869239555496,5.590154183328551
vggss,C0,12345,best,1066,ALtDtYnWFuo_000030,0.990204081632653,0.868265306122449,0.1586518437541922,0.049433846822223536,3.2093768531658857
vggss,C0,12345,best,1067,AMLJZImQ5Xk_000030,0.9807142857142858,-0.32918367346938776,0.07443453248630473,0.016480673036170908,4.5164740737796185
vggss,C0,12345,best,1068,AMLvdc8Dbq4_000170,0.99,0.8616326530612245,0.16122739383766604,0.0419530908939883,3.8430396998655767
vggss,C0,12345,best,1069,AMvZ3ANXNW0_000320,0.9914285714285714,0.9188775510204081,0.14390357064653475,0.035991413364195014,3.998275066065978
vggss,C0,12345,best,1070,AMxnCzC33lo_000070,0.9904081632653061,0.6146938775510205,0.15831269335377746,0.01964455852587481,8.058857273135258
vggss,C0,12345,best,1071,AN_nK_tgQSc_000032,0.9966326530612245,0.8630612244897959,0.15243352298224602,0.01598489894297237,9.53609550651943
vggss,C0,12345,best,1072,ANxHyEeVnV8_000026,0.9862244897959184,0.08489795918367347,0.10673481407162186,0.015571852809610992,6.854342599857149
vggss,C0,12345,best,1073,AO4Rp4DQXCw_000358,0.975,0.4813265306122449,0.10095343624712258,0.0251214885986745,4.018608843603689
vggss,C0,12345,best,1074,AOwwp601QZw_000130,0.9810204081632653,0.8775510204081632,0.1405565243537135,0.04722682622455602,2.9762009347270055
vggss,C0,12345,best,1075,APag9oaOG_w_000674,0.9659183673469388,0.2893877551020408,0.1420714696732454,0.03711004882546052,3.828382720309783
vggss,C0,12345,best,1076,AQ3TnlK8dS8_000584,0.9906122448979592,0.3380612244897959,0.08036651861823166,0.012103913143842081,6.639713757291664
vggss,C0,12345,best,1077,AS_f4Rn-hAc_000007,0.9955102040816326,0.8207142857142857,0.17320951381049468,0.02736743035707811,6.329038260097264
vggss,C0,12345,best,1078,AScmP_vDPhs_000001,0.9497959183673469,0.8008163265306123,0.0840274717781616,0.036172006543254434,2.3229972514154467
vggss,C0,12345,best,1079,ATAL-_Dblvg_000000,0.9912244897959184,0.6523469387755102,0.15199914146360397,0.015993107072062775,9.50404075822893
vggss,C0,12345,best,1080,ATYQeoKUFeU_000039,0.980204081632653,0.8256122448979591,0.15003019911875476,0.05008924812758529,2.9952575597981417
vggss,C0,12345,best,1081,ATnl-fq5nAk_000030,0.9865306122448979,0.9607142857142857,0.16103534082508444,0.057137744157147535,2.818370644493497
vggss,C0,12345,best,1082,AWcZq1PRcII_000020,0.9721428571428572,0.4356122448979592,0.11872090106723526,0.02354275012993575,5.042779641800466
vggss,C0,12345,best,1083,AWet9qFT15M_000079,0.9911224489795918,0.9655102040816327,0.12972374649046794,0.03778670393296059,3.433052714008022
vggss,C0,12345,best,1084,AY0jDdFbBZQ_000025,0.9848979591836735,0.3513265306122449,0.09453315562607287,0.01553211023643317,6.086304705997353
vggss,C0,12345,best,1085,AYhduTuI_zM_000102,0.9921428571428571,0.8060204081632653,0.1386807912228345,0.041690456107564666,3.3264397699326462
vggss,C0,12345,best,1086,AZfD5KrH5d8_000030,0.9809183673469388,0.5029591836734694,0.11419077406043258,0.02053520927072426,5.560730964803319
vggss,C0,12345,best,1087,A_0xhMEZ1Cg_000030,0.9806122448979592,0.6802040816326531,0.15724792254644948,0.051235728014134424,3.069106825281558
vggss,C0,12345,best,1088,A_oaLt-n4fQ_000220,0.9929591836734694,0.606734693877551,0.11250513712335246,0.019000260350275248,5.921241869810624
vggss,C0,12345,best,1089,Abezh6k-jOM_000030,0.9914285714285714,0.878265306122449,0.15535956557365493,0.022365071336616724,6.946526717278826
vggss,C0,12345,best,1090,AcHARmL5j-g_000004,0.9641836734693877,0.7218367346938775,0.10370218920030691,0.03819942691076001,2.7147577224802837
vggss,C0,12345,best,1091,AcJXSEfGGcI_000030,0.9931632653061224,0.8929591836734694,0.1791683026861234,0.04092615175546448,4.377843872462326
vggss,C0,12345,best,1092,AcLX-YyZE08_000167,0.9870408163265306,-0.175,0.08677063345650005,0.010430858051447738,8.318647711293208
vggss,C0,12345,best,1093,AcNCcWJezXI_000030,0.9868367346938776,0.5089795918367347,0.13264381427454905,0.024829863018921212,5.342108177297228
vggss,C0,12345,best,1094,AcYJvz2tqkA_000050,0.9892857142857143,0.7545918367346939,0.14012893810150623,0.03305816867031924,4.238859674865135
vggss,C0,12345,best,1095,Aclv9drugo0_000050,0.9956122448979592,0.44357142857142856,0.10045927502238461,0.010600348610603775,9.476978419548661
vggss,C0,12345,best,1096,AdWWI5m-9u4_000342,0.99,0.2795918367346939,0.16886900549164585,0.01840182231951516,9.176754484394735
vggss,C0,12345,best,1097,Af4OOFNWp2Q_000000,0.9897959183673469,0.8136734693877551,0.11658001388741894,0.023083057467826885,5.0504580708126685
vggss,C0,12345,best,1098,AgLNBaSMRBA_000000,0.995,0.9585714285714285,0.20019231907737106,0.03504913170153536,5.711762584652031
vggss,C0,12345,best,1099,AgVUGzrzJ20_000320,0.9874489795918368,0.8422448979591837,0.15174714799348551,0.04340021879796232,3.496460437213514
vggss,C0,12345,best,1100,AgtY6m-b3Gk_000030,0.9956122448979592,0.9745918367346939,0.2745069497036492,0.09428502698936775,2.911458568438492
vggss,C0,12345,best,1101,Ah-IBgwj2lg_000030,0.9898979591836735,0.7587755102040816,0.1324553009718494,0.024288222985086504,5.453478463746806
vggss,C0,12345,best,1102,Ahhba-EM4nI_000000,0.9692857142857143,0.683469387755102,0.08550549098311715,0.020156988416546492,4.241977482753688
vggss,C0,12345,best,1103,AhlnqK6ONro_000030,0.9827551020408163,0.8029591836734694,0.14908453565874466,0.041907586457538344,3.557459359054244
vggss,C0,12345,best,1104,AiHq9qStg00_000042,0.93,-0.45887755102040817,0.08471759532784193,0.01683998235786755,5.030741334967154
vggss,C0,12345,best,1105,Aiks9EreMFY_000171,0.9859183673469388,0.4897959183673469,0.13696688141678573,0.035052342132662326,3.907495850017903
vggss,C0,12345,best,1106,AjLuenrAsbE_000030,0.9928571428571429,0.9091836734693878,0.19886356807648264,0.05681401360388311,3.5002555788963092
vggss,C0,12345,best,1107,AkAdDFHQars_000030,0.9952040816326531,0.6366326530612245,0.12830378286491798,0.012301025251275645,10.430332451485096
vggss,C0,12345,best,1108,AlPu_yxLT2g_000230,0.9921428571428571,0.1603061224489796,0.13272409400252733,0.013843053288667997,9.587775993839164
vggss,C0,12345,best,1109,AlZv9bRtnws_000030,0.9864285714285714,0.9563265306122449,0.17159656995239406,0.07794834737106912,2.2014138303089013
vggss,C0,12345,best,1110,AlnFwT2U1xM_000163,0.9879591836734694,0.7758163265306123,0.0770631667553297,0.018191183136324115,4.236292173951575
vggss,C0,12345,best,1111,Amd-OLa3tMI_000030,0.946734693877551,0.58,0.07261182952080301,0.020797641215281656,3.491349272216958
vggss,C0,12345,best,1112,AmipJSk2B-o_000005,0.9955102040816326,0.8866326530612245,0.14815003783697497,0.03282547006366656,4.513264777309538
vggss,C0,12345,best,1113,Ap9gDgwq1DU_000030,0.9957142857142857,0.813265306122449,0.19506376363986364,0.03761838216866859,5.185331010920702
vggss,C0,12345,best,1114,ApgCxwAImCE_000030,0.9870408163265306,0.7995918367346939,0.16167738336810603,0.03927695190741645,4.116342422630239
vggss,C0,12345,best,1115,Aq3pc1q58Kw_000084,0.9938775510204082,0.7966326530612244,0.12369371636192804,0.020488884995053896,6.037113117272523
vggss,C0,12345,best,1116,Aq58qBpVkv8_000160,0.9923469387755102,0.15581632653061225,0.1308951498850757,0.013095006388316358,9.995806493218906
vggss,C0,12345,best,1117,AqjB8DGt85U_000034,0.9963265306122449,0.4002040816326531,0.14103245828685776,0.010707747138165568,13.171067309217314
vggss,C0,12345,best,1118,Ar5_nY1UZ80_000030,0.9886734693877551,0.40346938775510205,0.11790828603479758,0.01787600237988175,6.595897870739574
vggss,C0,12345,best,1119,Ar5r0pzgaRU_000030,0.9638775510204082,0.478265306122449,0.11557900905203795,0.032162284895779304,3.5936193409941946
vggss,C0,12345,best,1120,AraV2kvytIY_000024,0.9957142857142857,0.9485714285714286,0.21171506628539144,0.04140539113914341,5.11322464202596
vggss,C0,12345,best,1121,Arah6WF7OPM_000026,0.9855102040816327,0.9211224489795918,0.13136302620135362,0.0522015017543017,2.5164606723316836
vggss,C0,12345,best,1122,As1qH-6EF4I_000030,0.9954081632653061,0.33979591836734696,0.13529423040309344,0.01335787214600424,10.128426812616574
vggss,C0,12345,best,1123,AsghD21CFr4_000030,0.9731632653061224,0.7320408163265306,0.08310866855336108,0.02350541909187745,3.5357237507022443
vggss,C0,12345,best,1124,At3hmrH23NI_000400,0.9712244897959184,-0.16969387755102042,0.10938380398088056,0.024540644176829624,4.457250722218479
vggss,C0,12345,best,1125,Atrj65qRrBo_000200,0.9513265306122449,0.6527551020408163,0.06722629955043646,0.02450114256350048,2.7438026359874312
vggss,C0,12345,best,1126,AwFuGITwrms_000030,0.9957142857142857,0.9145918367346939,0.1337263716738697,0.02748975905890976,4.864588714193454
vggss,C0,12345,best,1127,AwJ8orGuOXg_000000,0.951530612244898,0.41122448979591836,0.11701602833806443,0.02692985072804015,4.345216374193412
vggss,C0,12345,best,1128,AwUYzbOW5WQ_000006,0.9783673469387755,0.7879591836734694,0.12129440407783496,0.027033742866405062,4.486778049093897
vggss,C0,12345,best,1129,Awtmlyq0MY8_000030,0.9825510204081632,0.3570408163265306,0.09694236921544491,0.01622194602713841,5.97600121793438
vggss,C0,12345,best,1130,Ax1rIOmzMWY_000000,0.9955102040816326,-0.7878571428571428,0.1337275579788009,0.019570803716467716,6.833013090120401
vggss,C0,12345,best,1131,Ayr3X0IMj04_000000,0.9927551020408163,0.8304081632653061,0.10966484682710033,0.01964783992144735,5.581521799116018
vggss,C0,12345,best,1132,Az8NdAwKHzo_000008,0.99,0.8380612244897959,0.16843868289982497,0.023549721222095636,7.152470354586898
vggss,C0,12345,best,1133,AzkP4-XZjK0_000080,0.9688775510204082,0.2509183673469388,0.09009724517612891,0.020365036955412336,4.424114003494805
vggss,C0,12345,best,1134,AznWFbIOSZw_000030,0.9903061224489796,0.9071428571428571,0.1182056736518434,0.03312470048913506,3.568505432694101
vggss,C0,12345,best,1135,B-1QW7g81gA_000030,0.9889795918367347,0.7237755102040816,0.1530649435059798,0.042336980436609,3.6153958531634856
vggss,C0,12345,best,1136,B-ABbng7Zo4_000508,0.9709183673469388,0.7464285714285714,0.12528157938553866,0.037497669657974506,3.3410497379773956
vggss,C0,12345,best,1137,B-K7y3QUkkw_000030,0.9736734693877551,0.5539795918367347,0.12110972061798433,0.022658633401110073,5.344970213960522
vggss,C0,12345,best,1138,B-yqXExuYrk_000405,0.9609183673469388,0.19581632653061223,0.10061756652411118,0.024999470599373606,4.024787889973649
vggss,C0,12345,best,1139,B0TIfxXf4t0_000100,0.9914285714285714,0.4275510204081633,0.14175093063637584,0.02763937760387671,5.128586202914128
vggss,C0,12345,best,1140,B1vY4Y0MTq8_000074,0.9975510204081632,0.8955102040816326,0.13670953788808607,0.025705172120209535,5.318366951552305
vggss,C0,12345,best,1141,B22gKoTyOfM_000030,0.9943877551020408,0.7922448979591836,0.09050110335737592,0.012307572716754171,7.3532860979304
vggss,C0,12345,best,1142,B2d1f3VfiYA_000171,0.9942857142857143,0.6459183673469387,0.17072196341634607,0.014794364834095498,11.53966157593299
vggss,C0,12345,best,1143,B2dwWGTj7O4_000400,0.9788775510204082,0.8761224489795918,0.15182123843045833,0.053738867150673685,2.8251663364019213
vggss,C0,12345,best,1144,B33GgQddG30_000028,0.9881632653061224,-0.11653061224489795,0.11960292152667337,0.0192844590701753,6.2020366291553
vggss,C0,12345,best,1145,B3bZSOpO9lM_000018,0.9894897959183674,0.48857142857142855,0.08650688931576297,0.013176350487621051,6.565314834106354
vggss,C0,12345,best,1146,B5XbkI3zj3U_000059,0.9978571428571429,0.925,0.21125072088864277,0.02573848084902732,8.20758311758039
vggss,C0,12345,best,1147,B5u3PG7PWDE_000030,0.9821428571428571,-0.5462244897959184,0.12047967892681839,0.019828301746917642,6.076147138801096
vggss,C0,12345,best,1148,B6V6cA5p08M_000083,0.990204081632653,0.2083673469387755,0.15132416246744237,0.016934295813322252,8.93595837320825
vggss,C0,12345,best,1149,B6d2FiFv8tU_000002,0.9921428571428571,0.8071428571428572,0.17611040772676395,0.026212918536032262,6.718458590739627
vggss,C0,12345,best,1150,B7Iab-AC3Dw_000110,0.9661224489795919,0.5162244897959184,0.16729235727136285,0.04190352051492366,3.9923222491958117
vggss,C0,12345,best,1151,B7WXCogPmmg_000135,0.9801020408163266,0.3248979591836735,0.14317991613879963,0.032906515170124565,4.351111486542063
vggss,C0,12345,best,1152,B7iRvj8y9aU_000030,0.9895918367346939,0.9085714285714286,0.11293501392006386,0.04021609295432527,2.8082045177369133
vggss,C0,12345,best,1153,B90BOtSOD2Q_000410,0.9874489795918368,0.4990816326530612,0.18332731659915152,0.029900544376102095,6.13123675252131
vggss,C0,12345,best,1154,B98yOZSj2GE_000012,0.9855102040816327,0.6677551020408163,0.12165770411259719,0.02709127954569941,4.490659214060994
vggss,C0,12345,best,1155,B9a-LlMTQ9o_000170,0.9771428571428571,0.8178571428571428,0.1156195954455303,0.02992886792872282,3.863146301453315
vggss,C0,12345,best,1156,B9wRwZkoFvY_000038,0.9953061224489796,-0.6968367346938775,0.09949435513737366,0.01303329010602377,7.633863309110953
vggss,C0,12345,best,1157,BAekfGvUtFM_000030,0.9911224489795918,0.9419387755102041,0.155147296735448,0.04303784468196697,3.604903960268609
vggss,C0,12345,best,1158,BB3CCG8SD54_000000,0.988265306122449,0.2894897959183673,0.10676640020931473,0.016334210574358993,6.536367320800539
vggss,C0,12345,best,1159,BBfh0v1KH2Y_000030,0.9925510204081632,0.8441836734693877,0.17495246614056723,0.028941820866553288,6.044970941781746
vggss,C0,12345,best,1160,BBgW_3zDdto_000030,0.9964285714285714,0.9359183673469388,0.19152568998081926,0.040033499848483096,4.784135554115845
vggss,C0,12345,best,1161,BBukw6JpCeg_000070,0.9903061224489796,0.4608163265306122,0.13827850385577797,0.021838203063032677,6.331954303046727
vggss,C0,12345,best,1162,BCzUvCRiBZs_000020,0.9963265306122449,0.8675510204081632,0.13971523126842894,0.017257417541039953,8.095952417919507
vggss,C0,12345,best,1163,BE8Mv5ww4BM_000171,0.9794897959183674,0.6724489795918367,0.13301091494521552,0.0331436971451179,4.013158651638482
vggss,C0,12345,best,1164,BEGgDbKEXMw_000028,0.9947959183673469,0.8711224489795918,0.17640285653303672,0.029514171431240587,5.976886626954917
vggss,C0,12345,best,1165,BEHaVb_cz44_000210,0.9783673469387755,0.8216326530612245,0.10544017913675027,0.025036239191539113,4.211502307917849
vggss,C0,12345,best,1166,BFEeNJkKx6g_000030,0.9962244897959184,0.6602040816326531,0.12963315346080545,0.01779707171802696,7.283959716221057
vggss,C0,12345,best,1167,BGVT6ozn17E_000026,0.9655102040816327,-0.09846938775510204,0.07906470075667686,0.01600599254425396,4.93969371396843
vggss,C0,12345,best,1168,BGtTepVOst4_000252,0.9895918367346939,0.7612244897959184,0.08378057104330262,0.01968266052337753,4.256567395642199
vggss,C0,12345,best,1169,BHajqlL5wmw_000500,0.9686734693877551,-0.4083673469387755,0.0774283560803543,0.020208140074523602,3.8315429225457622
vggss,C0,12345,best,1170,BHf4pvm-gGM_000030,0.9588775510204082,0.4887755102040816,0.1429476097798496,0.03453220952583503,4.139544261507632
vggss,C0,12345,best,1171,BIFzpJ9D6-w_000063,0.9564285714285714,-0.1433673469387755,0.10799299347471181,0.032611172952482406,3.311533554222901
vggss,C0,12345,best,1172,BKE_Z-iGErM_000041,0.9827551020408163,-0.2656122448979592,0.08743627948120763,0.014218159996060681,6.149619887906238
vggss,C0,12345,best,1173,BLEthZXy35s_000250,0.9881632653061224,0.8021428571428572,0.16854965125753552,0.025962390269482487,6.4920698559738295
vggss,C0,12345,best,1174,BMgYWTTJv3s_000240,0.9809183673469388,0.8557142857142858,0.09769293042379872,0.029122302641860484,3.354574383255485
vggss,C0,12345,best,1175,BNfeHeas6hA_000076,0.9962244897959184,-0.10204081632653061,0.17110984321736664,0.013493580057264792,12.680833588358414
vggss,C0,12345,best,1176,BNrmXcZQ-p4_000030,0.9925510204081632,0.7045918367346938,0.17717689918100762,0.02196663214837779,8.065728873877097
vggss,C0,12345,best,1177,BNxowL6utbQ_000030,0.9934693877551021,0.8981632653061224,0.1402029841744954,0.024849621157103343,5.642057208361823
vggss,C0,12345,best,1178,BOgYLyIbVN8_000031,0.9905102040816327,0.7053061224489796,0.11385350210702633,0.019571022080651708,5.817453050629589
vggss,C0,12345,best,1179,BQPk4cmN__4_000030,0.9860204081632653,0.8155102040816327,0.1478293814064544,0.02532188393360597,5.838008806693188
vggss,C0,12345,best,1180,BQsQzaDrHKY_000210,0.986734693877551,0.4580612244897959,0.07946768966724944,0.015805938820514946,5.02771082247302
vggss,C0,12345,best,1181,BR3U7WaCP-4_000005,0.9846938775510204,0.07979591836734694,0.11226956947562562,0.01977580227809902,5.677118323536237
vggss,C0,12345,best,1182,BR5NGmkK8w4_000056,0.9966326530612245,0.6475510204081633,0.15444048816447603,0.020808273805945233,7.422071124436574
vggss,C0,12345,best,1183,BR_GZnsBJT4_000045,0.9926530612244898,0.37,0.10677108761614372,0.011830810655306653,9.024832763108423
vggss,C0,12345,best,1184,BRhvg3c0Jq4_000030,0.9936734693877551,0.7233673469387755,0.18844564831901653,0.022486708883115183,8.380312534775445
vggss,C0,12345,best,1185,BS1fqEDAvh0_000330,0.9913265306122448,-0.2045918367346939,0.13273894308154724,0.017576191492013695,7.552201689533334
vggss,C0,12345,best,1186,BT2JPFpMrzM_000002,0.9952040816326531,0.7892857142857143,0.16518781250581904,0.02110971848475938,7.825202056819467
vggss,C0,12345,best,1187,BT2JPFpMrzM_000018,0.9907142857142858,-0.1473469387755102,0.1813467371031838,0.013522601833374752,13.410639412276936
vggss,C0,12345,best,1188,BUGx2e7OgFE_000030,0.9868367346938776,-0.5052040816326531,0.2106121791480567,0.02235119214111662,9.42286110818315
vggss,C0,12345,best,1189,BUSFTmkQTvw_000030,0.9960204081632653,-0.27163265306122447,0.16712240063424388,0.013437138188504866,12.437350743122735
vggss,C0,12345,best,1190,BUyHfzUvQX0_000005,0.9833673469387755,0.2951020408163265,0.11464141814870146,0.0172344822067014,6.651863210843936
vggss,C0,12345,best,1191,BVMzjiOUpZo_000031,0.9928571428571429,-0.5212244897959184,0.11416463670596629,0.015873158992888492,7.192307262663622
vggss,C0,12345,best,1192,BWVovghBe2c_000030,0.9879591836734694,0.9220408163265306,0.1655981116173014,0.049505895197054554,3.3450180217558003
vggss,C0,12345,best,1193,BWlYf-hKucs_000083,0.9959183673469387,0.8390816326530612,0.1150601067606995,0.02355126573378431,4.885516900080902
vggss,C0,12345,best,1194,BWvKAcOV_co_000030,0.9748979591836735,0.5454081632653062,0.19671085277767714,0.04168788967033677,4.7186570088638415
vggss,C0,12345,best,1195,BXoTkN2Frl4_000118,0.9928571428571429,0.919795918367347,0.178854746900664,0.0599186200064987,2.984961050192171
vggss,C0,12345,best,1196,BYBRY2mupcc_000030,0.9907142857142858,0.3905102040816327,0.12083644866735403,0.015046668396932418,8.030777676471496
vggss,C0,12345,best,1197,BZTmMcmbNNg_000000,0.9875510204081632,0.5390816326530612,0.09161512683061267,0.013073073230952388,7.007925773237514
vggss,C0,12345,best,1198,BZU01hhyVKs_000480,0.9912244897959184,0.3657142857142857,0.13382291267912416,0.022575133537412504,5.927890191982561
vggss,C0,12345,best,1199,B_ZxmAiGJFQ_000170,0.9935714285714285,0.35377551020408166,0.13887536805481704,0.015684747931509004,8.854166395357305
vggss,C0,12345,best,1200,BaBT2r8L6E4_000013,0.9895918367346939,0.8883673469387755,0.12419779198380287,0.035148678163538366,3.533498227328503
vggss,C0,12345,best,1201,BaZGT-2NhEA_000157,0.9880612244897959,0.7564285714285715,0.19480436720550537,0.04969049276326718,3.920354908404351
vggss,C0,12345,best,1202,BbNHWQrTu2o_000030,0.9966326530612245,0.04836734693877551,0.08787442576656451,0.008838308915739137,9.94244788277076
vggss,C0,12345,best,1203,BbVoVbQHoXo_000030,0.9758163265306122,0.16081632653061226,0.10052046676573663,0.021955635708580747,4.578344626407288
vggss,C0,12345,best,1204,BbWdsbZ9TsM_000130,0.9910204081632653,0.8559183673469388,0.12509405411241878,0.025640267344126246,4.878812394328475
vggss,C0,12345,best,1205,BeHNQZRpizU_000098,0.9841836734693877,0.6690816326530612,0.09541024421853311,0.013522186844164886,7.05582945407271
vggss,C0,12345,best,1206,BfQ3-G4gjlM_000030,0.9804081632653061,0.09448979591836734,0.09722907313016779,0.019001398782225155,5.116942928492225
vggss,C0,12345,best,1207,BfbrxdAWlWs_000030,0.9868367346938776,0.8007142857142857,0.1281630539669093,0.028799589640684672,4.450169449145748
vggss,C0,12345,best,1208,BfrgQGGlUMk_000065,0.981326530612245,-0.681734693877551,0.12103989171087627,0.025266579291440765,4.790513599594362
vggss,C0,12345,best,1209,Bg2XkNb5LZE_000140,0.9758163265306122,0.678265306122449,0.13457660345944888,0.0449081793038721,2.9967058461407126
vggss,C0,12345,best,1210,Bg7_qkxGkAA_000020,0.9820408163265306,0.09642857142857143,0.11672603248878388,0.020730285608473953,5.630700642207727
vggss,C0,12345,best,1211,Bgnaur8-fas_000160,0.9955102040816326,0.9678571428571429,0.13994750269177536,0.05133724886032362,2.7260421194859714
vggss,C0,12345,best,1212,Bho0lwcxn1g_000020,0.986734693877551,0.3551020408163265,0.1037532385428415,0.017513655858284242,5.924133680733743
vggss,C0,12345,best,1213,Bi9gmCJNqDE_000030,0.9851020408163266,0.9021428571428571,0.1643297530265222,0.07144208517163068,2.300181365531822
vggss,C0,12345,best,1214,BiRPlINV5N4_000023,0.9961224489795918,-0.6943877551020409,0.14542801814218698,0.016458159328901798,8.836226168184199
vggss,C0,12345,best,1215,BioGVnRl7OE_000127,0.9812244897959184,0.6556122448979592,0.12362723832329636,0.020969931376570827,5.895452689054669
vggss,C0,12345,best,1216,BjHakHE9geo_000011,0.9859183673469388,0.25612244897959185,0.13706990585424061,0.022201164049373043,6.1739963521467445
vggss,C0,12345,best,1217,BjYsesK0GQw_000030,0.9906122448979592,0.5612244897959183,0.10041934425557385,0.014850188096584739,6.762159751947411
vggss,C0,12345,best,1218,BjiPjoHIpM0_000005,0.9825510204081632,0.7392857142857143,0.16192281613385925,0.06291585094651636,2.5736410411345614
vggss,C0,12345,best,1219,Bk34jgx0Vo4_000356,0.9914285714285714,0.571734693877551,0.1503070126546957,0.02535609242022826,5.927846064119316
vggss,C0,12345,best,1220,Bo3Mvu8I81g_000458,0.985,0.8943877551020408,0.16716158463753858,0.07060696961058545,2.3674941094268065
vggss,C0,12345,best,1221,BoFlhQi81aQ_000089,0.9818367346938776,-0.3360204081632653,0.1065834607306652,0.016316183463121924,6.532376947805637
vggss,C0,12345,best,1222,Bpw53tN6h8E_000030,0.9964285714285714,-0.4661224489795918,0.12351591006902557,0.010179825341415523,12.133401696639568
vggss,C0,12345,best,1223,Bq10zG74Wc0_000040,0.990204081632653,0.8920408163265307,0.1209395341358756,0.024221867070819126,4.9929897551776845
vggss,C0,12345,best,1224,BqCBBcWN9bw_000023,0.9630612244897959,-0.733265306122449,0.057507062991015094,0.017188989930832056,3.3455754655987158
vggss,C0,12345,best,1225,BqY5blRv2Lw_000090,0.9629591836734694,0.588265306122449,0.12050003584693189,0.05369609110520929,2.2441118779173417
vggss,C0,12345,best,1226,BqmRiPZgeVY_000296,0.9934693877551021,0.7254081632653061,0.14937887749798587,0.01771775935678095,8.431025305737403
vggss,C0,12345,best,1227,BrjXD7rdihs_000497,0.968265306122449,0.3973469387755102,0.09314675109514675,0.024623962954310113,3.7827684872650686
vggss,C0,12345,best,1228,BsnjK6DypAg_000030,0.9885714285714285,0.8426530612244898,0.12424966339512178,0.02532167642563611,4.906849819363825
vggss,C0,12345,best,1229,Bw73mqfb-0k_000045,0.995,0.8173469387755102,0.1767254794917317,0.02359486025497064,7.489998990542935
vggss,C0,12345,best,1230,BwJ2YYLFwTc_000118,0.9828571428571429,0.8517346938775511,0.14957362665976145,0.04736903748408089,3.157624359794687
vggss,C0,12345,best,1231,Bw_fNvTp6jg_000030,0.9485714285714286,0.773673469387755,0.09179396776400205,0.03816087572820027,2.4054470976452933
vggss,C0,12345,best,1232,Bx9dAclTA04_000176,0.993265306122449,0.7136734693877551,0.21473898516032366,0.037629030402363796,5.706737135242106
vggss,C0,12345,best,1233,BxnLAGsByCI_000010,0.9671428571428572,0.9177551020408163,0.1074451602480071,0.043334239602045105,2.479451843039525
vggss,C0,12345,best,1234,BxtN7sKDt5E_000030,0.9815306122448979,0.11214285714285714,0.12343585932116921,0.01910891128122334,6.4595966512471525
vggss,C0,12345,best,1235,BymkWsAcLR4_000000,0.9940816326530613,0.06948979591836735,0.1777941027805906,0.01631487086360932,10.897671472053405
vggss,C0,12345,best,1236,BzOeIRpjUN4_000599,0.9943877551020408,0.5109183673469387,0.18471922230487464,0.017511557541333333,10.548417630406284
vggss,C0,12345,best,1237,BzcOUlROXVo_000110,0.9904081632653061,-0.31244897959183676,0.13741781244265003,0.016982524447019007,8.091718806079585
vggss,C0,12345,best,1238,C-fRZcWsRYM_000010,0.9876530612244898,0.814795918367347,0.1231856485953557,0.029369746977509423,4.1943040465989725
vggss,C0,12345,best,1239,C00BpiE52mM_000270,0.9779591836734693,0.7646938775510204,0.14959416197512665,0.04161251278973666,3.594932195779887
vggss,C0,12345,best,1240,C1pyHakPaIE_000030,0.9854081632653061,0.5810204081632653,0.11815931678130459,0.0187565274526451,6.299637130573518
vggss,C0,12345,best,1241,C1tpllWtBVk_000000,0.9942857142857143,0.8775510204081632,0.12588313175503496,0.020296588233857826,6.202181879269864
vggss,C0,12345,best,1242,C3LXTkKw6sU_000030,0.9755102040816327,0.4468367346938775,0.10995852537163966,0.01924189107591915,5.7145383963455965
vggss,C0,12345,best,1243,C3yqIuEs_zQ_000430,0.9923469387755102,0.9298979591836735,0.13339527163189693,0.02531669935419363,5.269062517417004
vggss,C0,12345,best,1244,C46X66FU_Dw_000030,0.9535714285714286,0.6631632653061225,0.07358905179032274,0.027006875767838175,2.724826537616696
vggss,C0,12345,best,1245,C4EJRCN7f7Q_000558,0.9913265306122448,-0.11622448979591837,0.11779871240892617,0.013088828240031127,8.99994332943023
vggss,C0,12345,best,1246,C5enZKUmB4k_000030,0.9791836734693877,0.13316326530612244,0.12691042993884372,0.02491122493727197,5.094507807561135
vggss,C0,12345,best,1247,C6Ex7oHBFdU_000030,0.996734693877551,0.047142857142857146,0.14620568679917698,0.01047839403060057,13.953062499101039
vggss,C0,12345,best,1248,C70SFMHqnRI_000120,0.995,0.7216326530612245,0.1476848687587683,0.019109270007621155,7.728441154469461
vggss,C0,12345,best,1249,C7KSF6CW6EM_000357,0.9872448979591837,0.7225510204081632,0.16644824370579317,0.026739294350775263,6.22485550748901
vggss,C0,12345,best,1250,C7hEJn-CQEU_000030,0.9937755102040816,0.6506122448979592,0.1457048122016745,0.020762232074788025,7.017781694994472
vggss,C0,12345,best,1251,C989KLZ_3Tw_000021,0.9911224489795918,0.3153061224489796,0.160786358119739,0.02087558506257657,7.702124641669512
vggss,C0,12345,best,1252,CA5iF0mpXFE_000030,0.9645918367346938,0.7010204081632653,0.11033046737482538,0.039409199646958624,2.7996119779950934
vggss,C0,12345,best,1253,CAbXVOWLYps_000030,0.9729591836734693,0.6969387755102041,0.09314161467268552,0.031114589563490728,2.9935029187071818
vggss,C0,12345,best,1254,CCX_4cW_SAU_000000,0.9766326530612245,0.7160204081632653,0.12412624455419348,0.032505511606968754,3.8186214711840574
vggss,C0,12345,best,1255,CD2NWcdAcDM_000006,0.9642857142857143,0.03785714285714286,0.09071122418321369,0.02124655771945166,4.269455098609489
vggss,C0,12345,best,1256,CDABuTQLNe8_000140,0.9833673469387755,0.48918367346938774,0.11013903614029986,0.022157357946373538,4.9707657567686745
vggss,C0,12345,best,1257,CDIex7WRfFo_000025,0.9871428571428571,0.48581632653061224,0.14523816262768685,0.023263186831167026,6.243261668392869
vggss,C0,12345,best,1258,CF7-FnDkLwU_000030,0.9738775510204082,0.78,0.13209275302018783,0.024530550360042737,5.384826311738637
vggss,C0,12345,best,1259,CGYflJRiLt0_000030,0.9931632653061224,0.9228571428571428,0.14468913903789515,0.034464242934900344,4.198239297210129
vggss,C0,12345,best,1260,CHxOPxrzSfQ_000214,0.988265306122449,0.8575510204081632,0.12800269321849697,0.035143575775039564,3.6422785785335434
vggss,C0,12345,best,1261,CIJ9L83uKtE_000030,0.9935714285714285,0.8610204081632653,0.16439812510436408,0.03300476402837082,4.981042281140015
vggss,C0,12345,best,1262,CIJhL5kL8Sg_000788,0.9938775510204082,0.8011224489795918,0.14033190694926012,0.026388811221767172,5.317856335775574
vggss,C0,12345,best,1263,CK5D-skzB5Y_000170,0.9816326530612245,0.42051020408163264,0.0845472544729163,0.020666616437316893,4.091006127169064
vggss,C0,12345,best,1264,CK7_1E8cNMM_000043,0.9808163265306122,0.8014285714285714,0.18206579985966445,0.039400181372578835,4.620938115436594
vggss,C0,12345,best,1265,CL5vkiMs2c0_000010,0.996938775510204,0.9588775510204082,0.1859188504870614,0.03874394406302892,4.798655763713867
vggss,C0,12345,best,1266,CLtTzEgjeJk_000066,0.9767346938775511,0.7645918367346939,0.18491036918340467,0.0403493411117114,4.5827357792897
vggss,C0,12345,best,1267,CMCtge02AnU_000260,0.9671428571428572,0.6874489795918367,0.10208058572333496,0.05035853748884161,2.027076059267088
vggss,C0,12345,best,1268,COhPkkb8I0c_000096,0.9960204081632653,0.9044897959183673,0.17457846696909526,0.03474562346329472,5.024473575888485
vggss,C0,12345,best,1269,CPVPmzfWJhQ_000020,0.991938775510204,0.7474489795918368,0.1346791179008529,0.02541689020536497,5.298803937565304
vggss,C0,12345,best,1270,CPvs0cy_RR4_000034,0.9827551020408163,0.1893877551020408,0.06270524848718019,0.009073108542243942,6.911109703496621
vggss,C0,12345,best,1271,CQ8oRAR8mVo_000014,0.9864285714285714,0.47438775510204084,0.09296655653761712,0.013892731201360378,6.691740824044291
vggss,C0,12345,best,1272,CQGQV-JxPoI_000030,0.9983673469387755,-0.7601020408163265,0.2251922759428068,0.01701571060913068,13.234373874574946
vggss,C0,12345,best,1273,CQNxQ_dD040_000005,0.9943877551020408,-0.5579591836734694,0.15911550132660085,0.01332216126960054,11.943670257894413
vggss,C0,12345,best,1274,CQpGLOiNpnI_000590,0.9680612244897959,0.7606122448979592,0.1134131502248227,0.03810510281310714,2.976324477618562
vggss,C0,12345,best,1275,CRdma6NINIw_000030,0.933265306122449,0.2126530612244898,0.0982838088057654,0.029349799587368736,3.3487045972219778
vggss,C0,12345,best,1276,CSEWnDLoCNA_000021,0.9814285714285714,-0.43448979591836734,0.12356019723133356,0.017717293211137387,6.973988394212585
vggss,C0,12345,best,1277,CT7CrLxIuQI_000030,0.9811224489795919,-0.2829591836734694,0.0876424198134653,0.016719096367255833,5.24205482690512
vggss,C0,12345,best,1278,CTDxHMKWxI8_000265,0.9747959183673469,0.41591836734693877,0.09068068854383049,0.015178005016962459,5.974480074455676
vggss,C0,12345,best,1279,CTWtiwntfgw_000030,0.9896938775510205,0.5245918367346939,0.1369426065636304,0.02773343081819259,4.937817014467561
vggss,C0,12345,best,1280,CU72qSlceqM_000030,0.9936734693877551,0.8891836734693878,0.142165453004803,0.023464205944557486,6.058822247840789
vggss,C0,12345,best,1281,CUJ1MnvyKOw_000040,0.996734693877551,0.7125510204081633,0.1905305325394105,0.026805667491517214,7.1078451077446525
vggss,C0,12345,best,1282,CUL0UrnVfZI_000030,0.9910204081632653,-0.5237755102040816,0.10655125183484064,0.012044395377659091,8.8465421877864
vggss,C0,12345,best,1283,CUt0oGFuxL8_000053,0.9878571428571429,0.5356122448979592,0.14537363155111255,0.025800280578797664,5.634575604986975
vggss,C0,12345,best,1284,CV3EAozMSzw_000047,0.9908163265306122,0.7251020408163266,0.1454062066027239,0.019219128821697403,7.565702272548786
vggss,C0,12345,best,1285,CWA2pRIDHuI_000000,0.9846938775510204,0.4995918367346939,0.16722574096184795,0.02439500904324316,6.854916129172968
vggss,C0,12345,best,1286,CWY1Y5hjfpo_000030,0.9880612244897959,0.8866326530612245,0.1820331635303688,0.06394787439391228,2.846586618486541
vggss,C0,12345,best,1287,CW_UrQzAqzU_000025,0.991734693877551,0.8588775510204082,0.12105703344028536,0.035171702732072034,3.441887200129695
vggss,C0,12345,best,1288,CWxZNhucY8o_000573,0.9537755102040816,0.20234693877551022,0.08758212610919841,0.022412765244883254,3.9076894418100894
vggss,C0,12345,best,1289,CX-gGuT3iEs_000230,0.9880612244897959,0.7128571428571429,0.13415366981484989,0.0413660566859708,3.2430857703762657
vggss,C0,12345,best,1290,CXISjTeWfTE_000200,0.985204081632653,0.4606122448979592,0.1210445143108239,0.0166644606709978,7.2636322711292545
vggss,C0,12345,best,1291,CZgx_6XaEkg_000030,0.9887755102040816,0.8596938775510204,0.16626715093695546,0.03671995200698033,4.527978438134904
vggss,C0,12345,best,1292,C_GSeZOpoRo_000030,0.991938775510204,0.55,0.1302163487397986,0.012643339562105376,10.299205213951787
vggss,C0,12345,best,1293,CcR1jeBHtCk_000058,0.9901020408163266,0.823265306122449,0.1304051894669417,0.027629696337348398,4.719747472963237
vggss,C0,12345,best,1294,CdSt0vG0uk0_000320,0.9953061224489796,-0.9122448979591836,0.16069680112596005,0.023082324106792066,6.96189865381339
vggss,C0,12345,best,1295,Ce1P47VwTAI_000030,0.9923469387755102,0.20091836734693877,0.10702841466678627,0.01118597016885241,9.568094054533539
vggss,C0,12345,best,1296,Ce2fbtvF_TI_000136,0.9948979591836735,0.8437755102040816,0.14294848479967445,0.02333780745804972,6.125189140266405
vggss,C0,12345,best,1297,CfnFpH_Xe4Y_000013,0.9903061224489796,0.3411224489795918,0.1157246147041147,0.017618971287684203,6.568182263002329
vggss,C0,12345,best,1298,Cg07QFTiJtI_000030,0.9528571428571428,0.11938775510204082,0.09255199813233975,0.028194455814459958,3.2826311222816025
vggss,C0,12345,best,1299,CgMmtC41T9k_000030,0.9978571428571429,0.6928571428571428,0.15018226418408936,0.011460886626725956,13.103895804524862
vggss,C0,12345,best,1300,CgMt2IylPic_000494,0.9974489795918368,0.8296938775510204,0.18167992285015772,0.026259583961675576,6.918613909318198
vggss,C0,12345,best,1301,CguHOT6Ve3E_000020,0.9931632653061224,0.3242857142857143,0.08330932709866276,0.011520101140511675,7.231648931075488
vggss,C0,12345,best,1302,CgzmlbU6hsk_000030,0.9820408163265306,-0.4605102040816327,0.12349143182785471,0.02228041299937738,5.542600661455676
vggss,C0,12345,best,1303,ChBwdyjZAJI_000030,0.99,0.7386734693877551,0.11160680752945833,0.018384407122177097,6.070731940810162
vggss,C0,12345,best,1304,Chc1xUT9KB0_000070,0.9938775510204082,0.488265306122449,0.10590631607247326,0.015215165294194187,6.960576111051851
vggss,C0,12345,best,1305,Cih7zp6KJac_000060,0.9928571428571429,0.12214285714285714,0.16017972323299504,0.021469480488568282,7.460810396333759
vggss,C0,12345,best,1306,CiuMO1EkzU4_000010,0.9786734693877551,0.18959183673469387,0.10239045889710979,0.02104828226610157,4.86455177684549
vggss,C0,12345,best,1307,CjO1ZZZI8CE_000030,0.9639795918367347,-0.5675510204081633,0.0868551651756992,0.01967686402957599,4.4140755887294105
vggss,C0,12345,best,1308,CjuYza6dsvs_000030,0.9664285714285714,0.4574489795918367,0.14556587109440033,0.03411984904756198,4.266310524747227
vggss,C0,12345,best,1309,ClaW4rHT6t0_000000,0.9808163265306122,0.8858163265306123,0.13857930861845782,0.042384133441069144,3.269603442786871
vggss,C0,12345,best,1310,CljO1-A89-g_000030,0.9844897959183674,-0.5324489795918367,0.13457959839883332,0.022219321426663136,6.056872566654448
vggss,C0,12345,best,1311,Cmb7oRnRLio_000034,0.976938775510204,0.6559183673469388,0.09303547302635146,0.018825256643872405,4.9420560253894
vggss,C0,12345,best,1312,Cmhpj4MJ_hQ_000020,0.9881632653061224,-0.14255102040816325,0.16019084218437077,0.021776888870632064,7.356002188191416
vggss,C0,12345,best,1313,Cmz0InA1eM4_000030,0.9889795918367347,-0.040918367346938773,0.13172839064989614,0.019286459028116362,6.8300972437635465
vggss,C0,12345,best,1314,Co7vOJiMeO0_000064,0.9921428571428571,0.355,0.15734780404559084,0.01670679506744473,9.418192023687572
vggss,C0,12345,best,1315,CpoUHOCPaNw_000020,0.9798979591836735,0.6051020408163266,0.14439532653883141,0.03133998771648808,4.607382997245545
vggss,C0,12345,best,1316,Cpwy_3wUjSc_000330,0.9927551020408163,-0.5504081632653062,0.1606639217623946,0.01712653726861131,9.380992739078183
vggss,C0,12345,best,1317,Cqb1zyyTiHw_000000,0.9864285714285714,0.2770408163265306,0.1366727820041759,0.02210111052078812,6.183978034751811
vggss,C0,12345,best,1318,Cqb1zyyTiHw_000011,0.9784693877551021,0.423265306122449,0.11102518913477245,0.022404066510075735,4.955582018328741
vggss,C0,12345,best,1319,CqmuLdNiEjE_000077,0.9847959183673469,0.7209183673469388,0.12108814787323634,0.025616996834195233,4.726867425443095
vggss,C0,12345,best,1320,CrOlDmMSVSM_000120,0.9825510204081632,0.3196938775510204,0.11677930721022524,0.022723845302678253,5.139064522519941
vggss,C0,12345,best,1321,Cs0UHi69c7Y_000030,0.9825510204081632,0.9207142857142857,0.12780650608259655,0.04143899894396177,3.0842083385129584
vggss,C0,12345,best,1322,CsRF3qYnSLI_000030,0.99,0.8337755102040816,0.14947527008708092,0.02480880253020306,6.025090082647268
vggss,C0,12345,best,1323,Cs_DJvnYWTs_000010,0.9964285714285714,0.7960204081632654,0.19984922193808813,0.013593625395352887,14.701686719012319
vggss,C0,12345,best,1324,Ct9ltnuEPvc_000038,0.991938775510204,0.4976530612244898,0.12984325699130664,0.01820153103345792,7.13364478804721
vggss,C0,12345,best,1325,CxSALNdzjKs_000096,0.9830612244897959,0.5233673469387755,0.13233399304309096,0.021427852417305958,6.175793563717703
vggss,C0,12345,best,1326,CxSALNdzjKs_000125,0.9955102040816326,0.5270408163265307,0.12136600438183874,0.011770892731355266,10.310688165439174
vggss,C0,12345,best,1327,D-7c7OP4dFg_000051,0.9723469387755102,-0.18051020408163265,0.09794851586587078,0.017963695500520935,5.4525816173531965
vggss,C0,12345,best,1328,D-p9s8y2z_U_000000,0.9943877551020408,0.878265306122449,0.13595388206312467,0.044375355575146366,3.0637249054353353
vggss,C0,12345,best,1329,D05-MrPXqjw_000030,0.9894897959183674,0.881938775510204,0.0975498105059783,0.0243409666308479,4.007639137155344
vggss,C0,12345,best,1330,D0L-M4trkpw_000210,0.9881632653061224,0.8955102040816326,0.12006957895122046,0.04266327521635682,2.814354461590576
vggss,C0,12345,best,1331,D0Vk5yjzXB0_000017,0.9893877551020408,0.8108163265306122,0.11363979461793537,0.024054870431091484,4.724190676622946
vggss,C0,12345,best,1332,D1KdCkSFmnk_000000,0.9966326530612245,0.8458163265306122,0.15825354493315402,0.01914374721764526,8.266591860724523
vggss,C0,12345,best,1333,D1VQAb8CfWM_000008,0.9939795918367347,0.7316326530612245,0.17811379509632533,0.01989649978967233,8.952016534525274
vggss,C0,12345,best,1334,D1VQAb8CfWM_000022,0.9961224489795918,0.6976530612244898,0.14237593130898785,0.018414114522305538,7.731891269413137
vggss,C0,12345,best,1335,D1eDJb5FMw0_000065,0.9956122448979592,0.9388775510204082,0.21120696500023708,0.03705040432640608,5.700530637656454
vggss,C0,12345,best,1336,D1tl1eS7ubI_000000,0.9940816326530613,-0.3787755102040816,0.14810030213206457,0.012428633411842938,11.916056836220099
vggss,C0,12345,best,1337,D2ISzNuhtxE_000009,0.9937755102040816,0.6592857142857143,0.16948003005835413,0.01834004377615307,9.240982852981148
vggss,C0,12345,best,1338,D2IvCQMkGWk_000055,0.9936734693877551,0.4638775510204082,0.16827711865801878,0.017848785094957225,9.42793124365432
vggss,C0,12345,best,1339,D30UC-C-lIs_000029,0.9545918367346938,0.7724489795918368,0.10526597351389512,0.03693078347570514,2.8503585249726475
vggss,C0,12345,best,1340,D3BJuOwltoI_000010,0.9874489795918368,-0.1503061224489796,0.11694773924523075,0.01850016493772057,6.32144305950388
vggss,C0,12345,best,1341,D3FV0JAngZ4_000210,0.9937755102040816,0.9240816326530612,0.23010558776264642,0.07208682486044811,3.192061631346708
vggss,C0,12345,best,1342,D4Jb8jIl-2A_000378,0.9119387755102041,-0.09091836734693877,0.06477400272036499,0.02333174654151972,2.776217485694747
vggss,C0,12345,best,1343,D5Zi0Mfo0Ts_000048,0.9956122448979592,0.6453061224489796,0.1272281384104219,0.014844679361705125,8.570622194685647
vggss,C0,12345,best,1344,D668Jl6zuAk_000190,0.9922448979591837,-0.24540816326530612,0.1080432617326141,0.01079283519412853,10.010646858704126
vggss,C0,12345,best,1345,D7iyQCgox0g_000017,0.9960204081632653,0.8541836734693877,0.16395731927025783,0.02457739044772722,6.671062968176904
vggss,C0,12345,best,1346,D8R-u0sG5eg_000009,0.9058163265306123,0.37204081632653063,0.07012701544121237,0.020359113507462348,3.444502405053555
vggss,C0,12345,best,1347,D9ag3OB7E4k_000000,0.991938775510204,0.47816326530612246,0.14710353256480468,0.016775173027594684,8.769121625322347
vggss,C0,12345,best,1348,D9qpDjafWRM_000030,0.9696938775510204,0.7039795918367346,0.08754382902543743,0.029566906983913517,2.960872067986937
vggss,C0,12345,best,1349,DA2QCyip6mY_000618,0.9914285714285714,0.15153061224489797,0.10265797083002957,0.013450574517859264,7.632236875363461
vggss,C0,12345,best,1350,DC4_1CHRcx8_000196,0.9940816326530613,0.5728571428571428,0.11931379585361893,0.015033909345797675,7.936312046937405
vggss,C0,12345,best,1351,DCftdpZ9lIs_000162,0.9870408163265306,0.44,0.09342246047064788,0.013541091888806808,6.899182225317572
vggss,C0,12345,best,1352,DCrct29xGEY_000030,0.8808163265306123,0.21316326530612245,0.05558007638846237,0.021590306625001932,2.5743069495872617
vggss,C0,12345,best,1353,DDZlMjb-0i4_000150,0.9921428571428571,0.5645918367346939,0.09954742044992151,0.018298024215531672,5.440337124782247
vggss,C0,12345,best,1354,DDhKU_VH0Js_000228,0.9789795918367347,0.828469387755102,0.09054500098901577,0.02174135297992472,4.164644264440312
vggss,C0,12345,best,1355,DDlAcAppYtE_000026,0.995,0.7820408163265307,0.16351050463652045,0.03306219720001866,4.9455425980106416
vggss,C0,12345,best,1356,DDoJMpe85o0_000386,0.9826530612244898,0.7663265306122449,0.07016699883354525,0.020459882681178217,3.4294917486547667
vggss,C0,12345,best,1357,DEGSyVygE98_000110,0.996938775510204,0.7413265306122448,0.16515904773055312,0.020316879034443548,8.129154455788028
vggss,C0,12345,best,1358,DEXE_V8oBYI_000030,0.9578571428571429,-0.1306122448979592,0.09343117831070412,0.02576596973729247,3.6261463963250784
vggss,C0,12345,best,1359,DFTZgruYPL4_000115,0.9918367346938776,0.7596938775510204,0.1532955446217409,0.026924910740133284,5.693446715618788
vggss,C0,12345,best,1360,DFf71XYDX3g_000016,0.9976530612244898,0.763061224489796,0.15065934947545268,0.013883882525937415,10.851384632072175
vggss,C0,12345,best,1361,DGS6j6k14ak_000105,0.9783673469387755,0.193265306122449,0.10178663230324413,0.01571873955488735,6.4754958212661595
vggss,C0,12345,best,1362,DGeHJrq-FoI_000012,0.9894897959183674,0.8237755102040817,0.12604476140408397,0.017490600866719476,7.206428319104673
vggss,C0,12345,best,1363,DHoVXJe-MXY_000293,0.99,0.7238775510204082,0.13533900626215403,0.022003036880551802,6.150923938221384
vggss,C0,12345,best,1364,DHoVXJe-MXY_000729,0.9694897959183674,0.7765306122448979,0.11967053320486518,0.04325978200214752,2.7663230757594763
vggss,C0,12345,best,1365,DIAS8gDM8Hg_000003,0.9951020408163266,0.45581632653061227,0.1282065006669188,0.013934989439020782,9.20032994843288
vggss,C0,12345,best,1366,DIooS7FSHYk_000030,0.9820408163265306,0.6068367346938776,0.13721311495946878,0.029081370523923573,4.7182478847271465
vggss,C0,12345,best,1367,DJbFAoB4-_o_000170,0.9924489795918368,0.10693877551020409,0.16012099958529802,0.01633193882445128,9.804163566028896
vggss,C0,12345,best,1368,DKH0HIZP284_000070,0.988265306122449,0.7712244897959184,0.15055948563380842,0.03714713971775731,4.053057295332944
vggss,C0,12345,best,1369,DKPvyyDnRe4_000003,0.9693877551020408,0.35459183673469385,0.09486481808611975,0.023242805051126313,4.0814702819840045
vggss,C0,12345,best,1370,DKSrNxPQrbY_000090,0.9933673469387755,0.7394897959183674,0.13472378831417803,0.01860229169516728,7.2423221032050655
vggss,C0,12345,best,1371,DLMKy0_82iw_000150,0.9418367346938775,0.7598979591836734,0.07266623675032775,0.037670622148490755,1.9289895575361256
vggss,C0,12345,best,1372,DLbcnJVnyaI_000134,0.9968367346938776,0.7673469387755102,0.11393811776331236,0.016736613482076976,6.807716380934962
vggss,C0,12345,best,1373,DLncH1MUazE_000005,0.9939795918367347,0.6358163265306123,0.16110508153677447,0.014801186164800069,10.884606121630432
vggss,C0,12345,best,1374,DNDz_sjBBY0_000230,0.9871428571428571,0.6805102040816327,0.11512360660860652,0.025482199228558114,4.5178049812743994
vggss,C0,12345,best,1375,DNwWLZCupMc_000300,0.9840816326530613,0.5729591836734694,0.08870369459040744,0.025764061245809496,3.442923603701456
vggss,C0,12345,best,1376,DPdAsDw3chc_000030,0.9905102040816327,0.9,0.10303099373129306,0.0313857190780835,3.282734847494354
vggss,C0,12345,best,1377,DPpmV4JqYsM_000030,0.9945918367346939,0.6791836734693878,0.16887324075018031,0.01844751556046475,9.154253872109264
vggss,C0,12345,best,1378,DQIwRVrlYqI_000159,0.9783673469387755,0.765,0.13977937330996765,0.03440170416592146,4.063152587900978
vggss,C0,12345,best,1379,DRC7KTs-BLc_000008,0.965204081632653,0.23714285714285716,0.08330072045053387,0.02336080334169761,3.5658328710745644
vggss,C0,12345,best,1380,DRSs6q_sTr4_000000,0.986734693877551,0.35112244897959183,0.19040645263001424,0.03675383052025797,5.180587980484539
vggss,C0,12345,best,1381,DSGMDArb1QI_000030,0.9926530612244898,0.766734693877551,0.19315025693732507,0.024111687266606358,8.010648728213633
vggss,C0,12345,best,1382,DShnW2mZR-0_000002,0.9786734693877551,0.7737755102040816,0.08251806051460893,0.02459851201051839,3.3545956145365206
vggss,C0,12345,best,1383,DTkc7PSmJ90_000030,0.988265306122449,0.7355102040816327,0.16747886323617156,0.03147404375313632,5.321173998161029
vggss,C0,12345,best,1384,DUNOn71oGCw_000040,0.9943877551020408,0.9083673469387755,0.1834890052562657,0.04153350969834904,4.417854561025923
vggss,C0,12345,best,1385,DUSKxRMntZY_000268,0.9976530612244898,0.9543877551020408,0.10544330180402177,0.014435601112005505,7.304392867736477
vggss,C0,12345,best,1386,DUlxiX4ri1Q_000045,0.9886734693877551,0.15581632653061225,0.10967769453878903,0.01433273832536101,7.65224983872902
vggss,C0,12345,best,1387,DVDQyIt56nQ_000200,0.9876530612244898,0.4356122448979592,0.11470772713161712,0.017334322786906838,6.617375743011979
vggss,C0,12345,best,1388,DVU3ovcB058_000037,0.9955102040816326,0.43173469387755103,0.16214604261559762,0.013583075003212536,11.937358998404148
vggss,C0,12345,best,1389,DWLJMnVOT20_000083,0.9824489795918367,0.5498979591836735,0.0807623303752713,0.017891019395718386,4.514126813511758
vggss,C0,12345,best,1390,DXWEVucEPvU_000006,0.9859183673469388,0.7642857142857142,0.12340555877238842,0.019016160963281473,6.489509581385731
vggss,C0,12345,best,1391,DYTLct-5tVs_000000,0.9893877551020408,-0.04806122448979592,0.1787406642338521,0.01903169987156852,9.391734077357587
vggss,C0,12345,best,1392,DYdalOQnx1Y_000030,0.9965306122448979,0.8261224489795919,0.15962241857499337,0.029474856295311002,5.415545269355117
vggss,C0,12345,best,1393,DZ2idjIBgKk_000030,0.9918367346938776,-0.4416326530612245,0.22658778485597827,0.015033798502322846,15.071891832324917
vggss,C0,12345,best,1394,DZFP5hm7iKg_000161,0.9866326530612245,0.16,0.1406104930551659,0.017525935620773488,8.022994954317891
vggss,C0,12345,best,1395,DZFP5hm7iKg_000195,0.9895918367346939,0.4362244897959184,0.13570442283505493,0.015746597524858814,8.618015582148542
vggss,C0,12345,best,1396,DaaY_n80b2Y_000005,0.9853061224489796,0.7786734693877551,0.1280426911782493,0.0293507145347388,4.362506780770228
vggss,C0,12345,best,1397,Daqv2F6SEmQ_000030,0.9972448979591837,0.9726530612244898,0.22243408263792555,0.05059767972175719,4.396132072876023
vggss,C0,12345,best,1398,Db0c4aAwUbY_000030,0.9861224489795918,0.9512244897959183,0.12456991135838752,0.04498642410579975,2.7690556392173367
vggss,C0,12345,best,1399,Db6Hjt0x28k_000056,0.9792857142857143,0.8940816326530612,0.15119686840939717,0.05821369837105223,2.5972730240513706
vggss,C0,12345,best,1400,Dbo9tI1f2mo_000083,0.9810204081632653,0.7668367346938776,0.14795262611348273,0.02254897612517071,6.561389984724313
vggss,C0,12345,best,1401,DcMUa81JfBE_000010,0.9957142857142857,0.9214285714285714,0.1327433206512913,0.022499198100051732,5.899913412957863
vggss,C0,12345,best,1402,DcMUa81JfBE_000032,0.9920408163265306,0.6862244897959183,0.1417190654305401,0.022021557452639177,6.435469686253084
vggss,C0,12345,best,1403,DcU6AzN7imA_000210,0.9918367346938776,0.5619387755102041,0.15780095389952895,0.0175083035933881,9.012920815419347
vggss,C0,12345,best,1404,Ddo9DOeh-PA_000218,0.9786734693877551,0.6605102040816326,0.11011586601468742,0.030957833122836852,3.5569629688796787
vggss,C0,12345,best,1405,DeiK0fdPv8Y_000008,0.9760204081632653,-0.7315306122448979,0.10121001585764332,0.02610648764305575,3.8768147305547207
vggss,C0,12345,best,1406,DexDu4FDEWM_000031,0.9951020408163266,0.8155102040816327,0.16002744720787135,0.0203375601257342,7.868566643123533
vggss,C0,12345,best,1407,DfrOLl-Or0Q_000011,0.9973469387755102,-0.7497959183673469,0.20946923104133258,0.01564272568801426,13.390839628533007
vggss,C0,12345,best,1408,DhiZ6pZ8LEc_000170,0.9773469387755102,-0.11193877551020408,0.1165256530910188,0.017349440957913877,6.716392382537611
vggss,C0,12345,best,1409,DiUgEH6m7fw_000099,0.9911224489795918,0.7543877551020408,0.1404927597033445,0.019277464864509177,7.28792715695719
vggss,C0,12345,best,1410,DitJemO43co_000014,0.9957142857142857,0.6553061224489796,0.1549737914341618,0.014731459521501922,10.519921071497585
vggss,C0,12345,best,1411,Dj9gyAoqmQ0_000030,0.99,0.9142857142857143,0.09665488796898554,0.0290807640813109,3.3236708533082164
vggss,C0,12345,best,1412,DjPrMmqCqlg_000075,0.9740816326530612,0.02642857142857143,0.09067757627128674,0.018713474033314227,4.845576834630497
vggss,C0,12345,best,1413,DjXyE3_g0b4_000156,0.9934693877551021,0.8881632653061224,0.1593438413071929,0.045796408061689386,3.479396049850702
vggss,C0,12345,best,1414,DjqOjkoVu3M_000153,0.9929591836734694,0.6628571428571428,0.12362326697489162,0.018496287329489512,6.683680069015426
vggss,C0,12345,best,1415,DkhdvvtvwTE_000020,0.9912244897959184,0.8523469387755102,0.171572772536676,0.02548678355694666,6.731833075496583
vggss,C0,12345,best,1416,Dm8tMkoPiX0_000090,0.9924489795918368,0.7496938775510205,0.14956857600929946,0.02548493366434117,5.8689019159024784
vggss,C0,12345,best,1417,Dm8tMkoPiX0_000135,0.9871428571428571,0.6603061224489796,0.1691290053782084,0.036159781074662015,4.677268510807466
vggss,C0,12345,best,1418,DmJL3kSguyw_000023,0.9952040816326531,0.553265306122449,0.19315104614663206,0.01755815115184241,11.000648330013057
vggss,C0,12345,best,1419,DmTSz-8AGRg_000003,0.9866326530612245,0.46551020408163263,0.13186318318694348,0.014412089448174644,9.149484095357495
vggss,C0,12345,best,1420,Do5DfkHBhtg_000400,0.9934693877551021,0.8655102040816327,0.18591969065494762,0.025071154168089697,7.415681360676417
vggss,C0,12345,best,1421,DoPxrS9KYB0_000490,0.9895918367346939,0.17122448979591837,0.16937545555565253,0.02308716673707213,7.336346528986536
vggss,C0,12345,best,1422,DoT_HlcSeck_000030,0.9933673469387755,0.7716326530612245,0.12271583144519344,0.018650337209482254,6.579818373621788
vggss,C0,12345,best,1423,DpLi9YH5idY_000030,0.971530612244898,0.4583673469387755,0.09887693628781404,0.01975038363890088,5.006329907084103
vggss,C0,12345,best,1424,DpdjtEEqTIQ_000003,0.9796938775510204,0.46530612244897956,0.1354233419767448,0.025794340515286226,5.250118408590066
vggss,C0,12345,best,1425,DpxmQlaOtDg_000194,0.993061224489796,0.7787755102040816,0.15236506178243536,0.022033320866813148,6.915210952695263
vggss,C0,12345,best,1426,DqQT03hOLA4_000240,0.9920408163265306,-0.6202040816326531,0.10681745074311352,0.013199301373706769,8.092659430891977
vggss,C0,12345,best,1427,Dqv8aWzOgmo_000049,0.9896938775510205,-0.075,0.1255027898960357,0.014882444983940202,8.432941632337094
vggss,C0,12345,best,1428,Dr0Crzj0f4I_000141,0.9881632653061224,-0.7306122448979592,0.15716675010089137,0.008973601597075994,17.51434453610058
vggss,C0,12345,best,1429,DrN1hZuDLqA_000153,0.9885714285714285,0.5935714285714285,0.10702466915151267,0.01734215619122456,6.171358853616429
vggss,C0,12345,best,1430,Dr_iScgnMPY_000026,0.9894897959183674,0.7479591836734694,0.13529278195398337,0.03283959872639706,4.119806185245272
vggss,C0,12345,best,1431,DroAzooK4yw_000030,0.9958163265306123,0.9724489795918367,0.1772022649503214,0.08194349091460684,2.162493481452768
vggss,C0,12345,best,1432,DtUw0XOALfk_000064,0.9545918367346938,0.38663265306122446,0.09426971549106812,0.019030865544188733,4.953516973370364
vggss,C0,12345,best,1433,Dtj3xlb92Vk_000070,0.9855102040816327,0.9303061224489796,0.131268239083051,0.0561487114265965,2.337867348116415
vggss,C0,12345,best,1434,Dvq1kY70ip4_000025,0.9770408163265306,0.48367346938775513,0.07968151034543405,0.01908975514417095,4.174045698525619
vggss,C0,12345,best,1435,Dx13FJh7_tU_000022,0.9968367346938776,0.4389795918367347,0.23862461626043258,0.013274643166430735,17.97597218009391
vggss,C0,12345,best,1436,DyC9UIPr8tY_000034,0.9485714285714286,0.5387755102040817,0.07897175568946874,0.02596892123905834,3.041010250772062
vggss,C0,12345,best,1437,DymSRUrjT5c_000560,0.9873469387755102,0.40683673469387754,0.11432461090888718,0.01922063559039032,5.948014069110477
vggss,C0,12345,best,1438,DyzH7KzpIMk_000013,0.9703061224489796,-0.5688775510204082,0.10337155077922434,0.02511040640899253,4.116681709389019
vggss,C0,12345,best,1439,E-hmA_v9ePI_000022,0.9012244897959184,0.44877551020408163,0.10114167171722634,0.047758376649659255,2.1177786770092815
vggss,C0,12345,best,1440,E-pIudhSCSg_000496,0.9925510204081632,0.9270408163265306,0.16734829810316673,0.04171358590024771,4.011841573710712
vggss,C0,12345,best,1441,E0pr-jw5Nrg_000129,0.9878571428571429,0.7862244897959184,0.14584260612391986,0.032892337664977817,4.433938615412126
vggss,C0,12345,best,1442,E1cKPUWHa8I_000084,0.9928571428571429,0.9172448979591836,0.1150817455201705,0.030234815117661795,3.8062658915663423
vggss,C0,12345,best,1443,E2DcawleYIY_000030,0.9353061224489796,0.3086734693877551,0.0783336703168028,0.02920835771263266,2.6818923229950506
vggss,C0,12345,best,1444,E3KhunKjg9s_000181,0.991938775510204,-0.49173469387755103,0.17264830387027075,0.017938820347808207,9.624284123641674
vggss,C0,12345,best,1445,E3XIdP8kxwg_000110,0.9827551020408163,0.48857142857142855,0.08922074587732759,0.012717311479265334,7.015692430180359
vggss,C0,12345,best,1446,E3rjAlJCmUs_000422,0.9785714285714285,0.6695918367346939,0.13986254813030627,0.03154975982255524,4.433078061986295
vggss,C0,12345,best,1447,E4oNVFYPj8Y_000300,0.9759183673469388,0.33346938775510204,0.11378736064178907,0.024806211262600575,4.587051179933396
vggss,C0,12345,best,1448,E6QQRZHrx6s_000030,0.9901020408163266,0.8441836734693877,0.14438151750007255,0.02785604276362982,5.183130953854794
vggss,C0,12345,best,1449,E6_602iIrgY_000561,0.9878571428571429,0.35775510204081634,0.0873487429896143,0.011535580256749344,7.572115233519137
vggss,C0,12345,best,1450,E6tdua70y5E_000316,0.9944897959183674,0.7908163265306123,0.14768805750326214,0.021913812203117625,6.739496356651761
vggss,C0,12345,best,1451,E7CeefZM4I8_000008,0.993061224489796,0.4881632653061225,0.16237865393532136,0.017771826730378328,9.136857814270657
vggss,C0,12345,best,1452,E7m7feGvswI_000229,0.9840816326530613,0.2512244897959184,0.10129626405427113,0.014969736756665781,6.7667364964962085
vggss,C0,12345,best,1453,E7m7feGvswI_000620,0.9934693877551021,-0.3964285714285714,0.19144266127078477,0.019984555938401986,9.57953040642308
vggss,C0,12345,best,1454,E7n4klULtxI_000530,0.988265306122449,0.6135714285714285,0.11964988233956649,0.021217336611880723,5.639250794209868
vggss,C0,12345,best,1455,E7q_QwLYI8U_000210,0.9705102040816327,0.8038775510204081,0.15858254999712826,0.06279007396296458,2.5255990316346
vggss,C0,12345,best,1456,E8SPrMj1cto_000030,0.9924489795918368,0.20275510204081632,0.11954751476297326,0.01103718360523499,10.831342400272412
vggss,C0,12345,best,1457,E9Xbw70cul8_000037,0.9938775510204082,0.2339795918367347,0.16438475931628377,0.017077067893194898,9.626052923393836
vggss,C0,12345,best,1458,EAJT9Bk_GeQ_000030,0.9893877551020408,0.8851020408163265,0.12004512067396228,0.04062007390478012,2.9553151713944943
vggss,C0,12345,best,1459,EBEXWRdUZB8_000024,0.9833673469387755,0.8779591836734694,0.19406455868942618,0.05282417926339676,3.673782752435465
vggss,C0,12345,best,1460,EBHtpU1tB3E_000000,0.9954081632653061,-0.5296938775510204,0.1712034222308782,0.016172707310755357,10.585946987182695
vggss,C0,12345,best,1461,EC7ZXHrHhvE_000057,0.9881632653061224,0.08438775510204082,0.1332983479391033,0.01772616148307354,7.519865373357227
vggss,C0,12345,best,1462,ECP7EJka6N8_000590,0.9873469387755102,0.5912244897959184,0.1580006393174081,0.027011743333767192,5.84933143207727
vggss,C0,12345,best,1463,ECVfSkmVy5Y_000001,0.9976530612244898,0.8405102040816327,0.1776576069969101,0.016755567744542597,10.602899866211601
vggss,C0,12345,best,1464,ED8UQJIMgeY_000521,0.990204081632653,0.943265306122449,0.11818242042688945,0.04297361300358004,2.7501159936690436
vggss,C0,12345,best,1465,EFSxZd_eGjM_000017,0.9914285714285714,-0.2907142857142857,0.16646883719354766,0.014892349028466374,11.178145024357567
vggss,C0,12345,best,1466,EF_X0Ri1S3U_000030,0.9942857142857143,0.8257142857142857,0.16917304192283067,0.04007667439094416,4.221234533398746
vggss,C0,12345,best,1467,EHiNnO7ZU9I_000110,0.9784693877551021,0.7708163265306123,0.10843221342791845,0.03864204952861281,2.8060678652054665
vggss,C0,12345,best,1468,EIzBD62ja8E_000030,0.9904081632653061,0.7775510204081633,0.19912410387027535,0.04536087861391193,4.3897761673691456
vggss,C0,12345,best,1469,EJJx3eIB6ro_000081,0.9872448979591837,0.8860204081632653,0.15500693601814808,0.045521549422611995,3.405133128907761
vggss,C0,12345,best,1470,EJPTTiY0zxI_000308,0.9748979591836735,0.5475510204081633,0.10261460167836296,0.020898221465351606,4.910207399634163
vggss,C0,12345,best,1471,EJwOhdjhxXY_000012,0.9929591836734694,0.8220408163265306,0.15266049280574737,0.02127771405275887,7.174666057980669
vggss,C0,12345,best,1472,EM2O8RPZcuk_000000,0.9961224489795918,-0.6770408163265306,0.18668342571259414,0.0176002402451032,10.606868037754987
vggss,C0,12345,best,1473,ENQli94rpHM_000000,0.9927551020408163,0.41346938775510206,0.1561346820260999,0.01546927131425014,10.093215049002998
vggss,C0,12345,best,1474,ENX0totqysA_000030,0.9923469387755102,0.5742857142857143,0.17155255971823635,0.02698215667297476,6.358000281351225
vggss,C0,12345,best,1475,EN_fOMt-IVE_000060,0.9881632653061224,0.5988775510204082,0.12049405771907269,0.017215428055738516,6.999190338395781
vggss,C0,12345,best,1476,EO2y901299I_000030,0.9912244897959184,-0.5034693877551021,0.1057432528615374,0.011793015817287766,8.966599765475166
vggss,C0,12345,best,1477,EOKUV6hgMhM_000122,0.9839795918367347,0.8239795918367347,0.126755076869912,0.018536060596330377,6.838296422865922
vggss,C0,12345,best,1478,EOSB-mXWEHA_000092,0.9931632653061224,0.8727551020408163,0.13594401511333712,0.03205286049148001,4.241244401555751
vggss,C0,12345,best,1479,EPzNwL4OVYI_000263,0.993061224489796,0.8594897959183674,0.14167747218369983,0.030217348433090686,4.688613645151948
vggss,C0,12345,best,1480,EQ91XVsmq-I_000030,0.9909183673469387,-0.8459183673469388,0.12674159224064427,0.0254090200893981,4.988055099910253
vggss,C0,12345,best,1481,EQHrQIaQNv8_000030,0.9915306122448979,0.9354081632653061,0.1996112879450775,0.05739433067855984,3.477892077233406
vggss,C0,12345,best,1482,EQKs1YLMUuI_000004,0.9841836734693877,0.8486734693877551,0.2042692429566904,0.0645477267654977,3.1646233445029264
vggss,C0,12345,best,1483,ER2x_QMrxeU_000860,0.9865306122448979,0.4576530612244898,0.16334809619297022,0.026479087710820554,6.168947283112733
vggss,C0,12345,best,1484,ERxlveTpCnw_000137,0.9851020408163266,-0.2019387755102041,0.10736210646091675,0.01861243697871095,5.768299260527698
vggss,C0,12345,best,1485,EScf6Anv-8E_000030,0.9940816326530613,0.44724489795918365,0.19562850140180205,0.015039674045109194,13.007496094333188
vggss,C0,12345,best,1486,ETJOLbXNiwA_000007,0.991938775510204,0.7751020408163265,0.14638416659360087,0.03672622435280053,3.9858212809299705
vggss,C0,12345,best,1487,EUF5k23kQuc_000034,0.9845918367346939,0.556734693877551,0.19201838963829054,0.027279216172370595,7.03899952348242
vggss,C0,12345,best,1488,EUXUKCqUKyo_000005,0.9889795918367347,0.8014285714285714,0.15143533179537624,0.03514659433310384,4.30867726073654
vggss,C0,12345,best,1489,EUy-RsUXJ00_000030,0.9957142857142857,-0.1186734693877551,0.1496251998214663,0.011344396136274193,13.189348998756603
vggss,C0,12345,best,1490,EVSNLohmKFc_000540,0.9744897959183674,0.573265306122449,0.10437308712733598,0.025186857101204087,4.1439504225537656
vggss,C0,12345,best,1491,EVX-0lgG7Zo_000120,0.9865306122448979,0.7851020408163265,0.12815164794832384,0.043674341262175134,2.934254856393487
vggss,C0,12345,best,1492,EW2eK_x3Rfc_000020,0.9810204081632653,0.1389795918367347,0.12262020518285156,0.02037311087876716,6.018727621545821
vggss,C0,12345,best,1493,EW3ZkpsGNBA_000001,0.9943877551020408,0.8946938775510204,0.12868539190724335,0.02403092566217079,5.354991052625927
vggss,C0,12345,best,1494,EWWyukVobq8_000009,0.9958163265306123,0.4439795918367347,0.11146407433058735,0.01035014398608771,10.769325961108688
vggss,C0,12345,best,1495,EXEYAlExz_o_000067,0.995,0.7913265306122449,0.1495915593430176,0.023605018923987007,6.337277670682369
vggss,C0,12345,best,1496,EYWZz8l8yKg_000110,0.9608163265306122,0.7124489795918367,0.10592369423032681,0.029823448520029067,3.5516916884775998
vggss,C0,12345,best,1497,Ef0c2AieZ24_000130,0.9953061224489796,0.8661224489795918,0.17233968065207875,0.029562567541170825,5.8296587538300555
vggss,C0,12345,best,1498,EfpGZ55vTVo_000030,0.9933673469387755,0.3385714285714286,0.1222872363881425,0.010855650244679358,11.264846750942322
vggss,C0,12345,best,1499,EfzPbZ8MKAo_000017,0.9973469387755102,0.9389795918367347,0.14338413398850566,0.03117320267645353,4.59959586047955
vggss,C0,12345,best,1500,EhlXJGEcuBU_000010,0.9842857142857143,0.6925510204081633,0.12100955695355549,0.030001579112293585,4.033439589983784
vggss,C0,12345,best,1501,EhvCJi5Zbsw_000088,0.9892857142857143,0.8429591836734693,0.1388292565394662,0.024419882867914477,5.68509100925604
vggss,C0,12345,best,1502,EiOtCVfF83c_000001,0.9816326530612245,0.8106122448979591,0.10185930855708784,0.03186126800787861,3.196963426938947
vggss,C0,12345,best,1503,EksjhWF0zqE_000020,0.988265306122449,0.39622448979591834,0.09608379591968046,0.0184600755871838,5.2049513809351975
vggss,C0,12345,best,1504,EktnWQuAjdI_000030,0.9722448979591837,0.728265306122449,0.11477234035716742,0.03570444114407262,3.2145116035857924
vggss,C0,12345,best,1505,ElJFYwRtrH4_000030,0.9866326530612245,-0.11255102040816327,0.15794906466752862,0.027292773154564735,5.787212012976099
vggss,C0,12345,best,1506,EnXFqxbu-w0_000150,0.9844897959183674,-0.22857142857142856,0.11328594574475867,0.01859541931676336,6.092142576351257
vggss,C0,12345,best,1507,EqFttu-PgP0_000030,0.9779591836734693,0.7861224489795918,0.14986685564187052,0.03929801721499443,3.813598401720069
vggss,C0,12345,best,1508,EqfXm8FwFe0_000009,0.9754081632653061,0.5478571428571428,0.1468040614339777,0.030256827704008244,4.851931698527998
vggss,C0,12345,best,1509,EqkH0kLuIic_000054,0.9846938775510204,0.7948979591836735,0.13271814496904208,0.03063557973106483,4.33215712364876
vggss,C0,12345,best,1510,EsLDe5fYDrs_000080,0.9873469387755102,0.8686734693877551,0.15265789815001915,0.04707660820574887,3.2427548196086264
vggss,C0,12345,best,1511,EtcoN3RhRZg_000127,0.9865306122448979,-0.256530612244898,0.11627363158345486,0.014488817278406318,8.02506024813671
vggss,C0,12345,best,1512,EtoEpxSMfSc_000090,0.9935714285714285,0.9656122448979592,0.2027491185210854,0.06476942799847071,3.1303212763569963
vggss,C0,12345,best,1513,Evh-bm79BgQ_000275,0.9951020408163266,0.40724489795918367,0.14263627735005088,0.01470324457799442,9.701006916767689
vggss,C0,12345,best,1514,ExrHL878QsA_000039,0.9943877551020408,-0.5412244897959184,0.1784178219813934,0.01859538725920993,9.594735484361937
vggss,C0,12345,best,1515,EyEVKlDZtrw_000025,0.9857142857142858,0.26653061224489794,0.07557505591423594,0.012015719656570474,6.289682022741746
vggss,C0,12345,best,1516,EzCuOP46kpM_000210,0.9863265306122448,0.8793877551020408,0.1570525496124208,0.046392553745404484,3.385296495517408
vggss,C0,12345,best,1517,F-bjopMLAo4_000090,0.985204081632653,0.8923469387755102,0.12979555538289814,0.02978450099808857,4.357822056217353
vggss,C0,12345,best,1518,F-c6oa091zo_000150,0.9823469387755102,0.6939795918367347,0.10537142595789357,0.02088251333077478,5.045916853437684
vggss,C0,12345,best,1519,F-mbfDB9bN4_000020,0.9871428571428571,0.28591836734693876,0.10829574625106946,0.01432809114137194,7.558281503274968
vggss,C0,12345,best,1520,F-p8xsDSjnw_000030,0.9952040816326531,0.21428571428571427,0.17816895326196291,0.013547539227875322,13.151388622323656
vggss,C0,12345,best,1521,F0AtWOUItaQ_000060,0.9946938775510205,0.763265306122449,0.1343853244510451,0.016038860734235973,8.378732547018819
vggss,C0,12345,best,1522,F0CgRLr_pTI_000003,0.9468367346938775,-0.026734693877551022,0.0848375813601966,0.02244802749370904,3.779288910082276
vggss,C0,12345,best,1523,F0xRrtS-_Wk_000030,0.9878571428571429,-0.7187755102040816,0.12904392514459634,0.020252061470390104,6.3718908484090555
vggss,C0,12345,best,1524,F1X7egd8Us0_000030,0.9965306122448979,0.9876530612244898,0.2545428011330237,0.0988061653517402,2.576183381136961
vggss,C0,12345,best,1525,F4JohaJr23s_000072,0.9854081632653061,0.051326530612244896,0.12482095972438491,0.023742990568082996,5.2571709265714
vggss,C0,12345,best,1526,F6IUxAJutsk_000030,0.9959183673469387,0.9343877551020409,0.18206786727352817,0.02891520587247702,6.296613210242771
vggss,C0,12345,best,1527,F6oEu35qy_A_000025,0.9039795918367347,0.811530612244898,0.0723046655344915,0.03341984935527286,2.1635245798342755
vggss,C0,12345,best,1528,F9Z4BYM8ttI_000395,0.9881632653061224,0.8670408163265306,0.09298082954908093,0.022450893397146836,4.141520246178594
vggss,C0,12345,best,1529,FD1LeLl1xBA_000060,0.9883673469387755,0.6423469387755102,0.12912120480537984,0.017254171926375114,7.483477350077998
vggss,C0,12345,best,1530,FF2bhR7s3VY_000030,0.9891836734693877,-0.16346938775510203,0.1277621078347743,0.01603495068278462,7.967726896219378
vggss,C0,12345,best,1531,FFSWmryaZ60_000030,0.9626530612244898,0.6740816326530612,0.1180900999454335,0.036116562410407886,3.269693793211142
vggss,C0,12345,best,1532,FGEcmA0EFpI_000000,0.9924489795918368,0.5675510204081633,0.12029151289365562,0.018011309469159284,6.678665596170587
vggss,C0,12345,best,1533,FH0MZoQHSro_000030,0.9764285714285714,0.9346938775510204,0.09964602898979624,0.03835919097770731,2.5977093481378732
vggss,C0,12345,best,1534,FHChU52nch0_000010,0.9898979591836735,-0.28316326530612246,0.12027232323652445,0.011472059227930749,10.483934997798851
vggss,C0,12345,best,1535,FHgtLE-TzQ4_000030,0.986938775510204,0.6991836734693877,0.1487704903414766,0.025398965688219734,5.857344435505013
vggss,C0,12345,best,1536,FHhZzDbLmw0_000016,0.991734693877551,0.8139795918367347,0.13036268666349518,0.023671044141090634,5.507263891126721
vggss,C0,12345,best,1537,FIktp5ggvX4_000010,0.9940816326530613,-0.5973469387755102,0.14722190013865885,0.013966423248290323,10.54113122031303
vggss,C0,12345,best,1538,FJ6cTKn5MUw_000010,0.9830612244897959,0.6174489795918368,0.0899969668143917,0.017811051817139986,5.052872100893309
vggss,C0,12345,best,1539,FK1DCWrW02s_000030,0.985204081632653,0.6011224489795919,0.13006620725731674,0.02508041252526317,5.1859676202017315
vggss,C0,12345,best,1540,FKElIiHW0Ws_000001,0.9864285714285714,0.6303061224489795,0.063890121948357,0.011793415121491712,5.417440265621358
vggss,C0,12345,best,1541,FKbldjY5sJw_000020,0.9952040816326531,-0.8136734693877551,0.1828775729334989,0.022319841847347317,8.193497704161988
vggss,C0,12345,best,1542,FLuiWytkGd4_000029,0.9933673469387755,0.5783673469387756,0.16735461581350936,0.014588347912658806,11.47180042698941
vggss,C0,12345,best,1543,FMLhPfYb-oY_000030,0.9872448979591837,-0.16795918367346938,0.1299703645811957,0.02055420600075693,6.323297751146866
vggss,C0,12345,best,1544,FMr1WHtXJbc_000030,0.8920408163265307,0.8703061224489796,0.12007069779748941,0.05448301157233814,2.2038190315171775
vggss,C0,12345,best,1545,FNFgjJ00J9w_000030,0.9944897959183674,0.8887755102040816,0.12713515421385935,0.02632629389886713,4.829208193992327
vggss,C0,12345,best,1546,FQHhMhW4sHw_000040,0.9916326530612245,0.4473469387755102,0.17189618302089857,0.019354128096338304,8.881628878617395
vggss,C0,12345,best,1547,FRoMl49q5gc_000160,0.9834693877551021,-0.44979591836734695,0.1313830233653532,0.021930274409085574,5.990942972921581
vggss,C0,12345,best,1548,FRwFfq3Tl1g_000310,0.9959183673469387,0.5912244897959184,0.14150824316502975,0.016416042415831677,8.620119245583748
vggss,C0,12345,best,1549,FRzHx9ibb9I_000240,0.9847959183673469,-0.12816326530612246,0.10425143609934275,0.015479751585934997,6.734696969818707
vggss,C0,12345,best,1550,FTOafffuu5U_000150,0.9658163265306122,-0.4228571428571429,0.10551038291761353,0.0256410306294073,4.1149041332451475
vggss,C0,12345,best,1551,FZiKkwC6bIE_000000,0.983265306122449,0.30326530612244895,0.12060103559773325,0.020099588022735846,6.000174504139796
vggss,C0,12345,best,1552,FaMZfnJKuqA_000019,0.9644897959183674,0.4627551020408163,0.10990133896687063,0.035505221209521466,3.095357111516835
vggss,C0,12345,best,1553,FatuEXsaQ20_000030,0.9898979591836735,-0.3270408163265306,0.09590658033797342,0.012371678503341255,7.752107388829386
vggss,C0,12345,best,1554,FayXchyGICg_000027,0.9940816326530613,-0.7368367346938776,0.1301141663003716,0.019021845294802876,6.840249422905423
vggss,C0,12345,best,1555,FbwgXeLSRTE_000002,0.9971428571428571,0.9225510204081633,0.17400886708352226,0.03246827826910557,5.359349998213374
vggss,C0,12345,best,1556,Fc_P1r8SSRw_000071,0.9454081632653061,0.22408163265306122,0.10153141516607803,0.023130839559511653,4.389439255105948
vggss,C0,12345,best,1557,FfwAkXR6JMc_000025,0.9941836734693877,0.26051020408163267,0.11742222383446162,0.008443145666792579,13.907402343689341
vggss,C0,12345,best,1558,FgzVC4jxtxg_000100,0.9738775510204082,0.7604081632653061,0.20072151231662855,0.07106390641743873,2.8245212293504385
vggss,C0,12345,best,1559,Fh6RuC3pNhw_000030,0.9908163265306122,0.9214285714285714,0.09732293634676084,0.027658626327887435,3.5187190857932373
vggss,C0,12345,best,1560,FjRjHKz1kU0_000030,0.9960204081632653,-0.2659183673469388,0.15659322070731552,0.010424977995030353,15.020964148026442
vggss,C0,12345,best,1561,Fl0yc47JSWM_000025,0.993061224489796,0.8664285714285714,0.14726063835771977,0.030640233951510866,4.806119907268474
vggss,C0,12345,best,1562,Fl_gvQ9bPvM_000129,0.9892857142857143,-0.24775510204081633,0.1461490141698221,0.015219364973365667,9.602832603435631
vggss,C0,12345,best,1563,Fm5ZiCupuqc_000045,0.9783673469387755,-0.4240816326530612,0.10669322419743521,0.017049412198505465,6.2578828498725505
vggss,C0,12345,best,1564,FmekHi2dLdI_000083,0.9922448979591837,0.8722448979591837,0.09940013432197027,0.02214997922081417,4.487594924177839
vggss,C0,12345,best,1565,FmpWIi0pt7o_000094,0.9936734693877551,0.8480612244897959,0.14013333703497755,0.033926130958774385,4.130542831579048
vggss,C0,12345,best,1566,FndCEC7yK2g_000104,0.9964285714285714,0.8495918367346939,0.18437819980621167,0.023484569180150114,7.8510360735956715
vggss,C0,12345,best,1567,Fo_FDiZhzDo_000030,0.9901020408163266,0.7560204081632653,0.20421027094623823,0.025237012572320132,8.091697476515717
vggss,C0,12345,best,1568,Fot4v0DdGyE_000020,0.9923469387755102,0.8221428571428572,0.18152686412439883,0.03414789911811422,5.315901382293396
vggss,C0,12345,best,1569,FpYuJwh_vo8_000070,0.9960204081632653,0.573265306122449,0.12921142925195175,0.012513865752916421,10.325460717191916
vggss,C0,12345,best,1570,FrCNRlxXulg_000012,0.9847959183673469,0.3929591836734694,0.14260791567470774,0.012277418151717349,11.615464579966263
vggss,C0,12345,best,1571,FrJx8vk4GWs_000100,0.9701020408163266,0.7244897959183674,0.10714043604450271,0.036163965272887996,2.962629657340854
vggss,C0,12345,best,1572,FrLkQovl2Ok_000000,0.9877551020408163,0.7816326530612245,0.16442256313634343,0.036140649555109504,4.549518759634403
vggss,C0,12345,best,1573,FrnRa5sseEM_000104,0.9821428571428571,0.5489795918367347,0.08045675166036136,0.016779662468105687,4.794896906495664
vggss,C0,12345,best,1574,FsO5303dhUc_000072,0.9954081632653061,0.42948979591836733,0.1583473671631514,0.012668360279794217,12.499436680508076
vggss,C0,12345,best,1575,FsVcCpJ6Gak_000030,0.9941836734693877,0.923469387755102,0.14141312939223907,0.026887332305559335,5.259470437050385
vggss,C0,12345,best,1576,Fsu8KjtWhPo_000003,0.9939795918367347,0.008877551020408164,0.1137914967224593,0.011141563394832629,10.213243212818313
vggss,C0,12345,best,1577,Fsu8KjtWhPo_000079,0.990204081632653,0.7621428571428571,0.14101556687388256,0.02007333321444947,7.025019978863039
vggss,C0,12345,best,1578,FsywuRmOMTM_000030,0.9947959183673469,0.5598979591836735,0.16648699009553422,0.013181622742581016,12.630234785716176
vggss,C0,12345,best,1579,Fup02r6oh-8_000030,0.993265306122449,-0.06673469387755102,0.1427356751236442,0.013424041739668257,10.632839042943232
vggss,C0,12345,best,1580,FvmWB20IUaM_000184,0.9856122448979592,-0.14857142857142858,0.09691879365844941,0.01417283626073942,6.838348505226645
vggss,C0,12345,best,1581,FwVYUHKoLtQ_000034,0.9914285714285714,0.7995918367346939,0.19979310450055748,0.05248602895544204,3.806595935656927
vggss,C0,12345,best,1582,FxkZsO4Kd78_000022,0.9888775510204082,0.5639795918367347,0.1146170421428949,0.014705444974365899,7.794190678533834
vggss,C0,12345,best,1583,Fz-dxPOWP58_000038,0.9945918367346939,0.7940816326530612,0.1541114504456775,0.025096269812897542,6.140811028676307
vggss,C0,12345,best,1584,FzzboZDObbs_000041,0.991938775510204,0.23285714285714285,0.09337775282837556,0.014795281521966285,6.311319773789996
vggss,C0,12345,best,1585,G--718JDmAQ_000000,0.9795918367346939,-0.5592857142857143,0.13181403975820485,0.02069706886946307,6.368729823027564
vggss,C0,12345,best,1586,G-tO6Sqyiu4_000030,0.9828571428571429,0.2820408163265306,0.14735532245821806,0.021863441798928546,6.739804455922372
vggss,C0,12345,best,1587,G2jq2X-00n4_000000,0.9881632653061224,0.2363265306122449,0.11769234424163737,0.017335847904493953,6.788958053279188
vggss,C0,12345,best,1588,G3Ze1ntr30g_000440,0.9881632653061224,0.28346938775510205,0.11715743678846549,0.014777257158485591,7.9282261607790865
vggss,C0,12345,best,1589,G3c7Ye58Y2Q_000025,0.9956122448979592,0.9166326530612245,0.17190851056027712,0.03489909840268096,4.9258725419414
vggss,C0,12345,best,1590,G4fTKotMoWI_000030,0.9978571428571429,0.9637755102040816,0.24882197611536225,0.07249114425671892,3.4324465238703956
vggss,C0,12345,best,1591,G5LqrMcq1QE_000280,0.9870408163265306,0.9077551020408163,0.15789865954620047,0.04914166099448045,3.2131323270480316
vggss,C0,12345,best,1592,G7Fr50rWppo_000040,0.9861224489795918,0.6978571428571428,0.1527514470852223,0.03449067202401145,4.42877561153001
vggss,C0,12345,best,1593,G7IRrV4fNpU_000191,0.9929591836734694,0.8207142857142857,0.1606257965716854,0.02296548953320923,6.994224805851084
vggss,C0,12345,best,1594,G7ZE5J9gHMQ_000150,0.9820408163265306,-0.059897959183673466,0.10720470517425497,0.02195666264628194,4.882559198604285
vggss,C0,12345,best,1595,G7qe64jM9zs_000200,0.9892857142857143,0.7596938775510204,0.11102823646398413,0.01844262469846405,6.020197140010708
vggss,C0,12345,best,1596,G8VETC-kEio_000049,0.9965306122448979,0.848265306122449,0.14271582603465113,0.01446812908560416,9.864152109110906
vggss,C0,12345,best,1597,G93_g41lh7U_000032,0.9912244897959184,0.9203061224489796,0.1603911312449427,0.04447993491273792,3.6059209969529604
vggss,C0,12345,best,1598,GBLKj2d0iC4_000030,0.9907142857142858,0.4959183673469388,0.1635867217729825,0.018542957088084504,8.822040680776935
vggss,C0,12345,best,1599,GBifExKnaWI_000001,0.991938775510204,-0.5831632653061225,0.1355206900068666,0.017401595902737776,7.787831114130472
vggss,C0,12345,best,1600,GC1ajVlK-ek_000050,0.993061224489796,0.9519387755102041,0.15618862098881509,0.03769979201628442,4.142957099639951
vggss,C0,12345,best,1601,GCDWVj9BjU8_000012,0.9945918367346939,0.22193877551020408,0.17920377275992946,0.017223052792986575,10.404878560954264
vggss,C0,12345,best,1602,GD8XWhkFC50_000030,0.9807142857142858,0.00020408163265306123,0.11832729372082527,0.01899076323696998,6.230781366937029
vggss,C0,12345,best,1603,GESrnHr-SjU_000021,0.9893877551020408,-0.48051020408163264,0.16371573429820926,0.017291270728076263,9.468114684733955
vggss,C0,12345,best,1604,GG6XkHATIyw_000090,0.9851020408163266,0.9414285714285714,0.15147077778198212,0.05374819077926772,2.818155840892209
vggss,C0,12345,best,1605,GGpS5Zychoc_000053,0.9928571428571429,0.7545918367346939,0.11015218685745595,0.022135186084604193,4.97633886773921
vggss,C0,12345,best,1606,GGqC1H9BeTg_000180,0.8751020408163265,0.39346938775510204,0.07164496139852518,0.035131879276732614,2.0393148010722757
vggss,C0,12345,best,1607,GHowpWCU9Lo_000030,0.9959183673469387,0.18061224489795918,0.173848370072179,0.015399057010527354,11.289546493225522
vggss,C0,12345,best,1608,GIWJpC_OW1E_000023,0.9927551020408163,-0.8537755102040816,0.15621850301368254,0.02754714985115939,5.670949766409598
vggss,C0,12345,best,1609,GIvdJOuBLgI_000340,0.981326530612245,0.7054081632653061,0.08173673464543496,0.013895132078050845,5.88240069877052
vggss,C0,12345,best,1610,GK9b04Q2X90_000018,0.9776530612244898,-0.21224489795918366,0.07999776016662355,0.014413532962928407,5.5501840091792705
vggss,C0,12345,best,1611,GKPDhTCffNw_000292,0.9948979591836735,-0.0067346938775510205,0.10078789024303801,0.008981518103590047,11.221698724044389
vggss,C0,12345,best,1612,GLIXnXZEOxY_000090,0.9923469387755102,0.37448979591836734,0.11477001750010112,0.01515137179371483,7.574892825724903
vggss,C0,12345,best,1613,GMKY1SWCmIQ_000055,0.9812244897959184,0.16724489795918368,0.14851374853847998,0.027594289947950497,5.382046387807508
vggss,C0,12345,best,1614,GNYKzDo4w7w_000110,0.9915306122448979,-0.17806122448979592,0.12294150451663902,0.013992984103676782,8.785938982402977
vggss,C0,12345,best,1615,GO2Tf8KLJ14_000061,0.9922448979591837,0.9509183673469388,0.20100052654723327,0.07770979215021608,2.586553392894056
vggss,C0,12345,best,1616,GOZBp_5NGtk_000016,0.9757142857142858,0.2888775510204082,0.09800980073196662,0.019148970231283625,5.118280489665614
vggss,C0,12345,best,1617,GO_1gBjIR1c_000030,0.9915306122448979,0.878265306122449,0.16087382431843927,0.03149365135063939,5.108135050055832
vggss,C0,12345,best,1618,GS8dnIAHj2A_000013,0.9910204081632653,0.44571428571428573,0.1373654724761775,0.018593106015588452,7.3879787680987965
vggss,C0,12345,best,1619,GSAMEMX_oAg_000200,0.9866326530612245,0.45112244897959186,0.13138090404828487,0.024434245857832174,5.376916677220547
vggss,C0,12345,best,1620,GSSWxAo_oyo_000011,0.9957142857142857,0.4207142857142857,0.17686658390580104,0.012663999984756563,13.966091607603623
vggss,C0,12345,best,1621,GUJCLsTnqTA_000174,0.9740816326530612,0.48091836734693877,0.060387432522228585,0.01461278375486963,4.132507093462244
vggss,C0,12345,best,1622,GUJCLsTnqTA_000192,0.9859183673469388,0.47061224489795916,0.08351395805939753,0.011877561393878607,7.031237750742211
vggss,C0,12345,best,1623,GVj556hlo5A_000045,0.981938775510204,0.7807142857142857,0.14909152316769217,0.04037047794863792,3.6930829344496883
vggss,C0,12345,best,1624,GVk8l4S9NN0_000039,0.9926530612244898,0.8228571428571428,0.18493946071809322,0.04191853719252713,4.411877730100339
vggss,C0,12345,best,1625,GW4XJ_zY-SQ_000010,0.9791836734693877,0.27163265306122447,0.13420371499198036,0.02365978745017586,5.67222825964072
vggss,C0,12345,best,1626,GWTZtu3NOCc_000030,0.9924489795918368,0.5135714285714286,0.1462627986907484,0.021550823768576814,6.786877395564513
vggss,C0,12345,best,1627,GWlU-skSlAg_000100,0.9647959183673469,0.3807142857142857,0.1359682293578612,0.037220962336362524,3.653001449267443
vggss,C0,12345,best,1628,GX88nJyAb_I_000030,0.988265306122449,0.8646938775510205,0.15267815402087545,0.06246022459417267,2.444406100248314
vggss,C0,12345,best,1629,GXLeUXSVFYU_000030,0.9511224489795919,0.6658163265306123,0.1591162242492743,0.04049178888472456,3.929592360126637
vggss,C0,12345,best,1630,GXRooshOGuc_000030,0.988265306122449,-0.029387755102040815,0.19611958568437435,0.023249354149318908,8.435485322508182
vggss,C0,12345,best,1631,GXuqtCdONDs_000091,0.9861224489795918,0.7862244897959184,0.17426766378138567,0.053568186011956405,3.2531932991438084
vggss,C0,12345,best,1632,GYQVFv7wGHY_000026,0.9886734693877551,-0.3209183673469388,0.13166125563962533,0.022329358524680293,5.8963295113964955
vggss,C0,12345,best,1633,GafN7X_ifI0_000030,0.9945918367346939,0.24214285714285713,0.13283341715319355,0.011965563163467533,11.101309260457692
vggss,C0,12345,best,1634,GbI7rZa22Zs_000052,0.9901020408163266,-0.4085714285714286,0.24655333175030417,0.02152606027057122,11.453713714969616
vggss,C0,12345,best,1635,GbJ84ESfKOs_000030,0.9894897959183674,-0.5845918367346938,0.14137670135236738,0.01862667412640781,7.590013138842202
vggss,C0,12345,best,1636,GdFlyobMoAE_000009,0.9927551020408163,0.8987755102040816,0.1816385343274884,0.04286533182115242,4.237422798576276
vggss,C0,12345,best,1637,GeUJHkgzFSE_000012,0.9901020408163266,0.36214285714285716,0.10259705362753367,0.015572161866019976,6.588491341809821
vggss,C0,12345,best,1638,Gg6Jx9UTBZI_000158,0.9646938775510204,0.6110204081632653,0.04459882004824827,0.016888859684481856,2.6407241744821532
vggss,C0,12345,best,1639,Ggh5JPnDPNw_000070,0.9916326530612245,0.8003061224489796,0.17240216340521344,0.04310041411559486,4.000011761901699
vggss,C0,12345,best,1640,GhEPMDQZ174_000030,0.9857142857142858,0.2925510204081633,0.13847062182435507,0.023456343153878945,5.903333734331746
vggss,C0,12345,best,1641,GjoBV2mf8jo_000080,0.9907142857142858,-0.05714285714285714,0.14528761694630032,0.021690897368218987,6.698091576385053
vggss,C0,12345,best,1642,GjoBV2mf8jo_000131,0.9887755102040816,-0.022448979591836733,0.12061566744785518,0.021228637985124896,5.681743102518951
vggss,C0,12345,best,1643,GjqHhBTAO0U_000030,0.9910204081632653,0.6125510204081632,0.1649105963660956,0.015742674726892336,10.475386122562005
vggss,C0,12345,best,1644,GkStiQ3hR5g_000220,0.9901020408163266,0.2246938775510204,0.10730065685879528,0.011438138120390413,9.380954813573524
vggss,C0,12345,best,1645,Gl91Nx0dVuU_000167,0.9911224489795918,-0.41836734693877553,0.1800235428128647,0.020137335488087497,8.9397896220858
vggss,C0,12345,best,1646,GlnhrMSrP5c_000014,0.9944897959183674,0.895,0.09053761981630894,0.013634695861863532,6.640237577249093
vggss,C0,12345,best,1647,GmIZBYNqyT0_000010,0.9918367346938776,0.7603061224489795,0.19474217735470012,0.028427408434232703,6.850507593938416
vggss,C0,12345,best,1648,GmgaXjkHfk4_000164,0.9928571428571429,0.9331632653061225,0.11360699228473992,0.030036816696632603,3.7822580678955995
vggss,C0,12345,best,1649,GmnVEP2AlQI_000102,0.9548979591836735,0.6478571428571429,0.12479876481968362,0.03610356739031673,3.4566879076098074
vggss,C0,12345,best,1650,Gn7-NxQCzok_000010,0.9872448979591837,0.648061224489796,0.10086866224631923,0.013974102309534353,7.218257030900498
vggss,C0,12345,best,1651,GnmgSQq6E54_000180,0.9901020408163266,0.11908163265306122,0.13309233095172907,0.012909565614426329,10.309590185048483
vggss,C0,12345,best,1652,GnyxoE5mCeQ_000030,0.9803061224489796,0.8811224489795918,0.13229103687616095,0.04524357778908446,2.9239738177398893
vggss,C0,12345,best,1653,GouCuaIlrTU_000036,0.9853061224489796,0.1673469387755102,0.10951286764971052,0.013504388900669385,8.109427864913027
vggss,C0,12345,best,1654,GpCE19eTlaM_000079,0.9960204081632653,0.8902040816326531,0.16520188755505494,0.029116214746334492,5.673879279786965
vggss,C0,12345,best,1655,Gr-aT8sYNN8_000030,0.9877551020408163,0.7222448979591837,0.12652684333625958,0.022297986139106895,5.6743619153279905
vggss,C0,12345,best,1656,GrACpo7aonA_000030,0.8853061224489795,0.2713265306122449,0.0815472602664753,0.035190491396495875,2.317309506925369
vggss,C0,12345,best,1657,Grnk9p9P7Qk_000017,0.9774489795918367,0.06551020408163265,0.10043832343461512,0.019582360330544404,5.1290202886294685
vggss,C0,12345,best,1658,GsBd9c0-Mk4_000330,0.9720408163265306,-0.34030612244897956,0.11771428141028564,0.02785892187605231,4.225371029575754
vggss,C0,12345,best,1659,GtJiY4ezw_E_000010,0.9931632653061224,0.9230612244897959,0.11502983109836201,0.025885744666342938,4.443752056626196
vggss,C0,12345,best,1660,GtZEBM9fBts_000005,0.9957142857142857,0.9375510204081633,0.1398218905618044,0.039291342381538745,3.558592862622594
vggss,C0,12345,best,1661,GteozUDpJRc_000030,0.9874489795918368,0.8074489795918367,0.13310882109472622,0.034124604708604934,3.9006699779048635
vggss,C0,12345,best,1662,GuEoGHNGYr4_000030,0.9844897959183674,-0.6981632653061225,0.13816813579555667,0.02347355627703799,5.886118582326351
vggss,C0,12345,best,1663,Guwl5G6Wr4Y_000030,0.9879591836734694,0.7768367346938776,0.1545864306354789,0.032363197697233614,4.776611757641391
vggss,C0,12345,best,1664,GvBjQc3Tywo_000130,0.9865306122448979,0.8675510204081632,0.12574136000751107,0.03769682521729954,3.3355954853674734
vggss,C0,12345,best,1665,GvRM_UnjJoE_000030,0.9909183673469387,0.003775510204081633,0.10869448129095693,0.014946296675781677,7.272335324848777
vggss,C0,12345,best,1666,GvegcC3HzLA_000058,0.9943877551020408,0.7460204081632653,0.15046029804224678,0.02340965784562874,6.427274547728687
vggss,C0,12345,best,1667,GwBS2NzjAvA_000030,0.9887755102040816,0.8938775510204081,0.08600650399816374,0.02413772263897565,3.56315735682899
vggss,C0,12345,best,1668,GyHmkrrU0ZM_000125,0.9788775510204082,0.0646938775510204,0.13147232465394199,0.02115349296439258,6.2151591169953715
vggss,C0,12345,best,1669,GydL9SSi7U0_000070,0.9874489795918368,0.8848979591836734,0.1382633779107268,0.027337249732275377,5.0576915843691435
vggss,C0,12345,best,1670,GzPqONtFJXA_000060,0.9853061224489796,-0.18489795918367347,0.10648178492039032,0.01698225668950813,6.270178744040315
vggss,C0,12345,best,1671,H-bTMbePj0A_000121,0.9787755102040816,0.7830612244897959,0.1493592600655675,0.047030537894734666,3.1757931495461187
vggss,C0,12345,best,1672,H0MTqgT8UkU_000110,0.9823469387755102,0.37244897959183676,0.06971556491785204,0.01135856276846188,6.1377100553094515
vggss,C0,12345,best,1673,H1ynbvzW0js_000026,0.9964285714285714,0.8737755102040816,0.19800799497794297,0.022623465541093204,8.752328179707117
vggss,C0,12345,best,1674,H2g3fH2PfM0_000102,0.9839795918367347,0.9342857142857143,0.15125682413387984,0.05084031261273679,2.975135603237541
vggss,C0,12345,best,1675,H3P5GZ8fMCw_000030,0.9901020408163266,0.59,0.18751995752941233,0.019468562461176286,9.631936508068321
vggss,C0,12345,best,1676,H3XoJGQoMJI_000040,0.9976530612244898,0.15193877551020407,0.16260041750430654,0.005748540926710549,28.28551098049681
vggss,C0,12345,best,1677,H4rdJlSSt5Y_000030,0.9966326530612245,0.7493877551020408,0.2124337319051209,0.042210703903790885,5.032698160857785
vggss,C0,12345,best,1678,H5XxUukegis_000002,0.9878571428571429,0.5733673469387756,0.09409355271522414,0.017127122688691362,5.493833052142022
vggss,C0,12345,best,1679,H5rRqioLDxY_000030,0.983265306122449,-0.35775510204081634,0.12773227619061964,0.019249828533616665,6.635502023696273
vggss,C0,12345,best,1680,H6RE7PjUrjI_000015,0.9918367346938776,0.9024489795918368,0.1526726140136907,0.05874065123827032,2.599096380365331
vggss,C0,12345,best,1681,H6c8ZDrdUaM_000030,0.980204081632653,0.6307142857142857,0.08736713462312987,0.01672270731452817,5.224461146146354
vggss,C0,12345,best,1682,H85puQUqrQY_000150,0.9888775510204082,0.07795918367346939,0.12054237373213665,0.011354972308266348,10.615822783150476
vggss,C0,12345,best,1683,H942QC8B3bc_000030,0.9962244897959184,0.23316326530612244,0.17499776147915824,0.014134265354591473,12.38110061534332
vggss,C0,12345,best,1684,HAEoz3VbaP8_000000,0.9812244897959184,0.7489795918367347,0.16293395142468198,0.05203058077412355,3.1315036080803114
vggss,C0,12345,best,1685,HALbfdYE3hM_000215,0.9779591836734693,0.8748979591836735,0.11647458993101949,0.04735575064453705,2.4595659100687484
vggss,C0,12345,best,1686,HAkUrI9yU8U_000062,0.9908163265306122,0.6705102040816326,0.12084783447490832,0.02290307524975421,5.27648943022205
vggss,C0,12345,best,1687,HC4f5gUkLME_000171,0.943469387755102,0.2577551020408163,0.17772426818674877,0.03709182543143946,4.791467287455409
vggss,C0,12345,best,1688,HCmwbTIHIcw_000002,0.9526530612244898,0.38295918367346937,0.08501215336019916,0.02458731769110763,3.4575611064294773
vggss,C0,12345,best,1689,HDWZu2roOgU_000032,0.9947959183673469,0.4073469387755102,0.17620848043301857,0.01819333358156118,9.685332247829757
vggss,C0,12345,best,1690,HDvPMEU33HM_000089,0.9835714285714285,-0.5459183673469388,0.09904773978919847,0.01236700807376141,8.009030090256358
vggss,C0,12345,best,1691,HEBbCfH6xME_000003,0.9883673469387755,-0.7141836734693877,0.09878050940071292,0.01754546969081958,5.629972359896323
vggss,C0,12345,best,1692,HINQ5Td2jZc_000090,0.99,-0.44979591836734695,0.12578506199061332,0.011619212541049534,10.825609872117157
vggss,C0,12345,best,1693,HIQ63_WoKwg_000030,0.9929591836734694,0.8242857142857143,0.16119860671197642,0.028043352757034474,5.748193096188932
vggss,C0,12345,best,1694,HIT2YWOALto_000002,0.9865306122448979,0.621938775510204,0.11024736552444832,0.017488125480070494,6.304127086124036
vggss,C0,12345,best,1695,HJ6T0inw2mo_000012,0.9761224489795919,0.7085714285714285,0.09763167436215665,0.030896561497912492,3.1599527464812898
vggss,C0,12345,best,1696,HJg4jZNv1pc_000150,0.9940816326530613,-0.6024489795918367,0.13209417440672716,0.014337169283404009,9.213406900316981
vggss,C0,12345,best,1697,HJhFxiKjBoo_000030,0.9962244897959184,0.8186734693877551,0.1722226095994421,0.01915192716930627,8.992442801028073
vggss,C0,12345,best,1698,HJrYNAIm1AY_000110,0.9897959183673469,-0.12275510204081633,0.16024465418521047,0.01645177903270428,9.740262975004843
vggss,C0,12345,best,1699,HKN2548Ts6A_000030,0.9669387755102041,0.2057142857142857,0.07923796633995436,0.012137251508127523,6.5284933979405375
vggss,C0,12345,best,1700,HKhBeY4I830_000009,0.9926530612244898,0.7334693877551021,0.13250415756701447,0.021583176295511746,6.139233435931713
vggss,C0,12345,best,1701,HKvc2fgaeak_000189,0.9906122448979592,0.03306122448979592,0.1219880686247627,0.01381264435361243,8.8316230767832
vggss,C0,12345,best,1702,HKvimMUXe7c_000181,0.9884693877551021,0.11724489795918368,0.17370230923477453,0.02337145378349346,7.432242377556125
vggss,C0,12345,best,1703,HLn-Q2t8NH8_000000,0.9811224489795919,0.8645918367346939,0.10558185140520236,0.0333513722109113,3.1657423489957632
vggss,C0,12345,best,1704,HLsRePLObfI_000030,0.9871428571428571,0.9032653061224489,0.15702852946981827,0.049522562477769476,3.170848227821569
vggss,C0,12345,best,1705,HLxIwN7KAks_000020,0.9956122448979592,0.761734693877551,0.2006346397693691,0.021121391267210965,9.499120452393498
vggss,C0,12345,best,1706,HMhAM5aicvI_000030,0.9978571428571429,0.9421428571428572,0.1798422182434484,0.029276067356842145,6.142977335424707
vggss,C0,12345,best,1707,HMyRA33XJRM_000077,0.9283673469387755,0.32040816326530613,0.07976123377925007,0.03347005497028755,2.3830625270874726
vggss,C0,12345,best,1708,HN4KMLVaT74_000061,0.9939795918367347,0.8839795918367347,0.16992215267002758,0.026731710633275733,6.356576090514307
vggss,C0,12345,best,1709,HNNDBeHGlBc_000015,0.9915306122448979,0.13561224489795917,0.08649966717470746,0.009754595563312866,8.867581091730097
vggss,C0,12345,best,1710,HN_mjGAWjJ4_000171,0.9951020408163266,0.820204081632653,0.17072430212271728,0.03359503515299012,5.0818313285057535
vggss,C0,12345,best,1711,HNtNFaXeYQ4_000140,0.9897959183673469,0.9086734693877551,0.1560785179606158,0.04994913060804806,3.124749441293932
vggss,C0,12345,best,1712,HOTIBJemUB8_000087,0.9905102040816327,0.8056122448979591,0.14495620690092106,0.04598187952824816,3.1524637180581054
vggss,C0,12345,best,1713,HOhpKjQWqxc_000030,0.9744897959183674,0.44846938775510203,0.13129292686945174,0.0281850725801054,4.658243348364681
vggss,C0,12345,best,1714,HOm3GkVl8D8_000040,0.9905102040816327,0.7110204081632653,0.17283148076200758,0.028530658583060958,6.057745924751278
vggss,C0,12345,best,1715,HOqx0IZGgBk_000286,0.985204081632653,0.855,0.10250162518178725,0.028432619282504706,3.6050714907176715
vggss,C0,12345,best,1716,HP4bUf_w4hU_000522,0.993265306122449,-0.24775510204081633,0.16078377058524837,0.01875855415700054,8.571224052747432
vggss,C0,12345,best,1717,HPfBYRU8tVM_000030,0.9862244897959184,0.24326530612244898,0.11578073501964256,0.01663177011862634,6.9614198725592535
vggss,C0,12345,best,1718,HQ8eR2lvjSE_000030,0.9926530612244898,0.8957142857142857,0.08235450973035899,0.019446532447689444,4.234920027613664
vggss,C0,12345,best,1719,HQAaW-5IwHo_000002,0.9927551020408163,-0.06326530612244897,0.1514856600930446,0.009987470458173716,15.167570279927004
vggss,C0,12345,best,1720,HQAaW-5IwHo_000016,0.9952040816326531,0.6419387755102041,0.1857225856207299,0.020910892069599143,8.88161944514738
vggss,C0,12345,best,1721,HQSHJVH2x4w_000024,0.9898979591836735,0.506938775510204,0.11425200570933754,0.01971762110927006,5.7944112566207595
vggss,C0,12345,best,1722,HS28EUWt8dE_000110,0.9952040816326531,-0.19285714285714287,0.13041245598732387,0.009731362483312933,13.401253546042652
vggss,C0,12345,best,1723,HSPBrLMYWQA_000030,0.9904081632653061,-0.6023469387755102,0.10884812287208387,0.01488562511898845,7.312297737045297
vggss,C0,12345,best,1724,HShbaC9ORSo_000410,0.9957142857142857,-0.5907142857142857,0.14550047529484816,0.013287394942265515,10.950263458492502
vggss,C0,12345,best,1725,HU7oqkJeItQ_000000,0.9861224489795918,0.6698979591836735,0.1916079660522493,0.051077894310105516,3.751289449971327
vggss,C0,12345,best,1726,HUm2vzjI6DQ_000220,0.9783673469387755,-0.10214285714285715,0.12032741388559932,0.02516754327468581,4.78105520957335
vggss,C0,12345,best,1727,HVSrOlC3270_000045,0.9935714285714285,0.6501020408163265,0.12071823656014077,0.021269095110047702,5.675757992314043
vggss,C0,12345,best,1728,HXq7yu1jWJE_000035,0.9892857142857143,0.8941836734693878,0.21028776875356117,0.03897466102025836,5.395499620747367
vggss,C0,12345,best,1729,HXqj_9oZReQ_000014,0.9954081632653061,0.36826530612244895,0.13073526254910475,0.010469483338120374,12.487269746453043
vggss,C0,12345,best,1730,HYQ8F3qtKEA_000083,0.985204081632653,0.833469387755102,0.13858450424674335,0.04620480104556008,2.9993529051254346
vggss,C0,12345,best,1731,HZDIyvYqEC8_000066,0.9788775510204082,0.8256122448979591,0.09789517421390405,0.03196960493123277,3.062132748417706
vggss,C0,12345,best,1732,HZRJxOXw2os_000207,0.9879591836734694,0.06377551020408163,0.16040463383688902,0.018261287507257723,8.783862242634216
vggss,C0,12345,best,1733,H_-2X4LNDH0_000001,0.9922448979591837,0.8716326530612245,0.16237547325567206,0.020423740868400507,7.950329682594948
vggss,C0,12345,best,1734,HaLZD-2ppdU_000008,0.9893877551020408,-0.2907142857142857,0.09182354404436764,0.009216140083857401,9.963340748824104
vggss,C0,12345,best,1735,HajY_r6RNy0_000090,0.9727551020408163,0.743265306122449,0.16077464189330398,0.0484508009617998,3.318307204458064
vggss,C0,12345,best,1736,HbKm3MFLDjQ_000000,0.9858163265306122,0.6586734693877551,0.07562642301790744,0.01148878824958176,6.5826283307693965
vggss,C0,12345,best,1737,Hc_UM8l_sTg_000030,0.9855102040816327,0.9569387755102041,0.18464493665893755,0.05720919262542387,3.2275396345460923
vggss,C0,12345,best,1738,HeLV1buhzpI_000030,0.9914285714285714,-0.22051020408163266,0.14594177998405478,0.02076236977568488,7.029148481642465
vggss,C0,12345,best,1739,HejDlgS37cw_000288,0.9848979591836735,0.3139795918367347,0.1584851332310272,0.02535747691410918,6.250035591784146
vggss,C0,12345,best,1740,Hexc6YWqptw_000005,0.9746938775510204,0.8085714285714286,0.15458844344642164,0.02140003369155131,7.223747666689555
vggss,C0,12345,best,1741,HfnGMq0S-vo_000019,0.9820408163265306,0.11224489795918367,0.10569578244953315,0.01967775019114654,5.3713347015192845
vggss,C0,12345,best,1742,HgJaV3YXwnM_000030,0.9922448979591837,0.8902040816326531,0.17331086116011835,0.05528751045393281,3.1347199347043504
vggss,C0,12345,best,1743,HhJNtJYbWkk_000032,0.9823469387755102,0.29377551020408166,0.12668046167738425,0.020508358939524383,6.177016018246175
vggss,C0,12345,best,1744,HhUYxDk7_98_000018,0.9929591836734694,0.4992857142857143,0.1733782642335247,0.019862923915286317,8.728738275037868
vggss,C0,12345,best,1745,HhsGpNE4abY_000300,0.9737755102040816,0.773673469387755,0.12173423071335646,0.03660637155388488,3.325492955076486
vggss,C0,12345,best,1746,HhvCh6gOZS8_000372,0.9889795918367347,0.22591836734693876,0.12575123862150428,0.01836254423769448,6.848247007261835
vggss,C0,12345,best,1747,Hi6yZLHQ2SA_000000,0.9885714285714285,0.6401020408163265,0.13187362611673753,0.01913175985788299,6.892916652536842
vggss,C0,12345,best,1748,HiM0cqYAV7Q_000020,0.9928571428571429,-0.17346938775510204,0.1715769939640062,0.022700196389427232,7.558392492318671
vggss,C0,12345,best,1749,Hjj6LamDw20_000030,0.9931632653061224,0.7979591836734694,0.1357306383579316,0.027667060488876266,4.905856855031746
vggss,C0,12345,best,1750,Hjx-S-6U9k0_000000,0.9926530612244898,0.8105102040816327,0.12419724834792671,0.02284304105241429,5.43698398400419
vggss,C0,12345,best,1751,Hjx-S-6U9k0_000050,0.9757142857142858,0.673469387755102,0.06185361393934446,0.016375143516087393,3.7772868297964997
vggss,C0,12345,best,1752,Hjyl1n_1muU_000006,0.9876530612244898,-0.3876530612244898,0.09334696209680489,0.011597876003930791,8.04862563327694
vggss,C0,12345,best,1753,Hk8N0oXixHU_000270,0.9345918367346939,0.5624489795918367,0.08913914668170723,0.029368072718140875,3.0352399198005706
vggss,C0,12345,best,1754,HkQHdrxx_v0_000010,0.9941836734693877,-0.04642857142857143,0.14167382168564424,0.014176918772010189,9.993273147995605
vggss,C0,12345,best,1755,Hm6hH83SFGk_000010,0.9971428571428571,0.6583673469387755,0.14593967073613695,0.01340709289549845,10.885258413114858
vggss,C0,12345,best,1756,Hmh623kqD5g_000030,0.9795918367346939,0.07857142857142857,0.1710195444097863,0.02396457771063148,7.136347090060192
vggss,C0,12345,best,1757,HmqjTIXdF5Y_000004,0.9866326530612245,0.7615306122448979,0.15869501944607362,0.036911010435719954,4.2993951553409495
vggss,C0,12345,best,1758,HoJJ9jdljtw_000292,0.9835714285714285,0.8363265306122449,0.12627373145673104,0.050470979299420494,2.501907694471482
vggss,C0,12345,best,1759,HoO07sydAZI_000030,0.9653061224489796,0.6009183673469388,0.06849017632416077,0.02200541800989239,3.1124233265358314
vggss,C0,12345,best,1760,HpDgnUgkNTo_000120,0.993061224489796,-0.24785714285714286,0.12834763827399714,0.013474727134228983,9.52506399539356
vggss,C0,12345,best,1761,HpseKJL6jRQ_000129,0.9906122448979592,0.47081632653061223,0.09937686790430338,0.017911029249298653,5.5483616558883515
vggss,C0,12345,best,1762,HqF7uiKEjUA_000050,0.9964285714285714,0.4607142857142857,0.12278590308843666,0.007948700230463034,15.447293208751947
vggss,C0,12345,best,1763,HqHNS2jKgu8_000115,0.9923469387755102,0.9431632653061225,0.13707531904697134,0.03405195660182774,4.025475559299104
vggss,C0,12345,best,1764,HrEUzoS9ErQ_000000,0.9844897959183674,0.009285714285714286,0.13000972128483532,0.02155578559048741,6.031314457971262
vggss,C0,12345,best,1765,HrPnGYGrvm0_000100,0.9948979591836735,0.9721428571428572,0.2022384201884519,0.1027468180189816,1.968318086026665
vggss,C0,12345,best,1766,Ht9kn-X06os_000184,0.9912244897959184,-0.3053061224489796,0.15952010902089545,0.013472458097826016,11.840460579842992
vggss,C0,12345,best,1767,HwGK5RvNOFI_000030,0.9971428571428571,0.9586734693877551,0.153498264725729,0.03358019347902099,4.571095304189538
vggss,C0,12345,best,1768,HwWQUXnD0oo_000117,0.9906122448979592,0.8876530612244898,0.10084328482291358,0.03545505338059483,2.844257029890889
vggss,C0,12345,best,1769,HwaeZS9P6GI_000180,0.9831632653061224,0.03918367346938775,0.11456180886407194,0.019507237481289155,5.872784856080043
vggss,C0,12345,best,1770,HxMoMMrA6Eo_000030,0.9884693877551021,0.6836734693877551,0.11757632859793891,0.023355610646510032,5.034179169085782
vggss,C0,12345,best,1771,HxQgKit-huA_000000,0.9888775510204082,-0.5357142857142857,0.09193266622004222,0.01270092040689815,7.2382680368669625
vggss,C0,12345,best,1772,HyqNo624chI_000114,0.9904081632653061,0.5746938775510204,0.09851593886487962,0.01448224841195366,6.802530661162011
vggss,C0,12345,best,1773,HzXWXYxXyYA_000050,0.9971428571428571,0.9413265306122449,0.2138354584135386,0.05349228603686771,3.997500840890589
vggss,C0,12345,best,1774,I-DxUDHO_5Q_000275,0.9698979591836735,-0.09826530612244898,0.10078807393475844,0.020453605906251345,4.92764329168746
vggss,C0,12345,best,1775,I-HlrcP6Qg4_000030,0.9938775510204082,-0.06683673469387755,0.10848457091601055,0.011633553220952404,9.325145022814384
vggss,C0,12345,best,1776,I-bNKpYykUY_001034,0.9767346938775511,0.07428571428571429,0.10455546945961468,0.022232796592307036,4.702758333865782
vggss,C0,12345,best,1777,I0CQd_aWJ9g_000030,0.9958163265306123,0.09438775510204081,0.14919468352831167,0.00979553711594321,15.23088338723994
vggss,C0,12345,best,1778,I0Rj_topRmI_000005,0.9683673469387755,-0.03602040816326531,0.08485924408532046,0.015753576726838907,5.386665235250878
vggss,C0,12345,best,1779,I1GC1yWdM_c_000030,0.9918367346938776,0.6356122448979592,0.16160195227561838,0.01736924630716659,9.30391275578498
vggss,C0,12345,best,1780,I1NE3H6soBU_000300,0.9859183673469388,0.7698979591836734,0.1469567037953611,0.04852424052958069,3.028521460439455
vggss,C0,12345,best,1781,I1fcUe9MoMw_000120,0.9908163265306122,0.8426530612244898,0.1491085579697579,0.03604860111192993,4.136320227982768
vggss,C0,12345,best,1782,I1xnDP0v7Bs_000167,0.9805102040816327,0.8331632653061225,0.15950178179102514,0.04224495878248089,3.7756406063099535
vggss,C0,12345,best,1783,I2S72eajLzw_000030,0.9920408163265306,-0.04040816326530612,0.16267545100668093,0.017045459470875986,9.543623701351645
vggss,C0,12345,best,1784,I3OYmetiXqA_000597,0.9926530612244898,0.7380612244897959,0.17850256410887191,0.0319949794494443,5.579080442634015
vggss,C0,12345,best,1785,I5f96kvSXzU_000004,0.9774489795918367,0.47744897959183674,0.06521234095159287,0.012134143862440903,5.3742844728787285
vggss,C0,12345,best,1786,I7OqRsLtmh0_000310,0.9934693877551021,0.46285714285714286,0.11948796180258725,0.014059796057202641,8.4985558337011
vggss,C0,12345,best,1787,IBGfcPIw-KY_000000,0.99,-0.35897959183673467,0.14890572466438165,0.020507470618250583,7.261047812101376
vggss,C0,12345,best,1788,IBnelTCAXKg_000270,0.9518367346938775,-0.6509183673469388,0.09877983088841537,0.027090069377233874,3.6463483910982006
vggss,C0,12345,best,1789,IBq1BKfKfIk_000256,0.9937755102040816,0.9272448979591836,0.15869026384151946,0.028691500856020846,5.530915396787919
vggss,C0,12345,best,1790,IC9hh-3zlQY_000792,0.990204081632653,-0.7896938775510204,0.1364179670081566,0.019976275070109885,6.8289992268016055
vggss,C0,12345,best,1791,IClqeKMGVdQ_000058,0.9951020408163266,0.7889795918367347,0.09704143188394536,0.013726981699792208,7.069393258199967
vggss,C0,12345,best,1792,ID9p52w2ah4_000079,0.9843877551020408,0.6364285714285715,0.18703286840640512,0.027559937727353188,6.786403882936765
vggss,C0,12345,best,1793,IE4pLXxV7MQ_000000,0.9945918367346939,0.7684693877551021,0.14280094024897255,0.014631521576755284,9.759814760198056
vggss,C0,12345,best,1794,IE4pLXxV7MQ_000036,0.9942857142857143,0.8644897959183674,0.17251903186285983,0.03377003549706589,5.108642301482009
vggss,C0,12345,best,1795,IEjaZmXmm4c_000020,0.9834693877551021,0.5083673469387755,0.09961100598818282,0.015203881739697974,6.551682504086722
vggss,C0,12345,best,1796,IFclJMPODCA_000221,0.9935714285714285,0.893265306122449,0.14574375718908755,0.02743233364176043,5.312845749558136
vggss,C0,12345,best,1797,IGF__xZmktU_000167,0.9960204081632653,0.8498979591836735,0.15529307994102326,0.033763447703886784,4.599443792084841
vggss,C0,12345,best,1798,IHSblFkJ6-Y_000029,0.985,0.1430612244897959,0.16855189762529435,0.026444286750245072,6.37384926344184
vggss,C0,12345,best,1799,IHg3nrJZQ1I_000100,0.9853061224489796,0.5548979591836735,0.1225905794534421,0.02019430724787363,6.070551366219821
vggss,C0,12345,best,1800,II0KddTM6H0_000105,0.9954081632653061,0.8948979591836734,0.13726340528562433,0.025789649838329157,5.322422217676658
vggss,C0,12345,best,1801,IID8ylEYH5o_000062,0.9872448979591837,0.6433673469387755,0.09660205566138012,0.014418521182709249,6.6998587745063425
vggss,C0,12345,best,1802,IIKc_1iCxMQ_000014,0.9879591836734694,0.9356122448979591,0.17660111390300504,0.06871956166411634,2.569881262720885
vggss,C0,12345,best,1803,IIdwBaHYhE4_000070,0.9946938775510205,-0.235,0.12966483232537954,0.011983751887916947,10.820053146804451
vggss,C0,12345,best,1804,IJ0jeaVklt8_000016,0.9789795918367347,0.5452040816326531,0.1309360491137385,0.0285256440878322,4.5901171840530015
vggss,C0,12345,best,1805,IJXrQCDz-wc_000233,0.9933673469387755,0.3666326530612245,0.18320175306400485,0.018290302984298172,10.016332327642663
vggss,C0,12345,best,1806,IKDGba7vsOA_000044,0.9477551020408164,0.15612244897959185,0.08277482537064446,0.025330488873354602,3.2677942294953546
vggss,C0,12345,best,1807,IL3ThGKdOMk_000221,0.9743877551020408,0.6478571428571429,0.1344150313437431,0.03317803802860988,4.0513254951313025
vggss,C0,12345,best,1808,ILKdRNizGCs_000594,0.9913265306122448,0.32510204081632654,0.13888245938393404,0.02006257034380935,6.922465915579386
vggss,C0,12345,best,1809,ILv7AQF-ltI_000030,0.9912244897959184,0.8226530612244898,0.12561268219287,0.025989100720429825,4.833283134499797
vggss,C0,12345,best,1810,IMKIBJD-JSM_000013,0.9837755102040816,-0.12816326530612246,0.1285653048063991,0.016327745228146385,7.874039128487464
vggss,C0,12345,best,1811,IMOQv1QHxSQ_000041,0.9904081632653061,-0.20081632653061224,0.12611470156787463,0.015234034114271364,8.278483599411754
vggss,C0,12345,best,1812,IMQtdwaG8I8_000101,0.9890816326530613,-0.38755102040816325,0.11012568471318775,0.017013636743676893,6.47278923209148
vggss,C0,12345,best,1813,IMjpwQHZaWo_000033,0.9812244897959184,-0.0963265306122449,0.09299666086812362,0.019624911082078058,4.738704826696026
vggss,C0,12345,best,1814,INCP-fQ1HDQ_000007,0.9855102040816327,-0.3687755102040816,0.10320821444794695,0.0174697534118102,5.907823196758711
vggss,C0,12345,best,1815,INdCGM4pQOs_000497,0.9921428571428571,0.8604081632653061,0.16673912293135232,0.03440662254345023,4.846134569610449
vggss,C0,12345,best,1816,IRYPJTybCu8_000130,0.9952040816326531,0.7661224489795918,0.13742521681103012,0.01432646613581597,9.59240160889844
vggss,C0,12345,best,1817,IS2lQophwDw_000050,0.9951020408163266,0.19112244897959182,0.21149781357694422,0.015199600263854836,13.91469577524964
vggss,C0,12345,best,1818,IT7iv85SaUQ_000086,0.9905102040816327,0.8388775510204082,0.11967089984266009,0.025406812421038164,4.710189450746145
vggss,C0,12345,best,1819,ITaflypbuAs_000015,0.9690816326530612,0.6086734693877551,0.13008746752378586,0.032966283560541064,3.946076217080588
vggss,C0,12345,best,1820,IUItviB2VsQ_000030,0.9647959183673469,0.008877551020408164,0.08232611533139247,0.01886585059785515,4.363763770118697
vggss,C0,12345,best,1821,IU_j5shHQP4_000430,0.9935714285714285,0.21010204081632652,0.14046119171190657,0.011091012250817395,12.664415883370316
vggss,C0,12345,best,1822,IUgHJv3LBns_000089,0.9523469387755102,0.0022448979591836735,0.10288760052267831,0.025486560714327557,4.036935452998916
vggss,C0,12345,best,1823,IVJkeUVwUaY_000037,0.9718367346938775,0.7535714285714286,0.12370477198963065,0.03968923090765322,3.116834696985192
vggss,C0,12345,best,1824,IVJkeUVwUaY_000145,0.9836734693877551,0.8818367346938776,0.13705245580336248,0.04625625958557403,2.9628953363558415
vggss,C0,12345,best,1825,IWYbTgMqixk_000012,0.9936734693877551,0.7755102040816326,0.15108814152988229,0.02403825297327227,6.285321221050242
vggss,C0,12345,best,1826,IXKMzUr2sIo_000094,0.9859183673469388,-0.20173469387755102,0.10080311892089376,0.009739174005928917,10.350273941047552
vggss,C0,12345,best,1827,IXTJfi5PUdk_000000,0.9891836734693877,0.7125510204081633,0.1615683572904998,0.026271820213026265,6.149872981027402
vggss,C0,12345,best,1828,IYiHhVWrh0w_000030,0.9812244897959184,0.8359183673469388,0.1571704072372356,0.039414493400285945,3.987629769614021
vggss,C0,12345,best,1829,IYllzXfvkmY_000020,0.9925510204081632,-0.19683673469387755,0.13512364943853722,0.014223131625657722,9.500274130542518
vggss,C0,12345,best,1830,IZ51tUuibq8_000030,0.9938775510204082,0.916734693877551,0.1798736557698732,0.025575808762830384,7.032960616724881
vggss,C0,12345,best,1831,IZQPvlIJEoI_000030,0.986734693877551,-0.2439795918367347,0.13175912646005714,0.02029623859986621,6.491800232429553
vggss,C0,12345,best,1832,IZtiMmPN0Xc_000000,0.9826530612244898,0.5340816326530612,0.11793159778275199,0.02513191760200134,4.6925029617859595
vggss,C0,12345,best,1833,IblhEF_MiH8_000400,0.9960204081632653,0.8965306122448979,0.13941301281927465,0.0268798533483346,5.186524309215113
vggss,C0,12345,best,1834,IckvLvmXEBk_000330,0.9898979591836735,0.8607142857142858,0.13409847326432248,0.042628177510254175,3.145770734206622
vggss,C0,12345,best,1835,Idf-WCbVe_U_000011,0.9667346938775511,-0.6293877551020408,0.07083177697106306,0.019558007270941133,3.6216254544655677
vggss,C0,12345,best,1836,IdkAQNGihZU_000151,0.9719387755102041,0.2473469387755102,0.08669238969823023,0.01597010770022944,5.428416096216103
vggss,C0,12345,best,1837,IdqTtYcY8L4_000140,0.9923469387755102,0.5066326530612245,0.10199803799122037,0.012353316433117647,8.256733205487782
vggss,C0,12345,best,1838,IevRzGh8uMs_000134,0.8921428571428571,0.6307142857142857,0.07063377233439629,0.03476796533544461,2.0315762413162517
vggss,C0,12345,best,1839,Ih0xy7tt2JY_000030,0.9977551020408163,0.9020408163265307,0.17912207777511327,0.024128701041433137,7.423610473996499
vggss,C0,12345,best,1840,Ih3hZZRw9Fg_000415,0.9907142857142858,0.4813265306122449,0.10607837991496603,0.016250054502945362,6.52787840777636
vggss,C0,12345,best,1841,Ih7sLCzExYU_000030,0.996938775510204,0.9193877551020408,0.1440082291821092,0.0324072066407074,4.443710029645608
vggss,C0,12345,best,1842,Ii5W65uAeF0_000056,0.9933673469387755,0.5824489795918367,0.16524690665706981,0.025656500750947157,6.440742183088604
vggss,C0,12345,best,1843,IiCNAp2sR9c_000030,0.9918367346938776,-0.38387755102040816,0.14894284561630877,0.011129471264578156,13.38274227728591
vggss,C0,12345,best,1844,IiYSoGSDUY8_000030,0.9878571428571429,0.940204081632653,0.22919507280912094,0.05307729553602061,4.318137736569094
vggss,C0,12345,best,1845,IisvMeU0iKQ_000180,0.9879591836734694,0.22346938775510203,0.1280048463786173,0.017732802120296758,7.218534640506954
vggss,C0,12345,best,1846,IixugYA0nKg_000135,0.9855102040816327,-0.710204081632653,0.12396278219083945,0.03024055941576231,4.099222520540616
vggss,C0,12345,best,1847,IjQYJJo-cnw_000003,0.98,0.7904081632653062,0.13262019926057714,0.03686814548331251,3.597148636635507
vggss,C0,12345,best,1848,Ik2nR__c03E_000030,0.9862244897959184,-0.47153061224489795,0.1429107470651931,0.022057054510164455,6.47914013175858
vggss,C0,12345,best,1849,IkS4Dfi2m10_000162,0.9903061224489796,0.5293877551020408,0.1529035999562171,0.015948575775693134,9.587288677478904
vggss,C0,12345,best,1850,IkUsSY47oBk_000020,0.9926530612244898,-0.32663265306122446,0.13286540472462918,0.013609189857304494,9.762918007445977
vggss,C0,12345,best,1851,IlN12VWPl5o_000040,0.9926530612244898,-0.5101020408163265,0.12824122719771894,0.018398748787115213,6.970105885000575
vggss,C0,12345,best,1852,IlZZUe9pIcI_000214,0.9918367346938776,-0.13612244897959183,0.12603409580153047,0.012762263321944115,9.875528550239261
vggss,C0,12345,best,1853,ImTFnUGgOZo_000091,0.9845918367346939,0.9111224489795918,0.1045184533935995,0.034383102084033994,3.039820349488864
vggss,C0,12345,best,1854,ImhA1R3CLI4_000480,0.9647959183673469,0.26683673469387753,0.12316126960212456,0.030980006120480724,3.975508239835475
vggss,C0,12345,best,1855,InrS4Fdndr4_000000,0.9962244897959184,0.2664285714285714,0.18608267877549192,0.010142491023558927,18.346841850119464
vggss,C0,12345,best,1856,Ip0faarZ9c0_000253,0.9655102040816327,0.7146938775510204,0.1404819681517881,0.054378933901925566,2.583389523692255
vggss,C0,12345,best,1857,IpCLfHuI_VM_000172,0.9355102040816327,0.3647959183673469,0.0682934633600334,0.019276539356273766,3.542827999249073
vggss,C0,12345,best,1858,IsGRLS6yPuE_000500,0.993265306122449,0.7383673469387755,0.12791034345904015,0.01607484740647711,7.957173105574904
vggss,C0,12345,best,1859,ItIo1RvO0PE_000020,0.9951020408163266,0.7619387755102041,0.14748642232460515,0.019839791368689456,7.433869620089032
vggss,C0,12345,best,1860,Iu1k5XJoeXk_000000,0.9962244897959184,0.8422448979591837,0.1919054410342426,0.03206198042339032,5.985451881014841
vggss,C0,12345,best,1861,IwqD859w2_E_000030,0.97,0.10173469387755102,0.13477394449495414,0.022755061185972387,5.922811782111887
vggss,C0,12345,best,1862,IwqNzs5BSvs_000035,0.9968367346938776,0.9364285714285714,0.16253970599111534,0.03411126038270825,4.764986815717612
vggss,C0,12345,best,1863,IwqNzs5BSvs_000046,0.9989795918367347,0.980204081632653,0.16096878162637684,0.030817434065168927,5.2233025399187945
vggss,C0,12345,best,1864,Iy2HaWAAnvQ_000173,0.9963265306122449,-0.2066326530612245,0.17038167343961977,0.013685914471213912,12.44941825392741
vggss,C0,12345,best,1865,Iy47-2ecO1g_000250,0.9956122448979592,0.8898979591836734,0.14554935462267904,0.03647625885885851,3.9902489777218855
vggss,C0,12345,best,1866,IyL7GafTLfY_000030,0.9828571428571429,0.5478571428571428,0.11611322183912416,0.02525283102361853,4.598027909446094
vggss,C0,12345,best,1867,IyV2j4BsEM8_000030,0.9934693877551021,-0.040612244897959185,0.15255344781067,0.017262771550999454,8.837135297769592
vggss,C0,12345,best,1868,IzKed528MCk_000070,0.9974489795918368,0.9280612244897959,0.17559239569128185,0.025141857207924546,6.9840662222811565
vggss,C0,12345,best,1869,IzZFPvqT1_s_000190,0.9778571428571429,0.005714285714285714,0.14792566994196132,0.01984257190415153,7.454964540711167
vggss,C0,12345,best,1870,J-MC4VxOaJc_000511,0.9841836734693877,0.6066326530612245,0.14023350029806783,0.0444303573464451,3.1562541620946023
vggss,C0,12345,best,1871,J1SB5arXFf4_000006,0.9889795918367347,0.23775510204081632,0.07155057383777964,0.010176867988877174,7.030706688539241
vggss,C0,12345,best,1872,J2nDnAerah0_000030,0.9901020408163266,0.4954081632653061,0.1477633450241129,0.017652961774143074,8.370456295925774
vggss,C0,12345,best,1873,J2zZ026RO9c_000095,0.9953061224489796,0.893673469387755,0.18392331363096626,0.0391501603202995,4.697894264703722
vggss,C0,12345,best,1874,J3_suqJKrug_000058,0.9739795918367347,0.04479591836734694,0.09859113966423114,0.017189070947937826,5.735687516960253
vggss,C0,12345,best,1875,J4IWp4vNFnw_000100,0.9870408163265306,0.5653061224489796,0.07958203643953839,0.012000729865028655,6.631433032373183
vggss,C0,12345,best,1876,J5q9wLnXFh8_000206,0.9947959183673469,0.8178571428571428,0.1699233948820113,0.02303125204814706,7.37794864676852
vggss,C0,12345,best,1877,J65y3xLtzhY_000016,0.9863265306122448,0.4716326530612245,0.17417029866798595,0.030078690174055487,5.790488138283938
vggss,C0,12345,best,1878,J66wMnYRl7s_000306,0.9707142857142858,-0.5351020408163265,0.09673341964679331,0.021130234801294452,4.577962363242048
vggss,C0,12345,best,1879,J6iYFxXuHrI_000654,0.9756122448979592,0.04673469387755102,0.10920388792035411,0.02138303335070075,5.10703444779388
vggss,C0,12345,best,1880,J75Aju6BsT8_000010,0.9846938775510204,0.4729591836734694,0.08546186734663701,0.021331174338924567,4.006430494109667
vggss,C0,12345,best,1881,JA4NSoCs-Q0_000408,0.935,-0.4903061224489796,0.06594954826081237,0.021444919384635757,3.075299425376344
vggss,C0,12345,best,1882,JBTEFp-SiAA_000171,0.9962244897959184,0.16091836734693876,0.1605054874609744,0.01084548490528423,14.799291028727682
vggss,C0,12345,best,1883,JBbLvj_lHRI_000089,0.9856122448979592,0.8589795918367347,0.16467632919817227,0.03768308558496224,4.3700330437878945
vggss,C0,12345,best,1884,JCapiyzc_AA_000030,0.9877551020408163,0.23755102040816325,0.15523987722257976,0.021695860415809724,7.155276363663218
vggss,C0,12345,best,1885,JDBu-3VCyWc_000110,0.9823469387755102,0.72,0.12588610073896578,0.03424482326336409,3.6760622115296964
vggss,C0,12345,best,1886,JDbNy8sAMOo_000023,0.9892857142857143,-0.27561224489795916,0.10993990601726399,0.014238465707867926,7.7213309546767475
vggss,C0,12345,best,1887,JEWRZmHMQkY_000166,0.986734693877551,0.3921428571428571,0.13466955250108975,0.020351233583503846,6.617267299720308
vggss,C0,12345,best,1888,JErx-AImWqk_000000,0.9940816326530613,0.15755102040816327,0.14053167673394923,0.012268781559186698,11.454411838372083
vggss,C0,12345,best,1889,JFG4YvcJ3bo_000228,0.9912244897959184,0.7758163265306123,0.12467739413280272,0.018998911173550806,6.562344178248038
vggss,C0,12345,best,1890,JFJuEOZx1K4_000160,0.9887755102040816,0.7255102040816327,0.10994028575697444,0.021255587852795584,5.172300409584524
vggss,C0,12345,best,1891,JFVs86eb014_000052,0.9977551020408163,0.5337755102040816,0.2278251314764083,0.013098403775795481,17.39335077587133
vggss,C0,12345,best,1892,JHM3zMBQxTQ_000030,0.9860204081632653,0.9142857142857143,0.17446204065410123,0.05781689187446849,3.0174925527455128
vggss,C0,12345,best,1893,JIMJ7ewIoPA_000030,0.9916326530612245,0.6876530612244898,0.16355209532216303,0.019082361327802184,8.570852029925385
vggss,C0,12345,best,1894,JIVlpGCaiTs_000030,0.9598979591836735,0.5193877551020408,0.12827570258389906,0.03935799948814457,3.2592028114268943
vggss,C0,12345,best,1895,JIemsK_0lXc_000364,0.9823469387755102,0.8112244897959183,0.1407741232610669,0.04433579922644307,3.1751795550604487
vggss,C0,12345,best,1896,JJMEP5noh34_000110,0.998265306122449,0.9096938775510204,0.14709550856937856,0.023391659717259657,6.288374161874601
vggss,C0,12345,best,1897,JKJ1okT8Vpw_000006,0.9911224489795918,0.2956122448979592,0.12088196712898225,0.012105658500216708,9.985575516343724
vggss,C0,12345,best,1898,JKUSKYdYo9w_000000,0.9954081632653061,0.8594897959183674,0.17047687114709043,0.02026790324800825,8.411174508830527
vggss,C0,12345,best,1899,JKbUVdMJAO8_000030,0.9768367346938776,0.8371428571428572,0.20234580966216426,0.06333404011664609,3.194898182549098
vggss,C0,12345,best,1900,JLtieDCSa6Y_000000,0.9801020408163266,0.10102040816326531,0.09512594655140555,0.015373738040127427,6.187561301169217
vggss,C0,12345,best,1901,JLzD44Im1Ec_000030,0.9690816326530612,0.7493877551020408,0.09450095422167502,0.03167115625636699,2.983817624362138
vggss,C0,12345,best,1902,JMF7NvH3qoE_000030,0.9907142857142858,0.6177551020408163,0.13535301121359974,0.018632055933168325,7.264523662826047
vggss,C0,12345,best,1903,JNbrtgeDFSk_000000,0.9889795918367347,0.8589795918367347,0.1310501095433057,0.03706446397917483,3.5357346491490604
vggss,C0,12345,best,1904,JP637fg_ZC0_000030,0.9890816326530613,0.8294897959183674,0.12411611329902927,0.02961584369882418,4.190868730981214
vggss,C0,12345,best,1905,JQ_4fYOd-R0_000030,0.9943877551020408,-0.5025510204081632,0.15272224195232634,0.01429132555686842,10.686359452425176
vggss,C0,12345,best,1906,JRIKh0r_We8_000098,0.975204081632653,0.7573469387755102,0.14681174760860682,0.0533326362988765,2.7527562445230096
vggss,C0,12345,best,1907,JS68nchziLA_000029,0.973265306122449,0.45938775510204083,0.14717549858894646,0.033857346902479296,4.346929457079495
vggss,C0,12345,best,1908,JUvqnkyxiSg_000013,0.9861224489795918,-0.48377551020408166,0.06873120725351327,0.013069459949341373,5.258917164130943
vggss,C0,12345,best,1909,JV2OwVsxY_0_000000,0.9876530612244898,0.8937755102040816,0.07846601197927999,0.03225583146808389,2.432614767872891
vggss,C0,12345,best,1910,JVjDa0NmfeE_000012,0.9975510204081632,0.9621428571428572,0.12980731603009868,0.02710473557340267,4.7891009922810674
vggss,C0,12345,best,1911,JVjDa0NmfeE_000196,0.970204081632653,0.27683673469387754,0.08686558359630159,0.01816435325624449,4.782200740697398
vggss,C0,12345,best,1912,JW3fRqCF5bY_000130,0.9943877551020408,0.8264285714285714,0.13100423994692448,0.020941876309184874,6.255611389007559
vggss,C0,12345,best,1913,JXZuAd9Lgew_000020,0.9872448979591837,0.7537755102040816,0.11349082598042573,0.022829053902936994,4.971332866572493
vggss,C0,12345,best,1914,JXmpEFLhr9E_000030,0.9908163265306122,0.48520408163265305,0.11206484658676255,0.012548876492270336,8.930269307837282
vggss,C0,12345,best,1915,JYeBZqAjKG8_000120,0.9629591836734694,-0.1483673469387755,0.07253299656856084,0.014105501286396023,5.142177870595419
vggss,C0,12345,best,1916,JZnOGRCBW0I_000030,0.9777551020408163,0.8688775510204082,0.13956965331404497,0.05003943473828331,2.789193244168792
vggss,C0,12345,best,1917,J_ZRXchuwNA_000030,0.991938775510204,0.8144897959183673,0.1930441004827183,0.02674384057120921,7.2182639575909615
vggss,C0,12345,best,1918,JcMSFU-Twgw_000030,0.9945918367346939,0.8639795918367347,0.17692641465331327,0.03440793408254946,5.142023761985883
vggss,C0,12345,best,1919,JdBTLOZo3dA_000180,0.9952040816326531,0.876734693877551,0.1800661064651771,0.030775434905341324,5.850968703416282
vggss,C0,12345,best,1920,JebRsHS1xic_000144,0.9943877551020408,0.7614285714285715,0.12319647383545894,0.024185219736189506,5.093874489431003
vggss,C0,12345,best,1921,JefjXywAVzs_000181,0.9953061224489796,0.6892857142857143,0.1352357569616047,0.016780021478442354,8.05933157686031
vggss,C0,12345,best,1922,JfDeETDDwhM_000040,0.9675510204081633,0.11714285714285715,0.12327876307623134,0.02230251396834679,5.527572508247131
vggss,C0,12345,best,1923,JgXnbgS_XBk_000480,0.9972448979591837,0.8247959183673469,0.1838413434856972,0.018614311569220048,9.876343951913354
vggss,C0,12345,best,1924,Jgg8HRAvNQM_000022,0.9870408163265306,0.7985714285714286,0.13943436214141203,0.0310093822753359,4.496521759232679
vggss,C0,12345,best,1925,JgxnHxZXzrI_000011,0.996938775510204,0.9074489795918367,0.11837917513851737,0.020568518930910978,5.7553572785745715
vggss,C0,12345,best,1926,JhU9GLQkSHs_000083,0.9877551020408163,0.6184693877551021,0.12409895363769179,0.022012276122330778,5.637715652303544
vggss,C0,12345,best,1927,Jhk0I2wZelU_000030,0.9755102040816327,0.32387755102040816,0.1410947811133351,0.025416647065938425,5.551274357600859
vggss,C0,12345,best,1928,JixXL5s6fnE_000070,0.9921428571428571,-0.6651020408163265,0.1345743954639081,0.016718739978011918,8.049314460353894
vggss,C0,12345,best,1929,Jj3Ie49Mzik_000020,0.9737755102040816,-0.21785714285714286,0.10645608478349128,0.024458536745451804,4.352512412799484
vggss,C0,12345,best,1930,JkqXWP4nddE_000012,0.9956122448979592,0.9662244897959184,0.11485027832500418,0.02591023647867219,4.432621771690208
vggss,C0,12345,best,1931,JlmUCZKjkuY_000244,0.99,0.5529591836734694,0.22627228324064466,0.04453089163138759,5.081243041654182
vggss,C0,12345,best,1932,Jogry7CVLzA_000007,0.9876530612244898,0.3795918367346939,0.11251371370545392,0.014537080367348264,7.739773796543835
vggss,C0,12345,best,1933,Jp3ggRQzpHM_000072,0.9934693877551021,0.5764285714285714,0.14470568903380715,0.01680052210408507,8.613166194318556
vggss,C0,12345,best,1934,JrGD2jdHUek_000030,0.9812244897959184,0.8486734693877551,0.1427903522566433,0.04675256259120361,3.054171671939732
vggss,C0,12345,best,1935,JrPXRMnZWH4_000117,0.988265306122449,-0.18836734693877552,0.13116624814838337,0.013978520988234967,9.383413900424769
vggss,C0,12345,best,1936,JrbVM5zjdug_000030,0.9979591836734694,0.9491836734693877,0.195921186672512,0.05275768966806664,3.713604365641884
vggss,C0,12345,best,1937,Jte0G7PeVEM_000160,0.9723469387755102,-0.7916326530612245,0.11851203473417651,0.03109883524877018,3.810819080076741
vggss,C0,12345,best,1938,JtiEjJram8k_000210,0.9958163265306123,0.12010204081632653,0.12929220448294007,0.01072868542406041,12.05107609856714
vggss,C0,12345,best,1939,Ju4r0QU0Qg0_000018,0.99,0.6630612244897959,0.21478922663161162,0.02548105454656884,8.429369602386968
vggss,C0,12345,best,1940,Ju7Kg_H2iZQ_000030,0.9878571428571429,0.8548979591836735,0.14099853711925256,0.04006324774474298,3.519398577409494
vggss,C0,12345,best,1941,JurvV_uIqjA_000026,0.996938775510204,0.4931632653061224,0.16896165751218467,0.015114712136094383,11.178622258289604
vggss,C0,12345,best,1942,Jv6rpwJ7bgc_000030,0.996938775510204,0.9038775510204081,0.21439118029249618,0.03615201233397031,5.930269615753674
vggss,C0,12345,best,1943,JwhuPQxlCpg_000030,0.9935714285714285,0.3470408163265306,0.08930549403711018,0.011987790423679947,7.449704314208027
vggss,C0,12345,best,1944,K-PitCewkDg_000068,0.9920408163265306,0.8716326530612245,0.1818369697629726,0.02652966741856227,6.854099107014999
vggss,C0,12345,best,1945,K-PitCewkDg_000080,0.9761224489795919,0.6636734693877551,0.09211619420472969,0.02327805282756715,3.9572121812371104
vggss,C0,12345,best,1946,K-Zg1-fR9kU_000088,0.9654081632653061,0.09408163265306123,0.09189522446854391,0.0248013187769732,3.7052555670492846
vggss,C0,12345,best,1947,K082-sINKZI_000223,0.9877551020408163,0.6260204081632653,0.1924737436203638,0.02787120852512115,6.9058269736269775
vggss,C0,12345,best,1948,K0Y8oGYR7lw_000010,0.9871428571428571,0.3171428571428571,0.14643519656633397,0.018510193430244376,7.911057067997409
vggss,C0,12345,best,1949,K0nW8q0RzTU_000030,0.9954081632653061,0.31387755102040815,0.08530501412849754,0.008315621637329015,10.258404945405571
vggss,C0,12345,best,1950,K1ASf4xAexc_000030,0.9954081632653061,0.9157142857142857,0.14243813929080332,0.029203657607178038,4.877407522261633
vggss,C0,12345,best,1951,K1PzpuR6CqY_000010,0.9890816326530613,0.6103061224489796,0.11936280647390003,0.027568129426990107,4.329739048491259
vggss,C0,12345,best,1952,K1WTjvf8hG8_000020,0.9862244897959184,0.9178571428571428,0.12872248663754252,0.05113248382334962,2.5174307409404872
vggss,C0,12345,best,1953,K2ObTK7rK58_000020,0.9880612244897959,-0.44020408163265307,0.1415885947429817,0.021678075274671357,6.531419092746378
vggss,C0,12345,best,1954,K2bRcQYebN4_000004,0.9936734693877551,0.7153061224489796,0.12878874735712906,0.019677849571199526,6.544858821648077
vggss,C0,12345,best,1955,K2pP4vbDrBw_000108,0.9711224489795919,0.5378571428571428,0.12454025829356044,0.0312467606127235,3.9857014247694007
vggss,C0,12345,best,1956,K3ByFtd0ugA_000148,0.9914285714285714,0.7738775510204081,0.20548437387290658,0.04412950212825384,4.656394565152947
vggss,C0,12345,best,1957,K3CenN7d30Y_000030,0.9921428571428571,0.8271428571428572,0.1633210789310455,0.026801025386587962,6.093836954938906
vggss,C0,12345,best,1958,K49OWIVNULE_000220,0.9810204081632653,-0.18928571428571428,0.07171840589385664,0.01074954092979561,6.6717645304337925
vggss,C0,12345,best,1959,K5ChYCNCkvM_000030,0.9944897959183674,0.5685714285714286,0.15748098300826685,0.015879464380245168,9.917272978311592
vggss,C0,12345,best,1960,K5DXRUo2ujw_000020,0.9941836734693877,0.4091836734693878,0.15804766343352145,0.01959776392949562,8.064576346674519
vggss,C0,12345,best,1961,K6KbEnGnymk_000030,0.9890816326530613,0.39887755102040817,0.15360023082871163,0.028761306311458283,5.340516496899117
vggss,C0,12345,best,1962,K7CQ6G0ILFQ_000061,0.995,0.49479591836734693,0.1234728282882205,0.010372914715705435,11.903387974575036
vggss,C0,12345,best,1963,K7dXkfKAano_000576,0.9891836734693877,0.7775510204081633,0.1326278291943979,0.01615336583532311,8.210538320402312
vggss,C0,12345,best,1964,K8On7nUJuP8_000030,0.9944897959183674,0.6255102040816326,0.1599070814982905,0.018252226171752935,8.760963182987618
vggss,C0,12345,best,1965,KAuoWt8dTJs_000061,0.9913265306122448,0.22428571428571428,0.11709155430944632,0.01604753930461742,7.296542609230756
vggss,C0,12345,best,1966,KAuoWt8dTJs_000087,0.9564285714285714,0.8823469387755102,0.16138168115324816,0.04606945287139954,3.5030084165257325
vggss,C0,12345,best,1967,KBOdG9xNLaA_000006,0.9948979591836735,0.9244897959183673,0.1371034918943581,0.025682313539665477,5.338440077939487
vggss,C0,12345,best,1968,KC-wRA_SwK0_000140,0.9978571428571429,0.7804081632653062,0.17367164406493887,0.03360461377003481,5.16808927647315
vggss,C0,12345,best,1969,KCXiP1di11k_000028,0.9864285714285714,-0.49418367346938774,0.10530187576398528,0.017772517643086037,5.924983611140226
vggss,C0,12345,best,1970,KDE80kI1Kf0_000040,0.9724489795918367,-0.4741836734693878,0.15140853657707393,0.028590624756636252,5.29574074948922
vggss,C0,12345,best,1971,KDgNhw175fM_000089,0.9825510204081632,-0.38571428571428573,0.12179654599199796,0.017411035121246945,6.995365016716773
vggss,C0,12345,best,1972,KG4T5A7hfRc_000170,0.9868367346938776,0.643265306122449,0.1890887749271203,0.033727995995187644,5.606285501044881
vggss,C0,12345,best,1973,KHVZFbmt8xk_000030,0.9871428571428571,-0.6590816326530612,0.12706278226329046,0.023961367297706,5.302818519686693
vggss,C0,12345,best,1974,KI9v2anRrw4_000048,0.9963265306122449,-0.14540816326530612,0.1420285682830505,0.01088143633475601,13.052373226630207
vggss,C0,12345,best,1975,KJMpCjosdu4_000051,0.9904081632653061,0.15091836734693878,0.13938369265611425,0.021567434085210398,6.46269241419381
vggss,C0,12345,best,1976,KJcjnqKzqfw_000115,0.9806122448979592,0.7508163265306123,0.16197415566463652,0.05832980525092376,2.7768677602788903
vggss,C0,12345,best,1977,KKFdi5WQ0V0_000256,0.9674489795918367,0.7103061224489796,0.08754571042419378,0.026403728307892574,3.3156571452079633
vggss,C0,12345,best,1978,KLWutuuzmco_000012,0.9948979591836735,0.8664285714285714,0.15747461948387512,0.025130490353679563,6.2662772300747385
vggss,C0,12345,best,1979,KPyYUly5xCc_000350,0.9939795918367347,0.8820408163265306,0.15393785469606366,0.028540947639866723,5.393578960252859
vggss,C0,12345,best,1980,KQAR_64a35I_000011,0.9943877551020408,-0.6070408163265306,0.1476121216035159,0.01529443720189968,9.651360141920188
vggss,C0,12345,best,1981,KQGJCKwsFbA_000157,0.9218367346938775,0.09948979591836735,0.07934955970856718,0.019252515947449384,4.121516373504398
vggss,C0,12345,best,1982,KSOxq1eovtw_000030,0.9909183673469387,-0.20326530612244897,0.08878591017500967,0.01165387183423362,7.618576164034877
vggss,C0,12345,best,1983,KS_5Qiec4AI_000009,0.9887755102040816,0.7595918367346939,0.09623849102977562,0.019029744366717356,5.057266622987055
vggss,C0,12345,best,1984,KSx1Y32_Wd0_000062,0.9808163265306122,0.8096938775510204,0.1557958902181316,0.041689505268668034,3.7370529876549243
vggss,C0,12345,best,1985,KTHsyIQI2L0_000200,0.9910204081632653,0.1526530612244898,0.16770541027381544,0.016258725171245002,10.314794579984495
vggss,C0,12345,best,1986,KUoMl-m6w-o_000026,0.9687755102040816,-0.029489795918367347,0.09393213094015865,0.020013250452709287,4.693496999006607
vggss,C0,12345,best,1987,KUrZc88Ma3g_000010,0.9959183673469387,0.8876530612244898,0.1666150864923649,0.04328728448870513,3.84905379167038
vggss,C0,12345,best,1988,KVuoi20iigU_000280,0.9893877551020408,0.7212244897959184,0.12783051237244955,0.021274966897469393,6.008494066688992
vggss,C0,12345,best,1989,KWxQKX94CL4_000085,0.985,0.7167346938775511,0.14591131059917647,0.031199006133815925,4.676793548273526
vggss,C0,12345,best,1990,KXO4lC4LjxI_000011,0.9646938775510204,0.004795918367346939,0.09123630150660424,0.01966767488099178,4.638896161273308
vggss,C0,12345,best,1991,KXRngbBe0bg_000080,0.9783673469387755,0.8094897959183673,0.15661610490144293,0.057899232863401984,2.704977201873079
vggss,C0,12345,best,1992,KXuB62SMFvA_000030,0.9844897959183674,0.5485714285714286,0.17749396536664594,0.04599608687500826,3.858892732526914
vggss,C0,12345,best,1993,KYnOCgdquQU_000345,0.9928571428571429,0.8806122448979592,0.14395825671392365,0.03665787623146417,3.9270757477859957
vggss,C0,12345,best,1994,K_EsxukdNXM_000030,0.9922448979591837,0.8595918367346939,0.15818473499842275,0.029675944650570368,5.330402683419969
vggss,C0,12345,best,1995,K_GkTGJxTSk_000019,0.9922448979591837,0.7164285714285714,0.1949171331511427,0.024077965036543296,8.095249447173613
vggss,C0,12345,best,1996,KacYEZwBTY4_000050,0.9956122448979592,0.9427551020408164,0.1332907694307009,0.03633498141684716,3.6683868886994664
vggss,C0,12345,best,1997,KbOySeP46l4_000570,0.9963265306122449,0.027448979591836734,0.14461772754764274,0.010475882896732784,13.804824755414751
vggss,C0,12345,best,1998,Kc1yfZngUms_000009,0.9974489795918368,0.6334693877551021,0.23919879690221937,0.016198301273930238,14.766906285857832
vggss,C0,12345,best,1999,KcC_g1wPovM_000080,0.9646938775510204,0.2764285714285714,0.09661303068657226,0.017831177378502847,5.418208155062621
vggss,C0,12345,best,2000,KcWPqFhrna0_000030,0.963469387755102,-0.37,0.10493127859303035,0.02123384617113233,4.941699103749074
vggss,C0,12345,best,2001,KdIIocq3jeM_000409,0.9561224489795919,0.19959183673469388,0.07128658380101732,0.01651265734120079,4.317087330526136
vggss,C0,12345,best,2002,KdioKgAO4cQ_000059,0.9876530612244898,0.939795918367347,0.10262176547273481,0.04665402917553672,2.199633499748079
vggss,C0,12345,best,2003,KdxSaA69fm8_000030,0.9886734693877551,-0.020612244897959184,0.15904148894555875,0.012664489496380996,12.55806552573686
vggss,C0,12345,best,2004,Ke1oAMn5aXE_000060,0.9111224489795918,-0.0986734693877551,0.08422455653476052,0.03011074800113655,2.7971592247253843
vggss,C0,12345,best,2005,KeprFzFcbYU_000010,0.9554081632653061,0.2257142857142857,0.07600432934375977,0.021090493372685766,3.6037245786858993
vggss,C0,12345,best,2006,KhjtXdPpEHM_000099,0.9821428571428571,0.38540816326530614,0.15913175253378314,0.021667263198574635,7.344340218484608
vggss,C0,12345,best,2007,KiA1NLu5MCo_000001,0.9910204081632653,0.9245918367346939,0.09996187406105633,0.04078116876956906,2.4511772731645682
vggss,C0,12345,best,2008,KiCOEV4Rbos_000002,0.9739795918367347,0.7329591836734693,0.11587808497995374,0.028095858092339155,4.124383195526959
vggss,C0,12345,best,2009,KjGMB5wI-YE_000000,0.9818367346938776,-0.32816326530612244,0.12091352126038737,0.020287054375384278,5.96013196509693
vggss,C0,12345,best,2010,KksMNKXuiNw_000012,0.9860204081632653,-0.10071428571428571,0.12520499778274086,0.01858971560502062,6.7351755370010125
vggss,C0,12345,best,2011,KlTTpDOhFUg_000063,0.9927551020408163,0.8483673469387755,0.14309259666646648,0.025717912081597988,5.563927437517525
vggss,C0,12345,best,2012,Klg9f9U3kDQ_000552,0.9920408163265306,0.41591836734693877,0.07637781330592314,0.008610999156212768,8.869796863331144
vggss,C0,12345,best,2013,Kmizok5mDVE_000330,0.9874489795918368,0.6422448979591837,0.11853435815845148,0.014749187548320004,8.036670343374476
vggss,C0,12345,best,2014,Kp3-Drt61_M_000011,0.9797959183673469,-0.31846938775510203,0.09050544285737692,0.01891398152063154,4.785107924455397
vggss,C0,12345,best,2015,Kp3-Drt61_M_000046,0.9890816326530613,0.009489795918367346,0.08866181784749712,0.010960381696477138,8.089300199827402
vggss,C0,12345,best,2016,Kp3BH28CB0U_000164,0.9883673469387755,0.7976530612244898,0.15273207479300946,0.038658421909597236,3.950809868808758
vggss,C0,12345,best,2017,Kp3BH28CB0U_000199,0.9762244897959184,0.7783673469387755,0.11624204169054772,0.031133391381500584,3.7336774611589076
vggss,C0,12345,best,2018,KpBPs6klq2U_000426,0.9918367346938776,0.8756122448979592,0.17398408595687226,0.031231532845833368,5.570782798772672
vggss,C0,12345,best,2019,Kp_F7FrKrSc_000210,0.9768367346938776,0.8613265306122448,0.1741140197632448,0.061903052655325926,2.8126887494984407
vggss,C0,12345,best,2020,KpzZokdRUuY_000040,0.9894897959183674,-0.20714285714285716,0.14934582844128533,0.01782784055837479,8.37711263752181
vggss,C0,12345,best,2021,KqF-WZRVs-w_000070,0.9913265306122448,0.6111224489795918,0.14917156934166537,0.019782347582605237,7.54064039764588
vggss,C0,12345,best,2022,KqsNyXIEIwg_000030,0.9937755102040816,0.939795918367347,0.16876267291601565,0.04388189278274212,3.8458385045411414
vggss,C0,12345,best,2023,KrAPRaQI9cE_000386,0.9924489795918368,0.8423469387755103,0.14365968909855495,0.03238587575520671,4.435874767890401
vggss,C0,12345,best,2024,Krasofv8pvM_000300,0.9835714285714285,0.37765306122448977,0.13323486974391466,0.03718309284466722,3.5832110658600884
vggss,C0,12345,best,2025,KsSbIGkUf7Y_000313,0.9561224489795919,0.47438775510204084,0.10582695258846955,0.028153983684628195,3.7588624677029294
vggss,C0,12345,best,2026,Kt3KMQU1hJQ_000260,0.9960204081632653,0.9530612244897959,0.18948913349132224,0.049348686851953205,3.8398009264115265
vggss,C0,12345,best,2027,KuFurXDu4l8_000000,0.9843877551020408,-0.18,0.0833417797114232,0.0141809304517977,5.877031834738183
vggss,C0,12345,best,2028,KuLE8odpCc8_000100,0.9893877551020408,0.2829591836734694,0.09518866175347244,0.014924883605845162,6.3778495207957855
vggss,C0,12345,best,2029,KuOnJLFsdsA_000000,0.9885714285714285,0.5146938775510204,0.17097692981305238,0.030558641495644422,5.595043543981562
vggss,C0,12345,best,2030,Kvpav8cFKhM_000120,0.9934693877551021,0.8665306122448979,0.179730479333321,0.02603948480142435,6.902228700142709
vggss,C0,12345,best,2031,KwoVfQeJmiE_000073,0.9657142857142857,-0.1863265306122449,0.07259023642094936,0.018554092228972932,3.9123572053607076
vggss,C0,12345,best,2032,Kx8xFS9jbjg_000004,0.9872448979591837,0.698265306122449,0.09710974929763233,0.01612490936697835,6.022343883463932
vggss,C0,12345,best,2033,KxLMzuKzpOM_000571,0.9921428571428571,0.756734693877551,0.14221933529752692,0.025968089145129165,5.4766962059741315
vggss,C0,12345,best,2034,KxxDWc08nSo_000028,0.9844897959183674,0.7258163265306122,0.09278817357531301,0.019382663292071386,4.7871735775995585
vggss,C0,12345,best,2035,KxzuJRh9GaQ_000030,0.993265306122449,-0.9285714285714286,0.19464313852236684,0.03452611472574878,5.63756275701669
vggss,C0,12345,best,2036,Kz4SvP0c_VE_000019,0.9921428571428571,0.5718367346938775,0.12553216929162145,0.013497656207656852,9.300293870309904
vggss,C0,12345,best,2037,KzdmGVwiPN0_000019,0.9927551020408163,0.7061224489795919,0.18897534899553087,0.026559950311161627,7.115049041191743
vggss,C0,12345,best,2038,KzvdKLdBw3s_000060,0.9897959183673469,0.42520408163265305,0.16180723910819786,0.019402272371971386,8.339602496352198
vggss,C0,12345,best,2039,L11Wkfojbzc_000263,0.976938775510204,-0.01969387755102041,0.06612439228254663,0.01324844734281982,4.991105038311049
vggss,C0,12345,best,2040,L1znjiyEMKc_000215,0.9770408163265306,0.5796938775510204,0.12975997349816432,0.03037368632825599,4.272118046384492
vggss,C0,12345,best,2041,L2Xbs0ke8TY_000470,0.9730612244897959,-0.08928571428571429,0.07015727456669368,0.014389247896346475,4.875673493991793
vggss,C0,12345,best,2042,L3FlG2uJgY8_000250,0.9951020408163266,0.8235714285714286,0.2248675714786774,0.05477555123117217,4.105254377626559
vggss,C0,12345,best,2043,L3a132_uApg_000090,0.9694897959183674,0.5121428571428571,0.09441968314111741,0.023525945453408085,4.013427784575574
vggss,C0,12345,best,2044,L3lYFx1wx-M_000195,0.9924489795918368,0.3686734693877551,0.1932088651395273,0.02486752163686906,7.7695263710185
vggss,C0,12345,best,2045,L3t6q50x8JU_000037,0.9872448979591837,0.9229591836734694,0.08294636082131877,0.021462305005182338,3.8647461584993015
vggss,C0,12345,best,2046,L3wNweyCqdY_000394,0.9830612244897959,-0.2598979591836735,0.11868255658313533,0.02184949540963886,5.4318213925791055
vggss,C0,12345,best,2047,L5UDz2PJ9sk_000030,0.9909183673469387,0.884795918367347,0.16422166488573955,0.04312225762677934,3.8082807794310916
vggss,C0,12345,best,2048,L6QtigLJD_4_000030,0.9945918367346939,0.8966326530612245,0.11768478462409408,0.018949247530260626,6.210525480558513
vggss,C0,12345,best,2049,L6V8S8U9iLs_000312,0.993061224489796,0.7527551020408163,0.21536025033484676,0.04932899855958422,4.365794089144428
vggss,C0,12345,best,2050,L76AuckUoe8_000006,0.9947959183673469,0.18744897959183673,0.12985952790927502,0.010949597853969695,11.859753174605897
vggss,C0,12345,best,2051,L7wH_Co3RXY_000004,0.9973469387755102,-0.10224489795918368,0.17208675279990318,0.01111446873884395,15.483128959504587
vggss,C0,12345,best,2052,L9-nSe9P0l8_000364,0.9601020408163266,-0.11591836734693878,0.1227574209924631,0.031120140551553245,3.9446293884535857
vggss,C0,12345,best,2053,LA4CTzhrLu8_000008,0.9914285714285714,-0.30857142857142855,0.12533694798244682,0.015245441305177935,8.22127385317981
vggss,C0,12345,best,2054,LA91bTw_08Q_000203,0.99,0.45346938775510204,0.10221433469866524,0.015114122333731626,6.762836269397117
vggss,C0,12345,best,2055,LAeWwMC2EaI_000030,0.993265306122449,0.8886734693877552,0.15333536296449501,0.04115163809996038,3.726105935127833
vggss,C0,12345,best,2056,LBXYlTnm0Fw_000054,0.9847959183673469,-0.3955102040816327,0.1250384884454375,0.02262642009203026,5.526216163973726
vggss,C0,12345,best,2057,LBxiUTpsRxQ_000020,0.9894897959183674,0.8475510204081632,0.15263459701614576,0.022025398643406493,6.929935729532793
vggss,C0,12345,best,2058,LC4vDpnkDtM_000063,0.9951020408163266,0.9476530612244898,0.16957593000807514,0.0429526344632749,3.947975068981273
vggss,C0,12345,best,2059,LC4vDpnkDtM_000100,0.9971428571428571,0.9245918367346939,0.16577566904886737,0.02704437842115808,6.129764436337473
vggss,C0,12345,best,2060,LC79lWBAlR4_000410,0.9629591836734694,0.6646938775510204,0.15824827833243585,0.05552251209910453,2.850164236985021
vggss,C0,12345,best,2061,LCFNAzdifzU_000003,0.9777551020408163,0.36520408163265305,0.09070658244942575,0.019329483010017495,4.692654345820688
vggss,C0,12345,best,2062,LDDOczcTYxI_000147,0.9833673469387755,0.22989795918367348,0.12760340476354282,0.022091102166235808,5.776235327840398
vggss,C0,12345,best,2063,LDGzSk_vzPo_000260,0.9933673469387755,0.8666326530612245,0.1575740473474309,0.03265120011007377,4.825980264621731
vggss,C0,12345,best,2064,LDoXsip0BEQ_000177,0.9831632653061224,0.6901020408163265,0.0905923685828539,0.019890513129064816,4.554551609353742
vggss,C0,12345,best,2065,LEFSHa_n9jE_000287,0.9591836734693877,0.44040816326530613,0.08258048581155077,0.0238364523787417,3.46446209777422
vggss,C0,12345,best,2066,LEUkbkdBupE_000004,0.9922448979591837,0.9058163265306123,0.15234640442294406,0.038631540826007026,3.943575668107532
vggss,C0,12345,best,2067,LEZFcGFwJlc_000030,0.9928571428571429,0.7077551020408164,0.12710332311022454,0.013824772948454921,9.19388141737473
vggss,C0,12345,best,2068,LFYRuK8YstI_000030,0.9524489795918367,0.7728571428571429,0.15027653274487637,0.0646301988139355,2.3251751580945763
vggss,C0,12345,best,2069,LHVhSXvr6Ds_000028,0.9773469387755102,0.695204081632653,0.07731911762099505,0.019352358162147365,3.9953331254600766
vggss,C0,12345,best,2070,LI46aCaqKQg_000108,0.9952040816326531,0.8576530612244898,0.1466047704429745,0.07000365755725417,2.0942444374862883
vggss,C0,12345,best,2071,LIU7EYJEbYQ_000010,0.9966326530612245,0.2618367346938775,0.12256671709436712,0.009064480880198369,13.521647705398971
vggss,C0,12345,best,2072,LLkNFGrrgUo_000030,0.9739795918367347,0.8357142857142857,0.07918142307216308,0.033646329027669945,2.3533450857906715
vggss,C0,12345,best,2073,LMcCvGwYIS4_000022,0.9778571428571429,-0.042346938775510205,0.12275944949248178,0.019053586531659582,6.44285259830236
vggss,C0,12345,best,2074,LN92tji7ADA_000002,0.9563265306122449,0.7230612244897959,0.07723695879849211,0.024409778911256216,3.164181006280045
vggss,C0,12345,best,2075,LPjblqE3xHk_000218,0.9933673469387755,0.4235714285714286,0.20104068937597583,0.017797517998173865,11.295995845971547
vggss,C0,12345,best,2076,LPvJFjsxMj8_000030,0.9944897959183674,0.7191836734693877,0.11828758229584825,0.017246900629878745,6.858483436202176
vggss,C0,12345,best,2077,LRODueKSk2M_000040,0.9937755102040816,0.01683673469387755,0.16977836140902075,0.017904494311112677,9.482443818792772
vggss,C0,12345,best,2078,LTD5rh_DOTY_000260,0.9938775510204082,0.3286734693877551,0.15724179993318502,0.01640516377770814,9.584896686423221
vggss,C0,12345,best,2079,LU1CGfgJXfM_000080,0.9714285714285714,0.19704081632653062,0.10487734599297205,0.019556902785547354,5.3626766540189035
vggss,C0,12345,best,2080,LUfzlkl-Dac_000001,0.9945918367346939,0.3821428571428571,0.132170399832379,0.016669290757706585,7.928975608711706
vggss,C0,12345,best,2081,LUg8N2STi2k_000540,0.9809183673469388,0.5727551020408164,0.11391400177080545,0.027146296967978278,4.196299845432995
vggss,C0,12345,best,2082,LVYHbuggoj8_000050,0.9816326530612245,0.325,0.10463854039913684,0.016388933084923393,6.384707281244352
vggss,C0,12345,best,2083,LXZNhyX5SkE_000206,0.9946938775510205,0.8989795918367347,0.17034772054745873,0.03370076002429137,5.054714505686898
vggss,C0,12345,best,2084,LaGXHHzobMA_000012,0.983265306122449,0.7787755102040816,0.19610444441225722,0.028798762747012055,6.809474633857441
vggss,C0,12345,best,2085,LaUs2LAnO1w_000123,0.9887755102040816,-0.21816326530612246,0.13219331671110504,0.019709053734849095,6.707238129721259
vggss,C0,12345,best,2086,LataVY-O5FA_000063,0.9912244897959184,-0.1223469387755102,0.12939372529679347,0.013998070196559144,9.243683127735682
vggss,C0,12345,best,2087,LataVY-O5FA_000090,0.9779591836734693,0.10265306122448979,0.10346595714284562,0.01783087818655017,5.80262823066617
vggss,C0,12345,best,2088,LbWDdMprV5k_000113,0.9895918367346939,0.5175510204081633,0.10593100989358219,0.012007742002445131,8.821892564981118
vggss,C0,12345,best,2089,LdBuyaHo5Vg_000017,0.9822448979591837,0.935204081632653,0.09466216326506764,0.03365402722446791,2.81280343162747
vggss,C0,12345,best,2090,LdpRTw1ieMI_000030,0.9825510204081632,0.028673469387755102,0.14048751663622194,0.020661457964888195,6.7994967671189785
vggss,C0,12345,best,2091,Le2MGWRa_SE_000030,0.9931632653061224,0.8621428571428571,0.12907878566961414,0.024214703681323835,5.33059530144774
vggss,C0,12345,best,2092,Le4cUq4dLUI_000030,0.9824489795918367,0.6159183673469387,0.0893072752345912,0.025173870802303475,3.5476179224062494
vggss,C0,12345,best,2093,LeKSh68pvMQ_000030,0.9926530612244898,0.6673469387755102,0.2038421292499963,0.016238745932694025,12.552824589711324
vggss,C0,12345,best,2094,LfXdaE7ph_I_000011,0.9934693877551021,-0.07346938775510205,0.16889363302168556,0.01231941648073715,13.709548117459178
vggss,C0,12345,best,2095,LgEdRFbdjH4_000004,0.9796938775510204,-0.1663265306122449,0.09913117664206479,0.015065807448048994,6.57987811034331
vggss,C0,12345,best,2096,LhRNnXaSsCk_000030,0.9948979591836735,0.9076530612244897,0.15715297287294627,0.040443029401993326,3.8857863814029874
vggss,C0,12345,best,2097,LhgaG9ZtdwI_000003,0.9954081632653061,-0.21897959183673468,0.11653130000947169,0.007944284886626633,14.668570132176386
vggss,C0,12345,best,2098,LhpzNXhZ44c_000030,0.9904081632653061,0.6874489795918367,0.12303469726312509,0.019406746295965286,6.3397900599496335
vggss,C0,12345,best,2099,LiXfod3qOQw_000020,0.9870408163265306,0.833265306122449,0.19787841591074148,0.028306136852883336,6.990654250673033
vggss,C0,12345,best,2100,Lj8Oo7QRjcQ_000030,0.9961224489795918,-0.15612244897959185,0.17833409815805112,0.009523041402029702,18.726590658320745
vggss,C0,12345,best,2101,LjxhswBV1UA_000020,0.9853061224489796,0.6798979591836735,0.1785873755588886,0.031130648571827874,5.73670590726156
vggss,C0,12345,best,2102,LjzgGsaVCP4_000076,0.9924489795918368,0.7581632653061224,0.13474044154511305,0.023778592975446166,5.6664598146848455
vggss,C0,12345,best,2103,Lk19eZ_2ZOE_000030,0.9671428571428572,-0.375,0.10997712070917333,0.02169526306286448,5.069176639642588
vggss,C0,12345,best,2104,LkJeC5nr8Is_000022,0.9886734693877551,0.1270408163265306,0.1401660668782158,0.017133597804464534,8.180772566150262
vggss,C0,12345,best,2105,LpaMZAVe9Cg_000116,0.9689795918367347,-0.18061224489795918,0.07484852481133959,0.017898983899985205,4.181719209848636
vggss,C0,12345,best,2106,LsxjV7E7F_M_000097,0.9916326530612245,-0.01673469387755102,0.13446592103773822,0.015019863163838265,8.952539685013747
vggss,C0,12345,best,2107,LvE-KeIoTC4_000085,0.9886734693877551,0.889795918367347,0.09013780669209157,0.032302427553884766,2.790434450839017
vggss,C0,12345,best,2108,Lvcjl09Esns_000198,0.9757142857142858,0.16214285714285714,0.08130538512613991,0.01967944179126968,4.131488382064227
vggss,C0,12345,best,2109,LvpgSdHLuCY_000320,0.95,-0.44316326530612243,0.08508107829207796,0.023726530434359003,3.5859047544882436
vggss,C0,12345,best,2110,LwZNG7Uuu7g_000065,0.9951020408163266,0.12602040816326532,0.14993472815583608,0.011013667621611684,13.613514889592738
vggss,C0,12345,best,2111,LwZNG7Uuu7g_000079,0.9886734693877551,0.2872448979591837,0.14974287454196192,0.02020186020749956,7.412330993478149
vggss,C0,12345,best,2112,Lyj48v3SEzs_000075,0.9827551020408163,0.7835714285714286,0.10754848886686948,0.031443108584811995,3.4204152740425533
vggss,C0,12345,best,2113,LyravGP_Li8_000264,0.968265306122449,0.10010204081632654,0.10921666417759852,0.022454778608202747,4.863849520996907
vggss,C0,12345,best,2114,LzoAb4spthk_000042,0.9920408163265306,0.8763265306122449,0.09220127771280759,0.022095435125232394,4.172865444388385
vggss,C0,12345,best,2115,M-bmsXbJBdw_000034,0.9592857142857143,0.7831632653061225,0.11346573720007422,0.03366278678825783,3.3706578695871094
vggss,C0,12345,best,2116,M0FSrDPm6IE_000013,0.9942857142857143,0.9085714285714286,0.16917540683952823,0.034166095372135365,4.951558116222482
vggss,C0,12345,best,2117,M0Iwz8p-3XU_000030,0.9808163265306122,0.5985714285714285,0.13351716474415323,0.021816104715159476,6.1201193562009
vggss,C0,12345,best,2118,M0YbiT8Z7d4_000204,0.9881632653061224,0.4823469387755102,0.14029503618419625,0.03188016572731959,4.400699713551707
vggss,C0,12345,best,2119,M14YsutGzIk_000005,0.9954081632653061,0.8737755102040816,0.1272360311152309,0.030598370235329735,4.158261702720383
vggss,C0,12345,best,2120,M1P1xla8rg0_000000,0.9461224489795919,0.6836734693877551,0.08389288717968471,0.02728757564295345,3.0743987035487566
vggss,C0,12345,best,2121,M4QNImtbFlQ_000030,0.9913265306122448,0.4142857142857143,0.13069369742248307,0.018659516627183074,7.004130923310696
vggss,C0,12345,best,2122,M5xJm4N_8pg_000014,0.9824489795918367,0.7498979591836735,0.12318799802236707,0.03392068286846251,3.6316485284233515
vggss,C0,12345,best,2123,M61BBJpvvx8_000030,0.9893877551020408,0.8840816326530613,0.1027067758644613,0.023613290642582267,4.349532533142515
vggss,C0,12345,best,2124,M6NJA3tF044_000057,0.9962244897959184,0.6741836734693878,0.12624472237422912,0.015986836975984194,7.8967917521068705
vggss,C0,12345,best,2125,M6StDnohba8_000082,0.9929591836734694,0.35612244897959183,0.11081309313406296,0.011896382135735498,9.31485655636363
vggss,C0,12345,best,2126,M7NvD1WJQ7o_000070,0.9941836734693877,0.9564285714285714,0.11774172330680778,0.029754758882299465,3.9570720022486916
vggss,C0,12345,best,2127,M7kdWvNks4U_000060,0.9901020408163266,0.7863265306122449,0.13216443247953535,0.02814873662286864,4.695217204603141
vggss,C0,12345,best,2128,M7rGKqfZh6k_000030,0.9880612244897959,0.8131632653061225,0.08166755394963683,0.022101265405492666,3.6951528544307055
vggss,C0,12345,best,2129,M83C5w1YAdc_000010,0.9940816326530613,-0.4426530612244898,0.1303826777926403,0.014149827884695624,9.21443559986065
vggss,C0,12345,best,2130,M83GjpnyZgo_000018,0.9683673469387755,0.12602040816326532,0.0652461935279311,0.01628494558399212,4.006534328985858
vggss,C0,12345,best,2131,M9r2bFnSN1w_000433,0.9658163265306122,0.7238775510204082,0.0994462285280707,0.02727574957031062,3.645957676496521
vggss,C0,12345,best,2132,MAqLrKdONiM_000030,0.9906122448979592,0.8294897959183674,0.1680879452801279,0.043200185284467736,3.890907971187858
vggss,C0,12345,best,2133,MB23r3XMRNU_000023,0.9924489795918368,-0.008979591836734694,0.10951551609287459,0.01136466838506092,9.636490250506112
vggss,C0,12345,best,2134,MBRmjThZops_000000,0.9838775510204082,0.4844897959183673,0.10960235029650725,0.03051406127236565,3.591863741709337
vggss,C0,12345,best,2135,MBjlZQZ4Sns_000044,0.9873469387755102,0.11530612244897959,0.1388449970034271,0.02319771340169066,5.985288058318196
vggss,C0,12345,best,2136,MCa8xcBlBe8_000030,0.9978571428571429,0.9729591836734693,0.15165118901446184,0.026079931707833893,5.814861431132845
vggss,C0,12345,best,2137,MDMHvUb2JmM_000340,0.9984693877551021,0.5718367346938775,0.14239193313127915,0.010057921974186446,14.15719206181223
vggss,C0,12345,best,2138,MDa1ZVdDz2Y_000060,0.9921428571428571,0.5041836734693877,0.14881916034448045,0.01936301391359717,7.685743604200796
vggss,C0,12345,best,2139,MDotfX0EyFg_000110,0.9844897959183674,0.42428571428571427,0.14750080232861068,0.026817841692792704,5.500099673131098
vggss,C0,12345,best,2140,ME7oIRHOPlE_000040,0.9916326530612245,0.7048979591836735,0.08873486854987546,0.013630296942787048,6.510119986551917
vggss,C0,12345,best,2141,MEUcv-QM0cQ_000030,0.9891836734693877,0.6168367346938776,0.13488105544168053,0.01825140236298442,7.3901748895324415
vggss,C0,12345,best,2142,MFm2C-ve7qw_000030,0.9843877551020408,0.9213265306122449,0.1345533810077352,0.06020816991776584,2.2348027052061594
vggss,C0,12345,best,2143,MFnTQnXK-Pc_000097,0.9908163265306122,0.6674489795918367,0.16081282348355203,0.016813261904867552,9.564641554593022
vggss,C0,12345,best,2144,MGlXtoSD6SA_000033,0.9970408163265306,-0.06030612244897959,0.15708138877749753,0.010833001557668706,14.500264579607602
vggss,C0,12345,best,2145,MHT46cURY6c_000030,0.9890816326530613,0.541734693877551,0.19026660426175562,0.01649441042267375,11.535217045418548
vggss,C0,12345,best,2146,MHykFW1zgoA_000121,0.9870408163265306,0.5704081632653061,0.14021108799078585,0.019324535928475557,7.255599229380646
vggss,C0,12345,best,2147,MI6AgoqRlZg_000069,0.9986734693877551,0.9075510204081633,0.1271400560216711,0.016785207868711256,7.5745297297550085
vggss,C0,12345,best,2148,MI6mYvpTgCM_000083,0.9758163265306122,-0.027857142857142858,0.12594067772484,0.021300065395354006,5.912689721239556
vggss,C0,12345,best,2149,MKC9LvRivTM_000030,0.9027551020408163,0.8140816326530612,0.06364268727288595,0.04314085580511396,1.4752300594218088
vggss,C0,12345,best,2150,MKXeCiPtZwo_000280,0.9739795918367347,0.5984693877551021,0.1266097842265302,0.04141714639114682,3.056941273327171
vggss,C0,12345,best,2151,MLMRHScRnhs_000042,0.9894897959183674,0.5111224489795918,0.12323265744130696,0.016228671512584093,7.593514807773973
vggss,C0,12345,best,2152,MM78BP5nkUs_000417,0.9886734693877551,0.7060204081632653,0.1281711420394309,0.02544740975567845,5.036706811027405
vggss,C0,12345,best,2153,MMCrV1ia670_000030,0.9971428571428571,0.008673469387755102,0.1500892236634805,0.011309079817074044,13.271568163917381
vggss,C0,12345,best,2154,MMVkRbIJ8Ms_000000,0.9027551020408163,-0.17,0.07800148517703377,0.028885933086841988,2.700327697309689
vggss,C0,12345,best,2155,MMcIAn91Zrc_000005,0.9767346938775511,0.35591836734693877,0.09292089484969357,0.017582616248957524,5.284816180595585
vggss,C0,12345,best,2156,MN-NfHbxdQE_000107,0.9953061224489796,0.9783673469387755,0.19561358189695477,0.06485303453236825,3.01625950593451
vggss,C0,12345,best,2157,MNEuyIAtj3U_000172,0.9925510204081632,0.24346938775510205,0.1997488795769912,0.016277216106063207,12.27168566635823
vggss,C0,12345,best,2158,MNN2LtdpPc0_000170,0.9766326530612245,0.5310204081632653,0.13614707391181124,0.0239087518620855,5.69444505916318
vggss,C0,12345,best,2159,MNnlykTxbB0_000030,0.9881632653061224,0.570204081632653,0.13233920953432723,0.012495196158093668,10.59120704148414
vggss,C0,12345,best,2160,MON5q_Vvgx8_000062,0.9884693877551021,-0.017653061224489796,0.14028679246855236,0.015787409757917918,8.885991725032271
vggss,C0,12345,best,2161,MPW-geOjDG4_000197,0.996734693877551,0.40683673469387754,0.1529633740862685,0.014558916083910484,10.506508396961854
vggss,C0,12345,best,2162,MPe6ztPtF0Y_000030,0.993061224489796,0.886734693877551,0.1286775473890079,0.036961768440246845,3.4813687986014705
vggss,C0,12345,best,2163,MQ6ckvo-f2k_000050,0.948265306122449,-0.08836734693877552,0.07864175495673535,0.02153970870425448,3.651012928563987
vggss,C0,12345,best,2164,MQtUV_cFcm8_000020,0.9831632653061224,-0.10653061224489796,0.11683405950466115,0.019380600783679203,6.028402360108954
vggss,C0,12345,best,2165,MT0ujxJyAvs_000108,0.9306122448979591,0.18806122448979593,0.09507831887325922,0.0350587714569858,2.7119694992710293
vggss,C0,12345,best,2166,MUC3GjvBI7I_000030,0.9856122448979592,0.3423469387755102,0.17179860493866106,0.023661792017705213,7.260591455208073
vggss,C0,12345,best,2167,MVLEz28ZdFU_000010,0.9656122448979592,-0.2110204081632653,0.09952927951515164,0.02094514826344693,4.751901407585079
vggss,C0,12345,best,2168,MW0ZTvRCS1o_000220,0.9680612244897959,0.4847959183673469,0.1038622251317812,0.020605475372291775,5.040515846164119
vggss,C0,12345,best,2169,MX5ei7dDgPc_000137,0.9907142857142858,0.8839795918367347,0.16127663690397398,0.03949825353572289,4.083133365836357
vggss,C0,12345,best,2170,MXoUiFrXVak_000011,0.9840816326530613,-0.24051020408163265,0.1621344531997686,0.019691755181286012,8.233621213910505
vggss,C0,12345,best,2171,MYLbHRi-eXA_000039,0.9873469387755102,0.7651020408163265,0.15950608759276888,0.033074263977198086,4.822664767467988
vggss,C0,12345,best,2172,MYv6qs-tjFY_000260,0.9666326530612245,-0.3704081632653061,0.10641061602165902,0.02946459809736906,3.6114735273161793
vggss,C0,12345,best,2173,MYxhRD4RVmQ_000010,0.9773469387755102,-0.02989795918367347,0.10179865932622155,0.017999456743244026,5.6556517665140635
vggss,C0,12345,best,2174,MZ7yHPG9ThU_000017,0.9878571428571429,-0.16744897959183674,0.10219589171648308,0.01390979872946203,7.3470431674920125
vggss,C0,12345,best,2175,MZFo739aKwI_000109,0.9811224489795919,0.15918367346938775,0.16037593116253718,0.025404383541197673,6.3129235512626956
vggss,C0,12345,best,2176,M_0KYUcqS8g_000009,0.9970408163265306,-0.343265306122449,0.22657204208177523,0.011512848090461054,19.679929788138264
vggss,C0,12345,best,2177,M_3Mk2nMydQ_000030,0.990204081632653,0.6301020408163265,0.1197426972513069,0.020564879513032857,5.822679251557042
vggss,C0,12345,best,2178,MabWpP62b1E_000168,0.9729591836734693,0.4301020408163265,0.14434116805947672,0.02766314963396927,5.217813949942684
vggss,C0,12345,best,2179,MasEB_CwVoI_000175,0.9971428571428571,0.8748979591836735,0.12721581290933015,0.01996015350520455,6.373488704691525
vggss,C0,12345,best,2180,MbPDtTzoOj4_000040,0.9948979591836735,0.9604081632653061,0.1805733406939239,0.06447053432496604,2.800866203213665
vggss,C0,12345,best,2181,Mdwn6x9edFI_000530,0.991938775510204,0.5222448979591837,0.17120211798439247,0.023542868479726534,7.271931121384793
vggss,C0,12345,best,2182,MeF_9KT_T8k_000040,0.9940816326530613,0.33438775510204083,0.11881748826193302,0.010822125013866877,10.979127307223564
vggss,C0,12345,best,2183,Mel-OwQFWmo_000130,0.9785714285714285,0.6831632653061225,0.11285742996725645,0.03095450847432118,3.6459125190399706
vggss,C0,12345,best,2184,MetDvJdgZ64_000049,0.9913265306122448,-0.23,0.16584393997835245,0.019309665845033488,8.588648882342419
vggss,C0,12345,best,2185,MgD5JedaXGs_000020,0.9904081632653061,0.35867346938775513,0.1989808558809934,0.017162096615936876,11.594204387371763
vggss,C0,12345,best,2186,Mgd0Hsgl8gU_000100,0.9875510204081632,0.8734693877551021,0.10017515247520893,0.03123068613988684,3.207587307768702
vggss,C0,12345,best,2187,MiQZ0dGQuIA_000170,0.9856122448979592,0.0629591836734694,0.16511902754508223,0.02091682435799555,7.8940772613967445
vggss,C0,12345,best,2188,Mj6ezUbjRHE_000133,0.9941836734693877,0.7887755102040817,0.1548025337889806,0.02548378052975162,6.074551364474861
vggss,C0,12345,best,2189,MmMtqNIzmjg_000075,0.9956122448979592,-0.11153061224489796,0.20831049721601153,0.017633315529664767,11.81346167517776
vggss,C0,12345,best,2190,Mn8WGSW8jHY_000065,0.9918367346938776,-0.2780612244897959,0.14481315915272372,0.01901544049150166,7.6155563799557155
vggss,C0,12345,best,2191,MnGVz1Xu4L4_000046,0.9831632653061224,0.5942857142857143,0.12329051358299327,0.026801178651327997,4.600189983692536
vggss,C0,12345,best,2192,MnGVz1Xu4L4_000075,0.986938775510204,0.88,0.1139538528501616,0.024476156018731435,4.655708713531385
vggss,C0,12345,best,2193,MnH4tzgKXVc_000030,0.980204081632653,0.5697959183673469,0.09447861440029,0.02173161178817006,4.347519885833821
vggss,C0,12345,best,2194,MoWyfzqzZrk_000019,0.9956122448979592,0.9092857142857143,0.14685086107923,0.038209602006099866,3.8432973223795006
vggss,C0,12345,best,2195,MoYPhggPrPg_000074,0.9809183673469388,0.6472448979591837,0.13358618057532162,0.03049602570833479,4.380445565364655
vggss,C0,12345,best,2196,MpWGx5odhh8_000160,0.9942857142857143,0.7578571428571429,0.1290114759179567,0.029076507265321003,4.436966061320104
vggss,C0,12345,best,2197,MqJra27MtFc_000000,0.9854081632653061,0.6391836734693878,0.19044041870200581,0.02683380930685696,7.09703257276043
vggss,C0,12345,best,2198,Mqlg9NYMidw_000011,0.9880612244897959,0.2726530612244898,0.10218487145510138,0.011306444225644183,9.037754878172533
vggss,C0,12345,best,2199,Mr--N4d6lIM_000323,0.9847959183673469,0.11244897959183674,0.11105412838858565,0.013880166198969108,8.000922092477087
vggss,C0,12345,best,2200,Mr87MY9Vdiw_000002,0.976326530612245,-0.16795918367346938,0.12285457059980162,0.018047764222351284,6.807190579742402
vggss,C0,12345,best,2201,MrHp70quN94_000030,0.9831632653061224,0.48520408163265305,0.15080885048125434,0.02865012479853209,5.263811293728854
vggss,C0,12345,best,2202,Ms-M0gM_Sy8_000030,0.990204081632653,0.8235714285714286,0.1811919209464145,0.028921297494521166,6.264999728339968
vggss,C0,12345,best,2203,Mt4F5APXeqI_000838,0.996938775510204,0.05928571428571429,0.17201371782298613,0.01183286264785616,14.53694874537828
vggss,C0,12345,best,2204,MueF0HZVVcg_000011,0.9954081632653061,0.9633673469387755,0.17767974080878307,0.06577958920484356,2.7011378902880097
vggss,C0,12345,best,2205,Mw9Kg1um1pk_000050,0.9938775510204082,0.7969387755102041,0.16854504680003538,0.03881687128595806,4.342056461954116
vggss,C0,12345,best,2206,MxSoqiN92v0_000134,0.9951020408163266,-0.05755102040816327,0.11732270111430958,0.009557830064976635,12.275035266029956
vggss,C0,12345,best,2207,My0YmR6tYAk_000060,0.9788775510204082,0.48091836734693877,0.15436957159866943,0.022906089108605285,6.739237364648004
vggss,C0,12345,best,2208,MyUItl-2v0U_000050,0.9905102040816327,0.646734693877551,0.08472226035069208,0.012090849205605464,7.00713894532849
vggss,C0,12345,best,2209,MyjxrBI9k4o_000080,0.9860204081632653,0.9475510204081633,0.264256172354361,0.07981892403834194,3.3106957471316263
vggss,C0,12345,best,2210,N-kdCENmuAs_000039,0.9655102040816327,-0.38051020408163266,0.09732712553809653,0.021696041001963984,4.485939417670082
vggss,C0,12345,best,2211,N00JbKpZKKw_000446,0.9792857142857143,0.8105102040816327,0.15344822812536565,0.05446703268390869,2.817267997981083
vggss,C0,12345,best,2212,N0c6P3Po5J0_000118,0.9648979591836735,0.3460204081632653,0.1546695320341156,0.026250226371898715,5.892121837078395
vggss,C0,12345,best,2213,N0d1cK2k1Eg_000000,0.9913265306122448,0.8186734693877551,0.15096967463058528,0.021604388570805537,6.987917021386745
vggss,C0,12345,best,2214,N0jVgldCwAk_000000,0.9816326530612245,-0.1419387755102041,0.14547762973910847,0.019780746901922792,7.354506402635751
vggss,C0,12345,best,2215,N1c73HkaxvY_000000,0.9943877551020408,0.8455102040816327,0.13096341746719806,0.01764617621392403,7.421631512659328
vggss,C0,12345,best,2216,N1dCXhy56po_000009,0.9885714285714285,0.8283673469387756,0.16498062662543767,0.04689596127331721,3.518013537752303
vggss,C0,12345,best,2217,N2CdQ4bWCkE_000022,0.9911224489795918,-0.7145918367346938,0.12867464171267873,0.015436994199415811,8.335472570012898
vggss,C0,12345,best,2218,N3B-vKpsKoE_000125,0.976938775510204,-0.42673469387755103,0.1340893970745361,0.023273624960753234,5.761431547541634
vggss,C0,12345,best,2219,N4JQ0uzRjpA_000274,0.9845918367346939,0.6786734693877551,0.13558992941731923,0.029305934599685085,4.626705521235151
vggss,C0,12345,best,2220,N4SfahxM8Z4_000004,0.9690816326530612,0.6001020408163266,0.12919472159535308,0.03476818431354761,3.715889228791613
vggss,C0,12345,best,2221,N4yxwdPnRQk_000028,0.9840816326530613,0.8603061224489796,0.09903064088305585,0.0330592601451277,2.995549218231705
vggss,C0,12345,best,2222,N6e5C5sXdBI_000000,0.9973469387755102,0.13142857142857142,0.1752946378611222,0.013152021961643475,13.328341328227026
vggss,C0,12345,best,2223,N7_5mcVZgO8_000042,0.9875510204081632,0.37142857142857144,0.17626671925853032,0.019757199150006302,8.921645113774849
vggss,C0,12345,best,2224,N7tVUQOobkY_000289,0.9622448979591837,0.468265306122449,0.15279198224342114,0.03987569113440097,3.831707436203073
vggss,C0,12345,best,2225,N8iIq2UzZLk_000030,0.9831632653061224,0.843265306122449,0.2023898853651423,0.0526718396655494,3.84246851164224
vggss,C0,12345,best,2226,N9N4AZXwWaM_000140,0.9714285714285714,-0.028673469387755102,0.10899092160996,0.025790054016183887,4.22608349488394
vggss,C0,12345,best,2227,N9VpRM5Dx3g_000133,0.9947959183673469,0.9121428571428571,0.1755797197541111,0.02584754643626369,6.792896965561713
vggss,C0,12345,best,2228,N9hbVla0XmE_000087,0.9873469387755102,0.8030612244897959,0.1338307159518681,0.03185932979684601,4.2006758084759515
vggss,C0,12345,best,2229,NAiOfUtiXeM_000030,0.9951020408163266,0.3902040816326531,0.13508821984817526,0.011159901321875951,12.104786229907925
vggss,C0,12345,best,2230,ND5nBdo7Lwo_000090,0.9897959183673469,0.8979591836734694,0.13628946920531126,0.02526166376755308,5.395110569889145
vggss,C0,12345,best,2231,NDovY5OEt2o_000030,0.9921428571428571,0.8576530612244898,0.12096298050308588,0.023285594212209746,5.194756010978634
vggss,C0,12345,best,2232,NEGXDnMhd5A_000040,0.9953061224489796,0.1360204081632653,0.13532960968583155,0.014770184258025782,9.16235080901557
vggss,C0,12345,best,2233,NEUZUB2K1aI_000078,0.9866326530612245,-0.12020408163265306,0.10299235719118195,0.01152078738117127,8.939697764017858
vggss,C0,12345,best,2234,NE_DQerjrVU_000020,0.9883673469387755,0.4423469387755102,0.15520697982025736,0.023043544115410968,6.735377988859737
vggss,C0,12345,best,2235,NEi-LsJkgE4_000030,0.9916326530612245,0.8786734693877551,0.09209569334926465,0.016367286261492402,5.626815091878718
vggss,C0,12345,best,2236,NF1lwZ24RYI_000030,0.9944897959183674,-0.5192857142857142,0.1807119361482105,0.021467257201646803,8.418026320304564
vggss,C0,12345,best,2237,NGvamh45l6k_000022,0.9901020408163266,0.9101020408163265,0.12531582295485488,0.030742157040521367,4.076351011728798
vggss,C0,12345,best,2238,NGvamh45l6k_000039,0.9942857142857143,0.9302040816326531,0.13071755012958317,0.029181064572943526,4.479533287856247
vggss,C0,12345,best,2239,NIUD5tnT_NQ_000308,0.995,0.09918367346938775,0.19137881775355597,0.014786884795481715,12.942470331008039
vggss,C0,12345,best,2240,NIXYf0CSnhE_000080,0.9844897959183674,0.28755102040816327,0.0819120152357567,0.01346569760987191,6.08301312036784
vggss,C0,12345,best,2241,NIklY_eIHdQ_000039,0.9885714285714285,0.738265306122449,0.15394300774708658,0.026328805932146093,5.846942248115028
vggss,C0,12345,best,2242,NIuu97_y33A_000030,0.9937755102040816,0.8971428571428571,0.13040056218278823,0.024686164453000824,5.28233385267499
vggss,C0,12345,best,2243,NJJg575V_fc_000080,0.9894897959183674,0.07408163265306122,0.13505770944904422,0.01682808107668199,8.025734415802665
vggss,C0,12345,best,2244,NJUl3gPX07o_000030,0.9759183673469388,0.7703061224489796,0.07820414176065053,0.025418634718124795,3.076646036574378
vggss,C0,12345,best,2245,NJo3COkwasM_000017,0.9897959183673469,0.5393877551020408,0.0675119722507347,0.01115236856293031,6.053599454661117
vggss,C0,12345,best,2246,NKfyi7q0JNU_000030,0.9937755102040816,-0.5587755102040817,0.15408452666769862,0.013488721763236284,11.423211878212088
vggss,C0,12345,best,2247,NPXZIqxKvXA_000030,0.9937755102040816,0.8536734693877551,0.180474252393441,0.04641185188689372,3.888538057762898
vggss,C0,12345,best,2248,NRJw5ZZMBnw_000030,0.993265306122449,0.898673469387755,0.11614520571965628,0.02290110735195447,5.0715978024418105
vggss,C0,12345,best,2249,NRRYGxnq-FM_000258,0.9953061224489796,0.9522448979591837,0.1208709454943065,0.022068025799390222,5.477197942085349
vggss,C0,12345,best,2250,NSEzNYgLuAs_000077,0.9951020408163266,0.3130612244897959,0.13620269352984368,0.011928749342138419,11.418019578021175
vggss,C0,12345,best,2251,NSfsygAoz0I_000001,0.9889795918367347,0.8451020408163266,0.15405195204451802,0.039047373314679064,3.945257746354102
vggss,C0,12345,best,2252,NTyKi3QGd4k_000090,0.9624489795918367,0.5613265306122449,0.09967379932498902,0.030953404551621058,3.220123949815046
vggss,C0,12345,best,2253,NUEfNw3Mdsw_000249,0.9395918367346939,0.3439795918367347,0.057792931070418496,0.02138891330164453,2.7020040829271568
vggss,C0,12345,best,2254,NV0P4YtItzc_000110,0.9957142857142857,-0.43479591836734693,0.10501638384921684,0.010520083487589971,9.982466771589744
vggss,C0,12345,best,2255,NXCTvtrCPXs_000177,0.9952040816326531,0.6651020408163265,0.1618026012891967,0.021676168335812047,7.464538878943669
vggss,C0,12345,best,2256,NXeVBvS5cxQ_000030,0.9954081632653061,0.8839795918367347,0.1603235357893192,0.01583892518721185,10.122122170181246
vggss,C0,12345,best,2257,NY1zBHjxxc4_000140,0.9942857142857143,0.48387755102040814,0.14868289878148955,0.013016276106751839,11.42284456491856
vggss,C0,12345,best,2258,NYKrP5HnEC8_000030,0.9908163265306122,0.7315306122448979,0.13977556503600766,0.02153782186861201,6.489772544720902
vggss,C0,12345,best,2259,NZMsQG4Zx7I_000050,0.9616326530612245,0.7584693877551021,0.09909704754034171,0.03223164060864302,3.07452694523308
vggss,C0,12345,best,2260,N_bWjtccFg0_000020,0.9828571428571429,0.19275510204081633,0.13053723614875298,0.017405481053465083,7.499777555574405
vggss,C0,12345,best,2261,NaGTvAwqJVc_000080,0.9906122448979592,0.18591836734693878,0.12277150772977677,0.015582578282580193,7.878767268380956
vggss,C0,12345,best,2262,Nayu_7okwmY_000032,0.9927551020408163,0.5745918367346938,0.1507336368576915,0.016103682015008378,9.360197047930413
vggss,C0,12345,best,2263,NboCft3LZAg_000140,0.9965306122448979,0.9210204081632654,0.19891685292208955,0.05254219793974793,3.7858494833085365
vggss,C0,12345,best,2264,NcIR-UiXJI0_000030,0.9811224489795919,0.7541836734693877,0.14169893483406432,0.03469583778373843,4.084032664588866
vggss,C0,12345,best,2265,NcKhJQPS_hs_000047,0.9939795918367347,0.9390816326530612,0.15393247579286248,0.04539498262413071,3.3909579185748218
vggss,C0,12345,best,2266,Ncdv7wCGgYE_000030,0.9796938775510204,0.2835714285714286,0.13444791686035307,0.019583760757361342,6.865275700930702
vggss,C0,12345,best,2267,NcllrpzRk38_000041,0.9957142857142857,0.7802040816326531,0.1218470443115392,0.022318015017638734,5.459582503875863
vggss,C0,12345,best,2268,NdYDEnBhiSE_000018,0.9872448979591837,0.8612244897959184,0.110283224507365,0.02461286801208978,4.480714090417831
vggss,C0,12345,best,2269,NdiSW-p2I0c_000030,0.9909183673469387,0.8190816326530612,0.21351836869181545,0.052847307134450426,4.040288526879845
vggss,C0,12345,best,2270,NdqYvzceNo0_000001,0.9883673469387755,0.3603061224489796,0.11895811913117474,0.013203535590912212,9.0095655297852
vggss,C0,12345,best,2271,NfOHjeI-Bns_000210,0.9894897959183674,0.6589795918367347,0.16917012962062333,0.044203809804989745,3.8270486269608224
vggss,C0,12345,best,2272,Ng1LL3S02kI_000048,0.9446938775510204,0.24724489795918367,0.0862612569727556,0.029623369988266222,2.911932606145877
vggss,C0,12345,best,2273,Ng9bw-BkB94_000030,0.9788775510204082,0.11908163265306122,0.12201496526946164,0.020006904402971946,6.0986428890686755
vggss,C0,12345,best,2274,NgAEMX5d5iM_000083,0.9856122448979592,0.5352040816326531,0.10047248886237502,0.021616311083234526,4.6479942149010265
vggss,C0,12345,best,2275,Nht8x-egV7Y_000015,0.951734693877551,0.4126530612244898,0.08951141659538245,0.024077644594585654,3.71761516138962
vggss,C0,12345,best,2276,Ni_RNKhQ47k_000118,0.9556122448979592,0.1353061224489796,0.10811886570746006,0.025518358322202884,4.2369052249489165
vggss,C0,12345,best,2277,Ni_RNKhQ47k_000136,0.970204081632653,0.276734693877551,0.12617521229005732,0.02861760415577217,4.409006833809594
vggss,C0,12345,best,2278,NjLHnT9ZtPw_000119,0.996734693877551,0.9070408163265307,0.1611687616566128,0.02407289557834779,6.695030148412018
vggss,C0,12345,best,2279,Nluf6HIYXXQ_000030,0.9585714285714285,-0.023979591836734693,0.07889499300966853,0.01520020417911621,5.190390344760207
vggss,C0,12345,best,2280,NpGTa9fRvUU_000030,0.9745918367346939,0.8665306122448979,0.101586013264823,0.0340682151713361,2.981841366033587
vggss,C0,12345,best,2281,Nqb7nw58q08_000030,0.990204081632653,0.8218367346938775,0.1599663889987591,0.049331932423204876,3.2426540202490366
vggss,C0,12345,best,2282,NqzZbJJl3E4_000030,0.9834693877551021,0.5840816326530612,0.12557931914537435,0.02265073576445424,5.544160704150094
vggss,C0,12345,best,2283,Ns-iXXKmzzU_000030,0.9907142857142858,0.1596938775510204,0.13762388745849363,0.02021661150422804,6.807465604694011
vggss,C0,12345,best,2284,Ns9Zf0DrFlk_000212,0.9744897959183674,0.5031632653061224,0.11018355649974955,0.03588240343640968,3.0706849582976066
vggss,C0,12345,best,2285,NsbLeONN0-c_000188,0.9937755102040816,0.8322448979591837,0.13178669114699096,0.04904767091860547,2.686910278893584
vggss,C0,12345,best,2286,Nsjm00Bwebo_000140,0.9828571428571429,0.8071428571428572,0.11749970918161512,0.034607171825058625,3.395241592568828
vggss,C0,12345,best,2287,NtM3gudMBCQ_000010,0.9823469387755102,0.8212244897959183,0.12683883816980204,0.04119554146428997,3.0789457708609387
vggss,C0,12345,best,2288,NuqLe9Svlio_000443,0.9959183673469387,0.7598979591836734,0.1835049597009868,0.02417941784930482,7.589304293621061
vggss,C0,12345,best,2289,NuvgBjmUW1g_000140,0.9914285714285714,-0.005510204081632653,0.10745899064136472,0.013348016751876588,8.050558569029151
vggss,C0,12345,best,2290,Nuyu78uZcVE_000058,0.9825510204081632,0.6887755102040817,0.1725635422932828,0.06492227117599908,2.658002241256731
vggss,C0,12345,best,2291,Nuyu78uZcVE_000162,0.986938775510204,0.7118367346938775,0.16054802308776034,0.06346296978352932,2.529790579221014
vggss,C0,12345,best,2292,NvN2PoU3Pzs_000678,0.9954081632653061,0.4194897959183673,0.1669898275446642,0.019332093231414948,8.637958939350819
vggss,C0,12345,best,2293,NwBREzh6M_I_000050,0.9892857142857143,0.6157142857142858,0.10764272437611665,0.020494044438592606,5.252390502941099
vggss,C0,12345,best,2294,NwGcF_Ud-ig_000000,0.975,0.10071428571428571,0.10797461144207121,0.01691663592181411,6.382747251942525
vggss,C0,12345,best,2295,NwpT3VmaDGE_000205,0.9952040816326531,0.8383673469387755,0.18316991155451542,0.04547618351843942,4.027820660901431
vggss,C0,12345,best,2296,NyWZtL6Essc_000038,0.9903061224489796,-0.08744897959183673,0.1119081271272269,0.012411872705092633,9.01621614934148
vggss,C0,12345,best,2297,NynrI4Tm9zo_000052,0.9923469387755102,0.9290816326530612,0.14999800428605123,0.036629337005719464,4.095023730913554
vggss,C0,12345,best,2298,O-UIOSuqzWA_000001,0.9909183673469387,0.7408163265306122,0.16485357338356693,0.0281321013962406,5.859980776466167
vggss,C0,12345,best,2299,O-VVb8Ag49g_000040,0.9586734693877551,0.48306122448979594,0.0667080656861326,0.01789320866041578,3.7281220463106437
vggss,C0,12345,best,2300,O2HttJtcec4_000030,0.9948979591836735,0.5808163265306122,0.2190084046963266,0.04628032004756038,4.732214567039741
vggss,C0,12345,best,2301,O3HG59u1yek_000030,0.9939795918367347,-0.21959183673469387,0.12694635006179558,0.013088732324973068,9.698903370465008
vggss,C0,12345,best,2302,O41WqVK8Cjw_000100,0.9935714285714285,-0.1593877551020408,0.1447636563007506,0.011225697713733268,12.895737974812022
vggss,C0,12345,best,2303,O4XYhK_tQnk_000028,0.9787755102040816,0.8286734693877551,0.1686982652470576,0.04533239053249302,3.721362656269788
vggss,C0,12345,best,2304,O67-3jP1DUs_000443,0.9474489795918367,0.08428571428571428,0.07553261371432256,0.01968837169021938,3.8364073425048653
vggss,C0,12345,best,2305,O69hivnI5oM_000073,0.9943877551020408,0.4679591836734694,0.10081071855711922,0.010673839742252172,9.444653563427797
vggss,C0,12345,best,2306,O7-ggV4SQRs_000030,0.9874489795918368,0.5911224489795919,0.12727522427261354,0.01790292683037538,7.109185301292151
vggss,C0,12345,best,2307,O70kWGbFbbY_000204,0.9781632653061224,0.8105102040816327,0.15055520671585804,0.032466539729560984,4.6372421566926825
vggss,C0,12345,best,2308,O7puBCRI2Bc_000030,0.9933673469387755,0.8397959183673469,0.1617496806647457,0.032247126048318156,5.0159409685807255
vggss,C0,12345,best,2309,O8DtnVJN_dY_000030,0.9772448979591837,0.4126530612244898,0.10293820869723656,0.02707032605016632,3.802621679047124
vggss,C0,12345,best,2310,O9KZqw2dyXM_000024,0.9912244897959184,0.6825510204081633,0.14402337125396952,0.023161276585450807,6.218282948377747
vggss,C0,12345,best,2311,O9M7RtFP_-Y_000010,0.9860204081632653,0.8580612244897959,0.15511408288808465,0.057245231096491996,2.7096420071503577
vggss,C0,12345,best,2312,O9dNbswLJu0_000331,0.9825510204081632,0.48020408163265305,0.1506013054478303,0.026959096951500665,5.586288951694547
vggss,C0,12345,best,2313,OAyewg0sAeY_000000,0.9965306122448979,0.8962244897959184,0.17047521060353535,0.026928916417380457,6.330563323131237
vggss,C0,12345,best,2314,OBAaK0pxdW0_000046,0.961530612244898,-0.553469387755102,0.1271808391187624,0.02935792192023477,4.332079071002085
vggss,C0,12345,best,2315,OCReBtZOo8A_000021,0.9942857142857143,-0.44877551020408163,0.15854807142588007,0.014219696630729537,11.149891277093007
vggss,C0,12345,best,2316,OCaW_fZF1e8_000251,0.9929591836734694,0.8003061224489796,0.10465388545996851,0.01764045993084804,5.932605264841154
vggss,C0,12345,best,2317,OCwzCoB6p-4_000030,0.9662244897959184,-0.4119387755102041,0.05853220676254233,0.017391675646030176,3.3655300359688396
vggss,C0,12345,best,2318,ODoQDztFbaQ_000251,0.9964285714285714,-0.42857142857142855,0.15138642518919845,0.0097433862863842,15.537352285904124
vggss,C0,12345,best,2319,OGnBrabqdP4_000040,0.9785714285714285,0.876734693877551,0.11627325036117682,0.040582681167971806,2.865095331674159
vggss,C0,12345,best,2320,OGyMalgBFxY_000001,0.9912244897959184,0.5094897959183673,0.14076331735971592,0.02140832320825628,6.575167797608245
vggss,C0,12345,best,2321,OHkkIGrKEKk_000000,0.9843877551020408,0.6785714285714286,0.08579087830827804,0.01500421304455341,5.717785934759203
vggss,C0,12345,best,2322,OI4vBlF4O-Y_000052,0.9581632653061225,-0.05275510204081633,0.10616312422954263,0.024635372294854727,4.309377709372614
vggss,C0,12345,best,2323,OIYRNzlgN84_000200,0.9922448979591837,0.6418367346938776,0.16475214719180512,0.020152909675190536,8.1751047291511
vggss,C0,12345,best,2324,OIqd2UrvGcI_000109,0.9954081632653061,0.8808163265306123,0.173879530394154,0.040284285295144384,4.316311661488316
vggss,C0,12345,best,2325,OIx8kHKwMl8_000035,0.981326530612245,0.8790816326530613,0.12439495527498547,0.04356896793947825,2.8551274257352794
vggss,C0,12345,best,2326,OKsOk8558gs_000380,0.9954081632653061,0.518265306122449,0.2260542871351826,0.019913864141484845,11.351603361813797
vggss,C0,12345,best,2327,OLG6jDvjB9I_000133,0.9777551020408163,0.1840816326530612,0.11886963706552041,0.02041392249281648,5.822968961861681
vggss,C0,12345,best,2328,OLRKXIQi9z4_000023,0.9898979591836735,-0.19306122448979593,0.15041870312448313,0.02099576334767017,7.164240739128667
vggss,C0,12345,best,2329,OLaCHe5fCtY_000275,0.993061224489796,0.695,0.1719417477556844,0.019991919592019153,8.600562190352356
vggss,C0,12345,best,2330,OMaV10b6-CU_000140,0.9890816326530613,0.15387755102040818,0.17528967910077106,0.019758263170525717,8.8717149674501
vggss,C0,12345,best,2331,OODgp3YrENY_000028,0.9911224489795918,0.3769387755102041,0.1451947911763123,0.022349295372148976,6.4966160569540685
vggss,C0,12345,best,2332,OOzxHnmlNhA_000017,0.9913265306122448,0.7558163265306123,0.14442149238849566,0.026944768837100234,5.359908383761742
vggss,C0,12345,best,2333,OPXoyT08GvQ_000017,0.9921428571428571,0.5725510204081633,0.0872990210361535,0.01040611916800879,8.389200587336553
vggss,C0,12345,best,2334,OPd0cz1hRqc_000030,0.9857142857142858,0.725,0.13319527007198087,0.029709799972315164,4.483209923866798
vggss,C0,12345,best,2335,OQuFLgQSj0k_000044,0.990204081632653,-0.013571428571428571,0.20577057970123694,0.018887818419546284,10.894353976226963
vggss,C0,12345,best,2336,ORaz32CQ29k_000130,0.9895918367346939,0.30448979591836733,0.11339694444073213,0.010880206530811586,10.422315433039259
vggss,C0,12345,best,2337,OSlYn9hTRFA_000030,0.9837755102040816,0.4666326530612245,0.13993258953906176,0.024271087363499543,5.765402573166194
vggss,C0,12345,best,2338,OTBujHqhKhI_000000,0.9915306122448979,0.5921428571428572,0.10567389536941352,0.012417007924401978,8.510415392563498
vggss,C0,12345,best,2339,OUIkTOSII9w_000050,0.9968367346938776,0.773673469387755,0.14503447385682205,0.01669641799250629,8.686562226815154
vggss,C0,12345,best,2340,OWJ_fMJFjWQ_000358,0.9839795918367347,0.5307142857142857,0.09729878128635461,0.01827987308739513,5.32272739647448
vggss,C0,12345,best,2341,OWuMapsvJ3w_000050,0.983265306122449,-0.052244897959183675,0.12669613315146636,0.017167241944913193,7.380109953480766
vggss,C0,12345,best,2342,OZ9ti0RBfr8_000029,0.9927551020408163,0.7876530612244897,0.11578952715858966,0.017493111319683487,6.619149963808995
vggss,C0,12345,best,2343,O_q02_oUP2M_000131,0.9821428571428571,0.7578571428571429,0.16453748162667317,0.054531119513093265,3.01731347340424
vggss,C0,12345,best,2344,ObV0Fz5rJHQ_000008,0.9914285714285714,0.5029591836734694,0.1099715510410914,0.020179489175244623,5.449669715921255
vggss,C0,12345,best,2345,ObdJilylBPw_000527,0.9889795918367347,0.8322448979591837,0.11105810510827188,0.017749767076082574,6.256876759691132
vggss,C0,12345,best,2346,ObhHyU04C40_000197,0.9890816326530613,0.22040816326530613,0.12295056463599595,0.016278168945012092,7.553095501792915
vggss,C0,12345,best,2347,Oc9azgD3RJ8_000030,0.9774489795918367,-0.7529591836734694,0.10192408738652864,0.028986337925288038,3.5162802437906033
vggss,C0,12345,best,2348,Od58AkKIPnA_000060,0.9934693877551021,0.11051020408163266,0.12472819215152202,0.015447628469294138,8.074261521724786
vggss,C0,12345,best,2349,OebTD1Qqjys_000055,0.991938775510204,-0.26387755102040816,0.1419945177033817,0.014805277136750094,9.590804440324776
vggss,C0,12345,best,2350,Oew6XicL4Ks_000150,0.9822448979591837,-0.4907142857142857,0.09944041382385937,0.017444603088621707,5.700354047534603
vggss,C0,12345,best,2351,OgSyPzydMxk_000020,0.9846938775510204,0.40948979591836737,0.10284576726288092,0.017680844468548097,5.816790450582269
vggss,C0,12345,best,2352,OhhSpbVbXYA_000145,0.9877551020408163,0.6023469387755102,0.14677396629367795,0.02790748948758477,5.259303828062837
vggss,C0,12345,best,2353,OhmcZInYYwE_000173,0.9834693877551021,0.20724489795918366,0.13907470585772605,0.022514781967909136,6.177039869004843
vggss,C0,12345,best,2354,Oi855GiZQa0_000061,0.993061224489796,0.013571428571428571,0.09966908985665701,0.008485319819319525,11.746061666376873
vggss,C0,12345,best,2355,OjGbRQ7e_AU_000134,0.9734693877551021,-0.49918367346938775,0.2042515467680175,0.025999618183827032,7.8559440882509355
vggss,C0,12345,best,2356,OkAT5LKBbIE_000190,0.9955102040816326,0.7378571428571429,0.15480692182155037,0.014452974798282748,10.711076714805037
vggss,C0,12345,best,2357,OkMPd5IwM-w_000012,0.9918367346938776,0.5043877551020408,0.16448747667708927,0.022349485480811167,7.359788072898367
vggss,C0,12345,best,2358,Okx87oCJg5g_000250,0.9966326530612245,0.4346938775510204,0.16051271633567582,0.012811201295045333,12.529091740815383
vggss,C0,12345,best,2359,Olfg9KK_bmE_000011,0.9983673469387755,0.9088775510204081,0.20197606836679075,0.03217814737204207,6.276808482214776
vggss,C0,12345,best,2360,OmlvTSN8aeo_000033,0.9913265306122448,0.13408163265306122,0.12261299666026136,0.01443652425780569,8.493249100036367
vggss,C0,12345,best,2361,On8mxembDtg_000550,0.9872448979591837,0.8385714285714285,0.13001277347925513,0.029052310755134873,4.475126766165268
vggss,C0,12345,best,2362,OnRh-5IRG3A_000000,0.9792857142857143,0.5252040816326531,0.11887420632687355,0.027266581932578124,4.359703266834579
vggss,C0,12345,best,2363,Op6UazVNEQg_000003,0.9746938775510204,-0.20775510204081632,0.14677944163667017,0.028378414947359886,5.17222127835316
vggss,C0,12345,best,2364,OqUYjRzUis4_000120,0.9935714285714285,-0.03346938775510204,0.13844767983634834,0.014084369402091372,9.829881330419408
vggss,C0,12345,best,2365,OqjRuWUFQy8_000140,0.9964285714285714,0.5060204081632653,0.13766415198329635,0.008704235149138005,15.815766649747445
vggss,C0,12345,best,2366,OrSfdkVVbOQ_000000,0.9870408163265306,0.49244897959183676,0.13426551599572384,0.01997899190802765,6.720334870438349
vggss,C0,12345,best,2367,OrZNGml0csQ_000022,0.9978571428571429,0.681530612244898,0.16524335192630538,0.02375683791845256,6.955612211251251
vggss,C0,12345,best,2368,OruJS8cr2qE_000005,0.9845918367346939,0.5656122448979591,0.14806582014173564,0.02557153341385716,5.790259729262035
vggss,C0,12345,best,2369,OugiXVgs0tA_000069,0.9785714285714285,0.0236734693877551,0.1357504345049901,0.028537033537857,4.756991798916474
vggss,C0,12345,best,2370,OxbHUMFOxnk_000030,0.9948979591836735,-0.007448979591836735,0.15329432012676114,0.010795398419222635,14.199968743515786
vggss,C0,12345,best,2371,OzMAwy8qSEo_000030,0.9627551020408164,0.6378571428571429,0.10615455194577192,0.025864834726392723,4.104203760384009
vggss,C0,12345,best,2372,P-NCCepeHdI_000125,0.9351020408163265,-0.4716326530612245,0.09300597344016495,0.026610861499194876,3.4950380483915895
vggss,C0,12345,best,2373,P02Zdk3amjk_000030,0.9862244897959184,0.14081632653061224,0.08855691363802592,0.015727167138430424,5.630824220188451
vggss,C0,12345,best,2374,P1LygmOqewM_000157,0.9764285714285714,0.6144897959183674,0.12705646205165627,0.044977608216139255,2.8248825824861172
vggss,C0,12345,best,2375,P2ldhAT8KHc_000280,0.9937755102040816,0.578469387755102,0.09819242211736477,0.013182917747595993,7.448458982858398
vggss,C0,12345,best,2376,P4x12uMeVVc_000086,0.9936734693877551,0.7942857142857143,0.11652165850594501,0.019341343605597604,6.024486244700308
vggss,C0,12345,best,2377,P5Au94IeCXc_000165,0.9968367346938776,0.9256122448979592,0.16494553659968839,0.02359225333513058,6.9915126061346795
vggss,C0,12345,best,2378,P5H8C-I7Qxc_000030,0.9891836734693877,0.8052040816326531,0.13731971368159845,0.04525734903249806,3.034197022520982
vggss,C0,12345,best,2379,P5tsRM1iokA_000030,0.9920408163265306,0.5674489795918367,0.15247348725236518,0.023636468095857635,6.4507728749493936
vggss,C0,12345,best,2380,P8Uwpp00DBk_000000,0.9830612244897959,0.8471428571428572,0.12136041699750767,0.04389700631095739,2.764662722961456
vggss,C0,12345,best,2381,P8VTcL2ecs8_000030,0.9945918367346939,-0.9387755102040817,0.23302500568445625,0.04245358772479785,5.488935521657748
vggss,C0,12345,best,2382,PAou66vfEPo_000371,0.9847959183673469,0.5336734693877551,0.14739798028626627,0.030937860445188772,4.764323652807366
vggss,C0,12345,best,2383,PB3i02Cjf1k_000030,0.9644897959183674,0.4598979591836735,0.09273583294996898,0.025901199083350677,3.5803683316568806
vggss,C0,12345,best,2384,PBKS0vFpPTk_000016,0.9893877551020408,0.25255102040816324,0.14791629223022762,0.017901209948461408,8.262921481625375
vggss,C0,12345,best,2385,PCPIm_NB-ec_000781,0.9898979591836735,0.8256122448979591,0.1603399379875884,0.031868961564635916,5.031225685292271
vggss,C0,12345,best,2386,PD7RisfbHqI_000000,0.99,-0.2548979591836735,0.10804625558157088,0.017097180383256007,6.319536505995173
vggss,C0,12345,best,2387,PD9qAU6kazY_000270,0.9803061224489796,0.6804081632653062,0.11122547004519787,0.027394864547176614,4.060084686808976
vggss,C0,12345,best,2388,PEABLpVs3gg_000010,0.9618367346938775,0.27285714285714285,0.06331059376156839,0.015762084481990277,4.016638397916655
vggss,C0,12345,best,2389,PEGpW0BhDMw_000674,0.9931632653061224,0.33510204081632655,0.15193581095041814,0.013984460545863622,10.864617226537087
vggss,C0,12345,best,2390,PEi0EBPIpsQ_000030,0.990204081632653,0.7628571428571429,0.14245214561800262,0.02500932490147639,5.695961253619972
vggss,C0,12345,best,2391,PFR3S6jN0Ng_000030,0.9824489795918367,0.736734693877551,0.21075480441418626,0.0459625744107264,4.585356828163261
vggss,C0,12345,best,2392,PGNL08Ak-2s_000027,0.9887755102040816,0.8357142857142857,0.12996043208857283,0.0297927422736569,4.362150717609013
vggss,C0,12345,best,2393,PHNkzsSrofY_000214,0.9903061224489796,0.7806122448979592,0.13092808464506228,0.023570402984824476,5.554766489540241
vggss,C0,12345,best,2394,PHeH8KxBDic_000045,0.9786734693877551,0.6552040816326531,0.1128842794552863,0.03089555774668905,3.6537381969543383
vggss,C0,12345,best,2395,PIgN2TZiL5M_000026,0.9872448979591837,0.3616326530612245,0.13988018583666878,0.019073048908620764,7.3339184787307286
vggss,C0,12345,best,2396,PJHg_DV7HGE_000030,0.9903061224489796,0.8805102040816326,0.09152962566251986,0.01588005556323,5.763810164144208
vggss,C0,12345,best,2397,PJmIra-c8cc_000173,0.9770408163265306,0.635,0.19236958737075818,0.04234427994994027,4.542988748378269
vggss,C0,12345,best,2398,PLSAAmBa0Rc_000310,0.9862244897959184,0.738265306122449,0.14273874270089115,0.021792775957094147,6.549819214491845
vggss,C0,12345,best,2399,PNCwMnNW-jw_000000,0.9940816326530613,-0.5772448979591837,0.15678195653786114,0.015463243612293807,10.13900837811377
vggss,C0,12345,best,2400,PNT3hW4qFpQ_000290,0.9886734693877551,0.4680612244897959,0.11604439084938592,0.022187734564470745,5.230114436072621
vggss,C0,12345,best,2401,PNcdB7ptDis_000004,0.9720408163265306,0.04969387755102041,0.07065242738633866,0.015123448916070415,4.671713957473171
vggss,C0,12345,best,2402,PPMAUKxAcXM_000086,0.9792857142857143,-0.5326530612244897,0.10788027106790078,0.01944947119298742,5.546694303277377
vggss,C0,12345,best,2403,PQKLMe0XmXE_000069,0.9940816326530613,0.8696938775510205,0.13101058125586756,0.03414210302313884,3.8372147482268115
vggss,C0,12345,best,2404,PRU9zAtcQDs_000000,0.998061224489796,-0.1246938775510204,0.22733405160012382,0.008241269455392877,27.584834209171767
vggss,C0,12345,best,2405,PRriMdEO23I_000179,0.9908163265306122,0.8601020408163266,0.14190167241988363,0.04573130351469078,3.102943968660307
vggss,C0,12345,best,2406,PS_uJXcbJ_A_000096,0.9774489795918367,0.476734693877551,0.10419633817905487,0.0251950061195245,4.135594874823604
vggss,C0,12345,best,2407,PSt0xAYgf4g_000000,0.9907142857142858,0.673469387755102,0.14923327517732016,0.023382064485556436,6.382382328536665
vggss,C0,12345,best,2408,PUwNDssbDXw_000000,0.9861224489795918,-0.4035714285714286,0.10852139481472908,0.01674294647410715,6.481618691343048
vggss,C0,12345,best,2409,PWLeqsU7nUI_000073,0.9805102040816327,0.42306122448979594,0.11952148631239977,0.0241080961635348,4.9577322697585915
vggss,C0,12345,best,2410,PWLeqsU7nUI_000131,0.9905102040816327,0.7715306122448979,0.12184551756657368,0.01934494668932751,6.298570863149243
vggss,C0,12345,best,2411,PWxH3l6Iri4_000000,0.9779591836734693,0.21112244897959184,0.1286861556396106,0.018075884428898153,7.119217659628227
vggss,C0,12345,best,2412,PX2xcfpGynA_000009,0.995,0.7192857142857143,0.15680224700145495,0.016988881685642263,9.229697981472938
vggss,C0,12345,best,2413,PX9kGT0E7B0_000030,0.9879591836734694,0.6713265306122449,0.10527647491615338,0.02338097789461031,4.502654909930919
vggss,C0,12345,best,2414,PZACLpEasFU_000030,0.9880612244897959,0.6276530612244898,0.15527458361171276,0.02126278156145246,7.302646794491452
vggss,C0,12345,best,2415,PZW8AEqyihI_000000,0.9901020408163266,0.7222448979591837,0.11051708288573957,0.01931011220243684,5.723275024357076
vggss,C0,12345,best,2416,PZiOZeRIgxs_000372,0.9906122448979592,0.315,0.16949721345999116,0.012638777370889639,13.410886867141668
vggss,C0,12345,best,2417,PZiPN1nOwbE_000030,0.9909183673469387,0.7524489795918368,0.21850607105376366,0.053771410124152215,4.063610579474434
vggss,C0,12345,best,2418,P_HYjo4gR0E_000010,0.9884693877551021,0.8355102040816327,0.11989370292844337,0.031724219496549924,3.7792483103164147
vggss,C0,12345,best,2419,P_utET7TCMQ_000020,0.9857142857142858,0.39948979591836736,0.09547706731693446,0.01568954986686969,6.085392387103814
vggss,C0,12345,best,2420,PaQGXIh94uc_000150,0.9841836734693877,0.19785714285714287,0.15745952233915755,0.04707061579340776,3.3451765965893685
vggss,C0,12345,best,2421,PaZ4aVEsPsE_000019,0.9872448979591837,0.483265306122449,0.21883708986793574,0.045725722876535396,4.785863975487507
vggss,C0,12345,best,2422,Pb1AZvbd0Jc_000111,0.9956122448979592,0.8963265306122449,0.18183288726480562,0.029903870666986174,6.080580313154873
vggss,C0,12345,best,2423,Pb1AZvbd0Jc_000174,0.9970408163265306,0.8606122448979592,0.13092644568783013,0.021020753542173937,6.228437311971352
vggss,C0,12345,best,2424,Pc-XnRIIgqE_000005,0.9948979591836735,0.8498979591836735,0.14610539565779235,0.018482193931211983,7.90519762976058
vggss,C0,12345,best,2425,PdLEZFUyy84_000095,0.9953061224489796,0.456734693877551,0.14281771737557816,0.011722661089977746,12.1830458357002
vggss,C0,12345,best,2426,PeNLnpalp9s_000030,0.9541836734693877,0.4010204081632653,0.07744745061433359,0.01653244723823645,4.6845726768879175
vggss,C0,12345,best,2427,PeWX2XHqnTw_000005,0.9952040816326531,0.8704081632653061,0.1963919380242445,0.04557132878621237,4.309550396161874
vggss,C0,12345,best,2428,PeWX2XHqnTw_000043,0.9897959183673469,0.9146938775510204,0.1638420597658532,0.05592407528386701,2.9297231815492957
vggss,C0,12345,best,2429,Pf4C7fuB9hM_000090,0.9952040816326531,0.19653061224489796,0.14611392855106564,0.01627631556656962,8.977088700047887
vggss,C0,12345,best,2430,PfF-ishRsno_000048,0.9947959183673469,0.8186734693877551,0.18721579539803312,0.029332187038375486,6.382606082291018
vggss,C0,12345,best,2431,PkDHPoMjvJ8_000030,0.9820408163265306,0.735,0.0641037305000754,0.014125282646798725,4.538226391852308
vggss,C0,12345,best,2432,Pkm7v1pHu6Y_000030,0.9790816326530613,0.3253061224489796,0.13997228691489041,0.024411529841431197,5.73385968942142
vggss,C0,12345,best,2433,PlF1Z9YWZck_000075,0.9876530612244898,0.17214285714285715,0.09956749885340029,0.011980729037829025,8.310637736569866
vggss,C0,12345,best,2434,PlGrb1DKbao_000130,0.9884693877551021,-0.3326530612244898,0.09171845523508897,0.010921397912906165,8.39805086917512
vggss,C0,12345,best,2435,PqlmyFDIeUM_000039,0.9957142857142857,0.6729591836734694,0.23974724400552352,0.022921497713434054,10.459492961710357
vggss,C0,12345,best,2436,PrAm5YVvXx8_000010,0.9914285714285714,-0.3654081632653061,0.1464966291983833,0.020113113136081783,7.28363770477563
vggss,C0,12345,best,2437,PskdIQWvg3c_000021,0.9890816326530613,-0.0973469387755102,0.12742650270794026,0.01441693744118155,8.83866654952322
vggss,C0,12345,best,2438,Pswmht-tZZM_000038,0.9925510204081632,0.556530612244898,0.17321923714860304,0.016790349469558253,10.316595104983266
vggss,C0,12345,best,2439,PtXXQg3DpcI_000264,0.9808163265306122,0.8503061224489796,0.15416327701093252,0.043477398966427674,3.5458256628915206
vggss,C0,12345,best,2440,PuNLqr0oZeo_000170,0.9925510204081632,-0.4816326530612245,0.10831422760933195,0.012796347002958137,8.464464708896445
vggss,C0,12345,best,2441,PuvTDLP8lwM_000030,0.9880612244897959,0.645,0.12890650756088967,0.02717995795606623,4.742704450435669
vggss,C0,12345,best,2442,PvqxX8mqtUc_000050,0.9893877551020408,0.6858163265306122,0.14092373660166194,0.023024337996044905,6.120642279741969
vggss,C0,12345,best,2443,Pvsrn7bxz9Y_000024,0.9970408163265306,0.6554081632653062,0.21801486530149938,0.0250394934318391,8.706840092231317
vggss,C0,12345,best,2444,PwC9_vE_rqk_000120,0.9910204081632653,0.32357142857142857,0.14918445716776546,0.020425904135496897,7.303689284848212
vggss,C0,12345,best,2445,PyXQVNaAbHc_000030,0.9872448979591837,-0.4503061224489796,0.08260300468578656,0.011914501334916752,6.932980438191685
vggss,C0,12345,best,2446,PyponzntqzM_000036,0.9670408163265306,-0.43153061224489797,0.10155909488710516,0.027828247728985973,3.6494965790217884
vggss,C0,12345,best,2447,Pyt8O3N6-wk_000110,0.9961224489795918,0.445,0.14473372911944365,0.01413302434483008,10.240817930267548
vggss,C0,12345,best,2448,PzS_cNwa4xM_000000,0.9884693877551021,-0.1976530612244898,0.1311813199218104,0.01630947213836236,8.043259696508017
vggss,C0,12345,best,2449,Q-aa-3xMOdg_000045,0.9759183673469388,-0.1742857142857143,0.1324344727505268,0.02191121265278338,6.044141638765195
vggss,C0,12345,best,2450,Q1CMSV81_ws_000030,0.9954081632653061,0.8865306122448979,0.11530088516891764,0.01816967326660794,6.345787482090641
vggss,C0,12345,best,2451,Q22V0AgIHr8_000103,0.9835714285714285,0.0011224489795918367,0.13794612894620945,0.015644542990886315,8.817523722269776
vggss,C0,12345,best,2452,Q2m7w_aktCo_000000,0.9964285714285714,0.8697959183673469,0.15409460537370845,0.02796482813825664,5.510300460702738
vggss,C0,12345,best,2453,Q3aNijPpxGU_000033,0.9940816326530613,0.5630612244897959,0.16279462903732358,0.015890906086619326,10.244515205737834
vggss,C0,12345,best,2454,Q4cVLAbRVDc_000045,0.9693877551020408,0.14683673469387756,0.13908053745720766,0.03207916900407811,4.335540532222853
vggss,C0,12345,best,2455,Q5o7RYwXkvI_000070,0.9947959183673469,-0.013775510204081633,0.15999557638512568,0.012300015376242665,13.007754176808206
vggss,C0,12345,best,2456,Q5zz22v6QR4_000012,0.9911224489795918,0.9038775510204081,0.15555467481684748,0.02134069105697566,7.289111416380358
vggss,C0,12345,best,2457,Q6rij_svhuc_000030,0.9676530612244898,-0.11979591836734693,0.1343335788156045,0.024609877040167105,5.458522957930731
vggss,C0,12345,best,2458,QAWuHvVCI6g_000030,0.9944897959183674,-0.14510204081632652,0.14485492927785953,0.01217033739302738,11.902293634098402
vggss,C0,12345,best,2459,QAgy9r331v0_000030,0.9906122448979592,0.5328571428571428,0.1366683939473742,0.015042865709688451,9.085263179565054
vggss,C0,12345,best,2460,QAjepby044Q_000040,0.9956122448979592,0.7609183673469387,0.19521586798949545,0.05186742276190107,3.763747215388735
vggss,C0,12345,best,2461,QAoCyTYnAuc_000011,0.9944897959183674,0.906734693877551,0.15398964406580756,0.029567729822545366,5.208030680407212
vggss,C0,12345,best,2462,QBMDnMRwQCc_000070,0.9889795918367347,0.3737755102040816,0.14194772897778343,0.018764437696077052,7.564720631487904
vggss,C0,12345,best,2463,QBj5dyzsJkY_000007,0.9943877551020408,0.02816326530612245,0.20490640907772004,0.019686247286149608,10.408606886792656
vggss,C0,12345,best,2464,QBk4A5qgzNc_000200,0.9944897959183674,0.5428571428571428,0.1821848463330268,0.016100073802395188,11.31577709326546
vggss,C0,12345,best,2465,QDfyTkOWfyM_000236,0.9825510204081632,0.3092857142857143,0.16807257585973645,0.029337683256025537,5.728897349971108
vggss,C0,12345,best,2466,QDqBJwoQcNY_000080,0.9774489795918367,0.8772448979591837,0.09201305394038505,0.03249993657592631,2.831176415542359
vggss,C0,12345,best,2467,QEE70zlVRoM_000019,0.9864285714285714,-0.0067346938775510205,0.11490205250472704,0.01597532548412316,7.192470201556816
vggss,C0,12345,best,2468,QEcZFvGVGf0_000111,0.9897959183673469,0.9395918367346939,0.17840663168133358,0.0633922380867062,2.8143292785674134
vggss,C0,12345,best,2469,QFnwnAHcttY_000030,0.9918367346938776,-0.7523469387755102,0.09742415189133669,0.012972448045534636,7.51008225659242
vggss,C0,12345,best,2470,QGhPi_IvNyk_000030,0.995,0.7236734693877551,0.1632925419847556,0.014890081369514774,10.966531205065996
vggss,C0,12345,best,2471,QHPJK945JVg_000010,0.9918367346938776,0.003061224489795918,0.12004827654696244,0.015384932982029104,7.80297689220934
vggss,C0,12345,best,2472,QHmGUrpOgAU_000070,0.9893877551020408,0.6278571428571429,0.14814432055596477,0.031325840953733246,4.7291410556149724
vggss,C0,12345,best,2473,QJDLZ53UsLk_000320,0.9893877551020408,0.9223469387755102,0.15547403579285088,0.041776571275969725,3.7215604594693246
vggss,C0,12345,best,2474,QJEw9jknWlw_000050,0.9924489795918368,0.6023469387755102,0.1071065691373887,0.014203552642389252,7.540829525828529
vggss,C0,12345,best,2475,QJfusheJ-uE_000055,0.9889795918367347,0.8486734693877551,0.1447436031647789,0.026486123325143194,5.464884437330029
vggss,C0,12345,best,2476,QK-mjNg8cPo_000050,0.991734693877551,0.9033673469387755,0.1669477706375546,0.04176881969592877,3.99694728874101
vggss,C0,12345,best,2477,QKhVI1l78Uc_000014,0.9893877551020408,0.4119387755102041,0.10960540455510233,0.01889678576347787,5.800214170122969
vggss,C0,12345,best,2478,QLEBKY7baBg_000030,0.9858163265306122,0.8026530612244898,0.15142496678764675,0.03577561905395298,4.232630232317818
vggss,C0,12345,best,2479,QLEXmKz-MV4_000070,0.9785714285714285,0.860204081632653,0.13391999850283096,0.03902074157928328,3.4320208453939576
vggss,C0,12345,best,2480,QMc3zhoaU-Y_000057,0.9966326530612245,0.8865306122448979,0.18950625256818737,0.024098475662838154,7.8638273731322235
vggss,C0,12345,best,2481,QNRche7AZkM_000270,0.9940816326530613,-0.2785714285714286,0.11414682471068231,0.011012757728967848,10.364962847628224
vggss,C0,12345,best,2482,QOEFVFFrv_Q_000077,0.9970408163265306,0.7970408163265306,0.15806140462224502,0.018599866821627134,8.497985826353226
vggss,C0,12345,best,2483,QOqlkqTR82Q_000000,0.9964285714285714,0.2646938775510204,0.18239301257297397,0.015149709952559503,12.039373238440064
vggss,C0,12345,best,2484,QPPapHk6lmU_000384,0.9853061224489796,0.5839795918367346,0.1768497356890575,0.03249131511329459,5.442984842946393
vggss,C0,12345,best,2485,QPyLES56O1w_000636,0.9784693877551021,0.42918367346938774,0.11869111448720557,0.015004248554302763,7.910500419774008
vggss,C0,12345,best,2486,QRLfJ0FuEbc_000267,0.9896938775510205,-0.1829591836734694,0.16711702524859318,0.013732784803168585,12.16920148708906
vggss,C0,12345,best,2487,QS31Gm9tIig_000000,0.998265306122449,0.9220408163265306,0.17544926823498222,0.03245697851518988,5.405594613585854
vggss,C0,12345,best,2488,QSaX7QfeWog_000030,0.9795918367346939,0.7260204081632653,0.13964342811216718,0.0407012973576264,3.430933094961935
vggss,C0,12345,best,2489,QTT0Cc70d5k_000048,0.9706122448979592,0.6898979591836735,0.10661570870961079,0.03113995582226379,3.4237591510449397
vggss,C0,12345,best,2490,QTbtvbzBs00_000038,0.9901020408163266,0.9661224489795919,0.204759838523713,0.07387353867227016,2.771761610501725
vggss,C0,12345,best,2491,QTbtvbzBs00_000063,0.9976530612244898,0.951530612244898,0.21300296878719094,0.06481041122684549,3.2865548104864017
vggss,C0,12345,best,2492,QUX611hihf4_000190,0.9790816326530613,0.5424489795918367,0.22863442199661285,0.06756603709346658,3.383866093557248
vggss,C0,12345,best,2493,QUte9W0g2Yo_000017,0.9860204081632653,0.4220408163265306,0.13289597392265348,0.015539988775595832,8.551870650727546
vggss,C0,12345,best,2494,QUygd54m8uc_000112,0.9803061224489796,0.8888775510204082,0.18868580590600842,0.06067925107660925,3.1095605591405096
vggss,C0,12345,best,2495,QWxrKBmwNw0_000030,0.9755102040816327,0.1739795918367347,0.12654833608759597,0.027253612319014832,4.643360102370843
vggss,C0,12345,best,2496,QXnFAcMyAHA_000030,0.995,0.8568367346938776,0.18481762540533184,0.04499593122292894,4.107429724915946
vggss,C0,12345,best,2497,Q_yoAT1Z3Yw_000022,0.9942857142857143,0.9239795918367347,0.150213810090177,0.03573942352748393,4.203028344166247
vggss,C0,12345,best,2498,QaKdsbkkmUc_000288,0.968469387755102,0.016020408163265307,0.11010100840368092,0.02295303457451077,4.7967953015653775
vggss,C0,12345,best,2499,Qa_6nlhGR9k_000051,0.9922448979591837,0.32357142857142857,0.0714443697168584,0.008724248088640012,8.189172177472496
vggss,C0,12345,best,2500,QayWG1ZPKGE_000012,0.9648979591836735,0.7791836734693878,0.06025049728957481,0.020051472248841844,3.004791695186114
vggss,C0,12345,best,2501,QdBB80CWUWU_000201,0.9963265306122449,-0.8336734693877551,0.15666733904060834,0.017683937994262208,8.859301536311719
vggss,C0,12345,best,2502,QdcUajqXkvs_000006,0.9818367346938776,-0.12051020408163265,0.12797468352951702,0.026562067936626937,4.817948807105124
vggss,C0,12345,best,2503,Qdr2xmK84Jo_000030,0.9909183673469387,0.6105102040816327,0.10193747494606567,0.016901872427673718,6.03113503443333
vggss,C0,12345,best,2504,Qe71m678qEU_000030,0.9922448979591837,0.8611224489795918,0.20486311520578054,0.054772494803195584,3.740255322345263
vggss,C0,12345,best,2505,QejVyYvjrrs_000010,0.9937755102040816,0.3790816326530612,0.1269551788461796,0.011381632735128636,11.154390745217166
vggss,C0,12345,best,2506,QgoTM4RZF7o_000017,0.9943877551020408,0.9416326530612245,0.174554564180959,0.045055057221926424,3.8742501939607026
vggss,C0,12345,best,2507,QiUyP9xX8jY_000160,0.9831632653061224,0.24510204081632653,0.11231401206518092,0.021676574096714994,5.181354376575665
vggss,C0,12345,best,2508,Qj3ptAKRGQg_000031,0.9929591836734694,0.8443877551020408,0.1463005762104503,0.027443947403730563,5.330886772890517
vggss,C0,12345,best,2509,Qlov2pGggJ0_000101,0.9927551020408163,0.7497959183673469,0.1454912262644273,0.017396706891574285,8.363147529656477
vggss,C0,12345,best,2510,Qm8bAH-0y3E_000024,0.990204081632653,0.36153061224489796,0.16821794238004206,0.02299560259543769,7.315222190064129
vggss,C0,12345,best,2511,QnR9JhVGgu8_000348,0.963265306122449,0.3716326530612245,0.088360831621681,0.023275755052469,3.7962605905799833
vggss,C0,12345,best,2512,QoffZQFqxkQ_000003,0.9943877551020408,-0.47775510204081634,0.15063670086685998,0.015440825713777738,9.755741283476047
vggss,C0,12345,best,2513,Qos5iZOP66A_000340,0.9818367346938776,0.40418367346938777,0.08818133533573957,0.017417066559123423,5.062926930686175
vggss,C0,12345,best,2514,Qovva-Q5vmM_000216,0.9338775510204081,0.4,0.08947684201564468,0.0173882717293852,5.145815720399277
vggss,C0,12345,best,2515,Qovva-Q5vmM_000424,0.9926530612244898,0.7712244897959184,0.13826781049726,0.022878186307463598,6.043652614724648
vggss,C0,12345,best,2516,QpFdUoMjf3w_000035,0.9906122448979592,-0.4607142857142857,0.08849763204797874,0.015814871090604792,5.5958490929814095
vggss,C0,12345,best,2517,QpKhFTFh0B8_000029,0.9824489795918367,0.830204081632653,0.08049972933686873,0.030023876227824396,2.6811904207847164
vggss,C0,12345,best,2518,QqdmtqL64RA_000030,0.9959183673469387,0.9168367346938775,0.1891139068430544,0.04480330313826627,4.220981347277791
vggss,C0,12345,best,2519,QqyUVqi3fOg_000095,0.9497959183673469,0.36183673469387756,0.08238440327628943,0.02277125083078875,3.6179129503460747
vggss,C0,12345,best,2520,Qs7BbDiOqZ0_000006,0.9926530612244898,-0.3696938775510204,0.20995351455765718,0.014624476790088858,14.356309464687625
vggss,C0,12345,best,2521,Qsd19T8rN_8_000190,0.9879591836734694,0.8467346938775511,0.18250998345745084,0.03797895141981364,4.805556147140894
vggss,C0,12345,best,2522,Qt7FJkuqWPE_000030,0.9574489795918367,0.17285714285714285,0.06800497873451933,0.01111193621055041,6.119993621809211
vggss,C0,12345,best,2523,QtEtP5Vb_3o_000340,0.9812244897959184,0.7324489795918367,0.1179023235499268,0.0228664954983683,5.156116885437912
vggss,C0,12345,best,2524,Qu4HdM0sAOM_000059,0.9791836734693877,0.6212244897959184,0.14792109799910905,0.032193398074674265,4.59476497808645
vggss,C0,12345,best,2525,QupB4NN8fI0_000030,0.9954081632653061,0.5178571428571429,0.18288791374843155,0.02342967686188442,7.805823137320131
vggss,C0,12345,best,2526,Quqx2Iga5b8_000086,0.9911224489795918,0.3496938775510204,0.19253619848922088,0.021457479707379754,8.972917654583775
vggss,C0,12345,best,2527,QvLeTxLGV_o_000030,0.9923469387755102,0.45663265306122447,0.1389027812468955,0.01746889107418397,7.951436680040329
vggss,C0,12345,best,2528,QvpIrEHvZWI_000171,0.9905102040816327,0.666530612244898,0.1163382844768311,0.01828729191037358,6.361701067987956
vggss,C0,12345,best,2529,Qx5trtkwnUk_000377,0.9939795918367347,0.7238775510204082,0.11063857646405385,0.016894056703361103,6.548964432091797
vggss,C0,12345,best,2530,QxOuHDxJw_o_000005,0.9796938775510204,0.6238775510204082,0.06525817471762237,0.017552879603831693,3.717804496498505
vggss,C0,12345,best,2531,QxWre8D5a8c_000155,0.9566326530612245,-0.23551020408163265,0.09443577061680469,0.021383363618587767,4.416319728796791
vggss,C0,12345,best,2532,QyvAU6kcHBw_000083,0.9986734693877551,0.8766326530612245,0.17875828762040769,0.01378235598721505,12.97008202271292
vggss,C0,12345,best,2533,QzMsoz4XIkM_000030,0.9888775510204082,0.9180612244897959,0.1338154754168264,0.03714412122654435,3.602601730720114
vggss,C0,12345,best,2534,Qzj4QGWPtFE_000029,0.9937755102040816,0.5974489795918367,0.1642770317246523,0.01326301370751835,12.386101330162182
vggss,C0,12345,best,2535,Qzld9zDqrHI_000079,0.9928571428571429,0.81,0.1297305869975645,0.01856889626699998,6.986445781816196
vggss,C0,12345,best,2536,R0NOe1JIC1U_000056,0.9672448979591837,-0.11387755102040817,0.10418133045662456,0.021599493645322418,4.823322813365398
vggss,C0,12345,best,2537,R1RGIgC-xKw_000030,0.9860204081632653,0.6563265306122449,0.14993062523243889,0.034454829105851466,4.3515126652297385
vggss,C0,12345,best,2538,R1Tzk_uQGJ8_000304,0.9380612244897959,0.7187755102040816,0.08787376707596567,0.029609897827116094,2.967715984331861
vggss,C0,12345,best,2539,R1dfaoCfy88_000003,0.9903061224489796,0.9008163265306123,0.15057581208345502,0.05504963591605485,2.7352735322912576
vggss,C0,12345,best,2540,R2Aq_j1TDSs_000040,0.983265306122449,-0.17020408163265305,0.11524498672863233,0.023834141635886798,4.835290000757118
vggss,C0,12345,best,2541,R2LpN5yc8DA_000271,0.9766326530612245,0.8404081632653061,0.07361807191493472,0.028547159446509287,2.578823019252679
vggss,C0,12345,best,2542,R3urUtvSgkU_000030,0.9956122448979592,0.8966326530612245,0.18491732639767602,0.031071712739365848,5.951307800403218
vggss,C0,12345,best,2543,R3ykwo65XIQ_000560,0.981734693877551,0.505,0.13715827829298924,0.019116980576473055,7.174683143309127
vggss,C0,12345,best,2544,R4b_-IT43P4_000030,0.9929591836734694,0.9497959183673469,0.19180880861800628,0.059714149886477656,3.212116541601166
vggss,C0,12345,best,2545,R4jlQEweREY_000030,0.9805102040816327,0.6139795918367347,0.13970793127394854,0.027756699138225528,5.033304953813755
vggss,C0,12345,best,2546,R5FhPTwWpm8_000140,0.993265306122449,0.9526530612244898,0.15884571327571348,0.04964651162782652,3.1995342284367383
vggss,C0,12345,best,2547,R5dvHVDSXog_000048,0.9948979591836735,0.9280612244897959,0.11788567752838008,0.022599235774004543,5.216356814330052
vggss,C0,12345,best,2548,R60qQ3ag8y8_000100,0.9861224489795918,0.8348979591836735,0.18344728167864857,0.04852382364647245,3.7805611325105186
vggss,C0,12345,best,2549,R6hwadNOJcg_000052,0.9903061224489796,0.7981632653061225,0.18717282418301315,0.04844065397525104,3.86396154516498
vggss,C0,12345,best,2550,R6hwadNOJcg_000156,0.9915306122448979,0.646734693877551,0.1868879322288603,0.030358179805206227,6.156098073996197
vggss,C0,12345,best,2551,R9qOM83klNc_000081,0.9688775510204082,-0.44887755102040816,0.10294089885747418,0.018637139811216397,5.523427945500587
vggss,C0,12345,best,2552,RCfTxRhPoNE_000071,0.9941836734693877,0.39877551020408164,0.18218681747021417,0.01736842989367466,10.489538696676552
vggss,C0,12345,best,2553,RCk6hxXs03M_000240,0.9934693877551021,-0.6212244897959184,0.1437699615029873,0.019465239610105572,7.385984677442536
vggss,C0,12345,best,2554,RDCeLCJp7NM_000000,0.9937755102040816,0.8020408163265306,0.17414699847748297,0.029072474204307332,5.990098993765093
vggss,C0,12345,best,2555,RDG7jY7P_8M_000088,0.9924489795918368,0.2266326530612245,0.14014618614046434,0.02186533796276983,6.409513833222776
vggss,C0,12345,best,2556,RDnrb0xSkrs_000070,0.9809183673469388,-0.018775510204081632,0.09255478497178343,0.015850018805087598,5.839411682090551
vggss,C0,12345,best,2557,REDLY6m3Muw_000042,0.9836734693877551,0.13673469387755102,0.13577538504119108,0.019409209104222676,6.995410493653331
vggss,C0,12345,best,2558,RF3rog2YjYw_000030,0.9842857142857143,0.2810204081632653,0.17499871208227052,0.01605962095846819,10.89681459698426
vggss,C0,12345,best,2559,RFbWkL818XQ_000030,0.9836734693877551,0.8709183673469387,0.20690646917493524,0.0791625737022553,2.613690529481113
vggss,C0,12345,best,2560,RFeU64gTvGQ_000000,0.97,0.25173469387755104,0.12315353040208145,0.019335894583578844,6.369166415846646
vggss,C0,12345,best,2561,RGWC7icTM_E_000031,0.9710204081632653,0.3905102040816327,0.09360190493945192,0.01910945998117169,4.898197281957558
vggss,C0,12345,best,2562,RHYNFIUe7H8_000001,0.9835714285714285,0.8025510204081633,0.11524163565673332,0.025072028599368308,4.596422471360648
vggss,C0,12345,best,2563,RIQzc8Gx0q4_000026,0.9791836734693877,0.3746938775510204,0.0751011649988183,0.011449666858853015,6.559244554853508
vggss,C0,12345,best,2564,RJFdWGEdzP4_000160,0.9914285714285714,0.5705102040816327,0.19376255199343814,0.032077261023472844,6.040495535190817
vggss,C0,12345,best,2565,RJtn6Td3rco_000068,0.9964285714285714,0.9627551020408164,0.19069410452398503,0.04942457029343526,3.8582855327184027
vggss,C0,12345,best,2566,RMX2aviLZdo_000070,0.9736734693877551,0.5239795918367347,0.10572194920640623,0.024173859925751523,4.373399594898146
vggss,C0,12345,best,2567,RObYRwt7b8U_000189,0.9892857142857143,0.7309183673469388,0.16797085931511824,0.02865506322205953,5.86182127791675
vggss,C0,12345,best,2568,RQIVLqDLQzA_000050,0.9744897959183674,0.15397959183673468,0.10323290142697135,0.018021041984611692,5.728464620143648
vggss,C0,12345,best,2569,RSXUYIi95wo_000030,0.9755102040816327,-0.5131632653061224,0.11716620657635624,0.020609022803200965,5.685189816867888
vggss,C0,12345,best,2570,RSgmATBcCwE_000110,0.9936734693877551,0.12183673469387755,0.11419882977822718,0.012907343550923179,8.847585820248758
vggss,C0,12345,best,2571,RSryuuvUfDM_000050,0.9945918367346939,0.9373469387755102,0.22481261301150643,0.06432331319692418,3.4950409398727387
vggss,C0,12345,best,2572,RTLGAJZ8WzM_000219,0.9953061224489796,-0.7845918367346939,0.2188684935160099,0.026228917847943338,8.344549126458597
vggss,C0,12345,best,2573,RWVuRwtjGek_000210,0.884795918367347,0.39724489795918366,0.09341760285366792,0.044486058829870806,2.0999298501790706
vggss,C0,12345,best,2574,RXIRbazT2Rs_000270,0.976326530612245,0.6145918367346939,0.09611924833042165,0.023242923181637783,4.135419954679243
vggss,C0,12345,best,2575,RXSyVeHp2yA_000000,0.9937755102040816,0.8107142857142857,0.15516998155384026,0.02354519997315182,6.590302130828275
vggss,C0,12345,best,2576,RYO6ukdw9PM_000085,0.9906122448979592,0.8341836734693877,0.11653122085333605,0.02860681153437244,4.073548032898327
vggss,C0,12345,best,2577,RZMgq7-EbUA_000024,0.9973469387755102,0.9298979591836735,0.1717775771364804,0.023216077393965567,7.399078415422997
vggss,C0,12345,best,2578,RZajsvjHx74_000054,0.9914285714285714,0.6660204081632654,0.2551447890000526,0.038229855736913745,6.6739668272849775
vggss,C0,12345,best,2579,RZlDaLFuxxQ_000046,0.9909183673469387,-0.3601020408163265,0.17890705146449326,0.017541828751997272,10.19888256770967
vggss,C0,12345,best,2580,RasfE1VmcKM_000172,0.97,0.4179591836734694,0.14584568201971768,0.027957068851523978,5.216773002716536
vggss,C0,12345,best,2581,RcVJVUfXWgU_000120,0.9937755102040816,0.6174489795918368,0.1715378079283133,0.0218811823482846,7.839512746520354
vggss,C0,12345,best,2582,RczMLTHyBKE_000250,0.9943877551020408,0.716530612244898,0.1532536840799621,0.02105991495868001,7.277032427749543
vggss,C0,12345,best,2583,RdhHK4SbzTo_000030,0.9866326530612245,0.8993877551020408,0.15479540836612896,0.059095633464666765,2.619405179211439
vggss,C0,12345,best,2584,Rdu3_LWIlgE_000400,0.9909183673469387,0.686530612244898,0.1152915734287523,0.018568072521721272,6.20912985415595
vggss,C0,12345,best,2585,RfbXTxSx8jo_000350,0.9824489795918367,-0.3283673469387755,0.09148746323428143,0.016384949339259547,5.583628080867527
vggss,C0,12345,best,2586,Rg-vGSWc0sk_000458,0.991938775510204,0.2313265306122449,0.10869098759800652,0.010413974969446753,10.437031769030723
vggss,C0,12345,best,2587,Rg971GlT_Ro_000021,0.9886734693877551,0.45693877551020406,0.1053307422654146,0.014685704554974728,7.172331560335945
vggss,C0,12345,best,2588,RgyqhpOJFM4_000030,0.9835714285714285,0.9177551020408163,0.10972147085604847,0.03771947467270996,2.908881202829475
vggss,C0,12345,best,2589,Rhl5nDCU0u0_000060,0.9861224489795918,0.8471428571428572,0.20174796349750052,0.05286963336086152,3.815951628044598
vggss,C0,12345,best,2590,RhmN8ktt5FI_000320,0.9674489795918367,0.421734693877551,0.11727404680672628,0.02321426821132296,5.05180890214428
vggss,C0,12345,best,2591,RhsXiHgKzyY_000023,0.9635714285714285,0.5036734693877551,0.05944912448146466,0.016622788122004673,3.576363005118736
vggss,C0,12345,best,2592,Ri47GANmuQ4_000016,0.986734693877551,0.33969387755102043,0.1626694345261934,0.02952593282519703,5.509374944705337
vggss,C0,12345,best,2593,Rj0cmUyZfR4_000030,0.9947959183673469,0.8723469387755102,0.18447186818990724,0.029693929606323645,6.212443776744926
vggss,C0,12345,best,2594,Rj8hpFBBSi0_000092,0.9485714285714286,0.40530612244897957,0.12031315969766034,0.03215361512396319,3.7418237182292544
vggss,C0,12345,best,2595,RliBuXFTL-o_000036,0.9221428571428572,-0.06102040816326531,0.08239753984336645,0.02701803070104341,3.0497241177605274
vggss,C0,12345,best,2596,Rm2XQrio0QE_000099,0.9767346938775511,-0.2522448979591837,0.14501839445254816,0.020043881571927307,7.235045464230609
vggss,C0,12345,best,2597,RnXiQh8x--c_000126,0.9411224489795919,-0.3538775510204082,0.0903510700467503,0.022919983061555942,3.942021676198252
vggss,C0,12345,best,2598,RncwRj1HhQc_000337,0.9843877551020408,0.43112244897959184,0.14806471266288865,0.027573809443276486,5.3697590449908725
vggss,C0,12345,best,2599,Rnf7M43L6NI_000195,0.9947959183673469,0.9472448979591837,0.18517935515694167,0.03688384426709648,5.020608855626727
vggss,C0,12345,best,2600,RoS465ZH1lg_000013,0.9896938775510205,-0.22285714285714286,0.17483635837674616,0.018371591985574785,9.516668915466125
vggss,C0,12345,best,2601,Rp37k5_Eci0_000030,0.9948979591836735,0.8520408163265306,0.1517418810848373,0.02423422770417589,6.2614696427355145
vggss,C0,12345,best,2602,RpGRpTpEHTs_000109,0.991938775510204,0.5903061224489796,0.16105779254478444,0.023869419616546757,6.747453232299623
vggss,C0,12345,best,2603,RpkcGOcFHIs_000002,0.9884693877551021,-0.135,0.09288502355719894,0.012776031978519157,7.270256032027015
vggss,C0,12345,best,2604,RplzKlSlbR0_000023,0.9931632653061224,-0.005510204081632653,0.10616486242070802,0.010347694732224707,10.259759798488282
vggss,C0,12345,best,2605,RrXvtCBYmFM_000051,0.990204081632653,0.7938775510204081,0.10824676340674147,0.024154309986206164,4.481467840255346
vggss,C0,12345,best,2606,RrZHOh77F3Q_000042,0.9890816326530613,-0.34479591836734697,0.14365316104044948,0.01771779460955504,8.107846614441431
vggss,C0,12345,best,2607,RrlgSfQrqQc_000020,0.9780612244897959,0.7138775510204082,0.12308837331392009,0.033580732566664245,3.6654463409803784
vggss,C0,12345,best,2608,RtXrVvUM8Jo_000013,0.9860204081632653,0.47744897959183674,0.08073584969824801,0.010995340421226725,7.3427330673987905
vggss,C0,12345,best,2609,Rtg1SUrxOPY_000130,0.9931632653061224,-0.40091836734693875,0.12666852714497526,0.017587737572350128,7.202093312110377
vggss,C0,12345,best,2610,RuCO6UGsRHI_000313,0.991734693877551,0.8212244897959183,0.1792641981515545,0.02960939491388432,6.0543013010878735
vggss,C0,12345,best,2611,RuHSkgQf3uw_000019,0.9788775510204082,0.8505102040816327,0.16362109596376248,0.04898939658721303,3.3399287879057087
vggss,C0,12345,best,2612,RwBKGPEg6uA_000440,0.9909183673469387,0.7911224489795918,0.14105657193379756,0.022803518095734984,6.185737277099354
vggss,C0,12345,best,2613,Rx_RzJ4-Jbg_000070,0.9898979591836735,-0.8894897959183673,0.20226442282718307,0.028032493493061663,7.215356096568636
vggss,C0,12345,best,2614,RxhbTLS3rNo_000002,0.9606122448979592,0.5363265306122449,0.06570837706465892,0.01731067021813318,3.79583090872059
vggss,C0,12345,best,2615,Ry5c8frvq1g_000390,0.9793877551020408,-0.603265306122449,0.1243955230263928,0.031415284091306124,3.959713452370722
vggss,C0,12345,best,2616,Rz7RBslEAG0_000030,0.9812244897959184,0.8274489795918367,0.16053714339268607,0.034209409000177965,4.692777457565868
vggss,C0,12345,best,2617,RzGho0_J5lM_000060,0.9901020408163266,0.6823469387755102,0.12452201646129558,0.023199745884182124,5.3673870861747774
vggss,C0,12345,best,2618,S0sPNaWcdrs_000043,0.9922448979591837,0.8957142857142857,0.14369194382973977,0.034249104262410235,4.195494945759719
vggss,C0,12345,best,2619,S1glY1D9qDU_000035,0.9863265306122448,0.4829591836734694,0.11123197263084002,0.019787434811489393,5.621343731035525
vggss,C0,12345,best,2620,S63LEKmzBis_000039,0.9948979591836735,0.706530612244898,0.1763262844329813,0.020126195980911785,8.761033858569885
vggss,C0,12345,best,2621,S6R2DpF6zzM_000018,0.9909183673469387,0.8162244897959183,0.13135126892717733,0.025514293412763348,5.148144485219009
vggss,C0,12345,best,2622,S6R2DpF6zzM_000060,0.991734693877551,0.93,0.13540743613135572,0.04159634384621357,3.2552725458750045
vggss,C0,12345,best,2623,S7C51ZWaw6A_000034,0.9831632653061224,0.3653061224489796,0.13000687190749638,0.02210894105561759,5.880284884764453
vggss,C0,12345,best,2624,S7WDWv7kqhg_000197,0.9957142857142857,-0.7028571428571428,0.1434027838728681,0.016924030514313036,8.4733234055321
vggss,C0,12345,best,2625,S86Ql_59KMI_000211,0.9874489795918368,0.8720408163265306,0.14792302287610384,0.05465286125807871,2.706592472397556
vggss,C0,12345,best,2626,S8RC6WZFqjk_000072,0.9878571428571429,0.8723469387755102,0.15630375998877816,0.04282194578355407,3.65008542065847
vggss,C0,12345,best,2627,SA18ixsI9fI_000044,0.9938775510204082,-0.13816326530612244,0.15136473300253062,0.01587295287481624,9.536016026525434
vggss,C0,12345,best,2628,SAFlijpaj0Q_000024,0.9895918367346939,-0.3442857142857143,0.1761697581314156,0.0229668234962089,7.670619237374976
vggss,C0,12345,best,2629,SB1dEgUQh3w_000187,0.980204081632653,-0.06948979591836735,0.12978911070244945,0.022657083345615503,5.728412113890451
vggss,C0,12345,best,2630,SBeC9TISHz8_000030,0.9922448979591837,0.9295918367346939,0.2020182999592538,0.06909620865939248,2.92372481614869
vggss,C0,12345,best,2631,SCxlAcrMark_000021,0.9953061224489796,0.7889795918367347,0.1542272289117141,0.01984023084000993,7.773459399509532
vggss,C0,12345,best,2632,SDhI4yyHlEM_000508,0.9929591836734694,-0.2510204081632653,0.19166624416439915,0.01635359284304818,11.720130616182939
vggss,C0,12345,best,2633,SDtPpEVplNY_000080,0.9637755102040816,-0.11734693877551021,0.08305959913741003,0.019550034747258714,4.24856529470141
vggss,C0,12345,best,2634,SGFYFPs3Fic_000550,0.9896938775510205,0.5911224489795919,0.13777744676861328,0.023249957978176233,5.9259223994270975
vggss,C0,12345,best,2635,SGb_Uw_pKzk_000070,0.9801020408163266,0.20387755102040817,0.12431647137442561,0.02284874739934451,5.440844051608362
vggss,C0,12345,best,2636,SHk3gJAnm8U_000529,0.996938775510204,-0.8002040816326531,0.1685345030493024,0.017069765647881503,9.87327573944865
vggss,C0,12345,best,2637,SHkCnBJoZkc_000010,0.9938775510204082,0.8601020408163266,0.19304810253871002,0.04683104203387983,4.1222252197388585
vggss,C0,12345,best,2638,SIZ5WUVzAMk_000216,0.9839795918367347,0.7231632653061224,0.0760015369169253,0.018533063704227203,4.100862012339067
vggss,C0,12345,best,2639,SJ9TY-iqD9Q_000010,0.9897959183673469,0.12285714285714286,0.08387654417994198,0.011047958885152646,7.592039855675393
vggss,C0,12345,best,2640,SJVuopldMyU_000030,0.998265306122449,0.9562244897959183,0.20816950697518002,0.028299427453085484,7.355961788282869
vggss,C0,12345,best,2641,SJrVTQPbMXs_000016,0.9954081632653061,-0.15377551020408164,0.15662903309314666,0.014536239756025695,10.775072214134289
vggss,C0,12345,best,2642,SL5xjLgQp1c_000070,0.9957142857142857,0.794795918367347,0.17865950797680527,0.02402526884290066,7.436316702428835
vggss,C0,12345,best,2643,SLQAve85lDU_000188,0.981938775510204,-0.40377551020408164,0.10404397494984213,0.012513199798150418,8.314737767171344
vggss,C0,12345,best,2644,SNhfvhWPXNc_000030,0.9913265306122448,0.9127551020408163,0.22765253365071356,0.061872158636729124,3.6794018289766335
vggss,C0,12345,best,2645,SPXhFGrgAoc_000091,0.9505102040816327,0.7186734693877551,0.09374097459848076,0.03307739766768892,2.833988802270561
vggss,C0,12345,best,2646,SQkoFk_gnE8_000005,0.9892857142857143,0.9053061224489796,0.11863055230750551,0.040998043073141796,2.8935662147548085
vggss,C0,12345,best,2647,SRjsxeOWFnw_000030,0.9963265306122449,-0.12,0.13325347830267134,0.008389359114152135,15.88363026180201
vggss,C0,12345,best,2648,SSor5MN-QJM_000056,0.9759183673469388,0.8557142857142858,0.09034265364210291,0.029235713127004685,3.0901470831116638
vggss,C0,12345,best,2649,STdAr1JNXIU_000190,0.991938775510204,0.6836734693877551,0.1564434157161863,0.03099894960812678,5.046732798816274
vggss,C0,12345,best,2650,STrIfVNpIGc_000006,0.9883673469387755,0.5609183673469388,0.13649523543882208,0.022888907083433663,5.9633793322361575
vggss,C0,12345,best,2651,SUFOgc9Pkd8_000030,0.9557142857142857,-0.07520408163265306,0.08210264191409038,0.017788985645611457,4.6153638858180255
vggss,C0,12345,best,2652,SUu1E8uOGR4_000028,0.9676530612244898,0.6325510204081632,0.08863359056323734,0.02691772041568075,3.2927599066525857
vggss,C0,12345,best,2653,SVoLykPMwAs_000030,0.9957142857142857,0.8169387755102041,0.16837347628409438,0.030238574902425642,5.568168368628642
vggss,C0,12345,best,2654,SVvXfuS5eyY_000028,0.9845918367346939,-0.8504081632653061,0.12175716889396307,0.030476879783665704,3.995066744306931
vggss,C0,12345,best,2655,SX07l57Ylmc_000031,0.981734693877551,-0.5141836734693878,0.10094557457331,0.021590859689953258,4.675384677724638
vggss,C0,12345,best,2656,SX5-0_j1leg_001008,0.9896938775510205,-0.01989795918367347,0.09999038613534707,0.012621105913023479,7.922474212990234
vggss,C0,12345,best,2657,SXeSsEP3ieo_000145,0.996734693877551,-0.551734693877551,0.19421659717344986,0.01109746989207329,17.50097986858924
vggss,C0,12345,best,2658,SYH5NqTtNsI_000030,0.9890816326530613,0.29489795918367345,0.14620845206861433,0.01810324523348128,8.07636698188274
vggss,C0,12345,best,2659,SZVguke6__M_000100,0.9964285714285714,0.915,0.16099219766311607,0.033915355200246244,4.746882251787449
vggss,C0,12345,best,2660,SaUx9CZGCzU_000039,0.9896938775510205,0.5606122448979591,0.18075458835673522,0.025126448511675406,7.193797733601098
vggss,C0,12345,best,2661,Sa_ovp-50Tc_000030,0.9904081632653061,0.7780612244897959,0.10676694952782481,0.020674478989202664,5.164190574455797
vggss,C0,12345,best,2662,Sb5nf9DkzTs_000050,0.9954081632653061,-0.8501020408163266,0.1346972423384068,0.021873618568060603,6.15797710467023
vggss,C0,12345,best,2663,ScNLWuogqpI_000150,0.9916326530612245,0.45908163265306123,0.15636974457944686,0.02062696650775413,7.580840572008687
vggss,C0,12345,best,2664,ScQ2F8LTkuY_000021,0.9905102040816327,0.6746938775510204,0.13510047418229768,0.016065338473655287,8.409438394581098
vggss,C0,12345,best,2665,SdeVFx40BKQ_000090,0.9970408163265306,0.9487755102040817,0.17387878396195536,0.0376541210443718,4.617788946847432
vggss,C0,12345,best,2666,SdtxQcBJjBs_000060,0.9914285714285714,0.8758163265306123,0.16807403843829605,0.03844702514602962,4.371574596471812
vggss,C0,12345,best,2667,Sem8fMv0bKQ_000212,0.9669387755102041,0.5072448979591837,0.11257381599147076,0.030156745091135896,3.732956446435596
vggss,C0,12345,best,2668,Sevpt7V3RiI_000004,0.9955102040816326,-0.63,0.1347274265767157,0.011447979769100808,11.768663929714297
vggss,C0,12345,best,2669,SgCRYHWzTmU_000012,0.9857142857142858,-0.08897959183673469,0.10257673647571275,0.011117470156633535,9.226625754826749
vggss,C0,12345,best,2670,Sgdq22nyfTM_000240,0.9941836734693877,0.6404081632653061,0.13817206569386595,0.012364841684807398,11.174592381852902
vggss,C0,12345,best,2671,SkFx45lxlvA_000060,0.9978571428571429,0.8060204081632653,0.16994346765332385,0.021716555332929453,7.8255259661569605
vggss,C0,12345,best,2672,SkQb0gnQg6s_000218,0.9918367346938776,0.1603061224489796,0.14467565410773914,0.012083289185418542,11.973201326864366
vggss,C0,12345,best,2673,Skrr-UgHeHg_000008,0.9942857142857143,0.37387755102040815,0.16930076360787724,0.014264412346936317,11.868751371607631
vggss,C0,12345,best,2674,Slcg717UTrM_000004,0.9946938775510205,0.7985714285714286,0.18951063709072719,0.0299910751447776,6.3189010789340445
vggss,C0,12345,best,2675,SmtW2FlpPX4_000057,0.9921428571428571,0.8512244897959184,0.1677075334533519,0.02337498803658623,7.174657509593512
vggss,C0,12345,best,2676,SmuyUnEZaJw_000030,0.9742857142857143,0.12744897959183674,0.06675750968756217,0.014209236475906264,4.698177118859188
vggss,C0,12345,best,2677,SmzESvmFENY_000014,0.9926530612244898,0.514795918367347,0.14314484191027638,0.015911307169470347,8.996422505432742
vggss,C0,12345,best,2678,SmzESvmFENY_000024,0.9953061224489796,0.7783673469387755,0.2251382023161918,0.014962194153992981,15.047138140237864
vggss,C0,12345,best,2679,So8G7UXguNA_000077,0.9957142857142857,0.766734693877551,0.1411964147475734,0.026997073243228756,5.230063773042044
vggss,C0,12345,best,2680,SqEWh1M2SIc_000030,0.9822448979591837,0.7728571428571429,0.10928511647363058,0.024629860507312508,4.437098474073139
vggss,C0,12345,best,2681,Sr35u7b1OFI_000039,0.9954081632653061,0.6163265306122448,0.17387365509400138,0.015895091191577258,10.938827150997177
vggss,C0,12345,best,2682,StO32FBBIH4_000011,0.9937755102040816,0.31,0.14458244818710486,0.015070568788630462,9.593695514410893
vggss,C0,12345,best,2683,StmGbhL9dgQ_000064,0.9923469387755102,0.8641836734693877,0.1693726744071299,0.0347044424940872,4.880432078284701
vggss,C0,12345,best,2684,SuRVsbK22io_000320,0.9923469387755102,-0.6916326530612245,0.14006678801089473,0.01879441734246704,7.452574105311898
vggss,C0,12345,best,2685,SvsCM0fLM5g_000030,0.9783673469387755,0.8039795918367347,0.12669734597309812,0.0377884844778775,3.352803048962456
vggss,C0,12345,best,2686,SwRjY1-ojAU_000030,0.9791836734693877,0.39540816326530615,0.12251563462908141,0.019253907525279734,6.3631569055903325
vggss,C0,12345,best,2687,Swien0oGl7o_000090,0.9931632653061224,0.906734693877551,0.22196336759791085,0.0858395942999142,2.585792365495054
vggss,C0,12345,best,2688,Sx3WV9GSOmc_000060,0.9674489795918367,0.8494897959183674,0.1584312619678953,0.056024265785306074,2.8279042973098334
vggss,C0,12345,best,2689,SyWbd9bOCps_000096,0.9894897959183674,0.7283673469387755,0.12113733020652889,0.02817625830256894,4.2992695802864755
vggss,C0,12345,best,2690,T-28g9G-WKo_000000,0.9804081632653061,0.768061224489796,0.14638510878203467,0.024724983166404892,5.920534214192537
vggss,C0,12345,best,2691,T-3hHhrPBeg_000087,0.9910204081632653,0.27122448979591834,0.09591740224746238,0.011996213667004756,7.995639700156431
vggss,C0,12345,best,2692,T0DQyRrjewU_000003,0.9809183673469388,0.6539795918367347,0.13957701863162636,0.03097288615671877,4.506425972877852
vggss,C0,12345,best,2693,T0nvf328Ll4_000013,0.9925510204081632,0.8258163265306122,0.1580980803538827,0.027033478888303143,5.848232889563047
vggss,C0,12345,best,2694,T1_nZvxh5kI_000008,0.9872448979591837,0.5033673469387755,0.17484877830777446,0.028357207982605458,6.165937719081093
vggss,C0,12345,best,2695,T1rrvpQtj-U_000004,0.9885714285714285,0.6720408163265306,0.10840363276040384,0.017297528716031896,6.26700117340646
vggss,C0,12345,best,2696,T29-jYwTQ9A_000056,0.9759183673469388,0.2922448979591837,0.07704141592779376,0.015339619479780906,5.022381163322972
vggss,C0,12345,best,2697,T6cqaSkv9MQ_000084,0.9897959183673469,0.695,0.1260444014316201,0.02070195163240998,6.088527481355479
vggss,C0,12345,best,2698,T7fsXVDXFQo_000300,0.99,0.6093877551020408,0.17967543042456788,0.03579048290771712,5.020201344805727
vggss,C0,12345,best,2699,T834Iasgjs4_000336,0.9888775510204082,0.8983673469387755,0.10221527934959078,0.028084816608891488,3.6395209829224955
vggss,C0,12345,best,2700,T9dKp1EN4p8_000030,0.9907142857142858,0.7491836734693877,0.20060427031159178,0.03612125362381239,5.553635330622813
vggss,C0,12345,best,2701,TAHDbSl7F_4_000290,0.9925510204081632,0.8135714285714286,0.14044938655540043,0.02757169386551669,5.093970186977064
vggss,C0,12345,best,2702,TAexBL5eToE_000022,0.9561224489795919,0.5863265306122449,0.09789156687981998,0.02657807809141707,3.6831695107191504
vggss,C0,12345,best,2703,TAexBL5eToE_000052,0.9648979591836735,0.52,0.08080332993705004,0.026451561620836585,3.054765956555062
vggss,C0,12345,best,2704,TB3VhNczX88_000010,0.9938775510204082,0.8558163265306122,0.17241424647974,0.026790285542792915,6.4357002169438475
vggss,C0,12345,best,2705,TDORLm3QYyA_000003,0.9935714285714285,0.8258163265306122,0.14566668059393253,0.03137265745270444,4.643109395929592
vggss,C0,12345,best,2706,TGJje4EKoKM_000030,0.9916326530612245,-0.3473469387755102,0.124097523142702,0.011882451792129005,10.44376407442316
vggss,C0,12345,best,2707,TGrNNgXVp44_000077,0.9784693877551021,0.4606122448979592,0.13005123403576574,0.028588178930520604,4.549126208837445
vggss,C0,12345,best,2708,THgnXOLqpTg_000365,0.9952040816326531,0.05591836734693877,0.137760868302285,0.011638823031987539,11.836322961838166
vggss,C0,12345,best,2709,THhP1idrWXA_000030,0.986938775510204,-0.7954081632653062,0.12912201039008608,0.029151136257639862,4.429398883422463
vggss,C0,12345,best,2710,TIllmI1n5cw_000129,0.9733673469387755,-0.596530612244898,0.0784674395632242,0.021757356707540643,3.606478517495144
vggss,C0,12345,best,2711,TM23x21Qs2Q_000030,0.9736734693877551,0.42714285714285716,0.11449667650675922,0.02808554876674517,4.07671138839664
vggss,C0,12345,best,2712,TMWj5Y6djcM_000040,0.9881632653061224,0.7666326530612245,0.09976511246248487,0.018807751585143837,5.304467788764762
vggss,C0,12345,best,2713,TNCJ68vFKg8_000120,0.9897959183673469,-0.16285714285714287,0.13998169427825458,0.01435757624763346,9.749674448103843
vggss,C0,12345,best,2714,TNERQa_7oB8_000013,0.991938775510204,0.8846938775510204,0.10242359864977175,0.02003517195946879,5.112189646137053
vggss,C0,12345,best,2715,TO7d2wx7Cq8_000058,0.9906122448979592,0.7690816326530612,0.1289538779843069,0.021560210957833226,5.981104648582094
vggss,C0,12345,best,2716,TOEwQXeyNe8_000210,0.9948979591836735,0.8885714285714286,0.14858807667015334,0.02995682732859039,4.960073876993739
vggss,C0,12345,best,2717,TOEwQXeyNe8_000227,0.978265306122449,0.7344897959183674,0.11709773124232643,0.03344960781002596,3.500720603582932
vggss,C0,12345,best,2718,TP50fDa5Cls_000000,0.961530612244898,0.701734693877551,0.08745206010170382,0.021176843626269114,4.129607870042667
vggss,C0,12345,best,2719,TPeA5xENWIM_000065,0.9923469387755102,0.8029591836734694,0.11249022077420916,0.02126794577592933,5.289190689094361
vggss,C0,12345,best,2720,TR4-xSB97w8_000030,0.9877551020408163,0.580204081632653,0.14347909881121154,0.02648150289845722,5.418087461326467
vggss,C0,12345,best,2721,TRW3OqA1cXE_000030,0.9903061224489796,0.4316326530612245,0.1699472694376166,0.03280078099690636,5.181195821332588
vggss,C0,12345,best,2722,TRvyzeR1xzI_000190,0.981734693877551,0.1476530612244898,0.12361669860224433,0.023503330378598145,5.259539674207543
vggss,C0,12345,best,2723,TSpGd9p17n0_000202,0.9961224489795918,0.601938775510204,0.19743260233897364,0.011689855464416038,16.889225272284946
vggss,C0,12345,best,2724,TUpX4p-Ej_o_000336,0.9904081632653061,0.9082653061224489,0.1690556002670878,0.046929225206471636,3.6023522554081007
vggss,C0,12345,best,2725,TW_dVmqr9ac_000107,0.9609183673469388,-0.6005102040816327,0.07754336570058559,0.024295374736478654,3.1916925152077176
vggss,C0,12345,best,2726,TXW3Qm9qT0c_000030,0.9886734693877551,0.4486734693877551,0.14501281288078638,0.020696022720015316,7.006796177341994
vggss,C0,12345,best,2727,TY7UehpsaFQ_000144,0.9858163265306122,0.7835714285714286,0.2012860456866237,0.05543462928998978,3.6310524353586926
vggss,C0,12345,best,2728,TYa0xjMBupM_000613,0.9804081632653061,0.5831632653061225,0.09836682224984428,0.0150363759604849,6.5419235664464
vggss,C0,12345,best,2729,TZGKriaJKAY_000163,0.936530612244898,-0.15602040816326532,0.08265565855507419,0.023748300108412505,3.480487368685162
vggss,C0,12345,best,2730,TZl2cGkWZL4_000030,0.9773469387755102,0.47714285714285715,0.06303741625898611,0.01651403618570228,3.817202260557198
vggss,C0,12345,best,2731,T_kADs0ZIeM_000713,0.9933673469387755,0.26193877551020406,0.09843616186389487,0.0100527822252549,9.791932189339644
vggss,C0,12345,best,2732,Ta3F2prvIZY_000091,0.9960204081632653,-0.5570408163265306,0.11298433258877932,0.0075706645067440655,14.923965061208449
vggss,C0,12345,best,2733,Ta5bgIdRUjE_000048,0.9924489795918368,0.39846938775510204,0.20976709932983706,0.01757076634754483,11.938414931978643
vggss,C0,12345,best,2734,Ta9R_TuzIUM_000153,0.9948979591836735,0.9198979591836735,0.10347947113924097,0.021233596630046096,4.8733840499171395
vggss,C0,12345,best,2735,Ta9R_TuzIUM_000341,0.9953061224489796,-0.6470408163265307,0.13272461858374804,0.009166631875187558,14.479104254531043
vggss,C0,12345,best,2736,TauSQlIbIME_000030,0.9913265306122448,0.7124489795918367,0.15068650486211474,0.025912559067057472,5.815191948898705
vggss,C0,12345,best,2737,TdGJdqDxrNc_000091,0.9651020408163266,0.7405102040816327,0.14031367998827943,0.039368329273074855,3.5641258488519103
vggss,C0,12345,best,2738,TdpZLhPN_WM_000074,0.9784693877551021,0.6575510204081633,0.1691007235840889,0.040594509843805714,4.16560574902204
vggss,C0,12345,best,2739,TeUgb183cGM_000024,0.9853061224489796,0.8531632653061224,0.11070301580387926,0.034363533468555814,3.2215259791365027
vggss,C0,12345,best,2740,TeweFm49s4M_000090,0.9570408163265306,0.5770408163265306,0.10019241381909598,0.0314226795467869,3.1885381916559394
vggss,C0,12345,best,2741,Tf5WWrpzSj8_000095,0.9941836734693877,0.7376530612244898,0.19718974464144845,0.029759271155276552,6.626161763591618
vggss,C0,12345,best,2742,ThVGE9TjEjM_000136,0.9730612244897959,0.3329591836734694,0.10626613758029461,0.020904996713663214,5.0832888919250845
vggss,C0,12345,best,2743,Ti0Ck0xTdw4_000030,0.9970408163265306,-0.4788775510204082,0.16394806197323458,0.01049024551648534,15.62862010384709
vggss,C0,12345,best,2744,Ti2XbGtfyNg_000225,0.9910204081632653,0.8831632653061224,0.1292062856943402,0.04035381141746993,3.201835989113146
vggss,C0,12345,best,2745,TipVfZMxZbk_000010,0.978265306122449,0.5490816326530612,0.10481078744578397,0.026658545739350826,3.9316018386956566
vggss,C0,12345,best,2746,TkrtTUPxHNI_000030,0.9694897959183674,0.8187755102040817,0.15737826798824459,0.042857781476108345,3.6721048679567616
vggss,C0,12345,best,2747,TmJZxQ_Lo8M_000147,0.9979591836734694,0.9266326530612244,0.193197181760488,0.05068885232236006,3.8114333410398427
vggss,C0,12345,best,2748,ToIdgjI3u4Q_000030,0.9807142857142858,0.7364285714285714,0.1263308700358643,0.030012138773118473,4.209325799500081
vggss,C0,12345,best,2749,Tr7PDdzq40o_000180,0.9904081632653061,0.8618367346938776,0.1541902444580247,0.02396560686613032,6.4338134777607445
vggss,C0,12345,best,2750,Ts04bBeY1d4_000030,0.9920408163265306,0.6857142857142857,0.1586752362798743,0.06661865111968301,2.381844027355162
vggss,C0,12345,best,2751,TsHBKTYuBUM_000062,0.9923469387755102,0.5890816326530612,0.12223827303289157,0.010724086359411949,11.398478987966156
vggss,C0,12345,best,2752,TslB1VMKXmM_000010,0.9860204081632653,0.059897959183673466,0.11183151900110194,0.016411529303823776,6.814204632047663
vggss,C0,12345,best,2753,TstsLM4IUV8_000128,0.9858163265306122,0.7633673469387755,0.141369410414635,0.028858991528006757,4.89862614490324
vggss,C0,12345,best,2754,TwucF4h5v3U_000084,0.9779591836734693,0.2530612244897959,0.10355106856953089,0.02016645546170056,5.134817507528357
vggss,C0,12345,best,2755,TxXjcJo7Q2I_000531,0.9895918367346939,0.8206122448979591,0.1175891151241772,0.03595699995314491,3.2702704696555895
vggss,C0,12345,best,2756,TxuwrWYaUD0_000000,0.9856122448979592,0.8792857142857143,0.12456692060479227,0.02419684976499832,5.1480635625957865
vggss,C0,12345,best,2757,U-1saFb-zRY_000006,0.9881632653061224,0.521734693877551,0.14995050211736263,0.02565908631812531,5.84395329819048
vggss,C0,12345,best,2758,U-L9YCIdLbg_000080,0.993061224489796,0.9094897959183673,0.20226743081643092,0.08699348960973276,2.325086988967062
vggss,C0,12345,best,2759,U-Qe9aNkrdE_000030,0.9659183673469388,-0.4301020408163265,0.08824912365792965,0.02200540717428558,4.010338139121242
vggss,C0,12345,best,2760,U-hpbrpact0_000112,0.9641836734693877,0.6910204081632653,0.0650103773845396,0.024568699826677004,2.6460650275823925
vggss,C0,12345,best,2761,U0uy9GWzSQ8_000065,0.99,0.7497959183673469,0.0942199592051109,0.017067909439477193,5.520298753588709
vggss,C0,12345,best,2762,U2Ek06LbrYs_000030,0.9940816326530613,-0.758265306122449,0.12441956287245487,0.017021478375391266,7.309562667149638
vggss,C0,12345,best,2763,U2Z3gH8r1hE_000160,0.9604081632653061,0.22448979591836735,0.06184696066374484,0.016427728652176583,3.7647907372484184
vggss,C0,12345,best,2764,U37ysgI02r8_000020,0.9922448979591837,0.9252040816326531,0.13947800280480543,0.0438558133378603,3.180376606637812
vggss,C0,12345,best,2765,U3OC4jICMlI_000020,0.976530612244898,0.5134693877551021,0.13027102531329562,0.022967474838235104,5.671978579744732
vggss,C0,12345,best,2766,U3Zom0wPRg0_000030,0.9892857142857143,0.9083673469387755,0.17168016205730002,0.04774356159473528,3.5958809171922215
vggss,C0,12345,best,2767,U4LITdDmjvg_000011,0.9881632653061224,0.10918367346938776,0.11590138822879484,0.01526165381851725,7.59428759209369
vggss,C0,12345,best,2768,U595LzVDCAY_000015,0.9527551020408164,0.3713265306122449,0.09058416721356151,0.022585184064164394,4.0107783472657275
vggss,C0,12345,best,2769,U6_Ui8bpY9g_000042,0.9876530612244898,0.4910204081632653,0.19973132963569415,0.027796278398218733,7.185542135327495
vggss,C0,12345,best,2770,U7WkuGO-lps_000020,0.993061224489796,-0.29918367346938773,0.1118765899243004,0.014985685536072898,7.4655636977698405
vggss,C0,12345,best,2771,U7vFb50UjgY_000040,0.9857142857142858,0.5688775510204082,0.08980492126100864,0.016283201829927197,5.515188118343809
vggss,C0,12345,best,2772,U8golAIXZps_000001,0.9906122448979592,-0.4739795918367347,0.12706268198623644,0.014084387692462126,9.02152686795462
vggss,C0,12345,best,2773,U8hJTpSZVWE_000103,0.9948979591836735,0.8657142857142858,0.14639485998370153,0.026372185837418183,5.55110831108998
vggss,C0,12345,best,2774,U8rWZXjH2cU_000040,0.993265306122449,-0.5280612244897959,0.14658786909406277,0.015703001690534076,9.33502218129591
vggss,C0,12345,best,2775,U95UReP4mdo_000030,0.990204081632653,0.09418367346938776,0.13051287014610066,0.018133242556733303,7.197436957993933
vggss,C0,12345,best,2776,U9o30JY6aYc_000030,0.9904081632653061,0.8040816326530612,0.12770416951956443,0.02758249393954765,4.629899304952363
vggss,C0,12345,best,2777,U9oonzVSTtY_000056,0.9956122448979592,0.8103061224489796,0.12863663568163797,0.024865733912856243,5.1732491038653565
vggss,C0,12345,best,2778,UAhzckt0y3U_000030,0.9924489795918368,0.6964285714285714,0.14291212961436933,0.01629823880854593,8.76856274430301
vggss,C0,12345,best,2779,UAlfXv5Aabc_000046,0.9677551020408163,0.4483673469387755,0.09514442811063172,0.02306404368696534,4.125227536071771
vggss,C0,12345,best,2780,UBg665RgDeQ_000018,0.9822448979591837,0.11459183673469388,0.09392096747166949,0.015924404265740485,5.897926597714528
vggss,C0,12345,best,2781,UBzbRcWlsKI_000747,0.983265306122449,0.11244897959183674,0.13930256264737742,0.022345568891216857,6.234012806992426
vggss,C0,12345,best,2782,UCgErb1ImPY_000031,0.9897959183673469,0.8610204081632653,0.13269094489314143,0.02993901631846176,4.432040902136058
vggss,C0,12345,best,2783,UCtiIWMRy-M_000004,0.9642857142857143,-0.2922448979591837,0.11706455054103841,0.020219513755418382,5.789681787459785
vggss,C0,12345,best,2784,UDSjSpHKu1I_000462,0.9922448979591837,0.8977551020408163,0.1291893125137106,0.027580188593839008,4.684134485670976
vggss,C0,12345,best,2785,UDlc1slA8PA_000590,0.983265306122449,-0.35775510204081634,0.12468771690671715,0.019197238030603272,6.495086257093143
vggss,C0,12345,best,2786,UESue-_05Vs_000000,0.9824489795918367,-0.7541836734693877,0.10730633289602406,0.021055729107234165,5.096300980579988
vggss,C0,12345,best,2787,UF0HDsK0fwo_000070,0.9891836734693877,0.7953061224489796,0.06837047849340513,0.011550668845536917,5.919179175483238
vggss,C0,12345,best,2788,UFIBEBkm7ao_000030,0.9814285714285714,0.6668367346938775,0.12798506481724475,0.04112779153180593,3.1118876081218287
vggss,C0,12345,best,2789,UFSp546472I_000010,0.9952040816326531,0.4306122448979592,0.12191197466271103,0.011340849741389492,10.74980953303542
vggss,C0,12345,best,2790,UFcUTwPlFAU_000019,0.9885714285714285,0.6491836734693878,0.12473452593519002,0.02159070950735163,5.777231447290695
vggss,C0,12345,best,2791,UFyOGqmITjM_000000,0.9934693877551021,0.6824489795918367,0.17292311878789446,0.06202138489010763,2.78812088917859
vggss,C0,12345,best,2792,UGlqxl1oiJk_000130,0.9916326530612245,-0.2963265306122449,0.0926006378594726,0.00924237084771324,10.019143289666198
vggss,C0,12345,best,2793,UILmgKExLgk_000095,0.9795918367346939,0.7241836734693877,0.08590040942593229,0.019042513751485024,4.510980564172279
vggss,C0,12345,best,2794,UIM4OykJJrc_000046,0.9696938775510204,-0.5487755102040817,0.12893131489182044,0.024519230936092734,5.258375159802884
vggss,C0,12345,best,2795,UIll96Hdmd4_000094,0.9844897959183674,0.8311224489795919,0.13097508554350681,0.03085671645287681,4.244621612397642
vggss,C0,12345,best,2796,UKgZCUgOSfo_000062,0.9958163265306123,0.8770408163265306,0.1774150228157242,0.03150041603908221,5.632148559422433
vggss,C0,12345,best,2797,ULLEA-jLmpI_000030,0.9878571428571429,-0.5037755102040816,0.11734811704842131,0.015584091315519593,7.529994189109947
vggss,C0,12345,best,2798,ULLJMxwt8Jc_000150,0.9672448979591837,0.13887755102040816,0.08822056790957473,0.023001866128390582,3.8353656793387936
vggss,C0,12345,best,2799,ULZ6auGvLAw_000311,0.981734693877551,0.45918367346938777,0.12268728083115937,0.016665397407588645,7.361797491567366
vggss,C0,12345,best,2800,UMidlzROhC0_000082,0.9854081632653061,0.45163265306122446,0.10178205633144279,0.017037208118504527,5.974104185585126
vggss,C0,12345,best,2801,UNJswfXKJ3s_000030,0.9621428571428572,0.8762244897959184,0.12267587109967504,0.057122355272312006,2.147598265422675
vggss,C0,12345,best,2802,UP30sk9je00_000049,0.9806122448979592,0.8243877551020408,0.1600716120771769,0.040637960312584265,3.9389676756883856
vggss,C0,12345,best,2803,UR-2P-NHz1w_000240,0.9971428571428571,0.9522448979591837,0.1345825618589505,0.028566109342275277,4.711266775828671
vggss,C0,12345,best,2804,URosKU18wTk_000018,0.9953061224489796,0.7490816326530613,0.12036863939084265,0.02012903266969624,5.9798521551437815
vggss,C0,12345,best,2805,URtpQZsUmBY_000030,0.9890816326530613,-0.21928571428571428,0.13295575291597442,0.014566017987482452,9.127803702441678
vggss,C0,12345,best,2806,USlCCt8En7A_000460,0.9944897959183674,-0.6255102040816326,0.16394833657236552,0.01652956832214451,9.918488697174592
vggss,C0,12345,best,2807,UVsgxlTzy-c_000073,0.9379591836734694,0.5351020408163265,0.09764951228573779,0.0368899468532152,2.647049416316169
vggss,C0,12345,best,2808,UWFjhEYXbbU_000009,0.9908163265306122,0.6866326530612245,0.10730968516754495,0.01922145501154776,5.582807602394097
vggss,C0,12345,best,2809,UWz5OIijWM4_000030,0.9723469387755102,0.03428571428571429,0.11767420562984743,0.025686335712435608,4.581198616542157
vggss,C0,12345,best,2810,UX7R8WWJLoI_000160,0.9928571428571429,0.6819387755102041,0.1384501516107043,0.02708519331817324,5.111654548088787
vggss,C0,12345,best,2811,UY4v-zjlnlo_000010,0.9953061224489796,0.8933673469387755,0.21630774095640168,0.053041092496514064,4.078116244883488
vggss,C0,12345,best,2812,UZ6zyRcElGw_000070,0.995,0.5678571428571428,0.16152247572883754,0.014862457199319069,10.867817721031875
vggss,C0,12345,best,2813,UZidCXq6gmw_000006,0.9970408163265306,0.26622448979591834,0.13121305697164232,0.01329404304460683,9.870064097985093
vggss,C0,12345,best,2814,U_bYlL9ap-o_000060,0.9927551020408163,0.19428571428571428,0.10135728373775989,0.011100075155442334,9.131224997883434
vggss,C0,12345,best,2815,UaFiUiC_Izo_000054,0.9942857142857143,-0.42316326530612247,0.13563773018784006,0.013727965181057398,9.880395848832752
vggss,C0,12345,best,2816,UbPJ8MIGZNA_000000,0.9957142857142857,0.8758163265306123,0.15123033421245652,0.020936884854435973,7.223153552397496
vggss,C0,12345,best,2817,Ubd5GQAZMEo_000373,0.975204081632653,0.6968367346938775,0.06504430509166437,0.017322715797969013,3.7548561005249783
vggss,C0,12345,best,2818,UdWyYaDcEMs_001257,0.9866326530612245,-0.0336734693877551,0.17920562519110037,0.021458935881164373,8.351095608072463
vggss,C0,12345,best,2819,UeEMaZqMRp0_000030,0.9939795918367347,0.12448979591836734,0.12894446018296613,0.01543415080303223,8.354490106292948
vggss,C0,12345,best,2820,UeRUivHxW3c_000020,0.9876530612244898,-0.405,0.12008802176503627,0.01405000440636161,8.547187480643236
vggss,C0,12345,best,2821,UfJg3VBTLow_000420,0.9868367346938776,0.18091836734693878,0.09923622641553284,0.010968130034627927,9.04768872198179
vggss,C0,12345,best,2822,UfMr4FFsS28_000021,0.985204081632653,0.05591836734693877,0.11911329020364728,0.01861437543825118,6.398994723125557
vggss,C0,12345,best,2823,UfkehxAd_M4_000040,0.9593877551020408,0.4498979591836735,0.06353233922745725,0.02232147500400349,2.8462428766944097
vggss,C0,12345,best,2824,UhEQ1E8XPp4_000003,0.9897959183673469,0.2383673469387755,0.15981320158560894,0.01551120203085828,10.303082976269248
vggss,C0,12345,best,2825,UhEQ1E8XPp4_000017,0.9968367346938776,0.23877551020408164,0.14021688054681855,0.010838467054347548,12.936966071283528
vggss,C0,12345,best,2826,UkKDHtVKDrc_000473,0.9236734693877551,0.6076530612244898,0.08892068524259343,0.032403617853804856,2.744159175181493
vggss,C0,12345,best,2827,UltPy7eml7I_000012,0.9921428571428571,0.3756122448979592,0.17815842604708,0.02843347008451535,6.2657996198678445
vggss,C0,12345,best,2828,UmGzdua2Ayc_000014,0.9952040816326531,-0.3036734693877551,0.12463967268742034,0.013195277196884885,9.445779033489726
vggss,C0,12345,best,2829,UnMk7X7PM80_000139,0.9934693877551021,0.8310204081632653,0.14375862009350163,0.026264345268067254,5.473527652268811
vggss,C0,12345,best,2830,UoRitfnYmKU_000030,0.9827551020408163,0.868265306122449,0.14171901673831222,0.050192582679764494,2.823505170923338
vggss,C0,12345,best,2831,UoSID1KzWuI_000030,0.9887755102040816,0.7703061224489796,0.1761608418964825,0.03562513726425522,4.944846684793968
vggss,C0,12345,best,2832,Up72EgZT_B0_000049,0.9876530612244898,0.5719387755102041,0.1255351744770207,0.01481006965374794,8.47633923485646
vggss,C0,12345,best,2833,Up72EgZT_B0_000060,0.9865306122448979,-0.025612244897959182,0.10402605339892679,0.01431945908661769,7.264663614014915
vggss,C0,12345,best,2834,Upq4yFKwiTM_000024,0.9885714285714285,0.8529591836734693,0.1377224293848153,0.031152810114178336,4.42086697412041
vggss,C0,12345,best,2835,Uq-owMVP9qI_000030,0.98,0.39193877551020406,0.07272856186433267,0.015765926450996507,4.613021765031497
vggss,C0,12345,best,2836,UqMeR5Erq8I_000030,0.9885714285714285,0.019285714285714285,0.13447923978345852,0.016323518032676333,8.238373585538282
vggss,C0,12345,best,2837,UqtPREndv_0_000000,0.9822448979591837,0.17448979591836736,0.132266210510069,0.019236497109234408,6.875794993183822
vggss,C0,12345,best,2838,UrUJ9tUJynA_000030,0.9908163265306122,0.8031632653061225,0.15963985160708005,0.030843251561574334,5.175843775367876
vggss,C0,12345,best,2839,UrluLxHLwQM_000110,0.963469387755102,-0.07244897959183673,0.06216351076980832,0.013081654122185614,4.751961043243235
vggss,C0,12345,best,2840,Us0qIYoVRvU_000144,0.9861224489795918,0.6938775510204082,0.11223670231047496,0.01720691829665018,6.522766039536844
vggss,C0,12345,best,2841,UsNUR6tsoTs_000030,0.9890816326530613,0.9419387755102041,0.11635327533104917,0.029276206444552758,3.9743289674983933
vggss,C0,12345,best,2842,UsdoUjuczY4_000030,0.9830612244897959,0.4322448979591837,0.09500366522341817,0.019231668053124384,4.939959704014538
vggss,C0,12345,best,2843,Usz7ZnOHaxY_000030,0.9641836734693877,0.6846938775510204,0.09538881753428739,0.024969544898208414,3.8202064924752244
vggss,C0,12345,best,2844,UtMZGT9opoU_000265,0.9955102040816326,0.06510204081632653,0.16368799698495218,0.01433046211929903,11.422380912930317
vggss,C0,12345,best,2845,UtZofZjccBs_000290,0.9891836734693877,0.1419387755102041,0.12785527018785475,0.01683537314788494,7.5944423129057546
vggss,C0,12345,best,2846,UuBSbvH6ql8_000029,0.9958163265306123,0.7844897959183673,0.22109883392611737,0.034006114822990395,6.501737557406583
vggss,C0,12345,best,2847,Uv3K_pEUlX8_000020,0.9975510204081632,0.3620408163265306,0.1728813936937624,0.014375291112516621,12.026288187182095
vggss,C0,12345,best,2848,Uvn7waPvseo_000030,0.9786734693877551,0.7769387755102041,0.09930056283994014,0.03371654684220865,2.945158153492427
vggss,C0,12345,best,2849,Uvvl1qfsh8A_000063,0.9311224489795918,0.1363265306122449,0.06656067949093873,0.019194785904958194,3.467643755992375
vggss,C0,12345,best,2850,UyCw7pCgYg8_000055,0.9957142857142857,0.685204081632653,0.18722201266505226,0.018999434604915155,9.854083374492518
vggss,C0,12345,best,2851,UzUTFdlYT68_000055,0.9952040816326531,0.8696938775510205,0.1548812741179379,0.018382547306280392,8.4254522258198
vggss,C0,12345,best,2852,UztuiHbZvCw_000991,0.9841836734693877,-0.37418367346938775,0.12244185081742244,0.019751119925313258,6.199235855000788
vggss,C0,12345,best,2853,V0zQHNmz0gU_000030,0.9907142857142858,0.029285714285714286,0.1220543326445698,0.015659970180079346,7.794033528865339
vggss,C0,12345,best,2854,V1M3HiUz0ZQ_000070,0.9936734693877551,0.7383673469387755,0.16848178713821904,0.02519121809830455,6.688115933129824
vggss,C0,12345,best,2855,V2CS8ToddTE_000030,0.9920408163265306,-0.2627551020408163,0.16462253077053524,0.014021568635235305,11.740664333150953
vggss,C0,12345,best,2856,V2OjPsg7ydY_000060,0.9824489795918367,0.8758163265306123,0.11751271940908341,0.029399073724592103,3.997157206717874
vggss,C0,12345,best,2857,V2YcUPfFy6U_000335,0.9886734693877551,0.8414285714285714,0.12213003272629173,0.02531346464040234,4.824706315838027
vggss,C0,12345,best,2858,V3Mh5k7AOxE_000063,0.9948979591836735,0.9252040816326531,0.194925911697406,0.0379341928548457,5.138527988279214
vggss,C0,12345,best,2859,V4I4dNkN1xs_000064,0.9898979591836735,-0.1463265306122449,0.12504744516417046,0.019654522836797403,6.362273264149427
vggss,C0,12345,best,2860,V4RmD_obUBo_000125,0.9774489795918367,0.6594897959183673,0.11048391825392978,0.028408085556123345,3.889171554192079
vggss,C0,12345,best,2861,V5a0OUeceeY_000042,0.9948979591836735,0.8164285714285714,0.16364224368283942,0.018833948398092208,8.688684933394828
vggss,C0,12345,best,2862,V7M8J64sUZs_000077,0.9944897959183674,0.17234693877551022,0.1719926587439941,0.01594943236541105,10.783622564335786
vggss,C0,12345,best,2863,V7edkwJsgN0_000030,0.9975510204081632,0.7660204081632653,0.15502311489580672,0.012166794681759657,12.741491818565486
vggss,C0,12345,best,2864,V8tcqAyPSYw_000064,0.9929591836734694,0.8922448979591837,0.11568719978743282,0.030098348459909344,3.8436394588735276
vggss,C0,12345,best,2865,VAfO711tnQA_000030,0.9830612244897959,0.7735714285714286,0.11379375580582671,0.03000723074369598,3.7922111766255835
vggss,C0,12345,best,2866,VAqgpoyD2jc_000030,0.9945918367346939,0.9041836734693878,0.24008695982695513,0.06457450238016844,3.717983894223373
vggss,C0,12345,best,2867,VB-yZzj969U_000240,0.9910204081632653,-0.6581632653061225,0.12914235957448617,0.0198050122773476,6.520690710310514
vggss,C0,12345,best,2868,VBQPcmmUkkg_000010,0.9791836734693877,0.8105102040816327,0.12989740261873622,0.032986207034837005,3.9379308594513613
vggss,C0,12345,best,2869,VFXf1DTi2IA_000383,0.9657142857142857,-0.16408163265306122,0.0782509927997266,0.016985045693807464,4.607052239385846
vggss,C0,12345,best,2870,VHoOg4twnO0_000060,0.9924489795918368,0.9062244897959184,0.1283461339158129,0.030324730249141053,4.23239161111576
vggss,C0,12345,best,2871,VIQqrHGMJRQ_000173,0.9955102040816326,0.9398979591836735,0.15268451274130274,0.061033575764556806,2.501647836107435
vggss,C0,12345,best,2872,VJ9E_Td0_dk_000030,0.9733673469387755,-0.49581632653061225,0.11253299321360781,0.024125603159048763,4.664463411411133
vggss,C0,12345,best,2873,VKfgSYvbohY_000042,0.9897959183673469,0.8627551020408163,0.16687610675973383,0.04481713976368802,3.7234885501314627
vggss,C0,12345,best,2874,VM-U7MyZAck_000030,0.9855102040816327,0.9136734693877551,0.18804252446295103,0.07118022002259759,2.641780601454353
vggss,C0,12345,best,2875,VMbJTgzMhKE_000030,0.9943877551020408,-0.6248979591836735,0.14241178778509417,0.014168372035848063,10.051386808927054
vggss,C0,12345,best,2876,VN4AS5J25os_000040,0.9933673469387755,0.8594897959183674,0.1603035103230498,0.03593431099575724,4.461015277069785
vggss,C0,12345,best,2877,VO1QA-Ihceo_000368,0.9877551020408163,-0.10663265306122449,0.12020109303216228,0.0180100392874309,6.674116092353553
vggss,C0,12345,best,2878,VOkiX4gWRI0_000125,0.9960204081632653,-0.24418367346938777,0.13503935467324685,0.010800369901921207,12.503215713864169
vggss,C0,12345,best,2879,VPM383zJz68_000030,0.9895918367346939,0.8425510204081633,0.1164996834300243,0.027587591222177067,4.222901611517744
vggss,C0,12345,best,2880,VQ60kd-BrC8_000030,0.9920408163265306,0.7615306122448979,0.09987788774530493,0.021241385643289368,4.702042014705317
vggss,C0,12345,best,2881,VQbC7Oth7wQ_000030,0.9903061224489796,0.5959183673469388,0.07669774433260898,0.010291620299384735,7.452445980463757
vggss,C0,12345,best,2882,VSkdiYt87rg_000030,0.9830612244897959,0.674795918367347,0.13086419325658838,0.029911864577625683,4.374992836604237
vggss,C0,12345,best,2883,VSxoWInFsIA_000030,0.985,0.6819387755102041,0.09096827166147504,0.017194603377776407,5.290512939603437
vggss,C0,12345,best,2884,VV-DgnPPhSo_000220,0.9920408163265306,0.7588775510204082,0.16198437464372245,0.025655906216338398,6.3137264876875125
vggss,C0,12345,best,2885,VViXFIbJNbk_000130,0.9924489795918368,0.44612244897959186,0.1507850694548835,0.016500499096789124,9.138212642563351
vggss,C0,12345,best,2886,VWTGBdK9VK8_000009,0.9893877551020408,0.7535714285714286,0.09375515519844616,0.015593057708001314,6.01262157519864
vggss,C0,12345,best,2887,VXq0Dkog0RU_000023,0.9921428571428571,0.04551020408163265,0.13779836064805795,0.013704679689873987,10.054839935432668
vggss,C0,12345,best,2888,VYQfSG_FUjY_000080,0.9865306122448979,-0.0963265306122449,0.10616603094380257,0.0195847347331926,5.42085621225547
vggss,C0,12345,best,2889,VZJfkEet6EQ_000030,0.9911224489795918,0.6805102040816327,0.2030409683951546,0.05540945403880596,3.664374102169551
vggss,C0,12345,best,2890,VaAzelfgmMY_000055,0.9704081632653061,0.16193877551020408,0.09786973793004562,0.026519427276638474,3.690492140313345
vggss,C0,12345,best,2891,VaqR7OOMHSM_000033,0.9724489795918367,0.8127551020408164,0.1067262976503439,0.034422743876349395,3.100458755807425
vggss,C0,12345,best,2892,Vb5-6-BQzlI_000502,0.9898979591836735,-0.14418367346938776,0.12263748252912485,0.013359648752020737,9.17969362858998
vggss,C0,12345,best,2893,VbPkC6aRKc8_000151,0.99,0.21224489795918366,0.12704823584534924,0.015768867983942,8.056902751340616
vggss,C0,12345,best,2894,Vbc-veezx0w_000030,0.9952040816326531,-0.6310204081632653,0.11859183613121729,0.01147018672702637,10.339137361363782
vggss,C0,12345,best,2895,Vbsefb2ve2g_000067,0.9860204081632653,0.8926530612244898,0.12542350268266025,0.02922100611956687,4.292237651552819
vggss,C0,12345,best,2896,VcJnduCJz8g_000029,0.9847959183673469,0.7098979591836735,0.10569116282028847,0.025472941999962875,4.149154142479596
vggss,C0,12345,best,2897,VcLXzvRjTXg_000017,0.9955102040816326,0.588469387755102,0.14795710072239418,0.01598437091529648,9.256360572864613
vggss,C0,12345,best,2898,VeUQBYHtFB8_000365,0.9940816326530613,0.8354081632653061,0.21309804607626895,0.03320506594704467,6.417636586420789
vggss,C0,12345,best,2899,VeXcCHo5iMI_000030,0.9705102040816327,0.4433673469387755,0.1250370327278603,0.025518417409700886,4.899874107409466
vggss,C0,12345,best,2900,VeiJYltEZFc_000034,0.9801020408163266,0.8390816326530612,0.1444614984385683,0.06172034337296018,2.3405815739816056
vggss,C0,12345,best,2901,Vf2KIuN4VOw_000013,0.9933673469387755,0.649795918367347,0.16730283205579335,0.020133241871446377,8.3097810637773
vggss,C0,12345,best,2902,VfNh9LIuYH0_000022,0.9423469387755102,0.6060204081632653,0.05396587163666704,0.020874534709172658,2.5852490792503
vggss,C0,12345,best,2903,VfXAJJFrmnw_000028,0.9881632653061224,-0.09816326530612245,0.09824522901050818,0.011659667695819845,8.426074530900266
vggss,C0,12345,best,2904,VgAXZHMi_ws_000015,0.995,-0.7780612244897959,0.18489770645283787,0.019883077923693357,9.299249701803333
vggss,C0,12345,best,2905,VgwsGjRk61M_000020,0.9891836734693877,0.7191836734693877,0.1128077785073437,0.025722636096793986,4.385545015015153
vggss,C0,12345,best,2906,VhVKUAk6_R4_000006,0.9910204081632653,0.6107142857142858,0.13591119602486185,0.016905685661983954,8.039377919494102
vggss,C0,12345,best,2907,ViP3M-Hlm18_000030,0.9898979591836735,0.941734693877551,0.17423963983440083,0.07217363755978377,2.4141728992122986
vggss,C0,12345,best,2908,Via5YWUC1Lk_000180,0.9901020408163266,0.6828571428571428,0.07985672327304688,0.015577845271831856,5.126300966504352
vggss,C0,12345,best,2909,VimrLKGBCNE_000019,0.9951020408163266,0.8377551020408164,0.25545648015218325,0.02832330957315901,9.019301910757994
vggss,C0,12345,best,2910,Vj13osgy2M0_000020,0.991938775510204,0.5759183673469388,0.1910833664344939,0.042857446294025166,4.458580315858278
vggss,C0,12345,best,2911,VjR_I34Vczk_000010,0.9865306122448979,0.6764285714285714,0.22797896364969172,0.056993400148305604,4.000094099605487
vggss,C0,12345,best,2912,VkABXTeQSKk_000099,0.9636734693877551,-0.8454081632653061,0.0754345938338834,0.027989371871297256,2.695115638205537
vggss,C0,12345,best,2913,VkcsBNzy1UA_000091,0.9645918367346938,0.3306122448979592,0.09897650285896664,0.02191417390019016,4.516551858617302
vggss,C0,12345,best,2914,Vlh9AMaTrLQ_000441,0.9904081632653061,0.7360204081632653,0.20456953545363984,0.0376804212121633,5.429067108931481
vggss,C0,12345,best,2915,Vlh9AMaTrLQ_000451,0.9957142857142857,0.735204081632653,0.19324369692736054,0.037206207547737416,5.193856339145
vggss,C0,12345,best,2916,VmYPBzrkKGw_000140,0.9939795918367347,0.851530612244898,0.1509380197011571,0.03227385836549649,4.67678881129759
vggss,C0,12345,best,2917,Vp4lOXVBQzQ_000010,0.996734693877551,0.5437755102040817,0.1602612044739358,0.011581537234311356,13.837645316991894
vggss,C0,12345,best,2918,VpCCJy5atYU_000144,0.9784693877551021,0.5778571428571428,0.08006711669019274,0.018857150319402903,4.2459817805985445
vggss,C0,12345,best,2919,VpYJRHq8TC0_000110,0.9923469387755102,0.8931632653061224,0.14566901765906093,0.044461075092970016,3.276326929892288
vggss,C0,12345,best,2920,VpuNCFDYgnA_000070,0.986938775510204,0.9131632653061225,0.12338758382436724,0.05190939796387325,2.3769796735119098
vggss,C0,12345,best,2921,VrwW35FmP0w_000025,0.9591836734693877,0.1606122448979592,0.07174468856023962,0.015546184317132953,4.614938759035044
vggss,C0,12345,best,2922,Vu-x88iPIv8_000013,0.9896938775510205,-0.29489795918367345,0.15469400795325813,0.01643835548869462,9.410552537305085
vggss,C0,12345,best,2923,VuXmHBFFkPw_000030,0.9909183673469387,0.8188775510204082,0.1023568942095581,0.02104005458081979,4.864858777641532
vggss,C0,12345,best,2924,VulCKZgWspc_000080,0.9781632653061224,0.8007142857142857,0.1306402940899208,0.04590571795132334,2.8458392531502668
vggss,C0,12345,best,2925,VvEIueKlA2k_000093,0.9767346938775511,0.15255102040816326,0.16423249646835902,0.029175308513499445,5.6291605757097125
vggss,C0,12345,best,2926,VwaLVY1oF6k_000026,0.9863265306122448,0.5924489795918367,0.19211084600232445,0.020702371732070974,9.279653968570031
vggss,C0,12345,best,2927,Vx3kxcFd5GU_000022,0.9981632653061224,0.5210204081632653,0.19103636053012543,0.01038497988162918,18.395448302029443
vggss,C0,12345,best,2928,Vx5SUjzoLy8_000228,0.9937755102040816,0.52,0.13298178859799992,0.015230683467960535,8.731176698520597
vggss,C0,12345,best,2929,VyGTIJZajCM_000005,0.9962244897959184,0.48377551020408166,0.19429779367097483,0.01943061032847642,9.9995723441699
vggss,C0,12345,best,2930,VyGYjbe6gJU_000027,0.983265306122449,0.48142857142857143,0.12591626130935774,0.02222562849237121,5.6653633598067925
vggss,C0,12345,best,2931,W1VYWwYdJRQ_000370,0.9818367346938776,0.6055102040816327,0.10114599745374804,0.025227776940837922,4.009310756589739
vggss,C0,12345,best,2932,W1imZelV1h4_000017,0.9940816326530613,0.9214285714285714,0.17477822413659533,0.03910107014185786,4.46990896930707
vggss,C0,12345,best,2933,W3vkkSbyODo_000043,0.9856122448979592,0.9028571428571428,0.1631787505638923,0.05334478395373109,3.0589448202738314
vggss,C0,12345,best,2934,W6hBBs-MuM8_000145,0.9892857142857143,0.7769387755102041,0.15104796460230632,0.019120883858367587,7.899632973096349
vggss,C0,12345,best,2935,W6iwVLm51-k_000030,0.9824489795918367,-0.5306122448979592,0.10239489455579383,0.01659264165571394,6.171102629733013
vggss,C0,12345,best,2936,W7EC4nQ6Qqk_000010,0.9981632653061224,0.8524489795918367,0.1404961691445965,0.012188312820426128,11.527122023742452
vggss,C0,12345,best,2937,W7EC4nQ6Qqk_000068,0.9981632653061224,0.47989795918367345,0.19348481582868685,0.010668374699116752,18.136297354151395
vggss,C0,12345,best,2938,WAUn8kFhvZw_000000,0.966530612244898,-0.33744897959183673,0.08861555049935059,0.021321742823102466,4.156111966763531
vggss,C0,12345,best,2939,WBYa_u20cVo_000000,0.9926530612244898,0.940204081632653,0.17065747262696324,0.060621096405930726,2.815149885845142
vggss,C0,12345,best,2940,WCC01d0hcBQ_000024,0.9908163265306122,-0.22244897959183674,0.14590118476682293,0.015331136780937941,9.51665795247682
vggss,C0,12345,best,2941,WDoZneKkmVg_000030,0.9904081632653061,-0.0676530612244898,0.14497031688050752,0.0170500045357582,8.5026556196198
vggss,C0,12345,best,2942,WEHe6W_D4lo_000041,0.991734693877551,0.8052040816326531,0.1446900020504526,0.02445895689475205,5.915624393675492
vggss,C0,12345,best,2943,WElvc92V5Q4_000617,0.9864285714285714,0.7413265306122448,0.17617675513168815,0.06159301839457649,2.860336442729055
vggss,C0,12345,best,2944,WF7ugi9ipYw_000120,0.9948979591836735,0.7503061224489795,0.1131586729422999,0.019413502594220686,5.828864337751537
vggss,C0,12345,best,2945,WFJ96PH4rvo_000020,0.9955102040816326,0.16193877551020408,0.21910819034298318,0.015734235692584336,13.925569352329616
vggss,C0,12345,best,2946,WFV3FUlTzas_000061,0.9961224489795918,0.9313265306122449,0.15894480033343208,0.0353771697819977,4.492863655088485
vggss,C0,12345,best,2947,WFgIargH3-4_000039,0.9922448979591837,0.3469387755102041,0.13194353260105576,0.01140885870076232,11.565007163445676
vggss,C0,12345,best,2948,WFjx0sH7mlc_000020,0.9936734693877551,0.5552040816326531,0.1508600181757905,0.01941398675472423,7.7706871896922465
vggss,C0,12345,best,2949,WGYzVpMeSEg_000210,0.9877551020408163,0.3948979591836735,0.08139982514116839,0.014065302627455492,5.7872786172603075
vggss,C0,12345,best,2950,WGqz-OVwLGs_000040,0.9938775510204082,0.07663265306122449,0.11571362923734672,0.012013138711683927,9.632256150077094
vggss,C0,12345,best,2951,WGuc_McKm_4_000030,0.9866326530612245,0.04357142857142857,0.10315495357777907,0.013773150081990567,7.4895686871706975
vggss,C0,12345,best,2952,WJIcGFOnRXs_000040,0.9977551020408163,0.9411224489795919,0.1333967261064771,0.021012047593113068,6.348582902991299
vggss,C0,12345,best,2953,WJLbFJxe11o_000030,0.9903061224489796,0.3233673469387755,0.11377353345535043,0.016173081594099935,7.034746766927578
vggss,C0,12345,best,2954,WJORWlj6BW8_000030,0.9859183673469388,0.4446938775510204,0.11483809608195286,0.01995230304704558,5.755631107405288
vggss,C0,12345,best,2955,WJV6Ey6hXEw_000005,0.9909183673469387,0.5874489795918367,0.15888971681507158,0.022588451665609213,7.034112792112275
vggss,C0,12345,best,2956,WJVc82XgbZk_000014,0.9923469387755102,-0.13989795918367348,0.09189080710402314,0.009295076447684406,9.885965717572448
vggss,C0,12345,best,2957,WLEZDT_vGuM_000016,0.9934693877551021,-0.4306122448979592,0.1601410174535721,0.018336112599831603,8.733640600300568
vggss,C0,12345,best,2958,WLPj0LIokkM_000020,0.9946938775510205,0.5622448979591836,0.14699076688551044,0.01208282119237642,12.165268735272964
vggss,C0,12345,best,2959,WLX3Db60418_000020,0.9840816326530613,0.7373469387755102,0.08086890648823286,0.021098709210201506,3.8328840727911295
vggss,C0,12345,best,2960,WMPQ44bukK0_000397,0.9827551020408163,0.5596938775510204,0.12493994653996346,0.029626153630708724,4.217217938492633
vggss,C0,12345,best,2961,WMXkrLwPVCU_000098,0.9970408163265306,-0.7641836734693878,0.17875232540160219,0.014106857317414538,12.671307391826897
vggss,C0,12345,best,2962,WMZ3ZAMcE3s_000220,0.9838775510204082,-0.0629591836734694,0.12271759374949738,0.020175326594828985,6.0825579785633
vggss,C0,12345,best,2963,WQQfK8Bqkw0_000230,0.9931632653061224,0.9185714285714286,0.16021735787439462,0.04672207493842742,3.4291575895449142
vggss,C0,12345,best,2964,WQcS2qPupwQ_000094,0.9796938775510204,0.26846938775510204,0.0918484544239628,0.017351509367594185,5.293398544077076
vggss,C0,12345,best,2965,WSuGM1DGvCM_000006,0.9958163265306123,-0.9006122448979592,0.12743489730458696,0.02638266888082797,4.830250414778645
vggss,C0,12345,best,2966,WTQhmOYZNJQ_000024,0.9243877551020409,-0.014387755102040817,0.09979655225717894,0.02874198460191776,3.4721524501310945
vggss,C0,12345,best,2967,WTlaLznHD1c_000053,0.9920408163265306,0.6893877551020409,0.12405873501957261,0.014265625965067958,8.69634009214552
vggss,C0,12345,best,2968,WUJXiIqMhCs_000036,0.9912244897959184,0.865204081632653,0.1684304608619492,0.02569662804825402,6.55457441908972
vggss,C0,12345,best,2969,WUZOa6rFj6s_000030,0.9886734693877551,0.6144897959183674,0.2099440678851338,0.06719119229989517,3.124577205716014
vggss,C0,12345,best,2970,WUiy_6hI-xU_000061,0.9887755102040816,0.6895918367346939,0.12963434717494518,0.030494370601162984,4.25109109056349
vggss,C0,12345,best,2971,WVS46ZGovGw_000030,0.993061224489796,0.6870408163265306,0.12836548644288354,0.021268488910087712,6.035477507854325
vggss,C0,12345,best,2972,WWkwE6vhGwY_000030,0.9910204081632653,0.9395918367346939,0.18689574964545597,0.06823327066770991,2.7390706588816767
vggss,C0,12345,best,2973,WZLxZKna7xY_000276,0.978265306122449,0.9132653061224489,0.13475636370184033,0.047527413008943954,2.8353397580567066
vggss,C0,12345,best,2974,W_-t9sBGOg4_000072,0.9912244897959184,0.8892857142857142,0.18272829830865184,0.05521181632191358,3.309586796479415
vggss,C0,12345,best,2975,W_Rr3hZw4Yk_000007,0.9912244897959184,-0.09540816326530613,0.20670628161605617,0.023068895447327212,8.960389199735411
vggss,C0,12345,best,2976,W_UE04p_tYY_000094,0.9922448979591837,0.2896938775510204,0.12427019960899162,0.011180482494591207,11.114922783440692
vggss,C0,12345,best,2977,W_UE04p_tYY_000105,0.9924489795918368,0.8804081632653061,0.11862073050073013,0.019503754971409364,6.08194322963023
vggss,C0,12345,best,2978,WaGwzEFsJLs_000246,0.9954081632653061,0.8363265306122449,0.13699364226770594,0.01989377392414859,6.886257116927047
vggss,C0,12345,best,2979,Wb1u17uxbYU_000304,0.9851020408163266,0.4701020408163265,0.08249693128898634,0.015608236599171578,5.285474163901703
vggss,C0,12345,best,2980,WclYLl_KlwA_000050,0.9923469387755102,0.06642857142857143,0.1376968193270735,0.012580055021333653,10.945645237128367
vggss,C0,12345,best,2981,Wdg90rCeA34_000508,0.9920408163265306,0.19826530612244897,0.1297773817742079,0.017283059022389368,7.508935866393071
vggss,C0,12345,best,2982,We4ilLBQBrc_000001,0.993265306122449,0.8929591836734694,0.16268622350926623,0.03296256467977541,4.9354843923623575
vggss,C0,12345,best,2983,WeAejlzuFMQ_000460,0.946530612244898,0.7351020408163266,0.1271126118044241,0.03333341794383403,3.813368674601736
vggss,C0,12345,best,2984,WeBPE7xdTH4_000012,0.9956122448979592,0.8136734693877551,0.16575972065741693,0.02410753564456955,6.875846751874693
vggss,C0,12345,best,2985,WegRDdpH2ks_000518,0.9921428571428571,0.07377551020408163,0.10734194933554675,0.015217966792410784,7.05363277498268
vggss,C0,12345,best,2986,WesKosc-_c0_000047,0.985204081632653,0.6906122448979591,0.08875634857510248,0.02372844181712754,3.7405047183096887
vggss,C0,12345,best,2987,Weu8nsJRMqE_000030,0.9824489795918367,-0.4857142857142857,0.1392693297900626,0.0218759231977408,6.366329252995613
vggss,C0,12345,best,2988,WftXzNONXZo_000169,0.9745918367346939,0.728265306122449,0.09383694553245008,0.013036807279278395,7.1978471049120305
vggss,C0,12345,best,2989,Wg2l9hxzqH4_000301,0.986938775510204,0.5612244897959183,0.12817917832547585,0.013541278949238237,9.465810342285767
vggss,C0,12345,best,2990,WgXR9P0vl30_000011,0.9895918367346939,-0.022448979591836733,0.1379448015037565,0.02195815476618383,6.282167284666166
vggss,C0,12345,best,2991,WgllfeO855E_000147,0.9887755102040816,0.41051020408163263,0.1657844474982877,0.022300320781734037,7.434173217547616
vggss,C0,12345,best,2992,Wgnr_ftHhUw_000030,0.9640816326530612,0.18979591836734694,0.11376282432683615,0.02753741513644684,4.131209257047029
vggss,C0,12345,best,2993,WhD232bSL3w_000104,0.9889795918367347,-0.7060204081632653,0.09771794031599823,0.01783878669318335,5.47783557237885
vggss,C0,12345,best,2994,Wh_g-Eiw9Kc_000010,0.9965306122448979,0.6214285714285714,0.16850685327086137,0.01879906493913936,8.963576317034404
vggss,C0,12345,best,2995,Wj5qDj8_nSw_000025,0.9913265306122448,-0.865204081632653,0.1038798453359825,0.024584427023534156,4.225432841552114
vggss,C0,12345,best,2996,Wjgj2_InitY_000514,0.9890816326530613,0.39010204081632655,0.1261866234073551,0.014781026499719784,8.537067666426776
vggss,C0,12345,best,2997,WlO51U31vYs_000014,0.9883673469387755,0.6465306122448979,0.13517401765636985,0.021739111913575405,6.218010109785481
vggss,C0,12345,best,2998,WmZicfOUkd0_000014,0.9812244897959184,-0.6825510204081633,0.08481119033086788,0.018771390064880582,4.5181092096925335
vggss,C0,12345,best,2999,WmxNXcXMcdw_000113,0.9589795918367346,0.3742857142857143,0.10610374733272081,0.031183680429043605,3.402540876281517
vggss,C0,12345,best,3000,WoXgPQQjcJU_000060,0.9901020408163266,0.7103061224489796,0.12919442401035724,0.022159817960661528,5.830121178779776
vggss,C0,12345,best,3001,WohJxQ1ll6w_000052,0.9879591836734694,0.4340816326530612,0.11840098464165497,0.018182787022599806,6.51170717088044
vggss,C0,12345,best,3002,WokAaq70lRM_000378,0.9827551020408163,0.7243877551020408,0.09776188779320719,0.022778229846218138,4.2919001368071
vggss,C0,12345,best,3003,Wqux-4IupdU_000112,0.9856122448979592,0.6895918367346939,0.16938502170489042,0.042803642375958476,3.9572571936081054
vggss,C0,12345,best,3004,Wqv0fvaXGM4_000052,0.9926530612244898,0.9528571428571428,0.13234423360829956,0.038631579047899364,3.42580440328897
vggss,C0,12345,best,3005,Wr44Q8MQHL0_000030,0.9928571428571429,0.8903061224489796,0.20492505182943935,0.03478791448148501,5.890696665317651
vggss,C0,12345,best,3006,WrSpubuVkN0_000330,0.9613265306122449,0.6960204081632653,0.10173036712705423,0.03173159978554367,3.2059640174020063
vggss,C0,12345,best,3007,WrbQ5NIU0R0_000170,0.9953061224489796,0.9490816326530612,0.13626801084782114,0.036329392546477164,3.750902541887807
vggss,C0,12345,best,3008,WrwRZ0NgEss_000538,0.9526530612244898,0.1407142857142857,0.08440759252133843,0.021778478281965895,3.875734173366641
vggss,C0,12345,best,3009,WsG_Mg0VDn8_000025,0.9934693877551021,0.30306122448979594,0.1292482946581377,0.011149067376833464,11.5927449614935
vggss,C0,12345,best,3010,WsKJwVVs-MY_000000,0.9760204081632653,-0.06795918367346938,0.09072228408948578,0.01645979553578563,5.511750367265761
vggss,C0,12345,best,3011,WsfNsX9qA20_000079,0.9903061224489796,-0.6423469387755102,0.11793343665190686,0.017255897721770677,6.834384310421456
vggss,C0,12345,best,3012,Wu--g0m8oWA_000011,0.9911224489795918,0.8461224489795919,0.09546503424285457,0.02258216350924286,4.227452972067129
vggss,C0,12345,best,3013,WvquSD2PcCE_000030,0.996938775510204,0.8271428571428572,0.1435704035915475,0.01441339802803527,9.960899110139815
vggss,C0,12345,best,3014,Wx0Aw9na7Jo_000007,0.9911224489795918,0.12816326530612246,0.13166109932963474,0.01463416955850902,8.996827514075136
vggss,C0,12345,best,3015,Wx0Aw9na7Jo_000034,0.9758163265306122,0.48397959183673467,0.10104113516682685,0.017847765885303343,5.661276364568895
vggss,C0,12345,best,3016,Wx65BBbjCIQ_000120,0.9988775510204082,0.8828571428571429,0.20754779741264656,0.03075459838265386,6.7485126884214885
vggss,C0,12345,best,3017,WxFEd6umyB0_000001,0.996938775510204,0.7305102040816327,0.1866376194536833,0.014423238831606417,12.940063021399483
vggss,C0,12345,best,3018,X0LgBnGmy1w_000150,0.9690816326530612,-0.03397959183673469,0.13054801221104367,0.028361290063030217,4.60303504956627
vggss,C0,12345,best,3019,X1B6bDrgzXM_000050,0.9942857142857143,0.9302040816326531,0.16813054635044206,0.031435314754692044,5.348460725221364
vggss,C0,12345,best,3020,X1aRTyM821w_000024,0.9572448979591837,0.1983673469387755,0.07746666344506078,0.01759191502008926,4.403537838637634
vggss,C0,12345,best,3021,X3Ukm37HbE0_000030,0.9725510204081632,0.8692857142857143,0.12179145682713184,0.040874497806919395,2.9796441145881065
vggss,C0,12345,best,3022,X5Xs8Y1cJK0_000030,0.9824489795918367,-0.06030612244897959,0.0826700502450483,0.01297022489550994,6.373833215002093
vggss,C0,12345,best,3023,X76DCP7SCR0_000150,0.9868367346938776,0.7415306122448979,0.11984950800069709,0.017623101580770285,6.800704600799254
vggss,C0,12345,best,3024,X7RMG1-Srp8_000087,0.9814285714285714,0.7615306122448979,0.10835900948399842,0.0175745619525852,6.165673419135144
vggss,C0,12345,best,3025,X91RLYNmC70_000088,0.9837755102040816,0.7855102040816326,0.16338760299975397,0.02736943815505667,5.969709793606674
vggss,C0,12345,best,3026,XA6RBioito4_000067,0.991734693877551,0.11642857142857142,0.11021164409393348,0.01476646017353425,7.463646859080316
vggss,C0,12345,best,3027,XA9I4QiBuWQ_000082,0.9887755102040816,0.856326530612245,0.162497757035005,0.048877294436980176,3.324606218630229
vggss,C0,12345,best,3028,XA9I4QiBuWQ_000132,0.9948979591836735,0.9401020408163265,0.18326708120025273,0.057065079082070896,3.2115452067748533
vggss,C0,12345,best,3029,XAgppw__ZD4_000064,0.9931632653061224,0.4951020408163265,0.22236805283321348,0.03821113152631173,5.81945741858216
vggss,C0,12345,best,3030,XB6j1Xabe3E_000470,0.9780612244897959,0.7903061224489796,0.13940891232797986,0.03259217769475548,4.277373351164952
vggss,C0,12345,best,3031,XBGpHaWOSH4_000301,0.9960204081632653,0.1096938775510204,0.12451366333647107,0.010306562804322949,12.081007577448176
vggss,C0,12345,best,3032,XBMeUqtyXpM_000030,0.9825510204081632,0.49683673469387757,0.1484026887777574,0.025030134880771007,5.928960810026052
vggss,C0,12345,best,3033,XCkoQ-sCQ4Y_000170,0.9551020408163265,-0.044081632653061226,0.11408560870375564,0.028536241226362207,3.9979199712666307
vggss,C0,12345,best,3034,XEQXKjMuP6Q_000113,0.9654081632653061,0.3092857142857143,0.08917207801350117,0.020202724124267105,4.413864064321379
vggss,C0,12345,best,3035,XEavANMFzQM_000040,0.9909183673469387,0.17795918367346938,0.12380561713248493,0.008355888154815885,14.816571839958154
vggss,C0,12345,best,3036,XG1fNGITN08_000400,0.9911224489795918,0.5655102040816327,0.1290405029554533,0.018385650324542233,7.018544390741651
vggss,C0,12345,best,3037,XGCQHUilvfQ_000030,0.993061224489796,-0.19540816326530613,0.1431272240300584,0.015077050926410618,9.493051706772512
vggss,C0,12345,best,3038,XHQGUbMSPTM_000030,0.9934693877551021,0.7464285714285714,0.11898318868477988,0.018437415674166655,6.453355003081675
vggss,C0,12345,best,3039,XHlsNQZbZd8_000270,0.9918367346938776,0.3578571428571429,0.15140589102277305,0.014082909975028863,10.751037341802133
vggss,C0,12345,best,3040,XHukxF8iWE0_000400,0.9857142857142858,-0.1463265306122449,0.1099476143165781,0.012671763907973773,8.676583237744273
vggss,C0,12345,best,3041,XI6TRMIk71Q_000125,0.993265306122449,0.5298979591836734,0.2084344402833116,0.024445653595729616,8.526441703310512
vggss,C0,12345,best,3042,XIW8Ai-YMdA_000210,0.9619387755102041,0.5101020408163265,0.10611916698215591,0.027026614528453355,3.926469105867281
vggss,C0,12345,best,3043,XIohMvtR0Og_000030,0.9721428571428572,0.06877551020408164,0.10160074647036009,0.021257117843899033,4.779610632845992
vggss,C0,12345,best,3044,XJzWnBLIXQk_000099,0.980204081632653,-0.12979591836734694,0.12576788978359085,0.01750410032170474,7.185053071687503
vggss,C0,12345,best,3045,XMATVI0hyR4_000093,0.9718367346938775,-0.07530612244897959,0.11605115934451529,0.022691552912920063,5.114288995110527
vggss,C0,12345,best,3046,XMVoH1JjXw8_000030,0.9891836734693877,0.9342857142857143,0.12361907141505281,0.03326489870547216,3.71620164875828
vggss,C0,12345,best,3047,XMWD4ECxcNk_000029,0.9913265306122448,0.24061224489795918,0.12995856198198172,0.0161439655401281,8.04997766248642
vggss,C0,12345,best,3048,XOj6xGKEsUw_000035,0.9971428571428571,0.508061224489796,0.20079938343907083,0.00972343061941931,20.651084097627134
vggss,C0,12345,best,3049,XQXsAZJqDig_000030,0.8877551020408163,0.09989795918367347,0.07198539105265718,0.025708503497061264,2.8000615073096657
vggss,C0,12345,best,3050,XR7vOriQ9VY_000194,0.9831632653061224,0.7242857142857143,0.11113929964404357,0.02206143481794677,5.037718560065404
vggss,C0,12345,best,3051,XS-3djsJWTA_000360,0.9928571428571429,0.9443877551020409,0.1725072548298243,0.06900799095830369,2.4998156363377886
vggss,C0,12345,best,3052,XS_Nwd8dxE0_000030,0.9914285714285714,0.7691836734693878,0.12512825358134272,0.020249715892815722,6.17925971128001
vggss,C0,12345,best,3053,XTFD-XHCo2Q_000000,0.9891836734693877,0.7769387755102041,0.17292768081151993,0.03128695836873385,5.527149004817694
vggss,C0,12345,best,3054,XUCh79kkapE_000049,0.9933673469387755,0.6351020408163265,0.14340931303093243,0.019260615090532646,7.445728620651569
vggss,C0,12345,best,3055,XUlxqSC9j9s_000007,0.9876530612244898,0.10479591836734693,0.1934007469430935,0.02584052448453864,7.484397116583778
vggss,C0,12345,best,3056,XVi3kxnZ9h4_000045,0.9928571428571429,0.5640816326530612,0.12206518842954588,0.01672365799798497,7.298952683931559
vggss,C0,12345,best,3057,XVqQKMMGoUs_000061,0.9835714285714285,0.8655102040816327,0.16091233941214492,0.04098817122322739,3.925823831851231
vggss,C0,12345,best,3058,XXkTYV7NqIA_000275,0.9914285714285714,-0.7522448979591837,0.14612028256309686,0.021818710021746124,6.697017487168705
vggss,C0,12345,best,3059,XYLDjkXAuec_000380,0.9893877551020408,0.6938775510204082,0.15095002247954564,0.027819765926538897,5.425999013728063
vggss,C0,12345,best,3060,XZ5oHxjfHKY_000030,0.991938775510204,0.06224489795918367,0.11536295288555758,0.012593726974227436,9.160350476204803
vggss,C0,12345,best,3061,XZPPLt35KxU_000000,0.9753061224489796,-0.45285714285714285,0.09511352815749721,0.019080240650061094,4.984922879219171
vggss,C0,12345,best,3062,XZbFXz54Suo_000000,0.9628571428571429,0.8789795918367347,0.14506866057103956,0.06195390740128347,2.341557888050726
vggss,C0,12345,best,3063,XZhLMTOmM9w_000030,0.9948979591836735,0.6974489795918367,0.14027679848095087,0.016398550070799833,8.554219603276726
vggss,C0,12345,best,3064,X_nfMNpw9SA_000060,0.9678571428571429,0.9306122448979591,0.22957837965037015,0.07895422743438199,2.9077401820082436
vggss,C0,12345,best,3065,XaIep0xC8BA_000117,0.9915306122448979,0.803265306122449,0.16039708380028644,0.04331075615049852,3.703400680489856
vggss,C0,12345,best,3066,Xb7lSqbJYog_000490,0.9940816326530613,0.7920408163265306,0.16788660028792068,0.025983834013162684,6.461194302691205
vggss,C0,12345,best,3067,XcyHfR180hA_000008,0.993265306122449,0.8915306122448979,0.21933651094350612,0.05920729970233202,3.704551838138753
vggss,C0,12345,best,3068,XdNW5tS4u3w_000014,0.991734693877551,-0.42887755102040814,0.1326074213913992,0.015259923890287847,8.689913681404201
vggss,C0,12345,best,3069,Xecb_5XO81Q_000010,0.9929591836734694,0.7783673469387755,0.19385711313458823,0.01976493726336368,9.808131973882967
vggss,C0,12345,best,3070,XfLIbeSJSHE_000300,0.9905102040816327,0.36153061224489796,0.14616844676072668,0.017206429863512125,8.494989833462828
vggss,C0,12345,best,3071,XgDKqGfheRE_000030,0.9814285714285714,0.7763265306122449,0.17487590278976378,0.046156209005846105,3.788783926505189
vggss,C0,12345,best,3072,Xh8CKz7QH40_000030,0.9924489795918368,-0.08153061224489797,0.13391274111990709,0.013856840258304266,9.664017093626704
vggss,C0,12345,best,3073,XiQhJPkvn1I_000654,0.9939795918367347,-0.05755102040816327,0.1833643932128171,0.020261771554776205,9.049771029009236
vggss,C0,12345,best,3074,XjkUtn062ho_000000,0.9916326530612245,0.5995918367346939,0.09051569846976795,0.014478501164308469,6.251731269870794
vggss,C0,12345,best,3075,Xo5rIluWHhI_000007,0.9825510204081632,0.4089795918367347,0.11219513094892793,0.017716099975228942,6.332947494414783
vggss,C0,12345,best,3076,Xp-u8qRkJZA_000014,0.9954081632653061,0.8778571428571429,0.1884562323673401,0.03181496744982045,5.923508570756173
vggss,C0,12345,best,3077,Xq6M-3Kh_PU_000020,0.9943877551020408,0.6009183673469388,0.19806438609975496,0.018314588048667934,10.81456954278372
vggss,C0,12345,best,3078,XrNfbjSoitY_000080,0.9925510204081632,-0.14061224489795918,0.12453796356704952,0.01702561605418087,7.314740516333185
vggss,C0,12345,best,3079,Xr_wJ4xCnUA_000141,0.9860204081632653,0.3683673469387755,0.1347927962763492,0.020389799934101088,6.610795432617948
vggss,C0,12345,best,3080,XrfEKRcnKxs_000030,0.9936734693877551,0.11479591836734694,0.15919009444425727,0.01583097437124572,10.05560938393022
vggss,C0,12345,best,3081,XrjkzI6TVwc_000030,0.991734693877551,0.5581632653061225,0.23028134355268692,0.05025618550227227,4.582149266825574
vggss,C0,12345,best,3082,XryEq7dg_fY_000082,0.9884693877551021,0.8542857142857143,0.11661179317918301,0.03429144525445891,3.4006088782163535
vggss,C0,12345,best,3083,XuaJVdMCCoU_000030,0.9866326530612245,0.8331632653061225,0.1345057979660896,0.030219658751623392,4.450937023200634
vggss,C0,12345,best,3084,XvXsYOMYa0k_000157,0.9964285714285714,-0.7738775510204081,0.14196190688114319,0.01539966649636438,9.21850527832263
vggss,C0,12345,best,3085,XvkNRGfbdw8_000017,0.9925510204081632,0.7491836734693877,0.13463584113232543,0.014973822892658254,8.991414022823665
vggss,C0,12345,best,3086,Xw_JU2taiVM_000423,0.9895918367346939,0.6089795918367347,0.09081849981689255,0.013557875352698123,6.698579051238951
vggss,C0,12345,best,3087,XwfxT99WlZE_000015,0.9962244897959184,-0.17530612244897958,0.17797696469610014,0.011721660057630937,15.183597188542853
vggss,C0,12345,best,3088,Xx13khTTtJ0_000159,0.9958163265306123,0.8695918367346939,0.20064214310247208,0.03030834463253746,6.620029748740323
vggss,C0,12345,best,3089,Xx2YziXzVkg_000030,0.995,0.9671428571428572,0.16919884968719562,0.0435318163690259,3.8867858913322375
vggss,C0,12345,best,3090,Xx8lx5KT2ks_000000,0.9965306122448979,0.7169387755102041,0.21869038760437737,0.029323027076775476,7.457974479639766
vggss,C0,12345,best,3091,XyIAPpcvVro_000000,0.9385714285714286,0.39102040816326533,0.13979668600334508,0.04808100464506291,2.907524229897717
vggss,C0,12345,best,3092,XySWOKnenIA_000000,0.9893877551020408,0.0810204081632653,0.1309757163792711,0.018624566093927902,7.032417062428779
vggss,C0,12345,best,3093,XyVZgPZ1clo_000852,0.980204081632653,0.835204081632653,0.16185720728855293,0.03157547967299659,5.1260411232002125
vggss,C0,12345,best,3094,XzqUa_35-xs_000002,0.9898979591836735,0.5673469387755102,0.09353557908869267,0.01253052189127779,7.464619582509221
vggss,C0,12345,best,3095,Y-qOOR0izlE_000102,0.9923469387755102,0.8721428571428571,0.17311223025859265,0.03190620833381085,5.4256597477032855
vggss,C0,12345,best,3096,Y0zPnwGCSw0_000014,0.9933673469387755,0.8041836734693878,0.16613777538624813,0.01814054495477063,9.158367391965088
vggss,C0,12345,best,3097,Y0zPnwGCSw0_000048,0.981734693877551,0.6770408163265306,0.10654847324384022,0.01969182948383056,5.410796052816208
vggss,C0,12345,best,3098,Y16pPj3zfo4_000007,0.9922448979591837,0.7409183673469387,0.11493372681853907,0.018319214689899475,6.2739439852686045
vggss,C0,12345,best,3099,Y3AK50PotkQ_000030,0.9845918367346939,0.6425510204081633,0.16328551199428137,0.026499490959402558,6.161835796937992
vggss,C0,12345,best,3100,Y3Iu9Xq-TaU_000453,0.9392857142857143,0.14551020408163265,0.1214820831284129,0.03585349271136249,3.388291458977258
vggss,C0,12345,best,3101,Y3Iu9Xq-TaU_000505,0.980204081632653,0.4598979591836735,0.11794852697268356,0.021822728834741758,5.404847756019845
vggss,C0,12345,best,3102,Y3yXAMiFgyI_000030,0.9741836734693877,-0.058673469387755105,0.12329674104945812,0.024261052387839026,5.082085437945026
vggss,C0,12345,best,3103,Y4Rul-qYAGQ_000400,0.9956122448979592,0.7743877551020408,0.19808527490490999,0.03885420972393551,5.098167645470929
vggss,C0,12345,best,3104,Y5PXkSzapQc_000058,0.9938775510204082,0.9171428571428571,0.14560792451821383,0.044772695635479115,3.252158987783396
vggss,C0,12345,best,3105,Y5Qrawu3guY_000030,0.9915306122448979,0.8693877551020408,0.12149066849672378,0.04068524640093743,2.98611116421614
vggss,C0,12345,best,3106,Y5oaCVCDhYI_000033,0.990204081632653,0.7980612244897959,0.09140236542399087,0.014538925086585637,6.2867347399928075
vggss,C0,12345,best,3107,Y5t8KSDEeOs_000000,0.975204081632653,0.10520408163265306,0.10633405758291219,0.017807508694429774,5.971304543918246
vggss,C0,12345,best,3108,Y6-EXl7Njzg_000030,0.9921428571428571,-0.25948979591836735,0.1201582580537748,0.011164609101428628,10.76242409941601
vggss,C0,12345,best,3109,Y612uIsQ9HM_000012,0.983265306122449,-0.22622448979591836,0.11178258900482528,0.020584792632672717,5.430348072945901
vggss,C0,12345,best,3110,Y6lUctPmnoc_000007,0.9898979591836735,0.33224489795918366,0.1449083169282306,0.013645538980269848,10.619464510544747
vggss,C0,12345,best,3111,Y7aU3aCEf5A_000030,0.9692857142857143,0.6305102040816326,0.16070177341395078,0.04762156456827708,3.374558876232337
vggss,C0,12345,best,3112,Y8JivjKVBIg_000134,0.9745918367346939,0.5487755102040817,0.16909206767628046,0.045827775496082905,3.6897289001237574
vggss,C0,12345,best,3113,Y8b7Thr-UyQ_000040,0.9911224489795918,0.8592857142857143,0.12462225110622034,0.026299494010993053,4.738579801350128
vggss,C0,12345,best,3114,Y8x4eyGCecI_000320,0.9785714285714285,0.4698979591836735,0.14692599202483833,0.027450558929668262,5.352386171854677
vggss,C0,12345,best,3115,Y9pGt8ax3PA_000010,0.9625510204081633,0.13959183673469389,0.09686322943979096,0.02063846749817468,4.69333439841683
vggss,C0,12345,best,3116,YBd5lEnpT_8_000000,0.9952040816326531,0.3356122448979592,0.12034658801013697,0.012353670359023282,9.741767791483463
vggss,C0,12345,best,3117,YCfGy7J2oFo_000051,0.9942857142857143,0.43734693877551023,0.15329629433780012,0.013770259819169762,11.132418440238457
vggss,C0,12345,best,3118,YD0freJ-4q4_000041,0.9956122448979592,0.45408163265306123,0.12125925851377545,0.01359695668951991,8.91811758194671
vggss,C0,12345,best,3119,YDhSHz_AO5E_000076,0.9581632653061225,0.16285714285714287,0.06900826406478146,0.015566893574539964,4.433014444040792
vggss,C0,12345,best,3120,YDpyBLAg2Ps_000280,0.975,0.11418367346938775,0.12410187401903519,0.026355326162931677,4.7087967438468805
vggss,C0,12345,best,3121,YFmO4K_mdTo_000181,0.9961224489795918,0.7560204081632653,0.1640741535170026,0.023627994663785633,6.944057498390976
vggss,C0,12345,best,3122,YGj2ZPZ5cew_000290,0.9801020408163266,0.4598979591836735,0.10968227483442798,0.024206511992267966,4.531106128361767
vggss,C0,12345,best,3123,YGv1xUgz2pY_000045,0.9941836734693877,0.8653061224489796,0.22199049590879366,0.04895205717935475,4.534855299246074
vggss,C0,12345,best,3124,YIN5D9ffrtE_000031,0.9939795918367347,0.6416326530612245,0.09916721146491864,0.011193199542523144,8.859594710893951
vggss,C0,12345,best,3125,YIvbFqkLIgA_000070,0.9935714285714285,-0.4153061224489796,0.14030978858706944,0.01713841535664267,8.186858917075249
vggss,C0,12345,best,3126,YJGLI8Eurm4_000006,0.9686734693877551,0.5668367346938775,0.10201806453226968,0.027308712955791552,3.735733159501901
vggss,C0,12345,best,3127,YLGxmdhFdrY_000025,0.9760204081632653,0.583265306122449,0.08614149834156579,0.021665530685683294,3.975969921590177
vggss,C0,12345,best,3128,YN5CTUvVDGw_000200,0.9871428571428571,0.7108163265306122,0.17044891316213223,0.03249051983627515,5.246112220458496
vggss,C0,12345,best,3129,YNNepx1HYM8_000031,0.948265306122449,0.578265306122449,0.12174681373807796,0.04370876494629403,2.7854096057774926
vggss,C0,12345,best,3130,YNwgT_8Vniw_000018,0.9866326530612245,0.7777551020408163,0.09516488234411172,0.01820464219300022,5.227506332461899
vggss,C0,12345,best,3131,YOA1JOyd7cw_000030,0.9804081632653061,0.8278571428571428,0.12066983088474377,0.05517404221339611,2.1870761329762685
vggss,C0,12345,best,3132,YOEGhE-dE4g_000326,0.9887755102040816,0.4513265306122449,0.1441087343159265,0.01828265149171378,7.882266660349604
vggss,C0,12345,best,3133,YP9bqVB-sVg_000030,0.9922448979591837,0.7848979591836734,0.11997092862239389,0.017226984246411583,6.964128306286928
vggss,C0,12345,best,3134,YPiV6baoR8A_000037,0.99,0.8046938775510204,0.11325234928376979,0.026923878101459502,4.206390656538835
vggss,C0,12345,best,3135,YPuFEZZxSdg_000233,0.9898979591836735,0.9386734693877551,0.1391756452626624,0.04514315551194134,3.0829844233163417
vggss,C0,12345,best,3136,YQwQbYsgMLQ_000018,0.9959183673469387,0.4153061224489796,0.21692862937411106,0.018734430038806173,11.579142195666954
vggss,C0,12345,best,3137,YSLun3TqE08_000150,0.9889795918367347,0.6176530612244898,0.1569864385986513,0.030402821724666063,5.1635483054945155
vggss,C0,12345,best,3138,YSsLH9_cisM_000236,0.9922448979591837,0.9304081632653062,0.12848472114626985,0.03811517846810027,3.3709594526443722
vggss,C0,12345,best,3139,YTFJUFWcRns_000030,0.9901020408163266,0.5131632653061224,0.11888739925293358,0.020809643614143263,5.713091557806969
vggss,C0,12345,best,3140,YTV9OVmgbBQ_000084,0.9962244897959184,0.8607142857142858,0.13073843326157983,0.02978179224509778,4.389877955820472
vggss,C0,12345,best,3141,YUcV-grp898_000009,0.9906122448979592,0.6501020408163265,0.1649666173584024,0.027945012112703997,5.903258037358568
vggss,C0,12345,best,3142,YVJWw5RxUeM_000002,0.9798979591836735,0.3081632653061224,0.0816021536531827,0.01222544555822143,6.674779521496169
vggss,C0,12345,best,3143,YVbJ9g851Vg_000025,0.9767346938775511,0.5031632653061224,0.14016273266330587,0.021897250484759177,6.4009284070098795
vggss,C0,12345,best,3144,YWabd_3AEfo_000049,0.9942857142857143,-0.1966326530612245,0.1320576324070147,0.011851167900010184,11.143005779784897
vggss,C0,12345,best,3145,YXqu1CeA2c4_000044,0.9874489795918368,-0.39153061224489794,0.12722031244082807,0.016001903857793667,7.950323509715745
vggss,C0,12345,best,3146,YY1Qf9Q_Zx8_000037,0.9864285714285714,0.7822448979591837,0.10292765543011707,0.023148086712573093,4.446486515631159
vggss,C0,12345,best,3147,YY3DY_U9oBk_000049,0.9825510204081632,0.8483673469387755,0.08905064518230084,0.02330558444253626,3.8210003015315843
vggss,C0,12345,best,3148,Y_H9pAXuz6M_000070,0.9845918367346939,0.7069387755102041,0.1347141553377402,0.03464957192474265,3.8879024430758755
vggss,C0,12345,best,3149,Ya5GiXz1gbA_000019,0.9877551020408163,0.7481632653061224,0.1453488082744997,0.027662726365692294,5.25431970634548
vggss,C0,12345,best,3150,YaZx80MEyKs_000060,0.9935714285714285,-0.41408163265306125,0.1439005271683641,0.01285027525059051,11.198244735010748
vggss,C0,12345,best,3151,YbLR6dgY-K4_000030,0.9875510204081632,0.8761224489795918,0.21643482922905813,0.0903813294348602,2.394685169850787
vggss,C0,12345,best,3152,YbZXTk6NgTo_000030,0.9904081632653061,0.8322448979591837,0.166855844540253,0.03187226340500722,5.235142619775146
vggss,C0,12345,best,3153,Yd10enP9ykM_000030,0.9834693877551021,0.7723469387755102,0.14189581805758686,0.04165550071688884,3.4064124933218367
vggss,C0,12345,best,3154,Ydz4uQX5_ow_000023,0.9905102040816327,-0.32979591836734695,0.1360663913699631,0.01148318968218551,11.849180857915306
vggss,C0,12345,best,3155,Yf7ypnJ2J-U_000039,0.9941836734693877,0.586530612244898,0.1871553165690464,0.024851907680622756,7.5308229442270544
vggss,C0,12345,best,3156,YfGQuqGjSOU_000126,0.9577551020408164,-0.26224489795918365,0.06311671211768045,0.016450379301729004,3.8367937273669197
vggss,C0,12345,best,3157,YjOOi6WAjtI_000023,0.9892857142857143,0.15,0.13420472191991215,0.012903466040903018,10.400672307308227
vggss,C0,12345,best,3158,Ykv1CiXNXLQ_000134,0.9807142857142858,0.5093877551020408,0.1530898538293875,0.019977363490513534,7.66316605802782
vggss,C0,12345,best,3159,YlLC5aGq4Yw_000009,0.9979591836734694,0.3890816326530612,0.19093663628671986,0.014445317053924555,13.217891692785345
vggss,C0,12345,best,3160,YlpOZqnLeEs_000125,0.9834693877551021,-0.14438775510204083,0.11654508726345751,0.022240053050872073,5.240324157360208
vggss,C0,12345,best,3161,Yn2KgQjK5R4_000200,0.9909183673469387,0.07857142857142857,0.09684123610627525,0.012618333092596024,7.674645723459158
vggss,C0,12345,best,3162,YqLZdK_e4-A_000030,0.9868367346938776,0.8676530612244898,0.1920074644523735,0.04716151773620614,4.071274074052294
vggss,C0,12345,best,3163,YqvKDLbboxE_000027,0.9871428571428571,0.8206122448979591,0.08710531189143038,0.01625277935298982,5.359410227605576
vggss,C0,12345,best,3164,YrBpFByZmKM_000137,0.9847959183673469,0.3573469387755102,0.13533994284393458,0.017569903652357267,7.70294166216311
vggss,C0,12345,best,3165,Ys9Tvftkin0_000070,0.9961224489795918,-0.865204081632653,0.15503711555629687,0.020823202732176596,7.445402013818421
vggss,C0,12345,best,3166,YsHxZjm-zg8_000120,0.9887755102040816,0.663469387755102,0.18190025011800148,0.032946385657225886,5.521098793976712
vggss,C0,12345,best,3167,YsUCzO0gfro_000060,0.9977551020408163,0.7216326530612245,0.12595794435125596,0.01327537995134973,9.488085826006781
vggss,C0,12345,best,3168,YsX-dUhC-_4_000000,0.9880612244897959,-0.23112244897959183,0.12147942126077743,0.017839188438977513,6.8096943802304635
vggss,C0,12345,best,3169,Ysjdu0ZZmQE_000100,0.9905102040816327,0.9426530612244898,0.05424824385266103,0.019024264839464115,2.8515290504223825
vggss,C0,12345,best,3170,Ysqh1uzqGrc_000000,0.9823469387755102,0.7278571428571429,0.11826409347842416,0.028891472107910075,4.093391054519688
vggss,C0,12345,best,3171,Ytblri7hn-0_000031,0.9960204081632653,-0.5389795918367347,0.18641778052273106,0.021098953249835854,8.835404217229657
vggss,C0,12345,best,3172,Ytj9squ563E_000006,0.9828571428571429,0.855204081632653,0.10823110882997929,0.03171875520408444,3.4122117382476067
vggss,C0,12345,best,3173,YuU9VpAxb24_000003,0.9822448979591837,0.23989795918367346,0.1423462923835161,0.015475352445070414,9.198258513902841
vggss,C0,12345,best,3174,YuvmP7Lsr2k_000030,0.971530612244898,-0.5861224489795919,0.0877477061138576,0.01774138611637107,4.945932946743512
vggss,C0,12345,best,3175,Yx5pH0S0Clc_000062,0.9858163265306122,0.7894897959183673,0.06753518621194482,0.014656734369548823,4.607792193618349
vggss,C0,12345,best,3176,YxIScOdROZE_000090,0.9913265306122448,-0.15908163265306122,0.1044048690028852,0.011015088142245874,9.478350754404223
vggss,C0,12345,best,3177,YzCK7OtGzqs_000010,0.9888775510204082,0.10061224489795918,0.1559934866730366,0.016882560692254765,9.239918606932772
vggss,C0,12345,best,3178,YzUXMKt3nF4_000026,0.9791836734693877,0.774795918367347,0.08901032328879321,0.017316115768532807,5.140316943973345
vggss,C0,12345,best,3179,Z5X0bIh2Up8_000160,0.9738775510204082,0.36673469387755103,0.11065364035072024,0.022513357658069298,4.915021652092817
vggss,C0,12345,best,3180,Z5XoxwA2e4c_000150,0.9890816326530613,-0.7075510204081633,0.10237324019580307,0.013248506149536942,7.727153464723356
vggss,C0,12345,best,3181,Z8e1GUopzRk_000050,0.9853061224489796,0.4626530612244898,0.160560083801612,0.019149807125044053,8.384423025944322
vggss,C0,12345,best,3182,Z9xfJDftEUA_000261,0.990204081632653,0.9405102040816327,0.16604050120765657,0.046602975881022135,3.562873358807807
vggss,C0,12345,best,3183,ZAgmaBqrdEM_000017,0.9945918367346939,0.8525510204081632,0.12644213067842605,0.029167409053424517,4.335048425001624
vggss,C0,12345,best,3184,ZBk-DylU4Ac_000013,0.9865306122448979,0.8094897959183673,0.08027681946501983,0.02442584272595154,3.286552704268775
vggss,C0,12345,best,3185,ZC2-HlTYjqA_000050,0.9957142857142857,0.9589795918367346,0.1265988262495807,0.043083384159173455,2.938460585683236
vggss,C0,12345,best,3186,ZD86LBLgawc_000658,0.9895918367346939,0.9377551020408164,0.13671920240016153,0.04214477260621311,3.244037016823433
vggss,C0,12345,best,3187,ZECeW7EAQtM_000010,0.9851020408163266,0.8728571428571429,0.13209145188272947,0.03978710733175553,3.319956155176491
vggss,C0,12345,best,3188,ZEP87KTkyNM_000277,0.995,-0.4407142857142857,0.15653153206000786,0.012687707843054988,12.337258549477893
vggss,C0,12345,best,3189,ZFs03gCSB_g_000270,0.9887755102040816,0.40816326530612246,0.1496596460792307,0.02164115802133643,6.915510063356056
vggss,C0,12345,best,3190,ZGYQX-172io_000011,0.9744897959183674,0.5157142857142857,0.10742284536539239,0.030405090350943575,3.5330546341250613
vggss,C0,12345,best,3191,ZGYQX-172io_000022,0.9847959183673469,0.8615306122448979,0.11692326877965536,0.030261753558833555,3.863730783225709
vggss,C0,12345,best,3192,ZGubbE6cRL0_000040,0.9963265306122449,0.06857142857142857,0.1841591710455971,0.012878792123958354,14.299413273625769
vggss,C0,12345,best,3193,ZHIwj6hmd4A_000000,0.9759183673469388,0.8853061224489795,0.07750382420786152,0.025511826021442367,3.0379567555344935
vggss,C0,12345,best,3194,ZIPScztJi0M_000049,0.9703061224489796,0.7584693877551021,0.06877426640638043,0.02684897798819311,2.5615226932147674
vggss,C0,12345,best,3195,ZIgZ_OKQyF0_000215,0.998061224489796,0.19244897959183674,0.14918963859096424,0.007793440041727503,19.142976373998597
vggss,C0,12345,best,3196,ZJHBBH9gh2Y_000000,0.9927551020408163,0.914795918367347,0.1787993184483024,0.06459753469744661,2.7678969373326554
vggss,C0,12345,best,3197,ZK2rF-mQ1Qk_000010,0.9706122448979592,0.6210204081632653,0.10063001750756279,0.01920947686571691,5.238561060824974
vggss,C0,12345,best,3198,ZKsNHjqLM1s_000046,0.9935714285714285,0.4303061224489796,0.0698110809665318,0.007030404694813551,9.9298808528096
vggss,C0,12345,best,3199,ZMcJY8yLjUs_000011,0.986938775510204,0.428469387755102,0.08265050313582425,0.012487819693928353,6.618489469063153
vggss,C0,12345,best,3200,ZNEEzZXROTo_000058,0.9710204081632653,0.27683673469387754,0.09604582947146253,0.018839930058895053,5.0979928891039386
vggss,C0,12345,best,3201,ZOkDV5Z3Nn8_000012,0.9941836734693877,0.8292857142857143,0.15570806795158793,0.03110344974780911,5.006134985478767
vggss,C0,12345,best,3202,ZP0aFBkk3WE_000092,0.9809183673469388,0.6610204081632653,0.13690333926698622,0.02225153242097517,6.152535325519233
vggss,C0,12345,best,3203,ZPO1zpDqQ8I_000080,0.9791836734693877,0.018367346938775512,0.1804342965346032,0.03550248821433254,5.082300019235298
vggss,C0,12345,best,3204,ZPXK1-_fYy0_000259,0.9865306122448979,0.8473469387755102,0.13558698853611023,0.040193684057149126,3.37334065579375
vggss,C0,12345,best,3205,ZPeG32vKQ3w_000030,0.993061224489796,0.8825510204081632,0.1718175550270286,0.029094748367575095,5.905449081612001
vggss,C0,12345,best,3206,ZS4Chf9yh8s_000020,0.9636734693877551,0.496530612244898,0.11836076119950031,0.030993258606746205,3.8189195496125437
vggss,C0,12345,best,3207,ZSqKAFe326w_000063,0.9892857142857143,0.5355102040816326,0.10748836862330191,0.019910473496951783,5.39858424962912
vggss,C0,12345,best,3208,ZT3jQW3tvt0_000015,0.9838775510204082,0.7364285714285714,0.14381355670290433,0.028377771712963767,5.067824146220975
vggss,C0,12345,best,3209,ZUp2sBZvw5Q_000082,0.9736734693877551,0.8856122448979592,0.07369028741642503,0.026012494237333924,2.8328804898171773
vggss,C0,12345,best,3210,ZVKgp2DGpcI_000010,0.9824489795918367,0.3485714285714286,0.1231147502222053,0.0211954710258039,5.808540422259185
vggss,C0,12345,best,3211,ZVKgp2DGpcI_000021,0.9722448979591837,0.46714285714285714,0.10596084693232273,0.021554705125699538,4.915903340565132
vggss,C0,12345,best,3212,ZXDg02kHzPA_000149,0.9853061224489796,0.39846938775510204,0.21787477025341337,0.030810097856930296,7.071537755742815
vggss,C0,12345,best,3213,ZXbnWlzc0ro_000540,0.9868367346938776,0.7854081632653062,0.11698896208250453,0.029335104076587567,3.9880193292333934
vggss,C0,12345,best,3214,ZXsQAXx_ao0_000050,0.9959183673469387,-0.4770408163265306,0.15593071391342037,0.014017548336015597,11.123964774409526
vggss,C0,12345,best,3215,ZZhkohnlobs_000382,0.9825510204081632,0.7920408163265306,0.13941024862569754,0.036300350450615096,3.8404656400041803
vggss,C0,12345,best,3216,ZZoM-leT_0U_000041,0.9957142857142857,0.9446938775510204,0.14507717864375186,0.03440421913034408,4.216842652179123
vggss,C0,12345,best,3217,Za8bwlW9dNE_000089,0.9775510204081632,0.5070408163265306,0.13082306990991266,0.017180234632779855,7.6147429127831865
vggss,C0,12345,best,3218,ZaVSw-V89HE_000040,0.9630612244897959,0.488265306122449,0.10468241250154225,0.022333793790248618,4.687175563842122
vggss,C0,12345,best,3219,ZahBai58_Ec_000330,0.9913265306122448,0.46377551020408164,0.1485695155410663,0.021898799873610694,6.784367928769514
vggss,C0,12345,best,3220,ZdYth-f68M0_000192,0.9873469387755102,-0.6466326530612245,0.10473126487747982,0.016308072672240236,6.422050415298579
vggss,C0,12345,best,3221,ZeFA4i5ZaBU_000112,0.9828571428571429,0.7520408163265306,0.15408924269429214,0.035248933322906566,4.371458315709004
vggss,C0,12345,best,3222,ZedCPKaacjU_000326,0.9933673469387755,0.601326530612245,0.20078330084802024,0.024611543096380986,8.158094763166007
vggss,C0,12345,best,3223,ZfSlWX1C8yY_000030,0.9878571428571429,0.8138775510204082,0.1104363949930707,0.020314522584863576,5.436327362935778
vggss,C0,12345,best,3224,Zfn6CE4-jww_000245,0.9876530612244898,0.5345918367346939,0.12459783768524585,0.017116053673606108,7.279589095784535
vggss,C0,12345,best,3225,ZggvCXDeTPo_000355,0.9895918367346939,0.7361224489795918,0.12322691794666697,0.018784045706213913,6.560190486861013
vggss,C0,12345,best,3226,Zgogkej7gHg_000274,0.9947959183673469,0.6873469387755102,0.12295183016296855,0.01922612563934212,6.395039357871153
vggss,C0,12345,best,3227,Zhu5ogju62A_000001,0.9933673469387755,-0.06408163265306123,0.1732638103899465,0.012393646383305961,13.980051151316534
vggss,C0,12345,best,3228,ZkNXSaL8GWQ_000003,0.9719387755102041,0.35051020408163264,0.10529125143583874,0.022613039710615804,4.656218393602751
vggss,C0,12345,best,3229,ZkUT6D-H7mk_000006,0.9606122448979592,0.31489795918367347,0.06716601514865789,0.021314724099470266,3.1511557379401953
vggss,C0,12345,best,3230,Zl29n4sL8_A_000037,0.9971428571428571,-0.5723469387755102,0.18618579377013963,0.016030653567957888,11.614360760829383
vggss,C0,12345,best,3231,ZlOdV1o8SpY_000004,0.9909183673469387,0.9586734693877551,0.18889889235586368,0.05917660305187864,3.1921212542440256
vggss,C0,12345,best,3232,ZlcjYfd0rYM_000012,0.9911224489795918,0.8837755102040816,0.14581603636797666,0.02569310282468713,5.675298828752976
vggss,C0,12345,best,3233,ZmgkpmzvL6c_000030,0.9933673469387755,0.8943877551020408,0.19147673856048056,0.05114375826514419,3.743892608904672
vggss,C0,12345,best,3234,ZnEEAfLC9Sg_000170,0.9941836734693877,0.6005102040816327,0.18418758074963706,0.01386244198776203,13.286806243246364
vggss,C0,12345,best,3235,ZnZtPgz8Sfw_000030,0.9730612244897959,0.6010204081632653,0.18086651470593598,0.051280933984031225,3.5269738800439443
vggss,C0,12345,best,3236,ZnzUnrS1MEs_000023,0.9914285714285714,0.8770408163265306,0.1641395958225378,0.039343418814060255,4.171970834519312
vggss,C0,12345,best,3237,ZoameGbMVt8_000110,0.980204081632653,0.8671428571428571,0.15059168848863944,0.02729502063486763,5.517185368831275
vggss,C0,12345,best,3238,Zook_bGHT3E_000030,0.9753061224489796,0.7823469387755102,0.16705656050421422,0.0382074020812657,4.372361150043419
vggss,C0,12345,best,3239,Zoq9CxiFhDA_000025,0.9948979591836735,0.9136734693877551,0.14671845095173822,0.036954091577723155,3.9702897483802237
vggss,C0,12345,best,3240,Zpy_FG4-CcU_000065,0.9897959183673469,0.3216326530612245,0.12591742230682662,0.013276834602922429,9.48399419535665
vggss,C0,12345,best,3241,ZqFhbOL1WPA_000230,0.990204081632653,0.8451020408163266,0.14798589304814908,0.05198049039032579,2.8469506912480202
vggss,C0,12345,best,3242,ZqZG_CV2qQU_000030,0.9931632653061224,0.8383673469387755,0.17815497470750832,0.06963259257451489,2.5584998076419745
vggss,C0,12345,best,3243,ZuBxMCk0cco_000140,0.9929591836734694,0.8958163265306123,0.09989121749691084,0.024449863080270407,4.085553247024812
vggss,C0,12345,best,3244,ZvOrojEQueY_000101,0.9791836734693877,0.7110204081632653,0.12817762775552366,0.031105722174176086,4.120708949877283
vggss,C0,12345,best,3245,ZwAplWOatRo_000020,0.9859183673469388,-0.45051020408163267,0.16710458743705728,0.028485536074096453,5.866296038887439
vggss,C0,12345,best,3246,ZwU142gcENM_000110,0.9884693877551021,0.4470408163265306,0.09503908442930223,0.014954888931683322,6.355051171791259
vggss,C0,12345,best,3247,ZwzKM1_rx5g_000015,0.9928571428571429,0.965,0.13993516177896084,0.053427110218603434,2.619178937554349
vggss,C0,12345,best,3248,ZxiXftx2EMg_000477,0.9854081632653061,-0.06428571428571428,0.1333410733527488,0.017981785812676364,7.415340986808398
vggss,C0,12345,best,3249,Zy-yrZ6h_g0_000036,0.9907142857142858,0.6337755102040816,0.18720374411288918,0.04155710290786311,4.504735196001065
vggss,C0,12345,best,3250,ZyiDGq0qh2s_000030,0.9964285714285714,0.7721428571428571,0.1833155551692488,0.019015146882676616,9.640501664294527
vggss,C0,12345,best,3251,_-UGWlp0IG0_000150,0.9809183673469388,0.8222448979591837,0.11019966778097538,0.035881854100181444,3.0711809783658346
vggss,C0,12345,best,3252,_-W48cCMzXU_000102,0.9796938775510204,0.27785714285714286,0.13077597197329088,0.02664218102625158,4.908606087633449
vggss,C0,12345,best,3253,_-ZSRcrbRGI_000140,0.9851020408163266,0.8106122448979591,0.08988506497011751,0.019509907587172415,4.607149704246479
vggss,C0,12345,best,3254,_-_5kbw2Mcw_000000,0.9812244897959184,-0.3302040816326531,0.15737648747942728,0.015191688450508242,10.359380920174296
vggss,C0,12345,best,3255,_-_U21mzk40_000030,0.9815306122448979,-0.4539795918367347,0.09985804621305133,0.019030531069389428,5.247254837447643
vggss,C0,12345,best,3256,_1TjLs6_Geo_000013,0.9647959183673469,-0.24173469387755103,0.10010100931977119,0.027232217187756168,3.6758303089906845
vggss,C0,12345,best,3257,_1vudgh5RpE_000059,0.9948979591836735,0.8446938775510204,0.15407784098963692,0.027045853835941828,5.696911693905537
vggss,C0,12345,best,3258,_2hXtglCsD8_000002,0.9968367346938776,-0.25948979591836735,0.14837617310080073,0.012606747126195132,11.769584303987102
vggss,C0,12345,best,3259,_2hXtglCsD8_000016,0.9965306122448979,-0.8270408163265306,0.1479012703552097,0.016388081910395563,9.024928674623629
vggss,C0,12345,best,3260,_2nAf41g-4k_000000,0.9903061224489796,0.7752040816326531,0.1573076502997003,0.02317080437448341,6.7890457213878
vggss,C0,12345,best,3261,_3kxB2-MfWI_000030,0.9933673469387755,0.8564285714285714,0.152563637991937,0.02415132882858634,6.3169873208532294
vggss,C0,12345,best,3262,_4GHOB8H3FQ_000225,0.9963265306122449,0.6331632653061224,0.11157672764297222,0.01313975436007339,8.491538318403467
vggss,C0,12345,best,3263,_4NEAgqguN0_000220,0.9906122448979592,0.5853061224489796,0.09651284740631233,0.012982466596872423,7.434091717945419
vggss,C0,12345,best,3264,_4rolMIFkgQ_000030,0.9874489795918368,-0.056428571428571425,0.1417808214035595,0.017696566854885663,8.011769885434964
vggss,C0,12345,best,3265,_547JTmvb9g_000030,0.9881632653061224,-0.4064285714285714,0.12528938595245726,0.014455390369649159,8.667312521391153
vggss,C0,12345,best,3266,_6gpB_Trvo8_000000,0.9190816326530612,0.5246938775510204,0.07121890097289194,0.01884236738985879,3.779721491431214
vggss,C0,12345,best,3267,_6uZ1HyHSQY_000110,0.9795918367346939,0.6423469387755102,0.1250548759522537,0.024191800131658326,5.169308413250407
vggss,C0,12345,best,3268,_8HcEdMMbzQ_000130,0.9948979591836735,-0.5521428571428572,0.15726307814106982,0.013034563766681072,12.065081805274176
vggss,C0,12345,best,3269,_8JGpCc5RI8_000160,0.9934693877551021,0.6729591836734694,0.16140622770363305,0.031027480043823774,5.202041141454607
vggss,C0,12345,best,3270,_8VTJcZAwaw_000003,0.9927551020408163,0.733265306122449,0.09944563080244057,0.018271972525845764,5.442523004113235
vggss,C0,12345,best,3271,_A30xsFBMXA_000040,0.9903061224489796,0.4333673469387755,0.11204611232180985,0.016911836564506153,6.6253071861495805
vggss,C0,12345,best,3272,_AUtYTaYMrE_000100,0.9937755102040816,0.24306122448979592,0.17398187665312273,0.012727112858365804,13.670176307013786
vggss,C0,12345,best,3273,_AadO6XA3OU_000030,0.988265306122449,0.5472448979591836,0.09548853290618901,0.015790626363035083,6.047165622873706
vggss,C0,12345,best,3274,_Afs4B07Xog_000022,0.9921428571428571,0.8355102040816327,0.16354593009155324,0.0370321232966993,4.416326030814718
vggss,C0,12345,best,3275,_AhsSM_70wg_000029,0.9974489795918368,-0.5533673469387755,0.20092993312335747,0.012547093675076977,16.014061768142874
vggss,C0,12345,best,3276,_AopX_dxdZ0_000010,0.9845918367346939,-0.413265306122449,0.08535745969216273,0.018548497305251477,4.601853092864628
vggss,C0,12345,best,3277,_Bih7lCMSz8_000223,0.985204081632653,0.3790816326530612,0.11215797076267552,0.016100089693264225,6.966294778444552
vggss,C0,12345,best,3278,_BoK6vI1wWA_000035,0.9944897959183674,0.8501020408163266,0.15032696765090658,0.02432547061303615,6.179817444943719
vggss,C0,12345,best,3279,_CSKpoaeeAc_000014,0.9922448979591837,-0.22418367346938775,0.1451960545451886,0.018829263356439654,7.7111914468778835
vggss,C0,12345,best,3280,_DGLk4D-leg_000018,0.9936734693877551,0.6395918367346939,0.17203016757406805,0.021537665720700063,7.98741004735384
vggss,C0,12345,best,3281,_DmA5okgdeQ_000004,0.9885714285714285,0.49714285714285716,0.06815590581515327,0.009730962880264265,7.004024848700517
vggss,C0,12345,best,3282,_F4l0BMbBf8_000286,0.9921428571428571,0.3639795918367347,0.1901824489152105,0.01752774459929394,10.850366277180438
vggss,C0,12345,best,3283,_GoMg7oF7Ww_000074,0.9895918367346939,0.5959183673469388,0.14726951270326163,0.029578042209199407,4.979014894280517
vggss,C0,12345,best,3284,_GzKC_7QmUE_000385,0.9874489795918368,-0.08744897959183673,0.08751856977540017,0.010809166129909559,8.096699479271713
vggss,C0,12345,best,3285,_JgY3UNXvVI_000030,0.9740816326530612,0.42551020408163265,0.13655946897644616,0.029941129418172972,4.560932457463026
vggss,C0,12345,best,3286,_L5Jp1l3kMQ_000061,0.9915306122448979,0.013469387755102041,0.09627265239655584,0.012080536743490966,7.969236337816519
vggss,C0,12345,best,3287,_MBCVvbtdtI_000470,0.9842857142857143,0.908469387755102,0.151479928004101,0.05743333866893233,2.6374912466309697
vggss,C0,12345,best,3288,_NW6RuwbP1Q_000020,0.9961224489795918,-0.2753061224489796,0.2126697801794414,0.01886293773102143,11.274478196982592
vggss,C0,12345,best,3289,_OocUoF31oE_000059,0.9851020408163266,0.7853061224489796,0.14899684169483007,0.03929094257486147,3.792142207098868
vggss,C0,12345,best,3290,_Oq8cy6T4KA_000091,0.9921428571428571,0.705204081632653,0.11215335846376656,0.017469279386400385,6.420033476084683
vggss,C0,12345,best,3291,_QjCOK638vc_000036,0.9934693877551021,0.5978571428571429,0.1813052458323818,0.01914621332575694,9.46950933574297
vggss,C0,12345,best,3292,_Qnw4_agm-0_000030,0.986734693877551,0.9393877551020409,0.16832927076932974,0.05056611475710531,3.3288946872406666
vggss,C0,12345,best,3293,_QsEc34hEik_000053,0.9758163265306122,0.29122448979591836,0.11616578946209287,0.026627350946400428,4.362649130810233
vggss,C0,12345,best,3294,_R9Ma9rjEWg_000030,0.9874489795918368,-0.09755102040816327,0.13066503589407547,0.018706332011416575,6.9850698583950015
vggss,C0,12345,best,3295,_RLsXrr0fQo_000080,0.981734693877551,0.7860204081632653,0.21618283797257834,0.0780165340466531,2.7709874658531124
vggss,C0,12345,best,3296,_Sll3DT8FxE_000041,0.975204081632653,0.5321428571428571,0.13733951533567337,0.028296006593061973,4.8536713081395835
vggss,C0,12345,best,3297,_TIP8swMSi8_000052,0.9925510204081632,0.7434693877551021,0.15664225328114478,0.034943850254987315,4.482684424816301
vggss,C0,12345,best,3298,_U8kAFAm8tQ_000030,0.9886734693877551,0.3656122448979592,0.13295984999424137,0.018755078887298538,7.089271700386474
vggss,C0,12345,best,3299,_UmY2aYt1YQ_000030,0.9915306122448979,0.8919387755102041,0.16329911421031199,0.030206361950138764,5.406116581661427
vggss,C0,12345,best,3300,_WJFzZwYgoQ_000000,0.9956122448979592,0.8163265306122449,0.19279918581754452,0.029127415790776177,6.619165503813714
vggss,C0,12345,best,3301,_X69MdLl5rU_000176,0.985,0.6785714285714286,0.16813491584786003,0.022609048022320527,7.436620758285388
vggss,C0,12345,best,3302,_XA3BaNyf4Q_000069,0.9914285714285714,0.7476530612244898,0.14973942994759376,0.034206891213612776,4.377463856990439
vggss,C0,12345,best,3303,_Y-r06UNOoc_000073,0.9878571428571429,0.8229591836734694,0.11189367241143522,0.02870099451974844,3.898599135108157
vggss,C0,12345,best,3304,_Yy8LLBGm60_000049,0.9868367346938776,0.7595918367346939,0.15395161951887387,0.03557902202422836,4.327033480966311
vggss,C0,12345,best,3305,_Zh3mvd4Ci8_000050,0.9938775510204082,0.36214285714285716,0.17142845326652834,0.016667937624124766,10.284922894024211
vggss,C0,12345,best,3306,_Zl_z4n_T9M_000471,0.981326530612245,0.7912244897959184,0.1256501895053277,0.0336026428495533,3.7392948545116607
vggss,C0,12345,best,3307,__2MwJ2uHu0_000004,0.9861224489795918,0.4873469387755102,0.14559653685646287,0.023821731621195757,6.111920794494893
vggss,C0,12345,best,3308,__d25T3IAOg_000325,0.9976530612244898,0.6548979591836734,0.09695170034074772,0.011071555847037128,8.756827105441833
vggss,C0,12345,best,3309,__p-iA312kg_000070,0.9887755102040816,0.7729591836734694,0.13733061621316833,0.028125139943251,4.882842058395611
vggss,C0,12345,best,3310,__uEjp7_UDw_000100,0.990204081632653,0.8153061224489796,0.17971426710249583,0.04316628099854686,4.163302071553157
vggss,C0,12345,best,3311,_aggk5tA7hM_000047,0.9835714285714285,0.8057142857142857,0.15960604123534786,0.04050595745840552,3.9403102963124135
vggss,C0,12345,best,3312,_bAVmK7n0fs_000130,0.9915306122448979,0.575,0.1483557627436489,0.020259660074276698,7.3227172716492595
vggss,C0,12345,best,3313,_bBUW5C5yW4_000053,0.9966326530612245,0.4456122448979592,0.1541548495172121,0.014945495504688653,10.314468962829043
vggss,C0,12345,best,3314,_bIE0Cnyaf4_000056,0.9876530612244898,0.681734693877551,0.14363355625810645,0.024529160166766536,5.855624704701841
vggss,C0,12345,best,3315,_bkX5VkZg8U_000189,0.9892857142857143,0.9222448979591836,0.09449681755568921,0.03340928521582382,2.8284597214588767
vggss,C0,12345,best,3316,_cES7Twcq18_000006,0.9954081632653061,0.9389795918367347,0.185945041024147,0.0510573696303768,3.641884459976532
vggss,C0,12345,best,3317,_cb_U_z_Ct0_000030,0.980204081632653,0.7273469387755102,0.11296434106568232,0.030147980480472705,3.7469952967115328
vggss,C0,12345,best,3318,_dlpgziE7CU_000010,0.9773469387755102,0.8781632653061224,0.07050796186589058,0.028128818130343042,2.5066094685945024
vggss,C0,12345,best,3319,_eBYRnly4m8_000097,0.9787755102040816,0.8793877551020408,0.1700047377700229,0.05904538351982002,2.8792215010841056
vggss,C0,12345,best,3320,_eLVrgvrVBQ_000020,0.99,-0.13642857142857143,0.13201221179350825,0.017802325543466002,7.415447575721969
vggss,C0,12345,best,3321,_fTONy_pqik_000030,0.9857142857142858,0.16877551020408163,0.11997277755315894,0.012522239584875694,9.580776405049903
vggss,C0,12345,best,3322,_fprJMwmYoU_000221,0.981938775510204,0.5006122448979592,0.059294580806054126,0.015140943308184324,3.91617481151276
vggss,C0,12345,best,3323,_gG0KNGD47M_000030,0.9720408163265306,0.4251020408163265,0.07190361447809451,0.013574427257290963,5.296990665994718
vggss,C0,12345,best,3324,_hd1tNgkZz8_000009,0.986734693877551,0.8871428571428571,0.16889052245926256,0.04347848466397069,3.884462022183056
vggss,C0,12345,best,3325,_k2hN2MlHoA_000030,0.986938775510204,-0.7420408163265306,0.15999497000032137,0.028345990359085752,5.644359853845717
vggss,C0,12345,best,3326,_kgVaDLEXMQ_000047,0.9539795918367346,0.013469387755102041,0.07581663788209345,0.020349563838241352,3.7257131644078356
vggss,C0,12345,best,3327,_mB-DrTf79o_000130,0.96,0.05459183673469388,0.08706293346762647,0.01832140200623076,4.751979866934748
vggss,C0,12345,best,3328,_nMkSRVn6G0_000012,0.993265306122449,0.7574489795918368,0.1281642417371938,0.027850087460590714,4.601933186692957
vggss,C0,12345,best,3329,_pa-9nYl1QE_000037,0.9921428571428571,0.7712244897959184,0.08623160337204991,0.01294019544719912,6.6638563323025055
vggss,C0,12345,best,3330,_peXjzFQ2_c_000030,0.9808163265306122,0.1586734693877551,0.08124673888858774,0.013268505349707058,6.123277396152349
vggss,C0,12345,best,3331,_pquL-kF_FM_000229,0.9945918367346939,-0.25357142857142856,0.1570397317177747,0.014212748498592383,11.04921625351548
vggss,C0,12345,best,3332,_qL20ImF8bE_000014,0.975204081632653,-0.17204081632653062,0.11259958624452138,0.02361966030968114,4.7671975281697625
vggss,C0,12345,best,3333,_qL20ImF8bE_000047,0.9927551020408163,0.46448979591836737,0.12123977431356174,0.019534753482356556,6.206363158002652
vggss,C0,12345,best,3334,_r--eecSZRk_000024,0.9937755102040816,0.8317346938775511,0.15234447897361808,0.028783325095378547,5.292803332095864
vggss,C0,12345,best,3335,_rgOfS3NOSY_000108,0.9881632653061224,0.8259183673469388,0.12476559833829856,0.03478394491249741,3.586873158066437
vggss,C0,12345,best,3336,_sQ3jyZ2MnI_000000,0.9841836734693877,-0.04163265306122449,0.13064979339713295,0.020597162791707948,6.343096605991299
vggss,C0,12345,best,3337,_snV8otOVmg_000293,0.9717346938775511,0.6564285714285715,0.09024878512126837,0.022126299804763418,4.078801513022947
vggss,C0,12345,best,3338,_uZaiX3Awog_000002,0.9853061224489796,0.5818367346938775,0.11338445421947481,0.020616269367766518,5.4997561487410085
vggss,C0,12345,best,3339,_uswoJHYy14_000060,0.9792857142857143,0.7940816326530612,0.13643473710773044,0.03728978034896328,3.6587702000643065
vggss,C0,12345,best,3340,_w8u8H6TP_o_000000,0.9853061224489796,0.365,0.14643498259362067,0.017593706391572667,8.323145750787486
vggss,C0,12345,best,3341,_wNC03n2xmg_000211,0.9927551020408163,0.7557142857142857,0.1906998453854019,0.026692584096221755,7.144300630391002
vggss,C0,12345,best,3342,_xXjtC5N1-Q_000030,0.9880612244897959,0.7894897959183673,0.11657893114030751,0.030490145831662117,3.823495360892881
vggss,C0,12345,best,3343,_xsRyM_fXYI_000034,0.9953061224489796,0.893061224489796,0.11817001034836651,0.024401131778214933,4.842808580455576
vggss,C0,12345,best,3344,_yH2zKXrXWg_000000,0.9890816326530613,0.6225510204081632,0.14442078322074614,0.018140999173444406,7.961015919793197
vggss,C0,12345,best,3345,_yL7bluGUFI_000014,0.9938775510204082,0.21918367346938775,0.11291545951454503,0.01009562988188677,11.18458786976076
vggss,C0,12345,best,3346,_yWsqs9FOnU_000010,0.9953061224489796,0.7312244897959184,0.21753985708976556,0.0620701231836087,3.504743440676993
vggss,C0,12345,best,3347,_z72jRCSaeE_000080,0.995,0.7956122448979592,0.1445202785168346,0.01913635896567171,7.552130411855585
vggss,C0,12345,best,3348,a0bjjOHwpjg_000012,0.9947959183673469,0.6560204081632653,0.1743582466893798,0.01850876644548907,9.420306166966311
vggss,C0,12345,best,3349,a1THgU6-Wj0_000440,0.9939795918367347,0.945,0.18076110480415394,0.03667398339975193,4.928864771351144
vggss,C0,12345,best,3350,a23NBJ73THw_000045,0.9783673469387755,-0.17418367346938776,0.10800469761027706,0.0196817230042617,5.487563135955663
vggss,C0,12345,best,3351,a23miUKGq6c_000003,0.9872448979591837,0.4027551020408163,0.14475551065860687,0.020771853188280533,6.9688298557914825
vggss,C0,12345,best,3352,a23miUKGq6c_000042,0.9881632653061224,0.3072448979591837,0.1301523951992738,0.0196415576943554,6.626378478967432
vggss,C0,12345,best,3353,a23vS080B2E_000100,0.9922448979591837,0.5727551020408164,0.11587616775633831,0.012135471765906817,9.548550727288477
vggss,C0,12345,best,3354,a3RfULw7aAY_000000,0.9918367346938776,0.838469387755102,0.1339747436028822,0.025330986058640866,5.288966773450216
vggss,C0,12345,best,3355,a3UQ9Je4xQM_000020,0.993061224489796,-0.5519387755102041,0.19576034652281127,0.017747542782194727,11.03027889129578
vggss,C0,12345,best,3356,a3_gdGLyCAw_000186,0.9617346938775511,0.46744897959183673,0.061841053378640036,0.018645687923024876,3.3166410182310724
vggss,C0,12345,best,3357,a4GXcNNy5ZY_000003,0.9953061224489796,-0.7342857142857143,0.1292120872273419,0.01260735982369293,10.248941018127717
vggss,C0,12345,best,3358,a4HgsaaMErU_000000,0.9920408163265306,0.6619387755102041,0.15285363938844287,0.01983264408003813,7.707174029422153
vggss,C0,12345,best,3359,a59ivTlYoNk_000310,0.9955102040816326,0.1460204081632653,0.16501160226312264,0.016214496671229813,10.176794606021346
vggss,C0,12345,best,3360,a5vTn5286-A_000080,0.990204081632653,0.7243877551020408,0.08599972738018537,0.01834785075663783,4.687182630863325
vggss,C0,12345,best,3361,a6LS3EVuut4_000083,0.9946938775510205,0.6672448979591836,0.16114527487506533,0.02289014960120131,7.039939785566459
vggss,C0,12345,best,3362,a6RbnrOOc-M_000090,0.9943877551020408,0.711530612244898,0.14163363561114956,0.02128242220862701,6.654958454575587
vggss,C0,12345,best,3363,a7-ewvYJgiQ_000121,0.9746938775510204,-0.10306122448979592,0.07127188721142802,0.01290399390565681,5.5232424730287635
vggss,C0,12345,best,3364,a8cRcNvRJgg_000064,0.9914285714285714,0.16010204081632654,0.12539656918297695,0.015625721152197132,8.025010043478535
vggss,C0,12345,best,3365,a9lp5Gre6Mw_000009,0.9855102040816327,0.726530612244898,0.12657860196536685,0.03773274076692733,3.35460927016234
vggss,C0,12345,best,3366,aALMH6QHOVg_000017,0.9837755102040816,-0.8063265306122449,0.118823208735129,0.03415888014532793,3.4785452049247287
vggss,C0,12345,best,3367,aAnCOKxPgaA_000140,0.9955102040816326,0.5109183673469387,0.14036363833347695,0.01480707542400205,9.479497761316834
vggss,C0,12345,best,3368,aBI4otPGdKU_000390,0.9948979591836735,-0.6001020408163266,0.16407503691988606,0.01951780207125647,8.406430002767399
vggss,C0,12345,best,3369,aBXntqgPo6Q_000040,0.9922448979591837,0.6722448979591836,0.1652119079674602,0.01933025262764302,8.546805422046097
vggss,C0,12345,best,3370,aBdr7mO5nyw_000288,0.9890816326530613,0.4216326530612245,0.10056185871772663,0.017560318533424296,5.726653450295749
vggss,C0,12345,best,3371,aCUZuMblJPg_000080,0.9914285714285714,0.8307142857142857,0.1961953410040012,0.045264000890767805,4.334467504926589
vggss,C0,12345,best,3372,aDclY0lRUu8_000129,0.9956122448979592,0.8185714285714286,0.181165255322354,0.029671732069579848,6.105651496768834
vggss,C0,12345,best,3373,aDsnFA2GDQw_000153,0.9935714285714285,0.9353061224489796,0.1368198459901986,0.032370547533196264,4.226676915176943
vggss,C0,12345,best,3374,aE-_vO4AagE_000070,0.9787755102040816,-0.16387755102040816,0.10345241190504462,0.018096826130305728,5.716605285376463
vggss,C0,12345,best,3375,aESAKt3teu0_000030,0.9821428571428571,0.32877551020408163,0.09815005045700098,0.013998705962424926,7.011365959143193
vggss,C0,12345,best,3376,aEYwqY-Zt_k_000011,0.9976530612244898,0.7426530612244898,0.1802631008655682,0.01418417520134802,12.708747481378865
vggss,C0,12345,best,3377,aFKE_xiCSLY_000099,0.9874489795918368,0.786530612244898,0.1703300904524333,0.05153802176638316,3.3049404035048733
vggss,C0,12345,best,3378,aFKTFN8p-pw_000053,0.9780612244897959,0.5953061224489796,0.1741390232586394,0.05308914145178669,3.28012505941135
vggss,C0,12345,best,3379,aFfXpjfI2nk_000090,0.9955102040816326,0.7795918367346939,0.17849518827714297,0.015897301012403494,11.228018399970933
vggss,C0,12345,best,3380,aHx50zHbHbE_000013,0.9896938775510205,0.9076530612244897,0.1771596104318019,0.041936314829766515,4.224491616656157
vggss,C0,12345,best,3381,aIKqoPShvNs_000070,0.8788775510204082,0.27408163265306124,0.05228780505181344,0.02117325717356514,2.4695210861130468
vggss,C0,12345,best,3382,aJBHU0__eZI_000413,0.9965306122448979,0.7765306122448979,0.18646088177858147,0.024652582556131643,7.563543549809735
vggss,C0,12345,best,3383,aJNiSRqdCco_000011,0.9910204081632653,-0.2286734693877551,0.11576450534560488,0.010199447765879638,11.350075808307345
vggss,C0,12345,best,3384,aKZ3NJi8GVU_000000,0.9874489795918368,0.8507142857142858,0.13451934595509973,0.029251785554199383,4.598671274471591
vggss,C0,12345,best,3385,aKdPOb-VW7g_000437,0.9903061224489796,-0.09214285714285714,0.15869125871211545,0.018907434600034575,8.393061357558537
vggss,C0,12345,best,3386,aKiYt30HO0k_000004,0.9776530612244898,0.2618367346938775,0.1706764957657702,0.015692615680602824,10.876229893066096
vggss,C0,12345,best,3387,aLL-B4ul-Dg_000620,0.9940816326530613,0.7804081632653062,0.1418214923584036,0.020223201141514657,7.012811244173859
vggss,C0,12345,best,3388,aN4VaaPbptE_000137,0.9790816326530613,0.6541836734693878,0.06469471817409762,0.01672217502659971,3.8687980523579446
vggss,C0,12345,best,3389,aNKWalYyU0g_000012,0.9946938775510205,0.914795918367347,0.16572845557039226,0.03992451881980061,4.151044532769649
vggss,C0,12345,best,3390,aNkOcOCm32s_000010,0.9958163265306123,0.7305102040816327,0.16053341376541827,0.020286314297385404,7.9133849260192415
vggss,C0,12345,best,3391,aNmPy_PCO1I_000080,0.9716326530612245,0.2753061224489796,0.08116785617074855,0.01828990077914052,4.43785109339247
vggss,C0,12345,best,3392,aO5LRQS08E4_000087,0.9911224489795918,-0.5919387755102041,0.11636868648148367,0.015327783334703506,7.592010138740303
vggss,C0,12345,best,3393,aOOqSWgmRJM_000033,0.9807142857142858,0.7687755102040816,0.12665556351500024,0.04272757946863558,2.9642578655309144
vggss,C0,12345,best,3394,aP3YC0i0yyY_000082,0.9875510204081632,0.8404081632653061,0.14922816595677973,0.03021949247422824,4.938142693297856
vggss,C0,12345,best,3395,aPGfndmW1zM_000263,0.9911224489795918,0.6854081632653061,0.1072915973769205,0.01264954062393221,8.481857212579792
vggss,C0,12345,best,3396,aPRH3YE7Lpo_000253,0.9926530612244898,0.4153061224489796,0.155808956420664,0.011476095288770112,13.576826655764199
vggss,C0,12345,best,3397,aS4pa9XV7yA_000030,0.9946938775510205,0.5372448979591836,0.14483156638385491,0.013612518063406274,10.63958671784591
vggss,C0,12345,best,3398,aS5eOryeLbM_000210,0.9764285714285714,0.4026530612244898,0.11788138900026925,0.02464427372436285,4.783317630648373
vggss,C0,12345,best,3399,aSDoEYTHGUA_000030,0.9920408163265306,0.34377551020408165,0.1082674114630428,0.012832126062581795,8.437215386992516
vggss,C0,12345,best,3400,aSJKZRwMsxE_000050,0.9893877551020408,0.9042857142857142,0.12416624490962348,0.025865972742342737,4.80037020631212
vggss,C0,12345,best,3401,aTdpU4HGxXA_000109,0.993061224489796,0.33979591836734696,0.1357691781449446,0.014884421753143981,9.121562153818074
vggss,C0,12345,best,3402,aU3PT6cU-5g_000395,0.9944897959183674,0.8178571428571428,0.09123802366731654,0.021721247131930688,4.200404475542048
vggss,C0,12345,best,3403,aU8dxXh2yqk_000390,0.9964285714285714,0.9205102040816326,0.15238918611979313,0.03437335446824046,4.433352184483314
vggss,C0,12345,best,3404,aUG81LArlcM_000049,0.9809183673469388,-0.041428571428571426,0.10013485919925719,0.01745943838364287,5.735285236498213
vggss,C0,12345,best,3405,aUfDxRelPHg_000022,0.9668367346938775,0.34622448979591836,0.10279299277116338,0.027475282185358732,3.741289791954916
vggss,C0,12345,best,3406,aW3_8p1ElDw_000030,0.9837755102040816,0.7177551020408163,0.15291198278654425,0.015666777718685816,9.760270141840696
vggss,C0,12345,best,3407,aWJDNhMn408_000025,0.9766326530612245,0.7394897959183674,0.1541207530564041,0.0432840751473798,3.560680285569964
vggss,C0,12345,best,3408,aWgRtDIA2U4_000029,0.995,0.7138775510204082,0.14637582200460203,0.024310014092861595,6.021215020503995
vggss,C0,12345,best,3409,aXV-yaFmQNk_000070,0.9875510204081632,0.5138775510204082,0.10580369597864021,0.015329196324309999,6.902103263616638
vggss,C0,12345,best,3410,aZ2SllViDNM_000165,0.9857142857142858,-0.22428571428571428,0.10791473780361241,0.012903130373599792,8.363454036270868
vggss,C0,12345,best,3411,aZNrJFxR9HU_000013,0.9921428571428571,0.8313265306122449,0.13495665170498553,0.02501472618204974,5.395088106214361
vggss,C0,12345,best,3412,aZfszZqR7i4_000120,0.9914285714285714,0.095,0.14737217082788948,0.014398632319893705,10.235150641653263
vggss,C0,12345,best,3413,aZj3L_Pjz8A_000100,0.9923469387755102,0.2436734693877551,0.10463223870494301,0.01492524770575913,7.010418906787663
vggss,C0,12345,best,3414,aZxm-nYkpNs_000003,0.9918367346938776,0.676734693877551,0.10810332047467475,0.019324755404688206,5.594033052984917
vggss,C0,12345,best,3415,a_HZ5bMXveM_000033,0.9866326530612245,0.4175510204081633,0.1871590858620125,0.02409400872875363,7.767868268374041
vggss,C0,12345,best,3416,a_HzXa0YVIo_000170,0.9923469387755102,0.9186734693877551,0.12993802276078517,0.030640587933761912,4.240715714779432
vggss,C0,12345,best,3417,aa09xLmz7sY_000023,0.9939795918367347,0.16489795918367348,0.1909694308071084,0.016419301163863406,11.630789209677541
vggss,C0,12345,best,3418,aajx_w7vgjA_000003,0.9895918367346939,0.8621428571428571,0.1463484030839454,0.03339660311634777,4.3821343917551685
vggss,C0,12345,best,3419,acepdtp7F7Y_000348,0.9915306122448979,0.3836734693877551,0.2012101252250559,0.02048780426160681,9.820970693385346
vggss,C0,12345,best,3420,ad6gQQ_0evk_000030,0.9888775510204082,0.838469387755102,0.1749575380455797,0.05066525163163804,3.4532057457764016
vggss,C0,12345,best,3421,agkVG4i1-5k_000134,0.988265306122449,0.5466326530612244,0.1350923038152079,0.012968853950137074,10.416672462702847
vggss,C0,12345,best,3422,ai3XR_nPrpI_000101,0.9952040816326531,0.9243877551020409,0.16907080792872212,0.046959412054126334,3.600360407703738
vggss,C0,12345,best,3423,ai3XR_nPrpI_000150,0.9837755102040816,0.89,0.16054157068612154,0.046340839467550535,3.464364748906595
vggss,C0,12345,best,3424,aidxQEWjcjI_000070,0.9878571428571429,0.4801020408163265,0.1440164406541665,0.01746051543655957,8.248120805908098
vggss,C0,12345,best,3425,al7bGtNVe4E_000161,0.9883673469387755,0.7642857142857142,0.1275865811318387,0.031525077367049584,4.047145694404984
vggss,C0,12345,best,3426,alMbWx4lVL4_000030,0.9776530612244898,0.5258163265306123,0.11189146855062031,0.027012760950148942,4.142170759853534
vggss,C0,12345,best,3427,amEW4O2Z350_000035,0.9670408163265306,0.18653061224489795,0.07384887091889018,0.01333301177793809,5.538798896216883
vggss,C0,12345,best,3428,amHGECYhLoY_000055,0.9914285714285714,0.291734693877551,0.14546801535853074,0.011694683574207634,12.438815846147152
vggss,C0,12345,best,3429,amZFmEB9Opg_000032,0.9941836734693877,-0.6109183673469388,0.1709365348806019,0.013791982132735544,12.393906346128496
vggss,C0,12345,best,3430,amniAzV2-jM_000030,0.9887755102040816,-0.26887755102040817,0.1131993114221251,0.016606855039036198,6.8164207585384435
vggss,C0,12345,best,3431,an8sNYncBao_000450,0.9907142857142858,-0.6536734693877551,0.12136869763087949,0.017766708281755285,6.8312427775669375
vggss,C0,12345,best,3432,aouKweCzxj8_000290,0.9764285714285714,0.7711224489795918,0.10705163777307802,0.026049495883052116,4.109547388313421
vggss,C0,12345,best,3433,apZT-WEJ--A_000175,0.9748979591836735,-0.06418367346938776,0.08504332340762681,0.01754406479903632,4.847412750795252
vggss,C0,12345,best,3434,apiwldD6mRo_000020,0.9915306122448979,0.571734693877551,0.18030051132153174,0.02269096427528526,7.94591667124138
vggss,C0,12345,best,3435,aqhhfkXKJ1o_000010,0.99,0.9140816326530612,0.2010286730776106,0.06979587518742951,2.8802371563902476
vggss,C0,12345,best,3436,aridgcppt0g_000038,0.9953061224489796,0.2463265306122449,0.18006022612507225,0.022603693467125253,7.9659647830099685
vggss,C0,12345,best,3437,as7MhTe961k_000170,0.971530612244898,0.7925510204081633,0.11233651864439279,0.038859721459383954,2.890821509408052
vggss,C0,12345,best,3438,asrePkOXpU0_000049,0.9856122448979592,0.5994897959183674,0.09988780655745863,0.012543802586206292,7.963120104209834
vggss,C0,12345,best,3439,auC_LgwFF8g_000030,0.986734693877551,-0.6570408163265307,0.12297733358284511,0.021851904907355925,5.627762618601169
vggss,C0,12345,best,3440,avMMHoVQdTI_000039,0.9814285714285714,0.908469387755102,0.15336605409447215,0.04389063935883624,3.4942770562214625
vggss,C0,12345,best,3441,avtZJKydB-E_000079,0.9914285714285714,0.8142857142857143,0.12625342144514434,0.026990581303430485,4.677684412417513
vggss,C0,12345,best,3442,awQP-69K3rY_000420,0.986938775510204,0.8071428571428572,0.1435482412735842,0.037585750936907865,3.8192197227759777
vggss,C0,12345,best,3443,awfbE0KxEjE_000380,0.9779591836734693,0.7555102040816326,0.13240719982137947,0.04920557118915566,2.6908985430202765
vggss,C0,12345,best,3444,awn0pAyJJYk_000030,0.9872448979591837,-0.012346938775510205,0.1538150996792214,0.022186554620582645,6.932806932380835
vggss,C0,12345,best,3445,axSlCt0ZHVI_000151,0.9944897959183674,0.6828571428571428,0.16532755773142205,0.022833209595066118,7.240662204894165
vggss,C0,12345,best,3446,b-5nX20MGoE_000058,0.9907142857142858,-0.10989795918367347,0.11994884646133032,0.013208762703778012,9.081005477297444
vggss,C0,12345,best,3447,b0KSxH37gVE_000100,0.9472448979591837,-0.271734693877551,0.0774211090434435,0.021365948771860425,3.6235745891803948
vggss,C0,12345,best,3448,b2kGVB2Pz0Y_000249,0.9838775510204082,0.3693877551020408,0.12652472316163949,0.02301725438199207,5.496951159414921
vggss,C0,12345,best,3449,b2yU1j1P7n4_000058,0.9787755102040816,-0.14989795918367346,0.09744144287245472,0.01800206641115905,5.412792101025309
vggss,C0,12345,best,3450,b4glNhNvMYU_000340,0.9881632653061224,0.5745918367346938,0.15918507399496587,0.028876296425139673,5.512655489170679
vggss,C0,12345,best,3451,b6867WvTgOk_000080,0.9883673469387755,-0.45163265306122446,0.16413490713957526,0.023899934522345963,6.867588151177251
vggss,C0,12345,best,3452,b6x51a8ipG0_000469,0.981326530612245,0.04336734693877551,0.07456979755886799,0.007671513842876111,9.720349736201634
vggss,C0,12345,best,3453,b7-9-67LlGw_000106,0.9714285714285714,0.3063265306122449,0.08925363825754715,0.018103030603534832,4.9303147197972095
vggss,C0,12345,best,3454,b71sYw2hZB0_000030,0.9906122448979592,0.052653061224489796,0.190994577593509,0.030472409657592493,6.267787147115911
vggss,C0,12345,best,3455,b7fP0ON5qIU_000008,0.9955102040816326,0.8642857142857143,0.15576720416946277,0.027476265247056604,5.669154914936969
vggss,C0,12345,best,3456,bA8mt0JI0Ko_000030,0.9897959183673469,0.7985714285714286,0.16831475310203423,0.020095708123417218,8.375656735673806
vggss,C0,12345,best,3457,bBfi3iEu9fk_000160,0.961530612244898,0.6969387755102041,0.17829722975421422,0.05161394058342153,3.4544393963882607
vggss,C0,12345,best,3458,bC1qDfkRyEs_000087,0.9708163265306122,-0.5156122448979592,0.09452845648332818,0.020268739756703916,4.663755991640415
vggss,C0,12345,best,3459,bD5MT2FoOJg_000030,0.9916326530612245,0.18979591836734694,0.1468967214464429,0.015139667252570002,9.70277080703387
vggss,C0,12345,best,3460,bDpowdWB7lk_000021,0.9824489795918367,0.4689795918367347,0.10508343393178585,0.015903433657066375,6.607594070422277
vggss,C0,12345,best,3461,bE2g05K-B94_000049,0.9912244897959184,0.7541836734693877,0.24740032421180763,0.027953400320151697,8.850455450081897
vggss,C0,12345,best,3462,bFTkrENAIzk_000237,0.9877551020408163,-0.4293877551020408,0.11190940911587341,0.011672358458491685,9.587557605760376
vggss,C0,12345,best,3463,bGk6gbxWzCQ_000030,0.9934693877551021,0.9003061224489796,0.13173108557459334,0.03877279079584384,3.3975136396091963
vggss,C0,12345,best,3464,bHYb3-Qpmcc_000020,0.9962244897959184,0.8860204081632653,0.18621371180730883,0.021972085961551098,8.475012892866147
vggss,C0,12345,best,3465,bHmbZDvqpyo_000020,0.9939795918367347,-0.6247959183673469,0.155457433360024,0.018709399083839555,8.30905539314205
vggss,C0,12345,best,3466,bJGv9bWBwYI_000001,0.9943877551020408,-0.8478571428571429,0.11659468635781246,0.019091206574797754,6.107245547891602
vggss,C0,12345,best,3467,bLT5nbwpVOw_000000,0.9938775510204082,0.9707142857142858,0.15543087505763079,0.05450220255255265,2.851827408401701
vggss,C0,12345,best,3468,bM5Ha8d-DoM_000009,0.9795918367346939,0.5271428571428571,0.08078191459967397,0.017122651658578278,4.7178390479726335
vggss,C0,12345,best,3469,bNvp4y9WSGM_000030,0.9933673469387755,0.5975510204081632,0.13840310822686483,0.0190876129664078,7.250938525966542
vggss,C0,12345,best,3470,bOD-pt3NWYc_000018,0.9958163265306123,0.6728571428571428,0.15266634833147877,0.021902222428691217,6.970358776536334
vggss,C0,12345,best,3471,bPzCbrmKoVY_000019,0.9946938775510205,0.4325510204081633,0.09957211500194117,0.009417879667661845,10.572668001253165
vggss,C0,12345,best,3472,bRCzdN1jfk0_000000,0.9776530612244898,-0.15040816326530612,0.11774825999722487,0.021680604189237396,5.431041449281982
vggss,C0,12345,best,3473,bSItOIS0k5w_000008,0.9886734693877551,0.4691836734693878,0.14214374684826947,0.023051296220196835,6.166410144160461
vggss,C0,12345,best,3474,bSpAlQLisrI_000030,0.9791836734693877,0.6692857142857143,0.11385771458183307,0.03304814058863714,3.44520788624884
vggss,C0,12345,best,3475,bVR288WbDXc_000030,0.9926530612244898,0.8405102040816327,0.17835689950359337,0.03142450548382909,5.675726531174055
vggss,C0,12345,best,3476,bVg-KMzzrVA_000137,0.9960204081632653,0.8460204081632653,0.16850229579646087,0.02881886732848665,5.846943735706817
vggss,C0,12345,best,3477,bWKYTH7OYXk_000220,0.9662244897959184,0.2633673469387755,0.07646277163217684,0.016653889568901695,4.591286096610011
vggss,C0,12345,best,3478,bWyrxAZCOhA_000020,0.9933673469387755,0.2076530612244898,0.21409143369919328,0.016019580897063526,13.36435922230883
vggss,C0,12345,best,3479,bXTlmnjGx0Y_000049,0.991734693877551,0.311530612244898,0.08800477508455037,0.01047577046349983,8.400792609114598
vggss,C0,12345,best,3480,bXTlmnjGx0Y_000107,0.9872448979591837,0.8615306122448979,0.11629707044290306,0.028968684013100623,4.014578998145362
vggss,C0,12345,best,3481,bXZduPL_O60_001056,0.9957142857142857,0.28469387755102044,0.15147943145593673,0.013725088204221188,11.036681819600169
vggss,C0,12345,best,3482,bY2cN3BgPsU_000070,0.9821428571428571,-0.6308163265306123,0.13332076231923198,0.028022636416323927,4.757609538892961
vggss,C0,12345,best,3483,bZOJYhzt5_U_000240,0.9909183673469387,0.9588775510204082,0.1388855476602543,0.07127440635440799,1.9486033593833627
vggss,C0,12345,best,3484,ba6ArmDZjW4_000314,0.9857142857142858,0.42551020408163265,0.059052301801622464,0.010661815517392337,5.53867225570467
vggss,C0,12345,best,3485,baayJxbQepY_000188,0.9848979591836735,0.8810204081632653,0.14562463479042775,0.05713564804601479,2.5487526574153394
vggss,C0,12345,best,3486,bcBixpb5TdI_000098,0.9924489795918368,0.8413265306122449,0.15733426293508315,0.03112650758901484,5.054671247172282
vggss,C0,12345,best,3487,bcBixpb5TdI_000113,0.9877551020408163,0.8598979591836735,0.15080593305914153,0.02855807365764739,5.280675961095791
vggss,C0,12345,best,3488,bf_I0tRLfh4_000030,0.9853061224489796,0.8861224489795918,0.16592079839399673,0.04480539428831559,3.7031433609605746
vggss,C0,12345,best,3489,bgl8r_eRI1I_000000,0.9926530612244898,0.27316326530612245,0.13188888504026192,0.013464926976239959,9.794994452847117
vggss,C0,12345,best,3490,bhA-HX-Z8h8_000200,0.9798979591836735,0.7233673469387755,0.09991571305061797,0.022454331899165517,4.449729945175131
vggss,C0,12345,best,3491,bizmBpWUwFk_000130,0.9965306122448979,0.32785714285714285,0.15707803580102453,0.00976631944281273,16.083647142693252
vggss,C0,12345,best,3492,bjSuO7h7YTQ_000041,0.9885714285714285,0.636734693877551,0.13368954900016597,0.02048099468398483,6.527492978878847
vggss,C0,12345,best,3493,bkCqeOhqCFU_000000,0.9851020408163266,0.7198979591836735,0.12112299664812955,0.03173398977399254,3.8168221995015386
vggss,C0,12345,best,3494,bkFvzo2HSrU_000032,0.9733673469387755,0.6544897959183673,0.1661326335484122,0.056998575121615665,2.9146804669053816
vggss,C0,12345,best,3495,bkH3khklMuk_000110,0.998061224489796,0.6727551020408163,0.21322547088944763,0.021390111141758934,9.968413416664175
vggss,C0,12345,best,3496,bkIBHUh7LrE_000126,0.9953061224489796,0.6603061224489796,0.12004763160669897,0.016903478926951123,7.101948192173239
vggss,C0,12345,best,3497,bkzGHRpx5MM_000030,0.9937755102040816,0.445,0.17769561494776565,0.02268470873563828,7.833277341956836
vggss,C0,12345,best,3498,bl5PHVntD70_000009,0.9956122448979592,0.801530612244898,0.150215867539612,0.016096858787133152,9.331998840648675
vggss,C0,12345,best,3499,blRJgHaFyNM_000024,0.993061224489796,0.921530612244898,0.13351972543827986,0.03383419167499344,3.9462957094069764
vggss,C0,12345,best,3500,blT66g8x458_000180,0.9904081632653061,0.8369387755102041,0.1625355319115235,0.044227237060276745,3.67500985173471
vggss,C0,12345,best,3501,blYYW-EUGDA_000030,0.9814285714285714,0.5737755102040817,0.11743860248139941,0.024220902467986444,4.848646851066835
vggss,C0,12345,best,3502,bln5A2hopKQ_000092,0.9944897959183674,-0.5444897959183673,0.18693441950845877,0.023756695850921265,7.868704498366072
vggss,C0,12345,best,3503,bmKtI808DsU_000009,0.9856122448979592,-0.1963265306122449,0.11352634116226691,0.017218314244264257,6.593348196097923
vggss,C0,12345,best,3504,bmefVbk2-lM_000114,0.981326530612245,0.6076530612244898,0.10665806177411144,0.025083003570146954,4.25220454463646
vggss,C0,12345,best,3505,bn1TUcXPHfA_000223,0.9878571428571429,0.425,0.14299101025545155,0.026492391327611043,5.39743688998066
vggss,C0,12345,best,3506,bnFZy6N2TS0_000327,0.9890816326530613,-0.7275510204081632,0.13456499682698506,0.020880621228930488,6.44449201734203
vggss,C0,12345,best,3507,bnjo2Bx3_RE_000071,0.9906122448979592,0.466734693877551,0.11309861191573704,0.01588807742180128,7.118458005532221
vggss,C0,12345,best,3508,boPZxCznYbc_000030,0.990204081632653,0.18653061224489795,0.10306945648100695,0.012503021371211015,8.243563969132357
vggss,C0,12345,best,3509,bp-XBkdA4rM_000385,0.9961224489795918,-0.42642857142857143,0.1288282938368528,0.010635290962854817,12.11328343406898
vggss,C0,12345,best,3510,bppgcyxMKvQ_000620,0.9872448979591837,-0.4460204081632653,0.14195664647361494,0.01739203409821075,8.162164682520896
vggss,C0,12345,best,3511,bpxK2ub-qCs_000030,0.9836734693877551,0.38,0.10853933005753606,0.01686503491770327,6.43576076700571
vggss,C0,12345,best,3512,bq6C0_tAbJM_000030,0.9748979591836735,0.030714285714285715,0.12336282162365995,0.022278747386603147,5.537242264250528
vggss,C0,12345,best,3513,bqMgL5qmZ-k_000030,0.9931632653061224,0.8777551020408163,0.12861798065853314,0.03595484970915938,3.5772081290543714
vggss,C0,12345,best,3514,brfMnl3U64M_000004,0.981938775510204,0.5888775510204082,0.1512804989912483,0.03543425085557982,4.269329683526418
vggss,C0,12345,best,3515,brpJxppIbDI_000140,0.9922448979591837,0.1543877551020408,0.14061883586527035,0.011591802575989437,12.130886024278896
vggss,C0,12345,best,3516,bsi2kUrwjf8_000030,0.9831632653061224,0.7131632653061224,0.16902814393573154,0.04818502465252336,3.507897840763683
vggss,C0,12345,best,3517,bt6HajgJ9Ls_000420,0.9836734693877551,0.3626530612244898,0.1686593437896703,0.025985081935449166,6.490621973355533
vggss,C0,12345,best,3518,btzP6UEH1pI_000412,0.9708163265306122,0.05234693877551021,0.08778224995459691,0.02037268114116254,4.3088216688983
vggss,C0,12345,best,3519,bu2JMRlDl94_000150,0.9779591836734693,0.8889795918367347,0.08187741431585664,0.030733506357190903,2.6641091115429885
vggss,C0,12345,best,3520,bvsXA4ba8_4_000030,0.996734693877551,0.7809183673469388,0.19977533646638768,0.02116616632425696,9.438427980103326
vggss,C0,12345,best,3521,bwvpRZ11cYk_000105,0.9910204081632653,-0.34806122448979593,0.09366295985462408,0.012781784107322747,7.3278471196336445
vggss,C0,12345,best,3522,bxKdKUZP41Y_000030,0.9876530612244898,0.8507142857142858,0.19129451988158783,0.045073889731617654,4.244020674066695
vggss,C0,12345,best,3523,bz20Ve-c1xI_000030,0.9888775510204082,-0.3209183673469388,0.130950167478645,0.019790603090134373,6.616785091502528
vggss,C0,12345,best,3524,bzHZ7yvmVMk_000138,0.983265306122449,0.14622448979591837,0.10321374741355666,0.016960215357594118,6.085638963737662
vggss,C0,12345,best,3525,bzRimnuUqVc_000017,0.9911224489795918,0.878061224489796,0.19113047096996072,0.024762068027081693,7.718679666049129
vggss,C0,12345,best,3526,c-8SLUH5pp4_000030,0.9781632653061224,0.39540816326530615,0.16222823618199642,0.03378842575288848,4.80129608193208
vggss,C0,12345,best,3527,c-_S5Tt-gbw_000490,0.9956122448979592,0.8230612244897959,0.17010703279217093,0.03171361355449936,5.363848950856534
vggss,C0,12345,best,3528,c-qYpm6h0Ew_000220,0.9886734693877551,0.8509183673469388,0.11033017245282802,0.031408902982358496,3.512703787037624
vggss,C0,12345,best,3529,c25HvZPRCsA_000330,0.9952040816326531,0.06326530612244897,0.17934454818782714,0.01083282821017772,16.555653307538684
vggss,C0,12345,best,3530,c3AJOT4VwSE_000510,0.981326530612245,0.26479591836734695,0.07612325526958087,0.015397954907291444,4.943725041923196
vggss,C0,12345,best,3531,c3LAEOrcrrc_000150,0.9721428571428572,0.49551020408163265,0.11044519649243148,0.028149263444794917,3.92355546741149
vggss,C0,12345,best,3532,c3OHPJY7nhA_000022,0.9875510204081632,0.37387755102040815,0.14913543629349685,0.02322446327611266,6.421480424345863
vggss,C0,12345,best,3533,c3S3FoxyI1c_000040,0.9956122448979592,0.21867346938775512,0.18579086106636378,0.012893376876476459,14.409790611591683
vggss,C0,12345,best,3534,c40hgtfiYm0_000010,0.9928571428571429,0.06489795918367347,0.1014652963343047,0.010773598997252791,9.417957393827058
vggss,C0,12345,best,3535,c4r8Kd6Q1n8_000008,0.9944897959183674,0.9151020408163265,0.1787889230008906,0.03514194701604214,5.087621437687396
vggss,C0,12345,best,3536,c5D90N1qrD0_000030,0.9944897959183674,0.7678571428571429,0.13829678096804504,0.019475657686292558,7.101006969607075
vggss,C0,12345,best,3537,c5OHWKb2Z8E_000167,0.923469387755102,0.5224489795918368,0.050462297993361785,0.016828103555001243,2.9986919101388936
vggss,C0,12345,best,3538,c8AulW4IZVs_000030,0.9888775510204082,0.7131632653061224,0.19379794869179634,0.0335660451297865,5.773630701575269
vggss,C0,12345,best,3539,c8lfu6yJ0K4_000003,0.9865306122448979,-0.1463265306122449,0.10489815185315508,0.019135350691275574,5.481903809632375
vggss,C0,12345,best,3540,cBF73TX0xZk_000030,0.9360204081632653,0.6989795918367347,0.05749462498887829,0.02064512423722793,2.7849008961254977
vggss,C0,12345,best,3541,cCVd_I1M_fs_000030,0.9798979591836735,-0.3892857142857143,0.11817629354307264,0.01787325403901217,6.611907002783478
vggss,C0,12345,best,3542,cD7zMUwX7T4_000038,0.9934693877551021,0.7651020408163265,0.19872920473215439,0.053514726071866366,3.71354240822004
vggss,C0,12345,best,3543,cE5Yihyqup4_000070,0.9931632653061224,0.5388775510204081,0.12353446436060342,0.013246178911736971,9.32604528322835
vggss,C0,12345,best,3544,cEEoKQ38fHY_000030,0.9863265306122448,-0.2996938775510204,0.1317717405491069,0.015042908383387054,8.75972499404648
vggss,C0,12345,best,3545,cEjYmO5-dLk_000010,0.9886734693877551,0.755,0.14710755093584382,0.04624856100867604,3.1808027693715064
vggss,C0,12345,best,3546,cG6OF9vcGPE_000081,0.9904081632653061,-0.3116326530612245,0.11137364747317158,0.01651437745518161,6.744041534440439
vggss,C0,12345,best,3547,cGUhG5PZp0A_000030,0.9903061224489796,0.23530612244897958,0.13181909479308196,0.01713604357244565,7.692504645882432
vggss,C0,12345,best,3548,cGzNyfp3mW4_000030,0.9945918367346939,0.8454081632653061,0.1396616324905198,0.026323105708734893,5.305666969387103
vggss,C0,12345,best,3549,cIS8PcMk0Uw_000030,0.9940816326530613,-0.7091836734693877,0.12059683862196206,0.01971779012406493,6.116143739392858
vggss,C0,12345,best,3550,cIriwVhRPVA_000031,0.9929591836734694,0.3010204081632653,0.1270323992336286,0.015015597790747083,8.46002943098999
vggss,C0,12345,best,3551,cK5aT07gOis_000151,0.9689795918367347,0.8911224489795918,0.09841439993041477,0.05481515166542616,1.7953868034718619
vggss,C0,12345,best,3552,cK9JgR-LGfU_000046,0.9895918367346939,0.6694897959183673,0.0925209961639367,0.010702785208150748,8.64457189082679
vggss,C0,12345,best,3553,cN5WLE0XTsE_000185,0.9751020408163266,0.6504081632653061,0.1384920704373927,0.03252691542145544,4.257768332561913
vggss,C0,12345,best,3554,cONmLYsDHl0_000018,0.9934693877551021,0.13969387755102042,0.14437149362466892,0.009337824162621702,15.460935129039198
vggss,C0,12345,best,3555,cOgNXgF21u4_000030,0.9759183673469388,0.7745918367346939,0.20172106970932577,0.05111319758940963,3.9465554733973685
vggss,C0,12345,best,3556,cP6CiaQSYxE_000023,0.9887755102040816,0.7486734693877551,0.1740515569811148,0.03273031936320207,5.31774698100859
vggss,C0,12345,best,3557,cQjxonV53eo_000022,0.9953061224489796,0.7692857142857142,0.1458013590235866,0.014501591815262513,10.054162389961549
vggss,C0,12345,best,3558,cQqDrbtd9Ec_000050,0.9847959183673469,-0.34806122448979593,0.10602949194231895,0.014547507196969768,7.288499019571187
vggss,C0,12345,best,3559,cRCeYK81z_I_000013,0.9924489795918368,0.6928571428571428,0.10454526380593387,0.017985292884608373,5.812819645289326
vggss,C0,12345,best,3560,cRT5SWbyA54_000004,0.9951020408163266,-0.08326530612244898,0.14641827401518792,0.013387840076024862,10.936661416907414
vggss,C0,12345,best,3561,cTrxMjSFgB4_000043,0.9927551020408163,0.8533673469387755,0.1911077214635223,0.047139111432402306,4.054122270369301
vggss,C0,12345,best,3562,cUzDGcBVrlE_000030,0.9916326530612245,0.6544897959183673,0.14897296752649714,0.018627901516624135,7.997302723205236
vggss,C0,12345,best,3563,cVQsteRY8F4_000020,0.9920408163265306,0.8722448979591837,0.14403584449061932,0.03018248403020434,4.772166676091973
vggss,C0,12345,best,3564,cXEJWtj2kT8_000030,0.9861224489795918,0.718469387755102,0.11744582826605095,0.03198497654118167,3.6719060310966847
vggss,C0,12345,best,3565,cY6KAjqmoaY_000030,0.9909183673469387,0.27540816326530615,0.0991150183064982,0.01120119890433666,8.84860800642731
vggss,C0,12345,best,3566,cYM7vTqRUJ0_000198,0.9695918367346938,0.7413265306122448,0.12161669908093584,0.03520557092209635,3.454473138641947
vggss,C0,12345,best,3567,cYS85XxZMuE_000120,0.981734693877551,-0.7294897959183674,0.08829676056642978,0.017483269980253676,5.05035732252352
vggss,C0,12345,best,3568,c_PsOVPaW4w_000001,0.993061224489796,0.675,0.20875525224444824,0.026114074675450953,7.9939746990419955
vggss,C0,12345,best,3569,cagBxHqLuKA_000011,0.9818367346938776,-0.2736734693877551,0.12699843084796414,0.021889421206809753,5.801817674761322
vggss,C0,12345,best,3570,cb2348GeL-8_000172,0.9966326530612245,0.9145918367346939,0.23446986886024523,0.060867637840226356,3.852126962372248
vggss,C0,12345,best,3571,ccCzbG5FcZI_000038,0.9941836734693877,0.7819387755102041,0.16741787711804082,0.022944494306010796,7.296647068581597
vggss,C0,12345,best,3572,cdEytWP8M9U_000057,0.9912244897959184,0.3054081632653061,0.1579326076088274,0.017691042640316276,8.927263973063598
vggss,C0,12345,best,3573,cdIvqn14xgI_000030,0.9943877551020408,0.4764285714285714,0.11640997440246593,0.011659281977663898,9.984317612823558
vggss,C0,12345,best,3574,cdbYsoEasio_000070,0.9871428571428571,-0.0736734693877551,0.1265679113124119,0.017802968692301583,7.109371111074458
vggss,C0,12345,best,3575,ceYRr2xK3XI_000018,0.9893877551020408,0.6741836734693878,0.19185201315036093,0.043346890640178826,4.4259694367219655
vggss,C0,12345,best,3576,ce_9wpa4mQw_000230,0.9896938775510205,-0.524795918367347,0.12990806194939286,0.01599860882957961,8.11995988733768
vggss,C0,12345,best,3577,cef972vNfUE_000030,0.9926530612244898,-0.07479591836734693,0.11021804185682137,0.013120520653229061,8.400432023228884
vggss,C0,12345,best,3578,cfi_mCKjbyw_000040,0.9938775510204082,0.046122448979591835,0.18008132341201274,0.018774041481859842,9.592038218622976
vggss,C0,12345,best,3579,ch4uegReLhc_000030,0.9855102040816327,0.5280612244897959,0.09299119260451996,0.015139133667323985,6.142438176976425
vggss,C0,12345,best,3580,chP180PR-9g_000041,0.9844897959183674,0.5903061224489796,0.14919109271723904,0.027672717513584584,5.3912700349722025
vggss,C0,12345,best,3581,chtrHNfaT9U_000070,0.9607142857142857,0.25010204081632653,0.07692284628813674,0.01902112682815174,4.044074096298491
vggss,C0,12345,best,3582,ciVsS-oZEPc_000103,0.9316326530612244,0.4101020408163265,0.06303827052769867,0.024297148248968066,2.594471988307352
vggss,C0,12345,best,3583,ck5S__5JJvE_000005,0.9906122448979592,0.9256122448979592,0.11356661045341193,0.04048389168212255,2.8052295798321754
vggss,C0,12345,best,3584,ckIK43SCbkw_000036,0.9862244897959184,-0.5137755102040816,0.12017947766984076,0.016713166927846388,7.190706476437183
vggss,C0,12345,best,3585,cmB8l4mQ1XQ_000030,0.9835714285714285,0.851326530612245,0.19461473965775342,0.05971659617607383,3.258972415037415
vggss,C0,12345,best,3586,cocA3THl4S0_000040,0.9888775510204082,0.8826530612244898,0.13256585924340109,0.030064731421124744,4.409347862999859
vggss,C0,12345,best,3587,cocA3THl4S0_000057,0.9815306122448979,0.8576530612244898,0.12533881158687635,0.04194574568584746,2.9881173772806666
vggss,C0,12345,best,3588,corrUpd5ENc_000230,0.9895918367346939,-0.33153061224489794,0.18908221632386563,0.027767129922571052,6.809570051032407
vggss,C0,12345,best,3589,cpxofMBzU8g_000181,0.9861224489795918,0.9241836734693878,0.09334314479035477,0.02133871705455097,4.374355991118369
vggss,C0,12345,best,3590,cq5rnI5NauM_000252,0.9685714285714285,0.6451020408163265,0.06474972736270278,0.016327516980348223,3.9656812141512674
vggss,C0,12345,best,3591,cqalBFm19UA_000221,0.9870408163265306,-0.15908163265306122,0.13796491625301094,0.020040055942510644,6.884457640676951
vggss,C0,12345,best,3592,crToMuDxmL8_000050,0.9865306122448979,0.5237755102040816,0.13842835639669676,0.02217692294936131,6.242000150912887
vggss,C0,12345,best,3593,cur9zG87bAQ_000004,0.9955102040816326,0.2746938775510204,0.1506280197247077,0.011824068899144587,12.73910199691114
vggss,C0,12345,best,3594,cwq3iq632ys_000030,0.9951020408163266,0.29612244897959183,0.1629991407007691,0.016863745903460747,9.665654453873069
vggss,C0,12345,best,3595,cxkCPSXyT-Y_000020,0.9973469387755102,0.7439795918367347,0.18141759699195448,0.014247009148006954,12.733732049111051
vggss,C0,12345,best,3596,cyHNChAtP5g_000010,0.9851020408163266,0.6853061224489796,0.12676366595781619,0.01593196636555344,7.9565612335142974
vggss,C0,12345,best,3597,cyZ9arOPVb8_000030,0.9481632653061225,-0.20683673469387756,0.10696374272399545,0.03334009195464394,3.208261778926991
vggss,C0,12345,best,3598,d-1th_S4J0U_000000,0.9978571428571429,-0.2916326530612245,0.16411984136225236,0.013668712713572458,12.006971307494688
vggss,C0,12345,best,3599,d-4OPdDD7WQ_000026,0.9567346938775511,-0.1466326530612245,0.07832263261095349,0.021507604638148024,3.6416250869719207
vggss,C0,12345,best,3600,d-m8eXCpeDg_000030,0.9846938775510204,0.884795918367347,0.11310003548055876,0.040299087115966074,2.806516067103409
vggss,C0,12345,best,3601,d0Uz_RnRV88_000460,0.991734693877551,0.9479591836734694,0.2387130530220255,0.08481083656493092,2.814652734138137
vggss,C0,12345,best,3602,d16xAFjwcVw_000020,0.9933673469387755,-0.3383673469387755,0.11998866084590985,0.014054127555290143,8.537610063226207
vggss,C0,12345,best,3603,d1QQRXy2pTM_000006,0.9952040816326531,-0.0024489795918367346,0.11622439237420357,0.011604119168416362,10.015787556761618
vggss,C0,12345,best,3604,d1VB1vA-UsI_000220,0.9975510204081632,0.9139795918367347,0.20752936847098102,0.03469033165184967,5.982340282985322
vggss,C0,12345,best,3605,d2nT1ZwZiZw_000051,0.9707142857142858,-0.273265306122449,0.06298610959799099,0.015003800870757884,4.198010233576859
vggss,C0,12345,best,3606,d4G_b-s_Odw_000030,0.9785714285714285,0.3736734693877551,0.10827127082280497,0.021262304208127386,5.0921701506565284
vggss,C0,12345,best,3607,d4riR8ZeH9k_000040,0.9918367346938776,-0.42448979591836733,0.1452009175026559,0.022139717652494107,6.558390661603518
vggss,C0,12345,best,3608,d6np1zhRar0_000240,0.9878571428571429,0.43734693877551023,0.14208347586619904,0.021933052083816528,6.478053091892142
vggss,C0,12345,best,3609,d7Xf7brOPzw_000149,0.9933673469387755,0.6494897959183673,0.1528901449518697,0.01938355639642216,7.887620920797091
vggss,C0,12345,best,3610,d8LvZQyYZpQ_000010,0.9929591836734694,0.9491836734693877,0.12310568195825992,0.023139246394294426,5.320211378561352
vggss,C0,12345,best,3611,d8bhrEHxJsA_000344,0.9966326530612245,0.8752040816326531,0.15110703051273275,0.019773725562140902,7.641808825446872
vggss,C0,12345,best,3612,d8hPjmvBv5I_000251,0.9690816326530612,0.3383673469387755,0.13063523968539698,0.0247741431729199,5.273047740686009
vggss,C0,12345,best,3613,d8ya35A6yzk_000075,0.9787755102040816,0.3280612244897959,0.08636902042733997,0.01521081249418995,5.678133266078338
vggss,C0,12345,best,3614,dBl76lmp-d0_000035,0.9938775510204082,0.7434693877551021,0.16103115403951382,0.020224525267176403,7.962172259284669
vggss,C0,12345,best,3615,dBxAjOGP6os_000069,0.9931632653061224,0.8486734693877551,0.18237213996660645,0.04135737157478479,4.409664662485395
vggss,C0,12345,best,3616,dCcCTlI_neI_000722,0.9933673469387755,-0.18520408163265306,0.12432599181958658,0.010865079836830108,11.442713140325965
vggss,C0,12345,best,3617,dEZKBTNubi8_000365,0.9962244897959184,0.2830612244897959,0.15378905387537078,0.011838280276324678,12.990827238896582
vggss,C0,12345,best,3618,dEalicSMdE8_000155,0.9717346938775511,-0.0163265306122449,0.12698941592437427,0.01807641341936831,7.0251444785119315
vggss,C0,12345,best,3619,dEuEtrdRX9o_000030,0.986938775510204,0.7407142857142858,0.1484178204847712,0.04670317359452251,3.177895827237276
vggss,C0,12345,best,3620,dFKYXLU3hWg_000098,0.9631632653061224,-0.741734693877551,0.18166271335302678,0.03722235433093354,4.8804734847751545
vggss,C0,12345,best,3621,dFcVaitADW8_000130,0.9924489795918368,-0.11193877551020408,0.16045295326026382,0.013590307677062107,11.80642536379646
vggss,C0,12345,best,3622,dGD-Y3XEHgI_000010,0.991734693877551,0.6462244897959184,0.1369959209623646,0.020779312352362213,6.592899641685725
vggss,C0,12345,best,3623,dHebN5DsE2g_000006,0.9931632653061224,0.9396938775510204,0.12190928841696504,0.03253754307932819,3.7467269154202567
vggss,C0,12345,best,3624,dI3xU5LXeoE_000081,0.9912244897959184,0.7271428571428571,0.15127869150378173,0.025610794424201187,5.9068332281340465
vggss,C0,12345,best,3625,dIIiaO12I5Q_000006,0.9974489795918368,0.539795918367347,0.1829740038915642,0.01016507200117947,18.000266389685525
vggss,C0,12345,best,3626,dIloYYVJIO4_000000,0.9855102040816327,0.11959183673469388,0.14600931286087987,0.023660110579271407,6.171117094811824
vggss,C0,12345,best,3627,dIloYYVJIO4_000124,0.9827551020408163,-0.040204081632653065,0.14993892747916063,0.017213511056868625,8.710537146303526
vggss,C0,12345,best,3628,dIzQVYDYtKA_000008,0.9865306122448979,0.5528571428571428,0.12166826185717164,0.019084351862850995,6.375289175736027
vggss,C0,12345,best,3629,dIzQVYDYtKA_000085,0.9796938775510204,0.7240816326530612,0.13153650528560737,0.02970137260495538,4.428633889588719
vggss,C0,12345,best,3630,dL8HIuBPZV4_000000,0.9972448979591837,0.7618367346938776,0.163569555568104,0.013912153982228097,11.75731348122324
vggss,C0,12345,best,3631,dLRlnhW9_Pc_000070,0.9981632653061224,0.8579591836734693,0.15557356956646728,0.02015103071072771,7.720377771229603
vggss,C0,12345,best,3632,dLZEZTNhFwM_000032,0.9835714285714285,0.21663265306122448,0.12195544429979639,0.011248704263938472,10.841732651001044
vggss,C0,12345,best,3633,dMS5TJzMTfs_000081,0.9805102040816327,-0.6927551020408164,0.11527082548312492,0.024171018178446416,4.768968548702399
vggss,C0,12345,best,3634,dMW3YcQPPhk_000412,0.9959183673469387,0.6065306122448979,0.13494381926117838,0.016162472860617987,8.34920623996758
vggss,C0,12345,best,3635,dNK9bD3LNCc_000060,0.9940816326530613,0.8768367346938776,0.17322475427215048,0.05556820169500959,3.117335976120085
vggss,C0,12345,best,3636,dOQfuOw6okA_000381,0.9928571428571429,0.7764285714285715,0.17189000532064996,0.024601325191105496,6.987022202478591
vggss,C0,12345,best,3637,dQpqPwiKva0_000054,0.9648979591836735,0.09051020408163266,0.12156602695556541,0.03175050907536044,3.8287898523776773
vggss,C0,12345,best,3638,dQv6_xbhRss_000110,0.9795918367346939,-0.15071428571428572,0.08061119990154862,0.01525987253487043,5.282560500904806
vggss,C0,12345,best,3639,dU5GJkZ2Ltw_000044,0.970204081632653,0.7720408163265307,0.16569672485386025,0.04164320805836289,3.978961578119451
vggss,C0,12345,best,3640,dUjpH8UAycU_000012,0.9925510204081632,-0.8540816326530613,0.18207634196113484,0.030503376659156985,5.96905529494802
vggss,C0,12345,best,3641,dV_7-zHqOfs_000040,0.9941836734693877,0.8345918367346938,0.1653147739443398,0.027910876006309867,5.922951823760987
vggss,C0,12345,best,3642,dWM_a65_MrQ_000054,0.9923469387755102,0.8257142857142857,0.10977912575208532,0.02212207235375271,4.962425038514205
vggss,C0,12345,best,3643,dYL0n0ZJxkA_000039,0.9971428571428571,0.9126530612244897,0.17039537937654914,0.026785188685872187,6.361552325611354
vggss,C0,12345,best,3644,dYQ-nXyfhho_000030,0.9603061224489796,0.7845918367346939,0.09637330927122079,0.030735842347079895,3.1355349947120246
vggss,C0,12345,best,3645,da-UIZplRqE_000030,0.9829591836734693,0.8770408163265306,0.13374238277891312,0.050229760035548646,2.662612417106131
vggss,C0,12345,best,3646,davLHMXIHDM_000320,0.9976530612244898,-0.8874489795918368,0.19809527424418102,0.020970921793444366,9.446188212198988
vggss,C0,12345,best,3647,ddeSMfFLYTI_000420,0.9842857142857143,0.5922448979591837,0.08529247847100967,0.012042571246665097,7.082580349659911
vggss,C0,12345,best,3648,ddtqWAxjBI8_000031,0.9828571428571429,0.6307142857142857,0.16812338188784867,0.03693470050412369,4.551908627743659
vggss,C0,12345,best,3649,ddtqWAxjBI8_000049,0.9896938775510205,0.6247959183673469,0.2097216385849614,0.023365425485710613,8.975725210449045
vggss,C0,12345,best,3650,ddySWSpptVo_000122,0.9946938775510205,0.9227551020408163,0.1625679578840622,0.028036489529091484,5.798441980954032
vggss,C0,12345,best,3651,deyvkq2LZoY_000006,0.9683673469387755,0.27969387755102043,0.11016584399053919,0.02035964492664512,5.410990436594633
vggss,C0,12345,best,3652,dfwr8wgZU8M_000040,0.9860204081632653,0.8190816326530612,0.1389003911964656,0.042366114950404064,3.278572778246707
vggss,C0,12345,best,3653,djJ4ETLTBWE_000090,0.9812244897959184,0.7456122448979592,0.12551845138313705,0.036159956892718725,3.4712002493678806
vggss,C0,12345,best,3654,dlFXGfbcYvg_000027,0.9914285714285714,0.8255102040816327,0.12600064640783984,0.019364765306688105,6.506696281225901
vggss,C0,12345,best,3655,dm5DJNfGJTs_000032,0.991938775510204,0.7492857142857143,0.14888380018116526,0.027025375422909583,5.5090372604021445
vggss,C0,12345,best,3656,dm5DJNfGJTs_000122,0.9842857142857143,0.7813265306122449,0.1512606446706404,0.03714849636747383,4.071783772198111
vggss,C0,12345,best,3657,dmDn2Tqsyeg_000030,0.9790816326530613,-0.6829591836734694,0.13554457241566353,0.03615578889326282,3.7489037458375187
vggss,C0,12345,best,3658,dmOYEzKEWew_000085,0.985,0.8863265306122449,0.07188196176070173,0.027986679088249415,2.5684348448073764
vggss,C0,12345,best,3659,dmOYEzKEWew_000158,0.9936734693877551,-0.09061224489795919,0.1333728880770942,0.012318138289595418,10.827357587773497
vggss,C0,12345,best,3660,dn7CK_jxV_U_000148,0.9957142857142857,0.9252040816326531,0.13879994074196836,0.04517299438997307,3.072630951663842
vggss,C0,12345,best,3661,dnjPwzmnCbk_000293,0.9838775510204082,0.24540816326530612,0.12092161211717832,0.014689900805107167,8.231615292809744
vggss,C0,12345,best,3662,dpTKSxH3asA_000030,0.9868367346938776,0.5686734693877551,0.18963990651710794,0.025956062452258902,7.306189329214068
vggss,C0,12345,best,3663,dpURejDIKn8_000000,0.9809183673469388,-0.36418367346938774,0.14995306723198554,0.02541816625039594,5.899444741795633
vggss,C0,12345,best,3664,dpeUDViV6oA_000043,0.9704081632653061,0.2785714285714286,0.13712092858910757,0.024480991532894264,5.601118255560152
vggss,C0,12345,best,3665,dq75lff004o_000001,0.9943877551020408,-0.11326530612244898,0.15375944926403565,0.007985190555969676,19.2555767061922
vggss,C0,12345,best,3666,dqu_dkIqqrw_000085,0.9872448979591837,-0.2726530612244898,0.1026895802161955,0.016591537755901463,6.189274419706499
vggss,C0,12345,best,3667,dtGl5xh6g0g_000138,0.9957142857142857,0.9804081632653061,0.12632521991990975,0.04086754434847785,3.0910890765232595
vggss,C0,12345,best,3668,dvUScIfbsOY_000051,0.9939795918367347,0.8430612244897959,0.18354635008153153,0.03124584114945869,5.874264968690444
vggss,C0,12345,best,3669,dwEU1TXu5bw_000174,0.9471428571428572,0.8805102040816326,0.08991264399554363,0.035077691519892984,2.5632429073775587
vggss,C0,12345,best,3670,dweVBqei9LA_000160,0.9654081632653061,-0.5573469387755102,0.12612203142627643,0.031130079681217965,4.051452251899341
vggss,C0,12345,best,3671,dxDbrvoKTD8_000331,0.9908163265306122,-0.3494897959183674,0.1398972009143459,0.01655116814561142,8.452406481740685
vggss,C0,12345,best,3672,dxVMVOPXRUQ_000069,0.9862244897959184,0.8421428571428572,0.17186935970177558,0.04957220500718817,3.467050934628666
vggss,C0,12345,best,3673,dyFoyYMZu-E_000508,0.9823469387755102,0.5895918367346938,0.14769116070160923,0.027943475548634862,5.285354015629043
vggss,C0,12345,best,3674,dyX9ElZE7TQ_000070,0.9709183673469388,0.7509183673469387,0.12767997595756642,0.05082938982967463,2.511932100413013
vggss,C0,12345,best,3675,dzah9kCDVJs_000540,0.9836734693877551,0.2016326530612245,0.1383632786242202,0.02105124639034736,6.572688194256469
vggss,C0,12345,best,3676,e03gY44qb9g_000030,0.9958163265306123,-0.019489795918367348,0.17920926158178757,0.01408130664551869,12.726749448270844
vggss,C0,12345,best,3677,e2yjPsXo4_M_000016,0.9179591836734694,-0.4088775510204082,0.07492520904761867,0.024386811092016767,3.0723659918022688
vggss,C0,12345,best,3678,e42ylHtkQ5M_000030,0.995,0.17683673469387756,0.16525314520997064,0.013748129012843911,12.02004614995875
vggss,C0,12345,best,3679,e4RCfcPk5Ck_000196,0.9760204081632653,0.33744897959183673,0.11883047492292796,0.02024481975831875,5.869673148070366
vggss,C0,12345,best,3680,e4Xh8ZImhUA_000097,0.9939795918367347,0.39255102040816325,0.15139792760009058,0.011370752302682884,13.314679941130091
vggss,C0,12345,best,3681,e5VbU4nhYa0_000003,0.9704081632653061,0.8647959183673469,0.11266413993881921,0.04742198580562768,2.375778618816277
vggss,C0,12345,best,3682,e5Wu9El1mI4_000156,0.9959183673469387,0.9706122448979592,0.12095727790122321,0.03170068894690704,3.8156040742144417
vggss,C0,12345,best,3683,e5aCQbqUY9I_000000,0.9959183673469387,0.8695918367346939,0.17794719370747777,0.024221262222816876,7.346734950082339
vggss,C0,12345,best,3684,e5sOqiyIhkc_000171,0.985204081632653,-0.19040816326530613,0.095080117568076,0.013098963900787639,7.258598335579721
vggss,C0,12345,best,3685,e8OMvCTmsX0_000363,0.9946938775510205,0.4670408163265306,0.14192514718282992,0.01196017242703909,11.86648002347952
vggss,C0,12345,best,3686,e8iKX9r6nEA_000000,0.9934693877551021,-0.3590816326530612,0.18419560165552504,0.016654120556251897,11.060061744682079
vggss,C0,12345,best,3687,eA1dUOMkkvM_000000,0.9935714285714285,0.40653061224489795,0.16039009939183424,0.013952298294611176,11.495604237029681
vggss,C0,12345,best,3688,eB0kQ_zYdHc_000180,0.9912244897959184,0.5108163265306123,0.14713203458896396,0.013657212635213368,10.77321108771514
vggss,C0,12345,best,3689,eFwVC47pOig_000100,0.9947959183673469,-0.009081632653061224,0.1315383101112658,0.015197852921951298,8.65505876302277
vggss,C0,12345,best,3690,eGzcSSGZzqM_000000,0.9944897959183674,-0.06183673469387755,0.151882300648722,0.013199303600342221,11.506841970419114
vggss,C0,12345,best,3691,eIkUuCRE_0U_000030,0.995,0.6056122448979592,0.14724155173313339,0.01346991361935841,10.931142982351709
vggss,C0,12345,best,3692,eIxOyj3LfJM_000007,0.9858163265306122,0.9395918367346939,0.125974282236127,0.0450511719197786,2.7962487293437333
vggss,C0,12345,best,3693,eJSpibgl0-c_000030,0.9931632653061224,0.8411224489795919,0.20524109647474947,0.026001905289414977,7.89330990134405
vggss,C0,12345,best,3694,eJwNvNpCMN4_000030,0.9841836734693877,0.011020408163265306,0.12361965884766195,0.021170254337729413,5.839309102080471
vggss,C0,12345,best,3695,eKMhRfdwwWI_000030,0.9893877551020408,0.535,0.12717142710826917,0.018793495818166507,6.766778695070688
vggss,C0,12345,best,3696,eM0PkfqGmIE_000030,0.9896938775510205,0.956530612244898,0.1489068301866122,0.050546654617177895,2.9459284954539275
vggss,C0,12345,best,3697,eO8SL6GZeqc_000004,0.9474489795918367,-0.3827551020408163,0.13644702518020294,0.023823345754489904,5.72745014853706
vggss,C0,12345,best,3698,ePXInfDyqAc_000028,0.9661224489795919,0.032857142857142856,0.06184409374849256,0.011621818796436836,5.321378248252632
vggss,C0,12345,best,3699,eQ8CMCLS5rY_000550,0.9731632653061224,-0.45193877551020406,0.10980213573940947,0.02506170299321084,4.381271925900432
vggss,C0,12345,best,3700,eR9TsnHiAEk_000030,0.9811224489795919,0.030510204081632655,0.08050573311558758,0.014660793495981827,5.491226183470374
vggss,C0,12345,best,3701,eSKFXcMdFXI_000606,0.9889795918367347,0.6911224489795919,0.13292058808045445,0.01663382087788654,7.990983494187001
vggss,C0,12345,best,3702,eSKFXcMdFXI_000716,0.9961224489795918,0.6154081632653061,0.12847059176825057,0.013210293920380601,9.725036592111586
vggss,C0,12345,best,3703,eSMCZfnJ5gI_000030,0.9920408163265306,0.6161224489795918,0.1656430735699797,0.01990343405450928,8.32233639262125
vggss,C0,12345,best,3704,eSSs8vV3VNc_000491,0.9404081632653061,0.0006122448979591836,0.07819953370215087,0.024594062504335153,3.1796102692821395
vggss,C0,12345,best,3705,eTUwICWlPb4_000086,0.9806122448979592,0.8902040816326531,0.10707367289545022,0.031221210274101612,3.429517048039268
vggss,C0,12345,best,3706,eUClW6xPg8I_000040,0.9854081632653061,0.838469387755102,0.08851664352181153,0.02388048197179502,3.706652304017883
vggss,C0,12345,best,3707,eVhGXZQx-t8_000036,0.9929591836734694,0.9004081632653061,0.12174084822072008,0.021135517511735872,5.760012649471266
vggss,C0,12345,best,3708,eXkDr7HlT0k_000000,0.9924489795918368,0.14642857142857144,0.16285667208557586,0.014628889555041427,11.132538219857706
vggss,C0,12345,best,3709,eZ5iippq3rA_000030,0.9876530612244898,0.735,0.19495118381112628,0.03301079218700201,5.90568026076903
vggss,C0,12345,best,3710,e_ySE_yqUyg_000130,0.9915306122448979,-0.15632653061224488,0.1239306961774612,0.011537091477215426,10.741935818244281
vggss,C0,12345,best,3711,eaCEhB62Tzo_000277,0.9854081632653061,0.21051020408163265,0.09609782001228945,0.018048225641551344,5.324502359447968
vggss,C0,12345,best,3712,eaLhdHS_3uU_000130,0.9596938775510204,0.45846938775510204,0.12397547180122634,0.03840238941173996,3.2283270312166024
vggss,C0,12345,best,3713,eb1X3b1x25I_000105,0.9670408163265306,-0.053979591836734696,0.08524848676293666,0.020537521624506554,4.150865344005932
vggss,C0,12345,best,3714,ebvV-vMMmpg_000038,0.9928571428571429,0.7713265306122449,0.1427472202580076,0.030479104033274758,4.683445422219993
vggss,C0,12345,best,3715,ecrdsx4xuiY_000001,0.9909183673469387,0.328265306122449,0.17199463702821735,0.015598430735501151,11.026406434383635
vggss,C0,12345,best,3716,edKvAj0fYxQ_000030,0.9837755102040816,0.9363265306122449,0.14315736966819673,0.04993250765851647,2.8670174277493925
vggss,C0,12345,best,3717,edObQJBoSPU_000060,0.9785714285714285,0.5092857142857142,0.12518195353249026,0.025464238121311943,4.915990532923934
vggss,C0,12345,best,3718,eeZ8P9lmQ6U_000048,0.9821428571428571,0.7341836734693877,0.08917161819420202,0.026049403454006904,3.4231731391332763
vggss,C0,12345,best,3719,eeiDM1H_Y-w_000020,0.9959183673469387,0.3320408163265306,0.12030301689528948,0.010314734686843272,11.663219709251397
vggss,C0,12345,best,3720,eg-vJOCRwmo_000622,0.9816326530612245,0.025714285714285714,0.15702070534437831,0.024941606689227323,6.295532894125785
vggss,C0,12345,best,3721,egq3Z_2dg7g_000633,0.9835714285714285,0.8437755102040816,0.18448334336025332,0.057096675306018314,3.2310698017264015
vggss,C0,12345,best,3722,eiXotzZ1hBI_000037,0.9888775510204082,0.5846938775510204,0.15444202020493064,0.02176835340346807,7.094795703763492
vggss,C0,12345,best,3723,eiyyoUt64Zc_000100,0.9911224489795918,0.5651020408163265,0.19323123669529074,0.033392465509782844,5.786671746016497
vggss,C0,12345,best,3724,ejwXH7ztxpE_000135,0.9940816326530613,0.8748979591836735,0.14625568028287023,0.027321564264831257,5.353122495666649
vggss,C0,12345,best,3725,ekxnklqMf8c_000048,0.9631632653061224,0.20173469387755102,0.10899983474002106,0.02793809793744933,3.901476578114267
vggss,C0,12345,best,3726,em7akjDUsWk_000030,0.996938775510204,0.9670408163265306,0.2170356338214677,0.061909343056627035,3.5057008054979724
vggss,C0,12345,best,3727,emARK6c6Snk_000010,0.9959183673469387,0.8943877551020408,0.20687378748406318,0.028568022660744548,7.2414457920578945
vggss,C0,12345,best,3728,emAtRpVf2_A_000270,0.9831632653061224,-0.48928571428571427,0.09778053305700715,0.01640727130217474,5.959585311668894
vggss,C0,12345,best,3729,emKeqXN646s_000108,0.9957142857142857,0.1486734693877551,0.21922911156136338,0.025585450310928706,8.568507057611594
vggss,C0,12345,best,3730,emMPlK_7bdY_000003,0.9914285714285714,0.6866326530612245,0.12724416976420005,0.018545559240231244,6.8611664989949075
vggss,C0,12345,best,3731,emP2Sg9QEg4_000090,0.9785714285714285,0.7862244897959184,0.09238022034656468,0.029610530128316218,3.119843513312263
vggss,C0,12345,best,3732,emRK12scb7w_000068,0.9898979591836735,0.6508163265306123,0.1179761546652711,0.01708597332158516,6.904854200856601
vggss,C0,12345,best,3733,emzhoSCRtL0_000051,0.9935714285714285,0.7602040816326531,0.17482620294788054,0.02317337495013271,7.544270237895553
vggss,C0,12345,best,3734,ens9NP4O468_000017,0.9956122448979592,0.8013265306122449,0.11583971480462493,0.014238881985978388,8.135450165167256
vggss,C0,12345,best,3735,eo0BtTJ9axE_000062,0.9598979591836735,0.7321428571428571,0.09113043309704574,0.03158819189055648,2.8849524978442926
vggss,C0,12345,best,3736,eo4MuYGCoGI_000089,0.9953061224489796,0.5703061224489796,0.21307207018611463,0.03084140688736048,6.908636527649343
vggss,C0,12345,best,3737,eoWx7tqlCc0_000260,0.9914285714285714,0.6525510204081633,0.1175783381954017,0.015469475693597452,7.600667309239533
vggss,C0,12345,best,3738,eoalVl5ikL4_000030,0.9933673469387755,0.564795918367347,0.16483829145354592,0.03746985566449382,4.399224083741149
vggss,C0,12345,best,3739,ep5lN_jtf8o_000062,0.9947959183673469,0.03397959183673469,0.1588176330330579,0.01245318131392626,12.753177604139902
vggss,C0,12345,best,3740,eq2XqmviZD4_000085,0.9742857142857143,0.27346938775510204,0.11511151887964452,0.0209203093639713,5.502381292596379
vggss,C0,12345,best,3741,ereEhTuBlwA_000000,0.9727551020408163,0.4685714285714286,0.12728386187702975,0.02878542887671044,4.42181571871635
vggss,C0,12345,best,3742,eskqejEOXyU_000045,0.9629591836734694,0.658469387755102,0.09099742116347298,0.027369007436250387,3.3248345368545023
vggss,C0,12345,best,3743,eskqejEOXyU_000102,0.9835714285714285,0.39622448979591834,0.08532718043149122,0.016398531388588235,5.203342812202716
vggss,C0,12345,best,3744,etLbte75hN4_000018,0.9766326530612245,0.3585714285714286,0.09845298973843146,0.017206824606280983,5.721740762237636
vggss,C0,12345,best,3745,etmmUjsRNRs_000030,0.9862244897959184,0.9526530612244898,0.1787276243129068,0.05788296859798734,3.0877411549884015
vggss,C0,12345,best,3746,eu_Ehoag0Vg_000244,0.9836734693877551,-0.0660204081632653,0.09521090557703557,0.012056030130837279,7.897367918275372
vggss,C0,12345,best,3747,evvK3lYqQ00_000089,0.9645918367346938,0.92,0.10230952679641883,0.059114204661158444,1.73070968953833
vggss,C0,12345,best,3748,ew7xSiF0TlA_000099,0.9898979591836735,0.7759183673469388,0.1500962726853055,0.023297226680121828,6.442666964019969
vggss,C0,12345,best,3749,exqbdXoRCUo_000210,0.9883673469387755,0.7375510204081632,0.1519609646751246,0.035509896874280716,4.2793975215734195
vggss,C0,12345,best,3750,eyFBIA_HOmE_000030,0.9778571428571429,0.8188775510204082,0.1684035978439111,0.0472148913237041,3.5667475477035473
vggss,C0,12345,best,3751,ez50pKMB62U_000064,0.9879591836734694,0.48673469387755103,0.17850868847813858,0.020412464729410388,8.745082519160086
vggss,C0,12345,best,3752,ez50pKMB62U_000422,0.9923469387755102,0.34755102040816327,0.18066932697158378,0.017824194714297487,10.13618454395933
vggss,C0,12345,best,3753,ezUkPETm6cs_000030,0.9669387755102041,0.27785714285714286,0.11525538181796675,0.02904349321956188,3.96837188098083
vggss,C0,12345,best,3754,f-22ZuQyAJ4_000119,0.981326530612245,0.35183673469387755,0.12190067736512286,0.018039120793647664,6.757573096802436
vggss,C0,12345,best,3755,f-3r6Pou7UM_000015,0.9945918367346939,0.6889795918367347,0.18944592526296955,0.017291716078483857,10.955877623892853
vggss,C0,12345,best,3756,f1YFrUS19Og_000032,0.9753061224489796,-0.09938775510204081,0.10602282125214589,0.018543019387410552,5.717667605100395
vggss,C0,12345,best,3757,f1Z-HuZ-_ZA_000030,0.9974489795918368,0.6057142857142858,0.16023024067724728,0.01169980944861002,13.695115410301254
vggss,C0,12345,best,3758,f1mXMVWFLiA_000183,0.9831632653061224,-0.0639795918367347,0.09953666601985663,0.017935741176713253,5.5496265829866775
vggss,C0,12345,best,3759,f5RrGFBbbSY_000020,0.9906122448979592,-0.3488775510204082,0.10672931513170855,0.01537874563526215,6.940053347848303
vggss,C0,12345,best,3760,f61vxWAeITg_000070,0.9863265306122448,-0.5431632653061225,0.17408041295624002,0.03587988688750655,4.85175478679826
vggss,C0,12345,best,3761,f6wrXzvByrg_000030,0.9879591836734694,0.9046938775510204,0.17389051489264415,0.060603926787956425,2.8692945178463374
vggss,C0,12345,best,3762,f724u5z_UDw_000030,0.9954081632653061,0.966530612244898,0.11944537043226795,0.03260195957404642,3.663748191607333
vggss,C0,12345,best,3763,f8cJ5g7Pe88_000030,0.9854081632653061,0.6222448979591837,0.10729784977239447,0.023456773432297753,4.574280008377261
vggss,C0,12345,best,3764,f9gjQDw0I5Q_000419,0.9841836734693877,0.7638775510204082,0.15622580802488176,0.034456685599984285,4.533976652268406
vggss,C0,12345,best,3765,f9sagpKa8Zo_000040,0.9881632653061224,0.19612244897959183,0.15969515308225418,0.027252147462934865,5.859910794165948
vggss,C0,12345,best,3766,fAns8GJzYeQ_000030,0.9947959183673469,-0.07887755102040817,0.13924692700598904,0.014523837357624178,9.587474961146713
vggss,C0,12345,best,3767,fB9W0awy06E_000160,0.9226530612244898,-0.11408163265306122,0.08586151627336958,0.02977670473105518,2.883513036411365
vggss,C0,12345,best,3768,fB_tldbRb28_000220,0.9929591836734694,-0.05183673469387755,0.12780546014713584,0.012533826270342205,10.196843118015105
vggss,C0,12345,best,3769,fE7-2gllNvE_000230,0.9801020408163266,0.18091836734693878,0.08277261682483436,0.016576673883928278,4.993318768554987
vggss,C0,12345,best,3770,fESL2PLuIwA_000140,0.9956122448979592,0.9181632653061225,0.17178343664382317,0.027211350837978772,6.312933072181986
vggss,C0,12345,best,3771,fF3u_xLxF9Q_000120,0.9881632653061224,0.5070408163265306,0.12694373317748603,0.019944855012175973,6.3647358228470035
vggss,C0,12345,best,3772,fFKL_Njts_U_000371,0.9809183673469388,0.89,0.11574116290127925,0.04506969261376121,2.568048641759314
vggss,C0,12345,best,3773,fFSnuSjcrzw_000039,0.9833673469387755,0.4506122448979592,0.15716554931222776,0.02117994490401652,7.4204890534169055
vggss,C0,12345,best,3774,fFucfdLwSPM_000010,0.9959183673469387,0.1666326530612245,0.135298583160913,0.012371141118093471,10.936629197692314
vggss,C0,12345,best,3775,fGvhcD5G82M_000007,0.9946938775510205,0.276734693877551,0.1461036211832636,0.011962885477649248,12.213075303298274
vggss,C0,12345,best,3776,fJEkkvr19I8_000030,0.9604081632653061,0.07693877551020409,0.09211453926501645,0.02196604743084236,4.193496329051858
vggss,C0,12345,best,3777,fJNauQt9Di0_000150,0.9952040816326531,0.9354081632653061,0.20373215120080468,0.06282843553543102,3.2426742678625735
vggss,C0,12345,best,3778,fK39zLd_OrM_000706,0.9865306122448979,0.6160204081632653,0.1216925173188323,0.023343178292990277,5.213194012889639
vggss,C0,12345,best,3779,fL6pMyvoGVg_000024,0.9746938775510204,0.8281632653061225,0.12938737485520466,0.032782034672903554,3.9468988470734425
vggss,C0,12345,best,3780,fLEM7amr21o_000250,0.9790816326530613,0.4097959183673469,0.09485334460156536,0.019813372405158732,4.787339714912377
vggss,C0,12345,best,3781,fLPEAElOWho_000137,0.9907142857142858,0.8912244897959184,0.11897289385440714,0.02608684735529054,4.56064668275367
vggss,C0,12345,best,3782,fLPEAElOWho_000148,0.9860204081632653,0.8998979591836734,0.09989266808682504,0.025052811035026167,3.987283820053796
vggss,C0,12345,best,3783,fLZ5jPkCUOQ_000004,0.996938775510204,0.8196938775510204,0.15590985343057548,0.020705047254863714,7.53004093694843
vggss,C0,12345,best,3784,fLZ5jPkCUOQ_000014,0.9935714285714285,0.8824489795918368,0.17684786873582098,0.02547936783809253,6.940826391753227
vggss,C0,12345,best,3785,fPFpRsKbzfU_000000,0.9523469387755102,-0.06653061224489797,0.13256242183756484,0.033424662322468664,3.9660063146981734
vggss,C0,12345,best,3786,fPV1g05NMfE_000078,0.9922448979591837,0.67,0.18245067752926483,0.027496783943011627,6.635346079287032
vggss,C0,12345,best,3787,fQRh2QW5RX8_000030,0.986734693877551,0.7622448979591837,0.10786626194088766,0.02097433287879193,5.142774388307529
vggss,C0,12345,best,3788,fSEpr4pZviU_000108,0.9968367346938776,0.5792857142857143,0.2061352800816129,0.025476636026377893,8.091149862493047
vggss,C0,12345,best,3789,fTxaj8RU_gE_000093,0.995,0.9076530612244897,0.1437046304344604,0.03113150156368644,4.616052012154971
vggss,C0,12345,best,3790,fW6NVxZZekE_000100,0.985,0.8119387755102041,0.1560500034334145,0.03845387559944487,4.058108604160234
vggss,C0,12345,best,3791,fWVfi9pAh_4_000010,0.99,0.6448979591836734,0.12397727646005385,0.01896579605122482,6.536887569875947
vggss,C0,12345,best,3792,fWjgRBl7LNc_000060,0.9722448979591837,0.851530612244898,0.12289672526940304,0.045569034304470936,2.696935038128408
vggss,C0,12345,best,3793,fXGErRbyv6M_000079,0.9716326530612245,0.8810204081632653,0.12993516765215896,0.0649810759006984,1.9995847383432204
vggss,C0,12345,best,3794,fYnJ1cXVezA_000179,0.9847959183673469,0.7442857142857143,0.13953103424851993,0.024492086223795225,5.696984445243333
vggss,C0,12345,best,3795,f_8Jnw9bU64_000008,0.9910204081632653,0.9535714285714286,0.12956931641818145,0.0511042150603013,2.535393925242642
vggss,C0,12345,best,3796,f_cBi2vT3Qw_000002,0.9916326530612245,0.08683673469387755,0.12227111765523685,0.010594690785428523,11.5407915277153
vggss,C0,12345,best,3797,fakJJOOLBhw_000083,0.9974489795918368,0.904795918367347,0.13344466392462792,0.023862702245464405,5.592185769739964
vggss,C0,12345,best,3798,fakJJOOLBhw_000140,0.9968367346938776,0.815204081632653,0.11744887711058612,0.014009321184812467,8.38362370033408
vggss,C0,12345,best,3799,favWHteInt0_000448,0.8912244897959184,0.6364285714285715,0.07265289729720432,0.028574299510387303,2.5425959180834377
vggss,C0,12345,best,3800,fbJxpi7W9ds_000130,0.9851020408163266,0.6295918367346939,0.15912633279498997,0.03868232924248175,4.113669882635559
vggss,C0,12345,best,3801,fbdz2U-fJsk_000110,0.9955102040816326,-0.8833673469387755,0.19528110030560494,0.026732840810118133,7.3049138957088635
vggss,C0,12345,best,3802,fc9x20wj8ss_000076,0.993061224489796,-0.7829591836734694,0.11780893762857217,0.015798734468886324,7.4568591465716745
vggss,C0,12345,best,3803,fdFk48aKQ_c_000239,0.9908163265306122,0.6791836734693878,0.13613927925871303,0.02446705665098756,5.564187029142227
vggss,C0,12345,best,3804,fe3dZmkaq0Q_000070,0.9904081632653061,0.8786734693877551,0.13316946386163192,0.037355855485217325,3.5648886133615787
vggss,C0,12345,best,3805,feMC18447Ec_000024,0.9887755102040816,0.8280612244897959,0.16695440390640573,0.0328387465546781,5.084067494123705
vggss,C0,12345,best,3806,ff21Bursam0_000160,0.9908163265306122,0.24867346938775511,0.15295509318540684,0.017773836208393415,8.60563197455236
vggss,C0,12345,best,3807,ff7CHJ9kvnk_000003,0.9901020408163266,0.8987755102040816,0.155637320005977,0.050398962477316164,3.0881056346353772
vggss,C0,12345,best,3808,fh3sWiAtViA_000033,0.9727551020408163,0.1960204081632653,0.11766692014437323,0.018882478408524847,6.231540034027011
vggss,C0,12345,best,3809,fhAAzi6MSXw_000070,0.9864285714285714,0.6096938775510204,0.19072489071896706,0.03454814063548843,5.52055442668458
vggss,C0,12345,best,3810,fhKxzcGgIjM_000005,0.9538775510204082,0.03142857142857143,0.08586278184031866,0.022521422664773413,3.8124936918225774
vggss,C0,12345,best,3811,fiAJqNva0oA_000030,0.953265306122449,0.801530612244898,0.13698414277069676,0.0462327941885995,2.962921561952134
vggss,C0,12345,best,3812,ficqj4JyX4c_000098,0.9907142857142858,-0.19908163265306122,0.14704493088716308,0.017078345501823904,8.610022023003296
vggss,C0,12345,best,3813,fil2wCcFeY0_000001,0.9948979591836735,0.5877551020408164,0.15291742312411058,0.013671907588965195,11.184790573594322
vggss,C0,12345,best,3814,fjJPvFZswhg_000030,0.966530612244898,0.5689795918367347,0.09614851076943483,0.028375607791193067,3.3884211917841784
vggss,C0,12345,best,3815,fjiv34te9vc_000030,0.9885714285714285,0.7891836734693878,0.14712529104300712,0.024998714695055636,5.88531421865886
vggss,C0,12345,best,3816,fkGPfJmuElE_000042,0.9864285714285714,0.47306122448979593,0.1603639337790801,0.021450566498229764,7.475976627112125
vggss,C0,12345,best,3817,flLjMZMydXc_000030,0.9910204081632653,0.41,0.17751545091535312,0.024657292773571936,7.199308234909588
vggss,C0,12345,best,3818,fmSvZ3RR8YY_000380,0.9933673469387755,0.43826530612244896,0.15622110657606098,0.01923758156469114,8.120620882137848
vggss,C0,12345,best,3819,fn41SZiLTUQ_000083,0.9633673469387755,0.4906122448979592,0.09400628153129992,0.024623181273034835,3.8177959415117257
vggss,C0,12345,best,3820,fnj0Bhpamqo_000115,0.966530612244898,0.4185714285714286,0.11025387003299812,0.021526277154877517,5.121827115749847
vggss,C0,12345,best,3821,fou66e3D0VM_000013,0.998061224489796,0.13479591836734695,0.22574738845497302,0.00794054548205117,28.429707879043452
vggss,C0,12345,best,3822,fowc2nadbvE_000000,0.9894897959183674,0.8841836734693878,0.17937874730122663,0.04871813629323611,3.6819706365929084
vggss,C0,12345,best,3823,fp86HeXZCdo_000068,0.965204081632653,0.7365306122448979,0.09212913392458875,0.026006591622195062,3.5425301117106818
vggss,C0,12345,best,3824,fpCo9vXA3EM_000112,0.9883673469387755,0.7284693877551021,0.10529660251217486,0.022478471268518898,4.684331120846406
vggss,C0,12345,best,3825,fqZlpAZ4RkQ_000193,0.9874489795918368,0.6490816326530612,0.07954246700819452,0.019705516304217064,4.036558381937554
vggss,C0,12345,best,3826,fqvUeh_JTic_000001,0.9958163265306123,0.8469387755102041,0.13609971101868729,0.017269040806154344,7.881139001662677
vggss,C0,12345,best,3827,frCqvzJkCUQ_000053,0.9695918367346938,0.8360204081632653,0.09924822974926499,0.053173881427194765,1.8664845801252037
vggss,C0,12345,best,3828,fruUoi4bWvo_000018,0.985204081632653,0.7524489795918368,0.08461161098678031,0.019741751771258958,4.28592213938999
vggss,C0,12345,best,3829,fsHgHsYyJbs_000030,0.9952040816326531,0.9468367346938775,0.21983964014154128,0.06455373605187115,3.405529309177281
vggss,C0,12345,best,3830,ftxxMmqrYQ8_000003,0.991734693877551,0.9129591836734694,0.21499236114451015,0.03974263186815814,5.409615595105123
vggss,C0,12345,best,3831,fvIV8Wu_-Lo_000129,0.9937755102040816,0.9020408163265307,0.17881287135545393,0.036063662106265604,4.958256064749105
vggss,C0,12345,best,3832,fvOZ_L5EY0k_000030,0.9842857142857143,0.48051020408163264,0.15679914650733706,0.02066249477390866,7.588587352255908
vggss,C0,12345,best,3833,fw3aeZ0BieE_000010,0.9855102040816327,0.8013265306122449,0.16305885791789396,0.04740857262504906,3.4394382469076756
vggss,C0,12345,best,3834,fw5gg4WM-ko_000321,0.9938775510204082,0.9795918367346939,0.19596190376678502,0.07298142613318769,2.685092826346853
vggss,C0,12345,best,3835,fw8zeOi0DiA_000137,0.985204081632653,0.9094897959183673,0.11342229001226067,0.039631217072244186,2.8619431446049695
vggss,C0,12345,best,3836,fwFuuaK8WqE_000332,0.9939795918367347,0.8924489795918368,0.20423152282952875,0.05469948590219504,3.733700956435006
vggss,C0,12345,best,3837,fwKMB57hL6E_000056,0.9916326530612245,0.648061224489796,0.12728284961964884,0.015728582080122542,8.092455440119188
vggss,C0,12345,best,3838,fwKMB57hL6E_000097,0.9830612244897959,0.8464285714285714,0.13759262553126184,0.03609300224795994,3.812169034484763
vggss,C0,12345,best,3839,fxUSMBlLOso_000012,0.9875510204081632,0.6051020408163266,0.17890463012383437,0.02284109088947986,7.832578180678498
vggss,C0,12345,best,3840,fybJWy6rywA_000089,0.9951020408163266,-0.7646938775510204,0.1761190431691187,0.02531751987281046,6.956409792661416
vggss,C0,12345,best,3841,g-FzdV9ZTJQ_000018,0.9936734693877551,0.8887755102040816,0.16484984182846923,0.02981006385016333,5.530006331320421
vggss,C0,12345,best,3842,g-ghr5fAVpE_000030,0.9948979591836735,0.9143877551020408,0.1521840708595556,0.036162886871883695,4.20829430456442
vggss,C0,12345,best,3843,g0RkIkC2meo_000030,0.995,0.9272448979591836,0.1603108236730346,0.0320535194413577,5.001348571607719
vggss,C0,12345,best,3844,g0vwHQf1lO0_000006,0.981734693877551,0.5643877551020409,0.07717541962279238,0.022152453270512112,3.483831730976868
vggss,C0,12345,best,3845,g1B7AXhFQ1I_000060,0.9940816326530613,0.7203061224489796,0.11797271889109476,0.013143805624759853,8.97553739450177
vggss,C0,12345,best,3846,g1Mn4tB463U_000160,0.9698979591836735,0.8802040816326531,0.11815742036676115,0.049332411495358594,2.395127600398734
vggss,C0,12345,best,3847,g27CnmPRgdI_000031,0.9822448979591837,0.7919387755102041,0.08516969199462217,0.03144008036132172,2.7089527448981907
vggss,C0,12345,best,3848,g295Y8wuo7w_000024,0.9876530612244898,0.26877551020408164,0.13429344660400994,0.01253655466003327,10.712149409928353
vggss,C0,12345,best,3849,g2at4AqJsqk_000142,0.9716326530612245,0.4742857142857143,0.08333298476131454,0.020442403683774906,4.076476819966908
vggss,C0,12345,best,3850,g3J2VYx8zYE_000060,0.9891836734693877,0.481734693877551,0.16609228567452564,0.029421611884668537,5.645247660991529
vggss,C0,12345,best,3851,g3JUdaGVCLk_000030,0.9915306122448979,0.5188775510204081,0.17714080082173037,0.018443586590657573,9.604466026768318
vggss,C0,12345,best,3852,g3bUrhq5Vpw_000296,0.9961224489795918,0.026734693877551022,0.11728490593180839,0.010580055739025897,11.085471459208662
vggss,C0,12345,best,3853,g3kkGbxwSLQ_000030,0.990204081632653,0.4907142857142857,0.1459777993324453,0.022019289844038992,6.629541659444755
vggss,C0,12345,best,3854,g4E8Tl7dEs8_000338,0.9885714285714285,0.803469387755102,0.13537227369655194,0.03430065246914286,3.9466384442200897
vggss,C0,12345,best,3855,g4xhZgKwiNo_000030,0.9972448979591837,0.9416326530612245,0.2168911616492911,0.07512456732221479,2.8870869993703785
vggss,C0,12345,best,3856,g5FVJveyyVM_000030,0.9913265306122448,0.21244897959183673,0.1982132089297489,0.021683852682156904,9.141051262207364
vggss,C0,12345,best,3857,g6FX9VjYD-w_000030,0.9841836734693877,-0.10816326530612246,0.1664800221566974,0.029328754477353152,5.676341362714488
vggss,C0,12345,best,3858,g87FgSOzbvo_000023,0.9747959183673469,0.5859183673469388,0.14023566997363504,0.0358491249680815,3.9118296499146012
vggss,C0,12345,best,3859,g9q3jv6SpTA_000160,0.985204081632653,0.7205102040816327,0.12333961143389784,0.036129841029370086,3.41378782523938
vggss,C0,12345,best,3860,gA4PlwSKj8A_000039,0.9970408163265306,0.3572448979591837,0.16392259046946664,0.010911399380877405,15.023058431601955
vggss,C0,12345,best,3861,gB1ytjgpcW4_000190,0.990204081632653,0.5101020408163265,0.13263266779609179,0.017650147936148983,7.514535757768294
vggss,C0,12345,best,3862,gBHlKMGENc0_000551,0.9712244897959184,0.4011224489795918,0.12024310175932358,0.021333027280764402,5.636476257063833
vggss,C0,12345,best,3863,gBRTGtmHZW0_000154,0.9915306122448979,-0.09387755102040816,0.08803565287880764,0.012277905460698908,7.170250101746287
vggss,C0,12345,best,3864,gCHF0oBPZv8_000030,0.9951020408163266,0.6175510204081632,0.1584254547434753,0.01069157072714882,14.817790461900026
vggss,C0,12345,best,3865,gE-sdOo_bck_000000,0.9878571428571429,0.0005102040816326531,0.14337375247269013,0.014981836945750183,9.569837997293128
vggss,C0,12345,best,3866,gEvCUcZ6w88_000030,0.9938775510204082,-0.40816326530612246,0.13877381401151653,0.01178999780425029,11.77046987756763
vggss,C0,12345,best,3867,gFJjYWXeBn0_000030,0.9924489795918368,0.8607142857142858,0.15061800635849398,0.028496500649733972,5.285491303294465
vggss,C0,12345,best,3868,gFs6lRAQsLg_000160,0.9404081632653061,0.5134693877551021,0.07125721032175193,0.02037037168111521,3.4980810088905963
vggss,C0,12345,best,3869,gGmvLozUXgE_000024,0.991938775510204,0.8245918367346938,0.10941048369569176,0.02203643670090667,4.964980735346844
vggss,C0,12345,best,3870,gItGfthUf8E_000203,0.9910204081632653,0.8191836734693878,0.13778442554461923,0.02601054880542431,5.297251764095239
vggss,C0,12345,best,3871,gLPkzyEy--c_000876,0.9916326530612245,-0.1636734693877551,0.16140551553749255,0.020278374812303178,7.959489704252115
vggss,C0,12345,best,3872,gLSoyIcevss_000030,0.9879591836734694,0.45581632653061227,0.14035478753667657,0.02350781141815496,5.970559531895909
vggss,C0,12345,best,3873,gLifHKl6khE_000034,0.9926530612244898,0.7180612244897959,0.15162579129327106,0.02390589465587996,6.3426110369802355
vggss,C0,12345,best,3874,gMBz6lX9HNQ_000202,0.9723469387755102,-0.4122448979591837,0.09232487381410871,0.021524284219654695,4.2893353791436715
vggss,C0,12345,best,3875,gMDf19Ad_qA_000058,0.9973469387755102,0.916734693877551,0.1844165987391922,0.027408170467297658,6.728526406358672
vggss,C0,12345,best,3876,gMvxkbFe2M4_000019,0.968265306122449,0.7893877551020408,0.09112562224638093,0.027368568660948667,3.329572085967549
vggss,C0,12345,best,3877,gMwbOxrQP9Q_000030,0.9896938775510205,0.7929591836734694,0.11487008348871235,0.018708100100427904,6.14012555374797
vggss,C0,12345,best,3878,gNmZoBiNLzU_000180,0.9927551020408163,0.9254081632653062,0.10703459916329507,0.0331602401694293,3.2277992745653017
vggss,C0,12345,best,3879,gNx6DV8EcF8_000107,0.9957142857142857,0.3543877551020408,0.1506532806373497,0.026776162971844448,5.626395417288279
vggss,C0,12345,best,3880,gPekns88rQA_000270,0.9934693877551021,0.6383673469387755,0.14518257467295376,0.010272054444887983,14.133742714458224
vggss,C0,12345,best,3881,gPw-sP3px30_000002,0.9674489795918367,0.09653061224489796,0.08301035768279132,0.020579601398637654,4.033623201676127
vggss,C0,12345,best,3882,gQKWGk5HBcs_000220,0.9486734693877551,0.3263265306122449,0.11825372371184992,0.03149233646214005,3.755000009415434
vggss,C0,12345,best,3883,gQSjOkhrDf0_000434,0.9777551020408163,0.7777551020408163,0.11678480506125916,0.04229145562633979,2.7614278896686573
vggss,C0,12345,best,3884,gQXJt2cE-8c_000070,0.9654081632653061,0.5944897959183674,0.08036836605588359,0.024194797231317972,3.321721000077406
vggss,C0,12345,best,3885,gT1HfA-JhYc_000129,0.9864285714285714,0.8364285714285714,0.16973942028673472,0.046962940868117566,3.6143268958262422
vggss,C0,12345,best,3886,gTUu9V5zAME_000078,0.9958163265306123,0.715204081632653,0.12800870076102366,0.01692827241744397,7.5618289689806355
vggss,C0,12345,best,3887,gUNC_cONok8_000060,0.9758163265306122,0.09795918367346938,0.10123365557572145,0.025480713624236137,3.9729521342539025
vggss,C0,12345,best,3888,gVW13w2fXh8_000030,0.9931632653061224,0.25081632653061225,0.146793214210598,0.021956840523368996,6.685534471790865
vggss,C0,12345,best,3889,gWSppirU_18_000000,0.9419387755102041,0.30918367346938774,0.10728973205231286,0.03314441987114517,3.2370375607544433
vggss,C0,12345,best,3890,gXpT8TZjAnI_000030,0.9918367346938776,-0.5083673469387755,0.1604926750688672,0.01699965843198511,9.440935281787652
vggss,C0,12345,best,3891,gYxWz9JAbjE_000048,0.9940816326530613,-0.5290816326530612,0.1107293376719993,0.012747650836894477,8.686254360805403
vggss,C0,12345,best,3892,gZ4u6eUJxV4_000371,0.9794897959183674,-0.5156122448979592,0.13107104068283393,0.029801621659271305,4.398117732699208
vggss,C0,12345,best,3893,gZbqznxxrbE_000367,0.993265306122449,0.9490816326530612,0.17038118066206806,0.03897098965307463,4.372000356645441
vggss,C0,12345,best,3894,g_DBLppDZAs_000030,0.9942857142857143,0.8918367346938776,0.12382128175423412,0.018292973145076104,6.7687893472670915
vggss,C0,12345,best,3895,g_p6sqfaXHM_000110,0.9936734693877551,0.8635714285714285,0.11430629922157448,0.023102883793934638,4.947706972044075
vggss,C0,12345,best,3896,ga6Q5sJLaqU_000030,0.9744897959183674,0.4033673469387755,0.08956317065442933,0.019955545430254823,4.48813443698921
vggss,C0,12345,best,3897,gaFQgJLQHtU_000090,0.9818367346938776,0.49479591836734693,0.11882491673876999,0.02028198577002441,5.858643137122513
vggss,C0,12345,best,3898,gcyPMu7k1LM_000184,0.9712244897959184,0.9155102040816326,0.11601245585931344,0.044326989269213794,2.6171968313644753
vggss,C0,12345,best,3899,gd2-qjVH_DI_000020,0.9835714285714285,0.7822448979591837,0.1904559121901687,0.05603485291910042,3.3988830570348227
vggss,C0,12345,best,3900,gd2-qjVH_DI_000032,0.9871428571428571,0.7238775510204082,0.1949710970676499,0.06014684361460987,3.2415848505189184
vggss,C0,12345,best,3901,gdR6nuDBghI_000134,0.9910204081632653,0.8841836734693878,0.17645765906840724,0.021564871529251243,8.18264364937462
vggss,C0,12345,best,3902,ge191yHHQio_000030,0.9722448979591837,0.4229591836734694,0.13232711387999843,0.028499737649705897,4.643099368367834
vggss,C0,12345,best,3903,gefp9ta8LTA_000030,0.9894897959183674,0.7890816326530612,0.21092515582994356,0.027406068322938477,7.69629387712656
vggss,C0,12345,best,3904,gf1y74QzhTI_000030,0.9952040816326531,0.9481632653061225,0.20628031781276424,0.03842317241873147,5.3686435769734
vggss,C0,12345,best,3905,gfFpHArBxQU_000030,0.9818367346938776,0.40551020408163263,0.16474002023777104,0.03225218461090364,5.107871675212867
vggss,C0,12345,best,3906,gg6yoeBoYxg_000000,0.971530612244898,0.2116326530612245,0.08852425590247794,0.01709210783605434,5.179247448681759
vggss,C0,12345,best,3907,gg_wdPHtU7Y_000001,0.9908163265306122,0.924795918367347,0.1422590333198387,0.02925301510597255,4.863055408288284
vggss,C0,12345,best,3908,ggb93ZYIeaA_000082,0.9955102040816326,0.9064285714285715,0.14197358868800017,0.028219595234759715,5.0310285284717
vggss,C0,12345,best,3909,ggjbkDEZKXQ_000090,0.9931632653061224,0.9127551020408163,0.18049611297826293,0.043446333489678225,4.1544613430071
vggss,C0,12345,best,3910,gh4oE_5g4YY_000439,0.9911224489795918,0.49683673469387757,0.1470541029671436,0.020190064403028066,7.283488553166216
vggss,C0,12345,best,3911,ghRyW0bkt8c_000105,0.9960204081632653,-0.28744897959183674,0.1326110442877525,0.012103019389154266,10.956856303691263
vggss,C0,12345,best,3912,gkIENhK7fxg_000020,0.9925510204081632,0.5792857142857143,0.18396773683961617,0.023956816387188867,7.679139576241635
vggss,C0,12345,best,3913,gkaTHw410NA_000011,0.981734693877551,0.6532653061224489,0.15759684212380642,0.03756587759672831,4.195212576040866
vggss,C0,12345,best,3914,gklbB7TYoK4_000030,0.9836734693877551,-0.5644897959183673,0.09157632627718948,0.01892140214239847,4.83982770346539
vggss,C0,12345,best,3915,gl9j63Ln1y4_000144,0.991938775510204,0.29928571428571427,0.1454844797714386,0.01654565261519383,8.792912746024934
vggss,C0,12345,best,3916,glLQrEijrKg_000300,0.9724489795918367,0.4963265306122449,0.15319093200464598,0.040411564599700425,3.790769635427122
vggss,C0,12345,best,3917,glLssX4biLE_000094,0.965,0.8704081632653061,0.10272387181287886,0.05210612919131686,1.9714354799933422
vggss,C0,12345,best,3918,gmy8czZ3uLc_000030,0.911734693877551,0.31173469387755104,0.09177683829540077,0.019066690022560156,4.813464643669575
vggss,C0,12345,best,3919,gmyjKCxNFwY_000030,0.9914285714285714,0.7683673469387755,0.21015160281747639,0.05769958457928132,3.6421683856097866
vggss,C0,12345,best,3920,gpIWcn9yiXg_000350,0.9648979591836735,0.8398979591836735,0.08817084680167152,0.033176359999612076,2.6576407659762094
vggss,C0,12345,best,3921,gpJFhQtQ4cs_000133,0.9926530612244898,0.9422448979591836,0.1642279338945495,0.04655473447056593,3.527631201470649
vggss,C0,12345,best,3922,gpO6rllg_84_000000,0.9668367346938775,0.7902040816326531,0.09641105174255907,0.03943365027267243,2.4448929043064536
vggss,C0,12345,best,3923,grryyLLuWk0_000034,0.9686734693877551,0.07663265306122449,0.10546409239026609,0.020487852124693905,5.147640257670092
vggss,C0,12345,best,3924,gs-lSymjBVE_000030,0.9943877551020408,0.9433673469387756,0.1429236739223105,0.02572920176653644,5.554920639170311
vggss,C0,12345,best,3925,gseikrqMhAY_000029,0.9975510204081632,0.9370408163265306,0.21628838427805117,0.026344956036653527,8.209859374110584
vggss,C0,12345,best,3926,guD3o7aspko_000030,0.990204081632653,0.4410204081632653,0.09080601754960967,0.01450469728168836,6.260455891364853
vggss,C0,12345,best,3927,guGNQyMTm8Y_000101,0.993061224489796,0.9554081632653061,0.13446383916468255,0.04549514553395717,2.9555645462068023
vggss,C0,12345,best,3928,gvuoL6ugzvw_000040,0.9771428571428571,0.6664285714285715,0.1279113911072857,0.03145326967629234,4.0667120596272355
vggss,C0,12345,best,3929,gwi6bU0Rbbc_000000,0.9924489795918368,0.8572448979591837,0.14901399153599765,0.02777880802690466,5.364304738766071
vggss,C0,12345,best,3930,gx7Ylk3LVaU_000020,0.9892857142857143,0.5925510204081633,0.18455680275576558,0.02419348304532034,7.628368449885671
vggss,C0,12345,best,3931,gxVhAVNjSU0_000030,0.9921428571428571,0.45408163265306123,0.16109446638617975,0.024371082627643082,6.610066070821866
vggss,C0,12345,best,3932,gyhxCxzvIps_000010,0.9872448979591837,0.5483673469387755,0.1538513626795223,0.029652717388520867,5.188440595973208
vggss,C0,12345,best,3933,gykTJfcqaH4_000234,0.9806122448979592,0.20520408163265305,0.08565149125205294,0.00990623958898854,8.646216405593544
vggss,C0,12345,best,3934,h0vsyCyimhY_000155,0.9925510204081632,0.019591836734693877,0.15432421760037215,0.01531788455640492,10.074773512759242
vggss,C0,12345,best,3935,h1LxMPb7WD8_000085,0.9741836734693877,0.7586734693877552,0.09741455089379591,0.03098130360279761,3.1443012257560197
vggss,C0,12345,best,3936,h1QxsOmXVCE_000187,0.9979591836734694,0.8266326530612245,0.18045520865065262,0.019526908348541937,9.241360968651604
vggss,C0,12345,best,3937,h4MaAn43I20_000069,0.9892857142857143,-0.4742857142857143,0.1367409796219832,0.020967341828338093,6.521617319996806
vggss,C0,12345,best,3938,h6HkOxlVt5c_000070,0.988265306122449,0.8793877551020408,0.16639971800484377,0.0366497054250429,4.5402743644193695
vggss,C0,12345,best,3939,h6YMk2FOHHM_000017,0.9561224489795919,0.4542857142857143,0.10606596187620639,0.028335700087862126,3.7431918585855155
vggss,C0,12345,best,3940,h6zc38gOkA4_000130,0.9888775510204082,0.9,0.20079838959265078,0.04582761816272343,4.381602135194141
vggss,C0,12345,best,3941,h7hGEzZUXQQ_000000,0.9955102040816326,0.10642857142857143,0.1684125347814679,0.011074891895458119,15.206697850525737
vggss,C0,12345,best,3942,h8-Z6EtIYQA_000030,0.9722448979591837,-0.42051020408163264,0.10368063189480964,0.02849433724666454,3.63863988122574
vggss,C0,12345,best,3943,h8fMUaesCrA_000168,0.9939795918367347,0.9141836734693878,0.14416681044475996,0.028920362957627063,4.984958544814506
vggss,C0,12345,best,3944,h9vUucEhRN4_000090,0.976326530612245,0.75,0.14193269299983272,0.037957817860212816,3.739221614965538
vggss,C0,12345,best,3945,hAukn8dWZ2M_000030,0.9953061224489796,-0.26142857142857145,0.15986372659939027,0.01293061167341157,12.363199099707582
vggss,C0,12345,best,3946,hBQFoDI3NMI_000030,0.9890816326530613,0.7185714285714285,0.2076725847794611,0.053618156561694316,3.8731765151326703
vggss,C0,12345,best,3947,hBTte9j8Xrk_000136,0.9803061224489796,0.8381632653061224,0.12305384990502646,0.029901076053474664,4.115365269295282
vggss,C0,12345,best,3948,hC7sSMWLwDo_000016,0.9931632653061224,-0.2610204081632653,0.15650977134887728,0.014728638360631275,10.626221346245968
vggss,C0,12345,best,3949,hCR2_Lrjw8I_000048,0.9806122448979592,0.3985714285714286,0.1282226368325823,0.018456351136529613,6.947344894126905
vggss,C0,12345,best,3950,hCX2DpwEBQY_000030,0.9816326530612245,0.8623469387755102,0.16464450402685954,0.03651879595785959,4.508486649364043
vggss,C0,12345,best,3951,hCbPUyqgdPY_000191,0.9892857142857143,0.3483673469387755,0.12989430235604577,0.023037212892264215,5.638455613685093
vggss,C0,12345,best,3952,hDGiU8zHWdU_000030,0.9954081632653061,0.7768367346938776,0.16447979106309504,0.024077427959354695,6.831285772747601
vggss,C0,12345,best,3953,hDIziLujP38_000160,0.9816326530612245,0.49479591836734693,0.1132109787976771,0.021375177512665235,5.296376075969299
vggss,C0,12345,best,3954,hDnMfsCScSc_000096,0.981734693877551,0.7283673469387755,0.13259921959439191,0.02988902582259196,4.4363847915767565
vggss,C0,12345,best,3955,hFkC9DzHoho_000099,0.9903061224489796,0.9321428571428572,0.163306681380116,0.07736744012336359,2.11079339215206
vggss,C0,12345,best,3956,hFkC9DzHoho_000189,0.9913265306122448,0.9490816326530612,0.17645562322163813,0.06241153733048392,2.8272917279262595
vggss,C0,12345,best,3957,hH6thMA3640_000120,0.991938775510204,0.7,0.20290880386020937,0.03247687650161535,6.247793067480397
vggss,C0,12345,best,3958,hHb0Eq1I7Fk_000000,0.9931632653061224,0.5789795918367346,0.09133523812629592,0.010828608841255982,8.43462345581431
vggss,C0,12345,best,3959,hHbJRPjqgXQ_000090,0.993061224489796,0.8344897959183674,0.12146432132527565,0.025457529824711538,4.771253226908553
vggss,C0,12345,best,3960,hIYihNrwF2Q_000440,0.9894897959183674,0.3327551020408163,0.10098473972956468,0.012666002352057441,7.972897598046072
vggss,C0,12345,best,3961,hIazzIF19gY_000110,0.993061224489796,-0.7347959183673469,0.09086164063537411,0.012814671079204686,7.090438769265175
vggss,C0,12345,best,3962,hNL5kuYOnok_000119,0.9936734693877551,0.7384693877551021,0.12555521441493628,0.018550509670407125,6.768289208529371
vggss,C0,12345,best,3963,hQYRDNl-lGI_000382,0.9941836734693877,0.46755102040816326,0.13037052008972572,0.015486433694813544,8.418369436043058
vggss,C0,12345,best,3964,hRHKxyErgZw_000030,0.9610204081632653,0.17489795918367346,0.12643653544121666,0.025302164091874878,4.997064084404481
vggss,C0,12345,best,3965,hSAgDYarzOs_000060,0.981734693877551,0.799795918367347,0.09103044448362002,0.033864745720716204,2.6880592942983075
vggss,C0,12345,best,3966,hSV8LmYR6TY_000010,0.993061224489796,0.9022448979591837,0.1530075897658241,0.022162794631452872,6.903803979155212
vggss,C0,12345,best,3967,hT8dAeHe7Ow_000050,0.9910204081632653,0.6355102040816326,0.16293338237549534,0.022544127907779994,7.227309170795953
vggss,C0,12345,best,3968,hTxXqAik2UU_000003,0.9977551020408163,0.7053061224489796,0.14931987596078916,0.01810513300895023,8.247378016332343
vggss,C0,12345,best,3969,hTxXqAik2UU_000058,0.9965306122448979,0.8195918367346938,0.166974324077406,0.01996010245845046,8.365404156866665
vggss,C0,12345,best,3970,hUJWpx4ji1M_000092,0.9948979591836735,0.39357142857142857,0.188904048009355,0.02108363089860808,8.959749339086859
vggss,C0,12345,best,3971,hUcuXIvDN2E_000030,0.9948979591836735,0.8206122448979591,0.19927838192826255,0.05147130058541407,3.871640694168393
vggss,C0,12345,best,3972,hYk2rw9wcXc_000070,0.9957142857142857,-0.7025510204081633,0.1940403334408899,0.019580735341187754,9.909757221054372
vggss,C0,12345,best,3973,hZ4oCZEjcWE_000129,0.996938775510204,0.9494897959183674,0.1507136205167538,0.04671918515724261,3.225947113792705
vggss,C0,12345,best,3974,hZQ5AlAjgVI_000068,0.9874489795918368,0.6997959183673469,0.07511550870298203,0.014168732227427464,5.301498221384647
vggss,C0,12345,best,3975,h_Q_2UKcQX0_000368,0.9971428571428571,0.9777551020408163,0.12946285038378283,0.03564747206096114,3.6317540318816146
vggss,C0,12345,best,3976,h_m8EqsraXs_000206,0.9939795918367347,0.3156122448979592,0.14213328905195668,0.009941800445052966,14.296534097370877
vggss,C0,12345,best,3977,ha8lvNZ7n7c_000046,0.9914285714285714,0.7838775510204081,0.18251992139445655,0.02592988262020758,7.038979854548813
vggss,C0,12345,best,3978,haEhBq0E5Eo_000119,0.9808163265306122,0.386734693877551,0.1319539410160297,0.021119351239489985,6.248011102220595
vggss,C0,12345,best,3979,haVBNvKQsEI_000020,0.9891836734693877,0.5041836734693877,0.10841944466570277,0.011860522142389807,9.141203343671434
vggss,C0,12345,best,3980,hbLS-Dlgj_o_000002,0.9708163265306122,0.4866326530612245,0.08890069896133614,0.021961462058638536,4.048031898967631
vggss,C0,12345,best,3981,hdebdzPVZdQ_000101,0.9248979591836735,0.7425510204081632,0.11730258988080917,0.03569352110538915,3.286383249622811
vggss,C0,12345,best,3982,hfBuRqBEBo4_000250,0.9873469387755102,0.26142857142857145,0.13501743971028848,0.018831785147945423,7.1696569735460844
vggss,C0,12345,best,3983,hfdMfiv2R9w_000058,0.9916326530612245,-0.18877551020408162,0.13356198528786756,0.01746180121293934,7.648809172612561
vggss,C0,12345,best,3984,hfewjg0CTQM_000060,0.9889795918367347,0.7060204081632653,0.11847029643607775,0.023151396234854304,5.1171987742891005
vggss,C0,12345,best,3985,hhnMBQ3Zgws_000000,0.9829591836734693,-0.3479591836734694,0.09887232903639805,0.019897521164475216,4.969077716721993
vggss,C0,12345,best,3986,hidrmMfy49s_000014,0.9866326530612245,0.7156122448979592,0.13163440769900142,0.026206439963003043,5.022979385404365
vggss,C0,12345,best,3987,hizN7823a6c_000030,0.9791836734693877,0.4272448979591837,0.15005554956088057,0.02490188921636485,6.025870095923008
vggss,C0,12345,best,3988,hjRCaD9JmJY_000511,0.9829591836734693,0.6763265306122449,0.15116209864131913,0.03490419850142433,4.33077122900131
vggss,C0,12345,best,3989,hkAmMR-HE2Y_000074,0.9957142857142857,0.5331632653061225,0.12247770804673425,0.010032670051091397,12.207887573598674
vggss,C0,12345,best,3990,hkWcUtga1lw_000400,0.9039795918367347,-0.15602040816326532,0.12491316884910744,0.04648231580988554,2.687326710657169
vggss,C0,12345,best,3991,hl6DOlVU-CQ_000024,0.9973469387755102,-0.4886734693877551,0.1522066489468708,0.014425273215760365,10.551387600796156
vggss,C0,12345,best,3992,hm4pu5tkD0U_000154,0.9907142857142858,-0.5797959183673469,0.18225846930827505,0.02822546388258436,6.457235568083327
vggss,C0,12345,best,3993,hmD1w6133Og_000110,0.9868367346938776,0.43795918367346937,0.11458296730726014,0.01982456173963471,5.77984869537759
vggss,C0,12345,best,3994,hnpnc72pQOQ_000677,0.993265306122449,0.9077551020408163,0.11439717078384959,0.03274864905751192,3.49318747722844
vggss,C0,12345,best,3995,hoOwwU30m0I_000067,0.9947959183673469,0.6022448979591837,0.12383180269584936,0.016089187959412728,7.696584999083406
vggss,C0,12345,best,3996,hs4z6xnkvbQ_000030,0.9840816326530613,-0.1270408163265306,0.12844394179892404,0.019813578158931814,6.482622208297216
vggss,C0,12345,best,3997,hsch-EsQFlU_000021,0.9952040816326531,0.7648979591836734,0.15792754007482346,0.015833159638235044,9.974480374305628
vggss,C0,12345,best,3998,hsmrvZEc_uw_000150,0.983265306122449,0.7605102040816326,0.17699346560589724,0.04240317490608614,4.174061635665241
vggss,C0,12345,best,3999,hv-gJtaC_uo_000302,0.9910204081632653,-0.4820408163265306,0.12869798044610625,0.01530415563093963,8.409348646842307
vggss,C0,12345,best,4000,hwSuNTGOaZc_000030,0.9924489795918368,0.8397959183673469,0.13175382557642487,0.024481098709368834,5.381859169825704
vggss,C0,12345,best,4001,hwdxp1xG-jQ_000077,0.9708163265306122,0.7662244897959184,0.12487431648519312,0.04124469819980763,3.027645295893462
vggss,C0,12345,best,4002,hyNm8rXY2-g_000104,0.9975510204081632,0.7962244897959184,0.1536212299216126,0.019021330353230254,8.076261074742558
vggss,C0,12345,best,4003,hzSgd10rtQ0_000120,0.9812244897959184,0.17285714285714285,0.08743122243886127,0.01475555225919758,5.925310073322587
vggss,C0,12345,best,4004,i-L8ZreRItY_000009,0.9955102040816326,0.9363265306122449,0.1745055216951375,0.027956358186307147,6.242069175541228
vggss,C0,12345,best,4005,i-g4r-1mKcg_000214,0.9942857142857143,0.12918367346938775,0.1137982471976615,0.008797360558845361,12.93549882791178
vggss,C0,12345,best,4006,i-ywi0EpUtE_000001,0.9879591836734694,0.7174489795918367,0.05499756045187362,0.010907465227768904,5.042194433208681
vggss,C0,12345,best,4007,i0uH_RoDvqM_000030,0.9706122448979592,0.7610204081632653,0.08184290439812625,0.029764212056619593,2.749708416350444
vggss,C0,12345,best,4008,i3022Z7Sm-A_000123,0.9847959183673469,0.18520408163265306,0.1075653313376013,0.01676553438979361,6.415860588558637
vggss,C0,12345,best,4009,i3HsITnarf4_000030,0.9938775510204082,0.5618367346938775,0.13812738796863358,0.015984761894161422,8.64119145991695
vggss,C0,12345,best,4010,i489LgRABaQ_000002,0.981938775510204,0.9377551020408164,0.1476683616409561,0.0676950392770564,2.181376408344957
vggss,C0,12345,best,4011,i6G_2fsacJc_000062,0.9912244897959184,0.7029591836734694,0.1578594384520939,0.030441470274122386,5.185670633861817
vggss,C0,12345,best,4012,i7zNzUXtXj0_000215,0.9847959183673469,0.7041836734693877,0.09760616830813769,0.021048395579111246,4.637226050854135
vggss,C0,12345,best,4013,i99_Kgi0WIU_000030,0.9933673469387755,0.20704081632653062,0.1517731976094622,0.017693395712970458,8.577957565161004
vggss,C0,12345,best,4014,iC0iQ1QKan4_000785,0.9644897959183674,0.23183673469387756,0.08326210784604714,0.02038451835626692,4.084575676052186
vggss,C0,12345,best,4015,iCIa_pmLDqs_000030,0.9814285714285714,0.6866326530612245,0.19742221564855833,0.05397289105700306,3.657803237555912
vggss,C0,12345,best,4016,iFgbO8LRJfo_000365,0.9907142857142858,0.9207142857142857,0.15218926003199565,0.04296232751235216,3.542388619151034
vggss,C0,12345,best,4017,iHL96O04zDo_000002,0.9952040816326531,0.9527551020408164,0.0971861295253058,0.035539081942178294,2.734626901263983
vggss,C0,12345,best,4018,iHL96O04zDo_000012,0.9889795918367347,0.9411224489795919,0.10474290600766496,0.03941586728058369,2.657379203711229
vggss,C0,12345,best,4019,iJ6DxdwyDeE_000064,0.9976530612244898,-0.3762244897959184,0.19418163072146763,0.011652171834359563,16.664844415430853
vggss,C0,12345,best,4020,iKWclBFnR2M_000001,0.9918367346938776,0.8404081632653061,0.13662185758491452,0.026578851249812165,5.140246894074477
vggss,C0,12345,best,4021,iM93yND9Ghw_000010,0.9954081632653061,0.8288775510204082,0.18034733746230647,0.03625677823902354,4.97416886501506
vggss,C0,12345,best,4022,iNFsYjfTRlA_000030,0.9941836734693877,0.43765306122448977,0.13792011069047838,0.01430676658038689,9.64020136314747
vggss,C0,12345,best,4023,iPFoT3Iz234_000010,0.9931632653061224,0.7716326530612245,0.14798514013512507,0.026013069206512928,5.688876578165326
vggss,C0,12345,best,4024,iPuIoRYYBfk_000030,0.998061224489796,0.6225510204081632,0.15671035816856838,0.009907069273876,15.818033954985932
vggss,C0,12345,best,4025,iRXQiy4dReE_000045,0.9838775510204082,0.7442857142857143,0.16175183374434124,0.029316860937335685,5.517365385403409
vggss,C0,12345,best,4026,iSyWKTPonhQ_000121,0.9961224489795918,0.2586734693877551,0.14629780344358942,0.013462826468030039,10.86679708685249
vggss,C0,12345,best,4027,iTCfi5_b4Ow_000035,0.9936734693877551,0.9154081632653062,0.1381505593338141,0.04000350927397197,3.4534610048249164
vggss,C0,12345,best,4028,iTmNN9uGRfs_000314,0.9842857142857143,0.9020408163265307,0.12206731777951418,0.036609332278248606,3.334322430459633
vggss,C0,12345,best,4029,iUtE4nRvBsM_000040,0.9490816326530612,0.19357142857142856,0.0898454318424859,0.025878231067834868,3.4718536830038023
vggss,C0,12345,best,4030,iW8es1xXsG4_000533,0.9888775510204082,0.6120408163265306,0.0928129018466529,0.01763326059044115,5.2635133117108275
vggss,C0,12345,best,4031,iWiNV03Wa6Y_000072,0.905,0.10591836734693877,0.04963310253373543,0.02273296324537722,2.1833098482587125
vggss,C0,12345,best,4032,iXNnJE6gNEk_000020,0.993265306122449,-0.17846938775510204,0.14621886605087384,0.012004802564336087,12.180030889076127
vggss,C0,12345,best,4033,iY6gP4y8Shk_000010,0.9889795918367347,-0.22704081632653061,0.08068647512849722,0.010054068709227865,8.025255989591681
vggss,C0,12345,best,4034,iYE4gYV7RA0_000060,0.99,0.7585714285714286,0.21903835360191773,0.02587884227761911,8.463993530010013
vggss,C0,12345,best,4035,iZqemiYznPQ_000454,0.9275510204081633,0.5872448979591837,0.05634035634185416,0.02348359262460849,2.399137016319003
vggss,C0,12345,best,4036,ia8IrM5BKBU_000176,0.9623469387755103,0.10234693877551021,0.10782120962937507,0.023379733634061987,4.611738153949286
vggss,C0,12345,best,4037,idPIRRspMp0_000121,0.991734693877551,0.7080612244897959,0.13375891262908018,0.01622234601329356,8.245349502437572
vggss,C0,12345,best,4038,idUZsNLnyDg_000030,0.9937755102040816,0.9689795918367347,0.23147460249894297,0.07804471228567908,2.965922939809693
vggss,C0,12345,best,4039,idmwtF7qPLI_000176,0.9787755102040816,0.6257142857142857,0.13510200016370502,0.03587213825243139,3.7662098426638364
vggss,C0,12345,best,4040,ifGuIUPl1hE_000030,0.998265306122449,0.49479591836734693,0.20483946459574975,0.012996482088000633,15.761146994144942
vggss,C0,12345,best,4041,ifHRDBx-ctw_000030,0.9865306122448979,0.6701020408163265,0.17114526495013255,0.032593402770515284,5.250917375983656
vggss,C0,12345,best,4042,ig59gOwKj0k_000105,0.9908163265306122,-0.13622448979591836,0.1476609084131556,0.01629226723498668,9.063251067725096
vggss,C0,12345,best,4043,ihQiGrQMR3U_000006,0.966530612244898,0.18724489795918367,0.07687230572652817,0.021502671057876545,3.5750119378015333
vggss,C0,12345,best,4044,iiAWiz5IGMw_000425,0.9830612244897959,0.32346938775510203,0.07614006502650442,0.01419499590938955,5.363866640929436
vggss,C0,12345,best,4045,iikhslprd_A_000009,0.9910204081632653,0.6955102040816327,0.10931276412770248,0.02196299723436155,4.9771332647021636
vggss,C0,12345,best,4046,ik3SNmU2v9k_000135,0.9833673469387755,0.1733673469387755,0.1474410274068928,0.02377789488155148,6.200760333972528
vggss,C0,12345,best,4047,io2ZMAWqkeQ_000010,0.9935714285714285,0.6755102040816326,0.15788613446788125,0.019058764075068606,8.28417487335484
vggss,C0,12345,best,4048,ioQdfK6Ae9k_000000,0.9956122448979592,0.7864285714285715,0.15636022617325981,0.032498209354393404,4.811348972127956
vggss,C0,12345,best,4049,ioQdfK6Ae9k_000010,0.9948979591836735,0.7207142857142858,0.15535164919292818,0.03569448963246699,4.352258592083173
vggss,C0,12345,best,4050,ioTmuyoOeV8_000018,0.9655102040816327,0.5231632653061224,0.10410814057739719,0.026906842487874595,3.869206898740084
vggss,C0,12345,best,4051,iosDKvAHUCI_000012,0.9843877551020408,0.3790816326530612,0.08201406601218263,0.014893057749957432,5.5068655066765615
vggss,C0,12345,best,4052,ipKCHDizaQI_000030,0.991734693877551,0.36459183673469386,0.12027901313379753,0.008741632553410159,13.759330696973304
vggss,C0,12345,best,4053,ipSnR0fR_uA_000044,0.9913265306122448,0.8410204081632653,0.170438402046029,0.0317835258626592,5.362476233206969
vggss,C0,12345,best,4054,ipSnR0fR_uA_000058,0.993061224489796,0.7742857142857142,0.17575786323288434,0.03275774792987427,5.365382980818331
vggss,C0,12345,best,4055,iq5Lh7AB1Ns_000019,0.993265306122449,0.3547959183673469,0.18978480681037954,0.0189958163878295,9.99087393432448
vggss,C0,12345,best,4056,it0U4Vscl5o_000208,0.9631632653061224,0.5552040816326531,0.12628651551338343,0.040839722788786455,3.0922471282801776
vggss,C0,12345,best,4057,ivmTP1YxO4k_000328,0.986938775510204,0.5701020408163265,0.10699502683376222,0.01856096584830123,5.764518274977313
vggss,C0,12345,best,4058,ixn9yG0ny8w_000030,0.9916326530612245,0.3637755102040816,0.21560078569280228,0.022481949468780692,9.589950639831919
vggss,C0,12345,best,4059,ixrRVADA0Jk_000104,0.9854081632653061,0.6542857142857142,0.10499251474072603,0.016268762953762513,6.453626193898423
vggss,C0,12345,best,4060,ixscoaWEEnQ_000104,0.9680612244897959,0.6646938775510204,0.11318443674364376,0.032685166908668725,3.4628685562448545
vggss,C0,12345,best,4061,iyroRIRrXUw_000090,0.9828571428571429,0.7014285714285714,0.09061485511025769,0.022241852043351527,4.074069683299778
vggss,C0,12345,best,4062,iz8en2Dt7vE_000017,0.9913265306122448,0.3868367346938775,0.16119345890659267,0.034862204513899986,4.623731090852929
vggss,C0,12345,best,4063,izGLFfu3VAY_000026,0.9913265306122448,0.9039795918367347,0.16210659759940335,0.044240477438801225,3.6642144701907613
vggss,C0,12345,best,4064,j-JCj72-vCg_000060,0.9915306122448979,0.5481632653061225,0.09778823926586895,0.015457157244308744,6.326405154600736
vggss,C0,12345,best,4065,j-UGe1kz-HY_000003,0.9898979591836735,0.6357142857142857,0.1628009700961241,0.02870866627352617,5.670795311248986
vggss,C0,12345,best,4066,j1JUsTMZcuY_000004,0.9717346938775511,-0.2861224489795918,0.11309131912973654,0.028942358823282725,3.907467246199714
vggss,C0,12345,best,4067,j1JUsTMZcuY_000042,0.9871428571428571,-0.36306122448979594,0.12296126723918617,0.02369311879947553,5.189745946063801
vggss,C0,12345,best,4068,j3slcVPwhPU_000023,0.9909183673469387,0.44040816326530613,0.1865567321680826,0.027994508414866677,6.664047441140648
vggss,C0,12345,best,4069,j42ETHcp044_000000,0.9792857142857143,0.6660204081632654,0.09164636664763773,0.021085373555060346,4.34644263751463
vggss,C0,12345,best,4070,j4QXK7I4kfk_000030,0.9821428571428571,0.6248979591836735,0.12501700345366645,0.019838167817587623,6.301842216640189
vggss,C0,12345,best,4071,j50SGKJ0MQI_000160,0.9888775510204082,0.7375510204081632,0.13567700918680556,0.025321142816525408,5.358249829792765
vggss,C0,12345,best,4072,j5_x1BgTo1Y_000437,0.9908163265306122,0.5278571428571428,0.18425961272638944,0.025813441657157418,7.138126530109513
vggss,C0,12345,best,4073,j6s-UMrMIE8_000190,0.986734693877551,0.46969387755102043,0.09111647040610911,0.019088799103838348,4.773295056983838
vggss,C0,12345,best,4074,j7Vej9AOKY0_000031,0.9977551020408163,0.6537755102040816,0.17754705022434789,0.017790118891880747,9.980093517271477
vggss,C0,12345,best,4075,j9Z63H5hvrQ_000010,0.9046938775510204,0.5705102040816327,0.07717630771038574,0.045923727189277674,1.6805323181260634
vggss,C0,12345,best,4076,jA-9WQtQg-Y_000131,0.981734693877551,0.8209183673469388,0.14939131548758383,0.03811834781644675,3.9191445601723234
vggss,C0,12345,best,4077,jBv48uOrgbs_000320,0.9758163265306122,0.4579591836734694,0.0674256860588848,0.015510757061608017,4.347027407564509
vggss,C0,12345,best,4078,jDSo2g-tW98_000019,0.9909183673469387,0.8457142857142858,0.17798936592368014,0.03431425650150295,5.187038393674194
vggss,C0,12345,best,4079,jEP-WEblweY_000115,0.9926530612244898,0.6954081632653061,0.14719723504804305,0.015895265080956584,9.260445440723952
vggss,C0,12345,best,4080,jEU8MG1w6oo_000080,0.993061224489796,0.9571428571428572,0.13076230785349735,0.05689203247352886,2.2984291853932164
vggss,C0,12345,best,4081,jEbK05u3Yq8_000011,0.9829591836734693,0.012448979591836735,0.20712262668278728,0.024755238569081444,8.366820061329454
vggss,C0,12345,best,4082,jGOFaS079Rc_000081,0.9622448979591837,-0.44693877551020406,0.09816747276019412,0.02005646581743194,4.894554885879871
vggss,C0,12345,best,4083,jH6-RU2or84_000040,0.9888775510204082,0.40551020408163263,0.10132542074387169,0.013951015831944847,7.262942137292835
vggss,C0,12345,best,4084,jIqAaU2Bgf0_000530,0.9795918367346939,0.8446938775510204,0.12352658633892745,0.03474950774574255,3.5547722644808317
vggss,C0,12345,best,4085,jJp1gPilmxs_000009,0.9791836734693877,0.613265306122449,0.13138852448183225,0.023553542302473068,5.578291485609651
vggss,C0,12345,best,4086,jKjj66pRXZA_000020,0.990204081632653,-0.7512244897959184,0.1609087829889412,0.024416010944716713,6.590297790792875
vggss,C0,12345,best,4087,jOMEUwArKss_000004,0.9935714285714285,0.8390816326530612,0.164338791193578,0.029966800019015496,5.484028694732053
vggss,C0,12345,best,4088,jPKhBkLgFLk_000016,0.9604081632653061,0.6679591836734694,0.1105321240854976,0.03926356427351105,2.815132200314975
vggss,C0,12345,best,4089,jQEi2K1fvRI_000263,0.985204081632653,-0.034183673469387756,0.06781109763144198,0.009791936584257897,6.925197793913327
vggss,C0,12345,best,4090,jR-H47v1arg_000080,0.99,0.6682653061224489,0.14941757511094264,0.0203587611408241,7.339227277996072
vggss,C0,12345,best,4091,jRImoxsY_uo_000030,0.9948979591836735,-0.6239795918367347,0.13091835890110964,0.017306020092734846,7.564902744800916
vggss,C0,12345,best,4092,jTuNUZEFBJk_000100,0.9888775510204082,0.8689795918367347,0.17604225020742711,0.0419562606967091,4.195851758096146
vggss,C0,12345,best,4093,jU0LDjmqrRw_000030,0.991938775510204,0.4630612244897959,0.11708827472551116,0.01786902806048891,6.5525821734205465
vggss,C0,12345,best,4094,jUjEZr4O6fU_000030,0.9734693877551021,0.255,0.12818372846478512,0.0258439354360215,4.959915210363881
vggss,C0,12345,best,4095,jVG2woyJ5Eg_000028,0.9875510204081632,0.8019387755102041,0.11176246204503444,0.02383470954942598,4.689063309677548
vggss,C0,12345,best,4096,jVbT8XQkJx8_000079,0.9938775510204082,0.7927551020408163,0.16986131361368342,0.040721926121651195,4.171249491152406
vggss,C0,12345,best,4097,jVbT8XQkJx8_000094,0.988265306122449,0.7505102040816326,0.14280198926404425,0.03780911055199308,3.7769200909307434
vggss,C0,12345,best,4098,jWlZ5adnMNw_000013,0.9766326530612245,-0.08285714285714285,0.1263643839392351,0.024558481793482825,5.145447711379654
vggss,C0,12345,best,4099,jWqqtybjzXE_000030,0.9870408163265306,0.5990816326530612,0.16187686479439575,0.024604744833222097,6.579091386301416
vggss,C0,12345,best,4100,jXSblZUHZ-8_000017,0.9951020408163266,0.6472448979591837,0.2091761447263492,0.018938850299667305,11.044817473953199
vggss,C0,12345,best,4101,jXqFEx-S0hw_000161,0.993061224489796,0.8128571428571428,0.17262785711514908,0.05484984723967213,3.1472805450274755
vggss,C0,12345,best,4102,jYgUTPUi28Y_000201,0.986734693877551,0.05173469387755102,0.10076586068552293,0.016355827471142344,6.160853730165027
vggss,C0,12345,best,4103,j_cywbssn70_000115,0.9921428571428571,-0.08387755102040817,0.1339797165555131,0.018013788318108365,7.4376202378724505
vggss,C0,12345,best,4104,jaI41fTAM54_000030,0.9726530612244898,0.2110204081632653,0.11066374987886674,0.02532540860965222,4.369672828760981
vggss,C0,12345,best,4105,jbH4PifIg-g_000006,0.9880612244897959,0.6290816326530613,0.18199179222145176,0.021872124992618286,8.320718370202846
vggss,C0,12345,best,4106,jbaZyROpitQ_000010,0.9921428571428571,-0.4770408163265306,0.20879510178312197,0.02527010547040089,8.262533847659862
vggss,C0,12345,best,4107,jbffNajOX7M_000019,0.9948979591836735,0.9343877551020409,0.12435154840058738,0.02768483491377765,4.491684663747174
vggss,C0,12345,best,4108,jcKRIZHO37k_000082,0.9901020408163266,0.1960204081632653,0.09172975393396228,0.013198289408998217,6.950124451084059
vggss,C0,12345,best,4109,jejadhR_m9w_000030,0.9873469387755102,0.03744897959183673,0.1469811189869248,0.01746880590707848,8.413919060567675
vggss,C0,12345,best,4110,jhTQR8w9SYI_000057,0.9797959183673469,0.8792857142857143,0.1043687111772489,0.041297650609540826,2.527231201697876
vggss,C0,12345,best,4111,jhplcoP39vM_000118,0.9915306122448979,0.2603061224489796,0.15592905919719718,0.015231714474241112,10.237131181843928
vggss,C0,12345,best,4112,ji4meumtHT4_000030,0.9952040816326531,0.029387755102040815,0.19566164722696244,0.012768783309955584,15.323437047788936
vggss,C0,12345,best,4113,jin4FoKXn1o_000180,0.9923469387755102,0.955,0.1824820237759771,0.05149191430524998,3.543896672673747
vggss,C0,12345,best,4114,jkvXuu8XltI_000080,0.9925510204081632,0.9531632653061225,0.11308197877408264,0.03757883248675824,3.0091935084446724
vggss,C0,12345,best,4115,jlgz0tRGQYM_000010,0.9933673469387755,0.9093877551020408,0.14219250373230952,0.03455869308633494,4.114522021335775
vggss,C0,12345,best,4116,jm4ipHk0QX4_000001,0.9928571428571429,0.5524489795918367,0.17554126693726751,0.01740277879289103,10.08696766340416
vggss,C0,12345,best,4117,jpEcGnA4tco_000322,0.9804081632653061,0.8478571428571429,0.11216866205890506,0.044273773774464655,2.5335238561389466
vggss,C0,12345,best,4118,jpHrNr6bDmU_000230,0.9934693877551021,0.8503061224489796,0.18372729244281935,0.03174807589875977,5.787037079938335
vggss,C0,12345,best,4119,jqqjc0XrU58_000092,0.9898979591836735,0.7878571428571428,0.15191735765437783,0.03537479139016558,4.294508933743474
vggss,C0,12345,best,4120,jr2kxASSRBY_000030,0.9772448979591837,-0.085,0.1333101800193135,0.023306335101836675,5.719911750895913
vggss,C0,12345,best,4121,jrwhxVnvMdk_000030,0.9843877551020408,0.8020408163265306,0.1365203520412048,0.041286997389992426,3.3066185644756048
vggss,C0,12345,best,4122,jtRq_vXe9uQ_000246,0.988265306122449,0.4816326530612245,0.10751971884798875,0.02024462505058616,5.311025448943824
vggss,C0,12345,best,4123,jtfG2FbwINE_000121,0.99,-0.1646938775510204,0.18632297175956514,0.016201482841418462,11.500365342068424
vggss,C0,12345,best,4124,jucJMIMABN8_000010,0.9946938775510205,0.7462244897959184,0.16855101685388107,0.024572611664223202,6.859304137349186
vggss,C0,12345,best,4125,jwZHGy2SI88_000215,0.9915306122448979,0.8398979591836735,0.10196427964829807,0.021346191147543752,4.776696645482387
vggss,C0,12345,best,4126,jwxvQraiIGs_000032,0.9805102040816327,0.6297959183673469,0.1376213088452954,0.04054467486880769,3.3943127991679085
vggss,C0,12345,best,4127,jwxvQraiIGs_000084,0.9883673469387755,0.9046938775510204,0.12432607235660174,0.030082851156253556,4.132788867346343
vggss,C0,12345,best,4128,jxC-0T5lXw4_000250,0.9779591836734693,0.10653061224489796,0.07473012472531315,0.014851022252858719,5.031985236634342
vggss,C0,12345,best,4129,jy9DUEVrrIQ_000192,0.988265306122449,0.8768367346938776,0.10284218049946146,0.04105062844240755,2.5052522799680177
vggss,C0,12345,best,4130,jzaDcRQkQEA_000089,0.9959183673469387,0.4529591836734694,0.17067772794852845,0.012100689273456318,14.104793875082935
vggss,C0,12345,best,4131,k0Z95PrMVOI_000064,0.9894897959183674,0.8222448979591837,0.12452522822865324,0.03346712393443857,3.7208225144352314
vggss,C0,12345,best,4132,k0ikzr_6EQg_000887,0.9783673469387755,0.765,0.14545865960810705,0.04319104042778558,3.3677970747500416
vggss,C0,12345,best,4133,k1vIk-7zyNE_000159,0.9901020408163266,0.893061224489796,0.1216603964540757,0.03494364716409353,3.4816170127509833
vggss,C0,12345,best,4134,k211h3tMeGQ_000060,0.9979591836734694,0.741938775510204,0.20516696098131232,0.017997216287042494,11.39992750595696
vggss,C0,12345,best,4135,k3AYfr6PIgs_000019,0.9901020408163266,0.5122448979591837,0.12525342776263845,0.01589009965778644,7.882482203392725
vggss,C0,12345,best,4136,k3uGdspoVtg_000119,0.9918367346938776,0.38755102040816325,0.16289446471557822,0.01787443306965028,9.11326608686478
vggss,C0,12345,best,4137,k45PjHhGXbo_000129,0.9913265306122448,0.8318367346938775,0.1117685783428709,0.02415010457765604,4.628078440963792
vggss,C0,12345,best,4138,k4ExqQTNklk_000210,0.9723469387755102,0.26948979591836736,0.08175433956000906,0.016909806165895106,4.834729550294727
vggss,C0,12345,best,4139,k6ROAVZxzqM_000017,0.9811224489795919,0.026122448979591838,0.09063601234812106,0.014772764129264825,6.135345528774216
vggss,C0,12345,best,4140,k7WzaCeUIrI_000136,0.9854081632653061,0.7447959183673469,0.13773020316509382,0.041479690435449315,3.32042504944509
vggss,C0,12345,best,4141,k8YMZkfLIvE_000319,0.9928571428571429,-0.1676530612244898,0.18098690008326032,0.017008804842113034,10.640777042437744
vggss,C0,12345,best,4142,k91ukyGncNI_000077,0.9886734693877551,0.3903061224489796,0.14756463899712904,0.016493120644705116,8.947041750070664
vggss,C0,12345,best,4143,k9bi4ygv1m0_000033,0.9872448979591837,0.7873469387755102,0.13869192603818906,0.02356032277569976,5.886673427973434
vggss,C0,12345,best,4144,kAE_Lb-f39I_000007,0.993265306122449,0.7036734693877551,0.1233308575715074,0.01549475861401902,7.959521064105039
vggss,C0,12345,best,4145,kC34iOvwo40_000293,0.9858163265306122,0.6878571428571428,0.15612072359512066,0.03821971190275862,4.084822093696949
vggss,C0,12345,best,4146,kEa1IlvIW0k_000039,0.9836734693877551,0.5995918367346939,0.12654571010648122,0.02132701109257762,5.933588610104047
vggss,C0,12345,best,4147,kEnOc-apG_o_000078,0.9822448979591837,0.1377551020408163,0.14902510523280604,0.017261078294447042,8.633591870141045
vggss,C0,12345,best,4148,kGo-dAQXtsA_000025,0.9979591836734694,0.9666326530612245,0.2065395040408542,0.057512785466151545,3.591192851586201
vggss,C0,12345,best,4149,kH6fFjIZkB0_000030,0.9877551020408163,0.1653061224489796,0.15323663862937065,0.022495744692465475,6.811805553638523
vggss,C0,12345,best,4150,kHNWRR0hJ08_000022,0.9958163265306123,0.38,0.12938438301779775,0.01814323695500099,7.131273396180515
vggss,C0,12345,best,4151,kHum8R_CcR0_000091,0.9935714285714285,0.8235714285714286,0.23053472842388997,0.03570254613958734,6.457094895208909
vggss,C0,12345,best,4152,kI04KR_InWQ_000000,0.9965306122448979,0.8371428571428572,0.1346471057767875,0.018843137633919548,7.145683929751123
vggss,C0,12345,best,4153,kKafEAL6m7A_000236,0.9776530612244898,-0.0933673469387755,0.09369500427454404,0.01715611210684571,5.461319189978797
vggss,C0,12345,best,4154,kKqIgmARIoA_000030,0.9976530612244898,0.30326530612244895,0.1696638940051167,0.012478624430528888,13.596361918709157
vggss,C0,12345,best,4155,kLNtUnSm7lc_000060,0.9924489795918368,0.9479591836734694,0.13840171749516283,0.040779602257090354,3.393895718320767
vggss,C0,12345,best,4156,kLySMIzASNE_000030,0.9843877551020408,0.47959183673469385,0.123048233147329,0.013932074057451827,8.832011130569205
vggss,C0,12345,best,4157,kNKfoDp0uUw_000030,0.9931632653061224,0.7720408163265307,0.12399043622352668,0.0194566502405919,6.372650723033952
vggss,C0,12345,best,4158,kO6CR2aAM3I_000024,0.92,-0.3302040816326531,0.07814806285724514,0.027255500331752624,2.8672400765361385
vggss,C0,12345,best,4159,kO8TVRcXI98_000303,0.9947959183673469,0.7875510204081633,0.14069453374507232,0.017224734174177445,8.16816865342371
vggss,C0,12345,best,4160,kO_VmIHmggc_000045,0.9961224489795918,0.5823469387755102,0.22323396979857368,0.016380629287001763,13.627923926934399
vggss,C0,12345,best,4161,kOheqjodDmw_000050,0.9931632653061224,0.8264285714285714,0.1078481948428689,0.019387221328907012,5.562849518928405
vggss,C0,12345,best,4162,kQ7tkcg8Xag_000300,0.9771428571428571,-0.4220408163265306,0.10927612023191605,0.024390557237616087,4.480263372719754
vggss,C0,12345,best,4163,kQ7tkcg8Xag_000415,0.9931632653061224,-0.7168367346938775,0.12158741237798434,0.019769979397290364,6.150103140453899
vggss,C0,12345,best,4164,kQQrsmLvoCE_000120,0.9864285714285714,0.039285714285714285,0.1024707228880196,0.013792759279546507,7.429312787324216
vggss,C0,12345,best,4165,kQ_5qrWH7v4_000338,0.9873469387755102,0.6322448979591837,0.11032232583860718,0.015144670071122754,7.284564491699647
vggss,C0,12345,best,4166,kRoKSjo1ONs_000226,0.9614285714285714,0.23857142857142857,0.08085399726663414,0.018820705817489212,4.296013021546741
vggss,C0,12345,best,4167,kRqRKQoKluE_000033,0.9938775510204082,-0.24051020408163265,0.16645794487225032,0.013778907028193888,12.080634881391553
vggss,C0,12345,best,4168,kTOX4xMk89M_000100,0.9230612244897959,0.3224489795918367,0.0784611475612075,0.031244984271720913,2.511159771401159
vggss,C0,12345,best,4169,kTizt7af0PE_000020,0.9770408163265306,0.7988775510204081,0.17899698632222058,0.08717202092760952,2.053376581355909
vggss,C0,12345,best,4170,kV9bDDyCiEM_000008,0.990204081632653,0.16,0.11262795750745222,0.01732837676965563,6.499625383531552
vggss,C0,12345,best,4171,kVuG_F3qCuY_000176,0.9914285714285714,0.9389795918367347,0.13404452016943447,0.05585482490712357,2.399873607917063
vggss,C0,12345,best,4172,kWPAWeNuBKc_000506,0.9726530612244898,0.37479591836734694,0.08383416671953979,0.018189920659482103,4.608825309847541
vggss,C0,12345,best,4173,kWdmJHAFMxk_000031,0.9612244897959183,-0.31255102040816324,0.11039482714965745,0.022908437102626255,4.8189593491300045
vggss,C0,12345,best,4174,kX4-OMWCdCc_000150,0.993265306122449,0.7121428571428572,0.21914756769657215,0.039955034017373506,5.484854989768773
vggss,C0,12345,best,4175,kXAfPnwvchE_000111,0.9830612244897959,0.8727551020408163,0.15841772615309208,0.0531897804053737,2.978348941201632
vggss,C0,12345,best,4176,kYXS4eqiMyA_000507,0.9955102040816326,0.9224489795918367,0.17984677352768022,0.023516599824104974,7.647652078653555
vggss,C0,12345,best,4177,kYvyOw8ZDS4_000016,0.9780612244897959,0.5176530612244898,0.12592888305272038,0.027374367729898014,4.600248096878675
vggss,C0,12345,best,4178,kZQkCqkUBVA_000168,0.9803061224489796,0.20959183673469386,0.11581033827925882,0.01973366205046792,5.868669382453154
vggss,C0,12345,best,4179,kZegES0woJo_000035,0.9870408163265306,0.795,0.1011244705225604,0.021006109048949687,4.814050535818611
vggss,C0,12345,best,4180,kdbA6lP1bmU_000037,0.9907142857142858,0.8092857142857143,0.12417460082840404,0.024286048525693556,5.113001429484622
vggss,C0,12345,best,4181,kf0YrFpuNKQ_000030,0.9213265306122449,0.3162244897959184,0.057724335576951016,0.018607144395582795,3.102267298503599
vggss,C0,12345,best,4182,kh77cZfsDvc_000089,0.9970408163265306,0.9396938775510204,0.17452064985225343,0.021720693147709105,8.034764298977274
vggss,C0,12345,best,4183,kiA86HI-GLU_000140,0.9840816326530613,0.5989795918367347,0.12468475117220848,0.02782490651410778,4.481048340952766
vggss,C0,12345,best,4184,kiAMVnSBGw0_000030,0.9912244897959184,-0.32255102040816325,0.16069457344222443,0.016118782027145884,9.969399249372334
vggss,C0,12345,best,4185,kl2E2erlkRg_000050,0.9944897959183674,0.31448979591836734,0.12769222950398537,0.0155630387272319,8.204839153972676
vggss,C0,12345,best,4186,kl3HZbyUNys_000030,0.9855102040816327,0.8142857142857143,0.15935556289761416,0.03800537568039019,4.192974284420443
vggss,C0,12345,best,4187,klExMKT88MQ_000160,0.9845918367346939,0.5160204081632653,0.13789731023738994,0.020890147778987206,6.60106915931427
vggss,C0,12345,best,4188,kmV2hj-I7Xo_000097,0.9858163265306122,0.9078571428571428,0.1696156635967539,0.04835643192124012,3.5076132968828864
vggss,C0,12345,best,4189,kmvLXRZp5oI_000163,0.9913265306122448,0.7751020408163265,0.15590126086757905,0.018014066123285682,8.654418153048468
vggss,C0,12345,best,4190,knzA9iuVOdw_000010,0.985,0.8330612244897959,0.1266572268065504,0.03213336555010003,3.941610990267283
vggss,C0,12345,best,4191,koUnrPY_3n8_000007,0.9884693877551021,-0.24520408163265306,0.16299719206328983,0.01764146786772047,9.23943479564614
vggss,C0,12345,best,4192,kpBkoalXnXM_000228,0.9925510204081632,0.7658163265306123,0.14595564109569342,0.01958121927259895,7.453858672628061
vggss,C0,12345,best,4193,kq6PDicCx9Q_000084,0.9857142857142858,0.9157142857142857,0.1595063914493234,0.06064167251207079,2.6303098981574675
vggss,C0,12345,best,4194,kr8ssbrDDMY_000030,0.9801020408163266,0.8111224489795918,0.11655871199741848,0.034478135941304014,3.3806558508803786
vggss,C0,12345,best,4195,krghmEqeJtU_000122,0.9914285714285714,0.2463265306122449,0.09965788999383214,0.012421921884123766,8.02274325369918
vggss,C0,12345,best,4196,ks0EpvbEO7Y_000083,0.9393877551020409,0.1620408163265306,0.07671059551241699,0.024966795154202054,3.072504702290801
vggss,C0,12345,best,4197,ksfpCXlY-hA_000100,0.9795918367346939,0.2935714285714286,0.10987125004140405,0.018529579873026364,5.929505730528968
vggss,C0,12345,best,4198,ksk9rjj5WB0_000030,0.9766326530612245,-0.052244897959183675,0.09001554684308857,0.01657586079214386,5.430520198730886
vggss,C0,12345,best,4199,ktis2aZfphM_000010,0.9966326530612245,0.9705102040816327,0.17050822128486312,0.06817155500727481,2.5011637370845894
vggss,C0,12345,best,4200,ktso7GeckG8_000130,0.988265306122449,-0.225,0.13228747240349692,0.017317998205922128,7.6387276884149
vggss,C0,12345,best,4201,ktvOqV10lW0_000030,0.993061224489796,0.6990816326530612,0.1310475296729529,0.01925126518917277,6.80721648085011
vggss,C0,12345,best,4202,kuihSZXsIJ4_000030,0.9623469387755103,0.8941836734693878,0.06528431737521698,0.035143752303353606,1.8576365099462415
vggss,C0,12345,best,4203,kwJKOXT5XR8_000255,0.9871428571428571,0.5129591836734694,0.14512336509866644,0.015059207829775654,9.63685253162672
vggss,C0,12345,best,4204,kwsgIBkX-3k_000300,0.9954081632653061,-0.45979591836734696,0.11988995982861445,0.00891021493058877,13.455338705358518
vggss,C0,12345,best,4205,kxTwZeZxuvo_000036,0.998265306122449,0.6676530612244898,0.14005804726590496,0.012633524515882674,11.086221195821176
vggss,C0,12345,best,4206,kxTwZeZxuvo_000099,0.9970408163265306,-0.5311224489795918,0.1604764609644371,0.008965139597640639,17.90005155153075
vggss,C0,12345,best,4207,kx_G2a2hL6U_000153,0.9915306122448979,-0.2129591836734694,0.09509545299327496,0.010316205749471884,9.218064790743744
vggss,C0,12345,best,4208,kxkk4w2yzbk_000030,0.9947959183673469,0.5331632653061225,0.20144956321031582,0.018285564288917262,11.016863358841642
vggss,C0,12345,best,4209,kzxmNNpXkF4_000057,0.9827551020408163,0.48489795918367345,0.11738772027490946,0.018854806569757653,6.225877727284384
vggss,C0,12345,best,4210,l-iIfi3SNpw_000120,0.9935714285714285,0.3169387755102041,0.13423971420748662,0.013290907690299723,10.100116360409345
vggss,C0,12345,best,4211,l-qyJLFOVYI_000000,0.9824489795918367,0.3820408163265306,0.14498465634133115,0.024881924150686616,5.8269069330528565
vggss,C0,12345,best,4212,l13XyX-sMwk_000406,0.9920408163265306,-0.656530612244898,0.13653342803260202,0.023046507475587216,5.924256774143744
vggss,C0,12345,best,4213,l1coM570kVw_000030,0.9738775510204082,0.5201020408163265,0.11744255917715762,0.031958376272153366,3.6748600171996255
vggss,C0,12345,best,4214,l1vEAtUWXHU_000034,0.9926530612244898,-0.14020408163265305,0.14059053694094387,0.01291714210594544,10.884028044890327
vggss,C0,12345,best,4215,l30pHj4I0Ps_000580,0.9862244897959184,0.0770408163265306,0.10113225851806469,0.013247698194982283,7.633949462735322
vggss,C0,12345,best,4216,l3abwXzDR1g_000030,0.9881632653061224,0.46346938775510205,0.15637453417143268,0.032667883253082154,4.786797263844116
vggss,C0,12345,best,4217,l59Gy1sqDSM_000003,0.9681632653061224,-0.22857142857142856,0.12276367328828142,0.024144831941771784,5.084469984481194
vggss,C0,12345,best,4218,l5O87Umi7DI_000210,0.9973469387755102,0.8660204081632653,0.2466114362251079,0.04231641184051461,5.827796486019569
vggss,C0,12345,best,4219,l5l0Awx8eeQ_000023,0.9926530612244898,0.8210204081632653,0.1983193543911003,0.033457761681979864,5.927454331110076
vggss,C0,12345,best,4220,l6RTgFxEWFY_000181,0.9678571428571429,0.7321428571428571,0.10543104452462035,0.021063755765181803,5.005329804426279
vggss,C0,12345,best,4221,l70yarlcd-I_000029,0.9964285714285714,0.4179591836734694,0.13137845880852692,0.013607326148214884,9.654979779092175
vggss,C0,12345,best,4222,l7RTgupQWcc_000030,0.9911224489795918,0.2456122448979592,0.1226409354972797,0.01990747634830763,6.160546588202056
vggss,C0,12345,best,4223,l7oD9WX-1CU_000010,0.9973469387755102,0.8395918367346938,0.18163903840694512,0.028547244388549848,6.362752072834028
vggss,C0,12345,best,4224,l8huGsnYzus_000023,0.9774489795918367,-0.3593877551020408,0.14661352852347967,0.026015369110512387,5.635650522607251
vggss,C0,12345,best,4225,l9L7_RaTw6I_000060,0.9957142857142857,0.6676530612244898,0.16508312516359194,0.03254636739630466,5.072244258581546
vggss,C0,12345,best,4226,lA3KGYqG5rQ_000458,0.9470408163265306,0.8018367346938775,0.07658449646735903,0.03391470449865018,2.258150191767324
vggss,C0,12345,best,4227,lA3KGYqG5rQ_000484,0.9924489795918368,0.9320408163265306,0.16445597349593713,0.041592110007981034,3.954018525734327
vggss,C0,12345,best,4228,lAA0QneMahs_000038,0.9960204081632653,0.725,0.17072286718826454,0.0262034717417378,6.515276634749556
vggss,C0,12345,best,4229,lAF6nVFk6Is_000077,0.9885714285714285,0.5838775510204082,0.18117614607712015,0.022491221672107552,8.055415962655573
vggss,C0,12345,best,4230,lAXpiE0dm_k_000340,0.9861224489795918,0.9083673469387755,0.17897776797748988,0.05106760175487985,3.504722403777016
vggss,C0,12345,best,4231,lBftiRlNTYI_000363,0.9916326530612245,0.2360204081632653,0.1291004695696197,0.01424169172470394,9.064967285149088
vggss,C0,12345,best,4232,lBm9NJCDgBU_000105,0.9808163265306122,0.8130612244897959,0.1495701946563628,0.04777238053705495,3.1308926407874464
vggss,C0,12345,best,4233,lEjV0us_eF0_000021,0.9913265306122448,0.07959183673469387,0.13608133191185623,0.018574888480153748,7.326091462527578
vggss,C0,12345,best,4234,lF1C6JSDZJU_000209,0.9965306122448979,-0.6448979591836734,0.13932707880333187,0.013677826276106397,10.186346572241554
vggss,C0,12345,best,4235,lGZKkiZEDBY_000003,0.9958163265306123,0.7703061224489796,0.13163309094376818,0.01181957200361538,11.136874575788713
vggss,C0,12345,best,4236,lI3P985JB7k_000149,0.9575510204081633,0.8635714285714285,0.13282674015852006,0.0542692809826501,2.4475492903800364
vggss,C0,12345,best,4237,lIvNNndi03c_000081,0.9908163265306122,0.7153061224489796,0.1280286390613088,0.025793174425393618,4.963663523915203
vggss,C0,12345,best,4238,lJSwhBfEdyA_000079,0.9947959183673469,0.8616326530612245,0.16094071285784997,0.014945377779961739,10.768594493050145
vggss,C0,12345,best,4239,lKkW2wWkSJE_000111,0.9781632653061224,0.6785714285714286,0.09242578413847032,0.019668187719387747,4.6992526946121425
vggss,C0,12345,best,4240,lLdaRlWf2GU_000040,0.9939795918367347,0.7819387755102041,0.16953900971850253,0.028907747376963177,5.864829504273638
vggss,C0,12345,best,4241,lMms5mWwXjw_000162,0.9952040816326531,0.8156122448979591,0.1638989052456745,0.019861880275818065,8.251932997764678
vggss,C0,12345,best,4242,lNEMzNU9Unc_000080,0.9851020408163266,0.5333673469387755,0.06278372085066913,0.012633417312332812,4.969654630927082
vggss,C0,12345,best,4243,lNTgZsEJqEo_000103,0.9889795918367347,0.32479591836734695,0.17149474802701875,0.018517328143966134,9.261311712667373
vggss,C0,12345,best,4244,lO7WoIty5h8_000195,0.9903061224489796,-0.6033673469387755,0.11228055837223512,0.02017132770513601,5.5663444674316755
vggss,C0,12345,best,4245,lQNWx4KRlz0_000450,0.9803061224489796,0.6137755102040816,0.13634445131951572,0.023991013597732036,5.683146765103952
vggss,C0,12345,best,4246,lSr8MKcWTdo_000130,0.9808163265306122,0.6586734693877551,0.10009988342595112,0.023434890867290337,4.271403864980967
vggss,C0,12345,best,4247,lVye-L3oq6A_000030,0.9913265306122448,0.7857142857142857,0.10081214262895517,0.024758513236766186,4.0718173044110735
vggss,C0,12345,best,4248,lX7W1jwY6-8_000658,0.9948979591836735,0.9044897959183673,0.07993928370899298,0.012790471936763482,6.2499088465394745
vggss,C0,12345,best,4249,lXUcalwkWCo_000070,0.9941836734693877,0.4190816326530612,0.13620088557839918,0.016399987470927583,8.304938392169129
vggss,C0,12345,best,4250,lYOw8di2k4I_000030,0.9798979591836735,-0.5607142857142857,0.1310516230125165,0.024123410293113514,5.43254960306867
vggss,C0,12345,best,4251,lZ6T7D65kys_000066,0.9920408163265306,0.010612244897959184,0.13655579304257573,0.015412615404616447,8.860001333821254
vggss,C0,12345,best,4252,laSDlOFM5vc_000025,0.9934693877551021,0.9213265306122449,0.07729915110752546,0.015623805572221474,4.947523876318608
vggss,C0,12345,best,4253,lb1awXgoyQE_000000,0.9831632653061224,0.7219387755102041,0.14660785139713137,0.03532852169279964,4.149843932671877
vggss,C0,12345,best,4254,lb_m2AVVb5M_000100,0.9427551020408164,0.6028571428571429,0.14635611140351157,0.04799760910669066,3.0492375376070586
vggss,C0,12345,best,4255,lbnENIVqZk0_000207,0.9811224489795919,0.2889795918367347,0.0985059792160692,0.014525078722775444,6.781786253702777
vggss,C0,12345,best,4256,lcGYtyHeKR4_000055,0.9921428571428571,0.8194897959183673,0.19495607488441843,0.03479076387498758,5.603673307805118
vggss,C0,12345,best,4257,lchja4Ln8lw_000153,0.9598979591836735,0.15479591836734694,0.07351988686296099,0.019123142553472385,3.8445504789489333
vggss,C0,12345,best,4258,lg6lt9pvfKY_000684,0.9838775510204082,0.8088775510204081,0.15370488451109368,0.03052037331844557,5.036140380963139
vggss,C0,12345,best,4259,liZ8HrN_mKQ_000190,0.9736734693877551,-0.46846938775510205,0.09085527011235862,0.016029096305997248,5.668146748757467
vggss,C0,12345,best,4260,ljQ1uYYhtxM_000027,0.9942857142857143,0.9338775510204081,0.13689320139049393,0.036101577169560306,3.7918897766582313
vggss,C0,12345,best,4261,ljQ1uYYhtxM_000164,0.965,0.24193877551020407,0.1042644478477667,0.025934319377848767,4.020327132117526
vggss,C0,12345,best,4262,ljUu7ZnlKZA_000031,0.9926530612244898,0.74,0.14389617218893686,0.02262296384704294,6.360624238355294
vggss,C0,12345,best,4263,ljjWDXhYU9A_000018,0.9864285714285714,-0.18540816326530613,0.12914405360417225,0.01849859091986199,6.981291394768339
vggss,C0,12345,best,4264,lkLg1kI06UM_000406,0.9783673469387755,0.42489795918367346,0.06048724883189741,0.013070983803985642,4.627597259622759
vggss,C0,12345,best,4265,ll1dqj73iDs_000211,0.9951020408163266,0.7488775510204082,0.1724006062535616,0.031691466898369956,5.439969276475145
vggss,C0,12345,best,4266,lm5ia1UoyGw_000030,0.9744897959183674,0.2439795918367347,0.11788401346168116,0.02203823126818006,5.349068717319806
vggss,C0,12345,best,4267,lmaIgor5XTg_000030,0.9688775510204082,0.4975510204081633,0.11406924070151239,0.024469894369230798,4.6616155746445145
vggss,C0,12345,best,4268,lnZakZnnpMo_000080,0.9821428571428571,-0.2770408163265306,0.12097500372436133,0.01718797797115163,7.0383499401387555
vggss,C0,12345,best,4269,loKkvegkPJ8_000030,0.9830612244897959,0.2490816326530612,0.11328114862450041,0.01731996364553416,6.5404957506195
vggss,C0,12345,best,4270,lpoMqe5RO_A_000002,0.9947959183673469,0.7618367346938776,0.12156841981284662,0.015807136335812925,7.6907301379706
vggss,C0,12345,best,4271,lqCx0HgF1ZM_000030,0.9974489795918368,0.6538775510204081,0.18258910303380316,0.016206323972464708,11.266534184064842
vggss,C0,12345,best,4272,lqeAf-DqE3I_000140,0.9865306122448979,0.5798979591836735,0.12968459667685717,0.027064983505936217,4.791600802136576
vggss,C0,12345,best,4273,lsAu4_RaXHU_000020,0.9939795918367347,0.6922448979591836,0.19001350440134054,0.02845840659781588,6.67688486873765
vggss,C0,12345,best,4274,lsY8RejLczg_000176,0.9843877551020408,0.3289795918367347,0.13166344182989617,0.019203456079227688,6.85623677772857
vggss,C0,12345,best,4275,lu52106QS6E_000025,0.9754081632653061,0.7568367346938776,0.14555442640968067,0.03799218749608044,3.831167300506115
vggss,C0,12345,best,4276,luSAuu-BoPs_000232,0.9414285714285714,-0.18,0.0920069986976667,0.025008005563775932,3.6791018165374503
vggss,C0,12345,best,4277,lutN6JqHO_s_000097,0.9951020408163266,0.6421428571428571,0.2163802011119109,0.04980667633393464,4.344401534869839
vggss,C0,12345,best,4278,lutN6JqHO_s_000173,0.9881632653061224,0.5377551020408163,0.20691158494442782,0.05007721484947422,4.131850893991966
vggss,C0,12345,best,4279,lv_tTIdHC2Q_000130,0.9875510204081632,0.7805102040816326,0.1724782429323814,0.05002613573366656,3.4477626625137687
vggss,C0,12345,best,4280,lwTJnSlhz-Q_000417,0.9815306122448979,0.39183673469387753,0.11318863635886121,0.016508205571843564,6.8565075632397035
vggss,C0,12345,best,4281,lxFXp7wgzrs_000087,0.9927551020408163,0.7046938775510204,0.1428338683365874,0.02110118898852337,6.768996212216888
vggss,C0,12345,best,4282,m-2-HsrBkak_000030,0.9574489795918367,0.12142857142857143,0.11600875485272834,0.03003475905528953,3.8624832860877443
vggss,C0,12345,best,4283,m-FO9gFY5Go_000030,0.9972448979591837,0.40530612244897957,0.15681645285762125,0.009204847687829068,17.0362898090067
vggss,C0,12345,best,4284,m0GjXTf9Ls4_000171,0.9496938775510204,0.4326530612244898,0.13171079536403546,0.04910831411813553,2.6820467721044228
vggss,C0,12345,best,4285,m0kxHYaGpL8_000000,0.9926530612244898,0.5314285714285715,0.1602122191482724,0.023847110540542962,6.718307397279529
vggss,C0,12345,best,4286,m1GaYAKcH9g_000050,0.9658163265306122,-0.10561224489795919,0.07592373264678998,0.017473407608923304,4.345101673700859
vggss,C0,12345,best,4287,m2HW_e9DDhg_000013,0.9940816326530613,0.7335714285714285,0.18150928742984848,0.018441874487503906,9.842236349284233
vggss,C0,12345,best,4288,m4Dj_vTsAt0_000022,0.9942857142857143,0.6128571428571429,0.12694186431337984,0.0207300790066887,6.123559117764152
vggss,C0,12345,best,4289,m4HJsIC5-x0_000345,0.9922448979591837,0.601938775510204,0.11246678806844851,0.015633943541403787,7.193756826011283
vggss,C0,12345,best,4290,m4emitvY_Dg_000178,0.9945918367346939,0.9182653061224489,0.13096272565449482,0.026934803032742555,4.862212116245795
vggss,C0,12345,best,4291,m77lSpgTPpI_000016,0.9864285714285714,0.4775510204081633,0.08498942434059507,0.012643916568053892,6.721764089722742
vggss,C0,12345,best,4292,mA1d-1wXTgU_000056,0.9889795918367347,0.7348979591836735,0.17954600544919272,0.041912151058016135,4.2838652017802525
vggss,C0,12345,best,4293,mC0O0048pPw_000029,0.9947959183673469,0.7913265306122449,0.15366372834130917,0.02556840101159607,6.009907630579553
vggss,C0,12345,best,4294,mC87qMYLJX4_000057,0.9839795918367347,0.4310204081632653,0.08228736181982392,0.018688063243220334,4.40320437430434
vggss,C0,12345,best,4295,mCY1Z1cmc-s_000359,0.9958163265306123,0.7914285714285715,0.17015572062681986,0.016292172735136622,10.44401648528145
vggss,C0,12345,best,4296,mCaniZpghFE_000310,0.973265306122449,0.8479591836734693,0.15106068147466217,0.05455973373898325,2.7687210168096628
vggss,C0,12345,best,4297,mCxWczXC6Qg_000122,0.9941836734693877,0.40448979591836737,0.13491749867356176,0.016065729391730517,8.397844591046553
vggss,C0,12345,best,4298,mDtpxEQFyts_000018,0.9805102040816327,0.47785714285714287,0.13569899944667457,0.02650490974178606,5.119768403992699
vggss,C0,12345,best,4299,mDtpxEQFyts_000051,0.993061224489796,0.8752040816326531,0.12451881320488224,0.02226143521350137,5.593476431805379
vggss,C0,12345,best,4300,mEL68q2FRBo_000100,0.986734693877551,-0.040204081632653065,0.10922054823500976,0.01293197827295987,8.445772636610792
vggss,C0,12345,best,4301,mEslZvugQCc_000030,0.9935714285714285,0.3818367346938776,0.15240274665080844,0.013293539988308253,11.464421575054317
vggss,C0,12345,best,4302,mEuLwjBPLxk_000048,0.9316326530612244,0.6614285714285715,0.09862082542442603,0.035149381003481465,2.805762793224093
vggss,C0,12345,best,4303,mFD6P7We2ww_000081,0.9805102040816327,0.10795918367346939,0.09827589189938153,0.015246428912569391,6.44583019820211
vggss,C0,12345,best,4304,mFZRSbjdhNg_000001,0.9863265306122448,0.8710204081632653,0.1656821390339483,0.047358075664804336,3.498498127471008
vggss,C0,12345,best,4305,mFnSuE0zskc_000000,0.9945918367346939,0.9043877551020408,0.16313244839655103,0.025687564693613715,6.350638931416804
vggss,C0,12345,best,4306,mH0qxsxLypw_000080,0.9890816326530613,0.5789795918367346,0.11384659565012001,0.016063432137324724,7.087314508932867
vggss,C0,12345,best,4307,mHRF_-IOT2s_000440,0.9567346938775511,-0.11438775510204081,0.08989725708746096,0.020349481041111457,4.417668288731501
vggss,C0,12345,best,4308,mJOGqViXauo_000100,0.9896938775510205,0.47051020408163263,0.11320588601362269,0.015159615730907646,7.467596014509581
vggss,C0,12345,best,4309,mJaX4ZpfULM_000030,0.9884693877551021,0.9480612244897959,0.11143396788919212,0.04966970305383767,2.2434997803068666
vggss,C0,12345,best,4310,mKEJRZtNx9o_000044,0.9786734693877551,0.6581632653061225,0.1476949301390667,0.04037144473704831,3.6584009093816037
vggss,C0,12345,best,4311,mMADjF3VZdU_000395,0.9971428571428571,0.8303061224489796,0.16226432193200718,0.023082712753527804,7.029690299603447
vggss,C0,12345,best,4312,mMR8S8qxGTg_000166,0.9821428571428571,0.8633673469387755,0.17295031690784626,0.06446226160420171,2.682970044857582
vggss,C0,12345,best,4313,mMf4vJFT8Fw_000030,0.9876530612244898,-0.027448979591836734,0.14650905143607693,0.02097247454981539,6.985778005741653
vggss,C0,12345,best,4314,mMqRFspSg10_000184,0.9964285714285714,0.7371428571428571,0.15809052907885682,0.019234293248449233,8.219201352334736
vggss,C0,12345,best,4315,mOPJRy2Nv_o_000134,0.976326530612245,0.7358163265306122,0.12429296297489291,0.027280519160458497,4.556106951038096
vggss,C0,12345,best,4316,mPU9j7icxs0_000123,0.9935714285714285,-0.5627551020408164,0.12630403871865958,0.017328746589646303,7.288700199131804
vggss,C0,12345,best,4317,mSHxFybELNY_000015,0.9922448979591837,0.9210204081632654,0.1968736590799978,0.04198776813328042,4.68883362542796
vggss,C0,12345,best,4318,mSHxFybELNY_000030,0.9834693877551021,0.5740816326530612,0.1858111333686943,0.04299623705029689,4.32156733044645
vggss,C0,12345,best,4319,mSlE2F9N-8g_000030,0.9744897959183674,0.7623469387755102,0.15079430060492707,0.04346454426282234,3.46936343547285
vggss,C0,12345,best,4320,mTM0WQRcfNU_000050,0.9923469387755102,0.8506122448979592,0.08689879214702181,0.019423685356033477,4.473857074709507
vggss,C0,12345,best,4321,mW5_chAgg8c_000120,0.9792857142857143,0.5577551020408164,0.16183126152707106,0.04170319672629887,3.8805481169508766
vggss,C0,12345,best,4322,mWaz8lJKZe8_000140,0.9973469387755102,0.8814285714285715,0.1997366043315659,0.01986897463025379,10.05268807517797
vggss,C0,12345,best,4323,mYZyXIYEJAQ_000095,0.9926530612244898,-0.6543877551020408,0.14737425848543625,0.01655669826002917,8.901186466701763
vggss,C0,12345,best,4324,mYbbc_0WyvI_000030,0.9825510204081632,0.2960204081632653,0.10566216458312953,0.01803327670327237,5.859288154989369
vggss,C0,12345,best,4325,mZ6ALw9GOUU_000030,0.9973469387755102,0.9617346938775511,0.1658891739796535,0.04466117923297614,3.714393055192039
vggss,C0,12345,best,4326,mZIBXZlICgw_000000,0.9438775510204082,0.5268367346938776,0.13526295473651556,0.04374046674265642,3.0923985226843707
vggss,C0,12345,best,4327,mZKUFZhLXAE_000021,0.981326530612245,0.6808163265306122,0.11855513665337389,0.021131889449141524,5.610247817106111
vggss,C0,12345,best,4328,mZXjs-SYlCA_000005,0.9851020408163266,-0.34224489795918367,0.1494330134831129,0.01637524902502182,9.125541434806594
vggss,C0,12345,best,4329,mZ_z2lorJeY_000070,0.9854081632653061,-0.7108163265306122,0.1211065040505282,0.024645984315362676,4.913843265535084
vggss,C0,12345,best,4330,maG3tkd7WJY_000075,0.980204081632653,-0.0034693877551020408,0.1376756460382917,0.014402738621315088,9.55899080432807
vggss,C0,12345,best,4331,magdHwtSIjY_000031,0.9962244897959184,0.8742857142857143,0.14789438917614453,0.0273945582545908,5.398677642533633
vggss,C0,12345,best,4332,mbLiZ_jpgeY_000020,0.9851020408163266,0.6666326530612245,0.1138723964526654,0.01674284729432994,6.801256348508233
vggss,C0,12345,best,4333,mbVT9tKSUXo_000005,0.98,0.6224489795918368,0.09437795560924728,0.02329165063598227,4.052008038599326
vggss,C0,12345,best,4334,mcBEkWVDcmc_000107,0.9959183673469387,0.5385714285714286,0.18051342845492638,0.011968959946979814,15.081797353702083
vggss,C0,12345,best,4335,mcYd-WlyCIw_000006,0.9459183673469388,0.1646938775510204,0.06984874870538406,0.01754811178739259,3.9804139357926114
vggss,C0,12345,best,4336,mcrf1Mb99d4_000068,0.9961224489795918,0.8192857142857143,0.19861731537051866,0.04697157176990364,4.228457935013788
vggss,C0,12345,best,4337,mdrKLSXXZNc_000302,0.9960204081632653,0.7507142857142857,0.12446292541464636,0.018610331318059906,6.68784038755208
vggss,C0,12345,best,4338,meoZvdQ2qBs_000162,0.985204081632653,0.28551020408163263,0.09583018405476493,0.012949164593439118,7.400491619615267
vggss,C0,12345,best,4339,mg2EyWA0Jxc_000030,0.9927551020408163,0.8901020408163265,0.1397001748288617,0.024677780508018003,5.660969988102132
vggss,C0,12345,best,4340,mh6JxDJ0Bno_000030,0.9908163265306122,-0.7497959183673469,0.15633799012492022,0.023718200724106405,6.591477656482745
vggss,C0,12345,best,4341,mhQGbJQlVns_000002,0.9775510204081632,0.6016326530612245,0.11708338168735116,0.01732165652289251,6.759364009591829
vggss,C0,12345,best,4342,mhZMQF-y8n0_000097,0.9768367346938776,0.6485714285714286,0.11208557141965268,0.030428499506744176,3.6835720865831725
vggss,C0,12345,best,4343,miT69L7G9iA_000140,0.9942857142857143,-0.5563265306122449,0.1387197362033119,0.01686480536170896,8.225397994706238
vggss,C0,12345,best,4344,mjhlzNVpnXs_000026,0.983265306122449,0.22122448979591836,0.14058689202061467,0.018081154621260597,7.775327127356489
vggss,C0,12345,best,4345,mlpF226Gvlo_000000,0.9895918367346939,0.5190816326530612,0.1632891486571759,0.02065970663264518,7.903749630169315
vggss,C0,12345,best,4346,mmkqzl_NHKs_000184,0.9908163265306122,0.4996938775510204,0.11099972931550861,0.015621349870446855,7.105642613222734
vggss,C0,12345,best,4347,mnWYh3iPoy8_000020,0.9976530612244898,0.8887755102040816,0.169364283674408,0.014778808710588832,11.459941527835097
vggss,C0,12345,best,4348,mo_x30i1gns_000099,0.9825510204081632,0.48153061224489796,0.15667970880776155,0.037964670059196,4.126987237435763
vggss,C0,12345,best,4349,momJJOUPFzU_000017,0.9881632653061224,0.7751020408163265,0.14833726582707615,0.0374458367658458,3.961382055758305
vggss,C0,12345,best,4350,mpNxnTHMCHs_000164,0.9909183673469387,-0.08326530612244898,0.13336661116026072,0.016177045109729005,8.244188617614286
vggss,C0,12345,best,4351,mt6Pa7pBz_A_000210,0.9963265306122449,0.9274489795918367,0.15087990499254872,0.02841497159213249,5.309873511692132
vggss,C0,12345,best,4352,muEqLs4xcvs_000030,0.9922448979591837,0.0686734693877551,0.10126696578068127,0.014127535008716703,7.168056261633714
vggss,C0,12345,best,4353,muQm_S77_E0_000070,0.9958163265306123,0.9076530612244897,0.16113666075974578,0.025722570727264693,6.264407335809117
vggss,C0,12345,best,4354,muuSxbHjipw_000112,0.9789795918367347,-0.33438775510204083,0.09816926541291252,0.01684692178830326,5.827133683321957
vggss,C0,12345,best,4355,mv_YCUYtGaA_000408,0.9744897959183674,0.8686734693877551,0.11775889189938735,0.040073600897057575,2.938565271483598
vggss,C0,12345,best,4356,mw1VGZoYQts_000070,0.9828571428571429,0.7371428571428571,0.11931778490128116,0.026263065132171193,4.543178197244072
vggss,C0,12345,best,4357,mwoQMUhI9nY_000139,0.9976530612244898,-0.25255102040816324,0.11424580048677559,0.008155985931784527,14.00760146502345
vggss,C0,12345,best,4358,mxH5Ueh1fYo_000536,0.9870408163265306,0.9078571428571428,0.17362335649558536,0.06904739039559275,2.514553490013833
vggss,C0,12345,best,4359,mxQ37FEFLKY_000030,0.9947959183673469,-0.08602040816326531,0.13433785394078768,0.013612826456562036,9.86847620289983
vggss,C0,12345,best,4360,myOH_8igzTw_000161,0.9858163265306122,0.7955102040816326,0.14913288709923533,0.04176891653691841,3.570427472482338
vggss,C0,12345,best,4361,n-tBbgUkFxo_000021,0.9878571428571429,0.3429591836734694,0.10621694014687785,0.016989061939118283,6.252077985677791
vggss,C0,12345,best,4362,n-tBbgUkFxo_000032,0.9909183673469387,0.7196938775510204,0.1266611157386203,0.027883810714334704,4.542460750298576
vggss,C0,12345,best,4363,n0Bbn5VNaMg_000043,0.9904081632653061,0.8479591836734693,0.16140872921267654,0.0424173393324749,3.805253506060936
vggss,C0,12345,best,4364,n1VpqsLRy1E_000006,0.9735714285714285,0.3979591836734694,0.09073082281497376,0.015853164400123295,5.723199515565997
vggss,C0,12345,best,4365,n2JanKszFoQ_000200,0.9638775510204082,0.40520408163265303,0.165631620404634,0.04052344588834257,4.087303455412251
vggss,C0,12345,best,4366,n3Pfv9Fo3zk_000009,0.9940816326530613,0.794795918367347,0.17487705598579753,0.02441273775615999,7.163352907507121
vggss,C0,12345,best,4367,n3rUVrPeFAQ_000135,0.9470408163265306,0.7256122448979592,0.09700983938560673,0.03177404860253413,3.05311547165789
vggss,C0,12345,best,4368,n3t92d8Xgp8_000020,0.9906122448979592,0.6888775510204082,0.14801846261639331,0.017591965265824624,8.413981063499726
vggss,C0,12345,best,4369,n4-THBrsn4o_000106,0.9798979591836735,0.776734693877551,0.1162044887698636,0.019990310544531868,5.81304069844228
vggss,C0,12345,best,4370,n4-THBrsn4o_000123,0.9870408163265306,0.8906122448979592,0.10045553552475839,0.021953732567489913,4.575783877112428
vggss,C0,12345,best,4371,n4jf0RXGw7I_000019,0.9916326530612245,0.7391836734693877,0.11783148590920817,0.018194318138033932,6.476279298584419
vggss,C0,12345,best,4372,n51vOkMOXdQ_000039,0.991938775510204,-0.7195918367346938,0.11325088619753744,0.01687823818598717,6.709876051610753
vggss,C0,12345,best,4373,n5SqYqXBMXQ_000005,0.9883673469387755,0.853265306122449,0.17390634940241081,0.03774962621957874,4.606836327089638
vggss,C0,12345,best,4374,n5cvuVxjDoI_000098,0.9878571428571429,0.07091836734693878,0.069539425475132,0.0086079606745369,8.078501761844208
vggss,C0,12345,best,4375,n7-lKjrJFA0_000088,0.9858163265306122,0.4197959183673469,0.1339706248866973,0.02323882626776671,5.764947994491467
vggss,C0,12345,best,4376,n7QAOoPX6yw_000003,0.9871428571428571,0.10193877551020408,0.13734691133405189,0.016408915888144554,8.370261159866452
vggss,C0,12345,best,4377,n7t58h1fwc0_000168,0.9885714285714285,0.905,0.13293200664051122,0.05415778307021985,2.45453190851912
vggss,C0,12345,best,4378,n88E2blrCiU_000185,0.9527551020408164,0.18887755102040815,0.08604244454396019,0.019518950200506372,4.408149191431823
vggss,C0,12345,best,4379,n9PJa0BvCLc_000016,0.9751020408163266,-0.3263265306122449,0.11292445379347853,0.01985475201976985,5.68752778584376
vggss,C0,12345,best,4380,n9etMRi77Wo_000273,0.9937755102040816,-0.34,0.1592050281284031,0.014307504046012423,11.127379563647537
vggss,C0,12345,best,4381,nA1cZ1g8auk_000080,0.9893877551020408,0.9106122448979592,0.20946239583145143,0.04195960628888998,4.992000982785977
vggss,C0,12345,best,4382,nAS_8fZfU_Y_000034,0.9928571428571429,0.5690816326530612,0.12541719284298025,0.015275329600992857,8.21044102608617
vggss,C0,12345,best,4383,nB7FX1TBv34_000030,0.9908163265306122,0.9372448979591836,0.20264076290486555,0.08004026451119349,2.531735297757875
vggss,C0,12345,best,4384,nC1p4WWdMgY_000267,0.9892857142857143,-0.151734693877551,0.1395296051628341,0.01812275646935197,7.699138119457573
vggss,C0,12345,best,4385,nCqe6N5e__0_000000,0.9857142857142858,0.6086734693877551,0.15937076299773445,0.04629939428808211,3.4421781418155173
vggss,C0,12345,best,4386,nEX4I5j6H-Y_000151,0.9914285714285714,0.8938775510204081,0.13692340033802838,0.03431654121155265,3.9900116825274097
vggss,C0,12345,best,4387,nEmU3E8rras_000012,0.9793877551020408,0.7137755102040816,0.11500245008200433,0.03072683041005522,3.7427371631657227
vggss,C0,12345,best,4388,nFa1PNr2dLA_000030,0.9713265306122449,0.18928571428571428,0.12409463387527817,0.0209360263987612,5.9273250573767395
vggss,C0,12345,best,4389,nG8nq9UVWX8_000351,0.9880612244897959,0.44693877551020406,0.10572022828145486,0.019376872273937303,5.456000678894547
vggss,C0,12345,best,4390,nKe3zn_yk94_000031,0.9709183673469388,0.5160204081632653,0.061982831315363786,0.016914784378015125,3.664417466410364
vggss,C0,12345,best,4391,nLKEdmVu3FY_000040,0.9965306122448979,0.6006122448979592,0.13602226589977237,0.011753996221032613,11.572427227462775
vggss,C0,12345,best,4392,nMOlAg-Kjf8_000017,0.9573469387755102,0.7755102040816326,0.1223212857746763,0.043077937632883694,2.839534399652919
vggss,C0,12345,best,4393,nMUUYby3ZQQ_000064,0.9725510204081632,0.022551020408163265,0.12318850112270398,0.025660578491237714,4.800690723506838
vggss,C0,12345,best,4394,nMoJVla31tc_000120,0.9877551020408163,0.10357142857142858,0.15596984397401062,0.012080529752010497,12.91084473742167
vggss,C0,12345,best,4395,nRMmafPUAEU_000080,0.9933673469387755,0.6445918367346939,0.11728182006674072,0.01571877432896206,7.461257322757496
vggss,C0,12345,best,4396,nSBDyxxscks_000220,0.9857142857142858,-0.15908163265306122,0.14786196987369876,0.02077940091094026,7.115795614485214
vggss,C0,12345,best,4397,nTcGKRvqIbM_000003,0.9909183673469387,-0.1623469387755102,0.1823478851580393,0.015546935274776437,11.72886372363581
vggss,C0,12345,best,4398,nU7x170OvJ4_000030,0.9871428571428571,0.9425510204081633,0.1509819953694417,0.0653005298239459,2.3121098064058305
vggss,C0,12345,best,4399,nVpU4g6jWu8_000030,0.9914285714285714,0.4714285714285714,0.1463629468423892,0.01783241604823663,8.207690222484597
vggss,C0,12345,best,4400,nXY2Vrfm0vY_000001,0.9920408163265306,0.6988775510204082,0.08949961873002263,0.016263733529884975,5.5030180226185506
vggss,C0,12345,best,4401,nXtEwct1VUE_000022,0.9894897959183674,0.11551020408163265,0.09420417774535604,0.010586234895368252,8.898742440201547
vggss,C0,12345,best,4402,nbPY6Y1ffgo_000040,0.9948979591836735,-0.6703061224489796,0.20435917818878585,0.014941232146616372,13.677531824914823
vggss,C0,12345,best,4403,nbS9NjA7Ywg_000078,0.9847959183673469,-0.44204081632653064,0.12240974518524603,0.014354148632218292,8.527830407892942
vggss,C0,12345,best,4404,nbjXrDmWMQg_000184,0.9896938775510205,0.9048979591836734,0.1674326694303723,0.06446221304932155,2.5973769982464865
vggss,C0,12345,best,4405,ncHAOlb2wgw_000068,0.9952040816326531,0.18316326530612245,0.16690061667093142,0.0121799562375885,13.702891325328435
vggss,C0,12345,best,4406,ncJgdczUs_8_000000,0.9940816326530613,-0.4466326530612245,0.148508135503681,0.01378781261929871,10.77097140817066
vggss,C0,12345,best,4407,ncfUAo5uxwk_000012,0.9854081632653061,-0.7267346938775511,0.11032608023193309,0.023685492520609978,4.65796014737429
vggss,C0,12345,best,4408,nfFldYRXbDM_000098,0.971530612244898,0.8212244897959183,0.14758563777329617,0.06170039562824006,2.3919723086142857
vggss,C0,12345,best,4409,nfdEqi5YMjk_000210,0.9858163265306122,0.6388775510204082,0.16325516382885435,0.035439656618347734,4.606567314885728
vggss,C0,12345,best,4410,nfitcQXx-Y0_000020,0.9893877551020408,0.7048979591836735,0.16472077845499036,0.023971703413032622,6.871467397074382
vggss,C0,12345,best,4411,nfitcQXx-Y0_000058,0.9884693877551021,-0.14581632653061224,0.14000474495698112,0.0175337557001045,7.984869149063523
vggss,C0,12345,best,4412,nhAiQyirHe0_000127,0.9841836734693877,0.7536734693877551,0.18211570305583355,0.05619960540748039,3.2405156893075486
vggss,C0,12345,best,4413,nhDAmqYHxdA_000417,0.9958163265306123,0.2369387755102041,0.15277489399253327,0.012996168532549462,11.755379565131214
vggss,C0,12345,best,4414,nlDpRreRKO4_000030,0.9838775510204082,0.761734693877551,0.10865105311465471,0.0188745227215793,5.756492745134881
vggss,C0,12345,best,4415,nlYlNF30bVg_000030,0.9956122448979592,-0.41622448979591836,0.14960148941914614,0.015993016889417396,9.354175666389603
vggss,C0,12345,best,4416,nljhIF3wxz4_000035,0.9908163265306122,0.29122448979591836,0.12372754787151233,0.017952399085861777,6.8919784637003
vggss,C0,12345,best,4417,nmMqbo6pcTU_000144,0.9892857142857143,0.9110204081632653,0.16961692329577654,0.06541623333510584,2.592887340774955
vggss,C0,12345,best,4418,nmRMfbrXwt0_000001,0.9916326530612245,-0.23,0.10674719359228645,0.012879977939421496,8.28783978469151
vggss,C0,12345,best,4419,nmp9yqhsjqg_000350,0.990204081632653,0.8026530612244898,0.178011150010135,0.03797430708203874,4.687673421546947
vggss,C0,12345,best,4420,nn25vUXHhdE_000400,0.9775510204081632,0.5771428571428572,0.14226776726267756,0.02378808519277815,5.9806313164654705
vggss,C0,12345,best,4421,no6AAqgGIv8_000150,0.9963265306122449,0.8298979591836735,0.16434830804581696,0.02115383748145614,7.769195929102123
vggss,C0,12345,best,4422,noH950QMOLg_000198,0.968265306122449,0.7488775510204082,0.1643672816568126,0.0433745950564155,3.7894827938572577
vggss,C0,12345,best,4423,noN35nW5gl4_000000,0.9755102040816327,0.6588775510204081,0.12499245591761829,0.032036534145947024,3.9015598674999374
vggss,C0,12345,best,4424,nou1eQNbW30_000002,0.9928571428571429,0.9210204081632654,0.13588631685306063,0.043408006454501526,3.1304436197845447
vggss,C0,12345,best,4425,npcdmOfFZis_000050,0.9924489795918368,0.15887755102040815,0.19488451991456232,0.01904962267828593,10.23036115758372
vggss,C0,12345,best,4426,nqHztbgP_4U_000100,0.9644897959183674,0.4393877551020408,0.0667278426388104,0.016239118142582346,4.109080434844311
vggss,C0,12345,best,4427,nqd6uO6hDSo_000030,0.9639795918367347,0.37326530612244896,0.095885283004483,0.02511907605072654,3.8172296947088395
vggss,C0,12345,best,4428,nqnviB5WXSM_000030,0.9914285714285714,-0.7284693877551021,0.11019528318147705,0.018595975451237746,5.925759768312797
vggss,C0,12345,best,4429,nqsycWEgIio_000209,0.9952040816326531,0.5890816326530612,0.12826186991979657,0.012680135177056061,10.115181591429614
vggss,C0,12345,best,4430,nsNtEAfJfd0_000055,0.9942857142857143,0.8430612244897959,0.14186364131930315,0.027594267061990384,5.1410548792837
vggss,C0,12345,best,4431,nstNNjnev5k_000827,0.9955102040816326,0.9285714285714286,0.19974030725220648,0.04536181464771917,4.40326977223892
vggss,C0,12345,best,4432,nt9PKJU4LLk_000047,0.9922448979591837,0.3224489795918367,0.16294962693962903,0.020072215917011912,8.118168298574522
vggss,C0,12345,best,4433,ny11DBcW3hI_000019,0.9881632653061224,0.9359183673469388,0.14232128445565578,0.04148191038708258,3.430924061298162
vggss,C0,12345,best,4434,ny4wkNf3P40_000001,0.9795918367346939,0.05795918367346939,0.11179013102379884,0.019606811407887684,5.701596689955739
vggss,C0,12345,best,4435,nzrNxN3vG1w_000030,0.9970408163265306,0.11683673469387755,0.17575126169498892,0.013773535513227428,12.76006886730034
vggss,C0,12345,best,4436,nzwmPWAAQFg_000030,0.9941836734693877,0.23561224489795918,0.1861638653998584,0.01747608189649826,10.652494449408634
vggss,C0,12345,best,4437,o-xlfN7kkOA_000030,0.9955102040816326,0.6344897959183673,0.15478300406704637,0.016270768438259694,9.512949843418816
vggss,C0,12345,best,4438,o0Aq9oY4JNk_000006,0.9746938775510204,0.8587755102040816,0.12319076922391747,0.054457883632439204,2.2621292089752787
vggss,C0,12345,best,4439,o0Bn4m6dQbI_000100,0.99,0.4306122448979592,0.19591530779731736,0.020403720181949147,9.60194053095477
vggss,C0,12345,best,4440,o0auMW1-gjE_000458,0.9926530612244898,0.6996938775510204,0.12936157959170028,0.01775094447064797,7.287588545252102
vggss,C0,12345,best,4441,o0mATRdzZSc_000050,0.9853061224489796,0.8154081632653061,0.13820124687793367,0.032772191288619426,4.21702795705107
vggss,C0,12345,best,4442,o1psbzO1YPU_000065,0.986734693877551,-0.268265306122449,0.16452704356480377,0.016208086164227344,10.15092355122897
vggss,C0,12345,best,4443,o3F3tUpmVaw_000030,0.986734693877551,0.6226530612244898,0.14941149830885445,0.024262676690230075,6.158079762445107
vggss,C0,12345,best,4444,o4SLkvEa8Mk_000184,0.9905102040816327,0.4303061224489796,0.12249430695441493,0.014565245843845193,8.410040466716675
vggss,C0,12345,best,4445,o4Z9DJi8AJo_000050,0.9922448979591837,-0.11387755102040817,0.17040218928831855,0.015674027337961156,10.871627668762514
vggss,C0,12345,best,4446,o505NNzv0TI_000035,0.9880612244897959,0.9405102040816327,0.16405984427981235,0.06494468953507095,2.5261471793042904
vggss,C0,12345,best,4447,o8JY_sqvaQc_000057,0.9833673469387755,0.5774489795918367,0.12048620373569685,0.019977544475030633,6.031081742117463
vggss,C0,12345,best,4448,o8uxxMXuhZ8_000030,0.9935714285714285,-0.3153061224489796,0.14087667470541632,0.01445340929121297,9.746951177191326
vggss,C0,12345,best,4449,o9Fiss83B1c_000557,0.9893877551020408,-0.41122448979591836,0.1461313331720102,0.020435458579017338,7.150871247002724
vggss,C0,12345,best,4450,oBY7XYM4gi0_000155,0.9974489795918368,0.9672448979591837,0.18617698704286026,0.04612554125178453,4.036310078760482
vggss,C0,12345,best,4451,oBsTZmqrpFQ_000070,0.9586734693877551,0.7664285714285715,0.12856225620930606,0.04102679728113069,3.1336166781031003
vggss,C0,12345,best,4452,oCVRgGxkKo4_000090,0.991734693877551,0.21693877551020407,0.134433545883834,0.015064279997762796,8.92399410418545
vggss,C0,12345,best,4453,oD0Xp--xxjE_000030,0.983265306122449,0.8044897959183673,0.1319948522387164,0.05085240929718058,2.595645989304869
vggss,C0,12345,best,4454,oE2ei00EhWI_000110,0.9779591836734693,0.3457142857142857,0.06897829303908988,0.013250181686009038,5.2058375253770715
vggss,C0,12345,best,4455,oE64sF3UtfU_000010,0.9908163265306122,0.1380612244897959,0.14193550304897765,0.01639227168510426,8.658684151627083
vggss,C0,12345,best,4456,oEDGxlhyhp4_000043,0.9911224489795918,0.8526530612244898,0.17291355062385896,0.04121103083185539,4.195807460613188
vggss,C0,12345,best,4457,oEFUBoCTThI_000002,0.970204081632653,-0.28908163265306125,0.09722246048431356,0.02225469426018908,4.368627101664237
vggss,C0,12345,best,4458,oEMLpCOWrqY_000030,0.9913265306122448,0.44142857142857145,0.14603524019824046,0.015011390562179976,9.728295296384122
vggss,C0,12345,best,4459,oIUof9ZzRcs_000018,0.9824489795918367,0.2307142857142857,0.12639296611050854,0.02136305812741814,5.91642663501866
vggss,C0,12345,best,4460,oIgPIGUQ8yY_000030,0.9958163265306123,0.9177551020408163,0.18209566464258092,0.055884007138991075,3.2584575438494308
vggss,C0,12345,best,4461,oJe-kIzMuiU_000041,0.9809183673469388,0.8512244897959184,0.15976150887303056,0.05113242511577955,3.1244657086238594
vggss,C0,12345,best,4462,oKVfrZKftHs_000030,0.9908163265306122,0.9329591836734694,0.19203628666957004,0.05443755294823679,3.527643625939105
vggss,C0,12345,best,4463,oLYZ4FyktN0_000040,0.9983673469387755,0.8237755102040817,0.1925157302183909,0.016813966171166497,11.44975125194003
vggss,C0,12345,best,4464,oMOSgo1nT04_000011,0.9947959183673469,0.8968367346938776,0.1313846521989575,0.04108009953136905,3.198255449664412
vggss,C0,12345,best,4465,oPBrZeFpToY_000090,0.9960204081632653,0.20612244897959184,0.16169261446960803,0.009980558396138229,16.20075831951163
vggss,C0,12345,best,4466,oPzAaB7LoqU_000030,0.9738775510204082,0.18142857142857144,0.12718178033125868,0.019060460383776436,6.672545036714388
vggss,C0,12345,best,4467,oSME-ts1WnQ_000110,0.9786734693877551,0.3892857142857143,0.10958323169562031,0.017689485410259508,6.194823034934893
vggss,C0,12345,best,4468,oSUCIMc3Vp8_000055,0.9818367346938776,-0.26877551020408164,0.15226548433878864,0.0250409568236532,6.080657596716177
vggss,C0,12345,best,4469,oT8Vg7egGwI_000043,0.9892857142857143,0.5962244897959184,0.09024789044449785,0.015968884997873623,5.651483522895621
vggss,C0,12345,best,4470,oT8Vg7egGwI_000077,0.9924489795918368,0.6348979591836734,0.08802826234071372,0.015102190750710938,5.828840583050494
vggss,C0,12345,best,4471,oVcQgIsw2Ac_000030,0.9957142857142857,0.8951020408163265,0.18437190895493707,0.03663128030794094,5.033182225819415
vggss,C0,12345,best,4472,oYEzy8gH6q8_000030,0.9940816326530613,0.8858163265306123,0.14999834458341146,0.033229498290327064,4.5140117155207005
vggss,C0,12345,best,4473,oZoJ26C6LrU_000100,0.9856122448979592,-0.15448979591836734,0.11267732100975629,0.014355249978724532,7.849206469880484
vggss,C0,12345,best,4474,o_kiCratdFg_000010,0.9775510204081632,0.671734693877551,0.09305164966414066,0.019507748258048557,4.769984133137927
vggss,C0,12345,best,4475,oaKEAU7SoCE_000030,0.995,0.683469387755102,0.12327449184355613,0.017577814773765563,7.013072639014273
vggss,C0,12345,best,4476,oamW0GRj-04_000029,0.9933673469387755,0.7653061224489796,0.18933476392923249,0.03879494325604977,4.880398011658573
vggss,C0,12345,best,4477,ob2_1sTTEiU_000014,0.9924489795918368,0.7403061224489796,0.08065236403295714,0.01606375368288462,5.020766977950457
vggss,C0,12345,best,4478,oclGXBsr6S8_000077,0.9871428571428571,-0.4316326530612245,0.14171535417939712,0.016111868805479077,8.795711775607604
vggss,C0,12345,best,4479,odDT-H4NqXc_000022,0.9445918367346938,-0.00836734693877551,0.10818291191255809,0.029009694988718603,3.7291985301682304
vggss,C0,12345,best,4480,ohPrrSyvV-Y_000034,0.9935714285714285,0.9113265306122449,0.16821137990622137,0.03742573001703296,4.494538378534395
vggss,C0,12345,best,4481,ohQhjIk-qB0_000132,0.9874489795918368,0.49112244897959184,0.13210276869663035,0.021357636061405783,6.185271081350901
vggss,C0,12345,best,4482,ohgUAJN2ymk_000083,0.9897959183673469,0.7653061224489796,0.1265403735689791,0.027351800971979968,4.626400056749864
vggss,C0,12345,best,4483,oiNhFODWPVk_000185,0.9958163265306123,0.9138775510204081,0.17681665794252208,0.036270047348694656,4.875004883303127
vggss,C0,12345,best,4484,oj-Ck2nCkT8_000024,0.9664285714285714,0.791734693877551,0.13372525260583235,0.050131220539351574,2.6675044247299313
vggss,C0,12345,best,4485,ok-srXYE5tg_000004,0.9825510204081632,-0.010714285714285714,0.14850865189201023,0.024274207880809567,6.117960784599548
vggss,C0,12345,best,4486,okS_ICEUKE8_000002,0.9675510204081633,0.8931632653061224,0.11576337842461404,0.05206357873573319,2.223500213310563
vggss,C0,12345,best,4487,ol8ZVX3qLQY_000106,0.9871428571428571,0.845,0.11985444535721745,0.020048993433092202,5.978077939782737
vggss,C0,12345,best,4488,omd7aw4XjGE_000424,0.9903061224489796,0.7931632653061225,0.19169697443981967,0.022031291009934974,8.701123068701431
vggss,C0,12345,best,4489,onEBRYQ_Xew_000095,0.9633673469387755,0.45724489795918366,0.0880716942339082,0.02271156855458586,3.8778340660282136
vggss,C0,12345,best,4490,ooi_oagj_j8_000043,0.9890816326530613,0.7047959183673469,0.14457228750246134,0.02200444652255265,6.5701396921884525
vggss,C0,12345,best,4491,opSdcEJ1UF0_000371,0.9864285714285714,-0.5570408163265306,0.0862619616056881,0.015259150801601775,5.653129897414281
vggss,C0,12345,best,4492,opuHiPsyay0_000030,0.9915306122448979,0.6614285714285715,0.11406258497578316,0.015140619584968637,7.5335480384846765
vggss,C0,12345,best,4493,oqCoWD5LptA_000001,0.9770408163265306,0.7248979591836735,0.10899868476803753,0.017247826565715697,6.3195605749363954
vggss,C0,12345,best,4494,oqOyiPlZVDw_000020,0.9955102040816326,0.39887755102040817,0.16603955273196205,0.015430199612456496,10.76068728222554
vggss,C0,12345,best,4495,oqyY1c8C6-k_000101,0.9931632653061224,0.18683673469387754,0.16092179645495636,0.014021102513606568,11.477114320988113
vggss,C0,12345,best,4496,ortMPr9w06U_000021,0.9977551020408163,0.6819387755102041,0.17157682013934847,0.016387311323270263,10.470101943795163
vggss,C0,12345,best,4497,oswEaAsFXDM_000170,0.9776530612244898,0.3419387755102041,0.06083176545057587,0.013990817098448637,4.347978036059178
vggss,C0,12345,best,4498,ouvOmkKBFM0_000614,0.9937755102040816,0.826530612244898,0.09815412384765002,0.03294639544022439,2.979206754976699
vggss,C0,12345,best,4499,ov4fdnGwzWU_000520,0.9848979591836735,0.8255102040816327,0.17025369343282531,0.08222805626176598,2.0705061164383753
vggss,C0,12345,best,4500,ov_g-r7Vo8M_000030,0.9619387755102041,0.514795918367347,0.11614314992270809,0.021652811108250535,5.3638832086081045
vggss,C0,12345,best,4501,ovmrWtaq3og_000017,0.9953061224489796,0.1936734693877551,0.19859122555742148,0.01356803310799971,14.636699658429645
vggss,C0,12345,best,4502,p-ASHwSVFSI_000080,0.995,0.8612244897959184,0.23991732168272648,0.06249937692118539,3.838715416079641
vggss,C0,12345,best,4503,p-C-Nal08lU_000030,0.9714285714285714,0.22377551020408162,0.10487800544333079,0.016667858665428355,6.292230306755812
vggss,C0,12345,best,4504,p0NU0nB-uks_000013,0.9934693877551021,0.610204081632653,0.19258345170256877,0.023695996352372174,8.127256977877172
vggss,C0,12345,best,4505,p0c-sBtVkio_000187,0.9933673469387755,0.8745918367346939,0.1543843402871827,0.03429881492586185,4.501156690716287
vggss,C0,12345,best,4506,p0dBtgjr7-8_000030,0.9863265306122448,0.8692857142857143,0.12244322148604955,0.038960746376699135,3.1427329523460554
vggss,C0,12345,best,4507,p2m6Ei_vkSk_000000,0.9929591836734694,0.5948979591836735,0.11827492604860468,0.013498627589320557,8.76199637822277
vggss,C0,12345,best,4508,p4iWwYv6BuY_000220,0.9845918367346939,0.9064285714285715,0.12730361038271068,0.04760706834441033,2.674048514429428
vggss,C0,12345,best,4509,p6EUe5qs7aw_000668,0.9903061224489796,0.5574489795918367,0.12818445958484434,0.024524624817783395,5.226765364903552
vggss,C0,12345,best,4510,p6LLoRUj0nw_000145,0.9843877551020408,0.8105102040816327,0.16301297475940232,0.044578629863936556,3.6567515703589937
vggss,C0,12345,best,4511,pBVTBsWiHdk_000063,0.9954081632653061,0.5997959183673469,0.23430770020318317,0.026485829616189005,8.846530525891726
vggss,C0,12345,best,4512,pCF6jJMaCnU_000030,0.9605102040816327,0.3186734693877551,0.12268594278238752,0.029680189756713174,4.1335969812874245
vggss,C0,12345,best,4513,pFIDYtC0abw_000002,0.98,0.015714285714285715,0.07395051971891915,0.014212848889917076,5.203075069023027
vggss,C0,12345,best,4514,pGC5c8KiuOk_000020,0.9855102040816327,-0.009795918367346938,0.10590108581739589,0.016345156094424912,6.479050136053284
vggss,C0,12345,best,4515,pGnTEZvUcuo_000163,0.9934693877551021,0.9451020408163265,0.13435089239399517,0.032582195549287186,4.123445032756069
vggss,C0,12345,best,4516,pH-qdjZgqis_000113,0.9963265306122449,-0.26887755102040817,0.1709084730464542,0.009780547501546284,17.474325749088578
vggss,C0,12345,best,4517,pHhY5aGpjnc_000039,0.9910204081632653,0.5286734693877551,0.15637026081506106,0.021953758695911884,7.122710191953577
vggss,C0,12345,best,4518,pI2gLesgVes_000009,0.995,0.6047959183673469,0.1289832125686693,0.018353654300697058,7.027658386470241
vggss,C0,12345,best,4519,pIXtTgeKAbs_000183,0.991734693877551,0.8398979591836735,0.13016948087309413,0.02610660643666244,4.986074355887653
vggss,C0,12345,best,4520,pJnmT-ViaBk_000012,0.9905102040816327,0.5016326530612245,0.1336059244819919,0.020061255103489918,6.659898585246015
vggss,C0,12345,best,4521,pK5UyBgIZQU_000071,0.9931632653061224,-0.10448979591836735,0.17384340272434354,0.01900800089853495,9.145801478667996
vggss,C0,12345,best,4522,pKG3RMK__dc_000110,0.9856122448979592,0.8422448979591837,0.14340978887206085,0.04387279865741963,3.268763180390541
vggss,C0,12345,best,4523,pKt19mzJKCo_000243,0.9922448979591837,-0.5697959183673469,0.16158677835494215,0.023681836902195778,6.823236686507196
vggss,C0,12345,best,4524,pL4zRe6Purs_000070,0.9951020408163266,0.8221428571428572,0.17865973789293083,0.026781364544897303,6.671046861462896
vggss,C0,12345,best,4525,pMfpDNSFc-w_000009,0.9958163265306123,0.5948979591836735,0.20209589763707356,0.02011843546626315,10.04530884004229
vggss,C0,12345,best,4526,pNin81AXlRY_000005,0.9959183673469387,0.8901020408163265,0.22953830359802438,0.03886840343495988,5.905524367166775
vggss,C0,12345,best,4527,pOvO5y-p550_000170,0.9943877551020408,-0.30020408163265305,0.14590664144233398,0.014767660274474287,9.880146125417832
vggss,C0,12345,best,4528,pP0fJ64QFHE_000430,0.9922448979591837,-0.45040816326530614,0.18817437155792538,0.013804387265398666,13.631490332757696
vggss,C0,12345,best,4529,pPiZRPr_htM_000098,0.9879591836734694,0.0014285714285714286,0.12436447518603796,0.018276057046035445,6.804776045116136
vggss,C0,12345,best,4530,pRm4t8VZxKw_000208,0.9940816326530613,0.9006122448979592,0.14161622786737738,0.025155916817706837,5.629539519215457
vggss,C0,12345,best,4531,pSlVtxLOYiM_000050,0.9829591836734693,0.8222448979591837,0.12203230706161716,0.03298667788540154,3.6994421652755554
vggss,C0,12345,best,4532,pSzTPGlNa5U_000030,0.9943877551020408,0.5237755102040816,0.16873073440041425,0.014004044930886115,12.048714156027613
vggss,C0,12345,best,4533,pTY56E9D_cE_000154,0.9542857142857143,0.4751020408163265,0.07432599820654827,0.02329142984966669,3.191130758664518
vggss,C0,12345,best,4534,pUn8YqN2meU_000009,0.9804081632653061,0.3609183673469388,0.1316497837154179,0.01883076203370966,6.991208506578047
vggss,C0,12345,best,4535,pUn8YqN2meU_000059,0.9838775510204082,0.14357142857142857,0.13410170622207068,0.021017308716389467,6.380536539271419
vggss,C0,12345,best,4536,pVf84f6xrBw_000070,0.9855102040816327,0.7060204081632653,0.1015732068993779,0.026136716391195875,3.8862267692353556
vggss,C0,12345,best,4537,pWLDewht-Kw_000156,0.9853061224489796,0.41081632653061223,0.16565024319529387,0.014827511430883086,11.17181692743623
vggss,C0,12345,best,4538,pX0Jhk6e2Uw_000030,0.9739795918367347,0.5542857142857143,0.17205550538190037,0.03730556322504016,4.6120602534265895
vggss,C0,12345,best,4539,p_6nbBAJNxI_000032,0.9955102040816326,0.9410204081632653,0.17893356441502414,0.03233904895985006,5.533049677409368
vggss,C0,12345,best,4540,p_dE26TA8ig_000030,0.981938775510204,0.0686734693877551,0.11442110499047825,0.015219583238858869,7.518018279129784
vggss,C0,12345,best,4541,paCqw1LucVY_000005,0.981326530612245,-0.32581632653061227,0.14566800537940522,0.026472872603892954,5.5025386764405795
vggss,C0,12345,best,4542,pawRXvTZnRo_000080,0.9890816326530613,0.3948979591836735,0.08513158496971503,0.012456507526427546,6.834306067659903
vggss,C0,12345,best,4543,pb1RbeEwwmc_000005,0.9929591836734694,0.7590816326530613,0.19926886483859532,0.08332907192738478,2.3913486641522135
vggss,C0,12345,best,4544,pb1RbeEwwmc_000057,0.9954081632653061,0.8231632653061225,0.19178818326596975,0.057315304536994696,3.3461949616298083
vggss,C0,12345,best,4545,pbVP6Z1c4_k_000420,0.9725510204081632,-0.5728571428571428,0.14287498830901219,0.035688015073223285,4.003444518162941
vggss,C0,12345,best,4546,pc-FTQNfxx0_000266,0.975204081632653,-0.04663265306122449,0.14788533862512832,0.028991890171993245,5.100920904011583
vggss,C0,12345,best,4547,pcGbob7fSgE_000040,0.9911224489795918,0.0623469387755102,0.18586439697499146,0.01995556135007886,9.313914738572713
vggss,C0,12345,best,4548,pcbfKzW8zFI_000016,0.9936734693877551,-0.16459183673469388,0.1342667657685463,0.014617207839869327,9.18552758087803
vggss,C0,12345,best,4549,pf00DOALuZ0_000275,0.9722448979591837,0.08122448979591837,0.07854089247027311,0.016261865327261916,4.829759126009034
vggss,C0,12345,best,4550,pf00DOALuZ0_000293,0.9906122448979592,0.7618367346938776,0.13998866199839624,0.031117329898128227,4.498736313709771
vggss,C0,12345,best,4551,pfB7MFteFFY_000095,0.9941836734693877,0.8983673469387755,0.14192893068279125,0.029647305054841602,4.787245600240934
vggss,C0,12345,best,4552,pgQxDv8Iugo_000160,0.9910204081632653,-0.413265306122449,0.1438323340097616,0.025315069301855554,5.68168833727897
vggss,C0,12345,best,4553,ph0-RkqW1vM_000000,0.981326530612245,0.6724489795918367,0.1239269195903369,0.03187009480278186,3.8885017555554815
vggss,C0,12345,best,4554,phib36cTLiI_000062,0.9975510204081632,0.9312244897959183,0.13919642334879545,0.024125041730610502,5.769789951168428
vggss,C0,12345,best,4555,pi2Vyqa-wgE_000087,0.9885714285714285,0.2845918367346939,0.12774604381603252,0.01738796889366329,7.346806553270699
vggss,C0,12345,best,4556,pjuHVmcoVFc_000036,0.9738775510204082,0.16948979591836735,0.14894571513094987,0.031678441579924804,4.701800584323549
vggss,C0,12345,best,4557,pjuyGQPd4S4_000039,0.9929591836734694,0.9056122448979592,0.14384438432499466,0.03804584633124003,3.7808170456411117
vggss,C0,12345,best,4558,plfLL0Niy9k_000110,0.9893877551020408,-0.26571428571428574,0.1154694559986696,0.01750524973805572,6.596275844476732
vggss,C0,12345,best,4559,pljrosvt-o8_000017,0.9922448979591837,0.843469387755102,0.1493789524828188,0.030697297881159515,4.866192231678483
vggss,C0,12345,best,4560,pmTVoCl7GB8_000002,0.9929591836734694,0.5152040816326531,0.14022668351001355,0.014070295155250817,9.966150813665278
vggss,C0,12345,best,4561,pmdoDcNBt0E_000030,0.9862244897959184,0.5218367346938776,0.08540048185213113,0.016920924682325828,5.0470339804380355
vggss,C0,12345,best,4562,pnRvEfIkgSA_000013,0.9915306122448979,0.6111224489795918,0.09141257218073397,0.011952528085107694,7.647969662136153
vggss,C0,12345,best,4563,pnsntPDPfxg_000064,0.9962244897959184,0.6836734693877551,0.1541626236117144,0.022187839908282464,6.948068142233498
vggss,C0,12345,best,4564,pp4xXyiezA8_000020,0.9834693877551021,-0.7812244897959184,0.11351743356861405,0.02473734163537236,4.588909966230708
vggss,C0,12345,best,4565,pt67dyEbwGY_000039,0.9895918367346939,0.8890816326530612,0.1726010493072459,0.04132708823107156,4.176462864796671
vggss,C0,12345,best,4566,puQFxYICkII_000000,0.9840816326530613,0.455,0.17774902271696238,0.0527432167839,3.370083084716606
vggss,C0,12345,best,4567,puWLQ77Iq74_000064,0.9941836734693877,0.7146938775510204,0.16939864801060947,0.028876178176206562,5.866380480717176
vggss,C0,12345,best,4568,puoRo9q7-ec_000009,0.9794897959183674,0.39193877551020406,0.07616754767375161,0.016204737145357574,4.7003260213679265
vggss,C0,12345,best,4569,pv6hda1OnnI_000037,0.9958163265306123,0.8109183673469388,0.18559796402208653,0.014246865819244234,13.027283781348347
vggss,C0,12345,best,4570,px6RnApJYgk_000040,0.9906122448979592,0.6035714285714285,0.14209453000589328,0.02391874987159145,5.940717251893688
vggss,C0,12345,best,4571,pxEmmUYLHrE_000030,0.986734693877551,0.43520408163265306,0.19271713728956905,0.03150721066718437,6.116604206106041
vggss,C0,12345,best,4572,pyDI0mBb2Gc_000005,0.9837755102040816,0.6466326530612245,0.11690693316363526,0.01797019328116881,6.505602434790921
vggss,C0,12345,best,4573,pzRIDUOCOlA_000471,0.9814285714285714,0.34153061224489795,0.09126913710150708,0.0191780429611036,4.759043312532814
vggss,C0,12345,best,4574,q0m71v7DDXc_000087,0.9908163265306122,0.8417346938775511,0.13729726173902235,0.03269671675081306,4.199114632376911
vggss,C0,12345,best,4575,q1gQRZ3Hi1I_000030,0.9520408163265306,0.8631632653061224,0.08370796832785407,0.04858596028060937,1.7228838916509361
vggss,C0,12345,best,4576,q221aOp6MDo_000022,0.9846938775510204,0.5356122448979592,0.11581466778528039,0.02281625161299428,5.075972589613352
vggss,C0,12345,best,4577,q221aOp6MDo_000033,0.9897959183673469,0.8914285714285715,0.14419416680442662,0.0275335267676296,5.237039483585215
vggss,C0,12345,best,4578,q2ATPV_el44_000080,0.9789795918367347,0.7570408163265306,0.14749498154315957,0.04003347008901927,3.6842916993002754
vggss,C0,12345,best,4579,q3Q0g4kRlmU_000002,0.9870408163265306,0.8613265306122448,0.13512983759055447,0.04447457603780261,3.0383614556706844
vggss,C0,12345,best,4580,q3W8UiycXe8_000340,0.9841836734693877,0.6763265306122449,0.14052929129008193,0.019693744311290007,7.13573249803591
vggss,C0,12345,best,4581,q3kIovi3flQ_000018,0.9928571428571429,0.6687755102040817,0.15187814678236478,0.01439015968868503,10.554305863734537
vggss,C0,12345,best,4582,q45BrzW-_xQ_000020,0.9906122448979592,0.6326530612244898,0.11211903799304081,0.02105992138970603,5.323810849922923
vggss,C0,12345,best,4583,q4pqpYX6b7U_000030,0.9195918367346939,0.7870408163265306,0.10385349130853858,0.05112793375952902,2.0312475719631986
vggss,C0,12345,best,4584,q797zkZNePo_000206,0.9880612244897959,0.6321428571428571,0.10011481679120036,0.021471188165138037,4.662751591630734
vggss,C0,12345,best,4585,q7xg-g9opJY_000117,0.9928571428571429,0.8494897959183674,0.1802976885184866,0.02794111057111691,6.452774597472968
vggss,C0,12345,best,4586,qAOjOLJDHYw_000030,0.981734693877551,-0.05408163265306123,0.08076095914578062,0.016404653163279336,4.923051913499662
vggss,C0,12345,best,4587,qAQuljp-atA_000030,0.9892857142857143,0.8629591836734694,0.15005604566716907,0.027429482071615365,5.47061170442042
vggss,C0,12345,best,4588,qAyPuWeUDxc_000000,0.9789795918367347,0.511734693877551,0.13257691561284862,0.028376235238595508,4.672110817312585
vggss,C0,12345,best,4589,qC9C5ejBrzg_000126,0.9864285714285714,0.24510204081632653,0.09746924498975697,0.016016952788922678,6.085380051639203
vggss,C0,12345,best,4590,qCUcATSMC9M_000048,0.9312244897959183,-0.16020408163265307,0.053454302708381626,0.01661218826368506,3.2177761207555644
vggss,C0,12345,best,4591,qDXFW2kemrE_000310,0.9940816326530613,0.585204081632653,0.12109863499737607,0.0127929698593868,9.466029884258683
vggss,C0,12345,best,4592,qEJ_jxZzt7k_000030,0.9885714285714285,0.6818367346938775,0.1631746543467975,0.042412478561308364,3.847326538837484
vggss,C0,12345,best,4593,qEm2BSgblJ8_000101,0.9884693877551021,0.3906122448979592,0.11805840906128443,0.012332030226787454,9.57331492788914
vggss,C0,12345,best,4594,qEtEMpphMK0_000223,0.9940816326530613,0.9542857142857143,0.14391956934137828,0.044758211251010954,3.215489746322862
vggss,C0,12345,best,4595,qHDSQ2RC-sQ_000030,0.9857142857142858,0.7197959183673469,0.10978369938280685,0.028204479846163727,3.892420636069246
vggss,C0,12345,best,4596,qIKzxOrcrhE_000016,0.9758163265306122,0.21173469387755103,0.14507914568224292,0.016606287604747427,8.736398473597887
vggss,C0,12345,best,4597,qJCY09mrxtg_000216,0.9843877551020408,-0.07091836734693878,0.1458508562505066,0.02229086202419535,6.5430783292361925
vggss,C0,12345,best,4598,qJT2h5uGAC0_000930,0.9920408163265306,-0.1623469387755102,0.09733732918282623,0.013585307758701273,7.164896880638019
vggss,C0,12345,best,4599,qK24rhShDUI_000098,0.9892857142857143,0.4660204081632653,0.12371384337959718,0.01906688852495126,6.48841279046149
vggss,C0,12345,best,4600,qL-ifTe9Reg_000007,0.9915306122448979,0.9442857142857143,0.19358585543690732,0.05652529670320185,3.424764958835532
vggss,C0,12345,best,4601,qLVjaU5V9f0_000150,0.9924489795918368,0.6221428571428571,0.12421340813142047,0.025670105547103767,4.838835115169009
vggss,C0,12345,best,4602,qMKO8bQpzMg_000090,0.97,0.8051020408163265,0.15054807598197453,0.057945063254780584,2.598117380941059
vggss,C0,12345,best,4603,qNj8RLCaoL4_000446,0.975,0.2863265306122449,0.06651291550704778,0.014478684835123093,4.593850633843313
vggss,C0,12345,best,4604,qPLJ0Gbu5D8_000013,0.9912244897959184,0.19,0.1443022818316909,0.011556534644118066,12.486639488000538
vggss,C0,12345,best,4605,qPsoKSYzuyo_000010,0.9696938775510204,-0.3663265306122449,0.09300923937016392,0.01798575368707293,5.171272830062903
vggss,C0,12345,best,4606,qRW1-q1SU5U_000043,0.9959183673469387,0.9023469387755102,0.18253733314977025,0.031069951040783306,5.875044119321801
vggss,C0,12345,best,4607,qSSEMouWssA_000043,0.986734693877551,0.833265306122449,0.14687864336906048,0.027693870090947644,5.303651778776525
vggss,C0,12345,best,4608,qShzBJddv_s_000027,0.9910204081632653,0.9473469387755102,0.15079582014113987,0.03139538321271685,4.803120863963823
vggss,C0,12345,best,4609,qUnSjSA4kK0_000526,0.9915306122448979,-0.8051020408163265,0.13348773970811162,0.019054855095968253,7.005445018385672
vggss,C0,12345,best,4610,qUvHb5szJfs_000060,0.9643877551020408,0.7105102040816327,0.13252078970015432,0.04746815231014524,2.791783190428312
vggss,C0,12345,best,4611,qVT6GX1KHUY_000050,0.9811224489795919,0.7829591836734694,0.16154778244412824,0.058177480179629294,2.7768095480473183
vggss,C0,12345,best,4612,qV_QfHwVCVo_000016,0.9847959183673469,0.16744897959183674,0.12411857407841767,0.01574176469819408,7.88466709152734
vggss,C0,12345,best,4613,qViEyqjnY3M_000159,0.9730612244897959,0.37510204081632653,0.10688873331341674,0.029078723113951387,3.6758399911354314
vggss,C0,12345,best,4614,qVvAWkoLOz0_000108,0.9888775510204082,0.8201020408163265,0.13839148569711332,0.025643357617855512,5.396777120978538
vggss,C0,12345,best,4615,qW4kBJsudLI_000030,0.9934693877551021,0.7639795918367347,0.17080773532113497,0.03248655648075203,5.257797496091557
vggss,C0,12345,best,4616,qWLvv_rrSH4_000030,0.9891836734693877,0.8673469387755102,0.10790505079579857,0.039678619089578954,2.719475961403565
vggss,C0,12345,best,4617,qWo7zzrDqEU_000427,0.9751020408163266,0.062142857142857146,0.0935123141723334,0.015378410323603606,6.0807529650061225
vggss,C0,12345,best,4618,qX0k93co9R0_000082,0.9928571428571429,-0.4913265306122449,0.1003190114200634,0.010920607766139252,9.18621138753059
vggss,C0,12345,best,4619,qXedsy6pIEg_000002,0.9780612244897959,0.5127551020408163,0.10851263439340063,0.022942549491568532,4.729754835367333
vggss,C0,12345,best,4620,qY0tqG5jmfs_000043,0.9754081632653061,0.6714285714285714,0.1139602961811207,0.03236993174919158,3.5205602861355056
vggss,C0,12345,best,4621,qYjhJeSVJ2A_000030,0.9843877551020408,0.47122448979591836,0.12153047684483805,0.017497859747308744,6.945448106219392
vggss,C0,12345,best,4622,qaZYMjKrUCo_000460,0.9394897959183673,-0.31673469387755104,0.07968740005749882,0.02677090305884546,2.9766422104751915
vggss,C0,12345,best,4623,qae-O4JFM0M_000135,0.9768367346938776,0.878265306122449,0.09671123335011617,0.03250457080927906,2.975311808224463
vggss,C0,12345,best,4624,qazCqvKglIs_000203,0.9922448979591837,-0.37948979591836735,0.1738412988306854,0.017439704465480897,9.968133300353593
vggss,C0,12345,best,4625,qbRZ67ynqp0_000050,0.9933673469387755,0.21724489795918367,0.14574856130798688,0.017247649944581358,8.45034319320565
vggss,C0,12345,best,4626,qcBV8r9ADAw_000108,0.9808163265306122,0.4545918367346939,0.14297209665041802,0.03430647270985242,4.167496258201972
vggss,C0,12345,best,4627,qdfN5FWH1-E_000227,0.9822448979591837,0.7119387755102041,0.19192484272698687,0.058634912794370324,3.273217842074015
vggss,C0,12345,best,4628,qe9i9yZsA_4_000040,0.9659183673469388,0.4529591836734694,0.1500661219982702,0.03296338457164748,4.552509517707272
vggss,C0,12345,best,4629,qfCsJyj-gJo_000024,0.9563265306122449,0.6793877551020409,0.10547620855913406,0.04339298328476131,2.430720374005146
vggss,C0,12345,best,4630,qfhr7pKsEag_000030,0.9863265306122448,0.5594897959183673,0.1272591037982335,0.02614859406124988,4.866766584090319
vggss,C0,12345,best,4631,qfwEfapK0go_000038,0.9952040816326531,0.7807142857142857,0.1881580571382286,0.018066161240950784,10.414943973362115
vggss,C0,12345,best,4632,qhOBY9WjMU0_000381,0.9961224489795918,0.7792857142857142,0.14892632312364554,0.020321302094294277,7.328581723385747
vggss,C0,12345,best,4633,qhOaqSH-x5E_000030,0.99,-0.3766326530612245,0.11127405775525938,0.009664609090058044,11.513560115920953
vggss,C0,12345,best,4634,qhvy5UeP_fk_000007,0.9910204081632653,0.48459183673469386,0.16362687331011633,0.015231597796587722,10.742594145098359
vggss,C0,12345,best,4635,qhyrLOJ7LcQ_000440,0.9878571428571429,0.8874489795918368,0.15704740734204167,0.041245464653859254,3.8076285152808205
vggss,C0,12345,best,4636,qigQFZRmydQ_000191,0.9944897959183674,-0.40040816326530615,0.1796930360263236,0.013442778853035587,13.367253749454202
vggss,C0,12345,best,4637,qilVdOks5WY_000030,0.9920408163265306,0.5432653061224489,0.11085244863632242,0.017188422316446034,6.449250931556285
vggss,C0,12345,best,4638,qjjP3COeDwk_000091,0.9818367346938776,0.7364285714285714,0.06219532731068263,0.015546642453013506,4.00056330482
vggss,C0,12345,best,4639,qkmZcE3ECqk_000066,0.9880612244897959,0.7842857142857143,0.08070609270537137,0.023904165369494138,3.3762355412904874
vggss,C0,12345,best,4640,qkvIEmIRP4g_000030,0.9928571428571429,0.679795918367347,0.09178309611733448,0.016386971785452353,5.600979687950373
vggss,C0,12345,best,4641,qm0u7bsHQeI_000044,0.9948979591836735,0.6286734693877551,0.12541369726725238,0.011106826187316836,11.291587277242659
vggss,C0,12345,best,4642,qnPXk4FMUhA_000037,0.9846938775510204,-0.325,0.09596897589821012,0.013860660051827416,6.923838802724072
vggss,C0,12345,best,4643,qnRL01qPRA4_000100,0.9916326530612245,0.7072448979591837,0.1547130498155614,0.022361389999853102,6.918758172751235
vggss,C0,12345,best,4644,qo9E1wNhdvQ_000299,0.9735714285714285,0.3790816326530612,0.10004774544659256,0.02108877781445731,4.744122505667697
vggss,C0,12345,best,4645,qoVQyvJcKkQ_000460,0.9938775510204082,0.45479591836734695,0.16979839362525143,0.014363534669097863,11.821490847274575
vggss,C0,12345,best,4646,qrZAB7XymYU_000022,0.9951020408163266,0.6938775510204082,0.1746477297523731,0.01906810056971123,9.159157154320484
vggss,C0,12345,best,4647,qrZAB7XymYU_000109,0.9985714285714286,0.8628571428571429,0.17362415490414598,0.021264491403214326,8.164980370887266
vggss,C0,12345,best,4648,qu14BGKi1lc_000030,0.9853061224489796,-0.014591836734693877,0.08899534084695758,0.012219201312116302,7.283237142407309
vggss,C0,12345,best,4649,qu3cJGVvvWs_000110,0.9543877551020408,0.6509183673469388,0.15234470564748642,0.04847502520073279,3.142746290829849
vggss,C0,12345,best,4650,qu3cJGVvvWs_000237,0.9727551020408163,0.7511224489795918,0.13356838958619244,0.03930327307436119,3.39840372412453
vggss,C0,12345,best,4651,qwoyjr7tSBA_000531,0.996938775510204,0.6444897959183673,0.15720890729784934,0.017176169084002584,9.152734031028457
vggss,C0,12345,best,4652,qxnBcZ0CETg_000171,0.9670408163265306,0.7681632653061224,0.16545483936978145,0.04310339507413514,3.838557011233326
vggss,C0,12345,best,4653,r-5NCjm4GlQ_000053,0.99,0.15510204081632653,0.13232782097453474,0.01594457768526745,8.299236491964518
vggss,C0,12345,best,4654,r-QpsjA-LHo_000054,0.9927551020408163,0.5768367346938775,0.12374876262524742,0.01477759959466872,8.37407738871826
vggss,C0,12345,best,4655,r0Xvr8maR34_000000,0.985,0.6213265306122449,0.13561759117380007,0.025079091805871232,5.4075957863055795
vggss,C0,12345,best,4656,r1am09HyMkA_000040,0.9878571428571429,-0.8607142857142858,0.13371028572172178,0.03119322805726596,4.286516466851404
vggss,C0,12345,best,4657,r1j1X3KJibM_000194,0.9859183673469388,0.7154081632653061,0.10691365170712548,0.022342275353016767,4.785262468475014
vggss,C0,12345,best,4658,r38dp-thzOc_000206,0.9855102040816327,0.6212244897959184,0.12568791679411082,0.024932515704179415,5.041124541357127
vggss,C0,12345,best,4659,r3LmyYHbT4o_000005,0.9927551020408163,0.1380612244897959,0.20041084754937463,0.02273372891204931,8.815573033562174
vggss,C0,12345,best,4660,r3h6brMAl5w_000239,0.9866326530612245,-0.008979591836734694,0.10377647264584093,0.014906487711096114,6.961832636711037
vggss,C0,12345,best,4661,r4BoQxrLtic_000030,0.8377551020408164,0.4981632653061224,0.07318711396534598,0.047634187765889055,1.5364408925170219
vggss,C0,12345,best,4662,r6bYfNqe_iQ_000435,0.9848979591836735,0.6572448979591837,0.1674704067716166,0.02727558039115909,6.139939255917694
vggss,C0,12345,best,4663,r6lXYeXskDA_000014,0.9858163265306122,0.8458163265306122,0.15219108243740967,0.0439740093084655,3.460932601569972
vggss,C0,12345,best,4664,r8EDAvs9gLg_000027,0.9871428571428571,0.5275510204081633,0.09620500324200015,0.015545419294063145,6.188639973110356
vggss,C0,12345,best,4665,r93h4dD3XRU_000020,0.981734693877551,0.9028571428571428,0.13688124839350665,0.032675322296782994,4.189132310624006
vggss,C0,12345,best,4666,r9lsNndMDIU_000052,0.9676530612244898,0.72,0.10464746533274799,0.038198813953432116,2.7395475016664896
vggss,C0,12345,best,4667,rCB9BicDeyE_000056,0.9712244897959184,0.5394897959183673,0.09897280298285564,0.026526361530060726,3.7311111390341165
vggss,C0,12345,best,4668,rCfU5yBlw7U_000108,0.9971428571428571,0.9275510204081633,0.18791837124219354,0.02628610500804638,7.1489622058753195
vggss,C0,12345,best,4669,rFwJ2L-geWw_000030,0.9638775510204082,0.7175510204081633,0.12837149765393557,0.03668047563267014,3.4997228209221785
vggss,C0,12345,best,4670,rI99Dvpxo2w_000131,0.993265306122449,0.8811224489795918,0.12457914246220925,0.027103065640927217,4.596496356267811
vggss,C0,12345,best,4671,rIReA3dk0EA_000296,0.9938775510204082,0.8201020408163265,0.17342628286229725,0.038700582979710185,4.481231793154657
vggss,C0,12345,best,4672,rISwHbEC01M_000016,0.9877551020408163,0.9120408163265306,0.12111317846102888,0.03654288930709991,3.3142748358843597
vggss,C0,12345,best,4673,rKwsKLBKTIY_000059,0.9897959183673469,0.38826530612244897,0.11571589422439299,0.01404057891100388,8.24153298506119
vggss,C0,12345,best,4674,rLa17dibI70_000175,0.9717346938775511,-0.4826530612244898,0.10470951330815148,0.02952428176373992,3.5465558195813545
vggss,C0,12345,best,4675,rLe9N0YyjqY_000006,0.9821428571428571,-0.11081632653061224,0.15635745499349277,0.02608460112102924,5.99424366383883
vggss,C0,12345,best,4676,rLmNuF9xTPI_000030,0.990204081632653,0.5281632653061225,0.14586107941245746,0.023507635492318695,6.20483840070256
vggss,C0,12345,best,4677,rM0mOUPtSpU_000060,0.9860204081632653,0.28714285714285714,0.10053239384982464,0.017042348925627386,5.898975211019728
vggss,C0,12345,best,4678,rMrXgKbKssw_000051,0.9805102040816327,0.2545918367346939,0.14698726575263574,0.027105531351653576,5.422777507870871
vggss,C0,12345,best,4679,rMwYBw7zMmY_000073,0.986734693877551,0.7320408163265306,0.16202296044976303,0.04206310477532079,3.8519020722603656
vggss,C0,12345,best,4680,rNQ0EBdxPvM_000030,0.9854081632653061,-0.13693877551020409,0.13588119799881995,0.018920883215840678,7.181546254936946
vggss,C0,12345,best,4681,rNyJbdv2KF4_000060,0.9889795918367347,-0.3497959183673469,0.1316285446773592,0.01928782374717099,6.824437344657175
vggss,C0,12345,best,4682,rO0jmZHwV8Q_000120,0.9898979591836735,-0.7157142857142857,0.09557166075544919,0.014856871396814592,6.432825471986004
vggss,C0,12345,best,4683,rOQt6_E-x_0_000000,0.9925510204081632,-0.0029591836734693877,0.14139328528100537,0.014793322330928381,9.557912828370851
vggss,C0,12345,best,4684,rOolowH8rI4_000023,0.9868367346938776,0.7104081632653061,0.11376794746616521,0.03582228102998338,3.1758990269475307
vggss,C0,12345,best,4685,rPGgxEE2hjk_000091,0.976530612244898,0.5776530612244898,0.13323945283105404,0.03023111134779138,4.407362048262517
vggss,C0,12345,best,4686,rPGgxEE2hjk_000118,0.9834693877551021,-0.6154081632653061,0.15996628393072657,0.014775859786083426,10.826191250230329
vggss,C0,12345,best,4687,rQ3IPqTLi-I_000058,0.9909183673469387,0.5598979591836735,0.10948135812198598,0.018385675935682914,5.954709443643821
vggss,C0,12345,best,4688,rQUz1GGqc6E_000333,0.991938775510204,0.9166326530612245,0.1712777354432188,0.05608347086051145,3.0539788785400583
vggss,C0,12345,best,4689,rREf2jL0jQs_000010,0.9847959183673469,0.6936734693877551,0.1382876322390265,0.020065939102553398,6.891660117787826
vggss,C0,12345,best,4690,rRzWGIhwWAI_000030,0.9874489795918368,0.6960204081632653,0.17083815405852473,0.03498489586288871,4.883197444064612
vggss,C0,12345,best,4691,rTh92nlG9io_000030,0.9940816326530613,0.8775510204081632,0.13040764731324866,0.03204588381598543,4.069403985300524
vggss,C0,12345,best,4692,rUU-ScAcnW4_000030,0.9898979591836735,0.5302040816326531,0.2063719072838926,0.03173602094769905,6.502765662525666
vggss,C0,12345,best,4693,rXHHLtG_iGQ_000562,0.9409183673469388,0.5686734693877551,0.05926675288317105,0.0232054760546299,2.553998579630358
vggss,C0,12345,best,4694,rYmiCpCbsm0_000020,0.9979591836734694,0.815,0.16819097039564587,0.02104461487748245,7.992114437580357
vggss,C0,12345,best,4695,raCETItMU_g_000299,0.9912244897959184,0.8963265306122449,0.16498910349911994,0.05190959800203458,3.178393011108528
vggss,C0,12345,best,4696,raCIGB3B4mg_000271,0.9891836734693877,0.5839795918367346,0.10269574308892832,0.01490735212550957,6.888932536395555
vggss,C0,12345,best,4697,raCIGB3B4mg_000286,0.9915306122448979,0.7691836734693878,0.08513054723933954,0.013133832083755867,6.481775212021353
vggss,C0,12345,best,4698,raIIQCRNwu0_000080,0.9923469387755102,0.8359183673469388,0.18659894627114823,0.04541131508100561,4.109084837959203
vggss,C0,12345,best,4699,rajXrf_Dzfw_000029,0.9865306122448979,0.6457142857142857,0.1299157900025274,0.02381425927620261,5.455378162122857
vggss,C0,12345,best,4700,rcaxwyTo-E4_000150,0.9941836734693877,-0.05806122448979592,0.16015417832065004,0.012813609516333757,12.49875596072273
vggss,C0,12345,best,4701,rdVo1ikBoJA_000000,0.9888775510204082,0.17581632653061224,0.1331381725506609,0.015182823769336551,8.768999401781155
vggss,C0,12345,best,4702,res8Qtx-MHE_000020,0.985204081632653,0.3823469387755102,0.11772230626352895,0.021868741154065553,5.3831313578670965
vggss,C0,12345,best,4703,rf_2xYkZcM4_000030,0.9922448979591837,0.4907142857142857,0.12880802799526195,0.014911175235665928,8.638355190620187
vggss,C0,12345,best,4704,rfa-iUp5UQc_000050,0.9860204081632653,0.8486734693877551,0.14523853878286688,0.05384687952235612,2.697250798397089
vggss,C0,12345,best,4705,rg4bhfytF9A_000039,0.9936734693877551,0.8783673469387755,0.19065327417688271,0.06580092821374507,2.8974253001047696
vggss,C0,12345,best,4706,rglibN33aks_000012,0.9894897959183674,0.31051020408163266,0.07084537993515064,0.01033840268832222,6.852642721604788
vggss,C0,12345,best,4707,rgqJFceVM2I_000066,0.9952040816326531,-0.1386734693877551,0.15654233095067607,0.012850242318545943,12.182052841505442
vggss,C0,12345,best,4708,rhAwhUVsWRo_000005,0.9887755102040816,0.6108163265306122,0.12401878292692524,0.022021305529239074,5.631763419396624
vggss,C0,12345,best,4709,rhT8kzRAEEM_000117,0.9827551020408163,0.6294897959183674,0.15967353512444132,0.031146559046499486,5.126522479933038
vggss,C0,12345,best,4710,rhWrIKdn8ic_000116,0.9943877551020408,-0.25285714285714284,0.155096100339056,0.01740998195142101,8.908458421830643
vggss,C0,12345,best,4711,rjGjz5DolWA_000030,0.9944897959183674,0.16357142857142856,0.14294882981209386,0.011824572428330465,12.08913308946403
vggss,C0,12345,best,4712,rjYPJUBcoN8_000050,0.9839795918367347,0.46408163265306124,0.18422070050181283,0.03528855669880652,5.220409042913429
vggss,C0,12345,best,4713,rkMa9cC-zDQ_000022,0.9864285714285714,0.7219387755102041,0.12431422189313554,0.03346219478513616,3.7150647974936684
vggss,C0,12345,best,4714,rkQr7lgIjpY_000179,0.9714285714285714,0.0027551020408163266,0.0984823105221105,0.015395640693725602,6.396765972996912
vggss,C0,12345,best,4715,rkaM1yOncZ4_000000,0.9968367346938776,-0.5104081632653061,0.11673282351680157,0.00959107393982765,12.170985673675167
vggss,C0,12345,best,4716,rmL21Z7wZuk_000020,0.9285714285714286,0.4326530612244898,0.09188399152187704,0.03494501280871534,2.6293878335326015
vggss,C0,12345,best,4717,rmzYDIM8xsM_000028,0.9872448979591837,0.5207142857142857,0.1651732791290872,0.024906275222910668,6.631793700615192
vggss,C0,12345,best,4718,ro_xNfE2_8Q_000219,0.9945918367346939,0.9136734693877551,0.175589315637168,0.03845664125721443,4.565903570796829
vggss,C0,12345,best,4719,rpoClsGXZWA_000000,0.9885714285714285,0.8274489795918367,0.17618804028255153,0.035947407741815526,4.90127247972883
vggss,C0,12345,best,4720,rq4oQdSxrnI_000079,0.993265306122449,0.9610204081632653,0.23309075852840408,0.06604806721631716,3.5291079414178386
vggss,C0,12345,best,4721,rqNRRqAjk6g_000533,0.9859183673469388,-0.0920408163265306,0.1126943295077231,0.01601918334443121,7.034960964280325
vggss,C0,12345,best,4722,rrWsWt-rDrQ_000100,0.9920408163265306,0.9207142857142857,0.15777321717001735,0.040569853791837175,3.8889274282216415
vggss,C0,12345,best,4723,rtmgVQY5idQ_000004,0.9953061224489796,0.6157142857142858,0.18311591172918706,0.01766663762394992,10.365068646732444
vggss,C0,12345,best,4724,ruK8QzIWrSY_000080,0.9818367346938776,0.8186734693877551,0.12269838658357235,0.025335818733560698,4.842882240116513
vggss,C0,12345,best,4725,rvjDcbLtU5I_000079,0.9894897959183674,0.08428571428571428,0.1439875821091508,0.018077574860325046,7.964983313395711
vggss,C0,12345,best,4726,rwka0Ui94-w_000235,0.9931632653061224,0.706530612244898,0.12063691790769157,0.015506514203442527,7.779757353906756
vggss,C0,12345,best,4727,rwmtZb4cEiY_000031,0.9713265306122449,-0.04591836734693878,0.10952993358228945,0.022464316843281706,4.875729555739685
vggss,C0,12345,best,4728,ryWnOaICR80_000014,0.9744897959183674,0.7338775510204082,0.08709820745287652,0.02560487447638938,3.401626027621851
vggss,C0,12345,best,4729,ryskM4LGrtk_000530,0.9883673469387755,0.5939795918367347,0.1434731473936079,0.021596545088375014,6.643337941624589
vggss,C0,12345,best,4730,rzxqz7XqLHA_000220,0.9956122448979592,0.9078571428571428,0.22166727462800936,0.03215870367128162,6.892916981164349
vggss,C0,12345,best,4731,s-5NrplJjlg_000383,0.9825510204081632,0.5808163265306122,0.1293317043239362,0.03060237196476611,4.226198690508096
vggss,C0,12345,best,4732,s2N0szde6QA_000196,0.9837755102040816,0.6284693877551021,0.07501982145031304,0.014223237103632016,5.274454816699648
vggss,C0,12345,best,4733,s2avsLDhTUM_000062,0.9929591836734694,0.8689795918367347,0.20359459099078836,0.028530765829644218,7.135966563478931
vggss,C0,12345,best,4734,s2rKr07YOiM_000110,0.9944897959183674,0.36959183673469387,0.14385334718786041,0.013768216613985182,10.448219346123604
vggss,C0,12345,best,4735,s477WHLPoOU_000000,0.9560204081632653,0.2946938775510204,0.1513040434798813,0.03119860600388726,4.849705254812642
vggss,C0,12345,best,4736,s5YKy0zJOIk_000040,0.9896938775510205,0.7101020408163266,0.09340490338665285,0.020952634349778367,4.457907384215908
vggss,C0,12345,best,4737,s87IYYmn1fQ_000060,0.9839795918367347,0.7525510204081632,0.14702214656093865,0.035441820555569103,4.148267336617857
vggss,C0,12345,best,4738,s9EclzUqn9o_000157,0.9445918367346938,0.6386734693877552,0.10966555573234467,0.03829283400735634,2.8638662709392855
vggss,C0,12345,best,4739,s9GDIk99v54_000045,0.9816326530612245,0.8592857142857143,0.17310836916073724,0.05388297979129981,3.21267253279649
vggss,C0,12345,best,4740,s9PftT7RgGo_000135,0.9916326530612245,0.5954081632653061,0.20287805915911294,0.03166847507744317,6.406309702724492
vggss,C0,12345,best,4741,s9d-2nhuJCQ_000030,0.9945918367346939,0.9631632653061224,0.13835452092716982,0.05271337138406818,2.6246570328261223
vggss,C0,12345,best,4742,sAL3qAUtF20_000101,0.9887755102040816,0.6985714285714286,0.1737641609975412,0.03570630919689236,4.8664834004368185
vggss,C0,12345,best,4743,sAMjMyCdGOc_000030,0.9815306122448979,0.38755102040816325,0.08374477223675685,0.013830926923606863,6.05489224976092
vggss,C0,12345,best,4744,sE7fflraCpY_000009,0.9877551020408163,0.7128571428571429,0.10810846315522939,0.01495647679214734,7.228203851590905
vggss,C0,12345,best,4745,sFhwuCH4-J8_000200,0.9973469387755102,0.8044897959183673,0.18491798214608837,0.01826114418650686,10.12630863967024
vggss,C0,12345,best,4746,sH9j4mHGGkQ_000120,0.9895918367346939,0.8628571428571429,0.18485299284941917,0.07301838596259419,2.5315951648686883
vggss,C0,12345,best,4747,sI2qIWCfEJ8_000025,0.9907142857142858,0.648469387755102,0.16717051467854918,0.020442464594540903,8.177610576524689
vggss,C0,12345,best,4748,sI5ZziqZ9jI_000030,0.9859183673469388,0.9004081632653061,0.14539343078091785,0.05221143076330284,2.78470497083387
vggss,C0,12345,best,4749,sIvDDObKvoI_000130,0.9883673469387755,-0.43612244897959185,0.1626696235012625,0.016431614390544042,9.899795579116958
vggss,C0,12345,best,4750,sK43mohcBSA_000077,0.9976530612244898,0.860204081632653,0.16267045112360168,0.01465597605118538,11.09925743297355
vggss,C0,12345,best,4751,sNuctsHhAJg_000047,0.9957142857142857,0.909795918367347,0.19018174961166284,0.0644899619331284,2.9490132093560244
vggss,C0,12345,best,4752,sP0anQjatZQ_000032,0.9948979591836735,0.8325510204081633,0.18456741727089118,0.023636690674798743,7.808513459444454
vggss,C0,12345,best,4753,sQ3NiBJoqtc_000112,0.9955102040816326,0.2816326530612245,0.17098493435537873,0.014993367778578988,11.40403789732049
vggss,C0,12345,best,4754,sQNdEhz_yNg_000110,0.9743877551020408,0.8308163265306122,0.10217265343103168,0.030147377291297704,3.38910587291866
vggss,C0,12345,best,4755,sRKyvq20rY4_000002,0.9933673469387755,0.8493877551020408,0.1420079661297984,0.027015580859278333,5.256520926553636
vggss,C0,12345,best,4756,sS4SfCOFWxw_000030,0.9861224489795918,-0.6504081632653061,0.0951558709954083,0.01692436204006554,5.622419963017986
vggss,C0,12345,best,4757,sUktuuWltHc_000010,0.9894897959183674,0.6311224489795918,0.1667428513384949,0.025225872845037817,6.609993333542664
vggss,C0,12345,best,4758,sWXpzTZWNAI_000030,0.9925510204081632,0.5766326530612245,0.14889675822985016,0.017077023215024925,8.719128407511088
vggss,C0,12345,best,4759,sYIymaJi6tc_000090,0.9810204081632653,0.6913265306122449,0.11525915156244304,0.02864490746238702,4.023722251984484
vggss,C0,12345,best,4760,sZxl2Jj1Ujk_000317,0.9764285714285714,0.418265306122449,0.08526110094120735,0.01781176042183622,4.786786871256252
vggss,C0,12345,best,4761,sbZ5Ls141fg_000030,0.9886734693877551,0.671734693877551,0.10649591309490813,0.019810196788525088,5.375812983170118
vggss,C0,12345,best,4762,sbkfFiRlJXc_000021,0.9952040816326531,0.7892857142857143,0.10255672385433146,0.015440001616212227,6.642274165738778
vggss,C0,12345,best,4763,sbpW3Z87Nbc_000030,0.9942857142857143,0.3242857142857143,0.14881818922172071,0.016372427552940574,9.08956162673581
vggss,C0,12345,best,4764,sdJgpGJBQcI_000560,0.9884693877551021,0.73,0.14585287512842907,0.024747136981517048,5.893727231451563
vggss,C0,12345,best,4765,sg_uyXvNPAw_000047,0.9780612244897959,0.7395918367346939,0.09829809917887762,0.026576729393957447,3.6986529727479156
vggss,C0,12345,best,4766,sgkwq9a7mgU_000000,0.9947959183673469,0.03387755102040816,0.11476664547071568,0.011361024956796362,10.101786230304889
vggss,C0,12345,best,4767,skSyu-Q5nZI_000000,0.9712244897959184,0.4546938775510204,0.12475090954658752,0.03403282505319445,3.6656054662402444
vggss,C0,12345,best,4768,smJRVhMRxIQ_000007,0.9914285714285714,0.6735714285714286,0.14419500837207608,0.01917665224575548,7.519300372357323
vggss,C0,12345,best,4769,snR9TvRupjU_000000,0.9635714285714285,0.7620408163265306,0.047894017381738825,0.012012598212458269,3.9869823775565827
vggss,C0,12345,best,4770,sosmMya-v6k_000782,0.9916326530612245,-0.5572448979591836,0.14708806574539715,0.007153309543190196,20.56223973774796
vggss,C0,12345,best,4771,st6A74RGLmY_000037,0.9846938775510204,0.4916326530612245,0.10995291254548231,0.019851801816440126,5.538686793378402
vggss,C0,12345,best,4772,svnqpdO-7fc_000066,0.9942857142857143,0.8323469387755102,0.15156029047511307,0.025313347169523482,5.987366643380421
vggss,C0,12345,best,4773,sxP8Z_FiKw8_000030,0.9793877551020408,0.928469387755102,0.16839765388522923,0.035588259140196116,4.731831731972187
vggss,C0,12345,best,4774,syIwNMo2TUA_000000,0.9947959183673469,0.6194897959183674,0.12629398822954732,0.01579092266571295,7.997885297973831
vggss,C0,12345,best,4775,syJs8zsdI8o_000034,0.9871428571428571,0.8159183673469388,0.13688826055546272,0.03678774821809855,3.7210285267777685
vggss,C0,12345,best,4776,syn7nPwCkGU_000013,0.9772448979591837,-0.04683673469387755,0.1264579604968739,0.02382119507911774,5.308632084866731
vggss,C0,12345,best,4777,t-6BSzXBNbM_000051,0.9886734693877551,-0.2548979591836735,0.13267423894542563,0.016171874163690366,8.204011334895881
vggss,C0,12345,best,4778,t-yy7v7P0IE_000100,0.9680612244897959,0.7227551020408163,0.10217775911480566,0.033982095375737015,3.006811616088862
vggss,C0,12345,best,4779,t0E2aNbebu0_000010,0.9701020408163266,-0.3276530612244898,0.09887247182868872,0.017381362598129512,5.688418918280252
vggss,C0,12345,best,4780,t1nkAcgSC3E_000205,0.9861224489795918,0.7074489795918367,0.1541152920948143,0.027685629146336693,5.566616936180645
vggss,C0,12345,best,4781,t4h65x4f46I_000049,0.9469387755102041,0.2916326530612245,0.07205916078736987,0.02025805214076222,3.557062657686427
vggss,C0,12345,best,4782,t5kpBQv8trY_000015,0.9781632653061224,0.7643877551020408,0.08450182146103763,0.02528229620186151,3.342331756037881
vggss,C0,12345,best,4783,t6jlx6jAb-Q_000070,0.9866326530612245,0.9622448979591837,0.15611072375472665,0.05080854346881134,3.0725290098220333
vggss,C0,12345,best,4784,t8BwqzzqcDs_000108,0.9816326530612245,-0.5329591836734694,0.14476039851618772,0.026308563857426814,5.502405958025047
vggss,C0,12345,best,4785,t9PEpPvVNzI_000310,0.9794897959183674,0.4904081632653061,0.09447206593335336,0.020845038436506643,4.5321128200896545
vggss,C0,12345,best,4786,tB67geb0fVg_000063,0.968469387755102,0.353265306122449,0.07210421767925747,0.014427691928287216,4.997626650031841
vggss,C0,12345,best,4787,tFVvupXoRoM_000030,0.995,0.8742857142857143,0.20342307787857591,0.03836276947115195,5.302617112446641
vggss,C0,12345,best,4788,tGKi7ueROn8_000197,0.9935714285714285,-0.2861224489795918,0.1405821160063057,0.012584282554909077,11.171245988231979
vggss,C0,12345,best,4789,tGhxTy-CjV8_000010,0.9922448979591837,0.04775510204081632,0.18318116553571145,0.017967564527849145,10.195102694735647
vggss,C0,12345,best,4790,tHOs4zebKis_000270,0.9860204081632653,0.8368367346938775,0.17435771869562308,0.03804607350510773,4.582804548075515
vggss,C0,12345,best,4791,tI5h94hKdVs_000005,0.995,0.8839795918367347,0.1548061741633545,0.025954839457675044,5.9644435256784885
vggss,C0,12345,best,4792,tIPnM_oW39U_000173,0.9901020408163266,-0.8630612244897959,0.12940779909185507,0.018687157509354853,6.924958973940959
vggss,C0,12345,best,4793,tJT4SruI5Hs_000018,0.9876530612244898,0.6273469387755102,0.14422850255722552,0.019439669080591925,7.419287949773776
vggss,C0,12345,best,4794,tJeSG7_rM2I_000257,0.9673469387755103,0.027448979591836734,0.07593459147760008,0.0171281404881379,4.433323718367945
vggss,C0,12345,best,4795,tMXsrzj5YYA_000030,0.9713265306122449,0.5409183673469388,0.14874363904381904,0.04555128237259392,3.265410572355503
vggss,C0,12345,best,4796,tMeM2z6NCL4_000030,0.9947959183673469,-0.6296938775510204,0.14711706367852276,0.01873281760804805,7.853440243571146
vggss,C0,12345,best,4797,tOTQJaRkmaY_000381,0.9821428571428571,0.8369387755102041,0.14545663318237523,0.04925213933249412,2.9533058899313667
vggss,C0,12345,best,4798,tPE0GmzqkRY_000030,0.9916326530612245,-0.5555102040816327,0.11913241008236104,0.012458876597139255,9.562050731742188
vggss,C0,12345,best,4799,tQi00qSZC60_000031,0.9920408163265306,0.7876530612244897,0.16034346035313557,0.02234550869929168,7.175646010610545
vggss,C0,12345,best,4800,tRYgfHwu-_U_000019,0.9913265306122448,0.8578571428571429,0.1086011190866534,0.024590176053848705,4.416443332851039
vggss,C0,12345,best,4801,tRsClUJDxCQ_000029,0.9928571428571429,0.31265306122448977,0.16616469289091285,0.019374877328779325,8.576296513841294
vggss,C0,12345,best,4802,tSX2jYLgPng_000030,0.9940816326530613,0.5837755102040816,0.1752786041126316,0.019787401765773864,8.8580909301498
vggss,C0,12345,best,4803,tWi-PtHOMSE_000178,0.9957142857142857,0.6416326530612245,0.17857329274742503,0.015046804541849238,11.867854882461213
vggss,C0,12345,best,4804,tXLaQKRWM8I_000000,0.996734693877551,0.9435714285714286,0.14802331396893023,0.03113473629151874,4.754281924310132
vggss,C0,12345,best,4805,tYCgvipu3ko_000043,0.9916326530612245,0.7586734693877552,0.10341634764748223,0.012863742037729137,8.03936734304558
vggss,C0,12345,best,4806,tYEIYOHYtso_000000,0.986938775510204,0.5227551020408163,0.12484216675195497,0.014925063842582614,8.364598508166411
vggss,C0,12345,best,4807,tZFs-kLTpyg_000003,0.9677551020408163,0.7011224489795919,0.08917741097330907,0.03254227167010835,2.74035604758419
vggss,C0,12345,best,4808,t_RxQe51MVo_000010,0.9873469387755102,0.13785714285714284,0.1272740066920416,0.018229828990737367,6.981634701933295
vggss,C0,12345,best,4809,t_nChjR23qA_000031,0.9734693877551021,-0.06142857142857143,0.09772133210731825,0.016295859861452072,5.996696887316666
vggss,C0,12345,best,4810,t_nChjR23qA_000109,0.9877551020408163,0.4520408163265306,0.10653007776164844,0.020782597611870873,5.125926977520809
vggss,C0,12345,best,4811,tagcgGVNKZo_000023,0.995,0.9330612244897959,0.1661736051160543,0.03452457796268894,4.813197290800767
vggss,C0,12345,best,4812,tcZ7hytrOO4_000319,0.9911224489795918,0.7485714285714286,0.15350925706747998,0.0278747230111429,5.50711327269924
vggss,C0,12345,best,4813,te8Yhl8mOyY_000040,0.9856122448979592,-0.23551020408163265,0.18471939321129965,0.021168471701245268,8.726156324286427
vggss,C0,12345,best,4814,telZ8Dc0i_M_000294,0.9872448979591837,0.2089795918367347,0.12768733280141872,0.018397592748911677,6.940436966079281
vggss,C0,12345,best,4815,teoER4j9H14_000290,0.9507142857142857,0.7028571428571428,0.06099319291135163,0.027465065054439842,2.220755450258503
vggss,C0,12345,best,4816,tf7iVpC0nrU_000337,0.9748979591836735,0.6285714285714286,0.09705393604454085,0.02213729400043841,4.384182458913848
vggss,C0,12345,best,4817,tgPq6ApMOWk_000028,0.996734693877551,0.811530612244898,0.15262512991600202,0.015005390702097832,10.171353278702982
vggss,C0,12345,best,4818,tgRjq29TIJo_000010,0.9883673469387755,0.2826530612244898,0.10773224133774738,0.01671762249729986,6.444232207967833
vggss,C0,12345,best,4819,ti2rs-r9r3A_000001,0.9848979591836735,0.0069387755102040816,0.10578120127373325,0.014163359217071847,7.468652009209056
vggss,C0,12345,best,4820,ti2rs-r9r3A_000110,0.9938775510204082,0.6580612244897959,0.15785827336161315,0.017959920986526365,8.789474824529536
vggss,C0,12345,best,4821,tiMD7FdhbPo_000050,0.9842857142857143,0.8910204081632653,0.12153404485487339,0.05550044497967515,2.1897850530636367
vggss,C0,12345,best,4822,tjKzkajbKc0_000030,0.9544897959183674,0.506938775510204,0.10277766408762432,0.02587787283108356,3.9716426755205134
vggss,C0,12345,best,4823,tk1WqHXdPuY_000015,0.9868367346938776,0.6259183673469387,0.12630280903940305,0.015976674338188043,7.905450556597336
vggss,C0,12345,best,4824,tkq3HREJFi8_000071,0.9866326530612245,0.8359183673469388,0.1360710700516895,0.036368430003046924,3.74146120798422
vggss,C0,12345,best,4825,tlFgdrl3NQA_000065,0.8743877551020408,0.19418367346938775,0.05833509753508765,0.024537955567830276,2.3773413956118685
vggss,C0,12345,best,4826,tlovZjft0Gw_000245,0.9551020408163265,0.5891836734693877,0.11612311784923746,0.028809496729763902,4.030723581827356
vggss,C0,12345,best,4827,tm0Em1IlvsA_000318,0.9843877551020408,-0.01806122448979592,0.15591562734475692,0.018421705208571747,8.463691367301237
vggss,C0,12345,best,4828,tnepPZChA5U_000219,0.9848979591836735,0.5344897959183673,0.13477063475543116,0.022881019160532767,5.890062580249731
vggss,C0,12345,best,4829,toTu8BntJPg_000017,0.9976530612244898,0.9261224489795918,0.1881972406933791,0.03375423063365745,5.575515636422815
vggss,C0,12345,best,4830,tpXTRVMDYsw_000041,0.9873469387755102,0.32173469387755105,0.1127981415682068,0.02024724271994081,5.571037159401255
vggss,C0,12345,best,4831,tpbdbCtj86c_000021,0.9922448979591837,0.9524489795918367,0.16704651992523908,0.05221198426687379,3.19939037504121
vggss,C0,12345,best,4832,tpkiIAELa1k_000071,0.9892857142857143,-0.06428571428571428,0.20493747904046278,0.02413364807886969,8.491773741405328
vggss,C0,12345,best,4833,tptTsP3_G3w_000834,0.981326530612245,0.708265306122449,0.08883222619437936,0.024363389036861232,3.64613584998287
vggss,C0,12345,best,4834,tq3Hlgw2ZB0_000180,0.9570408163265306,-0.15387755102040818,0.07204338396296492,0.018748413880826893,3.8426388717949225
vggss,C0,12345,best,4835,trg8QrMK6dc_000002,0.9476530612244898,0.42612244897959184,0.07754569832140354,0.028033196729028247,2.7662096146568014
vggss,C0,12345,best,4836,tsKGLd-n3HI_000025,0.9946938775510205,0.4962244897959184,0.16108512913422846,0.01673208316813607,9.627320610083551
vggss,C0,12345,best,4837,tu3g4ZBt3o0_000030,0.970204081632653,0.4844897959183673,0.13464056681792957,0.03486598849117282,3.8616592457149794
vggss,C0,12345,best,4838,tw3R0zsmGho_000003,0.9859183673469388,0.3329591836734694,0.10378993446937901,0.0128543165325824,8.074325399277209
vggss,C0,12345,best,4839,twvjW7ymUIQ_004159,0.9792857142857143,0.601530612244898,0.10406079449276175,0.027648526151096697,3.7637013244061874
vggss,C0,12345,best,4840,tyjP12Yob3I_000044,0.9241836734693878,-0.2576530612244898,0.09272550716094863,0.03525446903608957,2.6301773844906484
vggss,C0,12345,best,4841,u-VdtPI08UM_000004,0.9915306122448979,0.8062244897959183,0.12315151678192088,0.021845315380888044,5.637433684736969
vggss,C0,12345,best,4842,u-__x3dDLSs_000047,0.9866326530612245,-0.623265306122449,0.12509620950320927,0.023882719957427,5.237938129585073
vggss,C0,12345,best,4843,u0LKPT1u1E8_000039,0.9953061224489796,0.8427551020408163,0.1480898864815872,0.02542734020260096,5.824041574998831
vggss,C0,12345,best,4844,u0VZUjxb4p8_000157,0.9916326530612245,-0.32540816326530614,0.12589330117964215,0.020648619117961526,6.096935609129033
vggss,C0,12345,best,4845,u0Ys0J4rvFQ_000023,0.9764285714285714,0.6062244897959184,0.08061126781253623,0.019019228970710258,4.238408819657103
vggss,C0,12345,best,4846,u0aPBeSCVvI_000000,0.9929591836734694,0.725204081632653,0.18102645756943456,0.02359634032685203,7.671802282128941
vggss,C0,12345,best,4847,u1J8YFkRSEs_000145,0.9939795918367347,0.8378571428571429,0.1411717730218281,0.020610651242639298,6.849457174345469
vggss,C0,12345,best,4848,u1WvUkJWLjI_000020,0.9609183673469388,0.29214285714285715,0.06840119143768054,0.01812888742954757,3.773049598520651
vggss,C0,12345,best,4849,u2Nl7-qnStw_000026,0.9707142857142858,0.3823469387755102,0.10864435785241079,0.020120350101056894,5.399725020028546
vggss,C0,12345,best,4850,u3fTQHv01rE_000163,0.9955102040816326,-0.5328571428571428,0.15678308382494907,0.01606000779943196,9.7623292455994
vggss,C0,12345,best,4851,u3lR-6BMyiQ_000278,0.981734693877551,-0.07010204081632652,0.11768587805014144,0.020426355688012432,5.761472082815413
vggss,C0,12345,best,4852,u5rQmh0SE1g_000102,0.9948979591836735,0.5498979591836735,0.1415255615307358,0.013201026188170206,10.720799997924454
vggss,C0,12345,best,4853,u7eeBFLqfoM_000180,0.9838775510204082,-0.5914285714285714,0.11452207615362252,0.021863666120886225,5.2380088279989
vggss,C0,12345,best,4854,u7iDdlWkmAk_000023,0.928469387755102,0.7891836734693878,0.09389855250480238,0.055817648567694576,1.6822376956801397
vggss,C0,12345,best,4855,u8D5Z_glilQ_000001,0.9828571428571429,-0.13214285714285715,0.15840371460191724,0.029207939858096613,5.4233100784068755
vggss,C0,12345,best,4856,uA6Ycad4cLg_000173,0.9694897959183674,0.293265306122449,0.0915891673103515,0.020418190378993794,4.485665262705078
vggss,C0,12345,best,4857,uAcYglB_pRw_000390,0.9894897959183674,0.7740816326530612,0.12242174068675497,0.0216362972099412,5.658165050094895
vggss,C0,12345,best,4858,uBRNy4AKKqA_000026,0.9790816326530613,-0.4923469387755102,0.15455265848123984,0.020561178543343932,7.516721775234603
vggss,C0,12345,best,4859,uBRRkjFZnJ8_000091,0.995,0.796734693877551,0.1469494183089928,0.024536054859256688,5.989121688548613
vggss,C0,12345,best,4860,uCWzv5Ss-B0_000030,0.9845918367346939,0.571734693877551,0.1300456718833097,0.023803359533732662,5.463332673651253
vggss,C0,12345,best,4861,uEVID59IoHE_000030,0.9872448979591837,0.43673469387755104,0.14730443010288272,0.027049804070054723,5.445674568340218
vggss,C0,12345,best,4862,uEtmoOj6wHY_000086,0.9942857142857143,-0.3060204081632653,0.13001947166455435,0.016061823786674544,8.094938245582242
vggss,C0,12345,best,4863,uG4Y4HedL60_000015,0.9938775510204082,0.9327551020408164,0.16135820648463575,0.0417665376887084,3.8633369059044367
vggss,C0,12345,best,4864,uH56Q1Cn8vs_000028,0.9901020408163266,0.6521428571428571,0.12505815056151076,0.014101067806079585,8.868700745314673
vggss,C0,12345,best,4865,uInycnRkFYk_000051,0.9962244897959184,0.6944897959183673,0.14770086101014054,0.011657844694849524,12.669654200779952
vggss,C0,12345,best,4866,uJkw2pAMaBI_000020,0.9803061224489796,0.746938775510204,0.05310303369087447,0.013158663343206624,4.035594824932563
vggss,C0,12345,best,4867,uLX_TWyRO4o_000013,0.9901020408163266,0.6623469387755102,0.1528426725693314,0.026686241135362068,5.72739606878538
vggss,C0,12345,best,4868,uLdRi__nG2c_000030,0.996938775510204,0.9593877551020408,0.17778627557405832,0.03342229247101376,5.3193920114321145
vggss,C0,12345,best,4869,uNDLAH1xjO4_000095,0.9909183673469387,0.8389795918367347,0.13570137643393212,0.03285792961203035,4.129943001163635
vggss,C0,12345,best,4870,uPUk0gCy-OA_000084,0.9912244897959184,-0.39908163265306124,0.09278147696075827,0.011201815804692958,8.282717603862743
vggss,C0,12345,best,4871,uR0W234PpW4_000017,0.9925510204081632,-0.825,0.184072999540783,0.031556029046896306,5.83321175383718
vggss,C0,12345,best,4872,uRpkjgpWS4Y_000008,0.9915306122448979,0.16040816326530613,0.13818220466897285,0.017046489822634486,8.106197000481194
vggss,C0,12345,best,4873,uRyLEBGX5ag_000020,0.9796938775510204,0.6001020408163266,0.09120542487182516,0.012972600644834097,7.030619948062971
vggss,C0,12345,best,4874,uSRcSa1-d5o_000098,0.9929591836734694,0.3740816326530612,0.16940110367262162,0.01831335216699575,9.250141761480219
vggss,C0,12345,best,4875,uWUAuCEknZ8_000067,0.9537755102040816,0.3373469387755102,0.07855208641848414,0.024823308441110636,3.1644487117757296
vggss,C0,12345,best,4876,ub4VKXpuZds_000030,0.9831632653061224,-0.3798979591836735,0.1267746126151687,0.020679007640174874,6.130594602077173
vggss,C0,12345,best,4877,ueKKohFYF8g_000000,0.9908163265306122,0.3628571428571429,0.10899258875865672,0.014850764570957107,7.339190399113056
vggss,C0,12345,best,4878,uercY3R8Tjc_000361,0.9835714285714285,0.4840816326530612,0.09847620911952028,0.014583776892493875,6.752448960612186
vggss,C0,12345,best,4879,uh5D5Uuteew_000074,0.9865306122448979,0.8235714285714286,0.1200878712310174,0.02205689122862844,5.444460417665341
vggss,C0,12345,best,4880,uhmXridEbTs_000494,0.9957142857142857,0.7217346938775511,0.18200769167053246,0.021758092386080365,8.365057397539639
vggss,C0,12345,best,4881,uiEid6SosC8_000014,0.9824489795918367,0.7843877551020408,0.14555911410304703,0.04054286525666793,3.5902522720469907
vggss,C0,12345,best,4882,uiLrE9GB0Uw_000023,0.9911224489795918,0.6593877551020408,0.14770628922514198,0.023019741719622566,6.4165050600560685
vggss,C0,12345,best,4883,ukYd1nfdJlM_000060,0.9955102040816326,0.5614285714285714,0.07936986201620869,0.009665016504605169,8.212077235293979
vggss,C0,12345,best,4884,uki8gvAywnU_000125,0.9968367346938776,0.32979591836734695,0.13856717957976475,0.007293441583007072,18.998874262955812
vggss,C0,12345,best,4885,ulQVPou-bTw_000003,0.975,-0.498469387755102,0.08889664082321051,0.018847052787148693,4.716739631770267
vggss,C0,12345,best,4886,um-biLfru-c_000009,0.9605102040816327,0.29591836734693877,0.11119579263026838,0.02648279578382773,4.198793569150747
vggss,C0,12345,best,4887,umrpCv0-Ii4_000030,0.9964285714285714,-0.583469387755102,0.1563018713550506,0.01618243061599408,9.658738854753251
vggss,C0,12345,best,4888,unZVgi2s9w8_000015,0.9933673469387755,-0.3998979591836735,0.15277832877008862,0.015670756272366134,9.749263284727263
vggss,C0,12345,best,4889,urZASbmHOO8_000130,0.9935714285714285,0.8447959183673469,0.1885969798913994,0.03438018374880807,5.4856303639720325
vggss,C0,12345,best,4890,usAbPEHJsdI_000080,0.9945918367346939,0.5821428571428572,0.13579790908676576,0.01623813065239426,8.362902848471833
vggss,C0,12345,best,4891,uvlhlXGMPos_000030,0.985204081632653,0.7826530612244897,0.14073255345125002,0.026442543305400017,5.322201870896059
vggss,C0,12345,best,4892,ux7HhOxMRE4_000020,0.9968367346938776,0.8872448979591837,0.17252348598881173,0.02600254418121009,6.634869449177989
vggss,C0,12345,best,4893,uz-_ROIn0bM_000035,0.9613265306122449,-0.01183673469387755,0.10345207807697918,0.022195990335402687,4.660845337996599
vggss,C0,12345,best,4894,v-J-jzNonoY_000040,0.9897959183673469,0.5124489795918368,0.13163714593970963,0.0163182292351498,8.066876867752326
vggss,C0,12345,best,4895,v-wAote9cyA_000001,0.9786734693877551,0.5913265306122449,0.12619155306238192,0.01835554249227035,6.874847371878118
vggss,C0,12345,best,4896,v0L5_nBtMpk_000001,0.9827551020408163,0.01010204081632653,0.12020249886272316,0.02207826445121326,5.444381696230552
vggss,C0,12345,best,4897,v0a6jM7PALg_000239,0.9976530612244898,0.9553061224489796,0.18374818536385779,0.022905996312062867,8.021837725831267
vggss,C0,12345,best,4898,v3nzRrcUBZk_000052,0.9595918367346938,0.5343877551020408,0.09249710407499641,0.024361583628537666,3.7968428278465187
vggss,C0,12345,best,4899,v41-hFzfeRs_000009,0.9933673469387755,0.004693877551020408,0.07793497204642126,0.0072369554346495436,10.76902749369982
vggss,C0,12345,best,4900,v44s14ocMV4_000033,0.9942857142857143,0.9088775510204081,0.19750629838052042,0.07604829902078229,2.597116581483912
vggss,C0,12345,best,4901,v5IM8bUpeP8_000030,0.9933673469387755,0.591530612244898,0.16289159785330032,0.01932072951652447,8.430923776143327
vggss,C0,12345,best,4902,v6A7Iggebm4_000180,0.996734693877551,0.848265306122449,0.19474367182426688,0.0283027758242318,6.880726930590832
vggss,C0,12345,best,4903,v6mv66B4zXc_000013,0.9908163265306122,-0.41775510204081634,0.10958042312264762,0.01454818059349151,7.532242428422365
vggss,C0,12345,best,4904,v7Jaa5ztvgs_000011,0.9965306122448979,0.8886734693877552,0.17293773269070306,0.0224687092602019,7.6968254245481775
vggss,C0,12345,best,4905,v7RnP9pIjwU_000343,0.8761224489795918,0.4328571428571429,0.0713810604125156,0.032684054886318904,2.1839719906477923
vggss,C0,12345,best,4906,v8E9cP0aWTs_000050,0.9829591836734693,0.7610204081632653,0.11884784312895966,0.025453404606663874,4.6692316790440085
vggss,C0,12345,best,4907,v9A68q_iQqo_000020,0.9906122448979592,0.573265306122449,0.11653388778137941,0.01618778144688157,7.198879485973577
vggss,C0,12345,best,4908,vConpHixES0_000090,0.9913265306122448,0.3398979591836735,0.10403193817972736,0.013085265648650396,7.950311516255471
vggss,C0,12345,best,4909,vCsS20WJfBI_000030,0.991734693877551,-0.6197959183673469,0.13916451323063267,0.02051494809627564,6.783566430562753
vggss,C0,12345,best,4910,vE_dAmxPPLY_000070,0.9947959183673469,0.8414285714285714,0.21922749510674175,0.06132358634290109,3.574929455053306
vggss,C0,12345,best,4911,vEvvRfuVk30_000108,0.9943877551020408,0.34530612244897957,0.138616041356631,0.015218018985075788,9.108678435253028
vggss,C0,12345,best,4912,vGxfIpG97dU_000030,0.9811224489795919,-0.6880612244897959,0.09555556546255206,0.02161638226968789,4.420516082219143
vggss,C0,12345,best,4913,vJ29SrUu6n4_000036,0.9954081632653061,0.49979591836734694,0.1745484980768656,0.01432727129114891,12.182954767157792
vggss,C0,12345,best,4914,vJG_xzuu7M4_000100,0.9911224489795918,0.7694897959183673,0.19211884118647715,0.04074364692460123,4.715307923760619
vggss,C0,12345,best,4915,vORveL941KQ_000010,0.9898979591836735,0.06704081632653061,0.11436970251859631,0.014054657712383985,8.137494691017746
vggss,C0,12345,best,4916,vOzH8Cfagng_000054,0.9807142857142858,0.26948979591836736,0.08301986146488524,0.014378487690477983,5.773893837240224
vggss,C0,12345,best,4917,vS5cYNOFeBs_000012,0.9964285714285714,0.5319387755102041,0.15521728334803042,0.012839563339151107,12.088984589899043
vggss,C0,12345,best,4918,vS5cYNOFeBs_000036,0.9924489795918368,0.2730612244897959,0.1444324586693491,0.01731441147672588,8.341748078673996
vggss,C0,12345,best,4919,vUui_D_rT9c_000034,0.9935714285714285,0.7702040816326531,0.15696579687118434,0.025912391151329144,6.057557403888332
vggss,C0,12345,best,4920,vVItJE6Djsk_000054,0.9893877551020408,0.8488775510204082,0.10447312328555976,0.019301535051142973,5.412684691074516
vggss,C0,12345,best,4921,vVle7Qb4tDU_000056,0.996734693877551,0.914795918367347,0.16674595818838572,0.02066869751170901,8.067560043100082
vggss,C0,12345,best,4922,vXBBhgvMCkM_000210,0.9868367346938776,0.7423469387755102,0.13624859172003684,0.03013813480169032,4.520803713187826
vggss,C0,12345,best,4923,vY7O2jWCWdQ_000374,0.9796938775510204,0.3212244897959184,0.19100056298175289,0.03291905002216949,5.802128641413487
vggss,C0,12345,best,4924,v_oFiTzjGN8_000010,0.9792857142857143,0.6145918367346939,0.14254667337023075,0.03216075009784198,4.432318056530522
vggss,C0,12345,best,4925,vaErFk6zS30_000044,0.9846938775510204,0.6061224489795919,0.1307218985641168,0.030104190352215326,4.342315705378111
vggss,C0,12345,best,4926,vcZ3gN9ZRcA_000100,0.9964285714285714,0.5126530612244898,0.19094541381622882,0.022553267580168488,8.466419029415086
vggss,C0,12345,best,4927,vchsE_Dn7mo_000112,0.9888775510204082,0.9331632653061225,0.13153324226066396,0.05906562655771583,2.226899974253834
vggss,C0,12345,best,4928,vchsE_Dn7mo_000147,0.9922448979591837,0.9413265306122449,0.1497765607735968,0.04108296221029389,3.6457098688971428
vggss,C0,12345,best,4929,vd2Ov9nGycg_000031,0.9860204081632653,0.8506122448979592,0.19239245897595256,0.06957958568590632,2.7650704884108355
vggss,C0,12345,best,4930,vf6_C1USc60_000280,0.9776530612244898,0.6544897959183673,0.09325863266544225,0.023754579129204815,3.9259223309406655
vggss,C0,12345,best,4931,vf8cYm5yVy4_000026,0.9901020408163266,-0.0936734693877551,0.12775061021379958,0.014512247755789845,8.802951297660409
vggss,C0,12345,best,4932,vfIylWPACmg_000077,0.983265306122449,0.9322448979591836,0.2053411549360556,0.08295021479920088,2.4754746619177386
vggss,C0,12345,best,4933,vfIylWPACmg_000088,0.9770408163265306,0.9375510204081633,0.21617797361212032,0.09368792269810913,2.307426265696073
vggss,C0,12345,best,4934,vfVD4eZ5Nvs_000009,0.9873469387755102,-0.07887755102040817,0.163324184487433,0.02425075514969193,6.734808193777329
vggss,C0,12345,best,4935,vg92QEL4w4I_000419,0.9904081632653061,0.2613265306122449,0.16995075414841704,0.02947899246037133,5.765147990620174
vggss,C0,12345,best,4936,vh8Uh1zTLQw_000035,0.9927551020408163,0.8079591836734694,0.19043162895640145,0.04139609362601645,4.600231864310978
vggss,C0,12345,best,4937,vh8Uh1zTLQw_000058,0.9955102040816326,0.44387755102040816,0.17397924286656105,0.016272029766234535,10.691920145548082
vggss,C0,12345,best,4938,vhUM-UOKpSk_000053,0.9845918367346939,0.7258163265306122,0.18726046184204617,0.047637585510967854,3.9309394007580885
vggss,C0,12345,best,4939,vjx-jzh9q7U_000189,0.9875510204081632,0.9230612244897959,0.18735602215350902,0.06282669498719849,2.982108516000794
vggss,C0,12345,best,4940,vkxPLFRLAy0_000000,0.9871428571428571,0.8694897959183674,0.08677850762507464,0.0313146550845897,2.7711787784556927
vggss,C0,12345,best,4941,vlVN2yCot7M_000170,0.9937755102040816,0.9041836734693878,0.131567144135516,0.023025319467845397,5.714020355689226
vggss,C0,12345,best,4942,vmBkZflwViA_000010,0.9806122448979592,0.6318367346938776,0.11578086174404223,0.024663757368025636,4.694372394943432
vggss,C0,12345,best,4943,vmQcsFtmxG8_000000,0.9936734693877551,0.1960204081632653,0.15106836395784196,0.013834751351833664,10.919485295832171
vggss,C0,12345,best,4944,vnvMxxgYlgo_000200,0.9959183673469387,0.9414285714285714,0.1563559512368324,0.03570371636226938,4.379262641747421
vggss,C0,12345,best,4945,vpyjAR_k70Y_000066,0.9691836734693877,-0.5835714285714285,0.10317175721852646,0.025373630159942654,4.066101561667897
vggss,C0,12345,best,4946,vq4jQd5-PL0_000030,0.8987755102040816,0.5727551020408164,0.07543443391473591,0.033023138099133646,2.2842902963457283
vggss,C0,12345,best,4947,vuGwgfWdi5Q_000000,0.9641836734693877,0.35520408163265305,0.0700761857374371,0.018636421401395126,3.760173921168749
vggss,C0,12345,best,4948,vwAXcR6wRuQ_000010,0.995,0.674795918367347,0.15765979275120137,0.015985066521974914,9.862942549188897
vggss,C0,12345,best,4949,vw_q2SV_YOY_000130,0.9943877551020408,0.523061224489796,0.1657868608030498,0.01694218797893554,9.785445717470195
vggss,C0,12345,best,4950,vzY4mHyr-F8_000214,0.9913265306122448,0.2596938775510204,0.11033168948826046,0.01206452968094052,9.145129765196058
vggss,C0,12345,best,4951,vzqv9lqcdkg_000060,0.9873469387755102,0.8148979591836735,0.11985249930189959,0.02654279182789709,4.515444346586475
vggss,C0,12345,best,4952,w-5phSpjv8E_000018,0.9843877551020408,-0.5202040816326531,0.1215479178805224,0.014489424550405562,8.3887332763067
vggss,C0,12345,best,4953,w1-Rli9XnlI_000068,0.988265306122449,0.348265306122449,0.17702194089822249,0.023525786826216782,7.524591725916342
vggss,C0,12345,best,4954,w2vMywh5Nto_000010,0.9939795918367347,0.8004081632653062,0.19277065797601659,0.042910170556152115,4.492423485564046
vggss,C0,12345,best,4955,w5qf9O6c20o_000030,0.9958163265306123,0.9128571428571428,0.14573465194315338,0.030655295894862145,4.753979620453725
vggss,C0,12345,best,4956,w6h01lI5TKQ_000035,0.9681632653061224,0.44642857142857145,0.09664794404967858,0.016880833002149806,5.7253065673578005
vggss,C0,12345,best,4957,wCPEfqnHzNc_000067,0.993061224489796,-0.2126530612244898,0.12042277766711852,0.014430938273017233,8.344764241163954
vggss,C0,12345,best,4958,wDg2v3NuCoQ_000075,0.9892857142857143,0.9258163265306123,0.12308966366835815,0.037823986528796975,3.254275261933188
vggss,C0,12345,best,4959,wFmekjmLAp4_000030,0.993061224489796,0.23520408163265305,0.1314112667173633,0.01458048855154064,9.012816426063981
vggss,C0,12345,best,4960,wGcq9cUby6A_000044,0.9944897959183674,-0.15724489795918367,0.13345846497943148,0.013645326555810473,9.780525547232287
vggss,C0,12345,best,4961,wGms6MZt-vU_000040,0.9943877551020408,0.7114285714285714,0.14396055325413218,0.015273844868413287,9.42529890111994
vggss,C0,12345,best,4962,wKvTE7MmPHs_000031,0.9929591836734694,0.945204081632653,0.16344571584825254,0.04759033189023669,3.4344310988464435
vggss,C0,12345,best,4963,wNG49_jvQto_000030,0.9833673469387755,-0.21581632653061225,0.12841707609397746,0.02101596522283899,6.110453397325804
vggss,C0,12345,best,4964,wOzgCyoi9l8_000006,0.9984693877551021,0.8640816326530613,0.19087702475230406,0.029939116014083795,6.375506366404163
vggss,C0,12345,best,4965,wOzgCyoi9l8_000074,0.9975510204081632,0.7509183673469387,0.20077357833209317,0.01855128432984649,10.822624178589932
vggss,C0,12345,best,4966,wPfv8ifzzyg_000030,0.9891836734693877,0.8714285714285714,0.12799424754307845,0.031783381958367204,4.027080809422266
vggss,C0,12345,best,4967,wTN2MR0oMZ0_000032,0.9972448979591837,-0.2283673469387755,0.12381808497992434,0.01074910050940538,11.518925222774174
vggss,C0,12345,best,4968,wTduj6YOVuU_000010,0.985204081632653,0.5641836734693878,0.11741556141528187,0.018996666648113735,6.18085075609518
vggss,C0,12345,best,4969,wVVBhbrnj9s_000040,0.9885714285714285,0.22163265306122448,0.1502206450687698,0.019338344677623562,7.768019836909331
vggss,C0,12345,best,4970,w_z9oSn-eIM_000280,0.9896938775510205,0.8761224489795918,0.16290769082921552,0.04836127557014267,3.368556534306792
vggss,C0,12345,best,4971,waqwL6fKEE4_000120,0.9790816326530613,0.12346938775510204,0.110013607353958,0.019770616899467942,5.5645004864222845
vggss,C0,12345,best,4972,wauLTa8cx-Y_000159,0.9906122448979592,0.7684693877551021,0.15058047942746206,0.029394243628168667,5.122788030618347
vggss,C0,12345,best,4973,weFQftCey64_000087,0.8474489795918367,0.5322448979591837,0.0588507709475647,0.024335110242468472,2.4183482368146887
vggss,C0,12345,best,4974,wfRWvI16wxw_000047,0.9959183673469387,0.3519387755102041,0.20256483679820855,0.01884406634476494,10.749528954746172
vggss,C0,12345,best,4975,wfRWvI16wxw_000086,0.9566326530612245,0.5655102040816327,0.09116945755152335,0.029134423880031658,3.1292692770221437
vggss,C0,12345,best,4976,wgT4rbZ5kvc_000022,0.9921428571428571,-0.6678571428571428,0.15936559863934327,0.01709340700311627,9.323220269094955
vggss,C0,12345,best,4977,whdTql5vKno_000711,0.9947959183673469,0.7860204081632653,0.1414989179023253,0.017103801906685888,8.272951164560277
vggss,C0,12345,best,4978,wiOUhsE48-g_000461,0.9951020408163266,0.8496938775510204,0.19462748736016178,0.022054026538026614,8.825031883614345
vggss,C0,12345,best,4979,wibHmlHjDt8_000175,0.9826530612244898,0.9361224489795918,0.12070515455809794,0.0552079980015903,2.1863707963947716
vggss,C0,12345,best,4980,wjLClGwjeIU_000114,0.991938775510204,0.7493877551020408,0.15628246859344588,0.02025017512367712,7.717586027723566
vggss,C0,12345,best,4981,wjmMSonpdT0_000030,0.9929591836734694,0.7948979591836735,0.20529789721483319,0.03642302170113133,5.63648724423258
vggss,C0,12345,best,4982,wm4O1oQKpcU_000073,0.9894897959183674,-0.08,0.08422184659651685,0.011084333153958367,7.5982781667330235
vggss,C0,12345,best,4983,wmQyktOSKv4_000030,0.9877551020408163,-0.037551020408163265,0.12189520039792397,0.017115853448104727,7.121771681880208
vggss,C0,12345,best,4984,wmStqt_0Ja4_000192,0.9935714285714285,0.2423469387755102,0.14809608945165817,0.01253429239101623,11.815273238543874
vggss,C0,12345,best,4985,wnQskk_yWkI_000011,0.99,0.4804081632653061,0.06417080737940659,0.009120590987049064,7.03581680951673
vggss,C0,12345,best,4986,wnpgfk58Ws8_000039,0.9873469387755102,0.5841836734693877,0.17476107725381243,0.02369185326538363,7.376420717122933
vggss,C0,12345,best,4987,woWw2_6KmN0_000004,0.9667346938775511,-0.16387755102040816,0.12132338143368354,0.02456115524734191,4.939644744390171
vggss,C0,12345,best,4988,wq2BsXHkz4E_000378,0.9689795918367347,0.4764285714285714,0.10888627892406232,0.02633345701956889,4.134902563045439
vggss,C0,12345,best,4989,wtvKeNPMwPk_000066,0.9838775510204082,0.3171428571428571,0.146056847983201,0.023088014841933006,6.326089487690776
vggss,C0,12345,best,4990,wuIdKobdk7g_000017,0.9772448979591837,0.6537755102040816,0.1058382185145534,0.03314355606579693,3.1933271826487863
vggss,C0,12345,best,4991,wurA98TaEr4_000031,0.9784693877551021,0.8411224489795919,0.11918584521526232,0.030565726572610405,3.8993296930838666
vggss,C0,12345,best,4992,wy5edFMFcyM_000370,0.9945918367346939,-0.5725510204081633,0.10009774541374264,0.009624137807136965,10.400697435931688
vggss,C0,12345,best,4993,wyhurCZbKQU_000030,0.9877551020408163,0.5301020408163265,0.1461893073104512,0.02266720077268028,6.449376293814204
vggss,C0,12345,best,4994,x-mRAs2I2D8_000045,0.9672448979591837,0.6504081632653061,0.13000779345416394,0.05048575761589768,2.5751380110660205
vggss,C0,12345,best,4995,x-t8155hXt4_000080,0.9873469387755102,0.6841836734693878,0.1538960745648116,0.029573421651969384,5.203864347383124
vggss,C0,12345,best,4996,x0-ldlMh_TE_000024,0.9831632653061224,-0.08857142857142856,0.1061111903155668,0.01650693712690629,6.428278577653614
vggss,C0,12345,best,4997,x0fI4QXOz9M_000030,0.9846938775510204,0.17714285714285713,0.11055030726939348,0.015479718108590097,7.141622766893039
vggss,C0,12345,best,4998,x1BSrucmESI_000039,0.9931632653061224,-0.16438775510204082,0.17961289409396422,0.01789764308203224,10.035561289870664
vggss,C0,12345,best,4999,x1x54MgStxQ_000130,0.9635714285714285,0.11091836734693877,0.12092973810393859,0.02668249772598539,4.532174586720503
vggss,C0,12345,best,5000,x50I2W-Ahek_000241,0.9767346938775511,0.6953061224489796,0.12700970969793407,0.03373464423085952,3.764963662540988
vggss,C0,12345,best,5001,x9MU-enAr8A_000257,0.9860204081632653,0.0035714285714285713,0.12192595978499855,0.019071891338520084,6.392966361901452
vggss,C0,12345,best,5002,x9gE-IPfg3M_000080,0.9935714285714285,0.951530612244898,0.1277667674034377,0.023917296170772418,5.342023884772232
vggss,C0,12345,best,5003,xAJtCxlsvGg_000084,0.9827551020408163,0.8753061224489795,0.1610117327750578,0.04976163679324454,3.235659900900128
vggss,C0,12345,best,5004,xA_YD_b7EdA_000040,0.9828571428571429,0.21193877551020407,0.15298813950212928,0.0207955481768905,7.3567735844607665
vggss,C0,12345,best,5005,xAmYnybedFw_000117,0.9963265306122449,0.8743877551020408,0.16140335187866123,0.03279950797096335,4.9209077167117234
vggss,C0,12345,best,5006,xB2jrWz3N8E_000042,0.9884693877551021,0.7071428571428572,0.1502770164314756,0.02344875789115313,6.4087410143022066
vggss,C0,12345,best,5007,xHPKvUzFmrA_000092,0.9944897959183674,-0.045714285714285714,0.09584789613520267,0.008570573670692121,11.183369960748779
vggss,C0,12345,best,5008,xHnIZIPMRNg_000041,0.9896938775510205,-0.20173469387755102,0.12898716966094675,0.016673692728745658,7.7359689757609145
vggss,C0,12345,best,5009,xJq5BhrKS4A_000007,0.9874489795918368,0.973265306122449,0.14891756535297693,0.04805467653736253,3.098919316150083
vggss,C0,12345,best,5010,xMhM0NkLJ5A_000189,0.966530612244898,-0.2524489795918367,0.07937700635508434,0.020178643835839977,3.9337136331283142
vggss,C0,12345,best,5011,xN-nKHyKx3E_000504,0.9414285714285714,0.7475510204081632,0.09484642025558099,0.03469114738733495,2.7340237322391805
vggss,C0,12345,best,5012,xNoaAN29jXQ_000351,0.9843877551020408,0.8755102040816326,0.11543838246744607,0.03329288642789068,3.4673587920192785
vggss,C0,12345,best,5013,xPNQ_MQjp0g_000048,0.9965306122448979,0.8431632653061224,0.17616740451595544,0.015585228925319685,11.303485201282784
vggss,C0,12345,best,5014,xQTPEQDb0Gg_000030,0.9912244897959184,0.9218367346938775,0.1353491742171792,0.03987298758933707,3.394507971441162
vggss,C0,12345,best,5015,xS0uJ2FiPIQ_000004,0.985204081632653,0.7881632653061225,0.1931666353993273,0.019397168479738852,9.958496550725837
vggss,C0,12345,best,5016,xUh3zW3bkNU_000005,0.9944897959183674,0.9283673469387755,0.1896294943242881,0.040170715491297276,4.720590410329388
vggss,C0,12345,best,5017,xV7nHX2RLjQ_000153,0.993265306122449,0.7094897959183674,0.16841123911287953,0.020933480489915484,8.045066332567588
vggss,C0,12345,best,5018,xXGIKM4daMU_000030,0.9528571428571428,-0.21051020408163265,0.06953428533029529,0.0162563298624485,4.277366780734243
vggss,C0,12345,best,5019,xX_x4lBDBVU_000042,0.9940816326530613,0.9406122448979591,0.1709252902053661,0.031653970342338474,5.399805722846292
vggss,C0,12345,best,5020,xXz-ENUCuT0_000201,0.9904081632653061,0.566530612244898,0.13709070374912127,0.017842738319975387,7.683277156827708
vggss,C0,12345,best,5021,xZF-QuI4roY_000474,0.9841836734693877,0.2,0.12847244661886123,0.019868926947093742,6.465998237396161
vggss,C0,12345,best,5022,xZjbiCtvuNU_000896,0.9792857142857143,0.7765306122448979,0.06589495775029156,0.020333279785491182,3.240744161564674
vggss,C0,12345,best,5023,x_5t0os3A2I_000009,0.9787755102040816,0.5993877551020408,0.1444003896769797,0.02719030403095794,5.310730969119375
vggss,C0,12345,best,5024,x_5t0os3A2I_000025,0.9860204081632653,0.5790816326530612,0.17013039581187522,0.03209447114452797,5.300925353957173
vggss,C0,12345,best,5025,x_CFMV_BSPE_000212,0.9795918367346939,0.8505102040816327,0.14443762959354822,0.05362754577894535,2.693347746863622
vggss,C0,12345,best,5026,x_i_FLv7pNA_000021,0.9953061224489796,0.15622448979591838,0.19476994612290138,0.014415524890232873,13.51112412527318
vggss,C0,12345,best,5027,x_v89ZU2Zsk_000193,0.9863265306122448,0.13938775510204082,0.0982162315831508,0.0165645017160813,5.929320016176498
vggss,C0,12345,best,5028,xanOeYcQpcM_000020,0.9913265306122448,0.975204081632653,0.1666179149702016,0.05138905959015922,3.2422837915116896
vggss,C0,12345,best,5029,xbD2eVjgebU_000001,0.9821428571428571,0.7322448979591837,0.13263957540683774,0.030710008001199825,4.319099343824839
vggss,C0,12345,best,5030,xbD9dc3D4tw_000034,0.9556122448979592,-0.03224489795918367,0.0967465908876064,0.022033964449198595,4.390793636372832
vggss,C0,12345,best,5031,xbpucbIm_2Y_000100,0.9773469387755102,0.585204081632653,0.07282068299006193,0.01834765036403037,3.9689377955895195
vggss,C0,12345,best,5032,xcATi4rdSu8_000002,0.9964285714285714,0.8892857142857142,0.13761883492435054,0.026657211838350917,5.162536718351111
vggss,C0,12345,best,5033,xcYIvw3nMLE_000000,0.9821428571428571,0.7362244897959184,0.11206530610916725,0.02947859797646687,3.8015819544277636
vggss,C0,12345,best,5034,xcpTytjZNoQ_000135,0.9762244897959184,-0.4496938775510204,0.19006842174690056,0.02969618925403014,6.400431386027281
vggss,C0,12345,best,5035,xdcjFp3L0FE_000003,0.9971428571428571,0.8973469387755102,0.19139387115916467,0.023014604278599568,8.316192137925864
vggss,C0,12345,best,5036,xfSN6wDm41o_000290,0.9951020408163266,0.3546938775510204,0.17730680195261436,0.014670562795221014,12.085889575441009
vggss,C0,12345,best,5037,xhy_lrB3Ueo_000030,0.9885714285714285,0.5269387755102041,0.18579448783422714,0.021901880446287766,8.483038170620558
vggss,C0,12345,best,5038,xiTI9orA7SA_000021,0.9780612244897959,0.9311224489795918,0.11297280735452674,0.04613649467472966,2.448664731705448
vggss,C0,12345,best,5039,xjgC2ajAK0M_000001,0.9589795918367346,-0.05285714285714286,0.07137496741136178,0.01692208191628049,4.217859703343768
vggss,C0,12345,best,5040,xkm6iX4LUcQ_000182,0.990204081632653,0.8358163265306122,0.1783686216526955,0.05325111146893362,3.3495755625073613
vggss,C0,12345,best,5041,xl31V1yQ2Dw_000059,0.9853061224489796,-0.19489795918367347,0.08847280733632919,0.012480694537840167,7.08877274963255
vggss,C0,12345,best,5042,xoXTlNWkC7w_000170,0.9915306122448979,0.9313265306122449,0.16565456287681016,0.04527861004331783,3.6585611333547834
vggss,C0,12345,best,5043,xohOGGDgwZ8_000024,0.9921428571428571,0.518673469387755,0.15369659277274433,0.019088561936928,8.051763840596541
vggss,C0,12345,best,5044,xohrYDd1KCU_000140,0.9953061224489796,0.9130612244897959,0.18491319982451396,0.0410763388603184,4.501696230847596
vggss,C0,12345,best,5045,xqhQTB860Lc_000036,0.9870408163265306,0.553265306122449,0.10894739041269515,0.020712581919984468,5.259961835447353
vggss,C0,12345,best,5046,xtU4NZPuylU_000000,0.995,0.8796938775510204,0.13142943040765012,0.026911704515970965,4.883727462511796
vggss,C0,12345,best,5047,xuMBy2NoROI_000030,0.940204081632653,0.29816326530612247,0.08806736040429715,0.02706085522578793,3.254418963092209
vggss,C0,12345,best,5048,xv3l1Blx6JQ_000250,0.9674489795918367,-0.026224489795918366,0.1096363176445493,0.024607245409052732,4.455448621819951
vggss,C0,12345,best,5049,xvVz2LbGiMM_000167,0.9905102040816327,0.10816326530612246,0.15718277719943674,0.019223802132075873,8.176466659380011
vggss,C0,12345,best,5050,xvuvBU9es1Y_000516,0.996938775510204,0.3786734693877551,0.15328671297696458,0.020408437560905386,7.510947985092312
vggss,C0,12345,best,5051,xwDJy7bJurM_000277,0.9974489795918368,0.7437755102040816,0.19633757247021685,0.018470204381196568,10.629962095606079
vggss,C0,12345,best,5052,y-3Z8vypfDs_000038,0.9781632653061224,0.95,0.15633973333278703,0.09235789804569451,1.6927597600308877
vggss,C0,12345,best,5053,y0TDJyuco0I_000010,0.9952040816326531,0.7234693877551021,0.16574339397564464,0.023945805744861923,6.921604382062123
vggss,C0,12345,best,5054,y0d6Crj5U8g_000069,0.9798979591836735,0.5115306122448979,0.09332433984959633,0.017146864056096008,5.442647678565919
vggss,C0,12345,best,5055,y1DgTYLdesA_000136,0.9908163265306122,0.07408163265306122,0.15301813979943046,0.018028990192003207,8.48733834617659
vggss,C0,12345,best,5056,y2c2SzM2Mng_000054,0.9653061224489796,-0.028775510204081634,0.04847136516070181,0.010880718177218989,4.454794653370081
vggss,C0,12345,best,5057,y3b46Xk89rM_000114,0.9581632653061225,0.5408163265306123,0.07579610802085766,0.026401879360730924,2.8708603272232844
vggss,C0,12345,best,5058,y4T4YGZKamk_000240,0.9960204081632653,0.43826530612244896,0.13646982331816848,0.011948283429778894,11.421709580310306
vggss,C0,12345,best,5059,y6jT3Q3gyvs_000012,0.996938775510204,-0.5231632653061224,0.1756897132206501,0.015219268921213213,11.543899653140823
vggss,C0,12345,best,5060,y7BjYF0OAv0_000237,0.9943877551020408,0.6041836734693877,0.1548917901617706,0.015240038094630134,10.163477886341184
vggss,C0,12345,best,5061,y7mhiv2Ltc4_000070,0.9806122448979592,0.12653061224489795,0.1221288762499105,0.021314816031292233,5.729764501397215
vggss,C0,12345,best,5062,y8Gfi9gGPRc_000248,0.9812244897959184,-0.46755102040816326,0.12261793948811596,0.024197753174223367,5.067327474797726
vggss,C0,12345,best,5063,y8Yv4pnO7qc_000030,0.9312244897959183,0.7560204081632653,0.11104122118805647,0.05130070252289646,2.164516580226103
vggss,C0,12345,best,5064,y9_9tveI1OY_000100,0.9947959183673469,0.7689795918367347,0.17717786214870115,0.0201388046400428,8.797834097680814
vggss,C0,12345,best,5065,yGBSo4TDeTg_000029,0.996734693877551,0.8013265306122449,0.19319445119197481,0.015438925348959524,12.513464948193093
vggss,C0,12345,best,5066,yGeIkgt-Hr0_000019,0.988265306122449,0.6530612244897959,0.15726209751210224,0.050332150835689454,3.124485937934348
vggss,C0,12345,best,5067,yGeSIM_8BHY_000037,0.9936734693877551,-0.145,0.13348160713710502,0.010847535855105858,12.305246916909354
vggss,C0,12345,best,5068,yIXMPZL2eSQ_000042,0.9909183673469387,0.8204081632653061,0.12564632688770025,0.029287897925971203,4.290042501694281
vggss,C0,12345,best,5069,yInXc5FJNyc_000119,0.9928571428571429,0.9277551020408163,0.12803693078452594,0.024130441410862263,5.306033511964286
vggss,C0,12345,best,5070,yInXc5FJNyc_000129,0.9978571428571429,0.8639795918367347,0.18414026278428391,0.02393481375871022,7.693406961116322
vggss,C0,12345,best,5071,yIx3ml9_nsQ_000060,0.9878571428571429,0.023775510204081633,0.11853842554274881,0.017766727469534935,6.671933576175449
vggss,C0,12345,best,5072,yJoELHadsvo_000030,0.9816326530612245,0.7926530612244898,0.11021309031811033,0.02261773900795542,4.872860646209804
vggss,C0,12345,best,5073,yKKMhxuHcJ4_000041,0.9865306122448979,0.29775510204081634,0.14596491829470506,0.016783085456327708,8.697144435957815
vggss,C0,12345,best,5074,yLazKv68TeA_000078,0.9818367346938776,0.1553061224489796,0.17433078797470677,0.029021659150530368,6.006920109924897
vggss,C0,12345,best,5075,yO5YnmljmoQ_000001,0.9903061224489796,-0.038877551020408165,0.1697673574399067,0.018607702883913602,9.12349893477023
vggss,C0,12345,best,5076,yOP7z54BXYo_000030,0.9785714285714285,0.5493877551020409,0.1552652936910953,0.0262187463435555,5.921919059614347
vggss,C0,12345,best,5077,yQa3SuKpfLE_000093,0.9810204081632653,0.3306122448979592,0.07919577909315241,0.022526081346374485,3.5157370638679137
vggss,C0,12345,best,5078,yVZe2RGcZIE_000013,0.9942857142857143,0.8608163265306122,0.1283981174044939,0.016181155656618866,7.935040001421216
vggss,C0,12345,best,5079,yXeKrbtMz2M_000010,0.9862244897959184,0.4462244897959184,0.1317454262088039,0.021663072130170026,6.081567074935916
vggss,C0,12345,best,5080,yc4mmvlO39M_000030,0.9837755102040816,-0.07020408163265306,0.11193205061943555,0.016020479969626904,6.986810060100984
vggss,C0,12345,best,5081,ycYXVLz9v3Y_000000,0.9593877551020408,0.49979591836734694,0.09732624597079809,0.024314740310188654,4.002767240331795
vggss,C0,12345,best,5082,ycjnLHuYx7U_000035,0.9875510204081632,0.5225510204081633,0.13720988024928107,0.03064472347598424,4.4774390069732615
vggss,C0,12345,best,5083,ye0GZg0oR_I_000045,0.9868367346938776,-0.4514285714285714,0.1277155567469143,0.017131781071593563,7.454890779492926
vggss,C0,12345,best,5084,yfQCVtm-1F8_000151,0.9897959183673469,0.841530612244898,0.15754546318620732,0.03416158496510033,4.611772648931737
vggss,C0,12345,best,5085,yfcMvoqT0iM_000073,0.9898979591836735,0.6365306122448979,0.09660039748879533,0.022689776743702664,4.257441515620283
vggss,C0,12345,best,5086,yjXeSP2y-Tw_000027,0.9931632653061224,0.7253061224489796,0.14975315634753117,0.01667907550147989,8.978504614014366
vggss,C0,12345,best,5087,yk1pg24IRVo_000004,0.9936734693877551,-0.15908163265306122,0.16014215016979602,0.019907628827405682,8.044260396764962
vggss,C0,12345,best,5088,yl5ar5m-rk4_000091,0.9933673469387755,0.9470408163265306,0.17212651249534752,0.045022851686084844,3.8230921865072895
vggss,C0,12345,best,5089,ymuNh7Cwhrs_000040,0.9768367346938776,-0.7122448979591837,0.10538841312708506,0.02929020029446306,3.5980775845704067
vggss,C0,12345,best,5090,ypOiMHz2Lz0_000000,0.955204081632653,0.14255102040816325,0.10125547617778391,0.021448503676920635,4.7208643410746856
vggss,C0,12345,best,5091,yqKLtv30fcQ_000005,0.9962244897959184,0.48377551020408166,0.19429779367097483,0.01943061032847642,9.9995723441699
vggss,C0,12345,best,5092,yqVMoUeG_wA_000010,0.9933673469387755,0.6572448979591837,0.14855443595855236,0.018233085614301012,8.147520343020524
vggss,C0,12345,best,5093,yrOG_y_XhuA_000011,0.9862244897959184,-0.5163265306122449,0.11934757604764244,0.017325269451274945,6.888641840941746
vggss,C0,12345,best,5094,yrscqyUOIlI_000000,0.9874489795918368,0.653469387755102,0.13727998010990272,0.02763643873933493,4.967354202352859
vggss,C0,12345,best,5095,yuQhlkeLh5U_000051,0.9922448979591837,0.9264285714285714,0.16314099110349434,0.05665026549140195,2.879792171993526
vggss,C0,12345,best,5096,yvGSUZAf_CI_000230,0.9970408163265306,0.7538775510204082,0.18714914754495066,0.014323574578310771,13.065813042809724
vggss,C0,12345,best,5097,ywS3pG7yQfg_000161,0.9863265306122448,-0.10683673469387756,0.12649352263130498,0.01835709621686403,6.890715238235759
vggss,C0,12345,best,5098,yy0n-N17n04_000010,0.9952040816326531,0.5165306122448979,0.1519103305784409,0.016592575100020084,9.155319753728703
vggss,C0,12345,best,5099,yyqydavJ4YQ_000201,0.9885714285714285,0.8751020408163265,0.14791454792902647,0.035481288538910506,4.168804291501877
vggss,C0,12345,best,5100,yzG0xXcCRJA_000055,0.9944897959183674,0.9158163265306123,0.20070585516367465,0.032669748834649986,6.143477140871167
vggss,C0,12345,best,5101,yzvEwiMw7Hk_000135,0.991734693877551,0.9046938775510204,0.17584727985130622,0.07259940239789583,2.4221587787670664
vggss,C0,12345,best,5102,z4HX8-du2nQ_000070,0.9931632653061224,0.8633673469387755,0.17299638809074103,0.031627905508942226,5.46973899494639
vggss,C0,12345,best,5103,z5-LFayciG8_000247,0.991734693877551,-0.7785714285714286,0.10986635448577686,0.019457975733485983,5.6463403999781745
vggss,C0,12345,best,5104,z6oOz1AYk7Y_000041,0.9913265306122448,-0.29989795918367346,0.11285375277234314,0.011393763097257408,9.904870920083301
vggss,C0,12345,best,5105,z6oqPB07X3o_000030,0.948265306122449,0.5345918367346939,0.06612452160405127,0.028459104681001955,2.3234926869710377
vggss,C0,12345,best,5106,z6pCw302VWc_000098,0.9746938775510204,0.29591836734693877,0.08383163704552411,0.014071385320377576,5.957596578932619
vggss,C0,12345,best,5107,z7q3Ym9hxlA_000108,0.9924489795918368,0.9041836734693878,0.13705416573457022,0.04240305339239622,3.2321768073227237
vggss,C0,12345,best,5108,z7rxl5KsPjs_000090,0.9914285714285714,0.1660204081632653,0.09302038336424252,0.015294470663584485,6.0819616062764625
vggss,C0,12345,best,5109,z7vNtEcM9Bk_000030,0.9554081632653061,0.0886734693877551,0.060339509996050866,0.015124993670855678,3.989390760031785
vggss,C0,12345,best,5110,z8Wjdss5uMg_000010,0.9679591836734693,0.6655102040816326,0.16407187698412362,0.06809446115024889,2.4094746358606574
vggss,C0,12345,best,5111,z8X-Xb03RIc_000016,0.9979591836734694,0.3883673469387755,0.18562514268803731,0.013368489565426802,13.88527415753053
vggss,C0,12345,best,5112,z9yN3i-Pa8k_000173,0.9767346938775511,0.753061224489796,0.10356602591063542,0.024029517958958455,4.309950207387532
vggss,C0,12345,best,5113,zAfVwdU7ARk_000250,0.9921428571428571,-0.16744897959183674,0.101494872758451,0.016502388670897844,6.150314041350777
vggss,C0,12345,best,5114,zAgJRZWBQI8_000050,0.993265306122449,0.45387755102040817,0.1611436742757675,0.015663770581620225,10.287668185389062
vggss,C0,12345,best,5115,zBuVTpKmgQE_000020,0.9803061224489796,0.6724489795918367,0.06758526584049791,0.020038300697726635,3.372804254213309
vggss,C0,12345,best,5116,zD9Kgrva0RU_000013,0.9948979591836735,0.9476530612244898,0.19238165052670958,0.056366019812173165,3.4130785031083852
vggss,C0,12345,best,5117,zJ2HcF4fRlY_000038,0.9954081632653061,0.8694897959183674,0.18527317880126984,0.03242412248817692,5.714053753307511
vggss,C0,12345,best,5118,zLfhRM6G0OU_000039,0.9596938775510204,0.563469387755102,0.13856144369858914,0.029229565102995486,4.740455193580323
vggss,C0,12345,best,5119,zLjGbjdmoOo_000074,0.9942857142857143,0.7086734693877551,0.15538012979440635,0.019375934229945796,8.019232928354187
vggss,C0,12345,best,5120,zM-nWQl3W6Y_000170,0.9961224489795918,0.5278571428571428,0.18456436152429384,0.013336669766265536,13.838864181157167
vggss,C0,12345,best,5121,zNydHH-46z0_000043,0.976938775510204,0.6451020408163265,0.13973594274345177,0.03326988025537932,4.200073510058944
vggss,C0,12345,best,5122,zOMh7kh4gPQ_000004,0.9129591836734694,0.6810204081632653,0.11841009969031621,0.04242677677944146,2.7909284814606425
vggss,C0,12345,best,5123,zQ6QCEz5fPU_000057,0.9928571428571429,0.5078571428571429,0.1071894199948345,0.013659899063383399,7.847014058995903
vggss,C0,12345,best,5124,zUxqWMvjKBw_000099,0.9947959183673469,-0.003163265306122449,0.16287515519570292,0.015504770196629073,10.504841615202654
vggss,C0,12345,best,5125,zY2CAiwNJ6A_000030,0.9891836734693877,0.8634693877551021,0.14249991523688288,0.039325132538435954,3.6236347098793633
vggss,C0,12345,best,5126,zY_gApMrhb0_000084,0.9873469387755102,0.6313265306122449,0.10886574227344452,0.017658002581296812,6.16523538108178
vggss,C0,12345,best,5127,zZQXakb7WSM_000009,0.9920408163265306,0.47408163265306125,0.148723000401395,0.017318153005956568,8.587694100533804
vggss,C0,12345,best,5128,z_WasI8m3iM_000012,0.9893877551020408,0.9042857142857142,0.11575502153023053,0.036626988668176534,3.1603750605575884
vggss,C0,12345,best,5129,zayC5mUo7sY_000100,0.981326530612245,0.6237755102040816,0.09610962661777249,0.022866977945763846,4.202987681438552
vggss,C0,12345,best,5130,zcrQlstpqUI_000131,0.9688775510204082,0.8181632653061225,0.06510711424865365,0.02515679273940496,2.588053052830996
vggss,C0,12345,best,5131,zey5f-NjbtE_000002,0.9928571428571429,0.1469387755102041,0.14606257412535292,0.013811015360909996,10.575802742118519
vggss,C0,12345,best,5132,zey5f-NjbtE_000201,0.9916326530612245,0.02122448979591837,0.07162944627925612,0.009724939909223549,7.365541273043722
vggss,C0,12345,best,5133,zfWvVJbYaiU_000120,0.9885714285714285,-0.4856122448979592,0.0936525034973134,0.01761993815260603,5.3151437131158135
vggss,C0,12345,best,5134,zgM0pD0JIqc_000000,0.9873469387755102,0.9007142857142857,0.16162216711972685,0.045647689525717815,3.5406428846452185
vggss,C0,12345,best,5135,zgM0pD0JIqc_000015,0.9881632653061224,0.8354081632653061,0.1510800815615732,0.04369841978916883,3.45733512311171
vggss,C0,12345,best,5136,zgR4fR2nPvM_000139,0.9915306122448979,0.755,0.1343598682069522,0.026613361199238628,5.04858695604357
vggss,C0,12345,best,5137,zh4tznWde1M_000330,0.9885714285714285,0.6869387755102041,0.14722301407895816,0.022928262674563875,6.421027888967978
vggss,C0,12345,best,5138,zi5NCXyuLMI_000230,0.9611224489795919,0.14275510204081632,0.13001923082736522,0.026874650894686665,4.837987713286764
vggss,C0,12345,best,5139,zjRqBIxxdrg_000362,0.9851020408163266,0.8979591836734694,0.11378072965214288,0.026378951474448173,4.313315097544948
vggss,C0,12345,best,5140,zk1GeJP6Y00_000000,0.976530612244898,-0.5066326530612245,0.14436148777057572,0.02391044149433378,6.037591894937869
vggss,C0,12345,best,5141,zmVhTFChkWI_000072,0.981734693877551,0.48459183673469386,0.1164639316579512,0.019216181709471012,6.060721813457355
vggss,C0,12345,best,5142,znKsInR4DN0_000183,0.9901020408163266,0.7104081632653061,0.18074497338104026,0.05345657838072719,3.3811549271586863
vggss,C0,12345,best,5143,zoo7FpCz7F0_000332,0.9762244897959184,0.5536734693877551,0.11123930471180243,0.02495043747338631,4.458410993011934
vggss,C0,12345,best,5144,zpWuikVorYg_000032,0.9911224489795918,0.8227551020408164,0.13314538673580079,0.028366149131130444,4.693812548199584
vggss,C0,12345,best,5145,zr88Jqze7_U_000034,0.9887755102040816,-0.11020408163265306,0.14174696307440518,0.014326208064421177,9.89424154926457
vggss,C0,12345,best,5146,zrklTYnpE80_000098,0.9814285714285714,0.09520408163265306,0.10156358040034887,0.0191676033464902,5.298710462878307
vggss,C0,12345,best,5147,zrrM6Qg2Dwg_000030,0.9324489795918367,0.46224489795918366,0.10041798560386997,0.039556096466954266,2.538622224459398
vggss,C0,12345,best,5148,zsZr_xJ7ECQ_000029,0.9924489795918368,0.7712244897959184,0.12519226401633263,0.01846561131352721,6.779751934051676
vggss,C0,12345,best,5149,zt-j0_ZVzxg_000480,0.9964285714285714,0.15071428571428572,0.13340359918573497,0.008655730050855091,15.41217186787799
vggss,C0,12345,best,5150,ztfegVzqeCI_000030,0.9914285714285714,0.7098979591836735,0.12702472852577137,0.027797770244156614,4.569601353276647
vggss,C0,12345,best,5151,ztlvu_7eQIE_000164,0.9951020408163266,0.6910204081632653,0.13205427640905357,0.01570754004363626,8.407062852757388
vggss,C0,12345,best,5152,zwBmiXviAAM_000202,0.9877551020408163,-0.011224489795918367,0.09310248997137785,0.01177341531934371,7.907857443745363
vggss,C0,12345,best,5153,zxd98l89Prk_000036,0.9957142857142857,-0.3388775510204082,0.21098807264488081,0.013673440281151507,15.43050383126495
vggss,C0,12345,best,5154,zxpo56cpUBU_000007,0.998061224489796,-0.33408163265306123,0.1782496549687019,0.008135315856596317,21.910600413156992
vggss,C0,12345,best,5155,zxxWGaZIxD0_000289,0.8992857142857142,0.4363265306122449,0.07673250117281123,0.03337822334462405,2.298879133876066
vggss,C0,12345,best,5156,zz0fdUGTHWo_000045,0.9755102040816327,0.5024489795918368,0.09806960869393452,0.017805843022770135,5.5077206155599026
vggss,C0,12345,best,5157,zzvCPtdNxNo_000068,0.9862244897959184,0.42346938775510207,0.1424984956892049,0.024783724425437387,5.749680445242041
